Workbook

Sheet 廠價表
A1: check | B1: 溫層 | C1: 品名 | D1: 類別 | E1: 廠價
B2: 4度C | C2: 白酒蛤蜊義大利麵 | D2: 義大利麵 | E2: 57.21
B3: 4度C | C3: 南洋紅咖哩豬義大利麵 | D3: 義大利麵 | E3: 56.43
B4: 4度C | C4: 義式蕃茄起司義大利麵 | D4: 義大利麵 | E4: 50.39
B5: 4度C | C5: 焗烤起司雙饗筆尖麵 | D5: 義大利麵 | E5: 49.97
B6: 4度C | C6: 奶油培根義大利麵 | D6: 義大利麵 | E6: 49.14
B7: 4度C | C7: 韓式起司炸雞義大利麵 | D7: 義大利麵 | E7: 57.21
B8: 4度C | D8: 義大利麵
B9: 4度C | D9: 義大利麵
B10: 4度C | D10: 義大利麵
B11: 4度C | D11: 義大利麵
B12: 4度C | C12: 剝皮辣椒雞奶油扁麵 | D12: 義大利麵 | E12: 56.87
B13: 4度C | C13: 奶油蒜香雞義大利麵 | D13: 義大利麵 | E13: 55.13
B14: 4度C | C14: 青醬蛤蜊義大利麵 | D14: 義大利麵 | E14: 50.67
B15: 4度C | C15: 焗烤明太子筆尖麵 | D15: 義大利麵 | E15: 57.3
B16: 4度C | C16: 濃拿坡里義大利麵 | D16: 義大利麵 | E16: 56.43
B17: 4度C | C17: 奶油起司蝦仁通心粉 | D17: 義大利麵 | E17: 47.71
B18: 4度C | C18: 青花椒麻雞肉拌麵 | D18: 熱乾麵 | E18: 49.91
B19: 4度C | D19: 熱乾麵
B20: 4度C | C20: 小滷青蔬 | D20: 小吃、微波 | E20: 26.99
B21: 4度C | C21: 起司馬鈴薯 | D21: 小吃、微波 | E21: 28.26
B22: 4度C | C22: 台式綜合甜不辣 | D22: 小吃、微波 | E22: 28.47
B23: 冷凍 | C23: 青醬蛤蜊義大利麵 | D23: 冷凍調理麵 | E23: 29.38
B24: 冷凍 | C24: 經典肉醬義大利麵 | D24: 冷凍調理麵 | E24: 29.38
B25: 冷凍 | C25: 奶油蘑菇培根義大利麵 | D25: 冷凍調理麵 | E25: 29.38
B26: 冷凍 | C26: 清炒蛤蜊義大利麵 | D26: 冷凍調理麵 | E26: 29.38
B27: 冷凍 | C27: 青醬乳酪筆尖麵 | D27: 冷凍調理麵 | E27: 29.38
B28: 冷凍 | C28: 辣蕃茄義大利麵 | D28: 冷凍調理麵 | E28: 29.38
B29: 冷凍 | D29: 冷凍調理麵
B30: 冷凍 | C30: 韓式起司義大利麵 | D30: 冷凍調理麵 | E30: 29.38
B31: 冷凍 | D31: 冷凍調理麵
B32: 冷凍 | C32: 和風明太子細扁麵 | D32: 冷凍調理麵 | E32: 29.38

Sheet 產線配置圖
A1: 品項 | B1: 人數 | C1: 產能
A2: 白酒蛤蜊義大利麵 | B2: 13 | C2: 2105 | D2: ET-600
A3: 白酒蛤蜊義大利麵-手 | B3: 15 | C3: 1565 | D3: ET-55
A4: 青醬蛤蜊義大利麵 | B4: 13 | C4: 2000
A5: 義式蕃茄起司義大利麵 | B5: 12 | C5: 2000
A6: 焗烤起司雙饗筆尖麵 | B6: 18 | C6: 1600
A7: 奶油培根義大利麵 | B7: 13 | C7: 2000
A8: 韓式起司炸雞義大利麵 | B8: 17 | C8: 1895
A9: 剝皮辣椒雞奶油扁麵 | B9: 19 | C9: 1565
A10: 青花椒麻雞肉拌麵 | B10: 17 | C10: 1565
A11: 青花椒麻雞肉拌麵-降速生產 | B11: 14 | C11: 1385
A12: 奶油蒜香雞義大利麵 | B12: 18 | C12: 1385 | G12: 日一二正常版
A13: 奶油蒜香雞義大利麵-降速生產 | B13: 16 | C13: 1385
A14: 焗烤明太子筆尖麵 | B14: 15 | C14: 1385
A15: 濃拿坡里義大利麵 | B15: 15 | C15: 1406
A16: 奶油起司蝦仁通心粉 | B16: 15 | C16: 1500
A17: 剝皮辣椒雞奶油扁麵-降速生產(3線) | B17: 16 | C17: 1440
A18: 南洋紅咖哩豬義大利麵 | B18: 15 | C18: 1636
A19: 南洋紅咖哩豬義大利麵-手工 | B19: 16 | C19: 1500
A25: 小滷青蔬 | B25: 13 | C25: 1565
A26: 起司馬鈴薯 | B26: 12 | C26: 1565
A27: 台式綜合甜不辣 | B27: 12 | C27: 1565
E32: 更新日期11/02

Sheet 1101總
B1: 長家廠組合室生產人時性分析
B3: 日期 | D3: 45962 | F3: 訂單量 | G3: ='1101'!E1 -> 47648 | I3: 營業額 | J3: ='1101'!G1 -> 2315838.2
B4: 項目 | D4: 3 | F4: ➀ | H4: ➁ | J4: ③
B5: 人時性 | D5: 組合室 | F5: 全溫層 | H5: 義大利麵 | J5: 袋裝小吃、義麵
D6: 排關平均 | F6: =AVERAGE(D13:J13) -> 115.84788 | H6: =AVERAGE(D13:H13) -> 115.25584 | J6: =AVERAGE(I13:J13) -> 117.32799
D7: 實績平均 | F7: =AVERAGE(D14:J14) -> 93.7705 | H7: =AVERAGE(D14:H14) -> 96.710154 | J7: =AVERAGE(I14:J14) -> 86.421366
D8: 達成率平均 | F8: =AVERAGE(D15:J15) -> 0.80833172 | H8: =AVERAGE(D15:H15) -> 0.83672125 | J8: =AVERAGE(I15:J15) -> 0.73735788 | L8: ※現行日本鮮食廠以達成率80%為基本(即為現行KPI)
B10: 溫層 | D10: 4度C-各編組展開
B11: 編組 | D11: 1 | E11: 2 | F11: 3 | G11: 4 | H11: 5 | I11: 6 | J11: 7
D12: 自動1線 | E12: 自動2線 | F12: 手工3線 | G12: 手工4線 | H12: 手工5線 | I12: 調理包1線 | J12: 調理包2線
B13: 人時性 | C13: 排關 | D13: =VALUE('1101'!L15) -> 145.27149 | E13: =VALUE('1101'!L26) -> 162.27564 | F13: =VALUE('1101'!L37) -> 84.501634 | G13: =VALUE('1101'!L48) -> 93.733333 | H13: =VALUE('1101'!L58) -> 90.497076 | I13: =VALUE('1101'!L69) -> 127.90865 | J13: =VALUE('1101'!L79) -> 106.74733
C14: 實績 | D14: =VALUE('1101'!O15) -> 131.22365 | E14: =VALUE('1101'!O26) -> 131.12525 | F14: =VALUE('1101'!O37) -> 69.207178 | G14: =VALUE('1101'!O48) -> 68.911628 | H14: =VALUE('1101'!O58) -> 83.083057 | I14: =VALUE('1101'!O69) -> 93.210095 | J14: =VALUE('1101'!O79) -> 79.632637
C15: 達成率 | D15: =D14/D13 -> 0.90329939 | E15: =E14/E13 -> 0.80804028 | F15: =F14/F13 -> 0.81900403 | G15: =G14/G13 -> 0.73518806 | H15: =H14/H13 -> 0.9180745 | I15: =I14/I13 -> 0.72872391 | J15: =J14/J13 -> 0.74599184
B16: 作業 時間 | C16: 開始 | D16: ='1101'!T5 -> 0.29027778 | E16: ='1101'!T16 -> 0.29027778 | F16: ='1101'!T27 -> 0.28819444 | G16: ='1101'!T38 -> 0.33333333 | H16: ='1101'!T49 -> 0.29027778 | I16: ='1101'!T59 -> 0.29166667 | J16: ='1101'!T70 -> 0.34027778
C17: 結束 | D17: 0.5625 | E17: 0.62291667 | F17: 0.45347222 | G17: 0.48263889 | H17: 0.60763889 | I17: 0.61805556 | J17: 0.63958333
B18: 配置人數 | D18: =VALUE('1101'!M15) -> 14 | E18: =VALUE('1101'!M26) -> 13 | F18: =VALUE('1101'!M37) -> 17 | G18: =VALUE('1101'!M48) -> 15 | H18: =VALUE('1101'!M58) -> 17 | I18: =VALUE('1101'!M69) -> 12.25 | J18: =VALUE('1101'!M79) -> 13.75
B19: 主要應用設備 | D19: ET-600 | E19: ET-600 | F19: ET-55 | G19: ET-55 | H19: ET-55 | I19: 八爪機 | J19: ET-55
B20: 次要應用設備 | H20: 封口機
B21: 備註

Sheet 1101
A1: 長家廠4度C日報分析 | D1: 總生產量 | E1: =SUM(G5:G79) -> 47648 | F1: 營業額 | G1: =SUM(H5:H79) -> 2315838.2 | H1: 出勤人數 | I1: =M15+M26+M48+M58+M69+M79+M37 -> 102 | J1: 產線配置圖 | M1: 生產實績 | P1: 人時性差異分析 | T1: 日報登錄 | Z1: 分析說明 | AB1: 產能差異分析
A2: 11月01日 星期六 | D2: 人時性 | E2: =AVERAGE(O15,O26,O37,O48,O58,O69,O79) -> 93.7705 | F2: 平均廠價 | G2: =G1/E1 -> 48.603051 | H2: 多次生產數 | I2: =COUNT(I5:I79) -> 0
A3: 線別 | B3: 品類 | D3: 品名 | F3: 廠價 | G3: 生產量 | H3: 營收 | I3: 多次 生產 | J3: 人數 | K3: 產能/時 | L3: 人時性 | M3: 人數 | N3: 產能/時 | O3: 人時性 | P3: 人數 | Q3: 人時性 | R3: 達成率 | S3: 達成率平均 | T3: 生產時間 | V3: 前置、換線時間/分 | W3: 稼動時間/分 | X3: 休息時間 | Z3: (長家回填) | AB3: 產能/時 | AC3: 達成率 | AD3: 達成率平均
T4: 開始 | U4: 結束 | X4: 開始 | Y4: 結束
A5: 自動一線 (ET-600) | B5: =VLOOKUP(D5,廠價表!$C$1:$E$39,2,0) -> 義大利麵 | D5: 白酒蛤蜊義大利麵 | F5: =VLOOKUP(D5,廠價表!$C$1:$E$39,3,0) -> 57.21 | G5: 1423 | H5: =F5*G5 -> 81409.83 | J5: =VLOOKUP(D5,產線配置圖!$A$2:$C$38,2,0) -> 13 | K5: =VLOOKUP(D5,產線配置圖!$A$2:$C$38,3,0) -> 2105 | L5: =K5/J5 -> 161.92308 | M5: 13 | N5: =G5/W5*60 -> 1897.3333 | O5: =N5/M5 -> 145.94872 | P5: =M5-J5 -> 0 | Q5: =O5-L5 -> -15.974359 | R5: =O5/L5 -> 0.901346 | S5: =R15 -> 0.90329939 | T5: 0.29027778 | U5: 0.32152778 | W5: =(U5-T5)*24*60 -> 45 | AB5: =N5-K5 -> -207.66667 | AC5: =N5/K5 -> 0.901346 | AD5: =AC15 -> 0.90127553
B6: =VLOOKUP(D6,廠價表!$C$1:$E$39,2,0) -> 義大利麵 | D6: 韓式起司炸雞義大利麵 | F6: =VLOOKUP(D6,廠價表!$C$1:$E$39,3,0) -> 57.21 | G6: 1862 | H6: =F6*G6 -> 106525.02 | J6: =VLOOKUP(D6,產線配置圖!$A$2:$C$38,2,0) -> 17 | K6: =VLOOKUP(D6,產線配置圖!$A$2:$C$38,3,0) -> 1895 | L6: =K6/J6 -> 111.47059 | M6: 17 | N6: =G6/W6*60 -> 1642.9412 | O6: =N6/M6 -> 96.643599 | P6: =M6-J6 -> 0 | Q6: =O6-L6 -> -14.82699 | R6: =O6/L6 -> 0.86698743 | T6: 0.33055556 | U6: 0.37777778 | V6: =(T6-U5)*24*60 -> 13 | W6: =(U6-T6)*24*60 -> 68 | AB6: =N6-K6 -> -252.05882 | AC6: =N6/K6 -> 0.86698743
B7: =VLOOKUP(D7,廠價表!$C$1:$E$39,2,0) -> 義大利麵 | D7: 奶油培根義大利麵 | F7: =VLOOKUP(D7,廠價表!$C$1:$E$39,3,0) -> 49.14 | G7: 3786 | H7: =F7*G7 -> 186044.04 | J7: =VLOOKUP(D7,產線配置圖!$A$2:$C$38,2,0) -> 13 | K7: =VLOOKUP(D7,產線配置圖!$A$2:$C$38,3,0) -> 2000 | L7: =K7/J7 -> 153.84615 | M7: 13 | N7: =G7/W7*60 -> 1695.2239 | O7: =N7/M7 -> 130.40184 | P7: =M7-J7 -> 0 | Q7: =O7-L7 -> -23.444317 | R7: =O7/L7 -> 0.84761194 | T7: 0.38611111 | U7: 0.47916667 | V7: =(T7-U6)*24*60 -> 12 | W7: =(U7-T7)*24*60 -> 134 | AB7: =N7-K7 -> -304.77612 | AC7: =N7/K7 -> 0.84761194
B8: =VLOOKUP(D8,廠價表!$C$1:$E$39,2,0) -> 義大利麵 | D8: 奶油培根義大利麵 | F8: =VLOOKUP(D8,廠價表!$C$1:$E$39,3,0) -> 49.14 | G8: 1119 | H8: =F8*G8 -> 54987.66 | J8: =VLOOKUP(D8,產線配置圖!$A$2:$C$38,2,0) -> 13 | K8: =VLOOKUP(D8,產線配置圖!$A$2:$C$38,3,0) -> 2000 | L8: =K8/J8 -> 153.84615 | M8: 13 | N8: =G8/W8*60 -> 1974.7059 | O8: =N8/M8 -> 151.90045 | P8: =M8-J8 -> 0 | Q8: =O8-L8 -> -1.9457014 | R8: =O8/L8 -> 0.98735294 | T8: 0.53888889 | U8: 0.5625 | V8: =(T8-U7)*24*60 -> 86 | W8: =(U8-T8)*24*60 -> 34
W9: =(U9-T9)*24*60 -> 0
W10: =(U10-T10)*24*60 -> 0
H11: =F11*G11 -> 0 | W11: =(U11-T11)*24*60 -> 0
H12: =F12*G12 -> 0 | W12: =(U12-T12)*24*60 -> 0
H13: =F13*G13 -> 0 | W13: =(U13-T13)*24*60 -> 0
H14: =F14*G14 -> 0 | W14: =(U14-T14)*24*60 -> 0
C15: 4度一組 | D15: 平均 | J15: =AVERAGE(J5:J14) -> 14 | K15: =AVERAGE(K5:K14) -> 2000 | L15: =AVERAGE(L5:L14) -> 145.27149 | M15: =AVERAGE(M5:M14) -> 14 | N15: =AVERAGE(N5:N14) -> 1802.5511 | O15: =AVERAGE(O5:O14) -> 131.22365 | P15: =M15-J15 -> 0 | Q15: =O15-L15 -> -14.047842 | R15: =O15/L15 -> 0.90329939 | AB15: =N15-K15 -> -197.44893 | AC15: =N15/K15 -> 0.90127553
A16: 自動二線 (ET-600) | B16: 義大利麵 | D16: 白酒蛤蜊義大利麵 | F16: =VLOOKUP(D16,廠價表!$C$1:$E$39,3,0) -> 57.21 | G16: 1130 | H16: =F16*G16 -> 64647.3 | J16: =VLOOKUP(D16,產線配置圖!$A$2:$C$38,2,0) -> 13 | K16: =VLOOKUP(D16,產線配置圖!$A$2:$C$38,3,0) -> 2105 | L16: =K16/J16 -> 161.92308 | M16: 13 | N16: =G16/W16*60 -> 1883.3333 | O16: =N16/M16 -> 144.87179 | P16: =M16-J16 -> 0 | Q16: =O16-L16 -> -17.051282 | R16: =O16/L16 -> 0.89469517 | S16: =R26 -> 0.80804028 | T16: 0.29027778 | U16: 0.31527778 | W16: =(U16-T16)*24*60 -> 36 | AB16: =N16-K16 -> -221.66667 | AC16: =N16/K16 -> 0.89469517 | AD16: =AC26 -> 0.84060224
B17: 義大利麵 | D17: 青醬蛤蜊義大利麵 | F17: =VLOOKUP(D17,廠價表!$C$1:$E$39,3,0) -> 50.67 | G17: 4428 | H17: =F17*G17 -> 224366.76 | J17: =VLOOKUP(D17,產線配置圖!$A$2:$C$38,2,0) -> 13 | K17: =VLOOKUP(D17,產線配置圖!$A$2:$C$38,3,0) -> 2000 | L17: =K17/J17 -> 153.84615 | M17: 15 | N17: =G17/W17*60 -> 1870.9859 | O17: =N17/M17 -> 124.73239 | P17: =M17-J17 -> 2 | Q17: =O17-L17 -> -29.113759 | R17: =O17/L17 -> 0.81076056 | T17: 0.32361111 | U17: 0.42222222 | V17: =(T17-U16)*24*60 -> 12 | W17: =(U17-T17)*24*60 -> 142 | AB17: =N17-K17 -> -129.01408 | AC17: =N17/K17 -> 0.93549296
B18: 義大利麵 | D18: 義式蕃茄起司義大利麵 | F18: =VLOOKUP(D18,廠價表!$C$1:$E$39,3,0) -> 50.39 | G18: 2153 | H18: =F18*G18 -> 108489.67 | J18: =VLOOKUP(D18,產線配置圖!$A$2:$C$38,2,0) -> 12 | K18: =VLOOKUP(D18,產線配置圖!$A$2:$C$38,3,0) -> 2000 | L18: =K18/J18 -> 166.66667 | M18: 12 | N18: =G18/W18*60 -> 1845.4286 | O18: =N18/M18 -> 153.78571 | P18: =M18-J18 -> 0 | Q18: =O18-L18 -> -12.880952 | R18: =O18/L18 -> 0.92271429 | T18: 0.43055556 | U18: 0.47916667 | V18: =(T18-U17)*24*60 -> 12 | W18: =(U18-T18)*24*60 -> 70 | AB18: =N18-K18 -> -154.57143 | AC18: =N18/K18 -> 0.92271429
B19: 義大利麵 | D19: 義式蕃茄起司義大利麵 | F19: =VLOOKUP(D19,廠價表!$C$1:$E$39,3,0) -> 50.39 | G19: 2366 | H19: =F19*G19 -> 119222.74 | J19: =VLOOKUP(D19,產線配置圖!$A$2:$C$38,2,0) -> 12 | K19: =VLOOKUP(D19,產線配置圖!$A$2:$C$38,3,0) -> 2000 | L19: =K19/J19 -> 166.66667 | M19: 12 | N19: =G19/W19*60 -> 1213.3333 | O19: =N19/M19 -> 101.11111 | P19: =M19-J19 -> 0 | Q19: =O19-L19 -> -65.555556 | R19: =O19/L19 -> 0.60666667 | T19: 0.54166667 | U19: 0.62291667 | V19: =(T19-U18)*24*60 -> 90 | W19: =(U19-T19)*24*60 -> 117 | Z19: 13:35-14:10待玉取機煮麵 | AB19: =N19-K19 -> -786.66667 | AC19: =N19/K19 -> 0.60666667
W20: =(U20-T20)*24*60 -> 0
H21: =F21*G21 -> 0 | W21: 0
H22: =F22*G22 -> 0 | W22: 0
H23: =F23*G23 -> 0 | W23: =(U23-T23)*24*60 -> 0
H24: =F24*G24 -> 0 | W24: =(U24-T24)*24*60 -> 0
H25: =F25*G25 -> 0 | W25: =(U25-T25)*24*60 -> 0
C26: 4度二組A | D26: 平均 | J26: =AVERAGE(J16:J25) -> 12.5 | K26: =AVERAGE(K16:K25) -> 2026.25 | L26: =AVERAGE(L16:L25) -> 162.27564 | M26: =AVERAGE(M16:M25) -> 13 | N26: =AVERAGE(N16:N25) -> 1703.2703 | O26: =AVERAGE(O16:O25) -> 131.12525 | P26: =M26-J26 -> 0.5 | Q26: =O26-L26 -> -31.150387 | R26: =O26/L26 -> 0.80804028 | AB26: =N26-K26 -> -322.97971 | AC26: =N26/K26 -> 0.84060224
A27: 手工三線 (ET-55) | B27: 義大利麵 | D27: 青花椒麻雞肉拌麵 | F27: =VLOOKUP(D27,廠價表!$C$1:$E$39,3,0) -> 49.91 | G27: 2593 | H27: =F27*G27 -> 129416.63 | J27: =VLOOKUP(D27,產線配置圖!$A$2:$C$38,2,0) -> 17 | K27: =VLOOKUP(D27,產線配置圖!$A$2:$C$38,3,0) -> 1565 | L27: =K27/J27 -> 92.058824 | M27: 17 | N27: =G27/W27*60 -> 1275.2459 | O27: =N27/M27 -> 75.014465 | P27: =M27-J27 -> 0 | Q27: =O27-L27 -> -17.044359 | R27: =O27/L27 -> 0.81485361 | S27: =R37 -> 0.81900403 | T27: 0.28819444 | U27: 0.37291667 | W27: =(U27-T27)*24*60 -> 122 | AB27: =N27-K27 -> -289.7541 | AC27: =N27/K27 -> 0.81485361 | AD27: =AC37 -> 0.79764206
B28: =VLOOKUP(D28,廠價表!$C$1:$E$39,2,0) -> 義大利麵 | D28: 奶油蒜香雞義大利麵 | F28: =VLOOKUP(D28,廠價表!$C$1:$E$39,3,0) -> 55.13 | G28: 1958 | H28: =F28*G28 -> 107944.54 | J28: =VLOOKUP(D28,產線配置圖!$A$2:$C$38,2,0) -> 18 | K28: =VLOOKUP(D28,產線配置圖!$A$2:$C$38,3,0) -> 1385 | L28: =K28/J28 -> 76.944444 | M28: 17 | N28: =G28/W28*60 -> 1077.7982 | O28: =N28/M28 -> 63.399892 | P28: =M28-J28 -> -1 | Q28: =O28-L28 -> -13.544552 | R28: =O28/L28 -> 0.82396972 | T28: 0.37777778 | U28: 0.45347222 | V28: =(T28-U27)*24*60 -> 7 | W28: =(U28-T28)*24*60 -> 109 | AB28: =N28-K28 -> -307.20183 | AC28: =N28/K28 -> 0.77819362
W29: =(U29-T29)*24*60 -> 0
W30: =(U30-T30)*24*60 -> 0
W31: =(U31-T31)*24*60 -> 0
H32: =F32*G32 -> 0 | W32: =(U32-T32)*24*60 -> 0
H33: =F33*G33 -> 0 | W33: =(U33-T33)*24*60 -> 0
H34: =F34*G34 -> 0 | W34: =(U34-T34)*24*60 -> 0
H35: =F35*G35 -> 0 | W35: =(U35-T35)*24*60 -> 0
H36: =F36*G36 -> 0 | W36: =(U36-T36)*24*60 -> 0
C37: 4度二組B | D37: 平均 | J37: =AVERAGE(J27:J36) -> 17.5 | K37: =AVERAGE(K27:K36) -> 1475 | L37: =AVERAGE(L27:L36) -> 84.501634 | M37: =AVERAGE(M27:M36) -> 17 | N37: =AVERAGE(N27:N36) -> 1176.522 | O37: =AVERAGE(O27:O36) -> 69.207178 | P37: =M37-J37 -> -0.5 | Q37: =N37-K37 -> -298.47797 | R37: =O37/L37 -> 0.81900403 | AB37: =N37-K37 -> -298.47797 | AC37: =N37/K37 -> 0.79764206
A38: 手工四線 (ET-55) | B38: 義大利麵 | D38: 濃拿坡里義大利麵 | F38: =VLOOKUP(D38,廠價表!$C$1:$E$39,3,0) -> 56.43 | G38: 3704 | H38: =F38*G38 -> 209016.72 | J38: =VLOOKUP(D38,產線配置圖!$A$2:$C$38,2,0) -> 15 | K38: =VLOOKUP(D38,產線配置圖!$A$2:$C$38,3,0) -> 1406 | L38: =K38/J38 -> 93.733333 | M38: 15 | N38: =G38/W38*60 -> 1033.6744 | O38: =N38/M38 -> 68.911628 | P38: =M38-J38 -> 0 | Q38: =O38-L38 -> -24.821705 | R38: =O38/L38 -> 0.73518806 | S38: =R48 -> 0.73518806 | T38: 0.33333333 | U38: 0.48263889 | W38: =(U38-T38)*24*60 -> 215 | Z38: 封口設備異常 | AB38: =N38-K38 -> -372.32558 | AC38: =N38/K38 -> 0.73518806 | AD38: =AC48 -> 0.73518806
W39: =(U39-T39)*24*60 -> 0
W40: =(U40-T40)*24*60 -> 0
W41: =(U41-T41)*24*60 -> 0
H42: =F42*G42 -> 0 | W42: =(U42-T42)*24*60 -> 0
H43: =F43*G43 -> 0 | W43: =(U43-T43)*24*60 -> 0
H44: =F44*G44 -> 0 | W44: =(U44-T44)*24*60 -> 0
H45: =F45*G45 -> 0 | W45: =(U45-T45)*24*60 -> 0
H46: =F46*G46 -> 0 | W46: =(U46-T46)*24*60 -> 0
H47: =F47*G47 -> 0 | W47: =(U47-T47)*24*60 -> 0
C48: 4度二組C1 | D48: 平均 | J48: =AVERAGE(J38:J47) -> 15 | K48: =AVERAGE(K38:K47) -> 1406 | L48: =AVERAGE(L38:L47) -> 93.733333 | M48: =AVERAGE(M38:M47) -> 15 | N48: =AVERAGE(N38:N47) -> 1033.6744 | O48: =AVERAGE(O38:O47) -> 68.911628 | P48: =M48-J48 -> 0 | Q48: =N48-K48 -> -372.32558 | R48: =O48/L48 -> 0.73518806 | W48: =(U48-T48)*24*60 -> 0 | AB48: =N48-K48 -> -372.32558 | AC48: =N48/K48 -> 0.73518806
A49: 手工五線 (ET-55) | B49: =VLOOKUP(D49,廠價表!$C$1:$E$39,2,0) -> 義大利麵 | D49: 剝皮辣椒雞奶油扁麵 | F49: =VLOOKUP(D49,廠價表!$C$1:$E$39,3,0) -> 56.87 | G49: 2533 | H49: =F49*G49 -> 144051.71 | J49: =VLOOKUP(D49,產線配置圖!$A$2:$C$38,2,0) -> 19 | K49: 1600 | L49: =K49/J49 -> 84.210526 | M49: 17 | N49: =G49/W49*60 -> 1356.9643 | O49: =N49/M49 -> 79.821429 | P49: =M49-J49 -> -2 | Q49: =O49-L49 -> -4.3890977 | R49: =O49/L49 -> 0.94787946 | S49: =R58 -> 0.9180745 | T49: 0.29027778 | U49: 0.36805556 | W49: =(U49-T49)*24*60 -> 112 | AB49: =N49-K49 -> -243.03571 | AC49: =N49/K49 -> 0.84810268 | AD49: =AC58 -> 0.89789821
B50: =VLOOKUP(D50,廠價表!$C$1:$E$39,2,0) -> 義大利麵 | D50: 焗烤起司雙饗筆尖麵 | F50: =VLOOKUP(D50,廠價表!$C$1:$E$39,3,0) -> 49.97 | G50: 3564 | H50: =F50*G50 -> 178093.08 | J50: =VLOOKUP(D50,產線配置圖!$A$2:$C$38,2,0) -> 18 | K50: =VLOOKUP(D50,產線配置圖!$A$2:$C$38,3,0) -> 1600 | L50: =K50/J50 -> 88.888889 | M50: 18 | N50: =G50/W50*60 -> 1527.4286 | O50: =N50/M50 -> 84.857143 | P50: =M50-J50 -> 0 | Q50: =O50-L50 -> -4.031746 | R50: =O50/L50 -> 0.95464286 | T50: 0.375 | U50: 0.47222222 | V50: =(T50-U49)*24*60 -> 10 | W50: =(U50-T50)*24*60 -> 140 | AB50: =N50-K50 -> -72.571429 | AC50: =N50/K50 -> 0.95464286
B51: =VLOOKUP(D51,廠價表!$C$1:$E$39,2,0) -> 義大利麵 | D51: 焗烤起司雙饗筆尖麵 | F51: =VLOOKUP(D51,廠價表!$C$1:$E$39,3,0) -> 49.97 | G51: 1056 | H51: =F51*G51 -> 52768.32 | J51: =VLOOKUP(D51,產線配置圖!$A$2:$C$38,2,0) -> 18 | K51: =VLOOKUP(D51,產線配置圖!$A$2:$C$38,3,0) -> 1600 | L51: =K51/J51 -> 88.888889 | M51: 18 | N51: =G51/W51*60 -> 1545.3659 | O51: =N51/M51 -> 85.853659 | P51: =M51-J51 -> 0 | Q51: =O51-L51 -> -3.0352304 | R51: =O51/L51 -> 0.96585366 | T51: 0.54444444 | U51: 0.57291667 | V51: =(T51-U50)*24*60 -> 104 | W51: =(U51-T51)*24*60 -> 41 | AB51: =N51-K51 -> -54.634146 | AC51: =N51/K51 -> 0.96585366
B52: =VLOOKUP(D52,廠價表!$C$1:$E$39,2,0) -> 義大利麵 | D52: 奶油起司蝦仁通心粉 | F52: =VLOOKUP(D52,廠價表!$C$1:$E$39,3,0) -> 47.71 | G52: 818 | H52: =F52*G52 -> 39026.78 | J52: =VLOOKUP(D52,產線配置圖!$A$2:$C$38,2,0) -> 15 | K52: =VLOOKUP(D52,產線配置圖!$A$2:$C$38,3,0) -> 1500 | L52: =K52/J52 -> 100 | M52: 15 | N52: =G52/W52*60 -> 1227 | O52: =N52/M52 -> 81.8 | P52: =M52-J52 -> 0 | Q52: =O52-L52 -> -18.2 | R52: =O52/L52 -> 0.818 | T52: 0.57986111 | U52: 0.60763889 | V52: =(T52-U51)*24*60 -> 10 | W52: =(U52-T52)*24*60 -> 40
W53: =(U53-T53)*24*60 -> 0
W54: =(U54-T54)*24*60 -> 0
H55: =F55*G55 -> 0 | W55: =(U55-T55)*24*60 -> 0
H56: =F56*G56 -> 0 | W56: =(U56-T56)*24*60 -> 0
H57: =F57*G57 -> 0 | W57: =(U57-T57)*24*60 -> 0
C58: 4度二組C2 | D58: 平均 | J58: =AVERAGE(J49:J57) -> 17.5 | K58: =AVERAGE(K49:K57) -> 1575 | L58: =AVERAGE(L49:L57) -> 90.497076 | M58: =AVERAGE(M49:M57) -> 17 | N58: =AVERAGE(N49:N57) -> 1414.1897 | O58: =AVERAGE(O49:O57) -> 83.083057 | P58: =M58-J58 -> -0.5 | Q58: =N58-K58 -> -160.81032 | R58: =O58/L58 -> 0.9180745 | AB58: =N58-K58 -> -160.81032 | AC58: =N58/K58 -> 0.89789821
A59: 調理包一線 (八爪機) | B59: =VLOOKUP(D59,廠價表!$C$1:$E$39,2,0) -> 小吃、微波 | D59: 小滷青蔬 | F59: =VLOOKUP(D59,廠價表!$C$1:$E$39,3,0) -> 26.99 | G59: 3679 | H59: =F59*G59 -> 99296.21 | J59: =VLOOKUP(D59,產線配置圖!$A$2:$C$38,2,0) -> 13 | K59: =VLOOKUP(D59,產線配置圖!$A$2:$C$38,3,0) -> 1565 | L59: =K59/J59 -> 120.38462 | M59: 13 | N59: =G59/W59*60 -> 1076.7805 | O59: =N59/M59 -> 82.829268 | P59: =M59-J59 -> 0 | Q59: =O59-L59 -> -37.555347 | R59: =O59/L59 -> 0.68803865 | S59: =R69 -> 0.72872391 | T59: 0.29166667 | U59: 0.43402778 | W59: =(U59-T59)*24*60 -> 205 | Z59: 1.7:00開線請工務調整封口位置 2.封口處因投入口摩擦鐵片會產生黑墨,八爪機每小時須停機2分鐘擦拭鐵片黑墨 | AB59: =N59-K59 -> -488.21951 | AC59: =N59/K59 -> 0.68803865 | AD59: =AC69 -> 0.7279415
B60: =VLOOKUP(D60,廠價表!$C$1:$E$39,2,0) -> 小吃、微波 | D60: 起司馬鈴薯 | F60: =VLOOKUP(D60,廠價表!$C$1:$E$39,3,0) -> 28.26 | G60: 1225 | H60: =F60*G60 -> 34618.5 | J60: =VLOOKUP(D60,產線配置圖!$A$2:$C$38,2,0) -> 12 | K60: =VLOOKUP(D60,產線配置圖!$A$2:$C$38,3,0) -> 1565 | L60: =K60/J60 -> 130.41667 | M60: 12 | N60: =G60/W60*60 -> 1050 | O60: =N60/M60 -> 87.5 | P60: =M60-J60 -> 0 | Q60: =O60-L60 -> -42.916667 | R60: =O60/L60 -> 0.67092652 | T60: 0.44444444 | U60: 0.49305556 | V60: =(T60-U59)*24*60 -> 15 | W60: =(U60-T60)*24*60 -> 70 | AB60: =N60-K60 -> -515 | AC60: =N60/K60 -> 0.67092652
B61: =VLOOKUP(D61,廠價表!$C$1:$E$39,2,0) -> 小吃、微波 | D61: 台式綜合甜不辣 | F61: =VLOOKUP(D61,廠價表!$C$1:$E$39,3,0) -> 28.47 | G61: 954 | H61: =F61*G61 -> 27160.38 | J61: =VLOOKUP(D61,產線配置圖!$A$2:$C$38,2,0) -> 12 | K61: =VLOOKUP(D61,產線配置圖!$A$2:$C$38,3,0) -> 1565 | L61: =K61/J61 -> 130.41667 | M61: 12 | N61: =G61/W61*60 -> 1144.8 | O61: =N61/M61 -> 95.4 | P61: =M61-J61 -> 0 | Q61: =O61-L61 -> -35.016667 | R61: =O61/L61 -> 0.7315016 | T61: 0.50347222 | U61: 0.53819444 | V61: =(T61-U60)*24*60 -> 15 | W61: =(U61-T61)*24*60 -> 50 | AB61: =N61-K61 -> -420.2 | AC61: =N61/K61 -> 0.7315016
B62: =VLOOKUP(D62,廠價表!$C$1:$E$39,2,0) -> 小吃、微波 | D62: 起司馬鈴薯 | F62: =VLOOKUP(D62,廠價表!$C$1:$E$39,3,0) -> 28.26 | G62: 964 | H62: =F62*G62 -> 27242.64 | J62: =VLOOKUP(D62,產線配置圖!$A$2:$C$38,2,0) -> 12 | K62: =VLOOKUP(D62,產線配置圖!$A$2:$C$38,3,0) -> 1565 | L62: =K62/J62 -> 130.41667 | M62: 12 | N62: =G62/W62*60 -> 1285.3333 | O62: =N62/M62 -> 107.11111 | P62: =M62-J62 -> 0 | Q62: =O62-L62 -> -23.305556 | R62: =O62/L62 -> 0.82129925 | T62: 0.58680556 | U62: 0.61805556 | V62: =(T62-U61)*24*60 -> 70 | W62: =(U62-T62)*24*60 -> 45
W63: =(U63-T63)*24*60 -> 0
H64: =F64*G64 -> 0 | W64: =(U64-T64)*24*60 -> 0
H65: =F65*G65 -> 0 | W65: =(U65-T65)*24*60 -> 0
H66: =F66*G66 -> 0 | W66: =(U66-T66)*24*60 -> 0
H67: =F67*G67 -> 0 | W67: =(U67-T67)*24*60 -> 0
H68: =F68*G68 -> 0 | W68: =(U68-T68)*24*60 -> 0
C69: 4度三組 | D69: 平均 | J69: =AVERAGE(J59:J68) -> 12.25 | K69: =AVERAGE(K59:K68) -> 1565 | L69: =AVERAGE(L59:L68) -> 127.90865 | M69: =AVERAGE(M59:M68) -> 12.25 | N69: =AVERAGE(N59:N68) -> 1139.2285 | O69: =AVERAGE(O59:O68) -> 93.210095 | P69: =M69-J69 -> 0 | Q69: =N69-K69 -> -425.77154 | R69: =O69/L69 -> 0.72872391 | AB69: =N69-K69 -> -425.77154 | AC69: =N69/K69 -> 0.7279415
A70: 調理包二線 (手工) | B70: 義大利麵 | D70: 奶油起司蝦仁通心粉 | F70: =VLOOKUP(D70,廠價表!$C$1:$E$39,3,0) -> 47.71 | G70: 4314 | H70: =F70*G70 -> 205820.94 | J70: =VLOOKUP(D70,產線配置圖!$A$2:$C$38,2,0) -> 15 | K70: =VLOOKUP(D70,產線配置圖!$A$2:$C$38,3,0) -> 1500 | L70: =K70/J70 -> 100 | M70: 14 | N70: =G70/W70*60 -> 1176.5455 | O70: =N70/M70 -> 84.038961 | P70: =M70-J70 -> -1 | Q70: =O70-L70 -> -15.961039 | R70: =O70/L70 -> 0.84038961 | S70: =R79 -> 0.74599184 | T70: 0.34027778 | U70: 0.49305556 | W70: =(U70-T70)*24*60 -> 220 | AB70: =N70-K70 -> -323.45455 | AC70: =N70/K70 -> 0.78436364 | AD70: =AC79 -> 0.72820376
B71: 義大利麵 | D71: 焗烤明太子筆尖麵 | F71: =VLOOKUP(D71,廠價表!$C$1:$E$39,3,0) -> 57.3 | G71: 2019 | H71: =F71*G71 -> 115688.7 | J71: =VLOOKUP(D71,產線配置圖!$A$2:$C$38,2,0) -> 15 | K71: =VLOOKUP(D71,產線配置圖!$A$2:$C$38,3,0) -> 1385 | L71: =K71/J71 -> 92.333333 | M71: 15 | N71: =G71/W71*60 -> 924.73282 | O71: =N71/M71 -> 61.648855 | P71: =M71-J71 -> 0 | Q71: =O71-L71 -> -30.684478 | R71: =O71/L71 -> 0.66767713 | T71: 0.54861111 | U71: 0.63958333 | V71: =(T71-U70)*24*60 -> 80 | W71: =(U71-T71)*24*60 -> 131 | Z71: 封口設備異常 | AB71: =N71-K71 -> -460.26718 | AC71: =N71/K71 -> 0.66767713
W72: =(U72-T72)*24*60 -> 0
W73: =(U73-T73)*24*60 -> 0
W74: =(U74-T74)*24*60 -> 0
H75: =F75*G75 -> 0 | W75: =(U75-T75)*24*60 -> 0
H76: =F76*G76 -> 0 | W76: =(U76-T76)*24*60 -> 0
H77: =F77*G77 -> 0 | W77: =(U77-T77)*24*60 -> 0
H78: =F78*G78 -> 0 | W78: =(U78-T78)*24*60 -> 0
C79: 4度四組 | D79: 平均 | J79: =AVERAGE(J69:J78) -> 14.083333 | K79: =AVERAGE(K69:K78) -> 1483.3333 | L79: =AVERAGE(L69:L78) -> 106.74733 | M79: =AVERAGE(M69:M78) -> 13.75 | N79: =AVERAGE(N69:N78) -> 1080.1689 | O79: =AVERAGE(O69:O78) -> 79.632637 | P79: =M79-J79 -> -0.33333333 | Q79: =N79-K79 -> -403.16442 | R79: =O79/L79 -> 0.74599184 | AB79: =N79-K79 -> -403.16442 | AC79: =N79/K79 -> 0.72820376
AF80: 1.當日出勤人數較多
AF81: 2.當日出勤人數較少
AF82: 3.當日出勤熟手較少
AF83: 4.當日出勤新人較多
AF84: 5.機台夾盒
AF85: 6.封膜不順
AF86: 7.更換膠膜
AF87: 8.更換碳帶
AF88: 9.當日熱轉印碳帶異常
AF89: 10.訂單量過少
AF90: 11.新品上市，尚未熟悉
AF91: 12.商品結構，產能較低
AF92: 13.區域出貨，分段生產

Sheet 1102總 
B1: 長家廠組合室生產人時性分析
B3: 日期 | D3: 45963 | F3: 訂單量 | G3: ='1102'!E1 -> 65617 | I3: 營業額 | J3: ='1102'!G1 -> 3113202.2
B4: 項目 | D4: 3 | F4: ➀ | H4: ➁ | J4: ③
B5: 人時性 | D5: 組合室 | F5: 全溫層 | H5: 義大利麵 | J5: 袋裝小吃、義麵
D6: 排關平均 | F6: =AVERAGE(D13:J13) -> 115.11769 | H6: =AVERAGE(D13:H13) -> 114.90237 | J6: =AVERAGE(I13:J13) -> 115.65598
D7: 實績平均 | F7: =AVERAGE(D14:J14) -> 102.69935 | H7: =AVERAGE(D14:H14) -> 104.34339 | J7: =AVERAGE(I14:J14) -> 98.58925
D8: 達成率平均 | F8: =AVERAGE(D15:J15) -> 0.88682946 | H8: =AVERAGE(D15:H15) -> 0.90145753 | J8: =AVERAGE(I15:J15) -> 0.85025927 | L8: ※現行日本鮮食廠以達成率80%為基本(即為現行KPI)
B10: 溫層 | D10: 4度C-各編組展開
B11: 編組 | D11: 1 | E11: 2 | F11: 3 | G11: 4 | H11: 5 | I11: 6 | J11: 7
D12: 自動1線 | E12: 自動2線 | F12: 手工3線 | G12: 手工4線 | H12: 手工5線 | I12: 調理包1線 | J12: 調理包2線
B13: 人時性 | C13: 排關 | D13: =VALUE('1102'!L15) -> 146.98643 | E13: =VALUE('1102'!L26) -> 160.58974 | F13: =VALUE('1102'!L37) -> 86.486928 | G13: =VALUE('1102'!L48) -> 93.733333 | H13: =VALUE('1102'!L58) -> 86.7154 | I13: =VALUE('1102'!L69) -> 125.40064 | J13: =VALUE('1102'!L79) -> 105.91132
C14: 實績 | D14: =VALUE('1102'!O15) -> 136.27735 | E14: =VALUE('1102'!O26) -> 150.71671 | F14: =VALUE('1102'!O37) -> 74.000833 | G14: =VALUE('1102'!O48) -> 78.118182 | H14: =VALUE('1102'!O58) -> 82.603879 | I14: =VALUE('1102'!O69) -> 109.86181 | J14: =VALUE('1102'!O79) -> 87.316688
C15: 達成率 | D15: =D14/D13 -> 0.92714242 | E15: =E14/E13 -> 0.93852016 | F15: =F14/F13 -> 0.85563026 | G15: =G14/G13 -> 0.83340877 | H15: =H14/H13 -> 0.95258604 | I15: =I14/I13 -> 0.87608652 | J15: =J14/J13 -> 0.82443202
B16: 作業 時間 | C16: 開始 | D16: ='1102'!T5 -> 0.29027778 | E16: ='1102'!T16 -> 0.29097222 | F16: ='1102'!T27 -> 0.29027778 | G16: ='1102'!T38 -> 0.33333333 | H16: ='1102'!T49 -> 0.29027778 | I16: ='1102'!T59 -> 0.29097222 | J16: ='1102'!T70 -> 0.34444444
C17: 結束 | D17: 0.67013889 | E17: 0.68333333 | F17: 0.67013889 | G17: 0.57638889 | H17: 0.63611111 | I17: 0.63333333 | J17: 0.68402778
B18: 配置人數 | D18: =VALUE('1102'!M15) -> 13.8 | E18: =VALUE('1102'!M26) -> 12.6 | F18: =VALUE('1102'!M37) -> 17 | G18: =VALUE('1102'!M48) -> 15 | H18: =VALUE('1102'!M58) -> 18.333333 | I18: =VALUE('1102'!M69) -> 12.5 | J18: =VALUE('1102'!M79) -> 13.5
B19: 主要應用設備 | D19: ET-600 | E19: ET-600 | F19: ET-55 | G19: ET-55 | H19: ET-55 | I19: 八爪機 | J19: ET-55
B20: 次要應用設備 | H20: 封口機
B21: 備註

Sheet 1102
A1: 長家廠4度C日報分析 | D1: 總生產量 | E1: =SUM(G5:G79) -> 65617 | F1: 營業額 | G1: =SUM(H5:H79) -> 3113202.2 | H1: 出勤人數 | I1: =M15+M26+M48+M58+M69+M79+M37 -> 102.73333 | J1: 產線配置圖 | M1: 生產實績 | P1: 人時性差異分析 | T1: 日報登錄 | Z1: 分析說明 | AB1: 產能差異分析
A2: 11月02日 星期日 | D2: 人時性 | E2: =AVERAGE(O15,O26,O37,O48,O58,O69,O79) -> 102.69935 | F2: 平均廠價 | G2: =G1/E1 -> 47.445055 | H2: 多次生產數 | I2: =COUNT(I5:I79) -> 0
A3: 線別 | B3: 品類 | D3: 品名 | F3: 廠價 | G3: 生產量 | H3: 營收 | I3: 多次 生產 | J3: 人數 | K3: 產能/時 | L3: 人時性 | M3: 人數 | N3: 產能/時 | O3: 人時性 | P3: 人數 | Q3: 人時性 | R3: 達成率 | S3: 達成率平均 | T3: 生產時間 | V3: 前置、換線時間/分 | W3: 稼動時間/分 | X3: 休息時間 | Z3: (長家回填) | AB3: 產能/時 | AC3: 達成率 | AD3: 達成率平均
T4: 開始 | U4: 結束 | X4: 開始 | Y4: 結束
A5: 自動一線 (ET-600) | B5: =VLOOKUP(D5,廠價表!$C$1:$E$39,2,0) -> 義大利麵 | D5: 白酒蛤蜊義大利麵 | F5: =VLOOKUP(D5,廠價表!$C$1:$E$39,3,0) -> 57.21 | G5: 1909 | H5: =F5*G5 -> 109213.89 | J5: =VLOOKUP(D5,產線配置圖!$A$2:$C$38,2,0) -> 13 | K5: =VLOOKUP(D5,產線配置圖!$A$2:$C$38,3,0) -> 2105 | L5: =K5/J5 -> 161.92308 | M5: 13 | N5: =G5/W5*60 -> 1941.3559 | O5: =N5/M5 -> 149.33507 | P5: =M5-J5 -> 0 | Q5: =O5-L5 -> -12.588005 | R5: =O5/L5 -> 0.92225935 | S5: =R15 -> 0.92714242 | T5: 0.29027778 | U5: 0.33125 | W5: =(U5-T5)*24*60 -> 59 | AB5: =N5-K5 -> -163.64407 | AC5: =N5/K5 -> 0.92225935 | AD5: =AC15 -> 0.92765027
B6: =VLOOKUP(D6,廠價表!$C$1:$E$39,2,0) -> 義大利麵 | D6: 青醬蛤蜊義大利麵 | F6: =VLOOKUP(D6,廠價表!$C$1:$E$39,3,0) -> 50.67 | G6: 1909 | H6: =F6*G6 -> 96729.03 | J6: =VLOOKUP(D6,產線配置圖!$A$2:$C$38,2,0) -> 13 | K6: =VLOOKUP(D6,產線配置圖!$A$2:$C$38,3,0) -> 2000 | L6: =K6/J6 -> 153.84615 | M6: 13 | N6: =G6/W6*60 -> 1941.3559 | O6: =N6/M6 -> 149.33507 | P6: =M6-J6 -> 0 | Q6: =O6-L6 -> -4.5110821 | R6: =O6/L6 -> 0.97067797 | T6: 0.3375 | U6: 0.37847222 | V6: =(T6-U5)*24*60 -> 9 | W6: =(U6-T6)*24*60 -> 59 | AB6: =N6-K6 -> -58.644068 | AC6: =N6/K6 -> 0.97067797
B7: =VLOOKUP(D7,廠價表!$C$1:$E$39,2,0) -> 義大利麵 | D7: 韓式起司炸雞義大利麵 | F7: =VLOOKUP(D7,廠價表!$C$1:$E$39,3,0) -> 57.21 | G7: 2401 | H7: =F7*G7 -> 137361.21 | J7: =VLOOKUP(D7,產線配置圖!$A$2:$C$38,2,0) -> 17 | K7: =VLOOKUP(D7,產線配置圖!$A$2:$C$38,3,0) -> 1895 | L7: =K7/J7 -> 111.47059 | M7: 17 | N7: =G7/W7*60 -> 1778.5185 | O7: =N7/M7 -> 104.61874 | P7: =M7-J7 -> 0 | Q7: =O7-L7 -> -6.8518519 | R7: =O7/L7 -> 0.9385322 | T7: 0.3875 | U7: 0.44375 | V7: =(T7-U6)*24*60 -> 13 | W7: =(U7-T7)*24*60 -> 81 | AB7: =N7-K7 -> -116.48148 | AC7: =N7/K7 -> 0.9385322
B8: =VLOOKUP(D8,廠價表!$C$1:$E$39,2,0) -> 義大利麵 | D8: 奶油培根義大利麵 | F8: =VLOOKUP(D8,廠價表!$C$1:$E$39,3,0) -> 49.14 | G8: 2697 | H8: =F8*G8 -> 132530.58 | J8: =VLOOKUP(D8,產線配置圖!$A$2:$C$38,2,0) -> 13 | K8: =VLOOKUP(D8,產線配置圖!$A$2:$C$38,3,0) -> 2000 | L8: =K8/J8 -> 153.84615 | M8: 13 | N8: =G8/W8*60 -> 1949.6386 | O8: =N8/M8 -> 149.9722 | P8: =M8-J8 -> 0 | Q8: =O8-L8 -> -3.8739574 | R8: =O8/L8 -> 0.97481928 | T8: 0.45138889 | U8: 0.50902778 | V8: =(T8-U7)*24*60 -> 11 | W8: =(U8-T8)*24*60 -> 83 | AB8: =N8-K8 -> -50.361446 | AC8: =N8/K8 -> 0.97481928
B9: =VLOOKUP(D9,廠價表!$C$1:$E$39,2,0) -> 義大利麵 | D9: 奶油培根義大利麵 | F9: =VLOOKUP(D9,廠價表!$C$1:$E$39,3,0) -> 49.14 | G9: 3942 | H9: =F9*G9 -> 193709.88 | J9: =VLOOKUP(D9,產線配置圖!$A$2:$C$38,2,0) -> 13 | K9: =VLOOKUP(D9,產線配置圖!$A$2:$C$38,3,0) -> 2000 | L9: =K9/J9 -> 153.84615 | M9: 13 | N9: =G9/W9*60 -> 1665.6338 | O9: =N9/M9 -> 128.12568 | P9: =M9-J9 -> 0 | Q9: =O9-L9 -> -25.720477 | R9: =O9/L9 -> 0.8328169 | T9: 0.57152778 | U9: 0.67013889 | V9: =(T9-U8)*24*60 -> 90 | W9: =(U9-T9)*24*60 -> 142
W10: =(U10-T10)*24*60 -> 0
H11: =F11*G11 -> 0 | W11: =(U11-T11)*24*60 -> 0
H12: =F12*G12 -> 0 | W12: =(U12-T12)*24*60 -> 0
H13: =F13*G13 -> 0 | W13: =(U13-T13)*24*60 -> 0
H14: =F14*G14 -> 0 | W14: =(U14-T14)*24*60 -> 0
C15: 4度一組 | D15: 平均 | J15: =AVERAGE(J5:J14) -> 13.8 | K15: =AVERAGE(K5:K14) -> 2000 | L15: =AVERAGE(L5:L14) -> 146.98643 | M15: =AVERAGE(M5:M14) -> 13.8 | N15: =AVERAGE(N5:N14) -> 1855.3005 | O15: =AVERAGE(O5:O14) -> 136.27735 | P15: =M15-J15 -> 0 | Q15: =O15-L15 -> -10.709075 | R15: =O15/L15 -> 0.92714242 | AB15: =N15-K15 -> -144.69945 | AC15: =N15/K15 -> 0.92765027
A16: 自動二線 (ET-600) | B16: 義大利麵 | D16: 白酒蛤蜊義大利麵 | F16: =VLOOKUP(D16,廠價表!$C$1:$E$39,3,0) -> 57.21 | G16: 1671 | H16: =F16*G16 -> 95597.91 | J16: =VLOOKUP(D16,產線配置圖!$A$2:$C$38,2,0) -> 13 | K16: =VLOOKUP(D16,產線配置圖!$A$2:$C$38,3,0) -> 2105 | L16: =K16/J16 -> 161.92308 | M16: 13 | N16: =G16/W16*60 -> 1965.8824 | O16: =N16/M16 -> 151.22172 | P16: =M16-J16 -> 0 | Q16: =O16-L16 -> -10.701357 | R16: =O16/L16 -> 0.93391086 | S16: =R26 -> 0.93852016 | T16: 0.29097222 | U16: 0.32638889 | W16: =(U16-T16)*24*60 -> 51 | AB16: =N16-K16 -> -139.11765 | AC16: =N16/K16 -> 0.93391086 | AD16: =AC26 -> 0.93872002
B17: 義大利麵 | D17: 青醬蛤蜊義大利麵 | F17: =VLOOKUP(D17,廠價表!$C$1:$E$39,3,0) -> 50.67 | G17: 2764 | H17: =F17*G17 -> 140051.88 | J17: =VLOOKUP(D17,產線配置圖!$A$2:$C$38,2,0) -> 13 | K17: =VLOOKUP(D17,產線配置圖!$A$2:$C$38,3,0) -> 2000 | L17: =K17/J17 -> 153.84615 | M17: 13 | N17: =G17/W17*60 -> 1863.3708 | O17: =N17/M17 -> 143.33621 | P17: =M17-J17 -> 0 | Q17: =O17-L17 -> -10.509939 | R17: =O17/L17 -> 0.93168539 | T17: 0.33402778 | U17: 0.39583333 | V17: =(T17-U16)*24*60 -> 11 | W17: =(U17-T17)*24*60 -> 89 | AB17: =N17-K17 -> -136.62921 | AC17: =N17/K17 -> 0.93168539
B18: 義大利麵 | D18: 義式蕃茄起司義大利麵 | F18: =VLOOKUP(D18,廠價表!$C$1:$E$39,3,0) -> 50.39 | G18: 3478 | H18: =F18*G18 -> 175256.42 | J18: =VLOOKUP(D18,產線配置圖!$A$2:$C$38,2,0) -> 12 | K18: =VLOOKUP(D18,產線配置圖!$A$2:$C$38,3,0) -> 2000 | L18: =K18/J18 -> 166.66667 | M18: 12 | N18: =G18/W18*60 -> 1932.2222 | O18: =N18/M18 -> 161.01852 | P18: =M18-J18 -> 0 | Q18: =O18-L18 -> -5.6481481 | R18: =O18/L18 -> 0.96611111 | T18: 0.40416667 | U18: 0.47916667 | V18: =(T18-U17)*24*60 -> 12 | W18: =(U18-T18)*24*60 -> 108 | AB18: =N18-K18 -> -67.777778 | AC18: =N18/K18 -> 0.96611111
B19: 義大利麵 | D19: 義式蕃茄起司義大利麵 | F19: =VLOOKUP(D19,廠價表!$C$1:$E$39,3,0) -> 50.39 | G19: 3026 | H19: =F19*G19 -> 152480.14 | J19: =VLOOKUP(D19,產線配置圖!$A$2:$C$38,2,0) -> 12 | K19: =VLOOKUP(D19,產線配置圖!$A$2:$C$38,3,0) -> 2000 | L19: =K19/J19 -> 166.66667 | M19: 12 | N19: =G19/W19*60 -> 1797.6238 | O19: =N19/M19 -> 149.80198 | P19: =M19-J19 -> 0 | Q19: =O19-L19 -> -16.864686 | R19: =O19/L19 -> 0.89881188 | T19: 0.56597222 | U19: 0.63611111 | V19: =(T19-U18)*24*60 -> 125 | W19: =(U19-T19)*24*60 -> 101 | AB19: =N19-K19 -> -202.37624 | AC19: =N19/K19 -> 0.89881188
B20: 義大利麵 | D20: 青醬蛤蜊義大利麵 | F20: =VLOOKUP(D20,廠價表!$C$1:$E$39,3,0) -> 50.67 | G20: 1156 | H20: =F20*G20 -> 58574.52 | J20: =VLOOKUP(D20,產線配置圖!$A$2:$C$38,2,0) -> 13 | K20: =VLOOKUP(D20,產線配置圖!$A$2:$C$38,3,0) -> 2000 | L20: =K20/J20 -> 153.84615 | M20: 13 | N20: =G20/W20*60 -> 1926.6667 | O20: =N20/M20 -> 148.20513 | P20: =M20-J20 -> 0 | Q20: =O20-L20 -> -5.6410256 | R20: =O20/L20 -> 0.96333333 | T20: 0.65833333 | U20: 0.68333333 | V20: =(T20-U19)*24*60 -> 32 | W20: =(U20-T20)*24*60 -> 36
H21: =F21*G21 -> 0 | W21: 0
H22: =F22*G22 -> 0 | W22: 0
H23: =F23*G23 -> 0 | W23: =(U23-T23)*24*60 -> 0
H24: =F24*G24 -> 0 | W24: =(U24-T24)*24*60 -> 0
H25: =F25*G25 -> 0 | W25: =(U25-T25)*24*60 -> 0
C26: 4度二組A | D26: 平均 | J26: =AVERAGE(J16:J25) -> 12.6 | K26: =AVERAGE(K16:K25) -> 2021 | L26: =AVERAGE(L16:L25) -> 160.58974 | M26: =AVERAGE(M16:M25) -> 12.6 | N26: =AVERAGE(N16:N25) -> 1897.1532 | O26: =AVERAGE(O16:O25) -> 150.71671 | P26: =M26-J26 -> 0 | Q26: =O26-L26 -> -9.8730314 | R26: =O26/L26 -> 0.93852016 | AB26: =N26-K26 -> -123.84684 | AC26: =N26/K26 -> 0.93872002
A27: 手工三線 (ET-55) | B27: 義大利麵 | D27: 青花椒麻雞肉拌麵 | F27: =VLOOKUP(D27,廠價表!$C$1:$E$39,3,0) -> 49.91 | G27: 3612 | H27: =F27*G27 -> 180274.92 | J27: =VLOOKUP(D27,產線配置圖!$A$2:$C$38,2,0) -> 17 | K27: =VLOOKUP(D27,產線配置圖!$A$2:$C$38,3,0) -> 1565 | L27: =K27/J27 -> 92.058824 | M27: 17 | N27: =G27/W27*60 -> 1297.7246 | O27: =N27/M27 -> 76.336738 | P27: =M27-J27 -> 0 | Q27: =O27-L27 -> -15.722085 | R27: =O27/L27 -> 0.82921697 | S27: =R37 -> 0.85563026 | T27: 0.29027778 | U27: 0.40625 | W27: =(U27-T27)*24*60 -> 167 | AB27: =N27-K27 -> -267.27545 | AC27: =N27/K27 -> 0.82921697 | AD27: =AC37 -> 0.8585546
B28: =VLOOKUP(D28,廠價表!$C$1:$E$39,2,0) -> 義大利麵 | D28: 奶油蒜香雞義大利麵 | F28: =VLOOKUP(D28,廠價表!$C$1:$E$39,3,0) -> 55.13 | G28: 1720 | H28: =F28*G28 -> 94823.6 | J28: =VLOOKUP(D28,產線配置圖!$A$2:$C$38,2,0) -> 18 | K28: =VLOOKUP(D28,產線配置圖!$A$2:$C$38,3,0) -> 1385 | L28: =K28/J28 -> 76.944444 | M28: 18 | N28: =G28/W28*60 -> 1159.5506 | O28: =N28/M28 -> 64.419476 | P28: =M28-J28 -> 0 | Q28: =O28-L28 -> -12.524969 | R28: =O28/L28 -> 0.83722062 | T28: 0.41180556 | U28: 0.47361111 | V28: =(T28-U27)*24*60 -> 8 | W28: =(U28-T28)*24*60 -> 89 | AB28: =N28-K28 -> -225.44944 | AC28: =N28/K28 -> 0.83722062
B29: 義大利麵 | D29: 奶油蒜香雞義大利麵 | F29: =VLOOKUP(D29,廠價表!$C$1:$E$39,3,0) -> 55.13 | G29: 850 | H29: =F29*G29 -> 46860.5 | J29: =VLOOKUP(D29,產線配置圖!$A$2:$C$38,2,0) -> 18 | K29: =VLOOKUP(D29,產線配置圖!$A$2:$C$38,3,0) -> 1385 | L29: =K29/J29 -> 76.944444 | M29: 18 | N29: =G29/W29*60 -> 1342.1053 | O29: =N29/M29 -> 74.561404 | P29: =M29-J29 -> 0 | Q29: =O29-L29 -> -2.3830409 | R29: =O29/L29 -> 0.96902907 | T29: 0.53819444 | U29: 0.56458333 | V29: =(T29-U28)*24*60 -> 93 | W29: =(U29-T29)*24*60 -> 38 | X29: 0.54166667 | Y29: 0.58333333 | AB29: =N29-K29 -> -42.894737 | AC29: =N29/K29 -> 0.96902907
B30: 義大利麵 | D30: 奶油起司蝦仁通心粉 | F30: =VLOOKUP(D30,廠價表!$C$1:$E$39,3,0) -> 47.71 | G30: 2824 | H30: =F30*G30 -> 134733.04 | J30: =VLOOKUP(D30,產線配置圖!$A$2:$C$38,2,0) -> 15 | K30: =VLOOKUP(D30,產線配置圖!$A$2:$C$38,3,0) -> 1500 | L30: =K30/J30 -> 100 | M30: 15 | N30: =G30/W30*60 -> 1210.2857 | O30: =N30/M30 -> 80.685714 | P30: =M30-J30 -> 0 | Q30: =O30-L30 -> -19.314286 | R30: =O30/L30 -> 0.80685714 | T30: 0.57291667 | U30: 0.67013889 | W30: =(U30-T30)*24*60 -> 140
W31: =(U31-T31)*24*60 -> 0
H32: =F32*G32 -> 0 | W32: =(U32-T32)*24*60 -> 0
H33: =F33*G33 -> 0 | W33: =(U33-T33)*24*60 -> 0
H34: =F34*G34 -> 0 | W34: =(U34-T34)*24*60 -> 0
H35: =F35*G35 -> 0 | W35: =(U35-T35)*24*60 -> 0
H36: =F36*G36 -> 0 | W36: =(U36-T36)*24*60 -> 0
C37: 4度二組B | D37: 平均 | J37: =AVERAGE(J27:J36) -> 17 | K37: =AVERAGE(K27:K36) -> 1458.75 | L37: =AVERAGE(L27:L36) -> 86.486928 | M37: =AVERAGE(M27:M36) -> 17 | N37: =AVERAGE(N27:N36) -> 1252.4165 | O37: =AVERAGE(O27:O36) -> 74.000833 | P37: =M37-J37 -> 0 | Q37: =N37-K37 -> -206.33348 | R37: =O37/L37 -> 0.85563026 | AB37: =N37-K37 -> -206.33348 | AC37: =N37/K37 -> 0.8585546
A38: 手工四線 (ET-55) | B38: 義大利麵 | D38: 濃拿坡里義大利麵 | F38: =VLOOKUP(D38,廠價表!$C$1:$E$39,3,0) -> 56.43 | G38: 4253 | H38: =F38*G38 -> 239996.79 | J38: =VLOOKUP(D38,產線配置圖!$A$2:$C$38,2,0) -> 15 | K38: =VLOOKUP(D38,產線配置圖!$A$2:$C$38,3,0) -> 1406 | L38: =K38/J38 -> 93.733333 | M38: 15 | N38: =G38/W38*60 -> 1159.9091 | O38: =N38/M38 -> 77.327273 | P38: =M38-J38 -> 0 | Q38: =O38-L38 -> -16.406061 | R38: =O38/L38 -> 0.8249709 | S38: =R48 -> 0.83340877 | T38: 0.33333333 | U38: 0.48611111 | W38: =(U38-T38)*24*60 -> 220 | AB38: =N38-K38 -> -246.09091 | AC38: =N38/K38 -> 0.8249709 | AD38: =AC48 -> 0.83340877
B39: 義大利麵 | D39: 濃拿坡里義大利麵 | F39: =VLOOKUP(D39,廠價表!$C$1:$E$39,3,0) -> 56.43 | G39: 1085 | H39: =F39*G39 -> 61226.55 | J39: =VLOOKUP(D39,產線配置圖!$A$2:$C$38,2,0) -> 15 | K39: =VLOOKUP(D39,產線配置圖!$A$2:$C$38,3,0) -> 1406 | L39: =K39/J39 -> 93.733333 | M39: 15 | N39: =G39/W39*60 -> 1183.6364 | O39: =N39/M39 -> 78.909091 | P39: =M39-J39 -> 0 | Q39: =O39-L39 -> -14.824242 | R39: =O39/L39 -> 0.84184663 | T39: 0.53819444 | U39: 0.57638889 | V39: =(T39-U38)*24*60 -> 75 | W39: =(U39-T39)*24*60 -> 55 | X39: 0.5 | Y39: 0.54166667 | AB39: =N39-K39 -> -222.36364 | AC39: =N39/K39 -> 0.84184663
W40: =(U40-T40)*24*60 -> 0 | AB40: =N40-K40 -> 0 | AC40: =N40/K40 -> #DIV/0!
W41: =(U41-T41)*24*60 -> 0
H42: =F42*G42 -> 0 | W42: =(U42-T42)*24*60 -> 0
H43: =F43*G43 -> 0 | W43: =(U43-T43)*24*60 -> 0
H44: =F44*G44 -> 0 | W44: =(U44-T44)*24*60 -> 0
H45: =F45*G45 -> 0 | W45: =(U45-T45)*24*60 -> 0
H46: =F46*G46 -> 0 | W46: =(U46-T46)*24*60 -> 0
H47: =F47*G47 -> 0 | W47: =(U47-T47)*24*60 -> 0
C48: 4度二組C1 | D48: 平均 | J48: =AVERAGE(J38:J47) -> 15 | K48: =AVERAGE(K38:K47) -> 1406 | L48: =AVERAGE(L38:L47) -> 93.733333 | M48: =AVERAGE(M38:M47) -> 15 | N48: =AVERAGE(N38:N47) -> 1171.7727 | O48: =AVERAGE(O38:O47) -> 78.118182 | P48: =M48-J48 -> 0 | Q48: =N48-K48 -> -234.22727 | R48: =O48/L48 -> 0.83340877 | W48: =(U48-T48)*24*60 -> 0 | AB48: =N48-K48 -> -234.22727 | AC48: =N48/K48 -> 0.83340877
A49: 手工五線 (ET-55) | B49: =VLOOKUP(D49,廠價表!$C$1:$E$39,2,0) -> 義大利麵 | D49: 剝皮辣椒雞奶油扁麵 | F49: =VLOOKUP(D49,廠價表!$C$1:$E$39,3,0) -> 56.87 | G49: 3560 | H49: =F49*G49 -> 202457.2 | J49: =VLOOKUP(D49,產線配置圖!$A$2:$C$38,2,0) -> 19 | K49: =VLOOKUP(D49,產線配置圖!$A$2:$C$38,3,0) -> 1565 | L49: =K49/J49 -> 82.368421 | M49: 19 | N49: =G49/W49*60 -> 1433.557 | O49: =N49/M49 -> 75.450371 | P49: =M49-J49 -> 0 | Q49: =O49-L49 -> -6.9180502 | R49: =O49/L49 -> 0.91601089 | S49: =R58 -> 0.95258604 | T49: 0.29027778 | U49: 0.39375 | W49: =(U49-T49)*24*60 -> 149 | AB49: =N49-K49 -> -131.44295 | AC49: =N49/K49 -> 0.91601089 | AD49: =AC58 -> 0.95195379
B50: =VLOOKUP(D50,廠價表!$C$1:$E$39,2,0) -> 義大利麵 | D50: 焗烤起司雙饗筆尖麵 | F50: =VLOOKUP(D50,廠價表!$C$1:$E$39,3,0) -> 49.97 | G50: 2881 | H50: =F50*G50 -> 143963.57 | J50: =VLOOKUP(D50,產線配置圖!$A$2:$C$38,2,0) -> 18 | K50: =VLOOKUP(D50,產線配置圖!$A$2:$C$38,3,0) -> 1600 | L50: =K50/J50 -> 88.888889 | M50: 18 | N50: =G50/W50*60 -> 1557.2973 | O50: =N50/M50 -> 86.516517 | P50: =M50-J50 -> 0 | Q50: =O50-L50 -> -2.3723724 | R50: =O50/L50 -> 0.97331081 | T50: 0.39791667 | U50: 0.475 | V50: =(T50-U49)*24*60 -> 6 | W50: =(U50-T50)*24*60 -> 111 | AB50: =N50-K50 -> -42.702703 | AC50: =N50/K50 -> 0.97331081
B51: =VLOOKUP(D51,廠價表!$C$1:$E$39,2,0) -> 義大利麵 | D51: 焗烤起司雙饗筆尖麵 | F51: =VLOOKUP(D51,廠價表!$C$1:$E$39,3,0) -> 49.97 | G51: 3760 | H51: =F51*G51 -> 187887.2 | J51: =VLOOKUP(D51,產線配置圖!$A$2:$C$38,2,0) -> 18 | K51: =VLOOKUP(D51,產線配置圖!$A$2:$C$38,3,0) -> 1600 | L51: =K51/J51 -> 88.888889 | M51: 18 | N51: =G51/W51*60 -> 1545.2055 | O51: =N51/M51 -> 85.844749 | P51: =M51-J51 -> 0 | Q51: =O51-L51 -> -3.04414 | R51: =O51/L51 -> 0.96575342 | T51: 0.53472222 | U51: 0.63611111 | V51: =(T51-U50)*24*60 -> 86 | W51: =(U51-T51)*24*60 -> 146 | X51: 0.50347222 | Y51: 0.54513889 | AB51: =N51-K51 -> -54.794521 | AC51: =N51/K51 -> 0.96575342
W52: =(U52-T52)*24*60 -> 0 | AB52: =N52-K52 -> 0 | AC52: =N52/K52 -> #DIV/0!
W53: =(U53-T53)*24*60 -> 0
H54: =F54*G54 -> 0 | W54: =(U54-T54)*24*60 -> 0
H55: =F55*G55 -> 0 | W55: =(U55-T55)*24*60 -> 0
H56: =F56*G56 -> 0 | W56: =(U56-T56)*24*60 -> 0
H57: =F57*G57 -> 0 | W57: =(U57-T57)*24*60 -> 0
C58: 4度二組C2 | D58: 平均 | J58: =AVERAGE(J49:J57) -> 18.333333 | K58: =AVERAGE(K49:K57) -> 1588.3333 | L58: =AVERAGE(L49:L57) -> 86.7154 | M58: =AVERAGE(M49:M57) -> 18.333333 | N58: =AVERAGE(N49:N57) -> 1512.0199 | O58: =AVERAGE(O49:O57) -> 82.603879 | P58: =M58-J58 -> 0 | Q58: =N58-K58 -> -76.313392 | R58: =O58/L58 -> 0.95258604 | AB58: =N58-K58 -> -76.313392 | AC58: =N58/K58 -> 0.95195379
A59: 調理包一線 (八爪機) | B59: =VLOOKUP(D59,廠價表!$C$1:$E$39,2,0) -> 小吃、微波 | D59: 小滷青蔬 | F59: =VLOOKUP(D59,廠價表!$C$1:$E$39,3,0) -> 26.99 | G59: 3133 | H59: =F59*G59 -> 84559.67 | J59: =VLOOKUP(D59,產線配置圖!$A$2:$C$38,2,0) -> 13 | K59: =VLOOKUP(D59,產線配置圖!$A$2:$C$38,3,0) -> 1565 | L59: =K59/J59 -> 120.38462 | M59: 13 | N59: =G59/W59*60 -> 1553.5537 | O59: =N59/M59 -> 119.50413 | P59: =M59-J59 -> 0 | Q59: =O59-L59 -> -0.88048315 | R59: =O59/L59 -> 0.99268608 | S59: =R69 -> 0.87608652 | T59: 0.29097222 | U59: 0.375 | W59: =(U59-T59)*24*60 -> 121 | AB59: =N59-K59 -> -11.446281 | AC59: =N59/K59 -> 0.99268608 | AD59: =AC69 -> 0.87696392
B60: =VLOOKUP(D60,廠價表!$C$1:$E$39,2,0) -> 小吃、微波 | D60: 台式綜合甜不辣 | F60: =VLOOKUP(D60,廠價表!$C$1:$E$39,3,0) -> 28.47 | G60: 998 | H60: =F60*G60 -> 28413.06 | J60: =VLOOKUP(D60,產線配置圖!$A$2:$C$38,2,0) -> 12 | K60: =VLOOKUP(D60,產線配置圖!$A$2:$C$38,3,0) -> 1565 | L60: =K60/J60 -> 130.41667 | M60: 12 | N60: =G60/W60*60 -> 1330.6667 | O60: =N60/M60 -> 110.88889 | P60: =M60-J60 -> 0 | Q60: =O60-L60 -> -19.527778 | R60: =O60/L60 -> 0.85026624 | T60: 0.38541667 | U60: 0.41666667 | V60: =(T60-U59)*24*60 -> 15 | W60: =(U60-T60)*24*60 -> 45 | AB60: =N60-K60 -> -234.33333 | AC60: =N60/K60 -> 0.85026624
B61: =VLOOKUP(D61,廠價表!$C$1:$E$39,2,0) -> 小吃、微波 | D61: 起司馬鈴薯 | F61: =VLOOKUP(D61,廠價表!$C$1:$E$39,3,0) -> 28.26 | G61: 2736 | H61: =F61*G61 -> 77319.36 | J61: =VLOOKUP(D61,產線配置圖!$A$2:$C$38,2,0) -> 12 | K61: =VLOOKUP(D61,產線配置圖!$A$2:$C$38,3,0) -> 1565 | L61: =K61/J61 -> 130.41667 | M61: 12 | N61: =G61/W61*60 -> 1345.5738 | O61: =N61/M61 -> 112.13115 | P61: =M61-J61 -> 0 | Q61: =O61-L61 -> -18.285519 | R61: =O61/L61 -> 0.85979155 | T61: 0.42569444 | U61: 0.51041667 | V61: =(T61-U60)*24*60 -> 13 | W61: =(U61-T61)*24*60 -> 122 | AB61: =N61-K61 -> -219.42623 | AC61: =N61/K61 -> 0.85979155
B62: =VLOOKUP(D62,廠價表!$C$1:$E$39,2,0) -> 小吃、微波 | D62: 小滷青蔬 | F62: =VLOOKUP(D62,廠價表!$C$1:$E$39,3,0) -> 26.99 | G62: 2184 | H62: =F62*G62 -> 58946.16 | J62: =VLOOKUP(D62,產線配置圖!$A$2:$C$38,2,0) -> 13 | K62: =VLOOKUP(D62,產線配置圖!$A$2:$C$38,3,0) -> 1565 | L62: =K62/J62 -> 120.38462 | M62: 13 | N62: =G62/W62*60 -> 1260 | O62: =N62/M62 -> 96.923077 | P62: =M62-J62 -> 0 | Q62: =O62-L62 -> -23.461538 | R62: =O62/L62 -> 0.80511182 | T62: 0.56111111 | U62: 0.63333333 | V62: =(T62-U61)*24*60 -> 73 | W62: =(U62-T62)*24*60 -> 104 | X62: 0.49652778 | Y62: 0.53819444 | AB62: =N62-K62 -> -305 | AC62: =N62/K62 -> 0.80511182
H63: =F63*G63 -> 0 | W63: =(U63-T63)*24*60 -> 0 | AB63: =N63-K63 -> 0 | AC63: =N63/K63 -> #DIV/0!
H64: =F64*G64 -> 0 | W64: =(U64-T64)*24*60 -> 0
H65: =F65*G65 -> 0 | W65: =(U65-T65)*24*60 -> 0
H66: =F66*G66 -> 0 | W66: =(U66-T66)*24*60 -> 0
H67: =F67*G67 -> 0 | W67: =(U67-T67)*24*60 -> 0
H68: =F68*G68 -> 0 | W68: =(U68-T68)*24*60 -> 0
C69: 4度三組 | D69: 平均 | J69: =AVERAGE(J59:J68) -> 12.5 | K69: =AVERAGE(K59:K68) -> 1565 | L69: =AVERAGE(L59:L68) -> 125.40064 | M69: =AVERAGE(M59:M68) -> 12.5 | N69: =AVERAGE(N59:N68) -> 1372.4485 | O69: =AVERAGE(O59:O68) -> 109.86181 | P69: =M69-J69 -> 0 | Q69: =N69-K69 -> -192.55146 | R69: =O69/L69 -> 0.87608652 | AB69: =N69-K69 -> -192.55146 | AC69: =N69/K69 -> 0.87696392
A70: 調理包二線 (手工) | B70: 義大利麵 | D70: 奶油起司蝦仁通心粉 | F70: =VLOOKUP(D70,廠價表!$C$1:$E$39,3,0) -> 47.71 | G70: 4224 | H70: =F70*G70 -> 201527.04 | J70: =VLOOKUP(D70,產線配置圖!$A$2:$C$38,2,0) -> 15 | K70: =VLOOKUP(D70,產線配置圖!$A$2:$C$38,3,0) -> 1500 | L70: =K70/J70 -> 100 | M70: 14 | N70: =G70/W70*60 -> 1206.8571 | O70: =N70/M70 -> 86.204082 | P70: =M70-J70 -> -1 | Q70: =O70-L70 -> -13.795918 | R70: =O70/L70 -> 0.86204082 | S70: =R79 -> 0.82443202 | T70: 0.34444444 | U70: 0.49027778 | W70: =(U70-T70)*24*60 -> 210 | AB70: =N70-K70 -> -293.14286 | AC70: =N70/K70 -> 0.80457143 | AD70: =AC79 -> 0.78689529
B71: 義大利麵 | D71: 焗烤明太子筆尖麵 | F71: 56.87 | G71: 2844 | H71: 78708.08 | J71: =VLOOKUP(D71,產線配置圖!$A$2:$C$38,2,0) -> 15 | K71: =VLOOKUP(D71,產線配置圖!$A$2:$C$38,3,0) -> 1385 | L71: =K71/J71 -> 92.333333 | M71: 14 | N71: =G71/W71*60 -> 922.37838 | O71: =N71/M71 -> 65.88417 | P71: =M71-J71 -> -1 | Q71: =O71-L71 -> -26.449163 | R71: =O71/L71 -> 0.71354697 | T71: 0.55555556 | U71: 0.68402778 | V71: =(T71-U70)*24*60 -> 94 | W71: =(U71-T71)*24*60 -> 185 | X71: 0.5 | Y71: 0.54166667 | Z71: 封口設備異常 | AB71: =N71-K71 -> -462.62162 | AC71: =N71/K71 -> 0.66597717
W72: =(U72-T72)*24*60 -> 0
W73: =(U73-T73)*24*60 -> 0
H74: =F74*G74 -> 0 | W74: =(U74-T74)*24*60 -> 0
H75: =F75*G75 -> 0 | W75: =(U75-T75)*24*60 -> 0
H76: =F76*G76 -> 0 | W76: =(U76-T76)*24*60 -> 0
H77: =F77*G77 -> 0 | W77: =(U77-T77)*24*60 -> 0
H78: =F78*G78 -> 0 | W78: =(U78-T78)*24*60 -> 0
C79: 4度四組 | D79: 平均 | J79: =AVERAGE(J69:J78) -> 14.166667 | K79: =AVERAGE(K69:K78) -> 1483.3333 | L79: =AVERAGE(L69:L78) -> 105.91132 | M79: =AVERAGE(M69:M78) -> 13.5 | N79: =AVERAGE(N69:N78) -> 1167.228 | O79: =AVERAGE(O69:O78) -> 87.316688 | P79: =M79-J79 -> -0.66666667 | Q79: =N79-K79 -> -316.10531 | R79: =O79/L79 -> 0.82443202 | AB79: =N79-K79 -> -316.10531 | AC79: =N79/K79 -> 0.78689529
AF80: 1.當日出勤人數較多
AF81: 2.當日出勤人數較少
AF82: 3.當日出勤熟手較少
AF83: 4.當日出勤新人較多
AF84: 5.機台夾盒
AF85: 6.封膜不順
AF86: 7.更換膠膜
AF87: 8.更換碳帶
AF88: 9.當日熱轉印碳帶異常
AF89: 10.訂單量過少
AF90: 11.新品上市，尚未熟悉
AF91: 12.商品結構，產能較低
AF92: 13.區域出貨，分段生產

Sheet 1103總 
B1: 長家廠組合室生產人時性分析
B3: 日期 | D3: 45964 | F3: 訂單量 | G3: ='1103'!E1 -> 56473 | I3: 營業額 | J3: ='1103'!G1 -> 2731807.4
B4: 項目 | D4: 3 | F4: ➀ | H4: ➁ | J4: ③
B5: 人時性 | D5: 組合室 | F5: 全溫層 | H5: 義大利麵 | J5: 袋裝小吃、義麵
D6: 排關平均 | F6: =AVERAGE(D13:J13) -> 115.5849 | H6: =AVERAGE(D13:H13) -> 114.19867 | J6: =AVERAGE(I13:J13) -> 119.05048
D7: 實績平均 | F7: =AVERAGE(D14:J14) -> 102.1865 | H7: =AVERAGE(D14:H14) -> 100.96666 | J7: =AVERAGE(I14:J14) -> 105.2361
D8: 達成率平均 | F8: =AVERAGE(D15:J15) -> 0.88659775 | H8: =AVERAGE(D15:H15) -> 0.8877674 | J8: =AVERAGE(I15:J15) -> 0.88367362 | L8: ※現行日本鮮食廠以達成率80%為基本(即為現行KPI)
B10: 溫層 | D10: 4度C-各編組展開
B11: 編組 | D11: 1 | E11: 2 | F11: 3 | G11: 4 | H11: 5 | I11: 6 | J11: 7
D12: 自動1線 | E12: 自動2線 | F12: 手工3線 | G12: 手工4線 | H12: 手工5線 | I12: 調理包1線 | J12: 調理包2線
B13: 人時性 | C13: 排關 | D13: =VALUE('1103'!L15) -> 146.98643 | E13: =VALUE('1103'!L26) -> 162.27564 | F13: =VALUE('1103'!L37) -> 81.982571 | G13: =VALUE('1103'!L48) -> 93.033333 | H13: =VALUE('1103'!L58) -> 86.7154 | I13: =VALUE('1103'!L69) -> 125.40064 | J13: =VALUE('1103'!L79) -> 112.70032
C14: 實績 | D14: =VALUE('1103'!O15) -> 129.91248 | E14: =VALUE('1103'!O26) -> 141.83473 | F14: =VALUE('1103'!O37) -> 75.920595 | G14: =VALUE('1103'!O48) -> 73.454545 | H14: =VALUE('1103'!O58) -> 83.710935 | I14: =VALUE('1103'!O69) -> 111.49128 | J14: =VALUE('1103'!O79) -> 98.980932
C15: 達成率 | D15: =D14/D13 -> 0.88384001 | E15: =E14/E13 -> 0.87403585 | F15: =F14/F13 -> 0.92605775 | G15: =G14/G13 -> 0.78955083 | H15: =H14/H13 -> 0.96535258 | I15: =I14/I13 -> 0.88908059 | J15: =J14/J13 -> 0.87826664
B16: 作業 時間 | C16: 開始 | D16: ='1103'!T5 -> 0.29027778 | E16: ='1103'!T16 -> 0.28958333 | F16: ='1103'!T27 -> 0.29097222 | G16: ='1103'!T38 -> 0.33333333 | H16: ='1103'!T49 -> 0.29027778 | I16: ='1103'!T59 -> 0.29166667 | J16: ='1103'!T70 -> 0.33819444
C17: 結束 | D17: 0.62916667 | E17: 0.62013889 | F17: 0.57916667 | G17: 0.59722222 | H17: 0.62777778 | I17: 0.625 | J17: 0.50347222
B18: 配置人數 | D18: =VALUE('1103'!M15) -> 13.8 | E18: =VALUE('1103'!M26) -> 12.5 | F18: =VALUE('1103'!M37) -> 15 | G18: =VALUE('1103'!M48) -> 15 | H18: =VALUE('1103'!M58) -> 18.333333 | I18: =VALUE('1103'!M69) -> 12.5 | J18: =VALUE('1103'!M79) -> 13.25
B19: 主要應用設備 | D19: ET-600 | E19: ET-600 | F19: ET-55 | G19: ET-55 | H19: ET-55 | I19: 八爪機 | J19: ET-55
B20: 次要應用設備 | H20: 封口機
B21: 備註

Sheet 1103
A1: 長家廠4度C日報分析 | D1: 總生產量 | E1: =SUM(G5:G79) -> 56473 | F1: 營業額 | G1: =SUM(H5:H79) -> 2731807.4 | H1: 出勤人數 | I1: =M15+M26+M48+M58+M69+M79+M37 -> 100.38333 | J1: 產線配置圖 | M1: 生產實績 | P1: 人時性差異分析 | T1: 日報登錄 | Z1: 分析說明 | AB1: 產能差異分析
A2: 11月03日 星期一 | D2: 人時性 | E2: =AVERAGE(O15,O26,O37,O48,O58,O69,O79) -> 102.1865 | F2: 平均廠價 | G2: =G1/E1 -> 48.37369 | H2: 多次生產數 | I2: =COUNT(I5:I79) -> 0
A3: 線別 | B3: 品類 | D3: 品名 | F3: 廠價 | G3: 生產量 | H3: 營收 | I3: 多次 生產 | J3: 人數 | K3: 產能/時 | L3: 人時性 | M3: 人數 | N3: 產能/時 | O3: 人時性 | P3: 人數 | Q3: 人時性 | R3: 達成率 | S3: 達成率平均 | T3: 生產時間 | V3: 前置、換線時間/分 | W3: 稼動時間/分 | X3: 休息時間 | Z3: (長家回填) | AB3: 產能/時 | AC3: 達成率 | AD3: 達成率平均
T4: 開始 | U4: 結束 | X4: 開始 | Y4: 結束
A5: 自動一線 (ET-600) | B5: =VLOOKUP(D5,廠價表!$C$1:$E$39,2,0) -> 義大利麵 | D5: 白酒蛤蜊義大利麵 | F5: =VLOOKUP(D5,廠價表!$C$1:$E$39,3,0) -> 57.21 | G5: 1799 | H5: =F5*G5 -> 102920.79 | J5: =VLOOKUP(D5,產線配置圖!$A$2:$C$38,2,0) -> 13 | K5: =VLOOKUP(D5,產線配置圖!$A$2:$C$38,3,0) -> 2105 | L5: =K5/J5 -> 161.92308 | M5: 13 | N5: =G5/W5*60 -> 1927.5 | O5: =N5/M5 -> 148.26923 | P5: =M5-J5 -> 0 | Q5: =O5-L5 -> -13.653846 | R5: =O5/L5 -> 0.91567696 | S5: =R15 -> 0.88384001 | T5: 0.29027778 | U5: 0.32916667 | W5: =(U5-T5)*24*60 -> 56 | AB5: =N5-K5 -> -177.5 | AC5: =N5/K5 -> 0.91567696 | AD5: =AC15 -> 0.88844924
B6: =VLOOKUP(D6,廠價表!$C$1:$E$39,2,0) -> 義大利麵 | D6: 青醬蛤蜊義大利麵 | F6: =VLOOKUP(D6,廠價表!$C$1:$E$39,3,0) -> 50.67 | G6: 1398 | H6: =F6*G6 -> 70836.66 | J6: =VLOOKUP(D6,產線配置圖!$A$2:$C$38,2,0) -> 13 | K6: =VLOOKUP(D6,產線配置圖!$A$2:$C$38,3,0) -> 2000 | L6: =K6/J6 -> 153.84615 | M6: 13 | N6: =G6/W6*60 -> 1784.6809 | O6: =N6/M6 -> 137.28314 | P6: =M6-J6 -> 0 | Q6: =O6-L6 -> -16.563011 | R6: =O6/L6 -> 0.89234043 | T6: 0.33680556 | U6: 0.36944444 | V6: =(T6-U5)*24*60 -> 11 | W6: =(U6-T6)*24*60 -> 47 | AB6: =N6-K6 -> -215.31915 | AC6: =N6/K6 -> 0.89234043
B7: =VLOOKUP(D7,廠價表!$C$1:$E$39,2,0) -> 義大利麵 | D7: 韓式起司炸雞義大利麵 | F7: =VLOOKUP(D7,廠價表!$C$1:$E$39,3,0) -> 57.21 | G7: 2432 | H7: =F7*G7 -> 139134.72 | J7: =VLOOKUP(D7,產線配置圖!$A$2:$C$38,2,0) -> 17 | K7: =VLOOKUP(D7,產線配置圖!$A$2:$C$38,3,0) -> 1895 | L7: =K7/J7 -> 111.47059 | M7: 17 | N7: =G7/W7*60 -> 1870.7692 | O7: =N7/M7 -> 110.04525 | P7: =M7-J7 -> 0 | Q7: =O7-L7 -> -1.4253394 | R7: =O7/L7 -> 0.98721331 | T7: 0.37638889 | U7: 0.43055556 | V7: =(T7-U6)*24*60 -> 10 | W7: =(U7-T7)*24*60 -> 78 | AB7: =N7-K7 -> -24.230769 | AC7: =N7/K7 -> 0.98721331
B8: =VLOOKUP(D8,廠價表!$C$1:$E$39,2,0) -> 義大利麵 | D8: 奶油培根義大利麵 | F8: =VLOOKUP(D8,廠價表!$C$1:$E$39,3,0) -> 49.14 | G8: 1880 | H8: =F8*G8 -> 92383.2 | J8: =VLOOKUP(D8,產線配置圖!$A$2:$C$38,2,0) -> 13 | K8: =VLOOKUP(D8,產線配置圖!$A$2:$C$38,3,0) -> 2000 | L8: =K8/J8 -> 153.84615 | M8: 13 | N8: =G8/W8*60 -> 1819.3548 | O8: =N8/M8 -> 139.95037 | P8: =M8-J8 -> 0 | Q8: =O8-L8 -> -13.895782 | R8: =O8/L8 -> 0.90967742 | T8: 0.43611111 | U8: 0.47916667 | V8: =(T8-U7)*24*60 -> 8 | W8: =(U8-T8)*24*60 -> 62 | AB8: =N8-K8 -> -180.64516 | AC8: =N8/K8 -> 0.90967742
B9: =VLOOKUP(D9,廠價表!$C$1:$E$39,2,0) -> 義大利麵 | D9: 奶油培根義大利麵 | F9: =VLOOKUP(D9,廠價表!$C$1:$E$39,3,0) -> 49.14 | G9: 3162 | H9: =F9*G9 -> 155380.68 | J9: =VLOOKUP(D9,產線配置圖!$A$2:$C$38,2,0) -> 13 | K9: =VLOOKUP(D9,產線配置圖!$A$2:$C$38,3,0) -> 2000 | L9: =K9/J9 -> 153.84615 | M9: 13 | N9: =G9/W9*60 -> 1482.1875 | O9: =N9/M9 -> 114.01442 | P9: =M9-J9 -> 0 | Q9: =O9-L9 -> -39.831731 | R9: =O9/L9 -> 0.74109375 | T9: 0.54027778 | U9: 0.62916667 | V9: =(T9-U8)*24*60 -> 88 | W9: =(U9-T9)*24*60 -> 128 | X9: 0.48611111 | Y9: 0.52777778 | Z9: 14:08~14:42待麵，停線
W10: =(U10-T10)*24*60 -> 0
H11: =F11*G11 -> 0 | W11: =(U11-T11)*24*60 -> 0
H12: =F12*G12 -> 0 | W12: =(U12-T12)*24*60 -> 0
H13: =F13*G13 -> 0 | W13: =(U13-T13)*24*60 -> 0
H14: =F14*G14 -> 0 | W14: =(U14-T14)*24*60 -> 0
C15: 4度一組 | D15: 平均 | J15: =AVERAGE(J5:J14) -> 13.8 | K15: =AVERAGE(K5:K14) -> 2000 | L15: =AVERAGE(L5:L14) -> 146.98643 | M15: =AVERAGE(M5:M14) -> 13.8 | N15: =AVERAGE(N5:N14) -> 1776.8985 | O15: =AVERAGE(O5:O14) -> 129.91248 | P15: =M15-J15 -> 0 | Q15: =O15-L15 -> -17.073942 | R15: =O15/L15 -> 0.88384001 | AB15: =N15-K15 -> -223.10152 | AC15: =N15/K15 -> 0.88844924
A16: 自動二線 (ET-600) | B16: 義大利麵 | D16: 白酒蛤蜊義大利麵 | F16: =VLOOKUP(D16,廠價表!$C$1:$E$39,3,0) -> 57.21 | G16: 1749 | H16: =F16*G16 -> 100060.29 | J16: =VLOOKUP(D16,產線配置圖!$A$2:$C$38,2,0) -> 13 | K16: =VLOOKUP(D16,產線配置圖!$A$2:$C$38,3,0) -> 2105 | L16: =K16/J16 -> 161.92308 | M16: 13 | N16: =G16/W16*60 -> 1873.9286 | O16: =N16/M16 -> 144.14835 | P16: =M16-J16 -> 0 | Q16: =O16-L16 -> -17.774725 | R16: =O16/L16 -> 0.89022735 | S16: =R26 -> 0.87403585 | T16: 0.28958333 | U16: 0.32847222 | W16: =(U16-T16)*24*60 -> 56 | AB16: =N16-K16 -> -231.07143 | AC16: =N16/K16 -> 0.89022735 | AD16: =AC26 -> 0.87663581
B17: 義大利麵 | D17: 青醬蛤蜊義大利麵 | F17: =VLOOKUP(D17,廠價表!$C$1:$E$39,3,0) -> 50.67 | G17: 4009 | H17: =F17*G17 -> 203136.03 | J17: =VLOOKUP(D17,產線配置圖!$A$2:$C$38,2,0) -> 13 | K17: =VLOOKUP(D17,產線配置圖!$A$2:$C$38,3,0) -> 2000 | L17: =K17/J17 -> 153.84615 | M17: 13 | N17: =G17/W17*60 -> 1987.9339 | O17: =N17/M17 -> 152.91799 | P17: =M17-J17 -> 0 | Q17: =O17-L17 -> -0.92816275 | R17: =O17/L17 -> 0.99396694 | T17: 0.33611111 | U17: 0.42013889 | V17: =(T17-U16)*24*60 -> 11 | W17: =(U17-T17)*24*60 -> 121 | AB17: =N17-K17 -> -12.066116 | AC17: =N17/K17 -> 0.99396694
B18: 義大利麵 | D18: 義式蕃茄起司義大利麵 | F18: =VLOOKUP(D18,廠價表!$C$1:$E$39,3,0) -> 50.39 | G18: 2349 | H18: =F18*G18 -> 118366.11 | J18: =VLOOKUP(D18,產線配置圖!$A$2:$C$38,2,0) -> 12 | K18: =VLOOKUP(D18,產線配置圖!$A$2:$C$38,3,0) -> 2000 | L18: =K18/J18 -> 166.66667 | M18: 12 | N18: =G18/W18*60 -> 1879.2 | O18: =N18/M18 -> 156.6 | P18: =M18-J18 -> 0 | Q18: =O18-L18 -> -10.066667 | R18: =O18/L18 -> 0.9396 | T18: 0.42708333 | U18: 0.47916667 | V18: =(T18-U17)*24*60 -> 10 | W18: =(U18-T18)*24*60 -> 75 | AB18: =N18-K18 -> -120.8 | AC18: =N18/K18 -> 0.9396
B19: 義大利麵 | D19: 義式蕃茄起司義大利麵 | F19: =VLOOKUP(D19,廠價表!$C$1:$E$39,3,0) -> 50.39 | G19: 2569 | H19: =F19*G19 -> 129451.91 | J19: =VLOOKUP(D19,產線配置圖!$A$2:$C$38,2,0) -> 12 | K19: =VLOOKUP(D19,產線配置圖!$A$2:$C$38,3,0) -> 2000 | L19: =K19/J19 -> 166.66667 | M19: 12 | N19: =G19/W19*60 -> 1364.0708 | O19: =N19/M19 -> 113.67257 | P19: =M19-J19 -> 0 | Q19: =O19-L19 -> -52.9941 | R19: =O19/L19 -> 0.6820354 | T19: 0.54166667 | U19: 0.62013889 | V19: =(T19-U18)*24*60 -> 90 | W19: =(U19-T19)*24*60 -> 113 | X19: 0.5 | Y19: 0.54166667 | Z19: 14:08~14:42待麵，停線 | AB19: =N19-K19 -> -635.9292 | AC19: =N19/K19 -> 0.6820354
W20: =(U20-T20)*24*60 -> 0
H21: =F21*G21 -> 0 | W21: 0
H22: =F22*G22 -> 0 | W22: 0
H23: =F23*G23 -> 0 | W23: =(U23-T23)*24*60 -> 0
H24: =F24*G24 -> 0 | W24: =(U24-T24)*24*60 -> 0
H25: =F25*G25 -> 0 | W25: =(U25-T25)*24*60 -> 0
C26: 4度二組A | D26: 平均 | J26: =AVERAGE(J16:J25) -> 12.5 | K26: =AVERAGE(K16:K25) -> 2026.25 | L26: =AVERAGE(L16:L25) -> 162.27564 | M26: =AVERAGE(M16:M25) -> 12.5 | N26: =AVERAGE(N16:N25) -> 1776.2833 | O26: =AVERAGE(O16:O25) -> 141.83473 | P26: =M26-J26 -> 0 | Q26: =O26-L26 -> -20.440914 | R26: =O26/L26 -> 0.87403585 | AB26: =N26-K26 -> -249.96669 | AC26: =N26/K26 -> 0.87663581
A27: 手工三線 (ET-55) | B27: 義大利麵 | D27: 青花椒麻雞肉拌麵 | F27: =VLOOKUP(D27,廠價表!$C$1:$E$39,3,0) -> 49.91 | G27: 3657 | H27: =F27*G27 -> 182520.87 | J27: =VLOOKUP(D27,產線配置圖!$A$2:$C$38,2,0) -> 17 | K27: =VLOOKUP(D27,產線配置圖!$A$2:$C$38,3,0) -> 1565 | L27: =K27/J27 -> 92.058824 | M27: 15 | N27: =G27/W27*60 -> 1246.7045 | O27: =N27/M27 -> 83.113636 | P27: =M27-J27 -> -2 | Q27: =O27-L27 -> -8.9451872 | R27: =O27/L27 -> 0.90283183 | S27: =R37 -> 0.92605775 | T27: 0.29097222 | U27: 0.41319444 | W27: =(U27-T27)*24*60 -> 176 | AB27: =N27-K27 -> -318.29545 | AC27: =N27/K27 -> 0.79661632 | AD27: =AC37 -> 0.78810306
B28: =VLOOKUP(D28,廠價表!$C$1:$E$39,2,0) -> 義大利麵 | D28: 奶油蒜香雞義大利麵 | F28: =VLOOKUP(D28,廠價表!$C$1:$E$39,3,0) -> 55.13 | G28: 1542 | H28: =F28*G28 -> 85010.46 | J28: =VLOOKUP(D28,產線配置圖!$A$2:$C$38,2,0) -> 18 | K28: =VLOOKUP(D28,產線配置圖!$A$2:$C$38,3,0) -> 1385 | L28: =K28/J28 -> 76.944444 | M28: 15 | N28: =G28/W28*60 -> 1142.2222 | O28: =N28/M28 -> 76.148148 | P28: =M28-J28 -> -3 | Q28: =O28-L28 -> -0.7962963 | R28: =O28/L28 -> 0.98965102 | T28: 0.42361111 | U28: 0.47986111 | V28: =(T28-U27)*24*60 -> 15 | W28: =(U28-T28)*24*60 -> 81 | AB28: =N28-K28 -> -242.77778 | AC28: =N28/K28 -> 0.82470919
B29: 義大利麵 | D29: 奶油蒜香雞義大利麵 | F29: =VLOOKUP(D29,廠價表!$C$1:$E$39,3,0) -> 55.13 | G29: 1096 | H29: =F29*G29 -> 60422.48 | J29: =VLOOKUP(D29,產線配置圖!$A$2:$C$38,2,0) -> 18 | K29: =VLOOKUP(D29,產線配置圖!$A$2:$C$38,3,0) -> 1385 | L29: =K29/J29 -> 76.944444 | M29: 15 | N29: =G29/W29*60 -> 1027.5 | O29: =N29/M29 -> 68.5 | P29: =M29-J29 -> -3 | Q29: =O29-L29 -> -8.4444444 | R29: =O29/L29 -> 0.89025271 | T29: 0.53472222 | U29: 0.57916667 | V29: =(T29-U28)*24*60 -> 79 | W29: =(U29-T29)*24*60 -> 64 | X29: 0.48611111 | Y29: 0.52777778 | AB29: =N29-K29 -> -357.5 | AC29: =N29/K29 -> 0.74187726
W30: =(U30-T30)*24*60 -> 0
W31: =(U31-T31)*24*60 -> 0
H32: =F32*G32 -> 0 | W32: =(U32-T32)*24*60 -> 0
H33: =F33*G33 -> 0 | W33: =(U33-T33)*24*60 -> 0
H34: =F34*G34 -> 0 | W34: =(U34-T34)*24*60 -> 0
H35: =F35*G35 -> 0 | W35: =(U35-T35)*24*60 -> 0
H36: =F36*G36 -> 0 | W36: =(U36-T36)*24*60 -> 0
C37: 4度二組B | D37: 平均 | J37: =AVERAGE(J27:J36) -> 17.666667 | K37: =AVERAGE(K27:K36) -> 1445 | L37: =AVERAGE(L27:L36) -> 81.982571 | M37: =AVERAGE(M27:M36) -> 15 | N37: =AVERAGE(N27:N36) -> 1138.8089 | O37: =AVERAGE(O27:O36) -> 75.920595 | P37: =M37-J37 -> -2.6666667 | Q37: =N37-K37 -> -306.19108 | R37: =O37/L37 -> 0.92605775 | AB37: =N37-K37 -> -306.19108 | AC37: =N37/K37 -> 0.78810306
A38: 手工四線 (ET-55) | B38: 義大利麵 | D38: 濃拿坡里義大利麵 | F38: =VLOOKUP(D38,廠價表!$C$1:$E$39,3,0) -> 56.43 | G38: 2760 | H38: =F38*G38 -> 155746.8 | J38: =VLOOKUP(D38,產線配置圖!$A$2:$C$38,2,0) -> 15 | K38: =VLOOKUP(D38,產線配置圖!$A$2:$C$38,3,0) -> 1406 | L38: =K38/J38 -> 93.733333 | M38: 15 | N38: =G38/W38*60 -> 1003.6364 | O38: =N38/M38 -> 66.909091 | P38: =M38-J38 -> 0 | Q38: =O38-L38 -> -26.824242 | R38: =O38/L38 -> 0.71382387 | S38: =R48 -> 0.78955083 | T38: 0.33333333 | U38: 0.44791667 | W38: =(U38-T38)*24*60 -> 165 | Z38: 9:14~9:37蓋子不足停線貼標，4人補封膜216盒 | AB38: =N38-K38 -> -402.36364 | AC38: =N38/K38 -> 0.71382387 | AD38: =AC48 -> 0.78955083
B39: 義大利麵 | D39: 焗烤明太子筆尖麵 | F39: =VLOOKUP(D39,廠價表!$C$1:$E$39,3,0) -> 57.3 | G39: 2500 | H39: =F39*G39 -> 143250 | J39: =VLOOKUP(D39,產線配置圖!$A$2:$C$38,2,0) -> 15 | K39: =VLOOKUP(D39,產線配置圖!$A$2:$C$38,3,0) -> 1385 | L39: =K39/J39 -> 92.333333 | M39: 15 | N39: =G39/W39*60 -> 1200 | O39: =N39/M39 -> 80 | P39: =M39-J39 -> 0 | Q39: =O39-L39 -> -12.333333 | R39: =O39/L39 -> 0.86642599 | T39: 0.51041667 | U39: 0.59722222 | V39: =(T39-U38)*24*60 -> 90 | W39: =(U39-T39)*24*60 -> 125 | X39: 0.45833333 | Y39: 0.5 | AB39: =N39-K39 -> -185 | AC39: =N39/K39 -> 0.86642599
W40: =(U40-T40)*24*60 -> 0 | AB40: =N40-K40 -> 0 | AC40: =N40/K40 -> #DIV/0!
W41: =(U41-T41)*24*60 -> 0
H42: =F42*G42 -> 0 | W42: =(U42-T42)*24*60 -> 0
H43: =F43*G43 -> 0 | W43: =(U43-T43)*24*60 -> 0
H44: =F44*G44 -> 0 | W44: =(U44-T44)*24*60 -> 0
H45: =F45*G45 -> 0 | W45: =(U45-T45)*24*60 -> 0
H46: =F46*G46 -> 0 | W46: =(U46-T46)*24*60 -> 0
H47: =F47*G47 -> 0 | W47: =(U47-T47)*24*60 -> 0
C48: 4度二組C1 | D48: 平均 | J48: =AVERAGE(J38:J47) -> 15 | K48: =AVERAGE(K38:K47) -> 1395.5 | L48: =AVERAGE(L38:L47) -> 93.033333 | M48: =AVERAGE(M38:M47) -> 15 | N48: =AVERAGE(N38:N47) -> 1101.8182 | O48: =AVERAGE(O38:O47) -> 73.454545 | P48: =M48-J48 -> 0 | Q48: =N48-K48 -> -293.68182 | R48: =O48/L48 -> 0.78955083 | W48: =(U48-T48)*24*60 -> 0 | AB48: =N48-K48 -> -293.68182 | AC48: =N48/K48 -> 0.78955083
A49: 手工五線 (ET-55) | B49: =VLOOKUP(D49,廠價表!$C$1:$E$39,2,0) -> 義大利麵 | D49: 剝皮辣椒雞奶油扁麵 | F49: =VLOOKUP(D49,廠價表!$C$1:$E$39,3,0) -> 56.87 | G49: 3460 | H49: =F49*G49 -> 196770.2 | J49: =VLOOKUP(D49,產線配置圖!$A$2:$C$38,2,0) -> 19 | K49: =VLOOKUP(D49,產線配置圖!$A$2:$C$38,3,0) -> 1565 | L49: =K49/J49 -> 82.368421 | M49: 19 | N49: =G49/W49*60 -> 1482.8571 | O49: =N49/M49 -> 78.045113 | P49: =M49-J49 -> 0 | Q49: =O49-L49 -> -4.3233083 | R49: =O49/L49 -> 0.94751255 | S49: =R58 -> 0.96535258 | T49: 0.29027778 | U49: 0.3875 | W49: =(U49-T49)*24*60 -> 140 | AB49: =N49-K49 -> -82.142857 | AC49: =N49/K49 -> 0.94751255 | AD49: =AC58 -> 0.9650442
B50: =VLOOKUP(D50,廠價表!$C$1:$E$39,2,0) -> 義大利麵 | D50: 焗烤起司雙饗筆尖麵 | F50: =VLOOKUP(D50,廠價表!$C$1:$E$39,3,0) -> 49.97 | G50: 2889 | H50: =F50*G50 -> 144363.33 | J50: =VLOOKUP(D50,產線配置圖!$A$2:$C$38,2,0) -> 18 | K50: =VLOOKUP(D50,產線配置圖!$A$2:$C$38,3,0) -> 1600 | L50: =K50/J50 -> 88.888889 | M50: 18 | N50: =G50/W50*60 -> 1561.6216 | O50: =N50/M50 -> 86.756757 | P50: =M50-J50 -> 0 | Q50: =O50-L50 -> -2.1321321 | R50: =O50/L50 -> 0.97601351 | T50: 0.39305556 | U50: 0.47013889 | V50: =(T50-U49)*24*60 -> 8 | W50: =(U50-T50)*24*60 -> 111 | AB50: =N50-K50 -> -38.378378 | AC50: =N50/K50 -> 0.97601351
B51: =VLOOKUP(D51,廠價表!$C$1:$E$39,2,0) -> 義大利麵 | D51: 焗烤起司雙饗筆尖麵 | F51: =VLOOKUP(D51,廠價表!$C$1:$E$39,3,0) -> 49.97 | G51: 3600 | H51: =F51*G51 -> 179892 | J51: =VLOOKUP(D51,產線配置圖!$A$2:$C$38,2,0) -> 18 | K51: =VLOOKUP(D51,產線配置圖!$A$2:$C$38,3,0) -> 1600 | L51: =K51/J51 -> 88.888889 | M51: 18 | N51: =G51/W51*60 -> 1553.9568 | O51: =N51/M51 -> 86.330935 | P51: =M51-J51 -> 0 | Q51: =O51-L51 -> -2.5579536 | R51: =O51/L51 -> 0.97122302 | T51: 0.53125 | U51: 0.62777778 | V51: =(T51-U50)*24*60 -> 88 | W51: =(U51-T51)*24*60 -> 139 | X51: 0.47916667 | Y51: 0.52083333 | AB51: =N51-K51 -> -46.043165 | AC51: =N51/K51 -> 0.97122302
W52: =(U52-T52)*24*60 -> 0 | AB52: =N52-K52 -> 0 | AC52: =N52/K52 -> #DIV/0!
W53: =(U53-T53)*24*60 -> 0
H54: =F54*G54 -> 0 | W54: =(U54-T54)*24*60 -> 0
H55: =F55*G55 -> 0 | W55: =(U55-T55)*24*60 -> 0
H56: =F56*G56 -> 0 | W56: =(U56-T56)*24*60 -> 0
H57: =F57*G57 -> 0 | W57: =(U57-T57)*24*60 -> 0
C58: 4度二組C2 | D58: 平均 | J58: =AVERAGE(J49:J57) -> 18.333333 | K58: =AVERAGE(K49:K57) -> 1588.3333 | L58: =AVERAGE(L49:L57) -> 86.7154 | M58: =AVERAGE(M49:M57) -> 18.333333 | N58: =AVERAGE(N49:N57) -> 1532.8119 | O58: =AVERAGE(O49:O57) -> 83.710935 | P58: =M58-J58 -> 0 | Q58: =N58-K58 -> -55.521467 | R58: =O58/L58 -> 0.96535258 | AB58: =N58-K58 -> -55.521467 | AC58: =N58/K58 -> 0.9650442
A59: 調理包一線 (八爪機) | B59: =VLOOKUP(D59,廠價表!$C$1:$E$39,2,0) -> 小吃、微波 | D59: 小滷青蔬 | F59: =VLOOKUP(D59,廠價表!$C$1:$E$39,3,0) -> 26.99 | G59: 2880 | H59: =F59*G59 -> 77731.2 | J59: =VLOOKUP(D59,產線配置圖!$A$2:$C$38,2,0) -> 13 | K59: =VLOOKUP(D59,產線配置圖!$A$2:$C$38,3,0) -> 1565 | L59: =K59/J59 -> 120.38462 | M59: 13 | N59: =G59/W59*60 -> 1440 | O59: =N59/M59 -> 110.76923 | P59: =M59-J59 -> 0 | Q59: =O59-L59 -> -9.6153846 | R59: =O59/L59 -> 0.9201278 | S59: =R69 -> 0.88908059 | T59: 0.29166667 | U59: 0.375 | W59: =(U59-T59)*24*60 -> 120 | AB59: =N59-K59 -> -125 | AC59: =N59/K59 -> 0.9201278 | AD59: =AC69 -> 0.89038941
B60: =VLOOKUP(D60,廠價表!$C$1:$E$39,2,0) -> 小吃、微波 | D60: 台式綜合甜不辣 | F60: =VLOOKUP(D60,廠價表!$C$1:$E$39,3,0) -> 28.47 | G60: 1061 | H60: =F60*G60 -> 30206.67 | J60: =VLOOKUP(D60,產線配置圖!$A$2:$C$38,2,0) -> 12 | K60: =VLOOKUP(D60,產線配置圖!$A$2:$C$38,3,0) -> 1565 | L60: =K60/J60 -> 130.41667 | M60: 12 | N60: =G60/W60*60 -> 1273.2 | O60: =N60/M60 -> 106.1 | P60: =M60-J60 -> 0 | Q60: =O60-L60 -> -24.316667 | R60: =O60/L60 -> 0.81354633 | T60: 0.38541667 | U60: 0.42013889 | V60: =(T60-U59)*24*60 -> 15 | W60: =(U60-T60)*24*60 -> 50 | AB60: =N60-K60 -> -291.8 | AC60: =N60/K60 -> 0.81354633
B61: =VLOOKUP(D61,廠價表!$C$1:$E$39,2,0) -> 小吃、微波 | D61: 起司馬鈴薯 | F61: =VLOOKUP(D61,廠價表!$C$1:$E$39,3,0) -> 28.26 | G61: 2705 | H61: =F61*G61 -> 76443.3 | J61: =VLOOKUP(D61,產線配置圖!$A$2:$C$38,2,0) -> 12 | K61: =VLOOKUP(D61,產線配置圖!$A$2:$C$38,3,0) -> 1565 | L61: =K61/J61 -> 130.41667 | M61: 12 | N61: =G61/W61*60 -> 1411.3043 | O61: =N61/M61 -> 117.6087 | P61: =M61-J61 -> 0 | Q61: =O61-L61 -> -12.807971 | R61: =O61/L61 -> 0.90179192 | T61: 0.43055556 | U61: 0.51041667 | V61: =(T61-U60)*24*60 -> 15 | W61: =(U61-T61)*24*60 -> 115 | AB61: =N61-K61 -> -153.69565 | AC61: =N61/K61 -> 0.90179192
B62: =VLOOKUP(D62,廠價表!$C$1:$E$39,2,0) -> 小吃、微波 | D62: 小滷青蔬 | F62: =VLOOKUP(D62,廠價表!$C$1:$E$39,3,0) -> 26.99 | G62: 2174 | H62: =F62*G62 -> 58676.26 | J62: =VLOOKUP(D62,產線配置圖!$A$2:$C$38,2,0) -> 13 | K62: =VLOOKUP(D62,產線配置圖!$A$2:$C$38,3,0) -> 1565 | L62: =K62/J62 -> 120.38462 | M62: 13 | N62: =G62/W62*60 -> 1449.3333 | O62: =N62/M62 -> 111.48718 | P62: =M62-J62 -> 0 | Q62: =O62-L62 -> -8.8974359 | R62: =O62/L62 -> 0.92609159 | T62: 0.5625 | U62: 0.625 | V62: =(T62-U61)*24*60 -> 75 | W62: =(U62-T62)*24*60 -> 90 | X62: 0.51388889 | Y62: 0.55555556 | AB62: =N62-K62 -> -115.66667 | AC62: =N62/K62 -> 0.92609159
H63: =F63*G63 -> 0 | W63: =(U63-T63)*24*60 -> 0 | AB63: =N63-K63 -> 0 | AC63: =N63/K63 -> #DIV/0!
H64: =F64*G64 -> 0 | W64: =(U64-T64)*24*60 -> 0
H65: =F65*G65 -> 0 | W65: =(U65-T65)*24*60 -> 0
H66: =F66*G66 -> 0 | W66: =(U66-T66)*24*60 -> 0
H67: =F67*G67 -> 0 | W67: =(U67-T67)*24*60 -> 0
H68: =F68*G68 -> 0 | W68: =(U68-T68)*24*60 -> 0
C69: 4度三組 | D69: 平均 | J69: =AVERAGE(J59:J68) -> 12.5 | K69: =AVERAGE(K59:K68) -> 1565 | L69: =AVERAGE(L59:L68) -> 125.40064 | M69: =AVERAGE(M59:M68) -> 12.5 | N69: =AVERAGE(N59:N68) -> 1393.4594 | O69: =AVERAGE(O59:O68) -> 111.49128 | P69: =M69-J69 -> 0 | Q69: =N69-K69 -> -171.54058 | R69: =O69/L69 -> 0.88908059 | AB69: =N69-K69 -> -171.54058 | AC69: =N69/K69 -> 0.89038941
A70: 調理包二線 (手工) | B70: 義大利麵 | D70: 奶油起司蝦仁通心粉 | F70: =VLOOKUP(D70,廠價表!$C$1:$E$39,3,0) -> 47.71 | G70: 4802 | H70: =F70*G70 -> 229103.42 | J70: =VLOOKUP(D70,產線配置圖!$A$2:$C$38,2,0) -> 15 | K70: =VLOOKUP(D70,產線配置圖!$A$2:$C$38,3,0) -> 1500 | L70: =K70/J70 -> 100 | M70: 14 | N70: =G70/W70*60 -> 1210.5882 | O70: =N70/M70 -> 86.470588 | P70: =M70-J70 -> -1 | Q70: =O70-L70 -> -13.529412 | R70: =O70/L70 -> 0.86470588 | S70: =R79 -> 0.87826664 | T70: 0.33819444 | U70: 0.50347222 | W70: =(U70-T70)*24*60 -> 238 | AB70: =N70-K70 -> -289.41176 | AC70: =N70/K70 -> 0.80705882 | AD70: =AC79 -> 0.84960772
W71: =(U71-T71)*24*60 -> 0 | AB71: =N71-K71 -> 0 | AC71: =N71/K71 -> #DIV/0!
W72: =(U72-T72)*24*60 -> 0
W73: =(U73-T73)*24*60 -> 0
H74: =F74*G74 -> 0 | W74: =(U74-T74)*24*60 -> 0
H75: =F75*G75 -> 0 | W75: =(U75-T75)*24*60 -> 0
H76: =F76*G76 -> 0 | W76: =(U76-T76)*24*60 -> 0
H77: =F77*G77 -> 0 | W77: =(U77-T77)*24*60 -> 0
H78: =F78*G78 -> 0 | W78: =(U78-T78)*24*60 -> 0
C79: 4度四組 | D79: 平均 | J79: =AVERAGE(J69:J78) -> 13.75 | K79: =AVERAGE(K69:K78) -> 1532.5 | L79: =AVERAGE(L69:L78) -> 112.70032 | M79: =AVERAGE(M69:M78) -> 13.25 | N79: =AVERAGE(N69:N78) -> 1302.0238 | O79: =AVERAGE(O69:O78) -> 98.980932 | P79: =M79-J79 -> -0.5 | Q79: =N79-K79 -> -230.47617 | R79: =O79/L79 -> 0.87826664 | AB79: =N79-K79 -> -230.47617 | AC79: =N79/K79 -> 0.84960772
AF80: 1.當日出勤人數較多
AF81: 2.當日出勤人數較少
AF82: 3.當日出勤熟手較少
AF83: 4.當日出勤新人較多
AF84: 5.機台夾盒
AF85: 6.封膜不順
AF86: 7.更換膠膜
AF87: 8.更換碳帶
AF88: 9.當日熱轉印碳帶異常
AF89: 10.訂單量過少
AF90: 11.新品上市，尚未熟悉
AF91: 12.商品結構，產能較低
AF92: 13.區域出貨，分段生產

Sheet 1104總
B1: 長家廠組合室生產人時性分析
B3: 日期 | D3: 45965 | F3: 訂單量 | G3: ='1104'!E1 -> 53251 | I3: 營業額 | J3: ='1104'!G1 -> 2563731
B4: 項目 | D4: 3 | F4: ➀ | H4: ➁ | J4: ③
B5: 人時性 | D5: 組合室 | F5: 全溫層 | H5: 義大利麵 | J5: 袋裝小吃、義麵
D6: 排關平均 | F6: =AVERAGE(D13:J13) -> 114.80613 | H6: =AVERAGE(D13:H13) -> 114.19867 | J6: =AVERAGE(I13:J13) -> 116.32479
D7: 實績平均 | F7: =AVERAGE(D14:J14) -> 103.60219 | H7: =AVERAGE(D14:H14) -> 105.01526 | J7: =AVERAGE(I14:J14) -> 100.06951
D8: 達成率平均 | F8: =AVERAGE(D15:J15) -> 0.89969228 | H8: =AVERAGE(D15:H15) -> 0.91690406 | J8: =AVERAGE(I15:J15) -> 0.85666282 | L8: ※現行日本鮮食廠以達成率80%為基本(即為現行KPI)
B10: 溫層 | D10: 4度C-各編組展開
B11: 編組 | D11: 1 | E11: 2 | F11: 3 | G11: 4 | H11: 5 | I11: 6 | J11: 7
D12: 自動1線 | E12: 自動2線 | F12: 手工3線 | G12: 手工4線 | H12: 手工5線 | I12: 調理包1線 | J12: 調理包2線
B13: 人時性 | C13: 排關 | D13: =VALUE('1104'!L15) -> 146.98643 | E13: =VALUE('1104'!L26) -> 162.27564 | F13: =VALUE('1104'!L37) -> 81.982571 | G13: =VALUE('1104'!L48) -> 93.033333 | H13: =VALUE('1104'!L58) -> 86.7154 | I13: =VALUE('1104'!L69) -> 126.40385 | J13: =VALUE('1104'!L79) -> 106.24573
C14: 實績 | D14: =VALUE('1104'!O15) -> 136.41259 | E14: =VALUE('1104'!O26) -> 152.03055 | F14: =VALUE('1104'!O37) -> 76.008459 | G14: =VALUE('1104'!O48) -> 76.433333 | H14: =VALUE('1104'!O58) -> 84.191364 | I14: =VALUE('1104'!O69) -> 113.53262 | J14: =VALUE('1104'!O79) -> 86.606406
C15: 達成率 | D15: =D14/D13 -> 0.92806252 | E15: =E14/E13 -> 0.93686611 | F15: =F14/F13 -> 0.92712949 | G15: =G14/G13 -> 0.82156933 | H15: =H14/H13 -> 0.97089287 | I15: =I14/I13 -> 0.89817374 | J15: =J14/J13 -> 0.8151519
B16: 作業 時間 | C16: 開始 | D16: ='1104'!T5 -> 0.29027778 | E16: ='1104'!T16 -> 0.29027778 | F16: ='1104'!T27 -> 0.28888889 | G16: ='1104'!T38 -> 0.33333333 | H16: ='1104'!T49 -> 0.29166667 | I16: ='1104'!T59 -> 0.29444444 | J16: ='1104'!T70 -> 0.33680556
C17: 結束 | D17: 0.60833333 | E17: 0.59652778 | F17: 0.55069444 | G17: 0.47916667 | H17: 0.61875 | I17: 0.61944444 | J17: 0.60416667
B18: 配置人數 | D18: =VALUE('1104'!M15) -> 13.8 | E18: =VALUE('1104'!M26) -> 12.5 | F18: =VALUE('1104'!M37) -> 16.666667 | G18: =VALUE('1104'!M48) -> 15 | H18: =VALUE('1104'!M58) -> 18.333333 | I18: =VALUE('1104'!M69) -> 12.4 | J18: =VALUE('1104'!M79) -> 13.466667
B19: 主要應用設備 | D19: ET-600 | E19: ET-600 | F19: ET-55 | G19: ET-55 | H19: ET-55 | I19: 八爪機 | J19: ET-55
B20: 次要應用設備 | H20: 封口機
B21: 備註

Sheet 1104
A1: 長家廠4度C日報分析 | D1: 總生產量 | E1: =SUM(G5:G79) -> 53251 | F1: 營業額 | G1: =SUM(H5:H79) -> 2563731 | H1: 出勤人數 | I1: =M15+M26+M48+M58+M69+M79+M37 -> 102.16667 | J1: 產線配置圖 | M1: 生產實績 | P1: 人時性差異分析 | T1: 日報登錄 | Z1: 分析說明 | AB1: 產能差異分析
A2: 11月04日 星期二 | D2: 人時性 | E2: =AVERAGE(O15,O26,O37,O48,O58,O69,O79) -> 103.60219 | F2: 平均廠價 | G2: =G1/E1 -> 48.144278 | H2: 多次生產數 | I2: =COUNT(I5:I79) -> 0
A3: 線別 | B3: 品類 | D3: 品名 | F3: 廠價 | G3: 生產量 | H3: 營收 | I3: 多次 生產 | J3: 人數 | K3: 產能/時 | L3: 人時性 | M3: 人數 | N3: 產能/時 | O3: 人時性 | P3: 人數 | Q3: 人時性 | R3: 達成率 | S3: 達成率平均 | T3: 生產時間 | V3: 前置、換線時間/分 | W3: 稼動時間/分 | X3: 休息時間 | Z3: (長家回填) | AB3: 產能/時 | AC3: 達成率 | AD3: 達成率平均
T4: 開始 | U4: 結束 | X4: 開始 | Y4: 結束
A5: 自動一線 (ET-600) | B5: =VLOOKUP(D5,廠價表!$C$1:$E$39,2,0) -> 義大利麵 | D5: 白酒蛤蜊義大利麵 | F5: =VLOOKUP(D5,廠價表!$C$1:$E$39,3,0) -> 57.21 | G5: 1870 | H5: =F5*G5 -> 106982.7 | J5: =VLOOKUP(D5,產線配置圖!$A$2:$C$38,2,0) -> 13 | K5: =VLOOKUP(D5,產線配置圖!$A$2:$C$38,3,0) -> 2105 | L5: =K5/J5 -> 161.92308 | M5: 13 | N5: =G5/W5*60 -> 1780.9524 | O5: =N5/M5 -> 136.99634 | P5: =M5-J5 -> 0 | Q5: =O5-L5 -> -24.92674 | R5: =O5/L5 -> 0.84605814 | S5: =R15 -> 0.92806252 | T5: 0.29027778 | U5: 0.33402778 | W5: =(U5-T5)*24*60 -> 63 | AB5: =N5-K5 -> -324.04762 | AC5: =N5/K5 -> 0.84605814 | AD5: =AC15 -> 0.92914773
B6: =VLOOKUP(D6,廠價表!$C$1:$E$39,2,0) -> 義大利麵 | D6: 青醬蛤蜊義大利麵 | F6: =VLOOKUP(D6,廠價表!$C$1:$E$39,3,0) -> 50.67 | G6: 1109 | H6: =F6*G6 -> 56193.03 | J6: =VLOOKUP(D6,產線配置圖!$A$2:$C$38,2,0) -> 13 | K6: =VLOOKUP(D6,產線配置圖!$A$2:$C$38,3,0) -> 2000 | L6: =K6/J6 -> 153.84615 | M6: 13 | N6: =G6/W6*60 -> 1901.1429 | O6: =N6/M6 -> 146.24176 | P6: =M6-J6 -> 0 | Q6: =O6-L6 -> -7.6043956 | R6: =O6/L6 -> 0.95057143 | T6: 0.34027778 | U6: 0.36458333 | V6: =(T6-U5)*24*60 -> 9 | W6: =(U6-T6)*24*60 -> 35 | AB6: =N6-K6 -> -98.857143 | AC6: =N6/K6 -> 0.95057143
B7: =VLOOKUP(D7,廠價表!$C$1:$E$39,2,0) -> 義大利麵 | D7: 韓式起司炸雞義大利麵 | F7: =VLOOKUP(D7,廠價表!$C$1:$E$39,3,0) -> 57.21 | G7: 2256 | H7: =F7*G7 -> 129065.76 | J7: =VLOOKUP(D7,產線配置圖!$A$2:$C$38,2,0) -> 17 | K7: =VLOOKUP(D7,產線配置圖!$A$2:$C$38,3,0) -> 1895 | L7: =K7/J7 -> 111.47059 | M7: 17 | N7: =G7/W7*60 -> 1804.8 | O7: =N7/M7 -> 106.16471 | P7: =M7-J7 -> 0 | Q7: =O7-L7 -> -5.3058824 | R7: =O7/L7 -> 0.95240106 | T7: 0.37083333 | U7: 0.42291667 | V7: =(T7-U6)*24*60 -> 9 | W7: =(U7-T7)*24*60 -> 75 | AB7: =N7-K7 -> -90.2 | AC7: =N7/K7 -> 0.95240106
B8: =VLOOKUP(D8,廠價表!$C$1:$E$39,2,0) -> 義大利麵 | D8: 奶油培根義大利麵 | F8: =VLOOKUP(D8,廠價表!$C$1:$E$39,3,0) -> 49.14 | G8: 2316 | H8: =F8*G8 -> 113808.24 | J8: =VLOOKUP(D8,產線配置圖!$A$2:$C$38,2,0) -> 13 | K8: =VLOOKUP(D8,產線配置圖!$A$2:$C$38,3,0) -> 2000 | L8: =K8/J8 -> 153.84615 | M8: 13 | N8: =G8/W8*60 -> 1903.5616 | O8: =N8/M8 -> 146.42782 | P8: =M8-J8 -> 0 | Q8: =O8-L8 -> -7.4183351 | R8: =O8/L8 -> 0.95178082 | T8: 0.42847222 | U8: 0.47916667 | V8: =(T8-U7)*24*60 -> 8 | W8: =(U8-T8)*24*60 -> 73 | AB8: =N8-K8 -> -96.438356 | AC8: =N8/K8 -> 0.95178082
B9: =VLOOKUP(D9,廠價表!$C$1:$E$39,2,0) -> 義大利麵 | D9: 奶油培根義大利麵 | F9: =VLOOKUP(D9,廠價表!$C$1:$E$39,3,0) -> 49.14 | G9: 3105 | H9: =F9*G9 -> 152579.7 | J9: =VLOOKUP(D9,產線配置圖!$A$2:$C$38,2,0) -> 13 | K9: =VLOOKUP(D9,產線配置圖!$A$2:$C$38,3,0) -> 2000 | L9: =K9/J9 -> 153.84615 | M9: 13 | N9: =G9/W9*60 -> 1901.0204 | O9: =N9/M9 -> 146.23234 | P9: =M9-J9 -> 0 | Q9: =O9-L9 -> -7.6138148 | R9: =O9/L9 -> 0.9505102 | T9: 0.54027778 | U9: 0.60833333 | V9: =(T9-U8)*24*60 -> 88 | W9: =(U9-T9)*24*60 -> 98 | X9: 0.48611111 | Y9: 0.52777778 | AB9: =N9-K9 -> -98.979592 | AC9: =N9/K9 -> 0.9505102
W10: =(U10-T10)*24*60 -> 0
H11: =F11*G11 -> 0 | W11: =(U11-T11)*24*60 -> 0
H12: =F12*G12 -> 0 | W12: =(U12-T12)*24*60 -> 0
H13: =F13*G13 -> 0 | W13: =(U13-T13)*24*60 -> 0
H14: =F14*G14 -> 0 | W14: =(U14-T14)*24*60 -> 0
C15: 4度一組 | D15: 平均 | J15: =AVERAGE(J5:J14) -> 13.8 | K15: =AVERAGE(K5:K14) -> 2000 | L15: =AVERAGE(L5:L14) -> 146.98643 | M15: =AVERAGE(M5:M14) -> 13.8 | N15: =AVERAGE(N5:N14) -> 1858.2955 | O15: =AVERAGE(O5:O14) -> 136.41259 | P15: =M15-J15 -> 0 | Q15: =O15-L15 -> -10.573834 | R15: =O15/L15 -> 0.92806252 | AB15: =N15-K15 -> -141.70454 | AC15: =N15/K15 -> 0.92914773
A16: 自動二線 (ET-600) | B16: 義大利麵 | D16: 白酒蛤蜊義大利麵 | F16: =VLOOKUP(D16,廠價表!$C$1:$E$39,3,0) -> 57.21 | G16: 1484 | H16: =F16*G16 -> 84899.64 | J16: =VLOOKUP(D16,產線配置圖!$A$2:$C$38,2,0) -> 13 | K16: =VLOOKUP(D16,產線配置圖!$A$2:$C$38,3,0) -> 2105 | L16: =K16/J16 -> 161.92308 | M16: 13 | N16: =G16/W16*60 -> 1817.1429 | O16: =N16/M16 -> 139.78022 | P16: =M16-J16 -> 0 | Q16: =O16-L16 -> -22.142857 | R16: =O16/L16 -> 0.86325076 | S16: =R26 -> 0.93686611 | T16: 0.29027778 | U16: 0.32430556 | W16: =(U16-T16)*24*60 -> 49 | AB16: =N16-K16 -> -287.85714 | AC16: =N16/K16 -> 0.86325076 | AD16: =AC26 -> 0.93597931
B17: 義大利麵 | D17: 青醬蛤蜊義大利麵 | F17: =VLOOKUP(D17,廠價表!$C$1:$E$39,3,0) -> 50.67 | G17: 3806 | H17: =F17*G17 -> 192850.02 | J17: =VLOOKUP(D17,產線配置圖!$A$2:$C$38,2,0) -> 13 | K17: =VLOOKUP(D17,產線配置圖!$A$2:$C$38,3,0) -> 2000 | L17: =K17/J17 -> 153.84615 | M17: 13 | N17: =G17/W17*60 -> 1935.2542 | O17: =N17/M17 -> 148.86571 | P17: =M17-J17 -> 0 | Q17: =O17-L17 -> -4.9804433 | R17: =O17/L17 -> 0.96762712 | T17: 0.33194444 | U17: 0.41388889 | V17: =(T17-U16)*24*60 -> 11 | W17: =(U17-T17)*24*60 -> 118 | AB17: =N17-K17 -> -64.745763 | AC17: =N17/K17 -> 0.96762712
B18: 義大利麵 | D18: 義式蕃茄起司義大利麵 | F18: =VLOOKUP(D18,廠價表!$C$1:$E$39,3,0) -> 50.39 | G18: 2502 | H18: =F18*G18 -> 126075.78 | J18: =VLOOKUP(D18,產線配置圖!$A$2:$C$38,2,0) -> 12 | K18: =VLOOKUP(D18,產線配置圖!$A$2:$C$38,3,0) -> 2000 | L18: =K18/J18 -> 166.66667 | M18: 12 | N18: =G18/W18*60 -> 1876.5 | O18: =N18/M18 -> 156.375 | P18: =M18-J18 -> 0 | Q18: =O18-L18 -> -10.291667 | R18: =O18/L18 -> 0.93825 | T18: 0.42361111 | U18: 0.47916667 | V18: =(T18-U17)*24*60 -> 14 | W18: =(U18-T18)*24*60 -> 80 | Z18: 10:18-10:19玉取機停麵 | AB18: =N18-K18 -> -123.5 | AC18: =N18/K18 -> 0.93825
B19: 義大利麵 | D19: 義式蕃茄起司義大利麵 | F19: =VLOOKUP(D19,廠價表!$C$1:$E$39,3,0) -> 50.39 | G19: 2577 | H19: =F19*G19 -> 129855.03 | J19: =VLOOKUP(D19,產線配置圖!$A$2:$C$38,2,0) -> 12 | K19: =VLOOKUP(D19,產線配置圖!$A$2:$C$38,3,0) -> 2000 | L19: =K19/J19 -> 166.66667 | M19: 12 | N19: =G19/W19*60 -> 1957.2152 | O19: =N19/M19 -> 163.10127 | P19: =M19-J19 -> 0 | Q19: =O19-L19 -> -3.5654008 | R19: =O19/L19 -> 0.97860759 | T19: 0.54166667 | U19: 0.59652778 | V19: =(T19-U18)*24*60 -> 90 | W19: =(U19-T19)*24*60 -> 79 | X19: 0.48611111 | Y19: 0.52777778 | AB19: =N19-K19 -> -42.78481 | AC19: =N19/K19 -> 0.97860759
W20: =(U20-T20)*24*60 -> 0
H21: =F21*G21 -> 0 | W21: 0
H22: =F22*G22 -> 0 | W22: 0
H23: =F23*G23 -> 0 | W23: =(U23-T23)*24*60 -> 0
H24: =F24*G24 -> 0 | W24: =(U24-T24)*24*60 -> 0
H25: =F25*G25 -> 0 | W25: =(U25-T25)*24*60 -> 0
C26: 4度二組A | D26: 平均 | J26: =AVERAGE(J16:J25) -> 12.5 | K26: =AVERAGE(K16:K25) -> 2026.25 | L26: =AVERAGE(L16:L25) -> 162.27564 | M26: =AVERAGE(M16:M25) -> 12.5 | N26: =AVERAGE(N16:N25) -> 1896.5281 | O26: =AVERAGE(O16:O25) -> 152.03055 | P26: =M26-J26 -> 0 | Q26: =O26-L26 -> -10.245092 | R26: =O26/L26 -> 0.93686611 | AB26: =N26-K26 -> -129.72193 | AC26: =N26/K26 -> 0.93597931
A27: 手工三線 (ET-55) | B27: 義大利麵 | D27: 青花椒麻雞肉拌麵 | F27: =VLOOKUP(D27,廠價表!$C$1:$E$39,3,0) -> 49.91 | G27: 3497 | H27: =F27*G27 -> 174535.27 | J27: =VLOOKUP(D27,產線配置圖!$A$2:$C$38,2,0) -> 17 | K27: =VLOOKUP(D27,產線配置圖!$A$2:$C$38,3,0) -> 1565 | L27: =K27/J27 -> 92.058824 | M27: 16 | N27: =G27/W27*60 -> 1271.6364 | O27: =N27/M27 -> 79.477273 | P27: =M27-J27 -> -1 | Q27: =O27-L27 -> -12.581551 | R27: =O27/L27 -> 0.8633314 | S27: =R37 -> 0.92712949 | T27: 0.28888889 | U27: 0.40347222 | W27: =(U27-T27)*24*60 -> 165 | AB27: =N27-K27 -> -293.36364 | AC27: =N27/K27 -> 0.8125472 | AD27: =AC37 -> 0.87616459
B28: =VLOOKUP(D28,廠價表!$C$1:$E$39,2,0) -> 義大利麵 | D28: 奶油蒜香雞義大利麵 | F28: =VLOOKUP(D28,廠價表!$C$1:$E$39,3,0) -> 55.13 | G28: 1434 | H28: =F28*G28 -> 79056.42 | J28: =VLOOKUP(D28,產線配置圖!$A$2:$C$38,2,0) -> 18 | K28: =VLOOKUP(D28,產線配置圖!$A$2:$C$38,3,0) -> 1385 | L28: =K28/J28 -> 76.944444 | M28: 16 | N28: =G28/W28*60 -> 1178.6301 | O28: =N28/M28 -> 73.664384 | P28: =M28-J28 -> -2 | Q28: =O28-L28 -> -3.2800609 | R28: =O28/L28 -> 0.95737105 | T28: 0.40972222 | U28: 0.46041667 | V28: =(T28-U27)*24*60 -> 9 | W28: =(U28-T28)*24*60 -> 73 | AB28: =N28-K28 -> -206.36986 | AC28: =N28/K28 -> 0.85099649
B29: 義大利麵 | D29: 奶油蒜香雞義大利麵 | F29: =VLOOKUP(D29,廠價表!$C$1:$E$39,3,0) -> 55.13 | G29: 966 | H29: =F29*G29 -> 53255.58 | J29: =VLOOKUP(D29,產線配置圖!$A$2:$C$38,2,0) -> 18 | K29: =VLOOKUP(D29,產線配置圖!$A$2:$C$38,3,0) -> 1385 | L29: =K29/J29 -> 76.944444 | M29: 18 | N29: =G29/W29*60 -> 1347.907 | O29: =N29/M29 -> 74.883721 | P29: =M29-J29 -> 0 | Q29: =O29-L29 -> -2.0607235 | R29: =O29/L29 -> 0.97321803 | T29: 0.52083333 | U29: 0.55069444 | V29: =(T29-U28)*24*60 -> 87 | W29: =(U29-T29)*24*60 -> 43 | X29: 0.47222222 | Y29: 0.51388889 | AB29: =N29-K29 -> -37.093023 | AC29: =N29/K29 -> 0.97321803
W30: =(U30-T30)*24*60 -> 0
W31: =(U31-T31)*24*60 -> 0
H32: =F32*G32 -> 0 | W32: =(U32-T32)*24*60 -> 0
H33: =F33*G33 -> 0 | W33: =(U33-T33)*24*60 -> 0
H34: =F34*G34 -> 0 | W34: =(U34-T34)*24*60 -> 0
H35: =F35*G35 -> 0 | W35: =(U35-T35)*24*60 -> 0
H36: =F36*G36 -> 0 | W36: =(U36-T36)*24*60 -> 0
C37: 4度二組B | D37: 平均 | J37: =AVERAGE(J27:J36) -> 17.666667 | K37: =AVERAGE(K27:K36) -> 1445 | L37: =AVERAGE(L27:L36) -> 81.982571 | M37: =AVERAGE(M27:M36) -> 16.666667 | N37: =AVERAGE(N27:N36) -> 1266.0578 | O37: =AVERAGE(O27:O36) -> 76.008459 | P37: =M37-J37 -> -1 | Q37: =N37-K37 -> -178.94217 | R37: =O37/L37 -> 0.92712949 | AB37: =N37-K37 -> -178.94217 | AC37: =N37/K37 -> 0.87616459
A38: 手工四線 (ET-55) | B38: 義大利麵 | D38: 濃拿坡里義大利麵 | F38: =VLOOKUP(D38,廠價表!$C$1:$E$39,3,0) -> 56.43 | G38: 2324 | H38: =F38*G38 -> 131143.32 | J38: =VLOOKUP(D38,產線配置圖!$A$2:$C$38,2,0) -> 15 | K38: =VLOOKUP(D38,產線配置圖!$A$2:$C$38,3,0) -> 1406 | L38: =K38/J38 -> 93.733333 | M38: 15 | N38: =G38/W38*60 -> 1162 | O38: =N38/M38 -> 77.466667 | P38: =M38-J38 -> 0 | Q38: =O38-L38 -> -16.266667 | R38: =O38/L38 -> 0.82645804 | S38: =R48 -> 0.82156933 | T38: 0.33333333 | U38: 0.41666667 | W38: =(U38-T38)*24*60 -> 120 | Z38: 9:45-9:48待醬 | AB38: =N38-K38 -> -244 | AC38: =N38/K38 -> 0.82645804 | AD38: =AC48 -> 0.82156933
B39: 義大利麵 | D39: 焗烤明太子筆尖麵 | F39: =VLOOKUP(D39,廠價表!$C$1:$E$39,3,0) -> 57.3 | G39: 1131 | H39: =F39*G39 -> 64806.3 | J39: =VLOOKUP(D39,產線配置圖!$A$2:$C$38,2,0) -> 15 | K39: =VLOOKUP(D39,產線配置圖!$A$2:$C$38,3,0) -> 1385 | L39: =K39/J39 -> 92.333333 | M39: 15 | N39: =G39/W39*60 -> 1131 | O39: =N39/M39 -> 75.4 | P39: =M39-J39 -> 0 | Q39: =O39-L39 -> -16.933333 | R39: =O39/L39 -> 0.8166065 | T39: 0.4375 | U39: 0.47916667 | V39: =(T39-U38)*24*60 -> 30 | W39: =(U39-T39)*24*60 -> 60 | AB39: =N39-K39 -> -254 | AC39: =N39/K39 -> 0.8166065
W40: =(U40-T40)*24*60 -> 0
W41: =(U41-T41)*24*60 -> 0
H42: =F42*G42 -> 0 | W42: =(U42-T42)*24*60 -> 0
H43: =F43*G43 -> 0 | W43: =(U43-T43)*24*60 -> 0
H44: =F44*G44 -> 0 | W44: =(U44-T44)*24*60 -> 0
H45: =F45*G45 -> 0 | W45: =(U45-T45)*24*60 -> 0
H46: =F46*G46 -> 0 | W46: =(U46-T46)*24*60 -> 0
H47: =F47*G47 -> 0 | W47: =(U47-T47)*24*60 -> 0
C48: 4度二組C1 | D48: 平均 | J48: =AVERAGE(J38:J47) -> 15 | K48: =AVERAGE(K38:K47) -> 1395.5 | L48: =AVERAGE(L38:L47) -> 93.033333 | M48: =AVERAGE(M38:M47) -> 15 | N48: =AVERAGE(N38:N47) -> 1146.5 | O48: =AVERAGE(O38:O47) -> 76.433333 | P48: =M48-J48 -> 0 | Q48: =N48-K48 -> -249 | R48: =O48/L48 -> 0.82156933 | W48: =(U48-T48)*24*60 -> 0 | AB48: =N48-K48 -> -249 | AC48: =N48/K48 -> 0.82156933
A49: 手工五線 (ET-55) | B49: =VLOOKUP(D49,廠價表!$C$1:$E$39,2,0) -> 義大利麵 | D49: 剝皮辣椒雞奶油扁麵 | F49: =VLOOKUP(D49,廠價表!$C$1:$E$39,3,0) -> 56.87 | G49: 3263 | H49: =F49*G49 -> 185566.81 | J49: =VLOOKUP(D49,產線配置圖!$A$2:$C$38,2,0) -> 19 | K49: =VLOOKUP(D49,產線配置圖!$A$2:$C$38,3,0) -> 1565 | L49: =K49/J49 -> 82.368421 | M49: 19 | N49: =G49/W49*60 -> 1553.8095 | O49: =N49/M49 -> 81.779449 | P49: =M49-J49 -> 0 | Q49: =O49-L49 -> -0.58897243 | R49: =O49/L49 -> 0.99284954 | S49: =R58 -> 0.97089287 | T49: 0.29166667 | U49: 0.37916667 | W49: =(U49-T49)*24*60 -> 126 | AB49: =N49-K49 -> -11.190476 | AC49: =N49/K49 -> 0.99284954 | AD49: =AC58 -> 0.97127242
B50: =VLOOKUP(D50,廠價表!$C$1:$E$39,2,0) -> 義大利麵 | D50: 焗烤起司雙饗筆尖麵 | F50: =VLOOKUP(D50,廠價表!$C$1:$E$39,3,0) -> 49.97 | G50: 3306 | H50: =F50*G50 -> 165200.82 | J50: =VLOOKUP(D50,產線配置圖!$A$2:$C$38,2,0) -> 18 | K50: =VLOOKUP(D50,產線配置圖!$A$2:$C$38,3,0) -> 1600 | L50: =K50/J50 -> 88.888889 | M50: 18 | N50: =G50/W50*60 -> 1561.8898 | O50: =N50/M50 -> 86.771654 | P50: =M50-J50 -> 0 | Q50: =O50-L50 -> -2.1172353 | R50: =O50/L50 -> 0.9761811 | T50: 0.38402778 | U50: 0.47222222 | V50: =(T50-U49)*24*60 -> 7 | W50: =(U50-T50)*24*60 -> 127 | AB50: =N50-K50 -> -38.110236 | AC50: =N50/K50 -> 0.9761811
B51: =VLOOKUP(D51,廠價表!$C$1:$E$39,2,0) -> 義大利麵 | D51: 焗烤起司雙饗筆尖麵 | F51: =VLOOKUP(D51,廠價表!$C$1:$E$39,3,0) -> 49.97 | G51: 2924 | H51: =F51*G51 -> 146112.28 | J51: =VLOOKUP(D51,產線配置圖!$A$2:$C$38,2,0) -> 18 | K51: =VLOOKUP(D51,產線配置圖!$A$2:$C$38,3,0) -> 1600 | L51: =K51/J51 -> 88.888889 | M51: 18 | N51: =G51/W51*60 -> 1512.4138 | O51: =N51/M51 -> 84.022989 | P51: =M51-J51 -> 0 | Q51: =O51-L51 -> -4.8659004 | R51: =O51/L51 -> 0.94525862 | T51: 0.53819444 | U51: 0.61875 | V51: =(T51-U50)*24*60 -> 95 | W51: =(U51-T51)*24*60 -> 116 | X51: 0.47916667 | Y51: 0.52083333 | AB51: =N51-K51 -> -87.586207 | AC51: =N51/K51 -> 0.94525862
W52: =(U52-T52)*24*60 -> 0
W53: =(U53-T53)*24*60 -> 0
H54: =F54*G54 -> 0 | W54: =(U54-T54)*24*60 -> 0
H55: =F55*G55 -> 0 | W55: =(U55-T55)*24*60 -> 0
H56: =F56*G56 -> 0 | W56: =(U56-T56)*24*60 -> 0
H57: =F57*G57 -> 0 | W57: =(U57-T57)*24*60 -> 0
C58: 4度二組C2 | D58: 平均 | J58: =AVERAGE(J49:J57) -> 18.333333 | K58: =AVERAGE(K49:K57) -> 1588.3333 | L58: =AVERAGE(L49:L57) -> 86.7154 | M58: =AVERAGE(M49:M57) -> 18.333333 | N58: =AVERAGE(N49:N57) -> 1542.7044 | O58: =AVERAGE(O49:O57) -> 84.191364 | P58: =M58-J58 -> 0 | Q58: =N58-K58 -> -45.628973 | R58: =O58/L58 -> 0.97089287 | AB58: =N58-K58 -> -45.628973 | AC58: =N58/K58 -> 0.97127242
A59: 調理包一線 (八爪機) | B59: =VLOOKUP(D59,廠價表!$C$1:$E$39,2,0) -> 小吃、微波 | D59: 小滷青蔬 | F59: =VLOOKUP(D59,廠價表!$C$1:$E$39,3,0) -> 26.99 | G59: 3113 | H59: =F59*G59 -> 84019.87 | J59: =VLOOKUP(D59,產線配置圖!$A$2:$C$38,2,0) -> 13 | K59: =VLOOKUP(D59,產線配置圖!$A$2:$C$38,3,0) -> 1565 | L59: =K59/J59 -> 120.38462 | M59: 13 | N59: =G59/W59*60 -> 1482.381 | O59: =N59/M59 -> 114.0293 | P59: =M59-J59 -> 0 | Q59: =O59-L59 -> -6.3553114 | R59: =O59/L59 -> 0.94720828 | S59: =R69 -> 0.89817374 | T59: 0.29444444 | U59: 0.38194444 | W59: =(U59-T59)*24*60 -> 126 | AB59: =N59-K59 -> -82.619048 | AC59: =N59/K59 -> 0.94720828 | AD59: =AC69 -> 0.90037747
B60: =VLOOKUP(D60,廠價表!$C$1:$E$39,2,0) -> 小吃、微波 | D60: 台式綜合甜不辣 | F60: =VLOOKUP(D60,廠價表!$C$1:$E$39,3,0) -> 28.47 | G60: 998 | H60: =F60*G60 -> 28413.06 | J60: =VLOOKUP(D60,產線配置圖!$A$2:$C$38,2,0) -> 12 | K60: =VLOOKUP(D60,產線配置圖!$A$2:$C$38,3,0) -> 1565 | L60: =K60/J60 -> 130.41667 | M60: 12 | N60: =G60/W60*60 -> 1330.6667 | O60: =N60/M60 -> 110.88889 | P60: =M60-J60 -> 0 | Q60: =O60-L60 -> -19.527778 | R60: =O60/L60 -> 0.85026624 | T60: 0.39236111 | U60: 0.42361111 | V60: =(T60-U59)*24*60 -> 15 | W60: =(U60-T60)*24*60 -> 45 | AB60: =N60-K60 -> -234.33333 | AC60: =N60/K60 -> 0.85026624
B61: =VLOOKUP(D61,廠價表!$C$1:$E$39,2,0) -> 小吃、微波 | D61: 起司馬鈴薯 | F61: =VLOOKUP(D61,廠價表!$C$1:$E$39,3,0) -> 28.26 | G61: 1217 | H61: =F61*G61 -> 34392.42 | J61: =VLOOKUP(D61,產線配置圖!$A$2:$C$38,2,0) -> 12 | K61: =VLOOKUP(D61,產線配置圖!$A$2:$C$38,3,0) -> 1565 | L61: =K61/J61 -> 130.41667 | M61: 12 | N61: =G61/W61*60 -> 1258.9655 | O61: =N61/M61 -> 104.91379 | P61: =M61-J61 -> 0 | Q61: =O61-L61 -> -25.502874 | R61: =O61/L61 -> 0.80445081 | T61: 0.4375 | U61: 0.47777778 | V61: =(T61-U60)*24*60 -> 20 | W61: =(U61-T61)*24*60 -> 58 | Z61: 11:13-11:19待料 | AB61: =N61-K61 -> -306.03448 | AC61: =N61/K61 -> 0.80445081
B62: =VLOOKUP(D62,廠價表!$C$1:$E$39,2,0) -> 小吃、微波 | D62: 起司馬鈴薯 | F62: =VLOOKUP(D62,廠價表!$C$1:$E$39,3,0) -> 28.26 | G62: 1302 | H62: =F62*G62 -> 36794.52 | J62: =VLOOKUP(D62,產線配置圖!$A$2:$C$38,2,0) -> 12 | K62: =VLOOKUP(D62,產線配置圖!$A$2:$C$38,3,0) -> 1565 | L62: =K62/J62 -> 130.41667 | M62: 12 | N62: =G62/W62*60 -> 1420.3636 | O62: =N62/M62 -> 118.36364 | P62: =M62-J62 -> 0 | Q62: =O62-L62 -> -12.05303 | R62: =O62/L62 -> 0.9075806 | T62: 0.53472222 | U62: 0.57291667 | V62: =(T62-U61)*24*60 -> 82 | W62: =(U62-T62)*24*60 -> 55 | X62: 0.48611111 | Y62: 0.52777778 | AB62: =N62-K62 -> -144.63636 | AC62: =N62/K62 -> 0.9075806
B63: 小吃、微波 | D63: 小滷青蔬 | F63: =VLOOKUP(D63,廠價表!$C$1:$E$39,3,0) -> 26.99 | G63: 1346 | H63: =F63*G63 -> 36328.54 | J63: =VLOOKUP(D63,產線配置圖!$A$2:$C$38,2,0) -> 13 | K63: =VLOOKUP(D63,產線配置圖!$A$2:$C$38,3,0) -> 1565 | L63: =K63/J63 -> 120.38462 | M63: 13 | N63: =G63/W63*60 -> 1553.0769 | O63: =N63/M63 -> 119.46746 | P63: =M63-J63 -> 0 | Q63: =O63-L63 -> -0.91715976 | R63: =O63/L63 -> 0.99238142 | T63: 0.58333333 | U63: 0.61944444 | V63: =(T63-U62)*24*60 -> 15 | W63: =(U63-T63)*24*60 -> 52 | AB63: =N63-K63 -> -11.923077 | AC63: =N63/K63 -> 0.99238142
H64: =F64*G64 -> 0 | W64: =(U64-T64)*24*60 -> 0
H65: =F65*G65 -> 0 | W65: =(U65-T65)*24*60 -> 0
H66: =F66*G66 -> 0 | W66: =(U66-T66)*24*60 -> 0
H67: =F67*G67 -> 0 | W67: =(U67-T67)*24*60 -> 0
H68: =F68*G68 -> 0 | W68: =(U68-T68)*24*60 -> 0
C69: 4度三組 | D69: 平均 | J69: =AVERAGE(J59:J68) -> 12.4 | K69: =AVERAGE(K59:K68) -> 1565 | L69: =AVERAGE(L59:L68) -> 126.40385 | M69: =AVERAGE(M59:M68) -> 12.4 | N69: =AVERAGE(N59:N68) -> 1409.0907 | O69: =AVERAGE(O59:O68) -> 113.53262 | P69: =M69-J69 -> 0 | Q69: =N69-K69 -> -155.90926 | R69: =O69/L69 -> 0.89817374 | AB69: =N69-K69 -> -155.90926 | AC69: =N69/K69 -> 0.90037747
A70: 調理包二線 (手工) | B70: 義大利麵 | D70: 奶油起司蝦仁通心粉 | F70: =VLOOKUP(D70,廠價表!$C$1:$E$39,3,0) -> 47.71 | G70: 4335 | H70: =F70*G70 -> 206822.85 | J70: =VLOOKUP(D70,產線配置圖!$A$2:$C$38,2,0) -> 15 | K70: =VLOOKUP(D70,產線配置圖!$A$2:$C$38,3,0) -> 1500 | L70: =K70/J70 -> 100 | M70: 14 | N70: =G70/W70*60 -> 1130.8696 | O70: =N70/M70 -> 80.776398 | P70: =M70-J70 -> -1 | Q70: =O70-L70 -> -19.223602 | R70: =O70/L70 -> 0.80776398 | S70: =R79 -> 0.8151519 | T70: 0.33680556 | U70: 0.49652778 | W70: =(U70-T70)*24*60 -> 230 | Z70: (麵待料) | AB70: =N70-K70 -> -369.13043 | AC70: =N70/K70 -> 0.75391304 | AD70: =AC79 -> 0.77687711
B71: 義大利麵 | D71: 焗烤明太子筆尖麵 | F71: =VLOOKUP(D71,廠價表!$C$1:$E$39,3,0) -> 57.3 | G71: 1070 | H71: 44973 | J71: =VLOOKUP(D71,產線配置圖!$A$2:$C$38,2,0) -> 15 | K71: =VLOOKUP(D71,產線配置圖!$A$2:$C$38,3,0) -> 1385 | L71: =K71/J71 -> 92.333333 | M71: 14 | N71: =G71/W71*60 -> 917.14286 | O71: =N71/M71 -> 65.510204 | P71: =M71-J71 -> -1 | Q71: =O71-L71 -> -26.823129 | R71: =O71/L71 -> 0.7094968 | T71: 0.55555556 | U71: 0.60416667 | V71: =(T71-U70)*24*60 -> 85 | W71: =(U71-T71)*24*60 -> 70 | X71: 0.50347222 | Y71: 0.54513889 | AB71: =N71-K71 -> -467.85714 | AC71: =N71/K71 -> 0.66219701
W72: =(U72-T72)*24*60 -> 0
W73: =(U73-T73)*24*60 -> 0
H74: =F74*G74 -> 0 | W74: =(U74-T74)*24*60 -> 0
H75: =F75*G75 -> 0 | W75: =(U75-T75)*24*60 -> 0
H76: =F76*G76 -> 0 | W76: =(U76-T76)*24*60 -> 0
H77: =F77*G77 -> 0 | W77: =(U77-T77)*24*60 -> 0
H78: =F78*G78 -> 0 | W78: =(U78-T78)*24*60 -> 0
C79: 4度四組 | D79: 平均 | J79: =AVERAGE(J69:J78) -> 14.133333 | K79: =AVERAGE(K69:K78) -> 1483.3333 | L79: =AVERAGE(L69:L78) -> 106.24573 | M79: =AVERAGE(M69:M78) -> 13.466667 | N79: =AVERAGE(N69:N78) -> 1152.3677 | O79: =AVERAGE(O69:O78) -> 86.606406 | P79: =M79-J79 -> -0.66666667 | Q79: =N79-K79 -> -330.96561 | R79: =O79/L79 -> 0.8151519 | AB79: =N79-K79 -> -330.96561 | AC79: =N79/K79 -> 0.77687711
AF80: 1.當日出勤人數較多
AF81: 2.當日出勤人數較少
AF82: 3.當日出勤熟手較少
AF83: 4.當日出勤新人較多
AF84: 5.機台夾盒
AF85: 6.封膜不順
AF86: 7.更換膠膜
AF87: 8.更換碳帶
AF88: 9.當日熱轉印碳帶異常
AF89: 10.訂單量過少
AF90: 11.新品上市，尚未熟悉
AF91: 12.商品結構，產能較低
AF92: 13.區域出貨，分段生產

Sheet 1105總 
B1: 長家廠組合室生產人時性分析
B3: 日期 | D3: 45966 | F3: 訂單量 | G3: ='1105'!E1 -> 53267 | I3: 營業額 | J3: ='1105'!G1 -> 2583087.8
B4: 項目 | D4: 3 | F4: ➀ | H4: ➁ | J4: ③
B5: 人時性 | D5: 組合室 | F5: 全溫層 | H5: 義大利麵 | J5: 袋裝小吃、義麵
D6: 排關平均 | F6: =AVERAGE(D13:J13) -> 116.12218 | H6: =AVERAGE(D13:H13) -> 114.6499 | J6: =AVERAGE(I13:J13) -> 119.80288
D7: 實績平均 | F7: =AVERAGE(D14:J14) -> 104.39823 | H7: =AVERAGE(D14:H14) -> 104.1057 | J7: =AVERAGE(I14:J14) -> 105.12955
D8: 達成率平均 | F8: =AVERAGE(D15:J15) -> 0.89804388 | H8: =AVERAGE(D15:H15) -> 0.90611106 | J8: =AVERAGE(I15:J15) -> 0.87787593 | L8: ※現行日本鮮食廠以達成率80%為基本(即為現行KPI)
B10: 溫層 | D10: 4度C-各編組展開
B11: 編組 | D11: 1 | E11: 2 | F11: 3 | G11: 4 | H11: 5 | I11: 6 | J11: 7
D12: 自動1線 | E12: 自動2線 | F12: 手工3線 | G12: 手工4線 | H12: 手工5線 | I12: 調理包1線 | J12: 調理包2線
B13: 人時性 | C13: 排關 | D13: =VALUE('1105'!L15) -> 149.47587 | E13: =VALUE('1105'!L26) -> 162.27564 | F13: =VALUE('1105'!L37) -> 81.982571 | G13: =VALUE('1105'!L48) -> 92.8 | H13: =VALUE('1105'!L58) -> 86.7154 | I13: =VALUE('1105'!L69) -> 126.40385 | J13: =VALUE('1105'!L79) -> 113.20192
C14: 實績 | D14: =VALUE('1105'!O15) -> 139.48261 | E14: =VALUE('1105'!O26) -> 147.29258 | F14: =VALUE('1105'!O37) -> 76.846924 | G14: =VALUE('1105'!O48) -> 75.459634 | H14: =VALUE('1105'!O58) -> 81.446758 | I14: =VALUE('1105'!O69) -> 110.15266 | J14: =VALUE('1105'!O79) -> 100.10643
C15: 達成率 | D15: =D14/D13 -> 0.93314467 | E15: =E14/E13 -> 0.90766905 | F15: =F14/F13 -> 0.93735685 | G15: =G14/G13 -> 0.8131426 | H15: =H14/H13 -> 0.93924214 | I15: =I14/I13 -> 0.87143443 | J15: =J14/J13 -> 0.88431742
B16: 作業 時間 | C16: 開始 | D16: ='1105'!T5 -> 0.29027778 | E16: ='1105'!T16 -> 0.28958333 | F16: ='1105'!T27 -> 0.28888889 | G16: ='1105'!T38 -> 0.33333333 | H16: ='1105'!T49 -> 0.28888889 | I16: ='1105'!T59 -> 0.29097222 | J16: ='1105'!T70 -> 0.33333333
C17: 結束 | D17: 0.63194444 | E17: 0.6 | F17: 0.56805556 | G17: 0.58680556 | H17: 0.61319444 | I17: 0.61527778 | J17: 0.49305556
B18: 配置人數 | D18: =VALUE('1105'!M15) -> 13.666667 | E18: =VALUE('1105'!M26) -> 12.5 | F18: =VALUE('1105'!M37) -> 14.666667 | G18: =VALUE('1105'!M48) -> 14.666667 | H18: =VALUE('1105'!M58) -> 18.333333 | I18: =VALUE('1105'!M69) -> 12.4 | J18: =VALUE('1105'!M79) -> 12.7
B19: 主要應用設備 | D19: ET-600 | E19: ET-600 | F19: ET-55 | G19: ET-55 | H19: ET-55 | I19: 八爪機 | J19: ET-55
B20: 次要應用設備 | H20: 封口機
B21: 備註

Sheet 1105
A1: 長家廠4度C日報分析 | D1: 總生產量 | E1: =SUM(G5:G79) -> 53267 | F1: 營業額 | G1: =SUM(H5:H79) -> 2583087.8 | H1: 出勤人數 | I1: =M15+M26+M48+M58+M69+M79+M37 -> 98.933333 | J1: 產線配置圖 | M1: 生產實績 | P1: 人時性差異分析 | T1: 日報登錄 | Z1: 分析說明 | AB1: 產能差異分析
A2: 11月05日 星期三 | D2: 人時性 | E2: =AVERAGE(O15,O26,O37,O48,O58,O69,O79) -> 104.39823 | F2: 平均廠價 | G2: =G1/E1 -> 48.49321 | H2: 多次生產數 | I2: =COUNT(I5:I79) -> 0
A3: 線別 | B3: 品類 | D3: 品名 | F3: 廠價 | G3: 生產量 | H3: 營收 | I3: 多次 生產 | J3: 人數 | K3: 產能/時 | L3: 人時性 | M3: 人數 | N3: 產能/時 | O3: 人時性 | P3: 人數 | Q3: 人時性 | R3: 達成率 | S3: 達成率平均 | T3: 生產時間 | V3: 前置、換線時間/分 | W3: 稼動時間/分 | X3: 休息時間 | Z3: (長家回填) | AB3: 產能/時 | AC3: 達成率 | AD3: 達成率平均
T4: 開始 | U4: 結束 | X4: 開始 | Y4: 結束
A5: 自動一線 (ET-600) | B5: =VLOOKUP(D5,廠價表!$C$1:$E$39,2,0) -> 義大利麵 | D5: 白酒蛤蜊義大利麵 | F5: =VLOOKUP(D5,廠價表!$C$1:$E$39,3,0) -> 57.21 | G5: 1224 | H5: =F5*G5 -> 70025.04 | J5: =VLOOKUP(D5,產線配置圖!$A$2:$C$38,2,0) -> 13 | K5: =VLOOKUP(D5,產線配置圖!$A$2:$C$38,3,0) -> 2105 | L5: =K5/J5 -> 161.92308 | M5: 13 | N5: =G5/W5*60 -> 1836 | O5: =N5/M5 -> 141.23077 | P5: =M5-J5 -> 0 | Q5: =O5-L5 -> -20.692308 | R5: =O5/L5 -> 0.87220903 | S5: =R15 -> 0.93314467 | T5: 0.29027778 | U5: 0.31805556 | W5: =(U5-T5)*24*60 -> 40 | AB5: =N5-K5 -> -269 | AC5: =N5/K5 -> 0.87220903 | AD5: =AC15 -> 0.93186548
B6: =VLOOKUP(D6,廠價表!$C$1:$E$39,2,0) -> 義大利麵 | D6: 青醬蛤蜊義大利麵 | F6: =VLOOKUP(D6,廠價表!$C$1:$E$39,3,0) -> 50.67 | G6: 1076 | H6: =F6*G6 -> 54520.92 | J6: =VLOOKUP(D6,產線配置圖!$A$2:$C$38,2,0) -> 13 | K6: =VLOOKUP(D6,產線配置圖!$A$2:$C$38,3,0) -> 2000 | L6: =K6/J6 -> 153.84615 | M6: 13 | N6: =G6/W6*60 -> 1844.5714 | O6: =N6/M6 -> 141.89011 | P6: =M6-J6 -> 0 | Q6: =O6-L6 -> -11.956044 | R6: =O6/L6 -> 0.92228571 | T6: 0.32986111 | U6: 0.35416667 | V6: =(T6-U5)*24*60 -> 17 | W6: =(U6-T6)*24*60 -> 35 | Z6: 7:50~7:55待玉取機出麵 | AB6: =N6-K6 -> -155.42857 | AC6: =N6/K6 -> 0.92228571
B7: =VLOOKUP(D7,廠價表!$C$1:$E$39,2,0) -> 義大利麵 | D7: 韓式起司炸雞義大利麵 | F7: =VLOOKUP(D7,廠價表!$C$1:$E$39,3,0) -> 57.21 | G7: 2270 | H7: =F7*G7 -> 129866.7 | J7: =VLOOKUP(D7,產線配置圖!$A$2:$C$38,2,0) -> 17 | K7: =VLOOKUP(D7,產線配置圖!$A$2:$C$38,3,0) -> 1895 | L7: =K7/J7 -> 111.47059 | M7: 17 | N7: =G7/W7*60 -> 1702.5 | O7: =N7/M7 -> 100.14706 | P7: =M7-J7 -> 0 | Q7: =O7-L7 -> -11.323529 | R7: =O7/L7 -> 0.89841689 | T7: 0.35972222 | U7: 0.41527778 | V7: =(T7-U6)*24*60 -> 8 | W7: =(U7-T7)*24*60 -> 80 | AB7: =N7-K7 -> -192.5 | AC7: =N7/K7 -> 0.89841689
B8: =VLOOKUP(D8,廠價表!$C$1:$E$39,2,0) -> 義大利麵 | D8: 奶油培根義大利麵 | F8: =VLOOKUP(D8,廠價表!$C$1:$E$39,3,0) -> 49.14 | G8: 2608 | H8: =F8*G8 -> 128157.12 | J8: =VLOOKUP(D8,產線配置圖!$A$2:$C$38,2,0) -> 13 | K8: =VLOOKUP(D8,產線配置圖!$A$2:$C$38,3,0) -> 2000 | L8: =K8/J8 -> 153.84615 | M8: 13 | N8: =G8/W8*60 -> 1931.8519 | O8: =N8/M8 -> 148.60399 | P8: =M8-J8 -> 0 | Q8: =O8-L8 -> -5.2421652 | R8: =O8/L8 -> 0.96592593 | T8: 0.42222222 | U8: 0.47847222 | V8: =(T8-U7)*24*60 -> 10 | W8: =(U8-T8)*24*60 -> 81 | AB8: =N8-K8 -> -68.148148 | AC8: =N8/K8 -> 0.96592593
B9: =VLOOKUP(D9,廠價表!$C$1:$E$39,2,0) -> 義大利麵 | D9: 奶油培根義大利麵 | F9: =VLOOKUP(D9,廠價表!$C$1:$E$39,3,0) -> 49.14 | G9: 2797 | H9: =F9*G9 -> 137444.58 | J9: =VLOOKUP(D9,產線配置圖!$A$2:$C$38,2,0) -> 13 | K9: =VLOOKUP(D9,產線配置圖!$A$2:$C$38,3,0) -> 2000 | L9: =K9/J9 -> 153.84615 | M9: 13 | N9: =G9/W9*60 -> 1951.3953 | O9: =N9/M9 -> 150.10733 | P9: =M9-J9 -> 0 | Q9: =O9-L9 -> -3.7388193 | R9: =O9/L9 -> 0.97569767 | T9: 0.54027778 | U9: 0.6 | V9: =(T9-U8)*24*60 -> 89 | W9: =(U9-T9)*24*60 -> 86 | X9: 0.48611111 | Y9: 0.52777778 | AB9: =N9-K9 -> -48.604651 | AC9: =N9/K9 -> 0.97569767
B10: =VLOOKUP(D10,廠價表!$C$1:$E$39,2,0) -> 義大利麵 | D10: 白酒蛤蜊義大利麵 | F10: =VLOOKUP(D10,廠價表!$C$1:$E$39,3,0) -> 57.21 | G10: 772 | H10: =F10*G10 -> 44166.12 | J10: =VLOOKUP(D10,產線配置圖!$A$2:$C$38,2,0) -> 13 | K10: =VLOOKUP(D10,產線配置圖!$A$2:$C$38,3,0) -> 2105 | L10: =K10/J10 -> 161.92308 | M10: 13 | N10: =G10/W10*60 -> 2013.913 | O10: =N10/M10 -> 154.91639 | P10: =M10-J10 -> 0 | Q10: =O10-L10 -> -7.006689 | R10: =O10/L10 -> 0.95672829 | T10: 0.61597222 | U10: 0.63194444 | V10: =(T10-U9)*24*60 -> 23 | W10: =(U10-T10)*24*60 -> 23
W11: =(U11-T11)*24*60 -> 0
H12: =F12*G12 -> 0 | W12: =(U12-T12)*24*60 -> 0
H13: =F13*G13 -> 0 | W13: =(U13-T13)*24*60 -> 0
H14: =F14*G14 -> 0 | W14: =(U14-T14)*24*60 -> 0
C15: 4度一組 | D15: 平均 | J15: =AVERAGE(J5:J14) -> 13.666667 | K15: =AVERAGE(K5:K14) -> 2017.5 | L15: =AVERAGE(L5:L14) -> 149.47587 | M15: =AVERAGE(M5:M14) -> 13.666667 | N15: =AVERAGE(N5:N14) -> 1880.0386 | O15: =AVERAGE(O5:O14) -> 139.48261 | P15: =M15-J15 -> 0 | Q15: =O15-L15 -> -9.9932591 | R15: =O15/L15 -> 0.93314467 | AB15: =N15-K15 -> -137.46139 | AC15: =N15/K15 -> 0.93186548
A16: 自動二線 (ET-600) | B16: 義大利麵 | D16: 白酒蛤蜊義大利麵 | F16: =VLOOKUP(D16,廠價表!$C$1:$E$39,3,0) -> 57.21 | G16: 1232 | H16: =F16*G16 -> 70482.72 | J16: =VLOOKUP(D16,產線配置圖!$A$2:$C$38,2,0) -> 13 | K16: =VLOOKUP(D16,產線配置圖!$A$2:$C$38,3,0) -> 2105 | L16: =K16/J16 -> 161.92308 | M16: 13 | N16: =G16/W16*60 -> 1802.9268 | O16: =N16/M16 -> 138.68668 | P16: =M16-J16 -> 0 | Q16: =O16-L16 -> -23.236398 | R16: =O16/L16 -> 0.85649731 | S16: =R26 -> 0.90766905 | T16: 0.28958333 | U16: 0.31805556 | W16: =(U16-T16)*24*60 -> 41 | AB16: =N16-K16 -> -302.07317 | AC16: =N16/K16 -> 0.85649731 | AD16: =AC26 -> 0.90615861
B17: 義大利麵 | D17: 青醬蛤蜊義大利麵 | F17: =VLOOKUP(D17,廠價表!$C$1:$E$39,3,0) -> 50.67 | G17: 3763 | H17: =F17*G17 -> 190671.21 | J17: =VLOOKUP(D17,產線配置圖!$A$2:$C$38,2,0) -> 13 | K17: =VLOOKUP(D17,產線配置圖!$A$2:$C$38,3,0) -> 2000 | L17: =K17/J17 -> 153.84615 | M17: 13 | N17: =G17/W17*60 -> 1763.9062 | O17: =N17/M17 -> 135.6851 | P17: =M17-J17 -> 0 | Q17: =O17-L17 -> -18.161058 | R17: =O17/L17 -> 0.88195312 | T17: 0.32986111 | U17: 0.41875 | V17: =(T17-U16)*24*60 -> 17 | W17: =(U17-T17)*24*60 -> 128 | Z17: 7:50~7:55待玉取機出麵 | AB17: =N17-K17 -> -236.09375 | AC17: =N17/K17 -> 0.88195312
B18: 義大利麵 | D18: 義式蕃茄起司義大利麵 | F18: =VLOOKUP(D18,廠價表!$C$1:$E$39,3,0) -> 50.39 | G18: 2400 | H18: =F18*G18 -> 120936 | J18: =VLOOKUP(D18,產線配置圖!$A$2:$C$38,2,0) -> 12 | K18: =VLOOKUP(D18,產線配置圖!$A$2:$C$38,3,0) -> 2000 | L18: =K18/J18 -> 166.66667 | M18: 12 | N18: =G18/W18*60 -> 1846.1538 | O18: =N18/M18 -> 153.84615 | P18: =M18-J18 -> 0 | Q18: =O18-L18 -> -12.820513 | R18: =O18/L18 -> 0.92307692 | T18: 0.425 | U18: 0.47916667 | V18: =(T18-U17)*24*60 -> 9 | W18: =(U18-T18)*24*60 -> 78 | AB18: =N18-K18 -> -153.84615 | AC18: =N18/K18 -> 0.92307692
B19: 義大利麵 | D19: 義式蕃茄起司義大利麵 | F19: =VLOOKUP(D19,廠價表!$C$1:$E$39,3,0) -> 50.39 | G19: 2704 | H19: =F19*G19 -> 136254.56 | J19: =VLOOKUP(D19,產線配置圖!$A$2:$C$38,2,0) -> 12 | K19: =VLOOKUP(D19,產線配置圖!$A$2:$C$38,3,0) -> 2000 | L19: =K19/J19 -> 166.66667 | M19: 12 | N19: =G19/W19*60 -> 1931.4286 | O19: =N19/M19 -> 160.95238 | P19: =M19-J19 -> 0 | Q19: =O19-L19 -> -5.7142857 | R19: =O19/L19 -> 0.96571429 | T19: 0.54166667 | U19: 0.6 | V19: =(T19-U18)*24*60 -> 90 | W19: =(U19-T19)*24*60 -> 84 | X19: 0.48611111 | Y19: 0.52777778 | AB19: =N19-K19 -> -68.571429 | AC19: =N19/K19 -> 0.96571429
W20: =(U20-T20)*24*60 -> 0
H21: =F21*G21 -> 0 | W21: 0
H22: =F22*G22 -> 0 | W22: 0
H23: =F23*G23 -> 0 | W23: =(U23-T23)*24*60 -> 0
H24: =F24*G24 -> 0 | W24: =(U24-T24)*24*60 -> 0
H25: =F25*G25 -> 0 | W25: =(U25-T25)*24*60 -> 0
C26: 4度二組A | D26: 平均 | J26: =AVERAGE(J16:J25) -> 12.5 | K26: =AVERAGE(K16:K25) -> 2026.25 | L26: =AVERAGE(L16:L25) -> 162.27564 | M26: =AVERAGE(M16:M25) -> 12.5 | N26: =AVERAGE(N16:N25) -> 1836.1039 | O26: =AVERAGE(O16:O25) -> 147.29258 | P26: =M26-J26 -> 0 | Q26: =O26-L26 -> -14.983063 | R26: =O26/L26 -> 0.90766905 | AB26: =N26-K26 -> -190.14613 | AC26: =N26/K26 -> 0.90615861
A27: 手工三線 (ET-55) | B27: 義大利麵 | D27: 青花椒麻雞肉拌麵 | F27: =VLOOKUP(D27,廠價表!$C$1:$E$39,3,0) -> 49.91 | G27: 3428 | H27: =F27*G27 -> 171091.48 | J27: =VLOOKUP(D27,產線配置圖!$A$2:$C$38,2,0) -> 17 | K27: =VLOOKUP(D27,產線配置圖!$A$2:$C$38,3,0) -> 1565 | L27: =K27/J27 -> 92.058824 | M27: 14 | N27: =G27/W27*60 -> 1269.6296 | O27: =N27/M27 -> 90.687831 | P27: =M27-J27 -> -3 | Q27: =O27-L27 -> -1.3709928 | R27: =O27/L27 -> 0.98510743 | S27: =R37 -> 0.93735685 | T27: 0.28888889 | U27: 0.40138889 | W27: =(U27-T27)*24*60 -> 162 | AB27: =N27-K27 -> -295.37037 | AC27: =N27/K27 -> 0.81126494 | AD27: =AC37 -> 0.77679902
B28: =VLOOKUP(D28,廠價表!$C$1:$E$39,2,0) -> 義大利麵 | D28: 奶油蒜香雞義大利麵 | F28: =VLOOKUP(D28,廠價表!$C$1:$E$39,3,0) -> 55.13 | G28: 1529 | H28: =F28*G28 -> 84293.77 | J28: =VLOOKUP(D28,產線配置圖!$A$2:$C$38,2,0) -> 18 | K28: =VLOOKUP(D28,產線配置圖!$A$2:$C$38,3,0) -> 1385 | L28: =K28/J28 -> 76.944444 | M28: 15 | N28: =G28/W28*60 -> 1042.5 | O28: =N28/M28 -> 69.5 | P28: =M28-J28 -> -3 | Q28: =O28-L28 -> -7.4444444 | R28: =O28/L28 -> 0.9032491 | T28: 0.40763889 | U28: 0.46875 | V28: =(T28-U27)*24*60 -> 9 | W28: =(U28-T28)*24*60 -> 88 | AB28: =N28-K28 -> -342.5 | AC28: =N28/K28 -> 0.75270758
B29: 義大利麵 | D29: 奶油蒜香雞義大利麵 | F29: =VLOOKUP(D29,廠價表!$C$1:$E$39,3,0) -> 55.13 | G29: 897 | H29: =F29*G29 -> 49451.61 | J29: =VLOOKUP(D29,產線配置圖!$A$2:$C$38,2,0) -> 18 | K29: =VLOOKUP(D29,產線配置圖!$A$2:$C$38,3,0) -> 1385 | L29: =K29/J29 -> 76.944444 | M29: 15 | N29: =G29/W29*60 -> 1055.2941 | O29: =N29/M29 -> 70.352941 | P29: =M29-J29 -> -3 | Q29: =O29-L29 -> -6.5915033 | R29: =O29/L29 -> 0.91433425 | T29: 0.53263889 | U29: 0.56805556 | V29: =(T29-U28)*24*60 -> 92 | W29: =(U29-T29)*24*60 -> 51 | X29: 0.47916667 | Y29: 0.52083333 | AB29: =N29-K29 -> -329.70588 | AC29: =N29/K29 -> 0.76194521
W30: =(U30-T30)*24*60 -> 0
W31: =(U31-T31)*24*60 -> 0
H32: =F32*G32 -> 0 | W32: =(U32-T32)*24*60 -> 0
H33: =F33*G33 -> 0 | W33: =(U33-T33)*24*60 -> 0
H34: =F34*G34 -> 0 | W34: =(U34-T34)*24*60 -> 0
H35: =F35*G35 -> 0 | W35: =(U35-T35)*24*60 -> 0
H36: =F36*G36 -> 0 | W36: =(U36-T36)*24*60 -> 0
C37: 4度二組B | D37: 平均 | J37: =AVERAGE(J27:J36) -> 17.666667 | K37: =AVERAGE(K27:K36) -> 1445 | L37: =AVERAGE(L27:L36) -> 81.982571 | M37: =AVERAGE(M27:M36) -> 14.666667 | N37: =AVERAGE(N27:N36) -> 1122.4746 | O37: =AVERAGE(O27:O36) -> 76.846924 | P37: =M37-J37 -> -3 | Q37: =N37-K37 -> -322.52542 | R37: =O37/L37 -> 0.93735685 | AB37: =N37-K37 -> -322.52542 | AC37: =N37/K37 -> 0.77679902
A38: 手工四線 (ET-55) | B38: 義大利麵 | D38: 濃拿坡里義大利麵 | F38: =VLOOKUP(D38,廠價表!$C$1:$E$39,3,0) -> 56.43 | G38: 2820 | H38: =F38*G38 -> 159132.6 | J38: =VLOOKUP(D38,產線配置圖!$A$2:$C$38,2,0) -> 15 | K38: =VLOOKUP(D38,產線配置圖!$A$2:$C$38,3,0) -> 1406 | L38: =K38/J38 -> 93.733333 | M38: 14 | N38: =G38/W38*60 -> 1007.1429 | O38: =N38/M38 -> 71.938776 | P38: =M38-J38 -> -1 | Q38: =O38-L38 -> -21.794558 | R38: =O38/L38 -> 0.76748338 | S38: =R48 -> 0.8131426 | T38: 0.33333333 | U38: 0.45 | W38: =(U38-T38)*24*60 -> 168 | Z38: 10:00~10:14待醬停線貼標 | AB38: =N38-K38 -> -398.85714 | AC38: =N38/K38 -> 0.71631782 | AD38: =AC48 -> 0.79591589
B39: 義大利麵 | D39: 焗烤明太子筆尖麵 | F39: =VLOOKUP(D39,廠價表!$C$1:$E$39,3,0) -> 57.3 | G39: 1162 | H39: =F39*G39 -> 66582.6 | J39: =VLOOKUP(D39,產線配置圖!$A$2:$C$38,2,0) -> 15 | K39: =VLOOKUP(D39,產線配置圖!$A$2:$C$38,3,0) -> 1385 | L39: =K39/J39 -> 92.333333 | M39: 15 | N39: =G39/W39*60 -> 1267.6364 | O39: =N39/M39 -> 84.509091 | P39: =M39-J39 -> 0 | Q39: =O39-L39 -> -7.8242424 | R39: =O39/L39 -> 0.91526091 | T39: 0.45486111 | U39: 0.49305556 | V39: =(T39-U38)*24*60 -> 7 | W39: =(U39-T39)*24*60 -> 55 | AB39: =N39-K39 -> -117.36364 | AC39: =N39/K39 -> 0.91526091
B40: 義大利麵 | D40: 焗烤明太子筆尖麵 | F40: =VLOOKUP(D40,廠價表!$C$1:$E$39,3,0) -> 57.3 | G40: 1014 | H40: =F40*G40 -> 58102.2 | J40: =VLOOKUP(D40,產線配置圖!$A$2:$C$38,2,0) -> 15 | K40: =VLOOKUP(D40,產線配置圖!$A$2:$C$38,3,0) -> 1385 | L40: =K40/J40 -> 92.333333 | M40: 15 | N40: =G40/W40*60 -> 1048.9655 | O40: =N40/M40 -> 69.931034 | P40: =M40-J40 -> 0 | Q40: =O40-L40 -> -22.402299 | R40: =O40/L40 -> 0.75737582 | T40: 0.54652778 | U40: 0.58680556 | V40: =(T40-U39)*24*60 -> 77 | W40: =(U40-T40)*24*60 -> 58 | X40: 0.5 | Y40: 0.54166667
W41: =(U41-T41)*24*60 -> 0
H42: =F42*G42 -> 0 | W42: =(U42-T42)*24*60 -> 0
H43: =F43*G43 -> 0 | W43: =(U43-T43)*24*60 -> 0
H44: =F44*G44 -> 0 | W44: =(U44-T44)*24*60 -> 0
H45: =F45*G45 -> 0 | W45: =(U45-T45)*24*60 -> 0
H46: =F46*G46 -> 0 | W46: =(U46-T46)*24*60 -> 0
H47: =F47*G47 -> 0 | W47: =(U47-T47)*24*60 -> 0
C48: 4度二組C1 | D48: 平均 | J48: =AVERAGE(J38:J47) -> 15 | K48: =AVERAGE(K38:K47) -> 1392 | L48: =AVERAGE(L38:L47) -> 92.8 | M48: =AVERAGE(M38:M47) -> 14.666667 | N48: =AVERAGE(N38:N47) -> 1107.9149 | O48: =AVERAGE(O38:O47) -> 75.459634 | P48: =M48-J48 -> -0.33333333 | Q48: =N48-K48 -> -284.08509 | R48: =O48/L48 -> 0.8131426 | W48: =(U48-T48)*24*60 -> 0 | AB48: =N48-K48 -> -284.08509 | AC48: =N48/K48 -> 0.79591589
A49: 手工五線 (ET-55) | B49: =VLOOKUP(D49,廠價表!$C$1:$E$39,2,0) -> 義大利麵 | D49: 剝皮辣椒雞奶油扁麵 | F49: =VLOOKUP(D49,廠價表!$C$1:$E$39,3,0) -> 56.87 | G49: 3329 | H49: =F49*G49 -> 189320.23 | J49: =VLOOKUP(D49,產線配置圖!$A$2:$C$38,2,0) -> 19 | K49: =VLOOKUP(D49,產線配置圖!$A$2:$C$38,3,0) -> 1565 | L49: =K49/J49 -> 82.368421 | M49: 19 | N49: =G49/W49*60 -> 1560.4687 | O49: =N49/M49 -> 82.129934 | P49: =M49-J49 -> 0 | Q49: =O49-L49 -> -0.23848684 | R49: =O49/L49 -> 0.99710463 | S49: =R58 -> 0.93924214 | T49: 0.28888889 | U49: 0.37777778 | W49: =(U49-T49)*24*60 -> 128 | AB49: =N49-K49 -> -4.53125 | AC49: =N49/K49 -> 0.99710463 | AD49: =AC58 -> 0.94024236
B50: =VLOOKUP(D50,廠價表!$C$1:$E$39,2,0) -> 義大利麵 | D50: 焗烤起司雙饗筆尖麵 | F50: =VLOOKUP(D50,廠價表!$C$1:$E$39,3,0) -> 49.97 | G50: 3504 | H50: =F50*G50 -> 175094.88 | J50: =VLOOKUP(D50,產線配置圖!$A$2:$C$38,2,0) -> 18 | K50: =VLOOKUP(D50,產線配置圖!$A$2:$C$38,3,0) -> 1600 | L50: =K50/J50 -> 88.888889 | M50: 18 | N50: =G50/W50*60 -> 1592.7273 | O50: =N50/M50 -> 88.484848 | P50: =M50-J50 -> 0 | Q50: =O50-L50 -> -0.4040404 | R50: =O50/L50 -> 0.99545455 | T50: 0.38333333 | U50: 0.475 | V50: =(T50-U49)*24*60 -> 8 | W50: =(U50-T50)*24*60 -> 132 | AB50: =N50-K50 -> -7.2727273 | AC50: =N50/K50 -> 0.99545455
B51: =VLOOKUP(D51,廠價表!$C$1:$E$39,2,0) -> 義大利麵 | D51: 焗烤起司雙饗筆尖麵 | F51: =VLOOKUP(D51,廠價表!$C$1:$E$39,3,0) -> 49.97 | G51: 2256 | H51: =F51*G51 -> 112732.32 | J51: =VLOOKUP(D51,產線配置圖!$A$2:$C$38,2,0) -> 18 | K51: =VLOOKUP(D51,產線配置圖!$A$2:$C$38,3,0) -> 1600 | L51: =K51/J51 -> 88.888889 | M51: 18 | N51: =G51/W51*60 -> 1327.0588 | O51: =N51/M51 -> 73.72549 | P51: =M51-J51 -> 0 | Q51: =O51-L51 -> -15.163399 | R51: =O51/L51 -> 0.82941176 | T51: 0.54236111 | U51: 0.61319444 | V51: =(T51-U50)*24*60 -> 97 | W51: =(U51-T51)*24*60 -> 102 | X51: 0.48958333 | Y51: 0.53125 | AB51: =N51-K51 -> -272.94118 | AC51: =N51/K51 -> 0.82941176
W52: =(U52-T52)*24*60 -> 0
W53: =(U53-T53)*24*60 -> 0
H54: =F54*G54 -> 0 | W54: =(U54-T54)*24*60 -> 0
H55: =F55*G55 -> 0 | W55: =(U55-T55)*24*60 -> 0
H56: =F56*G56 -> 0 | W56: =(U56-T56)*24*60 -> 0
H57: =F57*G57 -> 0 | W57: =(U57-T57)*24*60 -> 0
C58: 4度二組C2 | D58: 平均 | J58: =AVERAGE(J49:J57) -> 18.333333 | K58: =AVERAGE(K49:K57) -> 1588.3333 | L58: =AVERAGE(L49:L57) -> 86.7154 | M58: =AVERAGE(M49:M57) -> 18.333333 | N58: =AVERAGE(N49:N57) -> 1493.4183 | O58: =AVERAGE(O49:O57) -> 81.446758 | P58: =M58-J58 -> 0 | Q58: =N58-K58 -> -94.915051 | R58: =O58/L58 -> 0.93924214 | AB58: =N58-K58 -> -94.915051 | AC58: =N58/K58 -> 0.94024236
A59: 調理包一線 (八爪機) | B59: =VLOOKUP(D59,廠價表!$C$1:$E$39,2,0) -> 小吃、微波 | D59: 小滷青蔬 | F59: =VLOOKUP(D59,廠價表!$C$1:$E$39,3,0) -> 26.99 | G59: 3276 | H59: =F59*G59 -> 88419.24 | J59: =VLOOKUP(D59,產線配置圖!$A$2:$C$38,2,0) -> 13 | K59: =VLOOKUP(D59,產線配置圖!$A$2:$C$38,3,0) -> 1565 | L59: =K59/J59 -> 120.38462 | M59: 13 | N59: =G59/W59*60 -> 1560 | O59: =N59/M59 -> 120 | P59: =M59-J59 -> 0 | Q59: =O59-L59 -> -0.38461538 | R59: =O59/L59 -> 0.99680511 | S59: =R69 -> 0.87143443 | T59: 0.29097222 | U59: 0.37847222 | W59: =(U59-T59)*24*60 -> 126 | AB59: =N59-K59 -> -5 | AC59: =N59/K59 -> 0.99680511 | AD59: =AC69 -> 0.87526322
B60: =VLOOKUP(D60,廠價表!$C$1:$E$39,2,0) -> 小吃、微波 | D60: 台式綜合甜不辣 | F60: =VLOOKUP(D60,廠價表!$C$1:$E$39,3,0) -> 28.47 | G60: 1143 | H60: =F60*G60 -> 32541.21 | J60: =VLOOKUP(D60,產線配置圖!$A$2:$C$38,2,0) -> 12 | K60: =VLOOKUP(D60,產線配置圖!$A$2:$C$38,3,0) -> 1565 | L60: =K60/J60 -> 130.41667 | M60: 12 | N60: =G60/W60*60 -> 914.4 | O60: =N60/M60 -> 76.2 | P60: =M60-J60 -> 0 | Q60: =O60-L60 -> -54.216667 | R60: =O60/L60 -> 0.58428115 | T60: 0.38888889 | U60: 0.44097222 | V60: =(T60-U59)*24*60 -> 15 | W60: =(U60-T60)*24*60 -> 75 | Z60: 人員輪流休息 | AB60: =N60-K60 -> -650.6 | AC60: =N60/K60 -> 0.58428115
B61: =VLOOKUP(D61,廠價表!$C$1:$E$39,2,0) -> 小吃、微波 | D61: 起司馬鈴薯 | F61: =VLOOKUP(D61,廠價表!$C$1:$E$39,3,0) -> 28.26 | G61: 1645 | H61: =F61*G61 -> 46487.7 | J61: =VLOOKUP(D61,產線配置圖!$A$2:$C$38,2,0) -> 12 | K61: =VLOOKUP(D61,產線配置圖!$A$2:$C$38,3,0) -> 1565 | L61: =K61/J61 -> 130.41667 | M61: 12 | N61: =G61/W61*60 -> 1518.4615 | O61: =N61/M61 -> 126.53846 | P61: =M61-J61 -> 0 | Q61: =O61-L61 -> -3.8782051 | R61: =O61/L61 -> 0.97026296 | T61: 0.45138889 | U61: 0.49652778 | V61: =(T61-U60)*24*60 -> 15 | W61: =(U61-T61)*24*60 -> 65 | AB61: =N61-K61 -> -46.538462 | AC61: =N61/K61 -> 0.97026296
B62: =VLOOKUP(D62,廠價表!$C$1:$E$39,2,0) -> 小吃、微波 | D62: 起司馬鈴薯 | F62: =VLOOKUP(D62,廠價表!$C$1:$E$39,3,0) -> 28.26 | G62: 866 | H62: =F62*G62 -> 24473.16 | J62: =VLOOKUP(D62,產線配置圖!$A$2:$C$38,2,0) -> 12 | K62: =VLOOKUP(D62,產線配置圖!$A$2:$C$38,3,0) -> 1565 | L62: =K62/J62 -> 130.41667 | M62: 12 | N62: =G62/W62*60 -> 1299 | O62: =N62/M62 -> 108.25 | P62: =M62-J62 -> 0 | Q62: =O62-L62 -> -22.166667 | R62: =O62/L62 -> 0.83003195 | T62: 0.54861111 | U62: 0.57638889 | V62: =(T62-U61)*24*60 -> 75 | W62: =(U62-T62)*24*60 -> 40 | X62: 0.5 | Y62: 0.54166667 | AB62: =N62-K62 -> -266 | AC62: =N62/K62 -> 0.83003195
B63: 小吃、微波 | D63: 小滷青蔬 | F63: =VLOOKUP(D63,廠價表!$C$1:$E$39,3,0) -> 26.99 | G63: 1064 | H63: =F63*G63 -> 28717.36 | J63: =VLOOKUP(D63,產線配置圖!$A$2:$C$38,2,0) -> 13 | K63: =VLOOKUP(D63,產線配置圖!$A$2:$C$38,3,0) -> 1565 | L63: =K63/J63 -> 120.38462 | M63: 13 | N63: =G63/W63*60 -> 1557.0732 | O63: =N63/M63 -> 119.77486 | P63: =M63-J63 -> 0 | Q63: =O63-L63 -> -0.6097561 | R63: =O63/L63 -> 0.99493493 | T63: 0.58680556 | U63: 0.61527778 | V63: =(T63-U62)*24*60 -> 15 | W63: =(U63-T63)*24*60 -> 41 | AB63: =N63-K63 -> -7.9268293 | AC63: =N63/K63 -> 0.99493493
H64: =F64*G64 -> 0 | W64: =(U64-T64)*24*60 -> 0
H65: =F65*G65 -> 0 | W65: =(U65-T65)*24*60 -> 0
H66: =F66*G66 -> 0 | W66: =(U66-T66)*24*60 -> 0
H67: =F67*G67 -> 0 | W67: =(U67-T67)*24*60 -> 0
H68: =F68*G68 -> 0 | W68: =(U68-T68)*24*60 -> 0
C69: 4度三組 | D69: 平均 | J69: =AVERAGE(J59:J68) -> 12.4 | K69: =AVERAGE(K59:K68) -> 1565 | L69: =AVERAGE(L59:L68) -> 126.40385 | M69: =AVERAGE(M59:M68) -> 12.4 | N69: =AVERAGE(N59:N68) -> 1369.7869 | O69: =AVERAGE(O59:O68) -> 110.15266 | P69: =M69-J69 -> 0 | Q69: =N69-K69 -> -195.21306 | R69: =O69/L69 -> 0.87143443 | AB69: =N69-K69 -> -195.21306 | AC69: =N69/K69 -> 0.87526322
A70: 調理包二線 (手工) | B70: 義大利麵 | D70: 奶油起司蝦仁通心粉 | F70: =VLOOKUP(D70,廠價表!$C$1:$E$39,3,0) -> 47.71 | G70: 4488 | H70: =F70*G70 -> 214122.48 | J70: =VLOOKUP(D70,產線配置圖!$A$2:$C$38,2,0) -> 15 | K70: =VLOOKUP(D70,產線配置圖!$A$2:$C$38,3,0) -> 1500 | L70: =K70/J70 -> 100 | M70: 13 | N70: =G70/W70*60 -> 1170.7826 | O70: =N70/M70 -> 90.060201 | P70: =M70-J70 -> -2 | Q70: =O70-L70 -> -9.9397993 | R70: =O70/L70 -> 0.90060201 | S70: =R79 -> 0.88431742 | T70: 0.33333333 | U70: 0.49305556 | W70: =(U70-T70)*24*60 -> 230 | AB70: =N70-K70 -> -329.21739 | AC70: =N70/K70 -> 0.78052174 | AD70: =AC79 -> 0.82889708
W71: =(U71-T71)*24*60 -> 0 | AB71: =N71-K71 -> 0 | AC71: =N71/K71 -> #DIV/0!
W72: =(U72-T72)*24*60 -> 0
W73: =(U73-T73)*24*60 -> 0
H74: =F74*G74 -> 0 | W74: =(U74-T74)*24*60 -> 0
H75: =F75*G75 -> 0 | W75: =(U75-T75)*24*60 -> 0
H76: =F76*G76 -> 0 | W76: =(U76-T76)*24*60 -> 0
H77: =F77*G77 -> 0 | W77: =(U77-T77)*24*60 -> 0
H78: =F78*G78 -> 0 | W78: =(U78-T78)*24*60 -> 0
C79: 4度四組 | D79: 平均 | J79: =AVERAGE(J69:J78) -> 13.7 | K79: =AVERAGE(K69:K78) -> 1532.5 | L79: =AVERAGE(L69:L78) -> 113.20192 | M79: =AVERAGE(M69:M78) -> 12.7 | N79: =AVERAGE(N69:N78) -> 1270.2848 | O79: =AVERAGE(O69:O78) -> 100.10643 | P79: =M79-J79 -> -1 | Q79: =N79-K79 -> -262.21522 | R79: =O79/L79 -> 0.88431742 | AB79: =N79-K79 -> -262.21522 | AC79: =N79/K79 -> 0.82889708
AF80: 1.當日出勤人數較多
AF81: 2.當日出勤人數較少
AF82: 3.當日出勤熟手較少
AF83: 4.當日出勤新人較多
AF84: 5.機台夾盒
AF85: 6.封膜不順
AF86: 7.更換膠膜
AF87: 8.更換碳帶
AF88: 9.當日熱轉印碳帶異常
AF89: 10.訂單量過少
AF90: 11.新品上市，尚未熟悉
AF91: 12.商品結構，產能較低
AF92: 13.區域出貨，分段生產

Sheet 1106總
B1: 長家廠組合室生產人時性分析
B3: 日期 | D3: 45967 | F3: 訂單量 | G3: ='1106'!E1 -> 52136 | I3: 營業額 | J3: ='1106'!G1 -> 2539591.8
B4: 項目 | D4: 3 | F4: ➀ | H4: ➁ | J4: ③
B5: 人時性 | D5: 組合室 | F5: 全溫層 | H5: 義大利麵 | J5: 袋裝小吃、義麵
D6: 排關平均 | F6: =AVERAGE(D13:J13) -> 111.42772 | H6: =AVERAGE(D13:H13) -> 110.03198 | J6: =AVERAGE(I13:J13) -> 114.91707
D7: 實績平均 | F7: =AVERAGE(D14:J14) -> 98.925774 | H7: =AVERAGE(D14:H14) -> 98.148873 | J7: =AVERAGE(I14:J14) -> 100.86803
D8: 達成率平均 | F8: =AVERAGE(D15:J15) -> 0.88597855 | H8: =AVERAGE(D15:H15) -> 0.88984394 | J8: =AVERAGE(I15:J15) -> 0.87631507 | L8: ※現行日本鮮食廠以達成率80%為基本(即為現行KPI)
B10: 溫層 | D10: 4度C-各編組展開
B11: 編組 | D11: 1 | E11: 2 | F11: 3 | G11: 4 | H11: 5 | I11: 6 | J11: 7
D12: 自動1線 | E12: 自動2線 | F12: 手工3線 | G12: 手工4線 | H12: 手工5線 | I12: 調理包1線 | J12: 調理包2線
B13: 人時性 | C13: 排關 | D13: =VALUE('1106'!L15) -> 135.3373 | E13: =VALUE('1106'!L26) -> 150.22665 | F13: =VALUE('1106'!L37) -> 87.020697 | G13: =VALUE('1106'!L48) -> 93.033333 | H13: =VALUE('1106'!L58) -> 84.54191 | I13: =VALUE('1106'!L69) -> 125.40064 | J13: =VALUE('1106'!L79) -> 104.43349
C14: 實績 | D14: =VALUE('1106'!O15) -> 124.48002 | E14: =VALUE('1106'!O26) -> 135.10744 | F14: =VALUE('1106'!O37) -> 81.352089 | G14: =VALUE('1106'!O48) -> 71.073427 | H14: =VALUE('1106'!O58) -> 78.731392 | I14: =VALUE('1106'!O69) -> 111.85779 | J14: =VALUE('1106'!O79) -> 89.878263
C15: 達成率 | D15: =D14/D13 -> 0.91977617 | E15: =E14/E13 -> 0.89935732 | F15: =F14/F13 -> 0.93485909 | G15: =G14/G13 -> 0.76395657 | H15: =H14/H13 -> 0.93127055 | I15: =I14/I13 -> 0.89200334 | J15: =J14/J13 -> 0.8606268
B16: 作業 時間 | C16: 開始 | D16: ='1106'!T5 -> 0.29027778 | E16: ='1106'!T16 -> 0.28958333 | F16: ='1106'!T27 -> 0.29027778 | G16: ='1106'!T38 -> 0.33333333 | H16: ='1106'!T49 -> 0.28819444 | I16: ='1106'!T59 -> 0.29166667 | J16: ='1106'!T70 -> 0.33819444
C17: 結束 | D17: 0.58194444 | E17: 0.61458333 | F17: 0.55 | G17: 0.60416667 | H17: 0.58194444 | I17: 0.58819444 | J17: 0.62847222
B18: 配置人數 | D18: =VALUE('1106'!M15) -> 15 | E18: =VALUE('1106'!M26) -> 13.5 | F18: =VALUE('1106'!M37) -> 15.333333 | G18: =VALUE('1106'!M48) -> 15 | H18: =VALUE('1106'!M58) -> 18.333333 | I18: =VALUE('1106'!M69) -> 12.5 | J18: =VALUE('1106'!M79) -> 14.375
B19: 主要應用設備 | D19: ET-600 | E19: ET-600 | F19: ET-55 | G19: ET-55 | H19: ET-55 | I19: 八爪機 | J19: ET-55
B20: 次要應用設備 | H20: 封口機
B21: 備註

Sheet 1106
A1: 長家廠4度C日報分析 | D1: 總生產量 | E1: =SUM(G5:G79) -> 52136 | F1: 營業額 | G1: =SUM(H5:H79) -> 2539591.8 | H1: 出勤人數 | I1: =M15+M26+M48+M58+M69+M79+M37 -> 104.04167 | J1: 產線配置圖 | M1: 生產實績 | P1: 人時性差異分析 | T1: 日報登錄 | Z1: 分析說明 | AB1: 產能差異分析
A2: 11月06日 星期四 | D2: 人時性 | E2: =AVERAGE(O15,O26,O37,O48,O58,O69,O79) -> 98.925774 | F2: 平均廠價 | G2: =G1/E1 -> 48.710905 | H2: 多次生產數 | I2: =COUNT(I5:I79) -> 0
A3: 線別 | B3: 品類 | D3: 品名 | F3: 廠價 | G3: 生產量 | H3: 營收 | I3: 多次 生產 | J3: 人數 | K3: 產能/時 | L3: 人時性 | M3: 人數 | N3: 產能/時 | O3: 人時性 | P3: 人數 | Q3: 人時性 | R3: 達成率 | S3: 達成率平均 | T3: 生產時間 | V3: 前置、換線時間/分 | W3: 稼動時間/分 | X3: 休息時間 | Z3: (長家回填) | AB3: 產能/時 | AC3: 達成率 | AD3: 達成率平均
T4: 開始 | U4: 結束 | X4: 開始 | Y4: 結束
A5: 自動一線 (ET-600) | B5: =VLOOKUP(D5,廠價表!$C$1:$E$39,2,0) -> 義大利麵 | D5: 白酒蛤蜊義大利麵 | F5: =VLOOKUP(D5,廠價表!$C$1:$E$39,3,0) -> 57.21 | G5: 1659 | H5: =F5*G5 -> 94911.39 | J5: 14 | K5: =VLOOKUP(D5,產線配置圖!$A$2:$C$38,3,0) -> 2105 | L5: =K5/J5 -> 150.35714 | M5: 14 | N5: =G5/W5*60 -> 1777.5 | O5: =N5/M5 -> 126.96429 | P5: =M5-J5 -> 0 | Q5: =O5-L5 -> -23.392857 | R5: =O5/L5 -> 0.84441805 | S5: =R15 -> 0.91977617 | T5: 0.29027778 | U5: 0.32916667 | W5: =(U5-T5)*24*60 -> 56 | AB5: =N5-K5 -> -327.5 | AC5: =N5/K5 -> 0.84441805 | AD5: =AC15 -> 0.92112207
B6: =VLOOKUP(D6,廠價表!$C$1:$E$39,2,0) -> 義大利麵 | D6: 韓式起司炸雞義大利麵 | F6: =VLOOKUP(D6,廠價表!$C$1:$E$39,3,0) -> 57.21 | G6: 2299 | H6: =F6*G6 -> 131525.79 | J6: 18 | K6: =VLOOKUP(D6,產線配置圖!$A$2:$C$38,3,0) -> 1895 | L6: =K6/J6 -> 105.27778 | M6: 18 | N6: =G6/W6*60 -> 1791.4286 | O6: =N6/M6 -> 99.52381 | P6: =M6-J6 -> 0 | Q6: =O6-L6 -> -5.7539683 | R6: =O6/L6 -> 0.94534489 | T6: 0.33819444 | U6: 0.39166667 | V6: =(T6-U5)*24*60 -> 13 | W6: =(U6-T6)*24*60 -> 77 | AB6: =N6-K6 -> -103.57143 | AC6: =N6/K6 -> 0.94534489
B7: =VLOOKUP(D7,廠價表!$C$1:$E$39,2,0) -> 義大利麵 | D7: 奶油培根義大利麵 | F7: =VLOOKUP(D7,廠價表!$C$1:$E$39,3,0) -> 49.14 | G7: 3412 | H7: =F7*G7 -> 167665.68 | J7: 14 | K7: =VLOOKUP(D7,產線配置圖!$A$2:$C$38,3,0) -> 2000 | L7: =K7/J7 -> 142.85714 | M7: 14 | N7: =G7/W7*60 -> 1931.3208 | O7: =N7/M7 -> 137.95148 | P7: =M7-J7 -> 0 | Q7: =O7-L7 -> -4.9056604 | R7: =O7/L7 -> 0.96566038 | T7: 0.39722222 | U7: 0.47083333 | V7: =(T7-U6)*24*60 -> 8 | W7: =(U7-T7)*24*60 -> 106 | AB7: =N7-K7 -> -68.679245 | AC7: =N7/K7 -> 0.96566038
B8: =VLOOKUP(D8,廠價表!$C$1:$E$39,2,0) -> 義大利麵 | D8: 奶油培根義大利麵 | F8: =VLOOKUP(D8,廠價表!$C$1:$E$39,3,0) -> 49.14 | G8: 1713 | H8: =F8*G8 -> 84176.82 | J8: 14 | K8: =VLOOKUP(D8,產線配置圖!$A$2:$C$38,3,0) -> 2000 | L8: =K8/J8 -> 142.85714 | M8: 14 | N8: =G8/W8*60 -> 1868.7273 | O8: =N8/M8 -> 133.48052 | P8: =M8-J8 -> 0 | Q8: =O8-L8 -> -9.3766234 | R8: =O8/L8 -> 0.93436364 | T8: 0.54375 | U8: 0.58194444 | V8: =(T8-U7)*24*60 -> 105 | W8: =(U8-T8)*24*60 -> 55 | AB8: =N8-K8 -> -131.27273 | AC8: =N8/K8 -> 0.93436364
W9: =(U9-T9)*24*60 -> 0 | X9: 0.48611111 | Y9: 0.52777778 | AB9: =N9-K9 -> 0 | AC9: =N9/K9 -> #DIV/0!
W10: =(U10-T10)*24*60 -> 0
W11: =(U11-T11)*24*60 -> 0
H12: =F12*G12 -> 0 | W12: =(U12-T12)*24*60 -> 0
H13: =F13*G13 -> 0 | W13: =(U13-T13)*24*60 -> 0
H14: =F14*G14 -> 0 | W14: =(U14-T14)*24*60 -> 0
C15: 4度一組 | D15: 平均 | J15: =AVERAGE(J5:J14) -> 15 | K15: =AVERAGE(K5:K14) -> 2000 | L15: =AVERAGE(L5:L14) -> 135.3373 | M15: =AVERAGE(M5:M14) -> 15 | N15: =AVERAGE(N5:N14) -> 1842.2441 | O15: =AVERAGE(O5:O14) -> 124.48002 | P15: =M15-J15 -> 0 | Q15: =O15-L15 -> -10.857277 | R15: =O15/L15 -> 0.91977617 | AB15: =N15-K15 -> -157.75585 | AC15: =N15/K15 -> 0.92112207
A16: 自動二線 (ET-600) | B16: 義大利麵 | D16: 白酒蛤蜊義大利麵 | F16: =VLOOKUP(D16,廠價表!$C$1:$E$39,3,0) -> 57.21 | G16: 1407 | H16: =F16*G16 -> 80494.47 | J16: 14 | K16: =VLOOKUP(D16,產線配置圖!$A$2:$C$38,3,0) -> 2105 | L16: =K16/J16 -> 150.35714 | M16: 14 | N16: =G16/W16*60 -> 1796.1702 | O16: =N16/M16 -> 128.29787 | P16: =M16-J16 -> 0 | Q16: =O16-L16 -> -22.059271 | R16: =O16/L16 -> 0.85328751 | S16: =R26 -> 0.89935732 | T16: 0.28958333 | U16: 0.32222222 | W16: =(U16-T16)*24*60 -> 47 | AB16: =N16-K16 -> -308.82979 | AC16: =N16/K16 -> 0.85328751 | AD16: =AC26 -> 0.8985281
B17: 義大利麵 | D17: 青醬蛤蜊義大利麵 | F17: =VLOOKUP(D17,廠價表!$C$1:$E$39,3,0) -> 50.67 | G17: 4504 | H17: =F17*G17 -> 228217.68 | J17: 14 | K17: =VLOOKUP(D17,產線配置圖!$A$2:$C$38,3,0) -> 2000 | L17: =K17/J17 -> 142.85714 | M17: 14 | N17: =G17/W17*60 -> 1801.6 | O17: =N17/M17 -> 128.68571 | P17: =M17-J17 -> 0 | Q17: =O17-L17 -> -14.171429 | R17: =O17/L17 -> 0.9008 | T17: 0.33055556 | U17: 0.43472222 | V17: =(T17-U16)*24*60 -> 12 | W17: =(U17-T17)*24*60 -> 150 | AB17: =N17-K17 -> -198.4 | AC17: =N17/K17 -> 0.9008
B18: 義大利麵 | D18: 義式蕃茄起司義大利麵 | F18: =VLOOKUP(D18,廠價表!$C$1:$E$39,3,0) -> 50.39 | G18: 1814 | H18: =F18*G18 -> 91407.46 | J18: 13 | K18: =VLOOKUP(D18,產線配置圖!$A$2:$C$38,3,0) -> 2000 | L18: =K18/J18 -> 153.84615 | M18: 13 | N18: =G18/W18*60 -> 1814 | O18: =N18/M18 -> 139.53846 | P18: =M18-J18 -> 0 | Q18: =O18-L18 -> -14.307692 | R18: =O18/L18 -> 0.907 | T18: 0.44097222 | U18: 0.48263889 | V18: =(T18-U17)*24*60 -> 9 | W18: =(U18-T18)*24*60 -> 60 | AB18: =N18-K18 -> -186 | AC18: =N18/K18 -> 0.907
B19: 義大利麵 | D19: 義式蕃茄起司義大利麵 | F19: =VLOOKUP(D19,廠價表!$C$1:$E$39,3,0) -> 50.39 | G19: 3118 | H19: =F19*G19 -> 157116.02 | J19: 13 | K19: =VLOOKUP(D19,產線配置圖!$A$2:$C$38,3,0) -> 2000 | L19: =K19/J19 -> 153.84615 | M19: 13 | N19: =G19/W19*60 -> 1870.8 | O19: =N19/M19 -> 143.90769 | P19: =M19-J19 -> 0 | Q19: =O19-L19 -> -9.9384615 | R19: =O19/L19 -> 0.9354 | T19: 0.54513889 | U19: 0.61458333 | V19: =(T19-U18)*24*60 -> 90 | W19: =(U19-T19)*24*60 -> 100 | X19: 0.48611111 | Y19: 0.52777778 | AB19: =N19-K19 -> -129.2 | AC19: =N19/K19 -> 0.9354
W20: =(U20-T20)*24*60 -> 0
H21: =F21*G21 -> 0 | W21: 0
H22: =F22*G22 -> 0 | W22: 0
H23: =F23*G23 -> 0 | W23: =(U23-T23)*24*60 -> 0
H24: =F24*G24 -> 0 | W24: =(U24-T24)*24*60 -> 0
H25: =F25*G25 -> 0 | W25: =(U25-T25)*24*60 -> 0
C26: 4度二組A | D26: 平均 | J26: =AVERAGE(J16:J25) -> 13.5 | K26: =AVERAGE(K16:K25) -> 2026.25 | L26: =AVERAGE(L16:L25) -> 150.22665 | M26: =AVERAGE(M16:M25) -> 13.5 | N26: =AVERAGE(N16:N25) -> 1820.6426 | O26: =AVERAGE(O16:O25) -> 135.10744 | P26: =M26-J26 -> 0 | Q26: =O26-L26 -> -15.119213 | R26: =O26/L26 -> 0.89935732 | AB26: =N26-K26 -> -205.60745 | AC26: =N26/K26 -> 0.8985281
A27: 手工三線 (ET-55) | B27: 義大利麵 | D27: 青花椒麻雞肉拌麵 | F27: =VLOOKUP(D27,廠價表!$C$1:$E$39,3,0) -> 49.91 | G27: 2111 | H27: =F27*G27 -> 105360.01 | J27: =VLOOKUP(D27,產線配置圖!$A$2:$C$38,2,0) -> 17 | K27: =VLOOKUP(D27,產線配置圖!$A$2:$C$38,3,0) -> 1565 | L27: =K27/J27 -> 92.058824 | M27: 15 | N27: =G27/W27*60 -> 1279.3939 | O27: =N27/M27 -> 85.292929 | P27: =M27-J27 -> -2 | Q27: =O27-L27 -> -6.7658942 | R27: =O27/L27 -> 0.92650466 | S27: =R37 -> 0.93485909 | T27: 0.29027778 | U27: 0.35902778 | W27: =(U27-T27)*24*60 -> 99 | AB27: =N27-K27 -> -285.60606 | AC27: =N27/K27 -> 0.81750411 | AD27: =AC37 -> 0.82919662
B28: =VLOOKUP(D28,廠價表!$C$1:$E$39,2,0) -> 義大利麵 | D28: 奶油蒜香雞義大利麵 | F28: =VLOOKUP(D28,廠價表!$C$1:$E$39,3,0) -> 55.13 | G28: 2463 | H28: =F28*G28 -> 135785.19 | J28: =VLOOKUP(D28,產線配置圖!$A$2:$C$38,2,0) -> 18 | K28: =VLOOKUP(D28,產線配置圖!$A$2:$C$38,3,0) -> 1385 | L28: =K28/J28 -> 76.944444 | M28: 15 | N28: =G28/W28*60 -> 1136.7692 | O28: =N28/M28 -> 75.784615 | P28: =M28-J28 -> -3 | Q28: =O28-L28 -> -1.1598291 | R28: =O28/L28 -> 0.98492641 | T28: 0.36458333 | U28: 0.45486111 | V28: =(T28-U27)*24*60 -> 8 | W28: =(U28-T28)*24*60 -> 130 | AB28: =N28-K28 -> -248.23077 | AC28: =N28/K28 -> 0.82077201
B29: 義大利麵 | D29: 青花椒麻雞肉拌麵 | F29: =VLOOKUP(D29,廠價表!$C$1:$E$39,3,0) -> 49.91 | G29: 1040 | H29: =F29*G29 -> 51906.4 | J29: =VLOOKUP(D29,產線配置圖!$A$2:$C$38,2,0) -> 17 | K29: =VLOOKUP(D29,產線配置圖!$A$2:$C$38,3,0) -> 1565 | L29: =K29/J29 -> 92.058824 | M29: 16 | N29: =G29/W29*60 -> 1327.6596 | O29: =N29/M29 -> 82.978723 | P29: =M29-J29 -> -1 | Q29: =O29-L29 -> -9.0801001 | R29: =O29/L29 -> 0.90136632 | T29: 0.51736111 | U29: 0.55 | V29: =(T29-U28)*24*60 -> 90 | W29: =(U29-T29)*24*60 -> 47 | X29: 0.47916667 | Y29: 0.52083333 | AB29: =N29-K29 -> -237.34043 | AC29: =N29/K29 -> 0.84834478
W30: =(U30-T30)*24*60 -> 0
W31: =(U31-T31)*24*60 -> 0
W32: =(U32-T32)*24*60 -> 0
H33: =F33*G33 -> 0 | W33: =(U33-T33)*24*60 -> 0
H34: =F34*G34 -> 0 | W34: =(U34-T34)*24*60 -> 0
H35: =F35*G35 -> 0 | W35: =(U35-T35)*24*60 -> 0
H36: =F36*G36 -> 0 | W36: =(U36-T36)*24*60 -> 0
C37: 4度二組B | D37: 平均 | J37: =AVERAGE(J27:J36) -> 17.333333 | K37: =AVERAGE(K27:K36) -> 1505 | L37: =AVERAGE(L27:L36) -> 87.020697 | M37: =AVERAGE(M27:M36) -> 15.333333 | N37: =AVERAGE(N27:N36) -> 1247.9409 | O37: =AVERAGE(O27:O36) -> 81.352089 | P37: =M37-J37 -> -2 | Q37: =N37-K37 -> -257.05909 | R37: =O37/L37 -> 0.93485909 | AB37: =N37-K37 -> -257.05909 | AC37: =N37/K37 -> 0.82919662
A38: 手工四線 (ET-55) | B38: 義大利麵 | D38: 濃拿坡里義大利麵 | F38: =VLOOKUP(D38,廠價表!$C$1:$E$39,3,0) -> 56.43 | G38: 3391 | H38: =F38*G38 -> 191354.13 | J38: =VLOOKUP(D38,產線配置圖!$A$2:$C$38,2,0) -> 15 | K38: =VLOOKUP(D38,產線配置圖!$A$2:$C$38,3,0) -> 1406 | L38: =K38/J38 -> 93.733333 | M38: 15 | N38: =G38/W38*60 -> 924.81818 | O38: =N38/M38 -> 61.654545 | P38: =M38-J38 -> 0 | Q38: =O38-L38 -> -32.078788 | R38: =O38/L38 -> 0.65776542 | S38: =R48 -> 0.76395657 | T38: 0.33333333 | U38: 0.48611111 | W38: =(U38-T38)*24*60 -> 220 | Z38: 11:00~11:20待醬，停線 | AB38: =N38-K38 -> -481.18182 | AC38: =N38/K38 -> 0.65776542 | AD38: =AC48 -> 0.76395657
B39: 義大利麵 | D39: 焗烤明太子筆尖麵 | F39: =VLOOKUP(D39,廠價表!$C$1:$E$39,3,0) -> 57.3 | G39: 1308 | H39: =F39*G39 -> 74948.4 | J39: =VLOOKUP(D39,產線配置圖!$A$2:$C$38,2,0) -> 15 | K39: =VLOOKUP(D39,產線配置圖!$A$2:$C$38,3,0) -> 1385 | L39: =K39/J39 -> 92.333333 | M39: 15 | N39: =G39/W39*60 -> 1207.3846 | O39: =N39/M39 -> 80.492308 | P39: =M39-J39 -> 0 | Q39: =O39-L39 -> -11.841026 | R39: =O39/L39 -> 0.87175785 | T39: 0.55902778 | U39: 0.60416667 | V39: =(T39-U38)*24*60 -> 105 | W39: =(U39-T39)*24*60 -> 65 | AB39: =N39-K39 -> -177.61538 | AC39: =N39/K39 -> 0.87175785
W40: =(U40-T40)*24*60 -> 0 | X40: 0.5 | Y40: 0.54166667
W41: =(U41-T41)*24*60 -> 0
H42: =F42*G42 -> 0 | W42: =(U42-T42)*24*60 -> 0
H43: =F43*G43 -> 0 | W43: =(U43-T43)*24*60 -> 0
H44: =F44*G44 -> 0 | W44: =(U44-T44)*24*60 -> 0
H45: =F45*G45 -> 0 | W45: =(U45-T45)*24*60 -> 0
H46: =F46*G46 -> 0 | W46: =(U46-T46)*24*60 -> 0
H47: =F47*G47 -> 0 | W47: =(U47-T47)*24*60 -> 0
C48: 4度二組C1 | D48: 平均 | J48: =AVERAGE(J38:J47) -> 15 | K48: =AVERAGE(K38:K47) -> 1395.5 | L48: =AVERAGE(L38:L47) -> 93.033333 | M48: =AVERAGE(M38:M47) -> 15 | N48: =AVERAGE(N38:N47) -> 1066.1014 | O48: =AVERAGE(O38:O47) -> 71.073427 | P48: =M48-J48 -> 0 | Q48: =N48-K48 -> -329.3986 | R48: =O48/L48 -> 0.76395657 | W48: =(U48-T48)*24*60 -> 0 | AB48: =N48-K48 -> -329.3986 | AC48: =N48/K48 -> 0.76395657
A49: 手工五線 (ET-55) | B49: =VLOOKUP(D49,廠價表!$C$1:$E$39,2,0) -> 義大利麵 | D49: 剝皮辣椒雞奶油扁麵 | F49: =VLOOKUP(D49,廠價表!$C$1:$E$39,3,0) -> 56.87 | G49: 2273 | H49: =F49*G49 -> 129265.51 | J49: =VLOOKUP(D49,產線配置圖!$A$2:$C$38,2,0) -> 19 | K49: =VLOOKUP(D49,產線配置圖!$A$2:$C$38,3,0) -> 1565 | L49: =K49/J49 -> 82.368421 | M49: 19 | N49: =G49/W49*60 -> 1532.3596 | O49: =N49/M49 -> 80.650503 | P49: =M49-J49 -> 0 | Q49: =O49-L49 -> -1.7179184 | R49: =O49/L49 -> 0.97914348 | S49: =R58 -> 0.93127055 | T49: 0.28819444 | U49: 0.35 | W49: =(U49-T49)*24*60 -> 89 | AB49: =N49-K49 -> -32.640449 | AC49: =N49/K49 -> 0.97914348 | AD49: =AC58 -> 0.91588703
B50: =VLOOKUP(D50,廠價表!$C$1:$E$39,2,0) -> 義大利麵 | D50: 焗烤起司雙饗筆尖麵 | F50: =VLOOKUP(D50,廠價表!$C$1:$E$39,3,0) -> 49.97 | G50: 4986 | H50: =F50*G50 -> 249150.42 | J50: =VLOOKUP(D50,產線配置圖!$A$2:$C$38,2,0) -> 18 | K50: =VLOOKUP(D50,產線配置圖!$A$2:$C$38,3,0) -> 1600 | L50: =K50/J50 -> 88.888889 | M50: 18 | N50: =G50/W50*60 -> 1599.7861 | O50: =N50/M50 -> 88.877005 | P50: =M50-J50 -> 0 | Q50: =O50-L50 -> -0.011883541 | R50: =O50/L50 -> 0.99986631 | T50: 0.35625 | U50: 0.48611111 | V50: =(T50-U49)*24*60 -> 9 | W50: =(U50-T50)*24*60 -> 187 | AB50: =N50-K50 -> -0.21390374 | AC50: =N50/K50 -> 0.99986631
B51: =VLOOKUP(D51,廠價表!$C$1:$E$39,2,0) -> 義大利麵 | D51: 剝皮辣椒雞奶油扁麵 | F51: =VLOOKUP(D51,廠價表!$C$1:$E$39,3,0) -> 56.87 | G51: 900 | H51: =F51*G51 -> 51183 | J51: =VLOOKUP(D51,產線配置圖!$A$2:$C$38,2,0) -> 19 | K51: =VLOOKUP(D51,產線配置圖!$A$2:$C$38,3,0) -> 1565 | L51: =K51/J51 -> 82.368421 | M51: 18 | N51: =G51/W51*60 -> 1200 | O51: =N51/M51 -> 66.666667 | P51: =M51-J51 -> -1 | Q51: =O51-L51 -> -15.701754 | R51: =O51/L51 -> 0.80937167 | T51: 0.55069444 | U51: 0.58194444 | V51: =(T51-U50)*24*60 -> 93 | W51: =(U51-T51)*24*60 -> 45 | X51: 0.48958333 | Y51: 0.53125 | AB51: =N51-K51 -> -365 | AC51: =N51/K51 -> 0.76677316
W52: =(U52-T52)*24*60 -> 0
W53: =(U53-T53)*24*60 -> 0
H54: =F54*G54 -> 0 | W54: =(U54-T54)*24*60 -> 0
H55: =F55*G55 -> 0 | W55: =(U55-T55)*24*60 -> 0
H56: =F56*G56 -> 0 | W56: =(U56-T56)*24*60 -> 0
H57: =F57*G57 -> 0 | W57: =(U57-T57)*24*60 -> 0
C58: 4度二組C2 | D58: 平均 | J58: =AVERAGE(J49:J57) -> 18.666667 | K58: =AVERAGE(K49:K57) -> 1576.6667 | L58: =AVERAGE(L49:L57) -> 84.54191 | M58: =AVERAGE(M49:M57) -> 18.333333 | N58: =AVERAGE(N49:N57) -> 1444.0485 | O58: =AVERAGE(O49:O57) -> 78.731392 | P58: =M58-J58 -> -0.33333333 | Q58: =N58-K58 -> -132.61812 | R58: =O58/L58 -> 0.93127055 | AB58: =N58-K58 -> -132.61812 | AC58: =N58/K58 -> 0.91588703
A59: 調理包一線 (八爪機) | B59: =VLOOKUP(D59,廠價表!$C$1:$E$39,2,0) -> 小吃、微波 | D59: 小滷青蔬 | F59: =VLOOKUP(D59,廠價表!$C$1:$E$39,3,0) -> 26.99 | G59: 2980 | H59: =F59*G59 -> 80430.2 | J59: =VLOOKUP(D59,產線配置圖!$A$2:$C$38,2,0) -> 13 | K59: =VLOOKUP(D59,產線配置圖!$A$2:$C$38,3,0) -> 1565 | L59: =K59/J59 -> 120.38462 | M59: 13 | N59: =G59/W59*60 -> 1554.7826 | O59: =N59/M59 -> 119.59866 | P59: =M59-J59 -> 0 | Q59: =O59-L59 -> -0.78595318 | R59: =O59/L59 -> 0.99347132 | S59: =R69 -> 0.89200334 | T59: 0.29166667 | U59: 0.37152778 | W59: =(U59-T59)*24*60 -> 115 | AB59: =N59-K59 -> -10.217391 | AC59: =N59/K59 -> 0.99347132 | AD59: =AC69 -> 0.89287013
B60: =VLOOKUP(D60,廠價表!$C$1:$E$39,2,0) -> 小吃、微波 | D60: 台式綜合甜不辣 | F60: =VLOOKUP(D60,廠價表!$C$1:$E$39,3,0) -> 28.47 | G60: 1032 | H60: =F60*G60 -> 29381.04 | J60: =VLOOKUP(D60,產線配置圖!$A$2:$C$38,2,0) -> 12 | K60: =VLOOKUP(D60,產線配置圖!$A$2:$C$38,3,0) -> 1565 | L60: =K60/J60 -> 130.41667 | M60: 12 | N60: =G60/W60*60 -> 1376 | O60: =N60/M60 -> 114.66667 | P60: =M60-J60 -> 0 | Q60: =O60-L60 -> -15.75 | R60: =O60/L60 -> 0.87923323 | T60: 0.38194444 | U60: 0.41319444 | V60: =(T60-U59)*24*60 -> 15 | W60: =(U60-T60)*24*60 -> 45 | AB60: =N60-K60 -> -189 | AC60: =N60/K60 -> 0.87923323
B61: =VLOOKUP(D61,廠價表!$C$1:$E$39,2,0) -> 小吃、微波 | D61: 起司馬鈴薯 | F61: =VLOOKUP(D61,廠價表!$C$1:$E$39,3,0) -> 28.26 | G61: 2364 | H61: =F61*G61 -> 66806.64 | J61: =VLOOKUP(D61,產線配置圖!$A$2:$C$38,2,0) -> 12 | K61: =VLOOKUP(D61,產線配置圖!$A$2:$C$38,3,0) -> 1565 | L61: =K61/J61 -> 130.41667 | M61: 12 | N61: =G61/W61*60 -> 1350.8571 | O61: =N61/M61 -> 112.57143 | P61: =M61-J61 -> 0 | Q61: =O61-L61 -> -17.845238 | R61: =O61/L61 -> 0.8631675 | T61: 0.42708333 | U61: 0.5 | V61: =(T61-U60)*24*60 -> 20 | W61: =(U61-T61)*24*60 -> 105 | AB61: =N61-K61 -> -214.14286 | AC61: =N61/K61 -> 0.8631675
B62: =VLOOKUP(D62,廠價表!$C$1:$E$39,2,0) -> 小吃、微波 | D62: 小滷青蔬 | F62: =VLOOKUP(D62,廠價表!$C$1:$E$39,3,0) -> 26.99 | G62: 959 | H62: =F62*G62 -> 25883.41 | J62: =VLOOKUP(D62,產線配置圖!$A$2:$C$38,2,0) -> 13 | K62: =VLOOKUP(D62,產線配置圖!$A$2:$C$38,3,0) -> 1565 | L62: =K62/J62 -> 120.38462 | M62: 13 | N62: =G62/W62*60 -> 1307.7273 | O62: =N62/M62 -> 100.59441 | P62: =M62-J62 -> 0 | Q62: =O62-L62 -> -19.79021 | R62: =O62/L62 -> 0.83560848 | T62: 0.55763889 | U62: 0.58819444 | V62: =(T62-U61)*24*60 -> 83 | W62: =(U62-T62)*24*60 -> 44 | X62: 0.5 | Y62: 0.54166667 | AB62: =N62-K62 -> -257.27273 | AC62: =N62/K62 -> 0.83560848
W63: =(U63-T63)*24*60 -> 0 | AB63: =N63-K63 -> 0 | AC63: =N63/K63 -> #DIV/0!
H64: =F64*G64 -> 0 | W64: =(U64-T64)*24*60 -> 0
H65: =F65*G65 -> 0 | W65: =(U65-T65)*24*60 -> 0
H66: =F66*G66 -> 0 | W66: =(U66-T66)*24*60 -> 0
H67: =F67*G67 -> 0 | W67: =(U67-T67)*24*60 -> 0
H68: =F68*G68 -> 0 | W68: =(U68-T68)*24*60 -> 0
C69: 4度三組 | D69: 平均 | J69: =AVERAGE(J59:J68) -> 12.5 | K69: =AVERAGE(K59:K68) -> 1565 | L69: =AVERAGE(L59:L68) -> 125.40064 | M69: =AVERAGE(M59:M68) -> 12.5 | N69: =AVERAGE(N59:N68) -> 1397.3418 | O69: =AVERAGE(O59:O68) -> 111.85779 | P69: =M69-J69 -> 0 | Q69: =N69-K69 -> -167.65824 | R69: =O69/L69 -> 0.89200334 | AB69: =N69-K69 -> -167.65824 | AC69: =N69/K69 -> 0.89287013
A70: 調理包二線 (手工) | B70: 義大利麵 | D70: 奶油起司蝦仁通心粉 | F70: =VLOOKUP(D70,廠價表!$C$1:$E$39,3,0) -> 47.71 | G70: 3552 | H70: =F70*G70 -> 169465.92 | J70: =VLOOKUP(D70,產線配置圖!$A$2:$C$38,2,0) -> 15 | K70: =VLOOKUP(D70,產線配置圖!$A$2:$C$38,3,0) -> 1500 | L70: =K70/J70 -> 100 | M70: 14 | N70: =G70/W70*60 -> 1158.2609 | O70: =N70/M70 -> 82.732919 | P70: =M70-J70 -> -1 | Q70: =O70-L70 -> -17.267081 | R70: =O70/L70 -> 0.82732919 | S70: =R79 -> 0.8606268 | T70: 0.33819444 | U70: 0.46597222 | W70: =(U70-T70)*24*60 -> 184 | AB70: =N70-K70 -> -341.73913 | AC70: =N70/K70 -> 0.77217391 | AD70: =AC79 -> 0.85672043
B71: =VLOOKUP(D71,廠價表!$C$1:$E$39,2,0) -> 義大利麵 | D71: 焗烤明太子筆尖麵 | F71: =VLOOKUP(D71,廠價表!$C$1:$E$39,3,0) -> 57.3 | G71: 744 | H71: =F71*G71 -> 42631.2 | J71: =VLOOKUP(D71,產線配置圖!$A$2:$C$38,2,0) -> 15 | K71: =VLOOKUP(D71,產線配置圖!$A$2:$C$38,3,0) -> 1385 | L71: =K71/J71 -> 92.333333 | M71: 16 | N71: =G71/W71*60 -> 1088.7805 | O71: =N71/M71 -> 68.04878 | P71: =M71-J71 -> 1 | Q71: =O71-L71 -> -24.284553 | R71: =O71/L71 -> 0.7369904 | T71: 0.47361111 | U71: 0.50208333 | V71: =(T71-U70)*24*60 -> 11 | W71: =(U71-T71)*24*60 -> 41 | AB71: =N71-K71 -> -296.21951 | AC71: =N71/K71 -> 0.7861231
B72: =VLOOKUP(D72,廠價表!$C$1:$E$39,2,0) -> 義大利麵 | D72: 奶油起司蝦仁通心粉 | F72: =VLOOKUP(D72,廠價表!$C$1:$E$39,3,0) -> 47.71 | G72: 2107 | H72: =F72*G72 -> 100524.97 | J72: =VLOOKUP(D72,產線配置圖!$A$2:$C$38,2,0) -> 15 | K72: =VLOOKUP(D72,產線配置圖!$A$2:$C$38,3,0) -> 1500 | L72: =K72/J72 -> 100 | M72: 15 | N72: =G72/W72*60 -> 1453.1034 | O72: =N72/M72 -> 96.873563 | P72: =M72-J72 -> 0 | Q72: =O72-L72 -> -3.1264368 | R72: =O72/L72 -> 0.96873563 | T72: 0.56805556 | U72: 0.62847222 | V72: =(T72-U71)*24*60 -> 95 | W72: =(U72-T72)*24*60 -> 87
W73: =(U73-T73)*24*60 -> 0
H74: =F74*G74 -> 0 | W74: =(U74-T74)*24*60 -> 0
H75: =F75*G75 -> 0 | W75: =(U75-T75)*24*60 -> 0
H76: =F76*G76 -> 0 | W76: =(U76-T76)*24*60 -> 0
H77: =F77*G77 -> 0 | W77: =(U77-T77)*24*60 -> 0
H78: =F78*G78 -> 0 | W78: =(U78-T78)*24*60 -> 0
C79: 4度四組 | D79: 平均 | J79: =AVERAGE(J69:J78) -> 14.375 | K79: =AVERAGE(K69:K78) -> 1487.5 | L79: =AVERAGE(L69:L78) -> 104.43349 | M79: =AVERAGE(M69:M78) -> 14.375 | N79: =AVERAGE(N69:N78) -> 1274.3716 | O79: =AVERAGE(O69:O78) -> 89.878263 | P79: =M79-J79 -> 0 | Q79: =N79-K79 -> -213.12836 | R79: =O79/L79 -> 0.8606268 | AB79: =N79-K79 -> -213.12836 | AC79: =N79/K79 -> 0.85672043
AF80: 1.當日出勤人數較多
AF81: 2.當日出勤人數較少
AF82: 3.當日出勤熟手較少
AF83: 4.當日出勤新人較多
AF84: 5.機台夾盒
AF85: 6.封膜不順
AF86: 7.更換膠膜
AF87: 8.更換碳帶
AF88: 9.當日熱轉印碳帶異常
AF89: 10.訂單量過少
AF90: 11.新品上市，尚未熟悉
AF91: 12.商品結構，產能較低
AF92: 13.區域出貨，分段生產

Sheet 1107總
B1: 長家廠組合室生產人時性分析
B3: 日期 | D3: 45968 | F3: 訂單量 | G3: ='1107'!E1 -> 45764 | I3: 營業額 | J3: ='1107'!G1 -> 2223272.7
B4: 項目 | D4: 3 | F4: ➀ | H4: ➁ | J4: ③
B5: 人時性 | D5: 組合室 | F5: 全溫層 | H5: 義大利麵 | J5: 袋裝小吃、義麵
D6: 排關平均 | F6: =AVERAGE(D13:J13) -> 110.71242 | H6: =AVERAGE(D13:H13) -> 108.49141 | J6: =AVERAGE(I13:J13) -> 116.26496
D7: 實績平均 | F7: =AVERAGE(D14:J14) -> 99.341352 | H7: =AVERAGE(D14:H14) -> 96.677898 | J7: =AVERAGE(I14:J14) -> 105.99999
D8: 達成率平均 | F8: =AVERAGE(D15:J15) -> 0.89075402 | H8: =AVERAGE(D15:H15) -> 0.88162348 | J8: =AVERAGE(I15:J15) -> 0.91358037 | L8: ※現行日本鮮食廠以達成率80%為基本(即為現行KPI)
B10: 溫層 | D10: 4度C-各編組展開
B11: 編組 | D11: 1 | E11: 2 | F11: 3 | G11: 4 | H11: 5 | I11: 6 | J11: 7
D12: 自動1線 | E12: 自動2線 | F12: 手工3線 | G12: 手工4線 | H12: 手工5線 | I12: 調理包1線 | J12: 調理包2線
B13: 人時性 | C13: 排關 | D13: =VALUE('1107'!L15) -> 131.58069 | E13: =VALUE('1107'!L26) -> 147.4794 | F13: =VALUE('1107'!L37) -> 84.501634 | G13: =VALUE('1107'!L48) -> 93.266667 | H13: =VALUE('1107'!L58) -> 85.628655 | I13: =VALUE('1107'!L69) -> 124.39744 | J13: =VALUE('1107'!L79) -> 108.13248
C14: 實績 | D14: =VALUE('1107'!O15) -> 118.68747 | E14: =VALUE('1107'!O26) -> 143.36982 | F14: =VALUE('1107'!O37) -> 74.344206 | G14: =VALUE('1107'!O48) -> 65.24637 | H14: =VALUE('1107'!O58) -> 81.741628 | I14: =VALUE('1107'!O69) -> 110.32166 | J14: =VALUE('1107'!O79) -> 101.67831
C15: 達成率 | D15: =D14/D13 -> 0.90201285 | E15: =E14/E13 -> 0.97213455 | F15: =F14/F13 -> 0.87979607 | G15: =G14/G13 -> 0.69956794 | H15: =H14/H13 -> 0.954606 | I15: =I14/I13 -> 0.88684831 | J15: =J14/J13 -> 0.94031244
B16: 作業 時間 | C16: 開始 | D16: ='1107'!T5 -> 0.29027778 | E16: ='1107'!T16 -> 0.29027778 | F16: ='1107'!T27 -> 0.28888889 | G16: ='1107'!T38 -> 0.3125 | H16: ='1107'!T49 -> 0.29027778 | I16: ='1107'!T59 -> 0.29166667 | J16: ='1107'!T70 -> 0.31597222
C17: 結束 | D17: 0.56458333 | E17: 0.57986111 | F17: 0.46875 | G17: 0.57708333 | H17: 0.49305556 | I17: 0.57291667 | J17: 0.58680556
B18: 配置人數 | D18: =VALUE('1107'!M15) -> 15.333333 | E18: =VALUE('1107'!M26) -> 13.25 | F18: =VALUE('1107'!M37) -> 15.5 | G18: =VALUE('1107'!M48) -> 15 | H18: =VALUE('1107'!M58) -> 18.5 | I18: =VALUE('1107'!M69) -> 12.6 | J18: =VALUE('1107'!M79) -> 12.866667
B19: 主要應用設備 | D19: ET-600 | E19: ET-600 | F19: ET-55 | G19: ET-55 | H19: ET-55 | I19: 八爪機 | J19: ET-55
B20: 次要應用設備 | H20: 封口機
B21: 備註

Sheet 1107
A1: 長家廠4度C日報分析 | D1: 總生產量 | E1: =SUM(G5:G79) -> 45764 | F1: 營業額 | G1: =SUM(H5:H79) -> 2223272.7 | H1: 出勤人數 | I1: =M15+M26+M48+M58+M69+M79+M37 -> 103.05 | J1: 產線配置圖 | M1: 生產實績 | P1: 人時性差異分析 | T1: 日報登錄 | Z1: 分析說明 | AB1: 產能差異分析
A2: 11月07日 星期五 | D2: 人時性 | E2: =AVERAGE(O15,O26,O37,O48,O58,O69,O79) -> 99.341352 | F2: 平均廠價 | G2: =G1/E1 -> 48.581258 | H2: 多次生產數 | I2: =COUNT(I5:I79) -> 0
A3: 線別 | B3: 品類 | D3: 品名 | F3: 廠價 | G3: 生產量 | H3: 營收 | I3: 多次 生產 | J3: 人數 | K3: 產能/時 | L3: 人時性 | M3: 人數 | N3: 產能/時 | O3: 人時性 | P3: 人數 | Q3: 人時性 | R3: 達成率 | S3: 達成率平均 | T3: 生產時間 | V3: 前置、換線時間/分 | W3: 稼動時間/分 | X3: 休息時間 | Z3: (長家回填) | AB3: 產能/時 | AC3: 達成率 | AD3: 達成率平均
T4: 開始 | U4: 結束 | X4: 開始 | Y4: 結束
A5: 自動一線 (ET-600) | B5: =VLOOKUP(D5,廠價表!$C$1:$E$39,2,0) -> 義大利麵 | D5: 白酒蛤蜊義大利麵 | F5: =VLOOKUP(D5,廠價表!$C$1:$E$39,3,0) -> 57.21 | G5: 1448 | H5: =F5*G5 -> 82840.08 | J5: 14 | K5: =VLOOKUP(D5,產線配置圖!$A$2:$C$38,3,0) -> 2105 | L5: =K5/J5 -> 150.35714 | M5: 14 | N5: =G5/W5*60 -> 1974.5455 | O5: =N5/M5 -> 141.03896 | P5: =M5-J5 -> 0 | Q5: =O5-L5 -> -9.3181818 | R5: =O5/L5 -> 0.93802634 | S5: =R15 -> 0.90201285 | T5: 0.29027778 | U5: 0.32083333 | W5: =(U5-T5)*24*60 -> 44 | AB5: =N5-K5 -> -130.45455 | AC5: =N5/K5 -> 0.93802634 | AD5: =AC15 -> 0.90160689
B6: =VLOOKUP(D6,廠價表!$C$1:$E$39,2,0) -> 義大利麵 | D6: 韓式起司炸雞義大利麵 | F6: =VLOOKUP(D6,廠價表!$C$1:$E$39,3,0) -> 57.21 | G6: 1223 | H6: =F6*G6 -> 69967.83 | J6: 18 | K6: =VLOOKUP(D6,產線配置圖!$A$2:$C$38,3,0) -> 1895 | L6: =K6/J6 -> 105.27778 | M6: 18 | N6: =G6/W6*60 -> 1789.7561 | O6: =N6/M6 -> 99.430894 | P6: =M6-J6 -> 0 | Q6: =O6-L6 -> -5.8468835 | R6: =O6/L6 -> 0.94446232 | T6: 0.32847222 | U6: 0.35694444 | V6: =(T6-U5)*24*60 -> 11 | W6: =(U6-T6)*24*60 -> 41 | AB6: =N6-K6 -> -105.2439 | AC6: =N6/K6 -> 0.94446232
B7: =VLOOKUP(D7,廠價表!$C$1:$E$39,2,0) -> 義大利麵 | D7: 奶油培根義大利麵 | F7: =VLOOKUP(D7,廠價表!$C$1:$E$39,3,0) -> 49.14 | G7: 2620 | H7: =F7*G7 -> 128746.8 | J7: 14 | K7: =VLOOKUP(D7,產線配置圖!$A$2:$C$38,3,0) -> 2000 | L7: =K7/J7 -> 142.85714 | M7: 14 | N7: =G7/W7*60 -> 1940.7407 | O7: =N7/M7 -> 138.62434 | P7: =M7-J7 -> 0 | Q7: =O7-L7 -> -4.2328042 | R7: =O7/L7 -> 0.97037037 | T7: 0.36388889 | U7: 0.42013889 | V7: =(T7-U6)*24*60 -> 10 | W7: =(U7-T7)*24*60 -> 81 | AB7: =N7-K7 -> -59.259259 | AC7: =N7/K7 -> 0.97037037
B8: =VLOOKUP(D8,廠價表!$C$1:$E$39,2,0) -> 義大利麵 | D8: 韓式起司炸雞義大利麵 | F8: =VLOOKUP(D8,廠價表!$C$1:$E$39,3,0) -> 57.21 | G8: 750 | H8: =F8*G8 -> 42907.5 | J8: 18 | K8: =VLOOKUP(D8,產線配置圖!$A$2:$C$38,3,0) -> 1895 | L8: =K8/J8 -> 105.27778 | M8: 18 | N8: =G8/W8*60 -> 1607.1429 | O8: =N8/M8 -> 89.285714 | P8: =M8-J8 -> 0 | Q8: =O8-L8 -> -15.992063 | R8: =O8/L8 -> 0.84809649 | T8: 0.42638889 | U8: 0.44583333 | V8: =(T8-U7)*24*60 -> 9 | W8: =(U8-T8)*24*60 -> 28 | AB8: =N8-K8 -> -287.85714 | AC8: =N8/K8 -> 0.84809649
B9: =VLOOKUP(D9,廠價表!$C$1:$E$39,2,0) -> 義大利麵 | D9: 奶油培根義大利麵 | F9: =VLOOKUP(D9,廠價表!$C$1:$E$39,3,0) -> 49.14 | G9: 985 | H9: =F9*G9 -> 48402.9 | J9: 14 | K9: =VLOOKUP(D9,產線配置圖!$A$2:$C$38,3,0) -> 2000 | L9: =K9/J9 -> 142.85714 | M9: 14 | N9: =G9/W9*60 -> 1738.2353 | O9: =N9/M9 -> 124.15966 | P9: =M9-J9 -> 0 | Q9: =O9-L9 -> -18.697479 | R9: =O9/L9 -> 0.86911765 | T9: 0.45555556 | U9: 0.47916667 | V9: =(T9-U8)*24*60 -> 14 | W9: =(U9-T9)*24*60 -> 34 | AB9: =N9-K9 -> -261.76471 | AC9: =N9/K9 -> 0.86911765
B10: =VLOOKUP(D10,廠價表!$C$1:$E$39,2,0) -> 義大利麵 | D10: 奶油培根義大利麵 | F10: =VLOOKUP(D10,廠價表!$C$1:$E$39,3,0) -> 49.14 | G10: 865 | H10: =F10*G10 -> 42506.1 | J10: 14 | K10: =VLOOKUP(D10,產線配置圖!$A$2:$C$38,3,0) -> 2000 | L10: =K10/J10 -> 142.85714 | M10: 14 | N10: =G10/W10*60 -> 1674.1935 | O10: =N10/M10 -> 119.58525 | P10: =M10-J10 -> 0 | Q10: =O10-L10 -> -23.271889 | R10: =O10/L10 -> 0.83709677 | T10: 0.54305556 | U10: 0.56458333 | V10: =(T10-U9)*24*60 -> 92 | W10: =(U10-T10)*24*60 -> 31 | X10: 0.5 | Y10: 0.54166667 | AB10: =N10-K10 -> -325.80645 | AC10: =N10/K10 -> 0.83709677
H11: =F11*G11 -> 0 | W11: =(U11-T11)*24*60 -> 0
H12: =F12*G12 -> 0 | W12: =(U12-T12)*24*60 -> 0
W13: =(U13-T13)*24*60 -> 0
H14: =F14*G14 -> 0 | W14: =(U14-T14)*24*60 -> 0
C15: 4度一組 | D15: 平均 | J15: =AVERAGE(J5:J14) -> 15.333333 | K15: =AVERAGE(K5:K14) -> 1982.5 | L15: =AVERAGE(L5:L14) -> 131.58069 | M15: =AVERAGE(M5:M14) -> 15.333333 | N15: =AVERAGE(N5:N14) -> 1787.4357 | O15: =AVERAGE(O5:O14) -> 118.68747 | P15: =M15-J15 -> 0 | Q15: =O15-L15 -> -12.893217 | R15: =O15/L15 -> 0.90201285 | AB15: =N15-K15 -> -195.06433 | AC15: =N15/K15 -> 0.90160689
A16: 自動二線 (ET-600) | B16: 義大利麵 | D16: 白酒蛤蜊義大利麵 | F16: =VLOOKUP(D16,廠價表!$C$1:$E$39,3,0) -> 57.21 | G16: 1142 | H16: =F16*G16 -> 65333.82 | J16: 14 | K16: =VLOOKUP(D16,產線配置圖!$A$2:$C$38,3,0) -> 2105 | L16: =K16/J16 -> 150.35714 | M16: 13 | N16: =G16/W16*60 -> 1903.3333 | O16: =N16/M16 -> 146.41026 | P16: =M16-J16 -> -1 | Q16: =O16-L16 -> -3.9468864 | R16: =O16/L16 -> 0.97374992 | S16: =R26 -> 0.97213455 | T16: 0.29027778 | U16: 0.31527778 | W16: =(U16-T16)*24*60 -> 36 | AB16: =N16-K16 -> -201.66667 | AC16: =N16/K16 -> 0.90419636 | AD16: =AC26 -> 0.93619811
B17: 義大利麵 | D17: 青醬蛤蜊義大利麵 | F17: =VLOOKUP(D17,廠價表!$C$1:$E$39,3,0) -> 50.67 | G17: 2255 | H17: =F17*G17 -> 114260.85 | J17: 14 | K17: =VLOOKUP(D17,產線配置圖!$A$2:$C$38,3,0) -> 2000 | L17: =K17/J17 -> 142.85714 | M17: 14 | N17: =G17/W17*60 -> 1960.8696 | O17: =N17/M17 -> 140.06211 | P17: =M17-J17 -> 0 | Q17: =O17-L17 -> -2.7950311 | R17: =O17/L17 -> 0.98043478 | T17: 0.32708333 | U17: 0.375 | V17: =(T17-U16)*24*60 -> 17 | W17: =(U17-T17)*24*60 -> 69 | AB17: =N17-K17 -> -39.130435 | AC17: =N17/K17 -> 0.98043478
B18: 義大利麵 | D18: 義式蕃茄起司義大利麵 | F18: =VLOOKUP(D18,廠價表!$C$1:$E$39,3,0) -> 50.39 | G18: 4269 | H18: =F18*G18 -> 215114.91 | J18: 13 | K18: =VLOOKUP(D18,產線配置圖!$A$2:$C$38,3,0) -> 2000 | L18: =K18/J18 -> 153.84615 | M18: 12 | N18: =G18/W18*60 -> 1766.4828 | O18: =N18/M18 -> 147.2069 | P18: =M18-J18 -> -1 | Q18: =O18-L18 -> -6.6392573 | R18: =O18/L18 -> 0.95684483 | T18: 0.38194444 | U18: 0.48263889 | V18: =(T18-U17)*24*60 -> 10 | W18: =(U18-T18)*24*60 -> 145 | AB18: =N18-K18 -> -233.51724 | AC18: =N18/K18 -> 0.88324138
B19: 義大利麵 | D19: 青醬蛤蜊義大利麵 | F19: =VLOOKUP(D19,廠價表!$C$1:$E$39,3,0) -> 50.67 | G19: 1631 | H19: =F19*G19 -> 82642.77 | J19: 14 | K19: =VLOOKUP(D19,產線配置圖!$A$2:$C$38,3,0) -> 2000 | L19: =K19/J19 -> 142.85714 | M19: 14 | N19: =G19/W19*60 -> 1957.2 | O19: =N19/M19 -> 139.8 | P19: =M19-J19 -> 0 | Q19: =O19-L19 -> -3.0571429 | R19: =O19/L19 -> 0.9786 | T19: 0.54513889 | U19: 0.57986111 | V19: =(T19-U18)*24*60 -> 90 | W19: =(U19-T19)*24*60 -> 50 | X19: 0.5 | Y19: 0.54166667 | AB19: =N19-K19 -> -42.8 | AC19: =N19/K19 -> 0.9786
W20: =(U20-T20)*24*60 -> 0
H21: =F21*G21 -> 0 | W21: 0
H22: =F22*G22 -> 0 | W22: 0
H23: =F23*G23 -> 0 | W23: =(U23-T23)*24*60 -> 0
H24: =F24*G24 -> 0 | W24: =(U24-T24)*24*60 -> 0
H25: =F25*G25 -> 0 | W25: =(U25-T25)*24*60 -> 0
C26: 4度二組A | D26: 平均 | J26: =AVERAGE(J16:J25) -> 13.75 | K26: =AVERAGE(K16:K25) -> 2026.25 | L26: =AVERAGE(L16:L25) -> 147.4794 | M26: =AVERAGE(M16:M25) -> 13.25 | N26: =AVERAGE(N16:N25) -> 1896.9714 | O26: =AVERAGE(O16:O25) -> 143.36982 | P26: =M26-J26 -> -0.5 | Q26: =O26-L26 -> -4.1095794 | R26: =O26/L26 -> 0.97213455 | AB26: =N26-K26 -> -129.27859 | AC26: =N26/K26 -> 0.93619811
A27: 手工三線 (ET-55) | B27: 義大利麵 | D27: 青花椒麻雞肉拌麵 | F27: =VLOOKUP(D27,廠價表!$C$1:$E$39,3,0) -> 49.91 | G27: 2729 | H27: =F27*G27 -> 136204.39 | J27: =VLOOKUP(D27,產線配置圖!$A$2:$C$38,2,0) -> 17 | K27: =VLOOKUP(D27,產線配置圖!$A$2:$C$38,3,0) -> 1565 | L27: =K27/J27 -> 92.058824 | M27: 15 | N27: =G27/W27*60 -> 1289.2913 | O27: =N27/M27 -> 85.952756 | P27: =M27-J27 -> -2 | Q27: =O27-L27 -> -6.1060676 | R27: =O27/L27 -> 0.93367211 | S27: =R37 -> 0.87979607 | T27: 0.28888889 | U27: 0.37708333 | W27: =(U27-T27)*24*60 -> 127 | AB27: =N27-K27 -> -275.70866 | AC27: =N27/K27 -> 0.82382833 | AD27: =AC37 -> 0.7773091
B28: =VLOOKUP(D28,廠價表!$C$1:$E$39,2,0) -> 義大利麵 | D28: 奶油蒜香雞義大利麵 | F28: =VLOOKUP(D28,廠價表!$C$1:$E$39,3,0) -> 55.13 | G28: 2041 | H28: =F28*G28 -> 112520.33 | J28: =VLOOKUP(D28,產線配置圖!$A$2:$C$38,2,0) -> 18 | K28: =VLOOKUP(D28,產線配置圖!$A$2:$C$38,3,0) -> 1385 | L28: =K28/J28 -> 76.944444 | M28: 16 | N28: =G28/W28*60 -> 1003.7705 | O28: =N28/M28 -> 62.735656 | P28: =M28-J28 -> -2 | Q28: =O28-L28 -> -14.208789 | R28: =O28/L28 -> 0.81533704 | T28: 0.38402778 | U28: 0.46875 | V28: =(T28-U27)*24*60 -> 10 | W28: =(U28-T28)*24*60 -> 122 | AB28: =N28-K28 -> -381.22951 | AC28: =N28/K28 -> 0.72474404
W29: =(U29-T29)*24*60 -> 0
W30: =(U30-T30)*24*60 -> 0
W31: =(U31-T31)*24*60 -> 0
W32: =(U32-T32)*24*60 -> 0
H33: =F33*G33 -> 0 | W33: =(U33-T33)*24*60 -> 0
H34: =F34*G34 -> 0 | W34: =(U34-T34)*24*60 -> 0
H35: =F35*G35 -> 0 | W35: =(U35-T35)*24*60 -> 0
H36: =F36*G36 -> 0 | W36: =(U36-T36)*24*60 -> 0
C37: 4度二組B | D37: 平均 | J37: =AVERAGE(J27:J36) -> 17.5 | K37: =AVERAGE(K27:K36) -> 1475 | L37: =AVERAGE(L27:L36) -> 84.501634 | M37: =AVERAGE(M27:M36) -> 15.5 | N37: =AVERAGE(N27:N36) -> 1146.5309 | O37: =AVERAGE(O27:O36) -> 74.344206 | P37: =M37-J37 -> -2 | Q37: =N37-K37 -> -328.46908 | R37: =O37/L37 -> 0.87979607 | AB37: =N37-K37 -> -328.46908 | AC37: =N37/K37 -> 0.7773091
A38: 手工四線 (ET-55) | B38: 義大利麵 | D38: 濃拿坡里義大利麵 | F38: =VLOOKUP(D38,廠價表!$C$1:$E$39,3,0) -> 56.43 | G38: 1603 | H38: =F38*G38 -> 90457.29 | J38: =VLOOKUP(D38,產線配置圖!$A$2:$C$38,2,0) -> 15 | K38: =VLOOKUP(D38,產線配置圖!$A$2:$C$38,3,0) -> 1406 | L38: =K38/J38 -> 93.733333 | M38: 15 | N38: =G38/W38*60 -> 1080.6742 | O38: =N38/M38 -> 72.044944 | P38: =M38-J38 -> 0 | Q38: =O38-L38 -> -21.68839 | R38: =O38/L38 -> 0.76861604 | S38: =R48 -> 0.69956794 | T38: 0.3125 | U38: 0.37430556 | W38: =(U38-T38)*24*60 -> 89 | Z38: 封口設備異常 | AB38: =N38-K38 -> -325.32584 | AC38: =N38/K38 -> 0.76861604 | AD38: =AC48 -> 0.69956794
B39: 義大利麵 | D39: 焗烤明太子筆尖麵 | F39: =VLOOKUP(D39,廠價表!$C$1:$E$39,3,0) -> 57.3 | G39: 1710 | H39: =F39*G39 -> 97983 | J39: =VLOOKUP(D39,產線配置圖!$A$2:$C$38,2,0) -> 15 | K39: =VLOOKUP(D39,產線配置圖!$A$2:$C$38,3,0) -> 1385 | L39: =K39/J39 -> 92.333333 | M39: 15 | N39: =G39/W39*60 -> 814.28571 | O39: =N39/M39 -> 54.285714 | P39: =M39-J39 -> 0 | Q39: =O39-L39 -> -38.047619 | R39: =O39/L39 -> 0.58793192 | T39: 0.38263889 | U39: 0.47013889 | V39: =(T39-U38)*24*60 -> 12 | W39: =(U39-T39)*24*60 -> 126 | Z39: 封口設備異常 | AB39: =N39-K39 -> -570.71429 | AC39: =N39/K39 -> 0.58793192
B40: 義大利麵 | D40: 濃拿坡里義大利麵 | F40: =VLOOKUP(D40,廠價表!$C$1:$E$39,3,0) -> 56.43 | G40: 1232 | H40: =F40*G40 -> 69521.76 | J40: =VLOOKUP(D40,產線配置圖!$A$2:$C$38,2,0) -> 15 | K40: =VLOOKUP(D40,產線配置圖!$A$2:$C$38,3,0) -> 1406 | L40: =K40/J40 -> 93.733333 | M40: 15 | N40: =G40/W40*60 -> 1041.1268 | O40: =N40/M40 -> 69.408451 | P40: =M40-J40 -> 0 | Q40: =O40-L40 -> -24.324883 | R40: =O40/L40 -> 0.74048845 | T40: 0.52777778 | U40: 0.57708333 | V40: =(T40-U39)*24*60 -> 83 | W40: =(U40-T40)*24*60 -> 71 | X40: 0.47916667 | Y40: 0.52083333 | Z40: 封口設備異常
W41: =(U41-T41)*24*60 -> 0
W42: =(U42-T42)*24*60 -> 0
H43: =F43*G43 -> 0 | W43: =(U43-T43)*24*60 -> 0
H44: =F44*G44 -> 0 | W44: =(U44-T44)*24*60 -> 0
H45: =F45*G45 -> 0 | W45: =(U45-T45)*24*60 -> 0
H46: =F46*G46 -> 0 | W46: =(U46-T46)*24*60 -> 0
H47: =F47*G47 -> 0 | W47: =(U47-T47)*24*60 -> 0
C48: 4度二組C1 | D48: 平均 | J48: =AVERAGE(J38:J47) -> 15 | K48: =AVERAGE(K38:K47) -> 1399 | L48: =AVERAGE(L38:L47) -> 93.266667 | M48: =AVERAGE(M38:M47) -> 15 | N48: =AVERAGE(N38:N47) -> 978.69554 | O48: =AVERAGE(O38:O47) -> 65.24637 | P48: =M48-J48 -> 0 | Q48: =N48-K48 -> -420.30446 | R48: =O48/L48 -> 0.69956794 | W48: =(U48-T48)*24*60 -> 0 | AB48: =N48-K48 -> -420.30446 | AC48: =N48/K48 -> 0.69956794
A49: 手工五線 (ET-55) | B49: =VLOOKUP(D49,廠價表!$C$1:$E$39,2,0) -> 義大利麵 | D49: 剝皮辣椒雞奶油扁麵 | F49: =VLOOKUP(D49,廠價表!$C$1:$E$39,3,0) -> 56.87 | G49: 2648 | H49: =F49*G49 -> 150591.76 | J49: =VLOOKUP(D49,產線配置圖!$A$2:$C$38,2,0) -> 19 | K49: =VLOOKUP(D49,產線配置圖!$A$2:$C$38,3,0) -> 1565 | L49: =K49/J49 -> 82.368421 | M49: 19 | N49: =G49/W49*60 -> 1557.6471 | O49: =N49/M49 -> 81.981424 | P49: =M49-J49 -> 0 | Q49: =O49-L49 -> -0.3869969 | R49: =O49/L49 -> 0.99530164 | S49: =R58 -> 0.954606 | T49: 0.29027778 | U49: 0.36111111 | W49: =(U49-T49)*24*60 -> 102 | AB49: =N49-K49 -> -7.3529412 | AC49: =N49/K49 -> 0.99530164 | AD49: =AC58 -> 0.9556651
B50: =VLOOKUP(D50,廠價表!$C$1:$E$39,2,0) -> 義大利麵 | D50: 焗烤起司雙饗筆尖麵 | F50: =VLOOKUP(D50,廠價表!$C$1:$E$39,3,0) -> 49.97 | G50: 4450 | H50: =F50*G50 -> 222366.5 | J50: =VLOOKUP(D50,產線配置圖!$A$2:$C$38,2,0) -> 18 | K50: =VLOOKUP(D50,產線配置圖!$A$2:$C$38,3,0) -> 1600 | L50: =K50/J50 -> 88.888889 | M50: 18 | N50: =G50/W50*60 -> 1467.033 | O50: =N50/M50 -> 81.501832 | P50: =M50-J50 -> 0 | Q50: =O50-L50 -> -7.3870574 | R50: =O50/L50 -> 0.9168956 | T50: 0.36666667 | U50: 0.49305556 | V50: =(T50-U49)*24*60 -> 8 | W50: =(U50-T50)*24*60 -> 182 | AB50: =N50-K50 -> -132.96703 | AC50: =N50/K50 -> 0.9168956
W51: =(U51-T51)*24*60 -> 0
W52: =(U52-T52)*24*60 -> 0
W53: =(U53-T53)*24*60 -> 0
H54: =F54*G54 -> 0 | W54: =(U54-T54)*24*60 -> 0
H55: =F55*G55 -> 0 | W55: =(U55-T55)*24*60 -> 0
H56: =F56*G56 -> 0 | W56: =(U56-T56)*24*60 -> 0
H57: =F57*G57 -> 0 | W57: =(U57-T57)*24*60 -> 0
C58: 4度二組C2 | D58: 平均 | J58: =AVERAGE(J49:J57) -> 18.5 | K58: =AVERAGE(K49:K57) -> 1582.5 | L58: =AVERAGE(L49:L57) -> 85.628655 | M58: =AVERAGE(M49:M57) -> 18.5 | N58: =AVERAGE(N49:N57) -> 1512.34 | O58: =AVERAGE(O49:O57) -> 81.741628 | P58: =M58-J58 -> 0 | Q58: =N58-K58 -> -70.159987 | R58: =O58/L58 -> 0.954606 | AB58: =N58-K58 -> -70.159987 | AC58: =N58/K58 -> 0.9556651
A59: 調理包一線 (八爪機) | B59: =VLOOKUP(D59,廠價表!$C$1:$E$39,2,0) -> 小吃、微波 | D59: 小滷青蔬 | F59: =VLOOKUP(D59,廠價表!$C$1:$E$39,3,0) -> 26.99 | G59: 900 | H59: =F59*G59 -> 24291 | J59: =VLOOKUP(D59,產線配置圖!$A$2:$C$38,2,0) -> 13 | K59: =VLOOKUP(D59,產線配置圖!$A$2:$C$38,3,0) -> 1565 | L59: =K59/J59 -> 120.38462 | M59: 13 | N59: =G59/W59*60 -> 1350 | O59: =N59/M59 -> 103.84615 | P59: =M59-J59 -> 0 | Q59: =O59-L59 -> -16.538462 | R59: =O59/L59 -> 0.86261981 | S59: =R69 -> 0.88684831 | T59: 0.29166667 | U59: 0.31944444 | W59: =(U59-T59)*24*60 -> 40 | AB59: =N59-K59 -> -215 | AC59: =N59/K59 -> 0.86261981 | AD59: =AC69 -> 0.88643383
B60: =VLOOKUP(D60,廠價表!$C$1:$E$39,2,0) -> 小吃、微波 | D60: 台式綜合甜不辣 | F60: =VLOOKUP(D60,廠價表!$C$1:$E$39,3,0) -> 28.47 | G60: 827 | H60: =F60*G60 -> 23544.69 | J60: =VLOOKUP(D60,產線配置圖!$A$2:$C$38,2,0) -> 12 | K60: =VLOOKUP(D60,產線配置圖!$A$2:$C$38,3,0) -> 1565 | L60: =K60/J60 -> 130.41667 | M60: 12 | N60: =G60/W60*60 -> 1305.7895 | O60: =N60/M60 -> 108.81579 | P60: =M60-J60 -> 0 | Q60: =O60-L60 -> -21.600877 | R60: =O60/L60 -> 0.83437027 | T60: 0.33333333 | U60: 0.35972222 | V60: =(T60-U59)*24*60 -> 20 | W60: =(U60-T60)*24*60 -> 38 | AB60: =N60-K60 -> -259.21053 | AC60: =N60/K60 -> 0.83437027
B61: =VLOOKUP(D61,廠價表!$C$1:$E$39,2,0) -> 小吃、微波 | D61: 起司馬鈴薯 | F61: =VLOOKUP(D61,廠價表!$C$1:$E$39,3,0) -> 28.26 | G61: 2188 | H61: =F61*G61 -> 61832.88 | J61: =VLOOKUP(D61,產線配置圖!$A$2:$C$38,2,0) -> 12 | K61: =VLOOKUP(D61,產線配置圖!$A$2:$C$38,3,0) -> 1565 | L61: =K61/J61 -> 130.41667 | M61: 12 | N61: =G61/W61*60 -> 1508.9655 | O61: =N61/M61 -> 125.74713 | P61: =M61-J61 -> 0 | Q61: =O61-L61 -> -4.6695402 | R61: =O61/L61 -> 0.96419522 | T61: 0.37361111 | U61: 0.43402778 | V61: =(T61-U60)*24*60 -> 20 | W61: =(U61-T61)*24*60 -> 87 | AB61: =N61-K61 -> -56.034483 | AC61: =N61/K61 -> 0.96419522
B62: =VLOOKUP(D62,廠價表!$C$1:$E$39,2,0) -> 小吃、微波 | D62: 小滷青蔬 | F62: =VLOOKUP(D62,廠價表!$C$1:$E$39,3,0) -> 26.99 | G62: 1079 | H62: =F62*G62 -> 29122.21 | J62: =VLOOKUP(D62,產線配置圖!$A$2:$C$38,2,0) -> 13 | K62: =VLOOKUP(D62,產線配置圖!$A$2:$C$38,3,0) -> 1565 | L62: =K62/J62 -> 120.38462 | M62: 13 | N62: =G62/W62*60 -> 1438.6667 | O62: =N62/M62 -> 110.66667 | P62: =M62-J62 -> 0 | Q62: =O62-L62 -> -9.7179487 | R62: =O62/L62 -> 0.91927583 | T62: 0.44444444 | U62: 0.47569444 | V62: =(T62-U61)*24*60 -> 15 | W62: =(U62-T62)*24*60 -> 45 | AB62: =N62-K62 -> -126.33333 | AC62: =N62/K62 -> 0.91927583
B63: =VLOOKUP(D63,廠價表!$C$1:$E$39,2,0) -> 小吃、微波 | D63: 小滷青蔬 | F63: =VLOOKUP(D63,廠價表!$C$1:$E$39,3,0) -> 26.99 | G63: 1444 | H63: =F63*G63 -> 38973.56 | J63: =VLOOKUP(D63,產線配置圖!$A$2:$C$38,2,0) -> 13 | K63: =VLOOKUP(D63,產線配置圖!$A$2:$C$38,3,0) -> 1565 | L63: =K63/J63 -> 120.38462 | M63: 13 | N63: =G63/W63*60 -> 1332.9231 | O63: =N63/M63 -> 102.53254 | P63: =M63-J63 -> 0 | Q63: =O63-L63 -> -17.852071 | R63: =O63/L63 -> 0.85170804 | T63: 0.52777778 | U63: 0.57291667 | V63: =(T63-U62)*24*60 -> 75 | W63: =(U63-T63)*24*60 -> 65 | X63: 0.47916667 | Y63: 0.52083333 | AB63: =N63-K63 -> -232.07692 | AC63: =N63/K63 -> 0.85170804
W64: =(U64-T64)*24*60 -> 0
W65: =(U65-T65)*24*60 -> 0
H66: =F66*G66 -> 0 | W66: =(U66-T66)*24*60 -> 0
H67: =F67*G67 -> 0 | W67: =(U67-T67)*24*60 -> 0
H68: =F68*G68 -> 0 | W68: =(U68-T68)*24*60 -> 0
C69: 4度三組 | D69: 平均 | J69: =AVERAGE(J59:J68) -> 12.6 | K69: =AVERAGE(K59:K68) -> 1565 | L69: =AVERAGE(L59:L68) -> 124.39744 | M69: =AVERAGE(M59:M68) -> 12.6 | N69: =AVERAGE(N59:N68) -> 1387.2689 | O69: =AVERAGE(O59:O68) -> 110.32166 | P69: =M69-J69 -> 0 | Q69: =N69-K69 -> -177.73105 | R69: =O69/L69 -> 0.88684831 | AB69: =N69-K69 -> -177.73105 | AC69: =N69/K69 -> 0.88643383
A70: 調理包二線 (手工) | B70: 義大利麵 | D70: 奶油起司蝦仁通心粉 | F70: =VLOOKUP(D70,廠價表!$C$1:$E$39,3,0) -> 47.71 | G70: 3562 | H70: =F70*G70 -> 169943.02 | J70: =VLOOKUP(D70,產線配置圖!$A$2:$C$38,2,0) -> 15 | K70: =VLOOKUP(D70,產線配置圖!$A$2:$C$38,3,0) -> 1500 | L70: =K70/J70 -> 100 | M70: 13 | N70: =G70/W70*60 -> 1295.2727 | O70: =N70/M70 -> 99.636364 | P70: =M70-J70 -> -2 | Q70: =O70-L70 -> -0.36363636 | R70: =O70/L70 -> 0.99636364 | S70: =R79 -> 0.94031244 | T70: 0.31597222 | U70: 0.43055556 | W70: =(U70-T70)*24*60 -> 165 | AB70: =N70-K70 -> -204.72727 | AC70: =N70/K70 -> 0.86351515 | AD70: =AC79 -> 0.8583881
B71: =VLOOKUP(D71,廠價表!$C$1:$E$39,2,0) -> 義大利麵 | D71: 奶油起司蝦仁通心粉 | F71: =VLOOKUP(D71,廠價表!$C$1:$E$39,3,0) -> 47.71 | G71: 2163 | H71: =F71*G71 -> 103196.73 | J71: =VLOOKUP(D71,產線配置圖!$A$2:$C$38,2,0) -> 15 | K71: =VLOOKUP(D71,產線配置圖!$A$2:$C$38,3,0) -> 1500 | L71: =K71/J71 -> 100 | M71: 13 | N71: =G71/W71*60 -> 1236 | O71: =N71/M71 -> 95.076923 | P71: =M71-J71 -> -2 | Q71: =O71-L71 -> -4.9230769 | R71: =O71/L71 -> 0.95076923 | T71: 0.51388889 | U71: 0.58680556 | V71: =(T71-U70)*24*60 -> 120 | W71: =(U71-T71)*24*60 -> 105 | X71: 0.45833333 | Y71: 0.5 | AB71: =N71-K71 -> -264 | AC71: =N71/K71 -> 0.824
W72: =(U72-T72)*24*60 -> 0
W73: =(U73-T73)*24*60 -> 0
H74: =F74*G74 -> 0 | W74: =(U74-T74)*24*60 -> 0
H75: =F75*G75 -> 0 | W75: =(U75-T75)*24*60 -> 0
H76: =F76*G76 -> 0 | W76: =(U76-T76)*24*60 -> 0
H77: =F77*G77 -> 0 | W77: =(U77-T77)*24*60 -> 0
H78: =F78*G78 -> 0 | W78: =(U78-T78)*24*60 -> 0
C79: 4度四組 | D79: 平均 | J79: =AVERAGE(J69:J78) -> 14.2 | K79: =AVERAGE(K69:K78) -> 1521.6667 | L79: =AVERAGE(L69:L78) -> 108.13248 | M79: =AVERAGE(M69:M78) -> 12.866667 | N79: =AVERAGE(N69:N78) -> 1306.1806 | O79: =AVERAGE(O69:O78) -> 101.67831 | P79: =M79-J79 -> -1.3333333 | Q79: =N79-K79 -> -215.48611 | R79: =O79/L79 -> 0.94031244 | AB79: =N79-K79 -> -215.48611 | AC79: =N79/K79 -> 0.8583881
AF80: 1.當日出勤人數較多
AF81: 2.當日出勤人數較少
AF82: 3.當日出勤熟手較少
AF83: 4.當日出勤新人較多
AF84: 5.機台夾盒
AF85: 6.封膜不順
AF86: 7.更換膠膜
AF87: 8.更換碳帶
AF88: 9.當日熱轉印碳帶異常
AF89: 10.訂單量過少
AF90: 11.新品上市，尚未熟悉
AF91: 12.商品結構，產能較低
AF92: 13.區域出貨，分段生產

Sheet 1108總
B1: 長家廠組合室生產人時性分析
B3: 日期 | D3: 45969 | F3: 訂單量 | G3: ='1108'!E1 -> 47070 | I3: 營業額 | J3: ='1108'!G1 -> 2286171.6
B4: 項目 | D4: 3 | F4: ➀ | H4: ➁ | J4: ③
B5: 人時性 | D5: 組合室 | F5: 全溫層 | H5: 義大利麵 | J5: 袋裝小吃、義麵
D6: 排關平均 | F6: =AVERAGE(D13:J13) -> 112.8052 | H6: =AVERAGE(D13:H13) -> 110.99609 | J6: =AVERAGE(I13:J13) -> 117.32799
D7: 實績平均 | F7: =AVERAGE(D14:J14) -> 101.04302 | H7: =AVERAGE(D14:H14) -> 101.03578 | J7: =AVERAGE(I14:J14) -> 101.06112
D8: 達成率平均 | F8: =AVERAGE(D15:J15) -> 0.89361021 | H8: =AVERAGE(D15:H15) -> 0.90684675 | J8: =AVERAGE(I15:J15) -> 0.86051883 | L8: ※現行日本鮮食廠以達成率80%為基本(即為現行KPI)
B10: 溫層 | D10: 4度C-各編組展開
B11: 編組 | D11: 1 | E11: 2 | F11: 3 | G11: 4 | H11: 5 | I11: 6 | J11: 7
D12: 自動1線 | E12: 自動2線 | F12: 手工3線 | G12: 手工4線 | H12: 手工5線 | I12: 調理包1線 | J12: 調理包2線
B13: 人時性 | C13: 排關 | D13: =VALUE('1108'!L15) -> 135.3373 | E13: =VALUE('1108'!L26) -> 150.22665 | F13: =VALUE('1108'!L37) -> 89.667756 | G13: =VALUE('1108'!L48) -> 93.033333 | H13: =VALUE('1108'!L58) -> 86.7154 | I13: =VALUE('1108'!L69) -> 127.90865 | J13: =VALUE('1108'!L79) -> 106.74733
C14: 實績 | D14: =VALUE('1108'!O15) -> 121.41045 | E14: =VALUE('1108'!O26) -> 142.86485 | F14: =VALUE('1108'!O37) -> 81.357822 | G14: =VALUE('1108'!O48) -> 77.968254 | H14: =VALUE('1108'!O58) -> 81.577507 | I14: =VALUE('1108'!O69) -> 111.25457 | J14: =VALUE('1108'!O79) -> 90.867662
C15: 達成率 | D15: =D14/D13 -> 0.89709523 | E15: =E14/E13 -> 0.95099539 | F15: =F14/F13 -> 0.90732529 | G15: =G14/G13 -> 0.83806794 | H15: =H14/H13 -> 0.94074994 | I15: =I14/I13 -> 0.86979705 | J15: =J14/J13 -> 0.85124061
B16: 作業 時間 | C16: 開始 | D16: ='1108'!T5 -> 0.29027778 | E16: ='1108'!T16 -> 0.28958333 | F16: ='1108'!T27 -> 0.28958333 | G16: ='1108'!T38 -> 0.33125 | H16: ='1108'!T49 -> 0.29027778 | I16: ='1108'!T59 -> 0.29305556 | J16: ='1108'!T70 -> 0.33333333
C17: 結束 | D17: 0.5625 | E17: 0.59652778 | F17: 0.60763889 | G17: 0.47986111 | H17: 0.57986111 | I17: 0.57847222 | J17: 0.5625
B18: 配置人數 | D18: =VALUE('1108'!M15) -> 15 | E18: =VALUE('1108'!M26) -> 12.75 | F18: =VALUE('1108'!M37) -> 14 | G18: =VALUE('1108'!M48) -> 15 | H18: =VALUE('1108'!M58) -> 18.333333 | I18: =VALUE('1108'!M69) -> 12.25 | J18: =VALUE('1108'!M79) -> 12.75
B19: 主要應用設備 | D19: ET-600 | E19: ET-600 | F19: ET-55 | G19: ET-55 | H19: ET-55 | I19: 八爪機 | J19: ET-55
B20: 次要應用設備 | H20: 封口機
B21: 備註

Sheet 1108
A1: 長家廠4度C日報分析 | D1: 總生產量 | E1: =SUM(G5:G79) -> 47070 | F1: 營業額 | G1: =SUM(H5:H79) -> 2286171.6 | H1: 出勤人數 | I1: =M15+M26+M48+M58+M69+M79+M37 -> 100.08333 | J1: 產線配置圖 | M1: 生產實績 | P1: 人時性差異分析 | T1: 日報登錄 | Z1: 分析說明 | AB1: 產能差異分析
A2: 11月08日 星期六 | D2: 人時性 | E2: =AVERAGE(O15,O26,O37,O48,O58,O69,O79) -> 101.04302 | F2: 平均廠價 | G2: =G1/E1 -> 48.569612 | H2: 多次生產數 | I2: =COUNT(I5:I79) -> 0
A3: 線別 | B3: 品類 | D3: 品名 | F3: 廠價 | G3: 生產量 | H3: 營收 | I3: 多次 生產 | J3: 人數 | K3: 產能/時 | L3: 人時性 | M3: 人數 | N3: 產能/時 | O3: 人時性 | P3: 人數 | Q3: 人時性 | R3: 達成率 | S3: 達成率平均 | T3: 生產時間 | V3: 前置、換線時間/分 | W3: 稼動時間/分 | X3: 休息時間 | Z3: (長家回填) | AB3: 產能/時 | AC3: 達成率 | AD3: 達成率平均
T4: 開始 | U4: 結束 | X4: 開始 | Y4: 結束
A5: 自動一線 (ET-600) | B5: =VLOOKUP(D5,廠價表!$C$1:$E$39,2,0) -> 義大利麵 | D5: 白酒蛤蜊義大利麵 | F5: =VLOOKUP(D5,廠價表!$C$1:$E$39,3,0) -> 57.21 | G5: 1446 | H5: =F5*G5 -> 82725.66 | J5: 14 | K5: =VLOOKUP(D5,產線配置圖!$A$2:$C$38,3,0) -> 2105 | L5: =K5/J5 -> 150.35714 | M5: 14 | N5: =G5/W5*60 -> 1735.2 | O5: =N5/M5 -> 123.94286 | P5: =M5-J5 -> 0 | Q5: =O5-L5 -> -26.414286 | R5: =O5/L5 -> 0.82432304 | S5: =R15 -> 0.89709523 | T5: 0.29027778 | U5: 0.325 | W5: =(U5-T5)*24*60 -> 50 | AB5: =N5-K5 -> -369.8 | AC5: =N5/K5 -> 0.82432304 | AD5: =AC15 -> 0.89799813
B6: =VLOOKUP(D6,廠價表!$C$1:$E$39,2,0) -> 義大利麵 | D6: 韓式起司炸雞義大利麵 | F6: =VLOOKUP(D6,廠價表!$C$1:$E$39,3,0) -> 57.21 | G6: 2079 | H6: =F6*G6 -> 118939.59 | J6: 18 | K6: =VLOOKUP(D6,產線配置圖!$A$2:$C$38,3,0) -> 1895 | L6: =K6/J6 -> 105.27778 | M6: 18 | N6: =G6/W6*60 -> 1732.5 | O6: =N6/M6 -> 96.25 | P6: =M6-J6 -> 0 | Q6: =O6-L6 -> -9.0277778 | R6: =O6/L6 -> 0.91424802 | T6: 0.33888889 | U6: 0.38888889 | V6: =(T6-U5)*24*60 -> 20 | W6: =(U6-T6)*24*60 -> 72 | AB6: =N6-K6 -> -162.5 | AC6: =N6/K6 -> 0.91424802
B7: =VLOOKUP(D7,廠價表!$C$1:$E$39,2,0) -> 義大利麵 | D7: 奶油培根義大利麵 | F7: =VLOOKUP(D7,廠價表!$C$1:$E$39,3,0) -> 49.14 | G7: 3511 | H7: =F7*G7 -> 172530.54 | J7: 14 | K7: =VLOOKUP(D7,產線配置圖!$A$2:$C$38,3,0) -> 2000 | L7: =K7/J7 -> 142.85714 | M7: 14 | N7: =G7/W7*60 -> 1968.785 | O7: =N7/M7 -> 140.6275 | P7: =M7-J7 -> 0 | Q7: =O7-L7 -> -2.2296395 | R7: =O7/L7 -> 0.98439252 | T7: 0.39791667 | U7: 0.47222222 | V7: =(T7-U6)*24*60 -> 13 | W7: =(U7-T7)*24*60 -> 107 | AB7: =N7-K7 -> -31.214953 | AC7: =N7/K7 -> 0.98439252
B8: =VLOOKUP(D8,廠價表!$C$1:$E$39,2,0) -> 義大利麵 | D8: 奶油培根義大利麵 | F8: =VLOOKUP(D8,廠價表!$C$1:$E$39,3,0) -> 49.14 | G8: 932 | H8: =F8*G8 -> 45798.48 | J8: 14 | K8: =VLOOKUP(D8,產線配置圖!$A$2:$C$38,3,0) -> 2000 | L8: =K8/J8 -> 142.85714 | M8: 14 | N8: =G8/W8*60 -> 1747.5 | O8: =N8/M8 -> 124.82143 | P8: =M8-J8 -> 0 | Q8: =O8-L8 -> -18.035714 | R8: =O8/L8 -> 0.87375 | T8: 0.54027778 | U8: 0.5625 | V8: =(T8-U7)*24*60 -> 98 | W8: =(U8-T8)*24*60 -> 32 | X8: 0.47916667 | Y8: 0.52083333 | AB8: =N8-K8 -> -252.5 | AC8: =N8/K8 -> 0.87375
W9: =(U9-T9)*24*60 -> 0
W10: =(U10-T10)*24*60 -> 0
H11: =F11*G11 -> 0 | W11: =(U11-T11)*24*60 -> 0
H12: =F12*G12 -> 0 | W12: =(U12-T12)*24*60 -> 0
W13: =(U13-T13)*24*60 -> 0
H14: =F14*G14 -> 0 | W14: =(U14-T14)*24*60 -> 0
C15: 4度一組 | D15: 平均 | J15: =AVERAGE(J5:J14) -> 15 | K15: =AVERAGE(K5:K14) -> 2000 | L15: =AVERAGE(L5:L14) -> 135.3373 | M15: =AVERAGE(M5:M14) -> 15 | N15: =AVERAGE(N5:N14) -> 1795.9963 | O15: =AVERAGE(O5:O14) -> 121.41045 | P15: =M15-J15 -> 0 | Q15: =O15-L15 -> -13.926854 | R15: =O15/L15 -> 0.89709523 | AB15: =N15-K15 -> -204.00374 | AC15: =N15/K15 -> 0.89799813
A16: 自動二線 (ET-600) | B16: 義大利麵 | D16: 白酒蛤蜊義大利麵 | F16: =VLOOKUP(D16,廠價表!$C$1:$E$39,3,0) -> 57.21 | G16: 1260 | H16: =F16*G16 -> 72084.6 | J16: 14 | K16: =VLOOKUP(D16,產線配置圖!$A$2:$C$38,3,0) -> 2105 | L16: =K16/J16 -> 150.35714 | M16: 13 | N16: =G16/W16*60 -> 1890 | O16: =N16/M16 -> 145.38462 | P16: =M16-J16 -> -1 | Q16: =O16-L16 -> -4.9725275 | R16: =O16/L16 -> 0.96692856 | S16: =R26 -> 0.95099539 | T16: 0.28958333 | U16: 0.31736111 | W16: =(U16-T16)*24*60 -> 40 | AB16: =N16-K16 -> -215 | AC16: =N16/K16 -> 0.89786223 | AD16: =AC26 -> 0.89892944
B17: 義大利麵 | D17: 青醬蛤蜊義大利麵 | F17: =VLOOKUP(D17,廠價表!$C$1:$E$39,3,0) -> 50.67 | G17: 4126 | H17: =F17*G17 -> 209064.42 | J17: 14 | K17: =VLOOKUP(D17,產線配置圖!$A$2:$C$38,3,0) -> 2000 | L17: =K17/J17 -> 142.85714 | M17: 14 | N17: =G17/W17*60 -> 1980.48 | O17: =N17/M17 -> 141.46286 | P17: =M17-J17 -> 0 | Q17: =O17-L17 -> -1.3942857 | R17: =O17/L17 -> 0.99024 | T17: 0.32847222 | U17: 0.41527778 | V17: =(T17-U16)*24*60 -> 16 | W17: =(U17-T17)*24*60 -> 125 | AB17: =N17-K17 -> -19.52 | AC17: =N17/K17 -> 0.99024
B18: 義大利麵 | D18: 義式蕃茄起司義大利麵 | F18: =VLOOKUP(D18,廠價表!$C$1:$E$39,3,0) -> 50.39 | G18: 2302 | H18: =F18*G18 -> 115997.78 | J18: 13 | K18: =VLOOKUP(D18,產線配置圖!$A$2:$C$38,3,0) -> 2000 | L18: =K18/J18 -> 153.84615 | M18: 12 | N18: =G18/W18*60 -> 1817.3684 | O18: =N18/M18 -> 151.44737 | P18: =M18-J18 -> -1 | Q18: =O18-L18 -> -2.3987854 | R18: =O18/L18 -> 0.98440789 | T18: 0.42361111 | U18: 0.47638889 | V18: =(T18-U17)*24*60 -> 12 | W18: =(U18-T18)*24*60 -> 76 | AB18: =N18-K18 -> -182.63158 | AC18: =N18/K18 -> 0.90868421
B19: 義大利麵 | D19: 義式蕃茄起司義大利麵 | F19: =VLOOKUP(D19,廠價表!$C$1:$E$39,3,0) -> 50.39 | G19: 2104 | H19: =F19*G19 -> 106020.56 | J19: 13 | K19: =VLOOKUP(D19,產線配置圖!$A$2:$C$38,3,0) -> 2000 | L19: =K19/J19 -> 153.84615 | M19: 12 | N19: =G19/W19*60 -> 1597.9747 | O19: =N19/M19 -> 133.16456 | P19: =M19-J19 -> -1 | Q19: =O19-L19 -> -20.681597 | R19: =O19/L19 -> 0.86556962 | T19: 0.54166667 | U19: 0.59652778 | V19: =(T19-U18)*24*60 -> 94 | W19: =(U19-T19)*24*60 -> 79 | X19: 0.47916667 | Y19: 0.52083333 | AB19: =N19-K19 -> -402.02532 | AC19: =N19/K19 -> 0.79898734
W20: =(U20-T20)*24*60 -> 0
H21: =F21*G21 -> 0 | W21: 0
H22: =F22*G22 -> 0 | W22: 0
H23: =F23*G23 -> 0 | W23: =(U23-T23)*24*60 -> 0
H24: =F24*G24 -> 0 | W24: =(U24-T24)*24*60 -> 0
H25: =F25*G25 -> 0 | W25: =(U25-T25)*24*60 -> 0
C26: 4度二組A | D26: 平均 | J26: =AVERAGE(J16:J25) -> 13.5 | K26: =AVERAGE(K16:K25) -> 2026.25 | L26: =AVERAGE(L16:L25) -> 150.22665 | M26: =AVERAGE(M16:M25) -> 12.75 | N26: =AVERAGE(N16:N25) -> 1821.4558 | O26: =AVERAGE(O16:O25) -> 142.86485 | P26: =M26-J26 -> -0.75 | Q26: =O26-L26 -> -7.3617989 | R26: =O26/L26 -> 0.95099539 | AB26: =N26-K26 -> -204.79422 | AC26: =N26/K26 -> 0.89892944
A27: 手工三線 (ET-55) | B27: 義大利麵 | D27: 青花椒麻雞肉拌麵 | F27: =VLOOKUP(D27,廠價表!$C$1:$E$39,3,0) -> 49.91 | G27: 2803 | H27: =F27*G27 -> 139897.73 | J27: =VLOOKUP(D27,產線配置圖!$A$2:$C$38,2,0) -> 17 | K27: =VLOOKUP(D27,產線配置圖!$A$2:$C$38,3,0) -> 1565 | L27: =K27/J27 -> 92.058824 | M27: 14 | N27: =G27/W27*60 -> 1209.9281 | O27: =N27/M27 -> 86.423433 | P27: =M27-J27 -> -3 | Q27: =O27-L27 -> -5.6353908 | R27: =O27/L27 -> 0.93878489 | S27: =R37 -> 0.90732529 | T27: 0.28958333 | U27: 0.38611111 | W27: =(U27-T27)*24*60 -> 139 | AB27: =N27-K27 -> -355.07194 | AC27: =N27/K27 -> 0.77311697 | AD27: =AC37 -> 0.76787158
B28: =VLOOKUP(D28,廠價表!$C$1:$E$39,2,0) -> 義大利麵 | D28: 奶油蒜香雞義大利麵 | F28: =VLOOKUP(D28,廠價表!$C$1:$E$39,3,0) -> 55.13 | G28: 2042 | H28: =F28*G28 -> 112575.46 | J28: =VLOOKUP(D28,產線配置圖!$A$2:$C$38,2,0) -> 18 | K28: =VLOOKUP(D28,產線配置圖!$A$2:$C$38,3,0) -> 1385 | L28: =K28/J28 -> 76.944444 | M28: 14 | N28: =G28/W28*60 -> 1074.7368 | O28: =N28/M28 -> 76.766917 | P28: =M28-J28 -> -4 | Q28: =O28-L28 -> -0.17752715 | R28: =O28/L28 -> 0.99769279 | T28: 0.39097222 | U28: 0.47013889 | V28: =(T28-U27)*24*60 -> 7 | W28: =(U28-T28)*24*60 -> 114 | AB28: =N28-K28 -> -310.26316 | AC28: =N28/K28 -> 0.77598328
B29: =VLOOKUP(D29,廠價表!$C$1:$E$39,2,0) -> 義大利麵 | D29: 奶油起司蝦仁通心粉 | F29: =VLOOKUP(D29,廠價表!$C$1:$E$39,3,0) -> 47.71 | G29: 2076 | H29: =F29*G29 -> 99045.96 | J29: =VLOOKUP(D29,產線配置圖!$A$2:$C$38,2,0) -> 15 | K29: =VLOOKUP(D29,產線配置圖!$A$2:$C$38,3,0) -> 1500 | L29: =K29/J29 -> 100 | M29: 14 | N29: =G29/W29*60 -> 1132.3636 | O29: =N29/M29 -> 80.883117 | P29: =M29-J29 -> -1 | Q29: =O29-L29 -> -19.116883 | R29: =O29/L29 -> 0.80883117 | T29: 0.53125 | U29: 0.60763889 | V29: =(T29-U28)*24*60 -> 88 | W29: =(U29-T29)*24*60 -> 110 | X29: 0.47916667 | Y29: 0.52083333 | AB29: =N29-K29 -> -367.63636 | AC29: =N29/K29 -> 0.75490909
W30: =(U30-T30)*24*60 -> 0
W31: =(U31-T31)*24*60 -> 0
W32: =(U32-T32)*24*60 -> 0
H33: =F33*G33 -> 0 | W33: =(U33-T33)*24*60 -> 0
H34: =F34*G34 -> 0 | W34: =(U34-T34)*24*60 -> 0
H35: =F35*G35 -> 0 | W35: =(U35-T35)*24*60 -> 0
H36: =F36*G36 -> 0 | W36: =(U36-T36)*24*60 -> 0
C37: 4度二組B | D37: 平均 | J37: =AVERAGE(J27:J36) -> 16.666667 | K37: =AVERAGE(K27:K36) -> 1483.3333 | L37: =AVERAGE(L27:L36) -> 89.667756 | M37: =AVERAGE(M27:M36) -> 14 | N37: =AVERAGE(N27:N36) -> 1139.0095 | O37: =AVERAGE(O27:O36) -> 81.357822 | P37: =M37-J37 -> -2.6666667 | Q37: =N37-K37 -> -344.32382 | R37: =O37/L37 -> 0.90732529 | AB37: =N37-K37 -> -344.32382 | AC37: =N37/K37 -> 0.76787158
A38: 手工四線 (ET-55) | B38: 義大利麵 | D38: 濃拿坡里義大利麵 | F38: =VLOOKUP(D38,廠價表!$C$1:$E$39,3,0) -> 56.43 | G38: 3166 | H38: =F38*G38 -> 178657.38 | J38: =VLOOKUP(D38,產線配置圖!$A$2:$C$38,2,0) -> 15 | K38: =VLOOKUP(D38,產線配置圖!$A$2:$C$38,3,0) -> 1406 | L38: =K38/J38 -> 93.733333 | M38: 15 | N38: =G38/W38*60 -> 1130.7143 | O38: =N38/M38 -> 75.380952 | P38: =M38-J38 -> 0 | Q38: =O38-L38 -> -18.352381 | R38: =O38/L38 -> 0.80420646 | S38: =R48 -> 0.83806794 | T38: 0.33125 | U38: 0.44791667 | W38: =(U38-T38)*24*60 -> 168 | AB38: =N38-K38 -> -275.28571 | AC38: =N38/K38 -> 0.80420646 | AD38: =AC48 -> 0.83806794
B39: 義大利麵 | D39: 焗烤明太子筆尖麵 | F39: =VLOOKUP(D39,廠價表!$C$1:$E$39,3,0) -> 57.3 | G39: 725 | H39: =F39*G39 -> 41542.5 | J39: =VLOOKUP(D39,產線配置圖!$A$2:$C$38,2,0) -> 15 | K39: =VLOOKUP(D39,產線配置圖!$A$2:$C$38,3,0) -> 1385 | L39: =K39/J39 -> 92.333333 | M39: 15 | N39: =G39/W39*60 -> 1208.3333 | O39: =N39/M39 -> 80.555556 | P39: =M39-J39 -> 0 | Q39: =O39-L39 -> -11.777778 | R39: =O39/L39 -> 0.87244284 | T39: 0.45486111 | U39: 0.47986111 | V39: =(T39-U38)*24*60 -> 10 | W39: =(U39-T39)*24*60 -> 36 | AB39: =N39-K39 -> -176.66667 | AC39: =N39/K39 -> 0.87244284
W40: =(U40-T40)*24*60 -> 0
W41: =(U41-T41)*24*60 -> 0
W42: =(U42-T42)*24*60 -> 0
H43: =F43*G43 -> 0 | W43: =(U43-T43)*24*60 -> 0
H44: =F44*G44 -> 0 | W44: =(U44-T44)*24*60 -> 0
H45: =F45*G45 -> 0 | W45: =(U45-T45)*24*60 -> 0
H46: =F46*G46 -> 0 | W46: =(U46-T46)*24*60 -> 0
H47: =F47*G47 -> 0 | W47: =(U47-T47)*24*60 -> 0
C48: 4度二組C1 | D48: 平均 | J48: =AVERAGE(J38:J47) -> 15 | K48: =AVERAGE(K38:K47) -> 1395.5 | L48: =AVERAGE(L38:L47) -> 93.033333 | M48: =AVERAGE(M38:M47) -> 15 | N48: =AVERAGE(N38:N47) -> 1169.5238 | O48: =AVERAGE(O38:O47) -> 77.968254 | P48: =M48-J48 -> 0 | Q48: =N48-K48 -> -225.97619 | R48: =O48/L48 -> 0.83806794 | W48: =(U48-T48)*24*60 -> 0 | AB48: =N48-K48 -> -225.97619 | AC48: =N48/K48 -> 0.83806794
A49: 手工五線 (ET-55) | B49: =VLOOKUP(D49,廠價表!$C$1:$E$39,2,0) -> 義大利麵 | D49: 剝皮辣椒雞奶油扁麵 | F49: =VLOOKUP(D49,廠價表!$C$1:$E$39,3,0) -> 56.87 | G49: 2620 | H49: =F49*G49 -> 148999.4 | J49: =VLOOKUP(D49,產線配置圖!$A$2:$C$38,2,0) -> 19 | K49: =VLOOKUP(D49,產線配置圖!$A$2:$C$38,3,0) -> 1565 | L49: =K49/J49 -> 82.368421 | M49: 19 | N49: =G49/W49*60 -> 1541.1765 | O49: =N49/M49 -> 81.114551 | P49: =M49-J49 -> 0 | Q49: =O49-L49 -> -1.25387 | R49: =O49/L49 -> 0.9847773 | S49: =R58 -> 0.94074994 | T49: 0.29027778 | U49: 0.36111111 | W49: =(U49-T49)*24*60 -> 102 | AB49: =N49-K49 -> -23.823529 | AC49: =N49/K49 -> 0.9847773 | AD49: =AC58 -> 0.941511
B50: =VLOOKUP(D50,廠價表!$C$1:$E$39,2,0) -> 義大利麵 | D50: 焗烤起司雙饗筆尖麵 | F50: =VLOOKUP(D50,廠價表!$C$1:$E$39,3,0) -> 49.97 | G50: 2980 | H50: =F50*G50 -> 148910.6 | J50: =VLOOKUP(D50,產線配置圖!$A$2:$C$38,2,0) -> 18 | K50: =VLOOKUP(D50,產線配置圖!$A$2:$C$38,3,0) -> 1600 | L50: =K50/J50 -> 88.888889 | M50: 18 | N50: =G50/W50*60 -> 1386.0465 | O50: =N50/M50 -> 77.002584 | P50: =M50-J50 -> 0 | Q50: =O50-L50 -> -11.886305 | R50: =O50/L50 -> 0.86627907 | T50: 0.37222222 | U50: 0.46180556 | V50: =(T50-U49)*24*60 -> 16 | W50: =(U50-T50)*24*60 -> 129 | AB50: =N50-K50 -> -213.95349 | AC50: =N50/K50 -> 0.86627907
B51: =VLOOKUP(D51,廠價表!$C$1:$E$39,2,0) -> 義大利麵 | D51: 焗烤起司雙饗筆尖麵 | F51: =VLOOKUP(D51,廠價表!$C$1:$E$39,3,0) -> 49.97 | G51: 1689 | H51: =F51*G51 -> 84399.33 | J51: =VLOOKUP(D51,產線配置圖!$A$2:$C$38,2,0) -> 18 | K51: =VLOOKUP(D51,產線配置圖!$A$2:$C$38,3,0) -> 1600 | L51: =K51/J51 -> 88.888889 | M51: 18 | N51: =G51/W51*60 -> 1559.0769 | O51: =N51/M51 -> 86.615385 | P51: =M51-J51 -> 0 | Q51: =O51-L51 -> -2.2735043 | R51: =O51/L51 -> 0.97442308 | T51: 0.53472222 | U51: 0.57986111 | V51: =(T51-U50)*24*60 -> 105 | W51: =(U51-T51)*24*60 -> 65 | X51: 0.47916667 | Y51: 0.52083333 | AB51: =N51-K51 -> -40.923077 | AC51: =N51/K51 -> 0.97442308
W52: =(U52-T52)*24*60 -> 0
W53: =(U53-T53)*24*60 -> 0
H54: =F54*G54 -> 0 | W54: =(U54-T54)*24*60 -> 0
H55: =F55*G55 -> 0 | W55: =(U55-T55)*24*60 -> 0
H56: =F56*G56 -> 0 | W56: =(U56-T56)*24*60 -> 0
H57: =F57*G57 -> 0 | W57: =(U57-T57)*24*60 -> 0
C58: 4度二組C2 | D58: 平均 | J58: =AVERAGE(J49:J57) -> 18.333333 | K58: =AVERAGE(K49:K57) -> 1588.3333 | L58: =AVERAGE(L49:L57) -> 86.7154 | M58: =AVERAGE(M49:M57) -> 18.333333 | N58: =AVERAGE(N49:N57) -> 1495.4333 | O58: =AVERAGE(O49:O57) -> 81.577507 | P58: =M58-J58 -> 0 | Q58: =N58-K58 -> -92.900032 | R58: =O58/L58 -> 0.94074994 | AB58: =N58-K58 -> -92.900032 | AC58: =N58/K58 -> 0.941511
A59: 調理包一線 (八爪機) | B59: =VLOOKUP(D59,廠價表!$C$1:$E$39,2,0) -> 小吃、微波 | D59: 台式綜合甜不辣 | F59: =VLOOKUP(D59,廠價表!$C$1:$E$39,3,0) -> 28.47 | G59: 982 | H59: =F59*G59 -> 27957.54 | J59: =VLOOKUP(D59,產線配置圖!$A$2:$C$38,2,0) -> 12 | K59: =VLOOKUP(D59,產線配置圖!$A$2:$C$38,3,0) -> 1565 | L59: =K59/J59 -> 130.41667 | M59: 12 | N59: =G59/W59*60 -> 1280.8696 | O59: =N59/M59 -> 106.73913 | P59: =M59-J59 -> 0 | Q59: =O59-L59 -> -23.677536 | R59: =O59/L59 -> 0.81844701 | S59: =R69 -> 0.86979705 | T59: 0.29305556 | U59: 0.325 | W59: =(U59-T59)*24*60 -> 46 | AB59: =N59-K59 -> -284.13043 | AC59: =N59/K59 -> 0.81844701 | AD59: =AC69 -> 0.87039631
B60: =VLOOKUP(D60,廠價表!$C$1:$E$39,2,0) -> 小吃、微波 | D60: 小滷青蔬 | F60: =VLOOKUP(D60,廠價表!$C$1:$E$39,3,0) -> 26.99 | G60: 3525 | H60: =F60*G60 -> 95139.75 | J60: =VLOOKUP(D60,產線配置圖!$A$2:$C$38,2,0) -> 13 | K60: =VLOOKUP(D60,產線配置圖!$A$2:$C$38,3,0) -> 1565 | L60: =K60/J60 -> 120.38462 | M60: 13 | N60: =G60/W60*60 -> 1410 | O60: =N60/M60 -> 108.46154 | P60: =M60-J60 -> 0 | Q60: =O60-L60 -> -11.923077 | R60: =O60/L60 -> 0.90095847 | T60: 0.34027778 | U60: 0.44444444 | V60: =(T60-U59)*24*60 -> 22 | W60: =(U60-T60)*24*60 -> 150 | AB60: =N60-K60 -> -155 | AC60: =N60/K60 -> 0.90095847
B61: =VLOOKUP(D61,廠價表!$C$1:$E$39,2,0) -> 小吃、微波 | D61: 起司馬鈴薯 | F61: =VLOOKUP(D61,廠價表!$C$1:$E$39,3,0) -> 28.26 | G61: 996 | H61: =F61*G61 -> 28146.96 | J61: =VLOOKUP(D61,產線配置圖!$A$2:$C$38,2,0) -> 12 | K61: =VLOOKUP(D61,產線配置圖!$A$2:$C$38,3,0) -> 1565 | L61: =K61/J61 -> 130.41667 | M61: 12 | N61: =G61/W61*60 -> 1328 | O61: =N61/M61 -> 110.66667 | P61: =M61-J61 -> 0 | Q61: =O61-L61 -> -19.75 | R61: =O61/L61 -> 0.8485623 | T61: 0.45486111 | U61: 0.48611111 | V61: =(T61-U60)*24*60 -> 15 | W61: =(U61-T61)*24*60 -> 45 | AB61: =N61-K61 -> -237 | AC61: =N61/K61 -> 0.8485623
B62: =VLOOKUP(D62,廠價表!$C$1:$E$39,2,0) -> 小吃、微波 | D62: 起司馬鈴薯 | F62: =VLOOKUP(D62,廠價表!$C$1:$E$39,3,0) -> 28.26 | G62: 1263 | H62: =F62*G62 -> 35692.38 | J62: =VLOOKUP(D62,產線配置圖!$A$2:$C$38,2,0) -> 12 | K62: =VLOOKUP(D62,產線配置圖!$A$2:$C$38,3,0) -> 1565 | L62: =K62/J62 -> 130.41667 | M62: 12 | N62: =G62/W62*60 -> 1429.8113 | O62: =N62/M62 -> 119.15094 | P62: =M62-J62 -> 0 | Q62: =O62-L62 -> -11.265723 | R62: =O62/L62 -> 0.91361746 | T62: 0.54166667 | U62: 0.57847222 | V62: =(T62-U61)*24*60 -> 80 | W62: =(U62-T62)*24*60 -> 53 | X62: 0.49305556 | Y62: 0.53472222 | AB62: =N62-K62 -> -135.18868 | AC62: =N62/K62 -> 0.91361746
W63: =(U63-T63)*24*60 -> 0
W64: =(U64-T64)*24*60 -> 0
W65: =(U65-T65)*24*60 -> 0
H66: =F66*G66 -> 0 | W66: =(U66-T66)*24*60 -> 0
H67: =F67*G67 -> 0 | W67: =(U67-T67)*24*60 -> 0
H68: =F68*G68 -> 0 | W68: =(U68-T68)*24*60 -> 0
C69: 4度三組 | D69: 平均 | J69: =AVERAGE(J59:J68) -> 12.25 | K69: =AVERAGE(K59:K68) -> 1565 | L69: =AVERAGE(L59:L68) -> 127.90865 | M69: =AVERAGE(M59:M68) -> 12.25 | N69: =AVERAGE(N59:N68) -> 1362.1702 | O69: =AVERAGE(O59:O68) -> 111.25457 | P69: =M69-J69 -> 0 | Q69: =N69-K69 -> -202.82978 | R69: =O69/L69 -> 0.86979705 | AB69: =N69-K69 -> -202.82978 | AC69: =N69/K69 -> 0.87039631
A70: 調理包二線 (手工) | B70: 義大利麵 | D70: 奶油起司蝦仁通心粉 | F70: =VLOOKUP(D70,廠價表!$C$1:$E$39,3,0) -> 47.71 | G70: 3393 | H70: =F70*G70 -> 161880.03 | J70: =VLOOKUP(D70,產線配置圖!$A$2:$C$38,2,0) -> 15 | K70: =VLOOKUP(D70,產線配置圖!$A$2:$C$38,3,0) -> 1500 | L70: =K70/J70 -> 100 | M70: 13 | N70: =G70/W70*60 -> 1197.5294 | O70: =N70/M70 -> 92.117647 | P70: =M70-J70 -> -2 | Q70: =O70-L70 -> -7.8823529 | R70: =O70/L70 -> 0.92117647 | S70: =R79 -> 0.85124061 | T70: 0.33333333 | U70: 0.45138889 | W70: =(U70-T70)*24*60 -> 170 | AB70: =N70-K70 -> -302.47059 | AC70: =N70/K70 -> 0.79835294 | AD70: =AC79 -> 0.77746059
B71: =VLOOKUP(D71,廠價表!$C$1:$E$39,2,0) -> 義大利麵 | D71: 焗烤明太子筆尖麵 | F71: =VLOOKUP(D71,廠價表!$C$1:$E$39,3,0) -> 57.3 | G71: 1050 | H71: =F71*G71 -> 60165 | J71: =VLOOKUP(D71,產線配置圖!$A$2:$C$38,2,0) -> 15 | K71: =VLOOKUP(D71,產線配置圖!$A$2:$C$38,3,0) -> 1385 | L71: =K71/J71 -> 92.333333 | M71: 13 | N71: =G71/W71*60 -> 900 | O71: =N71/M71 -> 69.230769 | P71: =M71-J71 -> -2 | Q71: =O71-L71 -> -23.102564 | R71: =O71/L71 -> 0.74979172 | T71: 0.51388889 | U71: 0.5625 | V71: =(T71-U70)*24*60 -> 90 | W71: =(U71-T71)*24*60 -> 70 | X71: 0.45833333 | Y71: 0.5 | AB71: =N71-K71 -> -485 | AC71: =N71/K71 -> 0.64981949
W72: =(U72-T72)*24*60 -> 0
W73: =(U73-T73)*24*60 -> 0
H74: =F74*G74 -> 0 | W74: =(U74-T74)*24*60 -> 0
H75: =F75*G75 -> 0 | W75: =(U75-T75)*24*60 -> 0
H76: =F76*G76 -> 0 | W76: =(U76-T76)*24*60 -> 0
H77: =F77*G77 -> 0 | W77: =(U77-T77)*24*60 -> 0
H78: =F78*G78 -> 0 | W78: =(U78-T78)*24*60 -> 0
C79: 4度四組 | D79: 平均 | J79: =AVERAGE(J69:J78) -> 14.083333 | K79: =AVERAGE(K69:K78) -> 1483.3333 | L79: =AVERAGE(L69:L78) -> 106.74733 | M79: =AVERAGE(M69:M78) -> 12.75 | N79: =AVERAGE(N69:N78) -> 1153.2332 | O79: =AVERAGE(O69:O78) -> 90.867662 | P79: =M79-J79 -> -1.3333333 | Q79: =N79-K79 -> -330.10012 | R79: =O79/L79 -> 0.85124061 | AB79: =N79-K79 -> -330.10012 | AC79: =N79/K79 -> 0.77746059
AF80: 1.當日出勤人數較多
AF81: 2.當日出勤人數較少
AF82: 3.當日出勤熟手較少
AF83: 4.當日出勤新人較多
AF84: 5.機台夾盒
AF85: 6.封膜不順
AF86: 7.更換膠膜
AF87: 8.更換碳帶
AF88: 9.當日熱轉印碳帶異常
AF89: 10.訂單量過少
AF90: 11.新品上市，尚未熟悉
AF91: 12.商品結構，產能較低
AF92: 13.區域出貨，分段生產

Sheet 1109總
B1: 長家廠組合室生產人時性分析
B3: 日期 | D3: 45970 | F3: 訂單量 | G3: ='1109'!E1 -> 60100 | I3: 營業額 | J3: ='1109'!G1 -> 2922408.5
B4: 項目 | D4: 3 | F4: ➀ | H4: ➁ | J4: ③
B5: 人時性 | D5: 組合室 | F5: 全溫層 | H5: 義大利麵 | J5: 袋裝小吃、義麵
D6: 排關平均 | F6: =AVERAGE(D13:J13) -> 111.72851 | H6: =AVERAGE(D13:H13) -> 109.37889 | J6: =AVERAGE(I13:J13) -> 117.60256
D7: 實績平均 | F7: =AVERAGE(D14:J14) -> 102.16636 | H7: =AVERAGE(D14:H14) -> 99.334306 | J7: =AVERAGE(I14:J14) -> 109.24649
D8: 達成率平均 | F8: =AVERAGE(D15:J15) -> 0.90992979 | H8: =AVERAGE(D15:H15) -> 0.90282583 | J8: =AVERAGE(I15:J15) -> 0.92768969 | L8: ※現行日本鮮食廠以達成率80%為基本(即為現行KPI)
B10: 溫層 | D10: 4度C-各編組展開
B11: 編組 | D11: 1 | E11: 2 | F11: 3 | G11: 4 | H11: 5 | I11: 6 | J11: 7
D12: 自動1線 | E12: 自動2線 | F12: 手工3線 | G12: 手工4線 | H12: 手工5線 | I12: 調理包1線 | J12: 調理包2線
B13: 人時性 | C13: 排關 | D13: =VALUE('1109'!L15) -> 134.93651 | E13: =VALUE('1109'!L26) -> 150.22665 | F13: =VALUE('1109'!L37) -> 81.982571 | G13: =VALUE('1109'!L48) -> 93.033333 | H13: =VALUE('1109'!L58) -> 86.7154 | I13: =VALUE('1109'!L69) -> 126.40385 | J13: =VALUE('1109'!L79) -> 108.80128
C14: 實績 | D14: =VALUE('1109'!O15) -> 122.35493 | E14: =VALUE('1109'!O26) -> 144.04379 | F14: =VALUE('1109'!O37) -> 73.208282 | G14: =VALUE('1109'!O48) -> 71.138462 | H14: =VALUE('1109'!O58) -> 85.926063 | I14: =VALUE('1109'!O69) -> 119.38633 | J14: =VALUE('1109'!O79) -> 99.106657
C15: 達成率 | D15: =D14/D13 -> 0.90675928 | E15: =E14/E13 -> 0.95884315 | F15: =F14/F13 -> 0.89297373 | G15: =G14/G13 -> 0.76465562 | H15: =H14/H13 -> 0.99089738 | I15: =I14/I13 -> 0.94448335 | J15: =J14/J13 -> 0.91089604
B16: 作業 時間 | C16: 開始 | D16: ='1109'!T5 -> 0.29027778 | E16: ='1109'!T16 -> 0.29097222 | F16: ='1109'!T27 -> 0.29097222 | G16: ='1109'!T38 -> 0.34375 | H16: ='1109'!T49 -> 0.29027778 | I16: ='1109'!T59 -> 0.29027778 | J16: ='1109'!T70 -> 0.33333333
C17: 結束 | D17: 0.63263889 | E17: 0.63611111 | F17: 0.57569444 | G17: 0.64583333 | H17: 0.61319444 | I17: 0.60763889 | J17: 0.60069444
B18: 配置人數 | D18: =VALUE('1109'!M15) -> 15 | E18: =VALUE('1109'!M26) -> 13.5 | F18: =VALUE('1109'!M37) -> 16 | G18: =VALUE('1109'!M48) -> 15 | H18: =VALUE('1109'!M58) -> 18.333333 | I18: =VALUE('1109'!M69) -> 12.4 | J18: =VALUE('1109'!M79) -> 14.133333
B19: 主要應用設備 | D19: ET-600 | E19: ET-600 | F19: ET-55 | G19: ET-55 | H19: ET-55 | I19: 八爪機 | J19: ET-55
B20: 次要應用設備 | H20: 封口機
B21: 備註

Sheet 1109
A1: 長家廠4度C日報分析 | D1: 總生產量 | E1: =SUM(G5:G79) -> 60100 | F1: 營業額 | G1: =SUM(H5:H79) -> 2922408.5 | H1: 出勤人數 | I1: =M15+M26+M48+M58+M69+M79+M37 -> 104.36667 | J1: 產線配置圖 | M1: 生產實績 | P1: 人時性差異分析 | T1: 日報登錄 | Z1: 分析說明 | AB1: 產能差異分析
A2: 11月09日 星期日 | D2: 人時性 | E2: =AVERAGE(O15,O26,O37,O48,O58,O69,O79) -> 102.16636 | F2: 平均廠價 | G2: =G1/E1 -> 48.625765 | H2: 多次生產數 | I2: =COUNT(I5:I79) -> 0
A3: 線別 | B3: 品類 | D3: 品名 | F3: 廠價 | G3: 生產量 | H3: 營收 | I3: 多次 生產 | J3: 人數 | K3: 產能/時 | L3: 人時性 | M3: 人數 | N3: 產能/時 | O3: 人時性 | P3: 人數 | Q3: 人時性 | R3: 達成率 | S3: 達成率平均 | T3: 生產時間 | V3: 前置、換線時間/分 | W3: 稼動時間/分 | X3: 休息時間 | Z3: (長家回填) | AB3: 產能/時 | AC3: 達成率 | AD3: 達成率平均
T4: 開始 | U4: 結束 | X4: 開始 | Y4: 結束
A5: 自動一線 (ET-600) | B5: =VLOOKUP(D5,廠價表!$C$1:$E$39,2,0) -> 義大利麵 | D5: 白酒蛤蜊義大利麵 | F5: =VLOOKUP(D5,廠價表!$C$1:$E$39,3,0) -> 57.21 | G5: 1800 | H5: =F5*G5 -> 102978 | J5: 14 | K5: =VLOOKUP(D5,產線配置圖!$A$2:$C$38,3,0) -> 2105 | L5: =K5/J5 -> 150.35714 | M5: 14 | N5: =G5/W5*60 -> 1542.8571 | O5: =N5/M5 -> 110.20408 | P5: =M5-J5 -> 0 | Q5: =O5-L5 -> -40.153061 | R5: =O5/L5 -> 0.73294876 | S5: =R15 -> 0.90675928 | T5: 0.29027778 | U5: 0.33888889 | W5: =(U5-T5)*24*60 -> 70 | Z5: 7:50~8:06玉取機停麵 | AB5: =N5-K5 -> -562.14286 | AC5: =N5/K5 -> 0.73294876 | AD5: =AC15 -> 0.91127507
B6: =VLOOKUP(D6,廠價表!$C$1:$E$39,2,0) -> 義大利麵 | D6: 青醬蛤蜊義大利麵 | F6: =VLOOKUP(D6,廠價表!$C$1:$E$39,3,0) -> 50.67 | G6: 1046 | H6: =F6*G6 -> 53000.82 | J6: 14 | K6: =VLOOKUP(D6,產線配置圖!$A$2:$C$38,3,0) -> 2000 | L6: =K6/J6 -> 142.85714 | M6: 14 | N6: =G6/W6*60 -> 1793.1429 | O6: =N6/M6 -> 128.08163 | P6: =M6-J6 -> 0 | Q6: =O6-L6 -> -14.77551 | R6: =O6/L6 -> 0.89657143 | T6: 0.34513889 | U6: 0.36944444 | V6: =(T6-U5)*24*60 -> 9 | W6: =(U6-T6)*24*60 -> 35 | AB6: =N6-K6 -> -206.85714 | AC6: =N6/K6 -> 0.89657143
B7: =VLOOKUP(D7,廠價表!$C$1:$E$39,2,0) -> 義大利麵 | D7: 韓式起司炸雞義大利麵 | F7: =VLOOKUP(D7,廠價表!$C$1:$E$39,3,0) -> 57.21 | G7: 2355 | H7: =F7*G7 -> 134729.55 | J7: 18 | K7: =VLOOKUP(D7,產線配置圖!$A$2:$C$38,3,0) -> 1895 | L7: =K7/J7 -> 105.27778 | M7: 18 | N7: =G7/W7*60 -> 1884 | O7: =N7/M7 -> 104.66667 | P7: =M7-J7 -> 0 | Q7: =O7-L7 -> -0.61111111 | R7: =O7/L7 -> 0.99419525 | T7: 0.38541667 | U7: 0.4375 | V7: =(T7-U6)*24*60 -> 23 | W7: =(U7-T7)*24*60 -> 75 | AB7: =N7-K7 -> -11 | AC7: =N7/K7 -> 0.99419525
B8: =VLOOKUP(D8,廠價表!$C$1:$E$39,2,0) -> 義大利麵 | D8: 奶油培根義大利麵 | F8: =VLOOKUP(D8,廠價表!$C$1:$E$39,3,0) -> 49.14 | G8: 2345 | H8: =F8*G8 -> 115233.3 | J8: 14 | K8: =VLOOKUP(D8,產線配置圖!$A$2:$C$38,3,0) -> 2000 | L8: =K8/J8 -> 142.85714 | M8: 14 | N8: =G8/W8*60 -> 1954.1667 | O8: =N8/M8 -> 139.58333 | P8: =M8-J8 -> 0 | Q8: =O8-L8 -> -3.2738095 | R8: =O8/L8 -> 0.97708333 | T8: 0.44652778 | U8: 0.49652778 | V8: =(T8-U7)*24*60 -> 13 | W8: =(U8-T8)*24*60 -> 72 | AB8: =N8-K8 -> -45.833333 | AC8: =N8/K8 -> 0.97708333
B9: =VLOOKUP(D9,廠價表!$C$1:$E$39,2,0) -> 義大利麵 | D9: 奶油培根義大利麵 | F9: =VLOOKUP(D9,廠價表!$C$1:$E$39,3,0) -> 49.14 | G9: 3651 | H9: =F9*G9 -> 179410.14 | J9: 15 | K9: =VLOOKUP(D9,產線配置圖!$A$2:$C$38,3,0) -> 2000 | L9: =K9/J9 -> 133.33333 | M9: 15 | N9: =G9/W9*60 -> 1938.5841 | O9: =N9/M9 -> 129.23894 | P9: =M9-J9 -> 0 | Q9: =O9-L9 -> -4.0943953 | R9: =O9/L9 -> 0.96929204 | T9: 0.55416667 | U9: 0.63263889 | V9: =(T9-U8)*24*60 -> 83 | W9: =(U9-T9)*24*60 -> 113 | X9: 0.5 | Y9: 0.54166667
W10: =(U10-T10)*24*60 -> 0
H11: =F11*G11 -> 0 | W11: =(U11-T11)*24*60 -> 0
H12: =F12*G12 -> 0 | W12: =(U12-T12)*24*60 -> 0
W13: =(U13-T13)*24*60 -> 0
H14: =F14*G14 -> 0 | W14: =(U14-T14)*24*60 -> 0
C15: 4度一組 | D15: 平均 | J15: =AVERAGE(J5:J14) -> 15 | K15: =AVERAGE(K5:K14) -> 2000 | L15: =AVERAGE(L5:L14) -> 134.93651 | M15: =AVERAGE(M5:M14) -> 15 | N15: =AVERAGE(N5:N14) -> 1822.5501 | O15: =AVERAGE(O5:O14) -> 122.35493 | P15: =M15-J15 -> 0 | Q15: =O15-L15 -> -12.581577 | R15: =O15/L15 -> 0.90675928 | AB15: =N15-K15 -> -177.44985 | AC15: =N15/K15 -> 0.91127507
A16: 自動二線 (ET-600) | B16: 義大利麵 | D16: 白酒蛤蜊義大利麵 | F16: =VLOOKUP(D16,廠價表!$C$1:$E$39,3,0) -> 57.21 | G16: 1722 | H16: =F16*G16 -> 98515.62 | J16: 14 | K16: =VLOOKUP(D16,產線配置圖!$A$2:$C$38,3,0) -> 2105 | L16: =K16/J16 -> 150.35714 | M16: 14 | N16: =G16/W16*60 -> 1949.434 | O16: =N16/M16 -> 139.24528 | P16: =M16-J16 -> 0 | Q16: =O16-L16 -> -11.11186 | R16: =O16/L16 -> 0.92609689 | S16: =R26 -> 0.95884315 | T16: 0.29097222 | U16: 0.32777778 | W16: =(U16-T16)*24*60 -> 53 | AB16: =N16-K16 -> -155.56604 | AC16: =N16/K16 -> 0.92609689 | AD16: =AC26 -> 0.9579023
B17: 義大利麵 | D17: 青醬蛤蜊義大利麵 | F17: =VLOOKUP(D17,廠價表!$C$1:$E$39,3,0) -> 50.67 | G17: 4449 | H17: =F17*G17 -> 225430.83 | J17: 14 | K17: =VLOOKUP(D17,產線配置圖!$A$2:$C$38,3,0) -> 2000 | L17: =K17/J17 -> 142.85714 | M17: 14 | N17: =G17/W17*60 -> 1879.8592 | O17: =N17/M17 -> 134.27565 | P17: =M17-J17 -> 0 | Q17: =O17-L17 -> -8.5814889 | R17: =O17/L17 -> 0.93992958 | T17: 0.34375 | U17: 0.44236111 | V17: =(T17-U16)*24*60 -> 23 | W17: =(U17-T17)*24*60 -> 142 | AB17: =N17-K17 -> -120.14085 | AC17: =N17/K17 -> 0.93992958
B18: 義大利麵 | D18: 義式蕃茄起司義大利麵 | F18: =VLOOKUP(D18,廠價表!$C$1:$E$39,3,0) -> 50.39 | G18: 2056 | H18: =F18*G18 -> 103601.84 | J18: 13 | K18: =VLOOKUP(D18,產線配置圖!$A$2:$C$38,3,0) -> 2000 | L18: =K18/J18 -> 153.84615 | M18: 13 | N18: =G18/W18*60 -> 1989.6774 | O18: =N18/M18 -> 153.05211 | P18: =M18-J18 -> 0 | Q18: =O18-L18 -> -0.79404467 | R18: =O18/L18 -> 0.99483871 | T18: 0.45 | U18: 0.49305556 | V18: =(T18-U17)*24*60 -> 11 | W18: =(U18-T18)*24*60 -> 62 | AB18: =N18-K18 -> -10.322581 | AC18: =N18/K18 -> 0.99483871
B19: 義大利麵 | D19: 義式蕃茄起司義大利麵 | F19: =VLOOKUP(D19,廠價表!$C$1:$E$39,3,0) -> 50.39 | G19: 3760 | H19: =F19*G19 -> 189466.4 | J19: 13 | K19: =VLOOKUP(D19,產線配置圖!$A$2:$C$38,3,0) -> 2000 | L19: =K19/J19 -> 153.84615 | M19: 13 | N19: =G19/W19*60 -> 1944.8276 | O19: =N19/M19 -> 149.60212 | P19: =M19-J19 -> 0 | Q19: =O19-L19 -> -4.2440318 | R19: =O19/L19 -> 0.97241379 | T19: 0.55555556 | U19: 0.63611111 | V19: =(T19-U18)*24*60 -> 90 | W19: =(U19-T19)*24*60 -> 116 | X19: 0.5 | Y19: 0.54166667 | AB19: =N19-K19 -> -55.172414 | AC19: =N19/K19 -> 0.97241379
W20: =(U20-T20)*24*60 -> 0
H21: =F21*G21 -> 0 | W21: 0
H22: =F22*G22 -> 0 | W22: 0
H23: =F23*G23 -> 0 | W23: =(U23-T23)*24*60 -> 0
H24: =F24*G24 -> 0 | W24: =(U24-T24)*24*60 -> 0
H25: =F25*G25 -> 0 | W25: =(U25-T25)*24*60 -> 0
C26: 4度二組A | D26: 平均 | J26: =AVERAGE(J16:J25) -> 13.5 | K26: =AVERAGE(K16:K25) -> 2026.25 | L26: =AVERAGE(L16:L25) -> 150.22665 | M26: =AVERAGE(M16:M25) -> 13.5 | N26: =AVERAGE(N16:N25) -> 1940.9495 | O26: =AVERAGE(O16:O25) -> 144.04379 | P26: =M26-J26 -> 0 | Q26: =O26-L26 -> -6.1828563 | R26: =O26/L26 -> 0.95884315 | AB26: =N26-K26 -> -85.300469 | AC26: =N26/K26 -> 0.9579023
A27: 手工三線 (ET-55) | B27: 義大利麵 | D27: 青花椒麻雞肉拌麵 | F27: =VLOOKUP(D27,廠價表!$C$1:$E$39,3,0) -> 49.91 | G27: 3648 | H27: =F27*G27 -> 182071.68 | J27: =VLOOKUP(D27,產線配置圖!$A$2:$C$38,2,0) -> 17 | K27: =VLOOKUP(D27,產線配置圖!$A$2:$C$38,3,0) -> 1565 | L27: =K27/J27 -> 92.058824 | M27: 16 | N27: =G27/W27*60 -> 1257.931 | O27: =N27/M27 -> 78.62069 | P27: =M27-J27 -> -1 | Q27: =O27-L27 -> -13.438134 | R27: =O27/L27 -> 0.85402666 | S27: =R37 -> 0.89297373 | T27: 0.29097222 | U27: 0.41180556 | W27: =(U27-T27)*24*60 -> 174 | AB27: =N27-K27 -> -307.06897 | AC27: =N27/K27 -> 0.8037898 | AD27: =AC37 -> 0.81061074
B28: =VLOOKUP(D28,廠價表!$C$1:$E$39,2,0) -> 義大利麵 | D28: 奶油蒜香雞義大利麵 | F28: =VLOOKUP(D28,廠價表!$C$1:$E$39,3,0) -> 55.13 | G28: 1491 | H28: =F28*G28 -> 82198.83 | J28: =VLOOKUP(D28,產線配置圖!$A$2:$C$38,2,0) -> 18 | K28: =VLOOKUP(D28,產線配置圖!$A$2:$C$38,3,0) -> 1385 | L28: =K28/J28 -> 76.944444 | M28: 16 | N28: =G28/W28*60 -> 1090.9756 | O28: =N28/M28 -> 68.185976 | P28: =M28-J28 -> -2 | Q28: =O28-L28 -> -8.7584688 | R28: =O28/L28 -> 0.88617152 | T28: 0.41875 | U28: 0.47569444 | V28: =(T28-U27)*24*60 -> 10 | W28: =(U28-T28)*24*60 -> 82 | AB28: =N28-K28 -> -294.02439 | AC28: =N28/K28 -> 0.78770802
B29: =VLOOKUP(D29,廠價表!$C$1:$E$39,2,0) -> 義大利麵 | D29: 奶油蒜香雞義大利麵 | F29: =VLOOKUP(D29,廠價表!$C$1:$E$39,3,0) -> 55.13 | G29: 1068 | H29: =F29*G29 -> 58878.84 | J29: =VLOOKUP(D29,產線配置圖!$A$2:$C$38,2,0) -> 18 | K29: =VLOOKUP(D29,產線配置圖!$A$2:$C$38,3,0) -> 1385 | L29: =K29/J29 -> 76.944444 | M29: 16 | N29: =G29/W29*60 -> 1165.0909 | O29: =N29/M29 -> 72.818182 | P29: =M29-J29 -> -2 | Q29: =O29-L29 -> -4.1262626 | R29: =O29/L29 -> 0.94637348 | T29: 0.5375 | U29: 0.57569444 | V29: =(T29-U28)*24*60 -> 89 | W29: =(U29-T29)*24*60 -> 55 | X29: 0.47916667 | Y29: 0.52083333 | AB29: =N29-K29 -> -219.90909 | AC29: =N29/K29 -> 0.84122087
W30: =(U30-T30)*24*60 -> 0
W31: =(U31-T31)*24*60 -> 0
W32: =(U32-T32)*24*60 -> 0
H33: =F33*G33 -> 0 | W33: =(U33-T33)*24*60 -> 0
H34: =F34*G34 -> 0 | W34: =(U34-T34)*24*60 -> 0
H35: =F35*G35 -> 0 | W35: =(U35-T35)*24*60 -> 0
H36: =F36*G36 -> 0 | W36: =(U36-T36)*24*60 -> 0
C37: 4度二組B | D37: 平均 | J37: =AVERAGE(J27:J36) -> 17.666667 | K37: =AVERAGE(K27:K36) -> 1445 | L37: =AVERAGE(L27:L36) -> 81.982571 | M37: =AVERAGE(M27:M36) -> 16 | N37: =AVERAGE(N27:N36) -> 1171.3325 | O37: =AVERAGE(O27:O36) -> 73.208282 | P37: =M37-J37 -> -1.6666667 | Q37: =N37-K37 -> -273.66748 | R37: =O37/L37 -> 0.89297373 | AB37: =N37-K37 -> -273.66748 | AC37: =N37/K37 -> 0.81061074
A38: 手工四線 (ET-55) | B38: 義大利麵 | D38: 濃拿坡里義大利麵 | F38: =VLOOKUP(D38,廠價表!$C$1:$E$39,3,0) -> 56.43 | G38: 3621 | H38: =F38*G38 -> 204333.03 | J38: =VLOOKUP(D38,產線配置圖!$A$2:$C$38,2,0) -> 15 | K38: =VLOOKUP(D38,產線配置圖!$A$2:$C$38,3,0) -> 1406 | L38: =K38/J38 -> 93.733333 | M38: 15 | N38: =G38/W38*60 -> 1114.1538 | O38: =N38/M38 -> 74.276923 | P38: =M38-J38 -> 0 | Q38: =O38-L38 -> -19.45641 | R38: =O38/L38 -> 0.79242806 | S38: =R48 -> 0.76465562 | T38: 0.34375 | U38: 0.47916667 | W38: =(U38-T38)*24*60 -> 195 | Z38: 封口設備異常 | AB38: =N38-K38 -> -291.84615 | AC38: =N38/K38 -> 0.79242806 | AD38: =AC48 -> 0.76465562
B39: 義大利麵 | D39: 焗烤明太子筆尖麵 | F39: =VLOOKUP(D39,廠價表!$C$1:$E$39,3,0) -> 57.3 | G39: 2431 | H39: =F39*G39 -> 139296.3 | J39: =VLOOKUP(D39,產線配置圖!$A$2:$C$38,2,0) -> 15 | K39: =VLOOKUP(D39,產線配置圖!$A$2:$C$38,3,0) -> 1385 | L39: =K39/J39 -> 92.333333 | M39: 15 | N39: =G39/W39*60 -> 1020 | O39: =N39/M39 -> 68 | P39: =M39-J39 -> 0 | Q39: =O39-L39 -> -24.333333 | R39: =O39/L39 -> 0.73646209 | T39: 0.54652778 | U39: 0.64583333 | V39: =(T39-U38)*24*60 -> 97 | W39: =(U39-T39)*24*60 -> 143 | X39: 0.5 | Y39: 0.54166667 | Z39: 封口設備異常 | AB39: =N39-K39 -> -365 | AC39: =N39/K39 -> 0.73646209
W40: =(U40-T40)*24*60 -> 0
W41: =(U41-T41)*24*60 -> 0
W42: =(U42-T42)*24*60 -> 0
H43: =F43*G43 -> 0 | W43: =(U43-T43)*24*60 -> 0
H44: =F44*G44 -> 0 | W44: =(U44-T44)*24*60 -> 0
H45: =F45*G45 -> 0 | W45: =(U45-T45)*24*60 -> 0
H46: =F46*G46 -> 0 | W46: =(U46-T46)*24*60 -> 0
H47: =F47*G47 -> 0 | W47: =(U47-T47)*24*60 -> 0
C48: 4度二組C1 | D48: 平均 | J48: =AVERAGE(J38:J47) -> 15 | K48: =AVERAGE(K38:K47) -> 1395.5 | L48: =AVERAGE(L38:L47) -> 93.033333 | M48: =AVERAGE(M38:M47) -> 15 | N48: =AVERAGE(N38:N47) -> 1067.0769 | O48: =AVERAGE(O38:O47) -> 71.138462 | P48: =M48-J48 -> 0 | Q48: =N48-K48 -> -328.42308 | R48: =O48/L48 -> 0.76465562 | W48: =(U48-T48)*24*60 -> 0 | AB48: =N48-K48 -> -328.42308 | AC48: =N48/K48 -> 0.76465562
A49: 手工五線 (ET-55) | B49: =VLOOKUP(D49,廠價表!$C$1:$E$39,2,0) -> 義大利麵 | D49: 剝皮辣椒雞奶油扁麵 | F49: =VLOOKUP(D49,廠價表!$C$1:$E$39,3,0) -> 56.87 | G49: 3456 | H49: =F49*G49 -> 196542.72 | J49: =VLOOKUP(D49,產線配置圖!$A$2:$C$38,2,0) -> 19 | K49: =VLOOKUP(D49,產線配置圖!$A$2:$C$38,3,0) -> 1565 | L49: =K49/J49 -> 82.368421 | M49: 19 | N49: =G49/W49*60 -> 1559.0977 | O49: =N49/M49 -> 82.057776 | P49: =M49-J49 -> 0 | Q49: =O49-L49 -> -0.31064503 | R49: =O49/L49 -> 0.99622859 | S49: =R58 -> 0.99089738 | T49: 0.29027778 | U49: 0.38263889 | W49: =(U49-T49)*24*60 -> 133 | AB49: =N49-K49 -> -5.9022556 | AC49: =N49/K49 -> 0.99622859 | AD49: =AC58 -> 0.99098954
B50: =VLOOKUP(D50,廠價表!$C$1:$E$39,2,0) -> 義大利麵 | D50: 焗烤起司雙饗筆尖麵 | F50: =VLOOKUP(D50,廠價表!$C$1:$E$39,3,0) -> 49.97 | G50: 3468 | H50: =F50*G50 -> 173295.96 | J50: =VLOOKUP(D50,產線配置圖!$A$2:$C$38,2,0) -> 18 | K50: =VLOOKUP(D50,產線配置圖!$A$2:$C$38,3,0) -> 1600 | L50: =K50/J50 -> 88.888889 | M50: 18 | N50: =G50/W50*60 -> 1576.3636 | O50: =N50/M50 -> 87.575758 | P50: =M50-J50 -> 0 | Q50: =O50-L50 -> -1.3131313 | R50: =O50/L50 -> 0.98522727 | T50: 0.38819444 | U50: 0.47986111 | V50: =(T50-U49)*24*60 -> 8 | W50: =(U50-T50)*24*60 -> 132 | AB50: =N50-K50 -> -23.636364 | AC50: =N50/K50 -> 0.98522727
B51: =VLOOKUP(D51,廠價表!$C$1:$E$39,2,0) -> 義大利麵 | D51: 焗烤起司雙饗筆尖麵 | F51: =VLOOKUP(D51,廠價表!$C$1:$E$39,3,0) -> 49.97 | G51: 2803 | H51: =F51*G51 -> 140065.91 | J51: =VLOOKUP(D51,產線配置圖!$A$2:$C$38,2,0) -> 18 | K51: =VLOOKUP(D51,產線配置圖!$A$2:$C$38,3,0) -> 1600 | L51: =K51/J51 -> 88.888889 | M51: 18 | N51: =G51/W51*60 -> 1586.6038 | O51: =N51/M51 -> 88.144654 | P51: =M51-J51 -> 0 | Q51: =O51-L51 -> -0.7442348 | R51: =O51/L51 -> 0.99162736 | T51: 0.53958333 | U51: 0.61319444 | V51: =(T51-U50)*24*60 -> 86 | W51: =(U51-T51)*24*60 -> 106 | X51: 0.48611111 | Y51: 0.52777778 | AB51: =N51-K51 -> -13.396226 | AC51: =N51/K51 -> 0.99162736
W52: =(U52-T52)*24*60 -> 0
W53: =(U53-T53)*24*60 -> 0
H54: =F54*G54 -> 0 | W54: =(U54-T54)*24*60 -> 0
H55: =F55*G55 -> 0 | W55: =(U55-T55)*24*60 -> 0
H56: =F56*G56 -> 0 | W56: =(U56-T56)*24*60 -> 0
H57: =F57*G57 -> 0 | W57: =(U57-T57)*24*60 -> 0
C58: 4度二組C2 | D58: 平均 | J58: =AVERAGE(J49:J57) -> 18.333333 | K58: =AVERAGE(K49:K57) -> 1588.3333 | L58: =AVERAGE(L49:L57) -> 86.7154 | M58: =AVERAGE(M49:M57) -> 18.333333 | N58: =AVERAGE(N49:N57) -> 1574.0217 | O58: =AVERAGE(O49:O57) -> 85.926063 | P58: =M58-J58 -> 0 | Q58: =N58-K58 -> -14.311615 | R58: =O58/L58 -> 0.99089738 | AB58: =N58-K58 -> -14.311615 | AC58: =N58/K58 -> 0.99098954
A59: 調理包一線 (八爪機) | B59: =VLOOKUP(D59,廠價表!$C$1:$E$39,2,0) -> 小吃、微波 | D59: 小滷青蔬 | F59: =VLOOKUP(D59,廠價表!$C$1:$E$39,3,0) -> 26.99 | G59: 3645 | H59: =F59*G59 -> 98378.55 | J59: =VLOOKUP(D59,產線配置圖!$A$2:$C$38,2,0) -> 13 | K59: =VLOOKUP(D59,產線配置圖!$A$2:$C$38,3,0) -> 1565 | L59: =K59/J59 -> 120.38462 | M59: 13 | N59: =G59/W59*60 -> 1518.75 | O59: =N59/M59 -> 116.82692 | P59: =M59-J59 -> 0 | Q59: =O59-L59 -> -3.5576923 | R59: =O59/L59 -> 0.97044728 | S59: =R69 -> 0.94448335 | T59: 0.29027778 | U59: 0.39027778 | W59: =(U59-T59)*24*60 -> 144 | AB59: =N59-K59 -> -46.25 | AC59: =N59/K59 -> 0.97044728 | AD59: =AC69 -> 0.94500354
B60: =VLOOKUP(D60,廠價表!$C$1:$E$39,2,0) -> 小吃、微波 | D60: 台式綜合甜不辣 | F60: =VLOOKUP(D60,廠價表!$C$1:$E$39,3,0) -> 28.47 | G60: 893 | H60: =F60*G60 -> 25423.71 | J60: =VLOOKUP(D60,產線配置圖!$A$2:$C$38,2,0) -> 12 | K60: =VLOOKUP(D60,產線配置圖!$A$2:$C$38,3,0) -> 1565 | L60: =K60/J60 -> 130.41667 | M60: 12 | N60: =G60/W60*60 -> 1373.8462 | O60: =N60/M60 -> 114.48718 | P60: =M60-J60 -> 0 | Q60: =O60-L60 -> -15.929487 | R60: =O60/L60 -> 0.87785697 | T60: 0.39861111 | U60: 0.42569444 | V60: =(T60-U59)*24*60 -> 12 | W60: =(U60-T60)*24*60 -> 39 | AB60: =N60-K60 -> -191.15385 | AC60: =N60/K60 -> 0.87785697
B61: =VLOOKUP(D61,廠價表!$C$1:$E$39,2,0) -> 小吃、微波 | D61: 起司馬鈴薯 | F61: =VLOOKUP(D61,廠價表!$C$1:$E$39,3,0) -> 28.26 | G61: 2035 | H61: =F61*G61 -> 57509.1 | J61: =VLOOKUP(D61,產線配置圖!$A$2:$C$38,2,0) -> 12 | K61: =VLOOKUP(D61,產線配置圖!$A$2:$C$38,3,0) -> 1565 | L61: =K61/J61 -> 130.41667 | M61: 12 | N61: =G61/W61*60 -> 1545.5696 | O61: =N61/M61 -> 128.79747 | P61: =M61-J61 -> 0 | Q61: =O61-L61 -> -1.6191983 | R61: =O61/L61 -> 0.98758442 | T61: 0.43541667 | U61: 0.49027778 | V61: =(T61-U60)*24*60 -> 14 | W61: =(U61-T61)*24*60 -> 79 | AB61: =N61-K61 -> -19.43038 | AC61: =N61/K61 -> 0.98758442
B62: =VLOOKUP(D62,廠價表!$C$1:$E$39,2,0) -> 小吃、微波 | D62: 起司馬鈴薯 | F62: =VLOOKUP(D62,廠價表!$C$1:$E$39,3,0) -> 28.26 | G62: 562 | H62: =F62*G62 -> 15882.12 | J62: =VLOOKUP(D62,產線配置圖!$A$2:$C$38,2,0) -> 12 | K62: =VLOOKUP(D62,產線配置圖!$A$2:$C$38,3,0) -> 1565 | L62: =K62/J62 -> 130.41667 | M62: 12 | N62: =G62/W62*60 -> 1466.087 | O62: =N62/M62 -> 122.17391 | P62: =M62-J62 -> 0 | Q62: =O62-L62 -> -8.2427536 | R62: =O62/L62 -> 0.93679678 | T62: 0.54861111 | U62: 0.56458333 | V62: =(T62-U61)*24*60 -> 84 | W62: =(U62-T62)*24*60 -> 23 | X62: 0.5 | Y62: 0.54166667 | AB62: =N62-K62 -> -98.913043 | AC62: =N62/K62 -> 0.93679678
B63: =VLOOKUP(D63,廠價表!$C$1:$E$39,2,0) -> 小吃、微波 | D63: 小滷青蔬 | F63: =VLOOKUP(D63,廠價表!$C$1:$E$39,3,0) -> 26.99 | G63: 1242 | H63: =F63*G63 -> 33521.58 | J63: =VLOOKUP(D63,產線配置圖!$A$2:$C$38,2,0) -> 13 | K63: =VLOOKUP(D63,產線配置圖!$A$2:$C$38,3,0) -> 1565 | L63: =K63/J63 -> 120.38462 | M63: 13 | N63: =G63/W63*60 -> 1490.4 | O63: =N63/M63 -> 114.64615 | P63: =M63-J63 -> 0 | Q63: =O63-L63 -> -5.7384615 | R63: =O63/L63 -> 0.95233227 | T63: 0.57291667 | U63: 0.60763889 | V63: =(T63-U62)*24*60 -> 12 | W63: =(U63-T63)*24*60 -> 50
W64: =(U64-T64)*24*60 -> 0
W65: =(U65-T65)*24*60 -> 0
H66: =F66*G66 -> 0 | W66: =(U66-T66)*24*60 -> 0
H67: =F67*G67 -> 0 | W67: =(U67-T67)*24*60 -> 0
H68: =F68*G68 -> 0 | W68: =(U68-T68)*24*60 -> 0
C69: 4度三組 | D69: 平均 | J69: =AVERAGE(J59:J68) -> 12.4 | K69: =AVERAGE(K59:K68) -> 1565 | L69: =AVERAGE(L59:L68) -> 126.40385 | M69: =AVERAGE(M59:M68) -> 12.4 | N69: =AVERAGE(N59:N68) -> 1478.9305 | O69: =AVERAGE(O59:O68) -> 119.38633 | P69: =M69-J69 -> 0 | Q69: =N69-K69 -> -86.069454 | R69: =O69/L69 -> 0.94448335 | AB69: =N69-K69 -> -86.069454 | AC69: =N69/K69 -> 0.94500354
A70: 調理包二線 (手工) | B70: 義大利麵 | D70: 奶油起司蝦仁通心粉 | F70: =VLOOKUP(D70,廠價表!$C$1:$E$39,3,0) -> 47.71 | G70: 4940 | H70: =F70*G70 -> 235687.4 | J70: =VLOOKUP(D70,產線配置圖!$A$2:$C$38,2,0) -> 15 | K70: =VLOOKUP(D70,產線配置圖!$A$2:$C$38,3,0) -> 1500 | L70: =K70/J70 -> 100 | M70: 15 | N70: =G70/W70*60 -> 1378.6047 | O70: =N70/M70 -> 91.906977 | P70: =M70-J70 -> 0 | Q70: =O70-L70 -> -8.0930233 | R70: =O70/L70 -> 0.91906977 | S70: =R79 -> 0.91089604 | T70: 0.33333333 | U70: 0.48263889 | W70: =(U70-T70)*24*60 -> 215 | AB70: =N70-K70 -> -121.39535 | AC70: =N70/K70 -> 0.91906977 | AD70: =AC79 -> 0.9086386
B71: =VLOOKUP(D71,廠價表!$C$1:$E$39,2,0) -> 義大利麵 | D71: 奶油起司蝦仁通心粉 | F71: =VLOOKUP(D71,廠價表!$C$1:$E$39,3,0) -> 47.71 | G71: 1613 | H71: =F71*G71 -> 76956.23 | J71: =VLOOKUP(D71,產線配置圖!$A$2:$C$38,2,0) -> 15 | K71: =VLOOKUP(D71,產線配置圖!$A$2:$C$38,3,0) -> 1500 | L71: =K71/J71 -> 100 | M71: 15 | N71: =G71/W71*60 -> 1290.4 | O71: =N71/M71 -> 86.026667 | P71: =M71-J71 -> 0 | Q71: =O71-L71 -> -13.973333 | R71: =O71/L71 -> 0.86026667 | T71: 0.54861111 | U71: 0.60069444 | V71: =(T71-U70)*24*60 -> 95 | W71: =(U71-T71)*24*60 -> 75 | X71: 0.5 | Y71: 0.54166667 | AB71: =N71-K71 -> -209.6 | AC71: =N71/K71 -> 0.86026667
W72: =(U72-T72)*24*60 -> 0
W73: =(U73-T73)*24*60 -> 0
H74: =F74*G74 -> 0 | W74: =(U74-T74)*24*60 -> 0
H75: =F75*G75 -> 0 | W75: =(U75-T75)*24*60 -> 0
H76: =F76*G76 -> 0 | W76: =(U76-T76)*24*60 -> 0
H77: =F77*G77 -> 0 | W77: =(U77-T77)*24*60 -> 0
H78: =F78*G78 -> 0 | W78: =(U78-T78)*24*60 -> 0
C79: 4度四組 | D79: 平均 | J79: =AVERAGE(J69:J78) -> 14.133333 | K79: =AVERAGE(K69:K78) -> 1521.6667 | L79: =AVERAGE(L69:L78) -> 108.80128 | M79: =AVERAGE(M69:M78) -> 14.133333 | N79: =AVERAGE(N69:N78) -> 1382.6451 | O79: =AVERAGE(O69:O78) -> 99.106657 | P79: =M79-J79 -> 0 | Q79: =N79-K79 -> -139.0216 | R79: =O79/L79 -> 0.91089604 | AB79: =N79-K79 -> -139.0216 | AC79: =N79/K79 -> 0.9086386
AF80: 1.當日出勤人數較多
AF81: 2.當日出勤人數較少
AF82: 3.當日出勤熟手較少
AF83: 4.當日出勤新人較多
AF84: 5.機台夾盒
AF85: 6.封膜不順
AF86: 7.更換膠膜
AF87: 8.更換碳帶
AF88: 9.當日熱轉印碳帶異常
AF89: 10.訂單量過少
AF90: 11.新品上市，尚未熟悉
AF91: 12.商品結構，產能較低
AF92: 13.區域出貨，分段生產

Sheet 1110總
B1: 長家廠組合室生產人時性分析
B3: 日期 | D3: 45971 | F3: 訂單量 | G3: ='1110'!E1 -> 58992 | I3: 營業額 | J3: ='1110'!G1 -> 2865586.3
B4: 項目 | D4: 3 | F4: ➀ | H4: ➁ | J4: ③
B5: 人時性 | D5: 組合室 | F5: 全溫層 | H5: 義大利麵 | J5: 袋裝小吃、義麵
D6: 排關平均 | F6: =AVERAGE(D13:J13) -> 112.84723 | H6: =AVERAGE(D13:H13) -> 110.36594 | J6: =AVERAGE(I13:J13) -> 119.05048
D7: 實績平均 | F7: =AVERAGE(D14:J14) -> 101.80124 | H7: =AVERAGE(D14:H14) -> 99.949764 | J7: =AVERAGE(I14:J14) -> 106.42992
D8: 達成率平均 | F8: =AVERAGE(D15:J15) -> 0.89904158 | H8: =AVERAGE(D15:H15) -> 0.90111556 | J8: =AVERAGE(I15:J15) -> 0.89385663 | L8: ※現行日本鮮食廠以達成率80%為基本(即為現行KPI)
B10: 溫層 | D10: 4度C-各編組展開
B11: 編組 | D11: 1 | E11: 2 | F11: 3 | G11: 4 | H11: 5 | I11: 6 | J11: 7
D12: 自動1線 | E12: 自動2線 | F12: 手工3線 | G12: 手工4線 | H12: 手工5線 | I12: 調理包1線 | J12: 調理包2線
B13: 人時性 | C13: 排關 | D13: =VALUE('1110'!L15) -> 136.84127 | E13: =VALUE('1110'!L26) -> 148.75275 | F13: =VALUE('1110'!L37) -> 86.486928 | G13: =VALUE('1110'!L48) -> 93.033333 | H13: =VALUE('1110'!L58) -> 86.7154 | I13: =VALUE('1110'!L69) -> 125.40064 | J13: =VALUE('1110'!L79) -> 112.70032
C14: 實績 | D14: =VALUE('1110'!O15) -> 125.91725 | E14: =VALUE('1110'!O26) -> 138.23228 | F14: =VALUE('1110'!O37) -> 72.035724 | G14: =VALUE('1110'!O48) -> 80.4298 | H14: =VALUE('1110'!O58) -> 83.133767 | I14: =VALUE('1110'!O69) -> 112.40329 | J14: =VALUE('1110'!O79) -> 100.45655
C15: 達成率 | D15: =D14/D13 -> 0.92017015 | E15: =E14/E13 -> 0.92927547 | F15: =F14/F13 -> 0.8329088 | G15: =G14/G13 -> 0.8645267 | H15: =H14/H13 -> 0.9586967 | I15: =I14/I13 -> 0.89635337 | J15: =J14/J13 -> 0.89135989
B16: 作業 時間 | C16: 開始 | D16: ='1110'!T5 -> 0.29027778 | E16: ='1110'!T16 -> 0.29097222 | F16: ='1110'!T27 -> 0.29027778 | G16: ='1110'!T38 -> 0.33263889 | H16: ='1110'!T49 -> 0.29097222 | I16: ='1110'!T59 -> 0.29027778 | J16: ='1110'!T70 -> 0.3375
C17: 結束 | D17: 0.62152778 | E17: 0.63888889 | F17: 0.64930556 | G17: 0.59722222 | H17: 0.625 | I17: 0.62152778 | J17: 0.47916667
B18: 配置人數 | D18: =VALUE('1110'!M15) -> 14.8 | E18: =VALUE('1110'!M26) -> 13.6 | F18: =VALUE('1110'!M37) -> 15.75 | G18: =VALUE('1110'!M48) -> 15 | H18: =VALUE('1110'!M58) -> 18.333333 | I18: =VALUE('1110'!M69) -> 12.5 | J18: =VALUE('1110'!M79) -> 13.75
B19: 主要應用設備 | D19: ET-600 | E19: ET-600 | F19: ET-55 | G19: ET-55 | H19: ET-55 | I19: 八爪機 | J19: ET-55
B20: 次要應用設備 | H20: 封口機
B21: 備註

Sheet 1110
A1: 長家廠4度C日報分析 | D1: 總生產量 | E1: =SUM(G5:G79) -> 58992 | F1: 營業額 | G1: =SUM(H5:H79) -> 2865586.3 | H1: 出勤人數 | I1: =M15+M26+M48+M58+M69+M79+M37 -> 103.73333 | J1: 產線配置圖 | M1: 生產實績 | P1: 人時性差異分析 | T1: 日報登錄 | Z1: 分析說明 | AB1: 產能差異分析
A2: 11月10日 星期一 | D2: 人時性 | E2: =AVERAGE(O15,O26,O37,O48,O58,O69,O79) -> 101.80124 | F2: 平均廠價 | G2: =G1/E1 -> 48.575845 | H2: 多次生產數 | I2: =COUNT(I5:I79) -> 0
A3: 線別 | B3: 品類 | D3: 品名 | F3: 廠價 | G3: 生產量 | H3: 營收 | I3: 多次 生產 | J3: 人數 | K3: 產能/時 | L3: 人時性 | M3: 人數 | N3: 產能/時 | O3: 人時性 | P3: 人數 | Q3: 人時性 | R3: 達成率 | S3: 達成率平均 | T3: 生產時間 | V3: 前置、換線時間/分 | W3: 稼動時間/分 | X3: 休息時間 | Z3: (長家回填) | AB3: 產能/時 | AC3: 達成率 | AD3: 達成率平均
T4: 開始 | U4: 結束 | X4: 開始 | Y4: 結束
A5: 自動一線 (ET-600) | B5: =VLOOKUP(D5,廠價表!$C$1:$E$39,2,0) -> 義大利麵 | D5: 白酒蛤蜊義大利麵 | F5: =VLOOKUP(D5,廠價表!$C$1:$E$39,3,0) -> 57.21 | G5: 1843 | H5: =F5*G5 -> 105438.03 | J5: 14 | K5: =VLOOKUP(D5,產線配置圖!$A$2:$C$38,3,0) -> 2105 | L5: =K5/J5 -> 150.35714 | M5: 14 | N5: =G5/W5*60 -> 1812.7869 | O5: =N5/M5 -> 129.48478 | P5: =M5-J5 -> 0 | Q5: =O5-L5 -> -20.872365 | R5: =O5/L5 -> 0.86118142 | S5: =R15 -> 0.92017015 | T5: 0.29027778 | U5: 0.33263889 | W5: =(U5-T5)*24*60 -> 61 | Z5: 7:50~8:06玉取機停麵 | AB5: =N5-K5 -> -292.21311 | AC5: =N5/K5 -> 0.86118142 | AD5: =AC15 -> 0.92251478
B6: =VLOOKUP(D6,廠價表!$C$1:$E$39,2,0) -> 義大利麵 | D6: 青醬蛤蜊義大利麵 | F6: =VLOOKUP(D6,廠價表!$C$1:$E$39,3,0) -> 50.67 | G6: 972 | H6: =F6*G6 -> 49251.24 | J6: 14 | K6: =VLOOKUP(D6,產線配置圖!$A$2:$C$38,3,0) -> 2000 | L6: =K6/J6 -> 142.85714 | M6: 14 | N6: =G6/W6*60 -> 1666.2857 | O6: =N6/M6 -> 119.02041 | P6: =M6-J6 -> 0 | Q6: =O6-L6 -> -23.836735 | R6: =O6/L6 -> 0.83314286 | T6: 0.33888889 | U6: 0.36319444 | V6: =(T6-U5)*24*60 -> 9 | W6: =(U6-T6)*24*60 -> 35 | AB6: =N6-K6 -> -333.71429 | AC6: =N6/K6 -> 0.83314286
B7: =VLOOKUP(D7,廠價表!$C$1:$E$39,2,0) -> 義大利麵 | D7: 韓式起司炸雞義大利麵 | F7: =VLOOKUP(D7,廠價表!$C$1:$E$39,3,0) -> 57.21 | G7: 2404 | H7: =F7*G7 -> 137532.84 | J7: 18 | K7: =VLOOKUP(D7,產線配置圖!$A$2:$C$38,3,0) -> 1895 | L7: =K7/J7 -> 105.27778 | M7: 18 | N7: =G7/W7*60 -> 1849.2308 | O7: =N7/M7 -> 102.73504 | P7: =M7-J7 -> 0 | Q7: =O7-L7 -> -2.542735 | R7: =O7/L7 -> 0.97584737 | T7: 0.37013889 | U7: 0.42430556 | V7: =(T7-U6)*24*60 -> 10 | W7: =(U7-T7)*24*60 -> 78 | AB7: =N7-K7 -> -45.769231 | AC7: =N7/K7 -> 0.97584737
B8: =VLOOKUP(D8,廠價表!$C$1:$E$39,2,0) -> 義大利麵 | D8: 奶油培根義大利麵 | F8: =VLOOKUP(D8,廠價表!$C$1:$E$39,3,0) -> 49.14 | G8: 2383 | H8: =F8*G8 -> 117100.62 | J8: 14 | K8: =VLOOKUP(D8,產線配置圖!$A$2:$C$38,3,0) -> 2000 | L8: =K8/J8 -> 142.85714 | M8: 14 | N8: =G8/W8*60 -> 1958.6301 | O8: =N8/M8 -> 139.90215 | P8: =M8-J8 -> 0 | Q8: =O8-L8 -> -2.9549902 | R8: =O8/L8 -> 0.97931507 | T8: 0.43125 | U8: 0.48194444 | V8: =(T8-U7)*24*60 -> 10 | W8: =(U8-T8)*24*60 -> 73 | AB8: =N8-K8 -> -41.369863 | AC8: =N8/K8 -> 0.97931507
B9: =VLOOKUP(D9,廠價表!$C$1:$E$39,2,0) -> 義大利麵 | D9: 奶油培根義大利麵 | F9: =VLOOKUP(D9,廠價表!$C$1:$E$39,3,0) -> 49.14 | G9: 3618 | H9: =F9*G9 -> 177788.52 | J9: 14 | K9: =VLOOKUP(D9,產線配置圖!$A$2:$C$38,3,0) -> 2000 | L9: =K9/J9 -> 142.85714 | M9: 14 | N9: =G9/W9*60 -> 1938.2143 | O9: =N9/M9 -> 138.44388 | P9: =M9-J9 -> 0 | Q9: =O9-L9 -> -4.4132653 | R9: =O9/L9 -> 0.96910714 | T9: 0.54375 | U9: 0.62152778 | V9: =(T9-U8)*24*60 -> 89 | W9: =(U9-T9)*24*60 -> 112 | X9: 0.5 | Y9: 0.54166667
W10: =(U10-T10)*24*60 -> 0
H11: =F11*G11 -> 0 | W11: =(U11-T11)*24*60 -> 0
H12: =F12*G12 -> 0 | W12: =(U12-T12)*24*60 -> 0
W13: =(U13-T13)*24*60 -> 0
H14: =F14*G14 -> 0 | W14: =(U14-T14)*24*60 -> 0
C15: 4度一組 | D15: 平均 | J15: =AVERAGE(J5:J14) -> 14.8 | K15: =AVERAGE(K5:K14) -> 2000 | L15: =AVERAGE(L5:L14) -> 136.84127 | M15: =AVERAGE(M5:M14) -> 14.8 | N15: =AVERAGE(N5:N14) -> 1845.0296 | O15: =AVERAGE(O5:O14) -> 125.91725 | P15: =M15-J15 -> 0 | Q15: =O15-L15 -> -10.924018 | R15: =O15/L15 -> 0.92017015 | AB15: =N15-K15 -> -154.97044 | AC15: =N15/K15 -> 0.92251478
A16: 自動二線 (ET-600) | B16: 義大利麵 | D16: 白酒蛤蜊義大利麵 | F16: =VLOOKUP(D16,廠價表!$C$1:$E$39,3,0) -> 57.21 | G16: 1679 | H16: =F16*G16 -> 96055.59 | J16: 14 | K16: =VLOOKUP(D16,產線配置圖!$A$2:$C$38,3,0) -> 2105 | L16: =K16/J16 -> 150.35714 | M16: 14 | N16: =G16/W16*60 -> 1865.5556 | O16: =N16/M16 -> 133.25397 | P16: =M16-J16 -> 0 | Q16: =O16-L16 -> -17.103175 | R16: =O16/L16 -> 0.88624967 | S16: =R26 -> 0.92927547 | T16: 0.29097222 | U16: 0.32847222 | W16: =(U16-T16)*24*60 -> 54 | AB16: =N16-K16 -> -239.44444 | AC16: =N16/K16 -> 0.88624967 | AD16: =AC26 -> 0.92828011
