Workbook

Sheet 廠價表
A1: check | B1: 溫層 | C1: 品名 | D1: 類別 | E1: 廠價
B2: 4度C | C2: 白酒蛤蜊義大利麵 | D2: 義大利麵 | E2: 57.21
B3: 4度C | C3: 熱那亞青醬義大利麵 | D3: 義大利麵 | E3: 50.67
B4: 4度C | C4: 義式蕃茄起司義大利麵 | D4: 義大利麵 | E4: 50.39
B5: 4度C | C5: 焗烤起司雙饗筆尖麵 | D5: 義大利麵 | E5: 49.97
B6: 4度C | C6: 奶油培根義大利麵 | D6: 義大利麵 | E6: 49.14
B7: 4度C | C7: 韓式起司炸雞義大利麵 | D7: 義大利麵 | E7: 57.21
B8: 4度C | C8: 韓式辣醬肉丸義大利麵 | D8: 義大利麵 | E8: 57.21
B9: 4度C | C9: 拿坡里義大利麵 | D9: 義大利麵 | E9: 58.17
B10: 4度C | C10: 羊乳起司培根筆尖麵 | D10: 義大利麵 | E10: 62.61
B11: 4度C | C11: 黑胡椒燻豬腿義大利麵 | D11: 義大利麵 | E11: 50.6
B12: 4度C | C12: 剝皮辣椒雞奶油扁麵 | D12: 義大利麵 | E12: 56.87
B13: 4度C | C13: 奶油蒜香雞義大利麵 | D13: 義大利麵 | E13: 55.13
... B32: 冷凍 | C32: 和風明太子細扁麵 | D32: 冷凍調理麵 | E32: 29.38

Sheet 產線配置圖
A1: 品項 | B1: 人數 | C1: 產能
A2: 白酒蛤蜊義大利麵 | B2: 13 | C2: 2000 | D2: ET-600
A3: 白酒蛤蜊義大利麵-手 | B3: 15 | C3: 1565 | D3: ET-55
A4: 熱那亞青醬義大利麵 | B4: 16 | C4: 1915
A5: 義式蕃茄起司義大利麵 | B5: 12 | C5: 2000
A6: 焗烤起司雙饗筆尖麵 | B6: 18 | C6: 1565
A7: 奶油培根義大利麵 | B7: 13 | C7: 2000
A8: 韓式起司炸雞義大利麵 | B8: 14 | C8: 1895
A9: 韓式辣醬肉丸義大利麵 | B9: 17 | C9: 1565
A10: 剝皮辣椒雞奶油扁麵 | B10: 17 | C10: 1500
A11: 拿坡里義大利麵 | B11: 16 | C11: 1429
A12: 家傳炸醬麵 | B12: 18 | C12: 1636
A13: 家傳炸醬麵-降速生產 | B13: 16 | C13: 1440
A14: 黑胡椒燻豬腿義大利麵 | B14: 18 | C14: 1500
A15: 黑胡椒燻豬腿義大利麵-降速生產 | B15: 13 | C15: 1385
... A27: 台式綜合甜不辣 | B27: 12 | C27: 1565
E32: 更新日期10/30

Sheet 1001總
B1: 長家廠組合室生產人時性分析
B3: 日期 | D3: 45931 | F3: 訂單量 | G3: ='1001'!E1 -> 59618 | I3: 營業額 | J3: ='1001'!G1 -> 2862983.5
B4: 項目 | D4: 3 | F4: ➀ | H4: ➁ | J4: ③
B5: 人時性 | D5: 組合室 | F5: 全溫層 | H5: 義大利麵 | J5: 袋裝小吃、義麵
D6: 排關平均 | F6: =AVERAGE(D13:J13) -> 117.9837 | H6: =AVERAGE(D13:H13) -> 113.67931 | J6: =AVERAGE(I13:J13) -> 128.74466
D7: 實績平均 | F7: =AVERAGE(D14:J14) -> 105.76208 | H7: =AVERAGE(D14:H14) -> 100.00485 | J7: =AVERAGE(I14:J14) -> 120.15516
D8: 達成率平均 | F8: =AVERAGE(D15:J15) -> 0.89982633 | H8: =AVERAGE(D15:H15) -> 0.88636358 | J8: =AVERAGE(I15:J15) -> 0.9334832 | L8: ※現行日本鮮食廠以達成率80%為基本(即為現行KPI)
B10: 溫層 | D10: 4度C-各編組展開
B11: 編組 | D11: 1 | E11: 2 | F11: 3 | G11: 4 | H11: 5 | I11: 6 | J11: 7
D12: 自動1線 | E12: 自動2線 | F12: 手工3線 | G12: 手工4線 | H12: 手工5線 | I12: 調理包1線 | J12: 調理包2線
B13: 人時性 | C13: 排關 | D13: =VALUE('1001'!L15) -> 149.2239 | E13: =VALUE('1001'!L26) -> 151.71675 | F13: =VALUE('1001'!L37) -> 87.449673 | G13: =VALUE('1001'!L48) -> 92.41636 | H13: =VALUE('1001'!L58) -> 87.589869 | I13: =VALUE('1001'!L69) -> 127.07265 | J13: =VALUE('1001'!L79) -> 130.41667
C14: 實績 | D14: =VALUE('1001'!O15) -> 130.15704 | E14: =VALUE('1001'!O26) -> 128.20092 | F14: =VALUE('1001'!O37) -> 77.822304 | G14: =VALUE('1001'!O48) -> 76.983357 | H14: =VALUE('1001'!O58) -> 86.860627 | I14: =VALUE('1001'!O69) -> 120.58206 | J14: =VALUE('1001'!O79) -> 119.72826
C15: 達成率 | D15: =D14/D13 -> 0.87222647 | E15: =E14/E13 -> 0.84500177 | F15: =F14/F13 -> 0.88990961 | G15: =G14/G13 -> 0.83300572 | H15: =H14/H13 -> 0.99167436 | I15: =I14/I13 -> 0.94892223 | J15: =J14/J13 -> 0.91804417
B16: 作業 時間 | C16: 開始 | D16: ='1001'!T5 -> 0.30347222 | E16: ='1001'!T16 -> 0.30347222 | F16: ='1001'!T27 -> 0.29305556 | G16: ='1001'!T38 -> 0.33263889 | H16: ='1001'!T49 -> 0.28819444 | I16: ='1001'!T59 -> 0.29166667 | J16: ='1001'!T70 -> 0.34930556
C17: 結束 | D17: 0.65138889 | E17: 0.64444444 | F17: 0.65486111 | G17: 0.63541667 | H17: 0.67986111 | I17: 0.62152778 | J17: 0.41319444
B18: 配置人數 | D18: =VALUE('1001'!M15) -> 13.5 | E18: =VALUE('1001'!M26) -> 13.25 | F18: =VALUE('1001'!M37) -> 16 | G18: =VALUE('1001'!M48) -> 16 | H18: =VALUE('1001'!M58) -> 17.5 | I18: =VALUE('1001'!M69) -> 12.333333 | J18: =VALUE('1001'!M79) -> 12
B19: 主要應用設備 | D19: ET-600 | E19: ET-600 | F19: ET-55 | G19: ET-55 | H19: ET-55 | I19: 八爪機 | J19: 封口機
B20: 次要應用設備 | H20: 封口機
B21: 備註 | J21: 義大利麵支援

Sheet 1001
A1: 長家廠4度C日報分析 | D1: 總生產量 | E1: =SUM(G5:G79) -> 59618 | F1: 營業額 | G1: =SUM(H5:H79) -> 2862983.5 | H1: 出勤人數 | I1: =M15+M26+M48+M58+M69+M79+M37 -> 100.58333 | J1: 產線配置圖 | M1: 生產實績 | P1: 人時性差異分析 | T1: 日報登錄 | Z1: 分析說明 | AB1: 產能差異分析
A2: 10月01日 星期三 | D2: 人時性 | E2: =AVERAGE(O15,O26,O37,O48,O58,O69,O79) -> 105.76208 | F2: 平均廠價 | G2: =G1/E1 -> 48.022132 | H2: 多次生產數 | I2: =COUNT(I5:I79) -> 0
A3: 線別 | B3: 品類 | D3: 品名 | F3: 廠價 | G3: 生產量 | H3: 營收 | I3: 多次 生產 | J3: 人數 | K3: 產能/時 | L3: 人時性 | M3: 人數 | N3: 產能/時 | O3: 人時性 | P3: 人數 | Q3: 人時性 | R3: 達成率 | S3: 達成率平均 | T3: 生產時間 | V3: 前置、換線時間/分 | W3: 稼動時間/分 | X3: 休息時間 | Z3: (長家回填) | AB3: 產能/時 | AC3: 達成率 | AD3: 達成率平均
T4: 開始 | U4: 結束 | X4: 開始 | Y4: 結束
A5: 自動一線 (ET-600) | B5: =VLOOKUP(D5,廠價表!$C$1:$E$39,2,0) -> 義大利麵 | D5: 白酒蛤蜊義大利麵 | F5: =VLOOKUP(D5,廠價表!$C$1:$E$39,3,0) -> 57.21 | G5: 1944 | H5: =F5*G5 -> 111216.24 | J5: =VLOOKUP(D5,產線配置圖!$A$2:$C$38,2,0) -> 13 | K5: =VLOOKUP(D5,產線配置圖!$A$2:$C$38,3,0) -> 2000 | L5: =K5/J5 -> 153.84615 | M5: 13 | N5: =G5/W5*60 -> 1715.2941 | O5: =N5/M5 -> 131.9457 | P5: =M5-J5 -> 0 | Q5: =O5-L5 -> -21.900452 | R5: =O5/L5 -> 0.85764706 | S5: =R15 -> 0.87222647 | T5: 0.30347222 | U5: 0.35069444 | W5: =(U5-T5)*24*60 -> 68 | Z5: 7:00-7:23試產煮麵 | AB5: =N5-K5 -> -284.70588 | AC5: =N5/K5 -> 0.85764706 | AD5: =AC15 -> 0.88446106
B6: =VLOOKUP(D6,廠價表!$C$1:$E$39,2,0) -> 義大利麵 | D6: 韓式起司炸雞義大利麵 | F6: =VLOOKUP(D6,廠價表!$C$1:$E$39,3,0) -> 57.21 | G6: 2871 | H6: =F6*G6 -> 164249.91 | J6: =VLOOKUP(D6,產線配置圖!$A$2:$C$38,2,0) -> 14 | K6: =VLOOKUP(D6,產線配置圖!$A$2:$C$38,3,0) -> 1895 | L6: =K6/J6 -> 135.35714 | M6: 15 | N6: =G6/W6*60 -> 1609.9065 | O6: =N6/M6 -> 107.3271 | P6: =M6-J6 -> 1 | Q6: =O6-L6 -> -28.03004 | R6: =O6/L6 -> 0.79291791 | T6: 0.36111111 | U6: 0.43541667 | V6: =(T6-U5)*24*60 -> 15 | W6: =(U6-T6)*24*60 -> 107 | Z6: 9:54-9:56玉取機異常 | AB6: =N6-K6 -> -285.09346 | AC6: =N6/K6 -> 0.8495549
B7: =VLOOKUP(D7,廠價表!$C$1:$E$39,2,0) -> 義大利麵 | D7: 奶油培根義大利麵 | F7: =VLOOKUP(D7,廠價表!$C$1:$E$39,3,0) -> 49.14 | G7: 2284 | H7: =F7*G7 -> 112235.76 | J7: =VLOOKUP(D7,產線配置圖!$A$2:$C$38,2,0) -> 13 | K7: =VLOOKUP(D7,產線配置圖!$A$2:$C$38,3,0) -> 2000 | L7: =K7/J7 -> 153.84615 | M7: 13 | N7: =G7/W7*60 -> 1803.1579 | O7: =N7/M7 -> 138.70445 | P7: =M7-J7 -> 0 | Q7: =O7-L7 -> -15.1417 | R7: =O7/L7 -> 0.90157895 | T7: 0.44722222 | U7: 0.5 | V7: =(T7-U6)*24*60 -> 17 | W7: =(U7-T7)*24*60 -> 76 | AB7: =N7-K7 -> -196.84211 | AC7: =N7/K7 -> 0.90157895
B8: =VLOOKUP(D8,廠價表!$C$1:$E$39,2,0) -> 義大利麵 | D8: 奶油培根義大利麵 | F8: =VLOOKUP(D8,廠價表!$C$1:$E$39,3,0) -> 49.14 | G8: 4018 | H8: =F8*G8 -> 197444.52 | J8: =VLOOKUP(D8,產線配置圖!$A$2:$C$38,2,0) -> 13 | K8: =VLOOKUP(D8,產線配置圖!$A$2:$C$38,3,0) -> 2000 | L8: =K8/J8 -> 153.84615 | M8: 13 | N8: =G8/W8*60 -> 1854.4615 | O8: =N8/M8 -> 142.65089 | P8: =M8-J8 -> 0 | Q8: =O8-L8 -> -11.195266 | R8: =O8/L8 -> 0.92723077 | T8: 0.56111111 | U8: 0.65138889 | V8: =(T8-U7)*24*60 -> 88 | W8: =(U8-T8)*24*60 -> 130 | X8: 0.51041667 | Y8: 0.55208333
H9: =F9*G9 -> 0 | W9: =(U9-T9)*24*60 -> 0
H10: =F10*G10 -> 0 | W10: =(U10-T10)*24*60 -> 0
H11: =F11*G11 -> 0 | W11: =(U11-T11)*24*60 -> 0
H12: =F12*G12 -> 0 | W12: =(U12-T12)*24*60 -> 0
H13: =F13*G13 -> 0 | W13: =(U13-T13)*24*60 -> 0
H14: =F14*G14 -> 0 | W14: =(U14-T14)*24*60 -> 0
C15: 4度一組 | D15: 平均 | J15: =AVERAGE(J5:J14) -> 13.25 | K15: =AVERAGE(K5:K14) -> 1973.75 | L15: =AVERAGE(L5:L14) -> 149.2239 | M15: =AVERAGE(M5:M14) -> 13.5 | N15: =AVERAGE(N5:N14) -> 1745.705 | O15: =AVERAGE(O5:O14) -> 130.15704 | P15: =M15-J15 -> 0.25 | Q15: =O15-L15 -> -19.066865 | R15: =O15/L15 -> 0.87222647 | AB15: =N15-K15 -> -228.04498 | AC15: =N15/K15 -> 0.88446106
A16: 自動二線 (ET-600) | B16: 義大利麵 | D16: 白酒蛤蜊義大利麵 | F16: =VLOOKUP(D16,廠價表!$C$1:$E$39,3,0) -> 57.21 | G16: 2286 | H16: =F16*G16 -> 130782.06 | J16: =VLOOKUP(D16,產線配置圖!$A$2:$C$38,2,0) -> 13 | K16: =VLOOKUP(D16,產線配置圖!$A$2:$C$38,3,0) -> 2000 | L16: =K16/J16 -> 153.84615 | M16: 13 | N16: =G16/W16*60 -> 1652.5301 | O16: =N16/M16 -> 127.1177 | P16: =M16-J16 -> 0 | Q16: =O16-L16 -> -26.728452 | R16: =O16/L16 -> 0.82626506 | S16: =R26 -> 0.84500177 | T16: 0.30347222 | U16: 0.36111111 | W16: =(U16-T16)*24*60 -> 83 | Z16: 7:06-7:20 封膜機故障、7:20-8:10 停麵 | AB16: =N16-K16 -> -347.46988 | AC16: =N16/K16 -> 0.82626506 | AD16: =AC26 -> 0.84269469
B17: 義大利麵 | D17: 熱那亞青醬義大利麵 | F17: =VLOOKUP(D17,廠價表!$C$1:$E$39,3,0) -> 50.67 | G17: 2335 | H17: =F17*G17 -> 118314.45 | J17: =VLOOKUP(D17,產線配置圖!$A$2:$C$38,2,0) -> 16 | K17: =VLOOKUP(D17,產線配置圖!$A$2:$C$38,3,0) -> 1915 | L17: =K17/J17 -> 119.6875 | M17: 16 | N17: =G17/W17*60 -> 1556.6667 | O17: =N17/M17 -> 97.291667 | P17: =M17-J17 -> 0 | Q17: =O17-L17 -> -22.395833 | R17: =O17/L17 -> 0.81288077 | T17: 0.36805556 | U17: 0.43055556 | V17: =(T17-U16)*24*60 -> 10 | W17: =(U17-T17)*24*60 -> 90 | AB17: =N17-K17 -> -358.33333 | AC17: =N17/K17 -> 0.81288077
B18: =VLOOKUP(D18,廠價表!$C$1:$E$39,2,0) -> 義大利麵 | D18: 義式蕃茄起司義大利麵 | F18: =VLOOKUP(D18,廠價表!$C$1:$E$39,3,0) -> 50.39 | G18: 2543 | H18: =F18*G18 -> 128141.77 | J18: =VLOOKUP(D18,產線配置圖!$A$2:$C$38,2,0) -> 12 | K18: =VLOOKUP(D18,產線配置圖!$A$2:$C$38,3,0) -> 2000 | L18: =K18/J18 -> 166.66667 | M18: 12 | N18: =G18/W18*60 -> 1860.7317 | O18: =N18/M18 -> 155.06098 | P18: =M18-J18 -> 0 | Q18: =O18-L18 -> -11.605691 | R18: =O18/L18 -> 0.93036585 | T18: 0.44027778 | U18: 0.49722222 | V18: =(T18-U17)*24*60 -> 14 | W18: =(U18-T18)*24*60 -> 82 | AB18: =N18-K18 -> -139.26829 | AC18: =N18/K18 -> 0.93036585
B19: =VLOOKUP(D19,廠價表!$C$1:$E$39,2,0) -> 義大利麵 | D19: 義式蕃茄起司義大利麵 | F19: =VLOOKUP(D19,廠價表!$C$1:$E$39,3,0) -> 50.39 | G19: 3200 | H19: =F19*G19 -> 161248 | J19: =VLOOKUP(D19,產線配置圖!$A$2:$C$38,2,0) -> 12 | K19: =VLOOKUP(D19,產線配置圖!$A$2:$C$38,3,0) -> 2000 | L19: =K19/J19 -> 166.66667 | M19: 12 | N19: =G19/W19*60 -> 1600 | O19: =N19/M19 -> 133.33333 | P19: =M19-J19 -> 0 | Q19: =O19-L19 -> -33.333333 | R19: =O19/L19 -> 0.8 | T19: 0.56111111 | U19: 0.64444444 | V19: =(T19-U18)*24*60 -> 92 | W19: =(U19-T19)*24*60 -> 120 | X19: 0.51041667 | Y19: 0.55208333 | Z19: 待料(牛絞肉) | AB19: =N19-K19 -> -400 | AC19: =N19/K19 -> 0.8
H20: =F20*G20 -> 0 | W20: 0
H21: =F21*G21 -> 0 | W21: 0
H22: =F22*G22 -> 0 | W22: 0
H23: =F23*G23 -> 0 | W23: =(U23-T23)*24*60 -> 0
H24: =F24*G24 -> 0 | W24: =(U24-T24)*24*60 -> 0
H25: =F25*G25 -> 0 | W25: =(U25-T25)*24*60 -> 0
C26: 4度二組A | D26: 平均 | J26: =AVERAGE(J16:J25) -> 13.25 | K26: =AVERAGE(K16:K25) -> 1978.75 | L26: =AVERAGE(L16:L25) -> 151.71675 | M26: =AVERAGE(M16:M25) -> 13.25 | N26: =AVERAGE(N16:N25) -> 1667.4821 | O26: =AVERAGE(O16:O25) -> 128.20092 | P26: =M26-J26 -> 0 | Q26: =O26-L26 -> -23.515827 | R26: =O26/L26 -> 0.84500177 | AB26: =N26-K26 -> -311.26788 | AC26: =N26/K26 -> 0.84269469
A27: 手工三線 (ET-55) | B27: 義大利麵 | D27: 黑胡椒燻豬腿義大利麵 | F27: =VLOOKUP(D27,廠價表!$C$1:$E$39,3,0) -> 50.6 | G27: 1431 | H27: =F27*G27 -> 72408.6 | J27: 17 | K27: 1636 | L27: =K27/J27 -> 96.235294 | M27: 16 | N27: =G27/W27*60 -> 1300.9091 | O27: =N27/M27 -> 81.306818 | P27: =M27-J27 -> -1 | Q27: =O27-L27 -> -14.928476 | R27: =O27/L27 -> 0.84487525 | S27: =R37 -> 0.88990961 | T27: 0.29305556 | U27: 0.33888889 | W27: =(U27-T27)*24*60 -> 66 | AB27: =N27-K27 -> -335.09091 | AC27: =N27/K27 -> 0.79517671 | AD27: =AC37 -> 0.81021675
B28: =VLOOKUP(D28,廠價表!$C$1:$E$39,2,0) -> 義大利麵 | D28: 韓式辣醬肉丸義大利麵 | F28: =VLOOKUP(D28,廠價表!$C$1:$E$39,3,0) -> 57.21 | G28: 2115 | H28: =F28*G28 -> 120999.15 | J28: 17 | K28: 1636 | L28: =K28/J28 -> 96.235294 | M28: 15 | N28: =G28/W28*60 -> 1164.2202 | O28: =N28/M28 -> 77.614679 | P28: =M28-J28 -> -2 | Q28: =O28-L28 -> -18.620615 | R28: =O28/L28 -> 0.8065095 | T28: 0.34722222 | U28: 0.42291667 | V28: =(T28-U27)*24*60 -> 12 | W28: =(U28-T28)*24*60 -> 109 | Z28: 待料(番茄丁) | AB28: =N28-K28 -> -471.77982 | AC28: =N28/K28 -> 0.71162603
B29: =VLOOKUP(D29,廠價表!$C$1:$E$39,2,0) -> 義大利麵 | D29: 奶油蒜香雞義大利麵 | F29: =VLOOKUP(D29,廠價表!$C$1:$E$39,3,0) -> 55.13 | G29: 1749 | H29: =F29*G29 -> 96422.37 | J29: =VLOOKUP(D29,產線配置圖!$A$2:$C$38,2,0) -> 18 | K29: =VLOOKUP(D29,產線配置圖!$A$2:$C$38,3,0) -> 1385 | L29: =K29/J29 -> 76.944444 | M29: 16 | N29: =G29/W29*60 -> 1220.2326 | O29: =N29/M29 -> 76.264535 | P29: =M29-J29 -> -2 | Q29: =O29-L29 -> -0.67990956 | R29: =O29/L29 -> 0.99116363 | T29: 0.42986111 | U29: 0.48958333 | V29: =(T29-U28)*24*60 -> 10 | W29: =(U29-T29)*24*60 -> 86 | AB29: =N29-K29 -> -164.76744 | AC29: =N29/K29 -> 0.88103434
B30: =VLOOKUP(D30,廠價表!$C$1:$E$39,2,0) -> 熱乾麵 | D30: 家傳炸醬麵 | F30: =VLOOKUP(D30,廠價表!$C$1:$E$39,3,0) -> 47.6 | G30: 1999 | H30: =F30*G30 -> 95152.4 | J30: =VLOOKUP(D30,產線配置圖!$A$2:$C$38,2,0) -> 18 | K30: =VLOOKUP(D30,產線配置圖!$A$2:$C$38,3,0) -> 1636 | L30: =K30/J30 -> 90.888889 | M30: 15 | N30: =G30/W30*60 -> 1175.8824 | O30: =N30/M30 -> 78.392157 | P30: =M30-J30 -> -3 | Q30: =O30-L30 -> -12.496732 | R30: =O30/L30 -> 0.86250539 | T30: 0.54513889 | U30: 0.61597222 | V30: =(T30-U29)*24*60 -> 80 | W30: =(U30-T30)*24*60 -> 102 | X30: 0.5 | Y30: 0.54166667 | AB30: =N30-K30 -> -460.11765 | AC30: =N30/K30 -> 0.71875449
B31: =VLOOKUP(D31,廠價表!$C$1:$E$39,2,0) -> 義大利麵 | D31: 奶油蒜香雞義大利麵 | F31: =VLOOKUP(D31,廠價表!$C$1:$E$39,3,0) -> 55.13 | G31: 1133 | H31: =F31*G31 -> 62462.29 | J31: =VLOOKUP(D31,產線配置圖!$A$2:$C$38,2,0) -> 18 | K31: =VLOOKUP(D31,產線配置圖!$A$2:$C$38,3,0) -> 1385 | L31: =K31/J31 -> 76.944444 | M31: 18 | N31: =G31/W31*60 -> 1359.6 | O31: =N31/M31 -> 75.533333 | P31: =M31-J31 -> 0 | Q31: =O31-L31 -> -1.4111111 | R31: =O31/L31 -> 0.98166065 | T31: 0.62013889 | U31: 0.65486111 | V31: =(T31-U30)*24*60 -> 6 | W31: =(U31-T31)*24*60 -> 50 | AB31: =N31-K31 -> -25.4 | AC31: =N31/K31 -> 0.98166065
H32: =F32*G32 -> 0 | W32: =(U32-T32)*24*60 -> 0
H33: =F33*G33 -> 0 | W33: =(U33-T33)*24*60 -> 0
H34: =F34*G34 -> 0 | W34: =(U34-T34)*24*60 -> 0
H35: =F35*G35 -> 0 | W35: =(U35-T35)*24*60 -> 0
H36: =F36*G36 -> 0 | W36: =(U36-T36)*24*60 -> 0
C37: 4度二組B | D37: 平均 | J37: =AVERAGE(J27:J36) -> 17.6 | K37: =AVERAGE(K27:K36) -> 1535.6 | L37: =AVERAGE(L27:L36) -> 87.449673 | M37: =AVERAGE(M27:M36) -> 16 | N37: =AVERAGE(N27:N36) -> 1244.1688 | O37: =AVERAGE(O27:O36) -> 77.822304 | P37: =M37-J37 -> -1.6 | Q37: =N37-K37 -> -291.43116 | R37: =O37/L37 -> 0.88990961 | AB37: =N37-K37 -> -291.43116 | AC37: =N37/K37 -> 0.81021675
A38: 手工四線 (ET-55) | B38: 熱乾麵 | C38: =VLOOKUP(E38,廠價表!$C$1:$E$39,2,0) -> #N/A | D38: 青花椒麻雞肉拌麵 | F38: =VLOOKUP(D38,廠價表!$C$1:$E$39,3,0) -> 49.91 | G38: 2618 | H38: =F38*G38 -> 130664.38 | J38: =VLOOKUP(D38,產線配置圖!$A$2:$C$38,2,0) -> 17 | K38: =VLOOKUP(D38,產線配置圖!$A$2:$C$38,3,0) -> 1565 | L38: =K38/J38 -> 92.058824 | M38: 16 | N38: =G38/W38*60 -> 1468.0374 | O38: =N38/M38 -> 91.752336 | P38: =M38-J38 -> -1 | Q38: =O38-L38 -> -0.30648708 | R38: =O38/L38 -> 0.99667075 | S38: =R48 -> 0.83300572 | T38: 0.33263889 | U38: 0.40694444 | W38: =(U38-T38)*24*60 -> 107 | AB38: =N38-K38 -> -96.962617 | AC38: =N38/K38 -> 0.93804306 | AD38: =AC48 -> 0.79530828
B39: =VLOOKUP(D39,廠價表!$C$1:$E$39,2,0) -> 義大利麵 | C39: =VLOOKUP(E39,廠價表!$C$1:$E$39,2,0) -> #N/A | D39: 羊乳起司培根筆尖麵 | F39: =VLOOKUP(D39,廠價表!$C$1:$E$39,3,0) -> 62.61 | G39: 1232 | H39: =F39*G39 -> 77135.52 | J39: =VLOOKUP(D39,產線配置圖!$A$2:$C$38,2,0) -> 17 | K39: =VLOOKUP(D39,產線配置圖!$A$2:$C$38,3,0) -> 1636 | L39: =K39/J39 -> 96.235294 | M39: 16 | N39: =G39/W39*60 -> 1137.2308 | O39: =N39/M39 -> 71.076923 | P39: =M39-J39 -> -1 | Q39: =O39-L39 -> -25.158371 | R39: =O39/L39 -> 0.73857438 | T39: 0.4125 | U39: 0.45763889 | V39: =(T39-U38)*24*60 -> 8 | W39: =(U39-T39)*24*60 -> 65 | Z39: 10:25-10:50機台異常 | AB39: =N39-K39 -> -498.76923 | AC39: =N39/K39 -> 0.69512883
B40: =VLOOKUP(D40,廠價表!$C$1:$E$39,2,0) -> 義大利麵 | D40: 拿坡里義大利麵 | F40: =VLOOKUP(D40,廠價表!$C$1:$E$39,3,0) -> 58.17 | G40: 1565 | H40: =F40*G40 -> 91036.05 | J40: =VLOOKUP(D40,產線配置圖!$A$2:$C$38,2,0) -> 16 | K40: =VLOOKUP(D40,產線配置圖!$A$2:$C$38,3,0) -> 1429 | L40: =K40/J40 -> 89.3125 | M40: 16 | N40: =G40/W40*60 -> 1043.3333 | O40: =N40/M40 -> 65.208333 | P40: =M40-J40 -> 0 | Q40: =O40-L40 -> -24.104167 | R40: =O40/L40 -> 0.7301143 | T40: 0.46458333 | U40: 0.52708333 | V40: =(T40-U39)*24*60 -> 10 | W40: =(U40-T40)*24*60 -> 90 | Z40: 封膜機台異常 | AB40: =N40-K40 -> -385.66667 | AC40: =N40/K40 -> 0.7301143
B41: 熱乾麵 | D41: 青花椒麻雞肉拌麵 | F41: =VLOOKUP(D41,廠價表!$C$1:$E$39,3,0) -> 49.91 | G41: 767 | H41: =F41*G41 -> 38280.97 | J41: =VLOOKUP(D41,產線配置圖!$A$2:$C$38,2,0) -> 17 | K41: =VLOOKUP(D41,產線配置圖!$A$2:$C$38,3,0) -> 1565 | L41: =K41/J41 -> 92.058824 | M41: 16 | N41: =G41/W41*60 -> 1278.3333 | O41: =N41/M41 -> 79.895833 | P41: =M41-J41 -> -1 | Q41: =O41-L41 -> -12.16299 | R41: =O41/L41 -> 0.86787806 | T41: 0.61041667 | U41: 0.63541667 | V41: =(T41-U40)*24*60 -> 120 | W41: =(U41-T41)*24*60 -> 36 | X41: 0.53472222 | Y41: 0.57638889 | Z41: 14:00-14:12試產濃拿坡里 | AB41: =N41-K41 -> -286.66667 | AC41: =N41/K41 -> 0.81682641
H42: =F42*G42 -> 0 | W42: =(U42-T42)*24*60 -> 0
H43: =F43*G43 -> 0 | W43: =(U43-T43)*24*60 -> 0
H44: =F44*G44 -> 0 | W44: =(U44-T44)*24*60 -> 0
H45: =F45*G45 -> 0 | W45: =(U45-T45)*24*60 -> 0
H46: =F46*G46 -> 0 | W46: =(U46-T46)*24*60 -> 0
H47: =F47*G47 -> 0 | W47: =(U47-T47)*24*60 -> 0
C48: 4度二組C1 | D48: 平均 | J48: =AVERAGE(J38:J47) -> 16.75 | K48: =AVERAGE(K38:K47) -> 1548.75 | L48: =AVERAGE(L38:L47) -> 92.41636 | M48: =AVERAGE(M38:M47) -> 16 | N48: =AVERAGE(N38:N47) -> 1231.7337 | O48: =AVERAGE(O38:O47) -> 76.983357 | P48: =M48-J48 -> -0.75 | Q48: =N48-K48 -> -317.0163 | R48: =O48/L48 -> 0.83300572 | W48: =(U48-T48)*24*60 -> 0 | AB48: =N48-K48 -> -317.0163 | AC48: =N48/K48 -> 0.79530828
A49: 手工五線 (ET-55) | B49: =VLOOKUP(D49,廠價表!$C$1:$E$39,2,0) -> 義大利麵 | D49: 焗烤起司雙饗筆尖麵 | F49: =VLOOKUP(D49,廠價表!$C$1:$E$39,3,0) -> 49.97 | G49: 3037 | H49: =F49*G49 -> 151758.89 | J49: =VLOOKUP(D49,產線配置圖!$A$2:$C$38,2,0) -> 18 | K49: =VLOOKUP(D49,產線配置圖!$A$2:$C$38,3,0) -> 1565 | L49: =K49/J49 -> 86.944444 | M49: 18 | N49: =G49/W49*60 -> 1557.4359 | O49: =N49/M49 -> 86.524217 | P49: =M49-J49 -> 0 | Q49: =O49-L49 -> -0.42022792 | R49: =O49/L49 -> 0.99516671 | S49: =R58 -> 0.99167436 | T49: 0.28819444 | U49: 0.36944444 | W49: =(U49-T49)*24*60 -> 117 | AB49: =N49-K49 -> -7.5641026 | AC49: =N49/K49 -> 0.99516671 | AD49: =AC58 -> 0.99174938
B50: =VLOOKUP(D50,廠價表!$C$1:$E$39,2,0) -> 義大利麵 | D50: 剝皮辣椒雞奶油扁麵 | F50: =VLOOKUP(D50,廠價表!$C$1:$E$39,3,0) -> 56.87 | G50: 3985 | H50: =F50*G50 -> 226626.95 | J50: =VLOOKUP(D50,產線配置圖!$A$2:$C$38,2,0) -> 17 | K50: =VLOOKUP(D50,產線配置圖!$A$2:$C$38,3,0) -> 1500 | L50: =K50/J50 -> 88.235294 | M50: 17 | N50: =G50/W50*60 -> 1494.375 | O50: =N50/M50 -> 87.904412 | P50: =M50-J50 -> 0 | Q50: =O50-L50 -> -0.33088235 | R50: =O50/L50 -> 0.99625 | T50: 0.375 | U50: 0.48611111 | V50: =(T50-U49)*24*60 -> 8 | W50: =(U50-T50)*24*60 -> 160 | AB50: =N50-K50 -> -5.625 | AC50: =N50/K50 -> 0.99625
B51: =VLOOKUP(D51,廠價表!$C$1:$E$39,2,0) -> 義大利麵 | D51: 焗烤起司雙饗筆尖麵 | F51: =VLOOKUP(D51,廠價表!$C$1:$E$39,3,0) -> 49.97 | G51: 3576 | H51: =F51*G51 -> 178692.72 | J51: =VLOOKUP(D51,產線配置圖!$A$2:$C$38,2,0) -> 18 | K51: =VLOOKUP(D51,產線配置圖!$A$2:$C$38,3,0) -> 1565 | L51: =K51/J51 -> 86.944444 | M51: 18 | N51: =G51/W51*60 -> 1554.7826 | O51: =N51/M51 -> 86.376812 | P51: =M51-J51 -> 0 | Q51: =O51-L51 -> -0.56763285 | R51: =O51/L51 -> 0.99347132 | T51: 0.54166667 | U51: 0.6375 | V51: =(T51-U50)*24*60 -> 80 | W51: =(U51-T51)*24*60 -> 138 | X51: 0.49305556 | Y51: 0.53472222 | AB51: =N51-K51 -> -10.217391 | AC51: =N51/K51 -> 0.99347132
B52: =VLOOKUP(D52,廠價表!$C$1:$E$39,2,0) -> 義大利麵 | D52: 剝皮辣椒雞奶油扁麵 | F52: =VLOOKUP(D52,廠價表!$C$1:$E$39,3,0) -> 56.87 | G52: 1301 | H52: =F52*G52 -> 73987.87 | J52: =VLOOKUP(D52,產線配置圖!$A$2:$C$38,2,0) -> 17 | K52: =VLOOKUP(D52,產線配置圖!$A$2:$C$38,3,0) -> 1500 | L52: =K52/J52 -> 88.235294 | M52: 17 | N52: =G52/W52*60 -> 1472.8302 | O52: =N52/M52 -> 86.63707 | P52: =M52-J52 -> 0 | Q52: =O52-L52 -> -1.5982242 | R52: =O52/L52 -> 0.98188679 | T52: 0.64305556 | U52: 0.67986111 | V52: =(T52-U51)*24*60 -> 8 | W52: =(U52-T52)*24*60 -> 53 | AB52: =N52-K52 -> -27.169811 | AC52: =N52/K52 -> 0.98188679
H53: =F53*G53 -> 0 | W53: =(U53-T53)*24*60 -> 0
H54: =F54*G54 -> 0 | W54: =(U54-T54)*24*60 -> 0
H55: =F55*G55 -> 0 | W55: =(U55-T55)*24*60 -> 0
H56: =F56*G56 -> 0 | W56: =(U56-T56)*24*60 -> 0
H57: =F57*G57 -> 0 | W57: =(U57-T57)*24*60 -> 0
C58: 4度二組C2 | D58: 平均 | J58: =AVERAGE(J49:J57) -> 17.5 | K58: =AVERAGE(K49:K57) -> 1532.5 | L58: =AVERAGE(L49:L57) -> 87.589869 | M58: =AVERAGE(M49:M57) -> 17.5 | N58: =AVERAGE(N49:N57) -> 1519.8559 | O58: =AVERAGE(O49:O57) -> 86.860627 | P58: =M58-J58 -> 0 | Q58: =N58-K58 -> -12.644076 | R58: =O58/L58 -> 0.99167436 | AB58: =N58-K58 -> -12.644076 | AC58: =N58/K58 -> 0.99174938
A59: 調理包一線 (八爪機) | B59: =VLOOKUP(D59,廠價表!$C$1:$E$39,2,0) -> 小吃、微波 | D59: 小滷青蔬 | F59: =VLOOKUP(D59,廠價表!$C$1:$E$39,3,0) -> 26.99 | G59: 4639 | H59: =F59*G59 -> 125206.61 | J59: =VLOOKUP(D59,產線配置圖!$A$2:$C$38,2,0) -> 13 | K59: =VLOOKUP(D59,產線配置圖!$A$2:$C$38,3,0) -> 1565 | L59: =K59/J59 -> 120.38462 | M59: 13 | N59: =G59/W59*60 -> 1427.3846 | O59: =N59/M59 -> 109.79882 | P59: =M59-J59 -> 0 | Q59: =O59-L59 -> -10.585799 | R59: =O59/L59 -> 0.91206685 | S59: =R69 -> 0.94892223 | T59: 0.29166667 | U59: 0.42708333 | W59: =(U59-T59)*24*60 -> 195 | AB59: =N59-K59 -> -137.61538 | AC59: =N59/K59 -> 0.91206685 | AD59: =AC69 -> 0.94797722
B60: =VLOOKUP(D60,廠價表!$C$1:$E$39,2,0) -> 小吃、微波 | D60: 起司馬鈴薯 | F60: =VLOOKUP(D60,廠價表!$C$1:$E$39,3,0) -> 28.26 | G60: 2330 | H60: =F60*G60 -> 65845.8 | J60: =VLOOKUP(D60,產線配置圖!$A$2:$C$38,2,0) -> 12 | K60: =VLOOKUP(D60,產線配置圖!$A$2:$C$38,3,0) -> 1565 | L60: =K60/J60 -> 130.41667 | M60: 12 | N60: =G60/W60*60 -> 1471.5789 | O60: =N60/M60 -> 122.63158 | P60: =M60-J60 -> 0 | Q60: =O60-L60 -> -7.7850877 | R60: =O60/L60 -> 0.94030604 | T60: 0.4375 | U60: 0.50347222 | V60: =(T60-U59)*24*60 -> 15 | W60: =(U60-T60)*24*60 -> 95 | AB60: =N60-K60 -> -93.421053 | AC60: =N60/K60 -> 0.94030604
B61: =VLOOKUP(D61,廠價表!$C$1:$E$39,2,0) -> 小吃、微波 | D61: 台式綜合甜不辣 | F61: =VLOOKUP(D61,廠價表!$C$1:$E$39,3,0) -> 28.47 | G61: 2457 | H61: =F61*G61 -> 69950.79 | J61: =VLOOKUP(D61,產線配置圖!$A$2:$C$38,2,0) -> 12 | K61: =VLOOKUP(D61,產線配置圖!$A$2:$C$38,3,0) -> 1565 | L61: =K61/J61 -> 130.41667 | M61: 12 | N61: =G61/W61*60 -> 1551.7895 | O61: =N61/M61 -> 129.31579 | P61: =M61-J61 -> 0 | Q61: =O61-L61 -> -1.1008772 | R61: =O61/L61 -> 0.99155877 | T61: 0.55555556 | U61: 0.62152778 | V61: =(T61-U60)*24*60 -> 75 | W61: =(U61-T61)*24*60 -> 95 | X61: 0.50694444 | Y61: 0.54861111 | AB61: =N61-K61 -> -13.210526 | AC61: =N61/K61 -> 0.99155877
H62: =F62*G62 -> 0 | W62: =(U62-T62)*24*60 -> 0 | AB62: =N62-K62 -> 0 | AC62: =N62/K62 -> #DIV/0!
H63: =F63*G63 -> 0 | W63: =(U63-T63)*24*60 -> 0
H64: =F64*G64 -> 0 | W64: =(U64-T64)*24*60 -> 0
H65: =F65*G65 -> 0 | W65: =(U65-T65)*24*60 -> 0
H66: =F66*G66 -> 0 | W66: =(U66-T66)*24*60 -> 0
H67: =F67*G67 -> 0 | W67: =(U67-T67)*24*60 -> 0
H68: =F68*G68 -> 0 | W68: =(U68-T68)*24*60 -> 0
C69: 4度三組 | D69: 平均 | J69: =AVERAGE(J59:J68) -> 12.333333 | K69: =AVERAGE(K59:K68) -> 1565 | L69: =AVERAGE(L59:L68) -> 127.07265 | M69: =AVERAGE(M59:M68) -> 12.333333 | N69: =AVERAGE(N59:N68) -> 1483.5843 | O69: =AVERAGE(O59:O68) -> 120.58206 | P69: =M69-J69 -> 0 | Q69: =N69-K69 -> -81.415655 | R69: =O69/L69 -> 0.94892223 | AB69: =N69-K69 -> -81.415655 | AC69: =N69/K69 -> 0.94797722
A70: 調理包二線 (手工) | B70: =VLOOKUP(D70,廠價表!$C$1:$E$39,2,0) -> 小吃、微波 | C70: =VLOOKUP(E70,廠價表!$C$1:$E$39,2,0) -> #N/A | D70: 台式綜合甜不辣 | F70: =VLOOKUP(D70,廠價表!$C$1:$E$39,3,0) -> 28.47 | G70: 2203 | H70: =F70*G70 -> 62719.41 | J70: =VLOOKUP(D70,產線配置圖!$A$2:$C$38,2,0) -> 12 | K70: =VLOOKUP(D70,產線配置圖!$A$2:$C$38,3,0) -> 1565 | L70: =K70/J70 -> 130.41667 | M70: 12 | N70: =G70/W70*60 -> 1436.7391 | O70: =N70/M70 -> 119.72826 | P70: =M70-J70 -> 0 | Q70: =O70-L70 -> -10.688406 | R70: =O70/L70 -> 0.91804417 | S70: =R79 -> 0.91804417 | T70: 0.34930556 | U70: 0.41319444 | W70: =(U70-T70)*24*60 -> 92 | AB70: =N70-K70 -> -128.26087 | AC70: =N70/K70 -> 0.91804417 | AD70: =AC79 -> 0.91804417
H71: =F71*G71 -> 0 | W71: =(U71-T71)*24*60 -> 0
H72: =F72*G72 -> 0 | W72: =(U72-T72)*24*60 -> 0
H73: =F73*G73 -> 0 | W73: =(U73-T73)*24*60 -> 0
H74: =F74*G74 -> 0 | W74: =(U74-T74)*24*60 -> 0
H75: =F75*G75 -> 0 | W75: =(U75-T75)*24*60 -> 0
H76: =F76*G76 -> 0 | W76: =(U76-T76)*24*60 -> 0
H77: =F77*G77 -> 0 | W77: =(U77-T77)*24*60 -> 0
H78: =F78*G78 -> 0 | W78: =(U78-T78)*24*60 -> 0
C79: 4度四組 | D79: 平均 | J79: =AVERAGE(J70:J78) -> 12 | K79: =AVERAGE(K70:K78) -> 1565 | L79: =AVERAGE(L70:L78) -> 130.41667 | M79: =AVERAGE(M70:M78) -> 12 | N79: =AVERAGE(N70:N78) -> 1436.7391 | O79: =AVERAGE(O70:O78) -> 119.72826 | P79: =M79-J79 -> 0 | Q79: =O79-L79 -> -10.688406 | R79: =O79/L79 -> 0.91804417 | AB79: =N79-K79 -> -128.26087 | AC79: =N79/K79 -> 0.91804417
AF80: 1.當日出勤人數較多
AF81: 2.當日出勤人數較少
AF82: 3.當日出勤熟手較少
AF83: 4.當日出勤新人較多
AF84: 5.機台夾盒
AF85: 6.封膜不順
AF86: 7.更換膠膜
AF87: 8.更換碳帶
AF88: 9.當日熱轉印碳帶異常
AF89: 10.訂單量過少
AF90: 11.新品上市，尚未熟悉
AF91: 12.商品結構，產能較低
AF92: 13.區域出貨，分段生產

Sheet 1002總 
B1: 長家廠組合室生產人時性分析
B3: 日期 | D3: 45932 | F3: 訂單量 | G3: ='1002'!E1 -> 51111 | I3: 營業額 | J3: ='1002'!G1 -> 2526872.9
B4: 項目 | D4: 3 | F4: ➀ | H4: ➁ | J4: ③
B5: 人時性 | D5: 組合室 | F5: 全溫層 | H5: 義大利麵 | J5: 袋裝小吃、義麵
D6: 排關平均 | F6: =AVERAGE(D13:J13) -> 115.80807 | H6: =AVERAGE(D13:H13) -> 113.55516 | J6: =AVERAGE(I13) -> 127.07265
D7: 實績平均 | F7: =AVERAGE(D14:J14) -> 100.78229 | H7: =AVERAGE(D14:H14) -> 97.630617 | J7: =AVERAGE(I14) -> 116.54067
D8: 達成率平均 | F8: =AVERAGE(D15:J15) -> 0.87301928 | H8: =AVERAGE(D15:H15) -> 0.86419945 | J8: =AVERAGE(I15) -> 0.91711841 | L8: ※現行日本鮮食廠以達成率80%為基本(即為現行KPI)
B10: 溫層 | D10: 4度C-各編組展開
B11: 編組 | D11: 1 | E11: 2 | F11: 3 | G11: 4 | H11: 5 | I11: 6 | J11: 7
D12: 自動1線 | E12: 自動2線 | F12: 手工3線 | G12: 手工4線 | H12: 手工5線 | I12: 調理包1線 | J12: 調理包2線
B13: 人時性 | C13: 排關 | D13: =VALUE('1002'!L15) -> 149.2239 | E13: =VALUE('1002'!L26) -> 151.71675 | F13: =VALUE('1002'!L37) -> 87.449673 | G13: =VALUE('1002'!L48) -> 91.795588 | H13: =VALUE('1002'!L58) -> 87.589869 | I13: =VALUE('1002'!L69) -> 127.07265
C14: 實績 | D14: =VALUE('1002'!O15) -> 127.83883 | E14: =VALUE('1002'!O26) -> 126.37997 | F14: =VALUE('1002'!O37) -> 71.843325 | G14: =VALUE('1002'!O48) -> 78.000367 | H14: =VALUE('1002'!O58) -> 84.090586 | I14: =VALUE('1002'!O69) -> 116.54067
C15: 達成率 | D15: =D14/D13 -> 0.85669141 | E15: =E14/E13 -> 0.83299948 | F15: =F14/F13 -> 0.82153909 | G15: =G14/G13 -> 0.84971804 | H15: =H14/H13 -> 0.96004923 | I15: =I14/I13 -> 0.91711841
B16: 作業 時間 | C16: 開始 | D16: ='1002'!T5 -> 0.29166667 | E16: ='1002'!T16 -> 0.29236111 | F16: ='1002'!T27 -> 0.30486111 | G16: ='1002'!T38 -> 0.33263889 | H16: ='1002'!T49 -> 0.29166667 | I16: ='1002'!T59 -> 0.29166667
C17: 結束 | D17: 0.63402778 | E17: 0.64097222 | F17: 0.65555556 | G17: 0.60138889 | H17: 0.66597222 | I17: 0.51041667
B18: 配置人數 | D18: =VALUE('1002'!M15) -> 13.25 | E18: =VALUE('1002'!M26) -> 13.25 | F18: =VALUE('1002'!M37) -> 16.8 | G18: =VALUE('1002'!M48) -> 15.4 | H18: =VALUE('1002'!M58) -> 17.5 | I18: =VALUE('1002'!M69) -> 12.333333
B19: 主要應用設備 | D19: ET-600 | E19: ET-600 | F19: ET-55 | G19: ET-55 | H19: ET-55 | I19: 八爪機
B20: 次要應用設備 | H20: 封口機
B21: 備註

Sheet 1002
A1: 長家廠4度C日報分析 | D1: 總生產量 | E1: =SUM(G5:G79) -> 51111 | F1: 營業額 | G1: =SUM(H5:H79) -> 2526872.9 | H1: 出勤人數 | I1: =M15+M26+M48+M58+M69+M79+M37 -> 88.533333 | J1: 產線配置圖 | M1: 生產實績 | P1: 人時性差異分析 | T1: 日報登錄 | Z1: 分析說明 | AB1: 產能差異分析
A2: 10月02日 星期四 | D2: 人時性 | E2: =AVERAGE(O15,O26,O37,O48,O58,O69,O79) -> 100.78229 | F2: 平均廠價 | G2: =G1/E1 -> 49.438926 | H2: 多次生產數 | I2: =COUNT(I5:I79) -> 0
A3: 線別 | B3: 品類 | D3: 品名 | F3: 廠價 | G3: 生產量 | H3: 營收 | I3: 多次 生產 | J3: 人數 | K3: 產能/時 | L3: 人時性 | M3: 人數 | N3: 產能/時 | O3: 人時性 | P3: 人數 | Q3: 人時性 | R3: 達成率 | S3: 達成率平均 | T3: 生產時間 | V3: 前置、換線時間/分 | W3: 稼動時間/分 | X3: 休息時間 | Z3: (長家回填) | AB3: 產能/時 | AC3: 達成率 | AD3: 達成率平均
T4: 開始 | U4: 結束 | X4: 開始 | Y4: 結束
A5: 自動一線 (ET-600) | B5: =VLOOKUP(D5,廠價表!$C$1:$E$39,2,0) -> 義大利麵 | D5: 白酒蛤蜊義大利麵 | F5: =VLOOKUP(D5,廠價表!$C$1:$E$39,3,0) -> 57.21 | G5: 1895 | H5: =F5*G5 -> 108412.95 | J5: =VLOOKUP(D5,產線配置圖!$A$2:$C$38,2,0) -> 13 | K5: =VLOOKUP(D5,產線配置圖!$A$2:$C$38,3,0) -> 2000 | L5: =K5/J5 -> 153.84615 | M5: 13 | N5: =G5/W5*60 -> 1895 | O5: =N5/M5 -> 145.76923 | P5: =M5-J5 -> 0 | Q5: =O5-L5 -> -8.0769231 | R5: =O5/L5 -> 0.9475 | S5: =R15 -> 0.85669141 | T5: 0.29166667 | U5: 0.33333333 | W5: =(U5-T5)*24*60 -> 60 | AB5: =N5-K5 -> -105 | AC5: =N5/K5 -> 0.9475 | AD5: =AC15 -> 0.85352494
B6: =VLOOKUP(D6,廠價表!$C$1:$E$39,2,0) -> 義大利麵 | D6: 韓式起司炸雞義大利麵 | F6: =VLOOKUP(D6,廠價表!$C$1:$E$39,3,0) -> 57.21 | G6: 2653 | H6: =F6*G6 -> 151778.13 | J6: =VLOOKUP(D6,產線配置圖!$A$2:$C$38,2,0) -> 14 | K6: =VLOOKUP(D6,產線配置圖!$A$2:$C$38,3,0) -> 1895 | L6: =K6/J6 -> 135.35714 | M6: 14 | N6: =G6/W6*60 -> 1273.44 | O6: =N6/M6 -> 90.96 | P6: =M6-J6 -> 0 | Q6: =O6-L6 -> -44.397143 | R6: =O6/L6 -> 0.672 | T6: 0.34375 | U6: 0.43055556 | V6: =(T6-U5)*24*60 -> 15 | W6: =(U6-T6)*24*60 -> 125 | Z6: 8:46~9:06、9:32~9:43待料(炸雞未冷卻) | AB6: =N6-K6 -> -621.56 | AC6: =N6/K6 -> 0.672
B7: =VLOOKUP(D7,廠價表!$C$1:$E$39,2,0) -> 義大利麵 | D7: 奶油培根義大利麵 | F7: =VLOOKUP(D7,廠價表!$C$1:$E$39,3,0) -> 49.14 | G7: 2175 | H7: =F7*G7 -> 106879.5 | J7: =VLOOKUP(D7,產線配置圖!$A$2:$C$38,2,0) -> 13 | K7: =VLOOKUP(D7,產線配置圖!$A$2:$C$38,3,0) -> 2000 | L7: =K7/J7 -> 153.84615 | M7: 13 | N7: =G7/W7*60 -> 1864.2857 | O7: =N7/M7 -> 143.40659 | P7: =M7-J7 -> 0 | Q7: =O7-L7 -> -10.43956 | R7: =O7/L7 -> 0.93214286 | T7: 0.4375 | U7: 0.48611111 | V7: =(T7-U6)*24*60 -> 10 | W7: =(U7-T7)*24*60 -> 70 | AB7: =N7-K7 -> -135.71429 | AC7: =N7/K7 -> 0.93214286
B8: =VLOOKUP(D8,廠價表!$C$1:$E$39,2,0) -> 義大利麵 | D8: 奶油培根義大利麵 | F8: =VLOOKUP(D8,廠價表!$C$1:$E$39,3,0) -> 49.14 | G8: 3497 | H8: =F8*G8 -> 171842.58 | J8: =VLOOKUP(D8,產線配置圖!$A$2:$C$38,2,0) -> 13 | K8: =VLOOKUP(D8,產線配置圖!$A$2:$C$38,3,0) -> 2000 | L8: =K8/J8 -> 153.84615 | M8: 13 | N8: =G8/W8*60 -> 1705.8537 | O8: =N8/M8 -> 131.21951 | P8: =M8-J8 -> 0 | Q8: =O8-L8 -> -22.626642 | R8: =O8/L8 -> 0.85292683 | T8: 0.54861111 | U8: 0.63402778 | V8: =(T8-U7)*24*60 -> 90 | W8: =(U8-T8)*24*60 -> 123
H9: =F9*G9 -> 0 | W9: =(U9-T9)*24*60 -> 0
H10: =F10*G10 -> 0 | W10: =(U10-T10)*24*60 -> 0
H11: =F11*G11 -> 0 | W11: =(U11-T11)*24*60 -> 0
H12: =F12*G12 -> 0 | W12: =(U12-T12)*24*60 -> 0
H13: =F13*G13 -> 0 | W13: =(U13-T13)*24*60 -> 0
H14: =F14*G14 -> 0 | W14: =(U14-T14)*24*60 -> 0
C15: 4度一組 | D15: 平均 | J15: =AVERAGE(J5:J14) -> 13.25 | K15: =AVERAGE(K5:K14) -> 1973.75 | L15: =AVERAGE(L5:L14) -> 149.2239 | M15: =AVERAGE(M5:M14) -> 13.25 | N15: =AVERAGE(N5:N14) -> 1684.6448 | O15: =AVERAGE(O5:O14) -> 127.83883 | P15: =M15-J15 -> 0 | Q15: =O15-L15 -> -21.385067 | R15: =O15/L15 -> 0.85669141 | AB15: =N15-K15 -> -289.10516 | AC15: =N15/K15 -> 0.85352494
A16: 自動二線 (ET-600) | B16: 義大利麵 | D16: 白酒蛤蜊義大利麵 | F16: =VLOOKUP(D16,廠價表!$C$1:$E$39,3,0) -> 57.21 | G16: 2031 | H16: =F16*G16 -> 116193.51 | J16: =VLOOKUP(D16,產線配置圖!$A$2:$C$38,2,0) -> 13 | K16: =VLOOKUP(D16,產線配置圖!$A$2:$C$38,3,0) -> 2000 | L16: =K16/J16 -> 153.84615 | M16: 13 | N16: =G16/W16*60 -> 1904.0625 | O16: =N16/M16 -> 146.46635 | P16: =M16-J16 -> 0 | Q16: =O16-L16 -> -7.3798077 | R16: =O16/L16 -> 0.95203125 | S16: =R26 -> 0.83299948 | T16: 0.29236111 | U16: 0.33680556 | W16: =(U16-T16)*24*60 -> 64 | AB16: =N16-K16 -> -95.9375 | AC16: =N16/K16 -> 0.95203125 | AD16: =AC26 -> 0.83726648
B17: 義大利麵 | D17: 熱那亞青醬義大利麵 | F17: =VLOOKUP(D17,廠價表!$C$1:$E$39,3,0) -> 50.67 | G17: 2237 | H17: =F17*G17 -> 113348.79 | J17: =VLOOKUP(D17,產線配置圖!$A$2:$C$38,2,0) -> 16 | K17: =VLOOKUP(D17,產線配置圖!$A$2:$C$38,3,0) -> 1915 | L17: =K17/J17 -> 119.6875 | M17: 16 | N17: =G17/W17*60 -> 1657.037 | O17: =N17/M17 -> 103.56481 | P17: =M17-J17 -> 0 | Q17: =O17-L17 -> -16.122685 | R17: =O17/L17 -> 0.86529349 | T17: 0.34375 | U17: 0.4 | V17: =(T17-U16)*24*60 -> 10 | W17: =(U17-T17)*24*60 -> 81 | AB17: =N17-K17 -> -257.96296 | AC17: =N17/K17 -> 0.86529349
B18: =VLOOKUP(D18,廠價表!$C$1:$E$39,2,0) -> 義大利麵 | D18: 義式蕃茄起司義大利麵 | F18: =VLOOKUP(D18,廠價表!$C$1:$E$39,3,0) -> 50.39 | G18: 1870 | H18: =F18*G18 -> 94229.3 | J18: =VLOOKUP(D18,產線配置圖!$A$2:$C$38,2,0) -> 12 | K18: =VLOOKUP(D18,產線配置圖!$A$2:$C$38,3,0) -> 2000 | L18: =K18/J18 -> 166.66667 | M18: 12 | N18: =G18/W18*60 -> 1457.1429 | O18: =N18/M18 -> 121.42857 | P18: =M18-J18 -> 0 | Q18: =O18-L18 -> -45.238095 | R18: =O18/L18 -> 0.72857143 | T18: 0.41041667 | U18: 0.46388889 | V18: =(T18-U17)*24*60 -> 15 | W18: =(U18-T18)*24*60 -> 77 | Z18: 9:51~11:28製作2420盒，550盒報廢(湯凍異常) | AB18: =N18-K18 -> -542.85714 | AC18: =N18/K18 -> 0.72857143
B19: =VLOOKUP(D19,廠價表!$C$1:$E$39,2,0) -> 義大利麵 | D19: 義式蕃茄起司義大利麵 | F19: =VLOOKUP(D19,廠價表!$C$1:$E$39,3,0) -> 50.39 | G19: 3566 | H19: =F19*G19 -> 179690.74 | J19: =VLOOKUP(D19,產線配置圖!$A$2:$C$38,2,0) -> 12 | K19: =VLOOKUP(D19,產線配置圖!$A$2:$C$38,3,0) -> 2000 | L19: =K19/J19 -> 166.66667 | M19: 12 | N19: =G19/W19*60 -> 1608.7218 | O19: =N19/M19 -> 134.06015 | P19: =M19-J19 -> 0 | Q19: =O19-L19 -> -32.606516 | R19: =O19/L19 -> 0.8043609 | T19: 0.54861111 | U19: 0.64097222 | V19: =(T19-U18)*24*60 -> 122 | W19: =(U19-T19)*24*60 -> 133 | AB19: =N19-K19 -> -391.2782 | AC19: =N19/K19 -> 0.8043609
H20: =F20*G20 -> 0 | W20: 0
H21: =F21*G21 -> 0 | W21: 0
H22: =F22*G22 -> 0 | W22: 0
H23: =F23*G23 -> 0 | W23: =(U23-T23)*24*60 -> 0
H24: =F24*G24 -> 0 | W24: =(U24-T24)*24*60 -> 0
H25: =F25*G25 -> 0 | W25: =(U25-T25)*24*60 -> 0
C26: 4度二組A | D26: 平均 | J26: =AVERAGE(J16:J25) -> 13.25 | K26: =AVERAGE(K16:K25) -> 1978.75 | L26: =AVERAGE(L16:L25) -> 151.71675 | M26: =AVERAGE(M16:M25) -> 13.25 | N26: =AVERAGE(N16:N25) -> 1656.741 | O26: =AVERAGE(O16:O25) -> 126.37997 | P26: =M26-J26 -> 0 | Q26: =O26-L26 -> -25.336776 | R26: =O26/L26 -> 0.83299948 | AB26: =N26-K26 -> -322.00895 | AC26: =N26/K26 -> 0.83726648
A27: 手工三線 (ET-55) | B27: 義大利麵 | D27: 黑胡椒燻豬腿義大利麵 | F27: =VLOOKUP(D27,廠價表!$C$1:$E$39,3,0) -> 50.6 | G27: 1365 | H27: =F27*G27 -> 69069 | J27: 17 | K27: 1636 | L27: =K27/J27 -> 96.235294 | M27: 15 | N27: =G27/W27*60 -> 1092 | O27: =N27/M27 -> 72.8 | P27: =M27-J27 -> -2 | Q27: =O27-L27 -> -23.435294 | R27: =O27/L27 -> 0.75647922 | S27: =R37 -> 0.82153909 | T27: 0.30486111 | U27: 0.35694444 | W27: =(U27-T27)*24*60 -> 75 | Z27: 6:50~7:19醬太稀停線拆盒 | AB27: =N27-K27 -> -544 | AC27: =N27/K27 -> 0.66748166 | AD27: =AC37 -> 0.78473874
B28: =VLOOKUP(D28,廠價表!$C$1:$E$39,2,0) -> 義大利麵 | D28: 韓式辣醬肉丸義大利麵 | F28: =VLOOKUP(D28,廠價表!$C$1:$E$39,3,0) -> 57.21 | G28: 2019 | H28: =F28*G28 -> 115506.99 | J28: 17 | K28: 1636 | L28: =K28/J28 -> 96.235294 | M28: 15 | N28: =G28/W28*60 -> 1111.3761 | O28: =N28/M28 -> 74.091743 | P28: =M28-J28 -> -2 | Q28: =O28-L28 -> -22.143551 | R28: =O28/L28 -> 0.76990198 | T28: 0.36527778 | U28: 0.44097222 | V28: =(T28-U27)*24*60 -> 12 | W28: =(U28-T28)*24*60 -> 109 | Z28: 8:40~8:45待料(海苔酥) | AB28: =N28-K28 -> -524.62385 | AC28: =N28/K28 -> 0.67932527
B29: =VLOOKUP(D29,廠價表!$C$1:$E$39,2,0) -> 義大利麵 | D29: 奶油蒜香雞義大利麵 | F29: =VLOOKUP(D29,廠價表!$C$1:$E$39,3,0) -> 55.13 | G29: 1572 | H29: =F29*G29 -> 86664.36 | J29: =VLOOKUP(D29,產線配置圖!$A$2:$C$38,2,0) -> 18 | K29: =VLOOKUP(D29,產線配置圖!$A$2:$C$38,3,0) -> 1385 | L29: =K29/J29 -> 76.944444 | M29: 18 | N29: =G29/W29*60 -> 1136.3855 | O29: =N29/M29 -> 63.13253 | P29: =M29-J29 -> 0 | Q29: =O29-L29 -> -13.811914 | R29: =O29/L29 -> 0.82049498 | T29: 0.44583333 | U29: 0.50347222 | V29: =(T29-U28)*24*60 -> 7 | W29: =(U29-T29)*24*60 -> 83 | AB29: =N29-K29 -> -248.61446 | AC29: =N29/K29 -> 0.82049498
B30: =VLOOKUP(D30,廠價表!$C$1:$E$39,2,0) -> 熱乾麵 | D30: 家傳炸醬麵 | F30: =VLOOKUP(D30,廠價表!$C$1:$E$39,3,0) -> 47.6 | G30: 1602 | H30: =F30*G30 -> 76255.2 | J30: =VLOOKUP(D30,產線配置圖!$A$2:$C$38,2,0) -> 18 | K30: =VLOOKUP(D30,產線配置圖!$A$2:$C$38,3,0) -> 1636 | L30: =K30/J30 -> 90.888889 | M30: 18 | N30: =G30/W30*60 -> 1316.7123 | O30: =N30/M30 -> 73.150685 | P30: =M30-J30 -> 0 | Q30: =O30-L30 -> -17.738204 | R30: =O30/L30 -> 0.80483639 | T30: 0.56458333 | U30: 0.61527778 | V30: =(T30-U29)*24*60 -> 88 | W30: =(U30-T30)*24*60 -> 73 | AB30: =N30-K30 -> -319.28767 | AC30: =N30/K30 -> 0.80483639
B31: =VLOOKUP(D31,廠價表!$C$1:$E$39,2,0) -> 義大利麵 | D31: 奶油蒜香雞義大利麵 | F31: =VLOOKUP(D31,廠價表!$C$1:$E$39,3,0) -> 55.13 | G31: 1095 | H31: =F31*G31 -> 60367.35 | J31: =VLOOKUP(D31,產線配置圖!$A$2:$C$38,2,0) -> 18 | K31: =VLOOKUP(D31,產線配置圖!$A$2:$C$38,3,0) -> 1385 | L31: =K31/J31 -> 76.944444 | M31: 18 | N31: =G31/W31*60 -> 1368.75 | O31: =N31/M31 -> 76.041667 | P31: =M31-J31 -> 0 | Q31: =O31-L31 -> -0.90277778 | R31: =O31/L31 -> 0.98826715 | T31: 0.62222222 | U31: 0.65555556 | V31: =(T31-U30)*24*60 -> 10 | W31: =(U31-T31)*24*60 -> 48 | AB31: =N31-K31 -> -16.25 | AC31: =N31/K31 -> 0.98826715
H32: =F32*G32 -> 0 | W32: =(U32-T32)*24*60 -> 0
H33: =F33*G33 -> 0 | W33: =(U33-T33)*24*60 -> 0
H34: =F34*G34 -> 0 | W34: =(U34-T34)*24*60 -> 0
H35: =F35*G35 -> 0 | W35: =(U35-T35)*24*60 -> 0
H36: =F36*G36 -> 0 | W36: =(U36-T36)*24*60 -> 0
C37: 4度二組B | D37: 平均 | J37: =AVERAGE(J27:J36) -> 17.6 | K37: =AVERAGE(K27:K36) -> 1535.6 | L37: =AVERAGE(L27:L36) -> 87.449673 | M37: =AVERAGE(M27:M36) -> 16.8 | N37: =AVERAGE(N27:N36) -> 1205.0448 | O37: =AVERAGE(O27:O36) -> 71.843325 | P37: =M37-J37 -> -0.8 | Q37: =N37-K37 -> -330.5552 | R37: =O37/L37 -> 0.82153909 | AB37: =N37-K37 -> -330.5552 | AC37: =N37/K37 -> 0.78473874
A38: 手工四線 (ET-55) | B38: 熱乾麵 | C38: =VLOOKUP(E38,廠價表!$C$1:$E$39,2,0) -> #N/A | D38: 青花椒麻雞肉拌麵 | F38: =VLOOKUP(D38,廠價表!$C$1:$E$39,3,0) -> 49.91 | G38: 2016 | H38: =F38*G38 -> 100618.56 | J38: =VLOOKUP(D38,產線配置圖!$A$2:$C$38,2,0) -> 17 | K38: =VLOOKUP(D38,產線配置圖!$A$2:$C$38,3,0) -> 1565 | L38: =K38/J38 -> 92.058824 | M38: 17 | N38: =G38/W38*60 -> 1423.0588 | O38: =N38/M38 -> 83.709343 | P38: =M38-J38 -> 0 | Q38: =O38-L38 -> -8.349481 | R38: =O38/L38 -> 0.90930276 | S38: =R48 -> 0.84971804 | T38: 0.33263889 | U38: 0.39166667 | W38: =(U38-T38)*24*60 -> 85 | AB38: =N38-K38 -> -141.94118 | AC38: =N38/K38 -> 0.90930276 | AD38: =AC48 -> 0.79560532
B39: =VLOOKUP(D39,廠價表!$C$1:$E$39,2,0) -> 義大利麵 | C39: =VLOOKUP(E39,廠價表!$C$1:$E$39,2,0) -> #N/A | D39: 羊乳起司培根筆尖麵 | F39: =VLOOKUP(D39,廠價表!$C$1:$E$39,3,0) -> 62.61 | G39: 1094 | H39: =F39*G39 -> 68495.34 | J39: =VLOOKUP(D39,產線配置圖!$A$2:$C$38,2,0) -> 17 | K39: =VLOOKUP(D39,產線配置圖!$A$2:$C$38,3,0) -> 1636 | L39: =K39/J39 -> 96.235294 | M39: 15 | N39: =G39/W39*60 -> 1262.3077 | O39: =N39/M39 -> 84.153846 | P39: =M39-J39 -> -2 | Q39: =O39-L39 -> -12.081448 | R39: =O39/L39 -> 0.87445928 | T39: 0.39861111 | U39: 0.43472222 | V39: =(T39-U38)*24*60 -> 10 | W39: =(U39-T39)*24*60 -> 52 | AB39: =N39-K39 -> -373.69231 | AC39: =N39/K39 -> 0.77158172
B40: =VLOOKUP(D40,廠價表!$C$1:$E$39,2,0) -> 義大利麵 | D40: 拿坡里義大利麵 | F40: =VLOOKUP(D40,廠價表!$C$1:$E$39,3,0) -> 58.17 | G40: 748 | H40: =F40*G40 -> 43511.16 | J40: =VLOOKUP(D40,產線配置圖!$A$2:$C$38,2,0) -> 16 | K40: =VLOOKUP(D40,產線配置圖!$A$2:$C$38,3,0) -> 1429 | L40: =K40/J40 -> 89.3125 | M40: 14 | N40: =G40/W40*60 -> 997.33333 | O40: =N40/M40 -> 71.238095 | P40: =M40-J40 -> -2 | Q40: =O40-L40 -> -18.074405 | R40: =O40/L40 -> 0.79762738 | T40: 0.44097222 | U40: 0.47222222 | V40: =(T40-U39)*24*60 -> 9 | W40: =(U40-T40)*24*60 -> 45 | Z40: 封膜機台異常 | AB40: =N40-K40 -> -431.66667 | AC40: =N40/K40 -> 0.69792396
B41: =VLOOKUP(D41,廠價表!$C$1:$E$39,2,0) -> 義大利麵 | D41: 拿坡里義大利麵 | F41: =VLOOKUP(D41,廠價表!$C$1:$E$39,3,0) -> 58.17 | G41: 709 | H41: =F41*G41 -> 41242.53 | J41: =VLOOKUP(D41,產線配置圖!$A$2:$C$38,2,0) -> 16 | K41: =VLOOKUP(D41,產線配置圖!$A$2:$C$38,3,0) -> 1429 | L41: =K41/J41 -> 89.3125 | M41: 14 | N41: =G41/W41*60 -> 850.8 | O41: =N41/M41 -> 60.771429 | P41: =M41-J41 -> -2 | Q41: =O41-L41 -> -28.541071 | R41: =O41/L41 -> 0.68043587 | T41: 0.53472222 | U41: 0.56944444 | V41: =(T41-U40)*24*60 -> 90 | W41: =(U41-T41)*24*60 -> 50 | Z41: 封膜機台異常 | AB41: =N41-K41 -> -578.2 | AC41: =N41/K41 -> 0.59538139
B42: =VLOOKUP(D42,廠價表!$C$1:$E$39,2,0) -> 熱乾麵 | D42: 青花椒麻雞肉拌麵 | F42: =VLOOKUP(D42,廠價表!$C$1:$E$39,3,0) -> 49.91 | G42: 1047 | H42: =F42*G42 -> 52255.77 | J42: =VLOOKUP(D42,產線配置圖!$A$2:$C$38,2,0) -> 17 | K42: =VLOOKUP(D42,產線配置圖!$A$2:$C$38,3,0) -> 1565 | L42: =K42/J42 -> 92.058824 | M42: 17 | N42: =G42/W42*60 -> 1532.1951 | O42: =N42/M42 -> 90.129125 | P42: =M42-J42 -> 0 | Q42: =O42-L42 -> -1.9296987 | R42: =O42/L42 -> 0.97903842 | T42: 0.57291667 | U42: 0.60138889 | W42: =(U42-T42)*24*60 -> 41
H43: =F43*G43 -> 0 | W43: =(U43-T43)*24*60 -> 0
H44: =F44*G44 -> 0 | W44: =(U44-T44)*24*60 -> 0
H45: =F45*G45 -> 0 | W45: =(U45-T45)*24*60 -> 0
H46: =F46*G46 -> 0 | W46: =(U46-T46)*24*60 -> 0
H47: =F47*G47 -> 0 | W47: =(U47-T47)*24*60 -> 0
C48: 4度二組C1 | D48: 平均 | J48: =AVERAGE(J38:J47) -> 16.6 | K48: =AVERAGE(K38:K47) -> 1524.8 | L48: =AVERAGE(L38:L47) -> 91.795588 | M48: =AVERAGE(M38:M47) -> 15.4 | N48: =AVERAGE(N38:N47) -> 1213.139 | O48: =AVERAGE(O38:O47) -> 78.000367 | P48: =M48-J48 -> -1.2 | Q48: =N48-K48 -> -311.66101 | R48: =O48/L48 -> 0.84971804 | W48: =(U48-T48)*24*60 -> 0 | AB48: =N48-K48 -> -311.66101 | AC48: =N48/K48 -> 0.79560532
A49: 手工五線 (ET-55) | B49: =VLOOKUP(D49,廠價表!$C$1:$E$39,2,0) -> 義大利麵 | D49: 焗烤起司雙饗筆尖麵 | F49: =VLOOKUP(D49,廠價表!$C$1:$E$39,3,0) -> 49.97 | G49: 2915 | H49: =F49*G49 -> 145662.55 | J49: =VLOOKUP(D49,產線配置圖!$A$2:$C$38,2,0) -> 18 | K49: =VLOOKUP(D49,產線配置圖!$A$2:$C$38,3,0) -> 1565 | L49: =K49/J49 -> 86.944444 | M49: 18 | N49: =G49/W49*60 -> 1534.2105 | O49: =N49/M49 -> 85.233918 | P49: =M49-J49 -> 0 | Q49: =O49-L49 -> -1.7105263 | R49: =O49/L49 -> 0.98032621 | S49: =R58 -> 0.96004923 | T49: 0.29166667 | U49: 0.37083333 | W49: =(U49-T49)*24*60 -> 114 | AB49: =N49-K49 -> -30.789474 | AC49: =N49/K49 -> 0.98032621 | AD49: =AC58 -> 0.96081596
B50: =VLOOKUP(D50,廠價表!$C$1:$E$39,2,0) -> 義大利麵 | D50: 剝皮辣椒雞奶油扁麵 | F50: =VLOOKUP(D50,廠價表!$C$1:$E$39,3,0) -> 56.87 | G50: 3722 | H50: =F50*G50 -> 211670.14 | J50: =VLOOKUP(D50,產線配置圖!$A$2:$C$38,2,0) -> 17 | K50: =VLOOKUP(D50,產線配置圖!$A$2:$C$38,3,0) -> 1500 | L50: =K50/J50 -> 88.235294 | M50: 17 | N50: =G50/W50*60 -> 1498.7919 | O50: =N50/M50 -> 88.164232 | P50: =M50-J50 -> 0 | Q50: =O50-L50 -> -0.071061982 | R50: =O50/L50 -> 0.99919463 | T50: 0.37569444 | U50: 0.47916667 | V50: =(T50-U49)*24*60 -> 7 | W50: =(U50-T50)*24*60 -> 149 | AB50: =N50-K50 -> -1.2080537 | AC50: =N50/K50 -> 0.99919463
B51: =VLOOKUP(D51,廠價表!$C$1:$E$39,2,0) -> 義大利麵 | D51: 剝皮辣椒雞奶油扁麵 | F51: =VLOOKUP(D51,廠價表!$C$1:$E$39,3,0) -> 56.87 | G51: 1193 | H51: =F51*G51 -> 67845.91 | J51: =VLOOKUP(D51,產線配置圖!$A$2:$C$38,2,0) -> 17 | K51: =VLOOKUP(D51,產線配置圖!$A$2:$C$38,3,0) -> 1500 | L51: =K51/J51 -> 88.235294 | M51: 17 | N51: =G51/W51*60 -> 1301.4545 | O51: =N51/M51 -> 76.55615 | P51: =M51-J51 -> 0 | Q51: =O51-L51 -> -11.679144 | R51: =O51/L51 -> 0.86763636 | T51: 0.54166667 | U51: 0.57986111 | V51: =(T51-U50)*24*60 -> 90 | W51: =(U51-T51)*24*60 -> 55 | AB51: =N51-K51 -> -198.54545 | AC51: =N51/K51 -> 0.86763636
B52: =VLOOKUP(D52,廠價表!$C$1:$E$39,2,0) -> 義大利麵 | D52: 焗烤起司雙饗筆尖麵 | F52: =VLOOKUP(D52,廠價表!$C$1:$E$39,3,0) -> 49.97 | G52: 3007 | H52: =F52*G52 -> 150259.79 | J52: =VLOOKUP(D52,產線配置圖!$A$2:$C$38,2,0) -> 18 | K52: =VLOOKUP(D52,產線配置圖!$A$2:$C$38,3,0) -> 1565 | L52: =K52/J52 -> 86.944444 | M52: 18 | N52: =G52/W52*60 -> 1555.3448 | O52: =N52/M52 -> 86.408046 | P52: =M52-J52 -> 0 | Q52: =O52-L52 -> -0.53639847 | R52: =O52/L52 -> 0.99383056 | T52: 0.58541667 | U52: 0.66597222 | V52: =(T52-U51)*24*60 -> 8 | W52: =(U52-T52)*24*60 -> 116 | AB52: =N52-K52 -> -9.6551724 | AC52: =N52/K52 -> 0.99383056
H53: =F53*G53 -> 0 | W53: =(U53-T53)*24*60 -> 0
H54: =F54*G54 -> 0 | W54: =(U54-T54)*24*60 -> 0
H55: =F55*G55 -> 0 | W55: =(U55-T55)*24*60 -> 0
H56: =F56*G56 -> 0 | W56: =(U56-T56)*24*60 -> 0
H57: =F57*G57 -> 0 | W57: =(U57-T57)*24*60 -> 0
C58: 4度二組C2 | D58: 平均 | J58: =AVERAGE(J49:J57) -> 17.5 | K58: =AVERAGE(K49:K57) -> 1532.5 | L58: =AVERAGE(L49:L57) -> 87.589869 | M58: =AVERAGE(M49:M57) -> 17.5 | N58: =AVERAGE(N49:N57) -> 1472.4505 | O58: =AVERAGE(O49:O57) -> 84.090586 | P58: =M58-J58 -> 0 | Q58: =N58-K58 -> -60.049539 | R58: =O58/L58 -> 0.96004923 | AB58: =N58-K58 -> -60.049539 | AC58: =N58/K58 -> 0.96081596
A59: 調理包一線 (八爪機) | B59: =VLOOKUP(D59,廠價表!$C$1:$E$39,2,0) -> 小吃、微波 | D59: 小滷青蔬 | F59: =VLOOKUP(D59,廠價表!$C$1:$E$39,3,0) -> 26.99 | G59: 4145 | H59: =F59*G59 -> 111873.55 | J59: =VLOOKUP(D59,產線配置圖!$A$2:$C$38,2,0) -> 13 | K59: =VLOOKUP(D59,產線配置圖!$A$2:$C$38,3,0) -> 1565 | L59: =K59/J59 -> 120.38462 | M59: 13 | N59: =G59/W59*60 -> 1507.2727 | O59: =N59/M59 -> 115.94406 | P59: =M59-J59 -> 0 | Q59: =O59-L59 -> -4.4405594 | R59: =O59/L59 -> 0.96311356 | S59: =R69 -> 0.91711841 | T59: 0.29166667 | U59: 0.40625 | W59: =(U59-T59)*24*60 -> 165 | AB59: =N59-K59 -> -57.727273 | AC59: =N59/K59 -> 0.96311356 | AD59: =AC69 -> 0.91829778
B60: =VLOOKUP(D60,廠價表!$C$1:$E$39,2,0) -> 小吃、微波 | D60: 台式綜合甜不辣 | F60: =VLOOKUP(D60,廠價表!$C$1:$E$39,3,0) -> 28.47 | G60: 816 | H60: =F60*G60 -> 23231.52 | J60: =VLOOKUP(D60,產線配置圖!$A$2:$C$38,2,0) -> 12 | K60: =VLOOKUP(D60,產線配置圖!$A$2:$C$38,3,0) -> 1565 | L60: =K60/J60 -> 130.41667 | M60: 12 | N60: =G60/W60*60 -> 1288.4211 | O60: =N60/M60 -> 107.36842 | P60: =M60-J60 -> 0 | Q60: =O60-L60 -> -23.048246 | R60: =O60/L60 -> 0.82327224 | T60: 0.41527778 | U60: 0.44166667 | V60: =(T60-U59)*24*60 -> 13 | W60: =(U60-T60)*24*60 -> 38 | AB60: =N60-K60 -> -276.57895 | AC60: =N60/K60 -> 0.82327224
B61: =VLOOKUP(D61,廠價表!$C$1:$E$39,2,0) -> 小吃、微波 | D61: 起司馬鈴薯 | F61: =VLOOKUP(D61,廠價表!$C$1:$E$39,3,0) -> 28.26 | G61: 2122 | H61: =F61*G61 -> 59967.72 | J61: =VLOOKUP(D61,產線配置圖!$A$2:$C$38,2,0) -> 12 | K61: =VLOOKUP(D61,產線配置圖!$A$2:$C$38,3,0) -> 1565 | L61: =K61/J61 -> 130.41667 | M61: 12 | N61: =G61/W61*60 -> 1515.7143 | O61: =N61/M61 -> 126.30952 | P61: =M61-J61 -> 0 | Q61: =O61-L61 -> -4.1071429 | R61: =O61/L61 -> 0.96850753 | T61: 0.45208333 | U61: 0.51041667 | V61: =(T61-U60)*24*60 -> 15 | W61: =(U61-T61)*24*60 -> 84 | AB61: =N61-K61 -> -49.285714 | AC61: =N61/K61 -> 0.96850753
H62: =F62*G62 -> 0 | W62: =(U62-T62)*24*60 -> 0 | AB62: =N62-K62 -> 0 | AC62: =N62/K62 -> #DIV/0!
H63: =F63*G63 -> 0 | W63: =(U63-T63)*24*60 -> 0
H64: =F64*G64 -> 0 | W64: =(U64-T64)*24*60 -> 0
H65: =F65*G65 -> 0 | W65: =(U65-T65)*24*60 -> 0
H66: =F66*G66 -> 0 | W66: =(U66-T66)*24*60 -> 0
H67: =F67*G67 -> 0 | W67: =(U67-T67)*24*60 -> 0
H68: =F68*G68 -> 0 | W68: =(U68-T68)*24*60 -> 0
C69: 4度三組 | D69: 平均 | J69: =AVERAGE(J59:J68) -> 12.333333 | K69: =AVERAGE(K59:K68) -> 1565 | L69: =AVERAGE(L59:L68) -> 127.07265 | M69: =AVERAGE(M59:M68) -> 12.333333 | N69: =AVERAGE(N59:N68) -> 1437.136 | O69: =AVERAGE(O59:O68) -> 116.54067 | P69: =M69-J69 -> 0 | Q69: =N69-K69 -> -127.86398 | R69: =O69/L69 -> 0.91711841 | AB69: =N69-K69 -> -127.86398 | AC69: =N69/K69 -> 0.91829778
A70: 調理包二線 (手工) | S70: =R79 -> 0 | W70: =(U70-T70)*24*60 -> 0 | AD70: =AC79 -> 0
H71: =F71*G71 -> 0 | W71: =(U71-T71)*24*60 -> 0
H72: =F72*G72 -> 0 | W72: =(U72-T72)*24*60 -> 0
H73: =F73*G73 -> 0 | W73: =(U73-T73)*24*60 -> 0
H74: =F74*G74 -> 0 | W74: =(U74-T74)*24*60 -> 0
H75: =F75*G75 -> 0 | W75: =(U75-T75)*24*60 -> 0
H76: =F76*G76 -> 0 | W76: =(U76-T76)*24*60 -> 0
H77: =F77*G77 -> 0 | W77: =(U77-T77)*24*60 -> 0
H78: =F78*G78 -> 0 | W78: =(U78-T78)*24*60 -> 0
C79: 4度四組 | D79: 平均
AF80: 1.當日出勤人數較多
AF81: 2.當日出勤人數較少
AF82: 3.當日出勤熟手較少
AF83: 4.當日出勤新人較多
AF84: 5.機台夾盒
AF85: 6.封膜不順
AF86: 7.更換膠膜
AF87: 8.更換碳帶
AF88: 9.當日熱轉印碳帶異常
AF89: 10.訂單量過少
AF90: 11.新品上市，尚未熟悉
AF91: 12.商品結構，產能較低
AF92: 13.區域出貨，分段生產

Sheet 1003總
B1: 長家廠組合室生產人時性分析
B3: 日期 | D3: 45933 | F3: 訂單量 | G3: ='1003'!E1 -> 39570 | I3: 營業額 | J3: ='1003'!G1 -> 1956294.8
B4: 項目 | D4: 3 | F4: ➀ | H4: ➁ | J4: ③
B5: 人時性 | D5: 組合室 | F5: 全溫層 | H5: 義大利麵 | J5: 袋裝小吃、義麵
D6: 排關平均 | F6: =AVERAGE(D13:J13) -> 114.87991 | H6: =AVERAGE(D13:H13) -> 112.44136 | J6: =AVERAGE(I13) -> 127.07265
D7: 實績平均 | F7: =AVERAGE(D14:J14) -> 98.96975 | H7: =AVERAGE(D14:H14) -> 97.916008 | J7: =AVERAGE(I14) -> 104.23846
D8: 達成率平均 | F8: =AVERAGE(D15:J15) -> 0.85980604 | H8: =AVERAGE(D15:H15) -> 0.86770605 | J8: =AVERAGE(I15) -> 0.82030601 | L8: ※現行日本鮮食廠以達成率80%為基本(即為現行KPI)
B10: 溫層 | D10: 4度C-各編組展開
B11: 編組 | D11: 1 | E11: 2 | F11: 3 | G11: 4 | H11: 5 | I11: 6 | J11: 7
D12: 自動1線 | E12: 自動2線 | F12: 手工3線 | G12: 手工4線 | H12: 手工5線 | I12: 調理包1線 | J12: 調理包2線
B13: 人時性 | C13: 排關 | D13: =VALUE('1003'!L15) -> 147.68315 | E13: =VALUE('1003'!L26) -> 146.73344 | F13: =VALUE('1003'!L37) -> 87.449673 | G13: =VALUE('1003'!L48) -> 92.535539 | H13: =VALUE('1003'!L58) -> 87.805011 | I13: =VALUE('1003'!L69) -> 127.07265
C14: 實績 | D14: =VALUE('1003'!O15) -> 130.65208 | E14: =VALUE('1003'!O26) -> 129.4077 | F14: =VALUE('1003'!O37) -> 72.097528 | G14: =VALUE('1003'!O48) -> 77.952597 | H14: =VALUE('1003'!O58) -> 79.470133 | I14: =VALUE('1003'!O69) -> 104.23846
C15: 達成率 | D15: =D14/D13 -> 0.88467831 | E15: =E14/E13 -> 0.88192373 | F15: =F14/F13 -> 0.82444594 | G15: =G14/G13 -> 0.84240712 | H15: =H14/H13 -> 0.90507514 | I15: =I14/I13 -> 0.82030601
B16: 作業 時間 | C16: 開始 | D16: ='1003'!T5 -> 0.29722222 | E16: ='1003'!T16 -> 0.29722222 | F16: ='1003'!T27 -> 0.29861111 | G16: ='1003'!T38 -> 0.33125 | H16: ='1003'!T49 -> 0.29166667 | I16: ='1003'!T59 -> 0.29166667
C17: 結束 | D17: 0.50138889 | E17: 0.49305556 | F17: 0.62847222 | G17: 0.50277778 | H17: 0.61388889 | I17: 0.48263889
B18: 配置人數 | D18: =VALUE('1003'!M15) -> 13.333333 | E18: =VALUE('1003'!M26) -> 13.666667 | F18: =VALUE('1003'!M37) -> 14.2 | G18: =VALUE('1003'!M48) -> 15.333333 | H18: =VALUE('1003'!M58) -> 18 | I18: =VALUE('1003'!M69) -> 12.333333
B19: 主要應用設備 | D19: ET-600 | E19: ET-600 | F19: ET-55 | G19: ET-55 | H19: ET-55 | I19: 八爪機
B20: 次要應用設備 | H20: 封口機
B21: 備註

Sheet 1003
A1: 長家廠4度C日報分析 | D1: 總生產量 | E1: =SUM(G5:G79) -> 39570 | F1: 營業額 | G1: =SUM(H5:H79) -> 1956294.8 | H1: 出勤人數 | I1: =M15+M26+M48+M58+M69+M79+M37 -> 86.866667 | J1: 產線配置圖 | M1: 生產實績 | P1: 人時性差異分析 | T1: 日報登錄 | Z1: 分析說明 | AB1: 產能差異分析
A2: 10月03日 星期五 | D2: 人時性 | E2: =AVERAGE(O15,O26,O37,O48,O58,O69,O79) -> 98.96975 | F2: 平均廠價 | G2: =G1/E1 -> 49.438837 | H2: 多次生產數 | I2: =COUNT(I5:I79) -> 0
A3: 線別 | B3: 品類 | D3: 品名 | F3: 廠價 | G3: 生產量 | H3: 營收 | I3: 多次 生產 | J3: 人數 | K3: 產能/時 | L3: 人時性 | M3: 人數 | N3: 產能/時 | O3: 人時性 | P3: 人數 | Q3: 人時性 | R3: 達成率 | S3: 達成率平均 | T3: 生產時間 | V3: 前置、換線時間/分 | W3: 稼動時間/分 | X3: 休息時間 | Z3: (長家回填) | AB3: 產能/時 | AC3: 達成率 | AD3: 達成率平均
T4: 開始 | U4: 結束 | X4: 開始 | Y4: 結束
A5: 自動一線 (ET-600) | B5: =VLOOKUP(D5,廠價表!$C$1:$E$39,2,0) -> 義大利麵 | D5: 白酒蛤蜊義大利麵 | F5: =VLOOKUP(D5,廠價表!$C$1:$E$39,3,0) -> 57.21 | G5: 1362 | H5: =F5*G5 -> 77920.02 | J5: =VLOOKUP(D5,產線配置圖!$A$2:$C$38,2,0) -> 13 | K5: =VLOOKUP(D5,產線配置圖!$A$2:$C$38,3,0) -> 2000 | L5: =K5/J5 -> 153.84615 | M5: 13 | N5: =G5/W5*60 -> 1738.7234 | O5: =N5/M5 -> 133.74795 | P5: =M5-J5 -> 0 | Q5: =O5-L5 -> -20.0982 | R5: =O5/L5 -> 0.8693617 | S5: =R15 -> 0.88467831 | T5: 0.29722222 | U5: 0.32986111 | W5: =(U5-T5)*24*60 -> 47 | AB5: =N5-K5 -> -261.2766 | AC5: =N5/K5 -> 0.8693617 | AD5: =AC15 -> 0.88322332
B6: =VLOOKUP(D6,廠價表!$C$1:$E$39,2,0) -> 義大利麵 | D6: 韓式起司炸雞義大利麵 | F6: =VLOOKUP(D6,廠價表!$C$1:$E$39,3,0) -> 57.21 | G6: 2153 | H6: =F6*G6 -> 123173.13 | J6: =VLOOKUP(D6,產線配置圖!$A$2:$C$38,2,0) -> 14 | K6: =VLOOKUP(D6,產線配置圖!$A$2:$C$38,3,0) -> 1895 | L6: =K6/J6 -> 135.35714 | M6: 14 | N6: =G6/W6*60 -> 1556.3855 | O6: =N6/M6 -> 111.1704 | P6: =M6-J6 -> 0 | Q6: =O6-L6 -> -24.186747 | R6: =O6/L6 -> 0.82131163 | T6: 0.34236111 | U6: 0.4 | V6: =(T6-U5)*24*60 -> 18 | W6: =(U6-T6)*24*60 -> 83 | AB6: =N6-K6 -> -338.61446 | AC6: =N6/K6 -> 0.82131163
B7: =VLOOKUP(D7,廠價表!$C$1:$E$39,2,0) -> 義大利麵 | D7: 奶油培根義大利麵 | F7: =VLOOKUP(D7,廠價表!$C$1:$E$39,3,0) -> 49.14 | G7: 4269 | H7: =F7*G7 -> 209778.66 | J7: =VLOOKUP(D7,產線配置圖!$A$2:$C$38,2,0) -> 13 | K7: =VLOOKUP(D7,產線配置圖!$A$2:$C$38,3,0) -> 2000 | L7: =K7/J7 -> 153.84615 | M7: 13 | N7: =G7/W7*60 -> 1911.4925 | O7: =N7/M7 -> 147.03789 | P7: =M7-J7 -> 0 | Q7: =O7-L7 -> -6.8082664 | R7: =O7/L7 -> 0.95574627 | T7: 0.40833333 | U7: 0.50138889 | V7: =(T7-U6)*24*60 -> 12 | W7: =(U7-T7)*24*60 -> 134 | AB7: =N7-K7 -> -88.507463 | AC7: =N7/K7 -> 0.95574627
W8: =(U8-T8)*24*60 -> 0
H9: =F9*G9 -> 0 | W9: =(U9-T9)*24*60 -> 0
H10: =F10*G10 -> 0 | W10: =(U10-T10)*24*60 -> 0
H11: =F11*G11 -> 0 | W11: =(U11-T11)*24*60 -> 0
H12: =F12*G12 -> 0 | W12: =(U12-T12)*24*60 -> 0
H13: =F13*G13 -> 0 | W13: =(U13-T13)*24*60 -> 0
H14: =F14*G14 -> 0 | W14: =(U14-T14)*24*60 -> 0
C15: 4度一組 | D15: 平均 | J15: =AVERAGE(J5:J14) -> 13.333333 | K15: =AVERAGE(K5:K14) -> 1965 | L15: =AVERAGE(L5:L14) -> 147.68315 | M15: =AVERAGE(M5:M14) -> 13.333333 | N15: =AVERAGE(N5:N14) -> 1735.5338 | O15: =AVERAGE(O5:O14) -> 130.65208 | P15: =M15-J15 -> 0 | Q15: =O15-L15 -> -17.031071 | R15: =O15/L15 -> 0.88467831 | AB15: =N15-K15 -> -229.46617 | AC15: =N15/K15 -> 0.88322332
A16: 自動二線 (ET-600) | B16: 義大利麵 | D16: 白酒蛤蜊義大利麵 | F16: =VLOOKUP(D16,廠價表!$C$1:$E$39,3,0) -> 57.21 | G16: 1404 | H16: =F16*G16 -> 80322.84 | J16: =VLOOKUP(D16,產線配置圖!$A$2:$C$38,2,0) -> 13 | K16: =VLOOKUP(D16,產線配置圖!$A$2:$C$38,3,0) -> 2000 | L16: =K16/J16 -> 153.84615 | M16: 13 | N16: =G16/W16*60 -> 1620 | O16: =N16/M16 -> 124.61538 | P16: =M16-J16 -> 0 | Q16: =O16-L16 -> -29.230769 | R16: =O16/L16 -> 0.81 | S16: =R26 -> 0.88192373 | T16: 0.29722222 | U16: 0.33333333 | W16: =(U16-T16)*24*60 -> 52 | AB16: =N16-K16 -> -380 | AC16: =N16/K16 -> 0.81 | AD16: =AC26 -> 0.87714162
B17: 義大利麵 | D17: 熱那亞青醬義大利麵 | F17: =VLOOKUP(D17,廠價表!$C$1:$E$39,3,0) -> 50.67 | G17: 1620 | H17: =F17*G17 -> 82085.4 | J17: =VLOOKUP(D17,產線配置圖!$A$2:$C$38,2,0) -> 16 | K17: =VLOOKUP(D17,產線配置圖!$A$2:$C$38,3,0) -> 1915 | L17: =K17/J17 -> 119.6875 | M17: 16 | N17: =G17/W17*60 -> 1620 | O17: =N17/M17 -> 101.25 | P17: =M17-J17 -> 0 | Q17: =O17-L17 -> -18.4375 | R17: =O17/L17 -> 0.845953 | T17: 0.34375 | U17: 0.38541667 | V17: =(T17-U16)*24*60 -> 15 | W17: =(U17-T17)*24*60 -> 60 | AB17: =N17-K17 -> -295 | AC17: =N17/K17 -> 0.845953
B18: =VLOOKUP(D18,廠價表!$C$1:$E$39,2,0) -> 義大利麵 | D18: 義式蕃茄起司義大利麵 | F18: =VLOOKUP(D18,廠價表!$C$1:$E$39,3,0) -> 50.39 | G18: 3994 | H18: =F18*G18 -> 201257.66 | J18: =VLOOKUP(D18,產線配置圖!$A$2:$C$38,2,0) -> 12 | K18: =VLOOKUP(D18,產線配置圖!$A$2:$C$38,3,0) -> 2000 | L18: =K18/J18 -> 166.66667 | M18: 12 | N18: =G18/W18*60 -> 1948.2927 | O18: =N18/M18 -> 162.35772 | P18: =M18-J18 -> 0 | Q18: =O18-L18 -> -4.3089431 | R18: =O18/L18 -> 0.97414634 | T18: 0.40763889 | U18: 0.49305556 | V18: =(T18-U17)*24*60 -> 32 | W18: =(U18-T18)*24*60 -> 123 | AB18: =N18-K18 -> -51.707317 | AC18: =N18/K18 -> 0.97414634
W19: =(U19-T19)*24*60 -> 0
H20: =F20*G20 -> 0 | W20: 0
H21: =F21*G21 -> 0 | W21: 0
H22: =F22*G22 -> 0 | W22: 0
H23: =F23*G23 -> 0 | W23: =(U23-T23)*24*60 -> 0
H24: =F24*G24 -> 0 | W24: =(U24-T24)*24*60 -> 0
H25: =F25*G25 -> 0 | W25: =(U25-T25)*24*60 -> 0
C26: 4度二組A | D26: 平均 | J26: =AVERAGE(J16:J25) -> 13.666667 | K26: =AVERAGE(K16:K25) -> 1971.6667 | L26: =AVERAGE(L16:L25) -> 146.73344 | M26: =AVERAGE(M16:M25) -> 13.666667 | N26: =AVERAGE(N16:N25) -> 1729.4309 | O26: =AVERAGE(O16:O25) -> 129.4077 | P26: =M26-J26 -> 0 | Q26: =O26-L26 -> -17.325737 | R26: =O26/L26 -> 0.88192373 | AB26: =N26-K26 -> -242.23577 | AC26: =N26/K26 -> 0.87714162
A27: 手工三線 (ET-55) | B27: 義大利麵 | D27: 黑胡椒燻豬腿義大利麵 | F27: =VLOOKUP(D27,廠價表!$C$1:$E$39,3,0) -> 50.6 | G27: 1102 | H27: =F27*G27 -> 55761.2 | J27: 17 | K27: 1636 | L27: =K27/J27 -> 96.235294 | M27: 13 | N27: =G27/W27*60 -> 1017.2308 | O27: =N27/M27 -> 78.248521 | P27: =M27-J27 -> -4 | Q27: =O27-L27 -> -17.986773 | R27: =O27/L27 -> 0.81309588 | S27: =R37 -> 0.82444594 | T27: 0.29861111 | U27: 0.34375 | W27: =(U27-T27)*24*60 -> 65 | AB27: =N27-K27 -> -618.76923 | AC27: =N27/K27 -> 0.6217792 | AD27: =AC37 -> 0.66275719
B28: =VLOOKUP(D28,廠價表!$C$1:$E$39,2,0) -> 義大利麵 | D28: 韓式辣醬肉丸義大利麵 | F28: =VLOOKUP(D28,廠價表!$C$1:$E$39,3,0) -> 57.21 | G28: 1546 | H28: =F28*G28 -> 88446.66 | J28: 17 | K28: 1636 | L28: =K28/J28 -> 96.235294 | M28: 13 | N28: =G28/W28*60 -> 1054.0909 | O28: =N28/M28 -> 81.083916 | P28: =M28-J28 -> -4 | Q28: =O28-L28 -> -15.151378 | R28: =O28/L28 -> 0.84255903 | T28: 0.35208333 | U28: 0.41319444 | V28: =(T28-U27)*24*60 -> 12 | W28: =(U28-T28)*24*60 -> 88 | AB28: =N28-K28 -> -581.90909 | AC28: =N28/K28 -> 0.64430985
B29: =VLOOKUP(D29,廠價表!$C$1:$E$39,2,0) -> 義大利麵 | D29: 奶油蒜香雞義大利麵 | F29: =VLOOKUP(D29,廠價表!$C$1:$E$39,3,0) -> 55.13 | G29: 1423 | H29: =F29*G29 -> 78449.99 | J29: =VLOOKUP(D29,產線配置圖!$A$2:$C$38,2,0) -> 18 | K29: =VLOOKUP(D29,產線配置圖!$A$2:$C$38,3,0) -> 1385 | L29: =K29/J29 -> 76.944444 | M29: 15 | N29: =G29/W29*60 -> 948.66667 | O29: =N29/M29 -> 63.244444 | P29: =M29-J29 -> -3 | Q29: =O29-L29 -> -13.7 | R29: =O29/L29 -> 0.82194946 | T29: 0.42083333 | U29: 0.48333333 | V29: =(T29-U28)*24*60 -> 11 | W29: =(U29-T29)*24*60 -> 90 | Z29: 待醬 | AB29: =N29-K29 -> -436.33333 | AC29: =N29/K29 -> 0.68495788
B30: =VLOOKUP(D30,廠價表!$C$1:$E$39,2,0) -> 熱乾麵 | D30: 家傳炸醬麵 | F30: =VLOOKUP(D30,廠價表!$C$1:$E$39,3,0) -> 47.6 | G30: 1095 | H30: =F30*G30 -> 52122 | J30: =VLOOKUP(D30,產線配置圖!$A$2:$C$38,2,0) -> 18 | K30: =VLOOKUP(D30,產線配置圖!$A$2:$C$38,3,0) -> 1636 | L30: =K30/J30 -> 90.888889 | M30: 15 | N30: =G30/W30*60 -> 1113.5593 | O30: =N30/M30 -> 74.237288 | P30: =M30-J30 -> -3 | Q30: =O30-L30 -> -16.651601 | R30: =O30/L30 -> 0.81679168 | T30: 0.54930556 | U30: 0.59027778 | V30: =(T30-U29)*24*60 -> 95 | W30: =(U30-T30)*24*60 -> 59 | X30: 0.49305556 | Y30: 0.53472222 | AB30: =N30-K30 -> -522.44068 | AC30: =N30/K30 -> 0.68065973
B31: =VLOOKUP(D31,廠價表!$C$1:$E$39,2,0) -> 義大利麵 | D31: 奶油蒜香雞義大利麵 | F31: =VLOOKUP(D31,廠價表!$C$1:$E$39,3,0) -> 55.13 | G31: 780 | H31: =F31*G31 -> 43001.4 | J31: =VLOOKUP(D31,產線配置圖!$A$2:$C$38,2,0) -> 18 | K31: =VLOOKUP(D31,產線配置圖!$A$2:$C$38,3,0) -> 1385 | L31: =K31/J31 -> 76.944444 | M31: 15 | N31: =G31/W31*60 -> 955.10204 | O31: =N31/M31 -> 63.673469 | P31: =M31-J31 -> -3 | Q31: =O31-L31 -> -13.270975 | R31: =O31/L31 -> 0.82752523 | T31: 0.59444444 | U31: 0.62847222 | V31: =(T31-U30)*24*60 -> 6 | W31: =(U31-T31)*24*60 -> 49 | Z31: 待醬 | AB31: =N31-K31 -> -429.89796 | AC31: =N31/K31 -> 0.68960436
H32: =F32*G32 -> 0 | W32: =(U32-T32)*24*60 -> 0
H33: =F33*G33 -> 0 | W33: =(U33-T33)*24*60 -> 0
H34: =F34*G34 -> 0 | W34: =(U34-T34)*24*60 -> 0
H35: =F35*G35 -> 0 | W35: =(U35-T35)*24*60 -> 0
H36: =F36*G36 -> 0 | W36: =(U36-T36)*24*60 -> 0
C37: 4度二組B | D37: 平均 | J37: =AVERAGE(J27:J36) -> 17.6 | K37: =AVERAGE(K27:K36) -> 1535.6 | L37: =AVERAGE(L27:L36) -> 87.449673 | M37: =AVERAGE(M27:M36) -> 14.2 | N37: =AVERAGE(N27:N36) -> 1017.7299 | O37: =AVERAGE(O27:O36) -> 72.097528 | P37: =M37-J37 -> -3.4 | Q37: =N37-K37 -> -517.87006 | R37: =O37/L37 -> 0.82444594 | AB37: =N37-K37 -> -517.87006 | AC37: =N37/K37 -> 0.66275719
A38: 手工四線 (ET-55) | B38: 熱乾麵 | C38: =VLOOKUP(E38,廠價表!$C$1:$E$39,2,0) -> #N/A | D38: 青花椒麻雞肉拌麵 | F38: =VLOOKUP(D38,廠價表!$C$1:$E$39,3,0) -> 49.91 | G38: 2325 | H38: =F38*G38 -> 116040.75 | J38: =VLOOKUP(D38,產線配置圖!$A$2:$C$38,2,0) -> 17 | K38: =VLOOKUP(D38,產線配置圖!$A$2:$C$38,3,0) -> 1565 | L38: =K38/J38 -> 92.058824 | M38: 16 | N38: =G38/W38*60 -> 1354.3689 | O38: =N38/M38 -> 84.648058 | P38: =M38-J38 -> -1 | Q38: =O38-L38 -> -7.4107653 | R38: =O38/L38 -> 0.91949967 | S38: =R48 -> 0.84240712 | T38: 0.33125 | U38: 0.40277778 | W38: =(U38-T38)*24*60 -> 103 | AB38: =N38-K38 -> -210.63107 | AC38: =N38/K38 -> 0.86541146 | AD38: =AC48 -> 0.78052266
B39: =VLOOKUP(D39,廠價表!$C$1:$E$39,2,0) -> 義大利麵 | C39: =VLOOKUP(E39,廠價表!$C$1:$E$39,2,0) -> #N/A | D39: 羊乳起司培根筆尖麵 | F39: =VLOOKUP(D39,廠價表!$C$1:$E$39,3,0) -> 62.61 | G39: 773 | H39: =F39*G39 -> 48397.53 | J39: =VLOOKUP(D39,產線配置圖!$A$2:$C$38,2,0) -> 17 | K39: =VLOOKUP(D39,產線配置圖!$A$2:$C$38,3,0) -> 1636 | L39: =K39/J39 -> 96.235294 | M39: 16 | N39: =G39/W39*60 -> 1364.1176 | O39: =N39/M39 -> 85.257353 | P39: =M39-J39 -> -1 | Q39: =O39-L39 -> -10.977941 | R39: =O39/L39 -> 0.88592604 | T39: 0.40972222 | U39: 0.43333333 | V39: =(T39-U38)*24*60 -> 10 | W39: =(U39-T39)*24*60 -> 34 | AB39: =N39-K39 -> -271.88235 | AC39: =N39/K39 -> 0.83381274
B40: =VLOOKUP(D40,廠價表!$C$1:$E$39,2,0) -> 義大利麵 | D40: 拿坡里義大利麵 | F40: =VLOOKUP(D40,廠價表!$C$1:$E$39,3,0) -> 58.17 | G40: 1343 | H40: =F40*G40 -> 78122.31 | J40: =VLOOKUP(D40,產線配置圖!$A$2:$C$38,2,0) -> 16 | K40: =VLOOKUP(D40,產線配置圖!$A$2:$C$38,3,0) -> 1429 | L40: =K40/J40 -> 89.3125 | M40: 14 | N40: =G40/W40*60 -> 895.33333 | O40: =N40/M40 -> 63.952381 | P40: =M40-J40 -> -2 | Q40: =O40-L40 -> -25.360119 | R40: =O40/L40 -> 0.71605185 | T40: 0.44027778 | U40: 0.50277778 | V40: =(T40-U39)*24*60 -> 10 | W40: =(U40-T40)*24*60 -> 90 | Z40: 待醬 | AB40: =N40-K40 -> -533.66667 | AC40: =N40/K40 -> 0.62654537
W41: =(U41-T41)*24*60 -> 0 | AB41: =N41-K41 -> 0 | AC41: =N41/K41 -> #DIV/0!
W42: =(U42-T42)*24*60 -> 0
H43: =F43*G43 -> 0 | W43: =(U43-T43)*24*60 -> 0
H44: =F44*G44 -> 0 | W44: =(U44-T44)*24*60 -> 0
H45: =F45*G45 -> 0 | W45: =(U45-T45)*24*60 -> 0
H46: =F46*G46 -> 0 | W46: =(U46-T46)*24*60 -> 0
H47: =F47*G47 -> 0 | W47: =(U47-T47)*24*60 -> 0
C48: 4度二組C1 | D48: 平均 | J48: =AVERAGE(J38:J47) -> 16.666667 | K48: =AVERAGE(K38:K47) -> 1543.3333 | L48: =AVERAGE(L38:L47) -> 92.535539 | M48: =AVERAGE(M38:M47) -> 15.333333 | N48: =AVERAGE(N38:N47) -> 1204.6066 | O48: =AVERAGE(O38:O47) -> 77.952597 | P48: =M48-J48 -> -1.3333333 | Q48: =N48-K48 -> -338.7267 | R48: =O48/L48 -> 0.84240712 | W48: =(U48-T48)*24*60 -> 0 | AB48: =N48-K48 -> -338.7267 | AC48: =N48/K48 -> 0.78052266
A49: 手工五線 (ET-55) | B49: =VLOOKUP(D49,廠價表!$C$1:$E$39,2,0) -> 義大利麵 | D49: 焗烤起司雙饗筆尖麵 | F49: =VLOOKUP(D49,廠價表!$C$1:$E$39,3,0) -> 49.97 | G49: 4474 | H49: =F49*G49 -> 223565.78 | J49: =VLOOKUP(D49,產線配置圖!$A$2:$C$38,2,0) -> 18 | K49: =VLOOKUP(D49,產線配置圖!$A$2:$C$38,3,0) -> 1565 | L49: =K49/J49 -> 86.944444 | M49: 18 | N49: =G49/W49*60 -> 1560.6977 | O49: =N49/M49 -> 86.705426 | P49: =M49-J49 -> 0 | Q49: =O49-L49 -> -0.23901809 | R49: =O49/L49 -> 0.99725091 | S49: =R58 -> 0.90507514 | T49: 0.29166667 | U49: 0.41111111 | W49: =(U49-T49)*24*60 -> 172 | AB49: =N49-K49 -> -4.3023256 | AC49: =N49/K49 -> 0.99725091 | AD49: =AC58 -> 0.94006291
B50: =VLOOKUP(D50,廠價表!$C$1:$E$39,2,0) -> 義大利麵 | D50: 剝皮辣椒雞奶油扁麵 | F50: =VLOOKUP(D50,廠價表!$C$1:$E$39,3,0) -> 56.87 | G50: 1760 | H50: =F50*G50 -> 100091.2 | J50: =VLOOKUP(D50,產線配置圖!$A$2:$C$38,2,0) -> 17 | K50: =VLOOKUP(D50,產線配置圖!$A$2:$C$38,3,0) -> 1500 | L50: =K50/J50 -> 88.235294 | M50: 18 | N50: =G50/W50*60 -> 1287.8049 | O50: =N50/M50 -> 71.544715 | P50: =M50-J50 -> 1 | Q50: =O50-L50 -> -16.690579 | R50: =O50/L50 -> 0.81084011 | T50: 0.41527778 | U50: 0.47222222 | V50: =(T50-U49)*24*60 -> 6 | W50: =(U50-T50)*24*60 -> 82 | AB50: =N50-K50 -> -212.19512 | AC50: =N50/K50 -> 0.85853659
B51: =VLOOKUP(D51,廠價表!$C$1:$E$39,2,0) -> 義大利麵 | D51: 剝皮辣椒雞奶油扁麵 | F51: =VLOOKUP(D51,廠價表!$C$1:$E$39,3,0) -> 56.87 | G51: 2501 | H51: =F51*G51 -> 142231.87 | J51: =VLOOKUP(D51,產線配置圖!$A$2:$C$38,2,0) -> 17 | K51: =VLOOKUP(D51,產線配置圖!$A$2:$C$38,3,0) -> 1500 | L51: =K51/J51 -> 88.235294 | M51: 18 | N51: =G51/W51*60 -> 1442.8846 | O51: =N51/M51 -> 80.160256 | P51: =M51-J51 -> 1 | Q51: =O51-L51 -> -8.0750377 | R51: =O51/L51 -> 0.90848291 | T51: 0.54166667 | U51: 0.61388889 | V51: =(T51-U50)*24*60 -> 100 | W51: =(U51-T51)*24*60 -> 104 | X51: 0.48611111 | Y51: 0.52777778 | AB51: =N51-K51 -> -57.115385 | AC51: =N51/K51 -> 0.96192308
W52: =(U52-T52)*24*60 -> 0
H53: =F53*G53 -> 0 | W53: =(U53-T53)*24*60 -> 0
H54: =F54*G54 -> 0 | W54: =(U54-T54)*24*60 -> 0
H55: =F55*G55 -> 0 | W55: =(U55-T55)*24*60 -> 0
H56: =F56*G56 -> 0 | W56: =(U56-T56)*24*60 -> 0
H57: =F57*G57 -> 0 | W57: =(U57-T57)*24*60 -> 0
C58: 4度二組C2 | D58: 平均 | J58: =AVERAGE(J49:J57) -> 17.333333 | K58: =AVERAGE(K49:K57) -> 1521.6667 | L58: =AVERAGE(L49:L57) -> 87.805011 | M58: =AVERAGE(M49:M57) -> 18 | N58: =AVERAGE(N49:N57) -> 1430.4624 | O58: =AVERAGE(O49:O57) -> 79.470133 | P58: =M58-J58 -> 0.66666667 | Q58: =N58-K58 -> -91.204277 | R58: =O58/L58 -> 0.90507514 | AB58: =N58-K58 -> -91.204277 | AC58: =N58/K58 -> 0.94006291
A59: 調理包一線 (八爪機) | B59: =VLOOKUP(D59,廠價表!$C$1:$E$39,2,0) -> 小吃、微波 | D59: 小滷青蔬 | F59: =VLOOKUP(D59,廠價表!$C$1:$E$39,3,0) -> 26.99 | G59: 3264 | H59: =F59*G59 -> 88095.36 | J59: =VLOOKUP(D59,產線配置圖!$A$2:$C$38,2,0) -> 13 | K59: =VLOOKUP(D59,產線配置圖!$A$2:$C$38,3,0) -> 1565 | L59: =K59/J59 -> 120.38462 | M59: 13 | N59: =G59/W59*60 -> 1506.4615 | O59: =N59/M59 -> 115.88166 | P59: =M59-J59 -> 0 | Q59: =O59-L59 -> -4.5029586 | R59: =O59/L59 -> 0.96259523 | S59: =R69 -> 0.82030601 | T59: 0.29166667 | U59: 0.38194444 | W59: =(U59-T59)*24*60 -> 130 | AB59: =N59-K59 -> -58.538462 | AC59: =N59/K59 -> 0.96259523 | AD59: =AC69 -> 0.82395445
B60: =VLOOKUP(D60,廠價表!$C$1:$E$39,2,0) -> 小吃、微波 | D60: 台式綜合甜不辣 | F60: =VLOOKUP(D60,廠價表!$C$1:$E$39,3,0) -> 28.47 | G60: 551 | H60: =F60*G60 -> 15686.97 | J60: =VLOOKUP(D60,產線配置圖!$A$2:$C$38,2,0) -> 12 | K60: =VLOOKUP(D60,產線配置圖!$A$2:$C$38,3,0) -> 1565 | L60: =K60/J60 -> 130.41667 | M60: 12 | N60: =G60/W60*60 -> 1180.7143 | O60: =N60/M60 -> 98.392857 | P60: =M60-J60 -> 0 | Q60: =O60-L60 -> -32.02381 | R60: =O60/L60 -> 0.75445002 | T60: 0.39027778 | U60: 0.40972222 | V60: =(T60-U59)*24*60 -> 12 | W60: =(U60-T60)*24*60 -> 28 | Z60: 訂單量少 | AB60: =N60-K60 -> -384.28571 | AC60: =N60/K60 -> 0.75445002
B61: =VLOOKUP(D61,廠價表!$C$1:$E$39,2,0) -> 小吃、微波 | D61: 起司馬鈴薯 | F61: =VLOOKUP(D61,廠價表!$C$1:$E$39,3,0) -> 28.26 | G61: 1831 | H61: =F61*G61 -> 51744.06 | J61: =VLOOKUP(D61,產線配置圖!$A$2:$C$38,2,0) -> 12 | K61: =VLOOKUP(D61,產線配置圖!$A$2:$C$38,3,0) -> 1565 | L61: =K61/J61 -> 130.41667 | M61: 12 | N61: =G61/W61*60 -> 1181.2903 | O61: =N61/M61 -> 98.44086 | P61: =M61-J61 -> 0 | Q61: =O61-L61 -> -31.975806 | R61: =O61/L61 -> 0.7548181 | T61: 0.41805556 | U61: 0.48263889 | V61: =(T61-U60)*24*60 -> 12 | W61: =(U61-T61)*24*60 -> 93 | Z61: 待料(油豆腐、甜不辣片) | AB61: =N61-K61 -> -383.70968 | AC61: =N61/K61 -> 0.7548181
H62: =F62*G62 -> 0 | W62: =(U62-T62)*24*60 -> 0
H63: =F63*G63 -> 0 | W63: =(U63-T63)*24*60 -> 0
H64: =F64*G64 -> 0 | W64: =(U64-T64)*24*60 -> 0
H65: =F65*G65 -> 0 | W65: =(U65-T65)*24*60 -> 0
H66: =F66*G66 -> 0 | W66: =(U66-T66)*24*60 -> 0
H67: =F67*G67 -> 0 | W67: =(U67-T67)*24*60 -> 0
H68: =F68*G68 -> 0 | W68: =(U68-T68)*24*60 -> 0
C69: 4度三組 | D69: 平均 | J69: =AVERAGE(J59:J68) -> 12.333333 | K69: =AVERAGE(K59:K68) -> 1565 | L69: =AVERAGE(L59:L68) -> 127.07265 | M69: =AVERAGE(M59:M68) -> 12.333333 | N69: =AVERAGE(N59:N68) -> 1289.4887 | O69: =AVERAGE(O59:O68) -> 104.23846 | P69: =M69-J69 -> 0 | Q69: =N69-K69 -> -275.51128 | R69: =O69/L69 -> 0.82030601 | AB69: =N69-K69 -> -275.51128 | AC69: =N69/K69 -> 0.82395445
A70: 調理包二線 (手工) | S70: =R79 -> 0 | W70: =(U70-T70)*24*60 -> 0 | AD70: =AC79 -> 0
H71: =F71*G71 -> 0 | W71: =(U71-T71)*24*60 -> 0
H72: =F72*G72 -> 0 | W72: =(U72-T72)*24*60 -> 0
H73: =F73*G73 -> 0 | W73: =(U73-T73)*24*60 -> 0
H74: =F74*G74 -> 0 | W74: =(U74-T74)*24*60 -> 0
H75: =F75*G75 -> 0 | W75: =(U75-T75)*24*60 -> 0
H76: =F76*G76 -> 0 | W76: =(U76-T76)*24*60 -> 0
H77: =F77*G77 -> 0 | W77: =(U77-T77)*24*60 -> 0
H78: =F78*G78 -> 0 | W78: =(U78-T78)*24*60 -> 0
C79: 4度四組 | D79: 平均
AF80: 1.當日出勤人數較多
AF81: 2.當日出勤人數較少
AF82: 3.當日出勤熟手較少
AF83: 4.當日出勤新人較多
AF84: 5.機台夾盒
AF85: 6.封膜不順
AF86: 7.更換膠膜
AF87: 8.更換碳帶
AF88: 9.當日熱轉印碳帶異常
AF89: 10.訂單量過少
AF90: 11.新品上市，尚未熟悉
AF91: 12.商品結構，產能較低
AF92: 13.區域出貨，分段生產

Sheet 1004總
B1: 長家廠組合室生產人時性分析
B3: 日期 | D3: 45934 | F3: 訂單量 | G3: ='1004'!E1 -> 39731 | I3: 營業額 | J3: ='1004'!G1 -> 1957596.6
B4: 項目 | D4: 3 | F4: ➀ | H4: ➁ | J4: ③
B5: 人時性 | D5: 組合室 | F5: 全溫層 | H5: 義大利麵 | J5: 袋裝小吃、義麵
D6: 排關平均 | F6: =AVERAGE(D13:J13) -> 115.14865 | H6: =AVERAGE(D13:H13) -> 112.59665 | J6: =AVERAGE(I13) -> 127.90865
D7: 實績平均 | F7: =AVERAGE(D14:I14) -> 105.05554 | H7: =AVERAGE(D14:H14) -> 102.37069 | J7: =AVERAGE(I14) -> 118.47982
D8: 達成率平均 | F8: =AVERAGE(D15:J15) -> 0.91350047 | H8: =AVERAGE(D15:H15) -> 0.91094365 | J8: =AVERAGE(I15) -> 0.92628461 | L8: ※現行日本鮮食廠以達成率80%為基本(即為現行KPI)
B10: 溫層 | D10: 4度C-各編組展開
B11: 編組 | D11: 1 | E11: 2 | F11: 3 | G11: 4 | H11: 5 | I11: 6 | J11: 7
D12: 自動1線 | E12: 自動2線 | F12: 手工3線 | G12: 手工4線 | H12: 手工5線 | I12: 調理包1線 | J12: 調理包2線
B13: 人時性 | C13: 排關 | D13: =VALUE('1004'!L15) -> 147.68315 | E13: =VALUE('1004'!L26) -> 146.73344 | F13: =VALUE('1004'!L37) -> 90.07598 | G13: =VALUE('1004'!L48) -> 90.685662 | H13: =VALUE('1004'!L58) -> 87.805011 | I13: =VALUE('1004'!L69) -> 127.90865
C14: 實績 | D14: =VALUE('1004'!O15) -> 134.80054 | E14: =VALUE('1004'!O26) -> 131.3154 | F14: =VALUE('1004'!O37) -> 74.899821 | G14: =VALUE('1004'!O48) -> 83.317754 | H14: =VALUE('1004'!O58) -> 87.519925 | I14: =VALUE('1004'!O69) -> 118.47982
C15: 達成率 | D15: =D14/D13 -> 0.91276861 | E15: =E14/E13 -> 0.89492485 | F15: =F14/F13 -> 0.83151825 | G15: =G14/G13 -> 0.91875333 | H15: =H14/H13 -> 0.9967532 | I15: =I14/I13 -> 0.92628461
B16: 作業 時間 | C16: 開始 | D16: ='1004'!T5 -> 0.29166667 | E16: ='1004'!T16 -> 0.29027778 | F16: ='1004'!T27 -> 0.29444444 | G16: ='1004'!T38 -> 0.33263889 | H16: ='1004'!T49 -> 0.28888889 | I16: ='1004'!T59 -> 0.29166667
C17: 結束 | D17: 0.49305556 | E17: 0.46736111 | F17: 0.58055556 | G17: 0.49791667 | H17: 0.62986111 | I17: 0.55972222
B18: 配置人數 | D18: =VALUE('1004'!M15) -> 13.333333 | E18: =VALUE('1004'!M26) -> 13.666667 | F18: =VALUE('1004'!M37) -> 16.25 | G18: =VALUE('1004'!M48) -> 15 | H18: =VALUE('1004'!M58) -> 17.333333 | I18: =VALUE('1004'!M69) -> 12.25
B19: 主要應用設備 | D19: ET-600 | E19: ET-600 | F19: ET-55 | G19: ET-55 | H19: ET-55 | I19: 八爪機
B20: 次要應用設備 | H20: 封口機
B21: 備註

Sheet 1004
A1: 長家廠4度C日報分析 | D1: 總生產量 | E1: =SUM(G5:G79) -> 39731 | F1: 營業額 | G1: =SUM(H5:H79) -> 1957596.6 | H1: 出勤人數 | I1: =M15+M26+M48+M58+M69+M79+M37 -> 87.833333 | J1: 產線配置圖 | M1: 生產實績 | P1: 人時性差異分析 | T1: 日報登錄 | Z1: 分析說明 | AB1: 產能差異分析
A2: 10月04日 星期六 | D2: 人時性 | E2: =AVERAGE(O15,O26,O37,O48,O58,O69,O79) -> 105.05554 | F2: 平均廠價 | G2: =G1/E1 -> 49.271264 | H2: 多次生產數 | I2: =COUNT(I5:I79) -> 0
A3: 線別 | B3: 品類 | D3: 品名 | F3: 廠價 | G3: 生產量 | H3: 營收 | I3: 多次 生產 | J3: 人數 | K3: 產能/時 | L3: 人時性 | M3: 人數 | N3: 產能/時 | O3: 人時性 | P3: 人數 | Q3: 人時性 | R3: 達成率 | S3: 達成率平均 | T3: 生產時間 | V3: 前置、換線時間/分 | W3: 稼動時間/分 | X3: 休息時間 | Z3: (長家回填) | AB3: 產能/時 | AC3: 達成率 | AD3: 達成率平均
T4: 開始 | U4: 結束 | X4: 開始 | Y4: 結束
A5: 自動一線 (ET-600) | B5: =VLOOKUP(D5,廠價表!$C$1:$E$39,2,0) -> 義大利麵 | D5: 白酒蛤蜊義大利麵 | F5: =VLOOKUP(D5,廠價表!$C$1:$E$39,3,0) -> 57.21 | G5: 1259 | H5: =F5*G5 -> 72027.39 | J5: =VLOOKUP(D5,產線配置圖!$A$2:$C$38,2,0) -> 13 | K5: =VLOOKUP(D5,產線配置圖!$A$2:$C$38,3,0) -> 2000 | L5: =K5/J5 -> 153.84615 | M5: 13 | N5: =G5/W5*60 -> 1888.5 | O5: =N5/M5 -> 145.26923 | P5: =M5-J5 -> 0 | Q5: =O5-L5 -> -8.5769231 | R5: =O5/L5 -> 0.94425 | S5: =R15 -> 0.91276861 | T5: 0.29166667 | U5: 0.31944444 | W5: =(U5-T5)*24*60 -> 40 | AB5: =N5-K5 -> -111.5 | AC5: =N5/K5 -> 0.94425 | AD5: =AC15 -> 0.9128256
B6: =VLOOKUP(D6,廠價表!$C$1:$E$39,2,0) -> 義大利麵 | D6: 韓式起司炸雞義大利麵 | F6: =VLOOKUP(D6,廠價表!$C$1:$E$39,3,0) -> 57.21 | G6: 2168 | H6: =F6*G6 -> 124031.28 | J6: =VLOOKUP(D6,產線配置圖!$A$2:$C$38,2,0) -> 14 | K6: =VLOOKUP(D6,產線配置圖!$A$2:$C$38,3,0) -> 1895 | L6: =K6/J6 -> 135.35714 | M6: 14 | N6: =G6/W6*60 -> 1734.4 | O6: =N6/M6 -> 123.88571 | P6: =M6-J6 -> 0 | Q6: =O6-L6 -> -11.471429 | R6: =O6/L6 -> 0.91525066 | T6: 0.32986111 | U6: 0.38194444 | V6: =(T6-U5)*24*60 -> 15 | W6: =(U6-T6)*24*60 -> 75 | AB6: =N6-K6 -> -160.6 | AC6: =N6/K6 -> 0.91525066
B7: =VLOOKUP(D7,廠價表!$C$1:$E$39,2,0) -> 義大利麵 | D7: 奶油培根義大利麵 | F7: =VLOOKUP(D7,廠價表!$C$1:$E$39,3,0) -> 49.14 | G7: 4249 | H7: =F7*G7 -> 208795.86 | J7: =VLOOKUP(D7,產線配置圖!$A$2:$C$38,2,0) -> 13 | K7: =VLOOKUP(D7,產線配置圖!$A$2:$C$38,3,0) -> 2000 | L7: =K7/J7 -> 153.84615 | M7: 13 | N7: =G7/W7*60 -> 1758.2069 | O7: =N7/M7 -> 135.24668 | P7: =M7-J7 -> 0 | Q7: =O7-L7 -> -18.599469 | R7: =O7/L7 -> 0.87910345 | T7: 0.39236111 | U7: 0.49305556 | V7: =(T7-U6)*24*60 -> 15 | W7: =(U7-T7)*24*60 -> 145 | AB7: =N7-K7 -> -241.7931 | AC7: =N7/K7 -> 0.87910345
W8: =(U8-T8)*24*60 -> 0
H9: =F9*G9 -> 0 | W9: =(U9-T9)*24*60 -> 0
H10: =F10*G10 -> 0 | W10: =(U10-T10)*24*60 -> 0
H11: =F11*G11 -> 0 | W11: =(U11-T11)*24*60 -> 0
H12: =F12*G12 -> 0 | W12: =(U12-T12)*24*60 -> 0
H13: =F13*G13 -> 0 | W13: =(U13-T13)*24*60 -> 0
H14: =F14*G14 -> 0 | W14: =(U14-T14)*24*60 -> 0
C15: 4度一組 | D15: 平均 | J15: =AVERAGE(J5:J14) -> 13.333333 | K15: =AVERAGE(K5:K14) -> 1965 | L15: =AVERAGE(L5:L14) -> 147.68315 | M15: =AVERAGE(M5:M14) -> 13.333333 | N15: =AVERAGE(N5:N14) -> 1793.7023 | O15: =AVERAGE(O5:O14) -> 134.80054 | P15: =M15-J15 -> 0 | Q15: =O15-L15 -> -12.882607 | R15: =O15/L15 -> 0.91276861 | AB15: =N15-K15 -> -171.2977 | AC15: =N15/K15 -> 0.9128256
A16: 自動二線 (ET-600) | B16: 義大利麵 | D16: 白酒蛤蜊義大利麵 | F16: =VLOOKUP(D16,廠價表!$C$1:$E$39,3,0) -> 57.21 | G16: 1361 | H16: =F16*G16 -> 77862.81 | J16: =VLOOKUP(D16,產線配置圖!$A$2:$C$38,2,0) -> 13 | K16: =VLOOKUP(D16,產線配置圖!$A$2:$C$38,3,0) -> 2000 | L16: =K16/J16 -> 153.84615 | M16: 13 | N16: =G16/W16*60 -> 1814.6667 | O16: =N16/M16 -> 139.58974 | P16: =M16-J16 -> 0 | Q16: =O16-L16 -> -14.25641 | R16: =O16/L16 -> 0.90733333 | S16: =R26 -> 0.89492485 | T16: 0.29027778 | U16: 0.32152778 | W16: =(U16-T16)*24*60 -> 45 | AB16: =N16-K16 -> -185.33333 | AC16: =N16/K16 -> 0.90733333 | AD16: =AC26 -> 0.88779699
B17: 義大利麵 | D17: 熱那亞青醬義大利麵 | F17: =VLOOKUP(D17,廠價表!$C$1:$E$39,3,0) -> 50.67 | G17: 1640 | H17: =F17*G17 -> 83098.8 | J17: =VLOOKUP(D17,產線配置圖!$A$2:$C$38,2,0) -> 16 | K17: =VLOOKUP(D17,產線配置圖!$A$2:$C$38,3,0) -> 1915 | L17: =K17/J17 -> 119.6875 | M17: 16 | N17: =G17/W17*60 -> 1537.5 | O17: =N17/M17 -> 96.09375 | P17: =M17-J17 -> 0 | Q17: =O17-L17 -> -23.59375 | R17: =O17/L17 -> 0.80287206 | T17: 0.32638889 | U17: 0.37083333 | V17: =(T17-U16)*24*60 -> 7 | W17: =(U17-T17)*24*60 -> 64 | AB17: =N17-K17 -> -377.5 | AC17: =N17/K17 -> 0.80287206
B18: =VLOOKUP(D18,廠價表!$C$1:$E$39,2,0) -> 義大利麵 | D18: 義式蕃茄起司義大利麵 | F18: =VLOOKUP(D18,廠價表!$C$1:$E$39,3,0) -> 50.39 | G18: 3735 | H18: =F18*G18 -> 188206.65 | J18: =VLOOKUP(D18,產線配置圖!$A$2:$C$38,2,0) -> 12 | K18: =VLOOKUP(D18,產線配置圖!$A$2:$C$38,3,0) -> 2000 | L18: =K18/J18 -> 166.66667 | M18: 12 | N18: =G18/W18*60 -> 1899.1525 | O18: =N18/M18 -> 158.26271 | P18: =M18-J18 -> 0 | Q18: =O18-L18 -> -8.4039548 | R18: =O18/L18 -> 0.94957627 | T18: 0.38541667 | U18: 0.46736111 | V18: =(T18-U17)*24*60 -> 21 | W18: =(U18-T18)*24*60 -> 118 | AB18: =N18-K18 -> -100.84746 | AC18: =N18/K18 -> 0.94957627
W19: =(U19-T19)*24*60 -> 0
H20: =F20*G20 -> 0 | W20: 0
H21: =F21*G21 -> 0 | W21: 0
H22: =F22*G22 -> 0 | W22: 0
H23: =F23*G23 -> 0 | W23: =(U23-T23)*24*60 -> 0
H24: =F24*G24 -> 0 | W24: =(U24-T24)*24*60 -> 0
H25: =F25*G25 -> 0 | W25: =(U25-T25)*24*60 -> 0
C26: 4度二組A | D26: 平均 | J26: =AVERAGE(J16:J25) -> 13.666667 | K26: =AVERAGE(K16:K25) -> 1971.6667 | L26: =AVERAGE(L16:L25) -> 146.73344 | M26: =AVERAGE(M16:M25) -> 13.666667 | N26: =AVERAGE(N16:N25) -> 1750.4397 | O26: =AVERAGE(O16:O25) -> 131.3154 | P26: =M26-J26 -> 0 | Q26: =O26-L26 -> -15.418038 | R26: =O26/L26 -> 0.89492485 | AB26: =N26-K26 -> -221.22693 | AC26: =N26/K26 -> 0.88779699
A27: 手工三線 (ET-55) | B27: 義大利麵 | D27: 黑胡椒燻豬腿義大利麵 | F27: =VLOOKUP(D27,廠價表!$C$1:$E$39,3,0) -> 50.6 | G27: 1132 | H27: =F27*G27 -> 57279.2 | J27: 17 | K27: 1636 | L27: =K27/J27 -> 96.235294 | M27: 15 | N27: =G27/W27*60 -> 1171.0345 | O27: =N27/M27 -> 78.068966 | P27: =M27-J27 -> -2 | Q27: =O27-L27 -> -18.166329 | R27: =O27/L27 -> 0.81123008 | S27: =R37 -> 0.83151825 | T27: 0.29444444 | U27: 0.33472222 | W27: =(U27-T27)*24*60 -> 58 | AB27: =N27-K27 -> -464.96552 | AC27: =N27/K27 -> 0.71579125 | AD27: =AC37 -> 0.77753384
B28: =VLOOKUP(D28,廠價表!$C$1:$E$39,2,0) -> 義大利麵 | D28: 韓式辣醬肉丸義大利麵 | F28: =VLOOKUP(D28,廠價表!$C$1:$E$39,3,0) -> 57.21 | G28: 1503 | H28: =F28*G28 -> 85986.63 | J28: 17 | K28: 1636 | L28: =K28/J28 -> 96.235294 | M28: 17 | N28: =G28/W28*60 -> 1478.3607 | O28: =N28/M28 -> 86.962392 | P28: =M28-J28 -> 0 | Q28: =O28-L28 -> -9.2729026 | R28: =O28/L28 -> 0.90364343 | T28: 0.34652778 | U28: 0.38888889 | V28: =(T28-U27)*24*60 -> 17 | W28: =(U28-T28)*24*60 -> 61 | AB28: =N28-K28 -> -157.63934 | AC28: =N28/K28 -> 0.90364343
B29: =VLOOKUP(D29,廠價表!$C$1:$E$39,2,0) -> 義大利麵 | D29: 奶油蒜香雞義大利麵 | F29: =VLOOKUP(D29,廠價表!$C$1:$E$39,3,0) -> 55.13 | G29: 2116 | H29: =F29*G29 -> 116655.08 | J29: =VLOOKUP(D29,產線配置圖!$A$2:$C$38,2,0) -> 18 | K29: =VLOOKUP(D29,產線配置圖!$A$2:$C$38,3,0) -> 1385 | L29: =K29/J29 -> 76.944444 | M29: 18 | N29: =G29/W29*60 -> 1350.6383 | O29: =N29/M29 -> 75.035461 | P29: =M29-J29 -> 0 | Q29: =O29-L29 -> -1.9089835 | R29: =O29/L29 -> 0.97519011 | T29: 0.39930556 | U29: 0.46458333 | V29: =(T29-U28)*24*60 -> 15 | W29: =(U29-T29)*24*60 -> 94 | AB29: =N29-K29 -> -34.361702 | AC29: =N29/K29 -> 0.97519011
B30: =VLOOKUP(D30,廠價表!$C$1:$E$39,2,0) -> 熱乾麵 | D30: 家傳炸醬麵 | F30: =VLOOKUP(D30,廠價表!$C$1:$E$39,3,0) -> 47.6 | G30: 1146 | H30: =F30*G30 -> 54549.6 | J30: =VLOOKUP(D30,產線配置圖!$A$2:$C$38,2,0) -> 18 | K30: =VLOOKUP(D30,產線配置圖!$A$2:$C$38,3,0) -> 1636 | L30: =K30/J30 -> 90.888889 | M30: 15 | N30: =G30/W30*60 -> 892.98701 | O30: =N30/M30 -> 59.532468 | P30: =M30-J30 -> -3 | Q30: =O30-L30 -> -31.356421 | R30: =O30/L30 -> 0.6550027 | T30: 0.52708333 | U30: 0.58055556 | V30: =(T30-U29)*24*60 -> 90 | W30: =(U30-T30)*24*60 -> 77 | X30: 0.46875 | Y30: 0.51041667 | Z30: 12:50-13:11熱轉印故障 | AB30: =N30-K30 -> -743.01299 | AC30: =N30/K30 -> 0.54583558
W31: =(U31-T31)*24*60 -> 0
H32: =F32*G32 -> 0 | W32: =(U32-T32)*24*60 -> 0
H33: =F33*G33 -> 0 | W33: =(U33-T33)*24*60 -> 0
H34: =F34*G34 -> 0 | W34: =(U34-T34)*24*60 -> 0
H35: =F35*G35 -> 0 | W35: =(U35-T35)*24*60 -> 0
H36: =F36*G36 -> 0 | W36: =(U36-T36)*24*60 -> 0
C37: 4度二組B | D37: 平均 | J37: =AVERAGE(J27:J36) -> 17.5 | K37: =AVERAGE(K27:K36) -> 1573.25 | L37: =AVERAGE(L27:L36) -> 90.07598 | M37: =AVERAGE(M27:M36) -> 16.25 | N37: =AVERAGE(N27:N36) -> 1223.2551 | O37: =AVERAGE(O27:O36) -> 74.899821 | P37: =M37-J37 -> -1.25 | Q37: =N37-K37 -> -349.99489 | R37: =O37/L37 -> 0.83151825 | AB37: =N37-K37 -> -349.99489 | AC37: =N37/K37 -> 0.77753384
A38: 手工四線 (ET-55) | B38: 熱乾麵 | C38: =VLOOKUP(E38,廠價表!$C$1:$E$39,2,0) -> #N/A | D38: 青花椒麻雞肉拌麵 | F38: =VLOOKUP(D38,廠價表!$C$1:$E$39,3,0) -> 49.91 | G38: 2320 | H38: =F38*G38 -> 115791.2 | J38: =VLOOKUP(D38,產線配置圖!$A$2:$C$38,2,0) -> 17 | K38: =VLOOKUP(D38,產線配置圖!$A$2:$C$38,3,0) -> 1565 | L38: =K38/J38 -> 92.058824 | M38: 16 | N38: =G38/W38*60 -> 1378.2178 | O38: =N38/M38 -> 86.138614 | P38: =M38-J38 -> -1 | Q38: =O38-L38 -> -5.9202097 | R38: =O38/L38 -> 0.93569101 | S38: =R48 -> 0.91875333 | T38: 0.33263889 | U38: 0.40277778 | W38: =(U38-T38)*24*60 -> 101 | AB38: =N38-K38 -> -186.78218 | AC38: =N38/K38 -> 0.88065037 | AD38: =AC48 -> 0.83673158
B39: =VLOOKUP(D39,廠價表!$C$1:$E$39,2,0) -> 義大利麵 | C39: =VLOOKUP(E39,廠價表!$C$1:$E$39,2,0) -> #N/A | D39: 拿坡里義大利麵 | F39: =VLOOKUP(D39,廠價表!$C$1:$E$39,3,0) -> 58.17 | G39: 1296 | H39: =F39*G39 -> 75388.32 | J39: =VLOOKUP(D39,產線配置圖!$A$2:$C$38,2,0) -> 16 | K39: =VLOOKUP(D39,產線配置圖!$A$2:$C$38,3,0) -> 1429 | L39: =K39/J39 -> 89.3125 | M39: 14 | N39: =G39/W39*60 -> 1126.9565 | O39: =N39/M39 -> 80.496894 | P39: =M39-J39 -> -2 | Q39: =O39-L39 -> -8.8156056 | R39: =O39/L39 -> 0.90129483 | T39: 0.45 | U39: 0.49791667 | V39: =(T39-U38)*24*60 -> 68 | W39: =(U39-T39)*24*60 -> 69 | AB39: =N39-K39 -> -302.04348 | AC39: =N39/K39 -> 0.78863298
W40: =(U40-T40)*24*60 -> 0
W41: =(U41-T41)*24*60 -> 0
W42: =(U42-T42)*24*60 -> 0
H43: =F43*G43 -> 0 | W43: =(U43-T43)*24*60 -> 0
H44: =F44*G44 -> 0 | W44: =(U44-T44)*24*60 -> 0
H45: =F45*G45 -> 0 | W45: =(U45-T45)*24*60 -> 0
H46: =F46*G46 -> 0 | W46: =(U46-T46)*24*60 -> 0
H47: =F47*G47 -> 0 | W47: =(U47-T47)*24*60 -> 0
C48: 4度二組C1 | D48: 平均 | J48: =AVERAGE(J38:J47) -> 16.5 | K48: =AVERAGE(K38:K47) -> 1497 | L48: =AVERAGE(L38:L47) -> 90.685662 | M48: =AVERAGE(M38:M47) -> 15 | N48: =AVERAGE(N38:N47) -> 1252.5872 | O48: =AVERAGE(O38:O47) -> 83.317754 | P48: =M48-J48 -> -1.5 | Q48: =N48-K48 -> -244.41283 | R48: =O48/L48 -> 0.91875333 | W48: =(U48-T48)*24*60 -> 0 | AB48: =N48-K48 -> -244.41283 | AC48: =N48/K48 -> 0.83673158
A49: 手工五線 (ET-55) | B49: =VLOOKUP(D49,廠價表!$C$1:$E$39,2,0) -> 義大利麵 | D49: 焗烤起司雙饗筆尖麵 | F49: =VLOOKUP(D49,廠價表!$C$1:$E$39,3,0) -> 49.97 | G49: 4432 | H49: =F49*G49 -> 221467.04 | J49: =VLOOKUP(D49,產線配置圖!$A$2:$C$38,2,0) -> 18 | K49: =VLOOKUP(D49,產線配置圖!$A$2:$C$38,3,0) -> 1565 | L49: =K49/J49 -> 86.944444 | M49: 18 | N49: =G49/W49*60 -> 1564.2353 | O49: =N49/M49 -> 86.901961 | P49: =M49-J49 -> 0 | Q49: =O49-L49 -> -0.04248366 | R49: =O49/L49 -> 0.99951137 | S49: =R58 -> 0.9967532 | T49: 0.28888889 | U49: 0.40694444 | W49: =(U49-T49)*24*60 -> 170 | AB49: =N49-K49 -> -0.76470588 | AC49: =N49/K49 -> 0.99951137 | AD49: =AC58 -> 0.99680573
B50: =VLOOKUP(D50,廠價表!$C$1:$E$39,2,0) -> 義大利麵 | D50: 剝皮辣椒雞奶油扁麵 | F50: =VLOOKUP(D50,廠價表!$C$1:$E$39,3,0) -> 56.87 | G50: 2429 | H50: =F50*G50 -> 138137.23 | J50: =VLOOKUP(D50,產線配置圖!$A$2:$C$38,2,0) -> 17 | K50: =VLOOKUP(D50,產線配置圖!$A$2:$C$38,3,0) -> 1500 | L50: =K50/J50 -> 88.235294 | M50: 17 | N50: =G50/W50*60 -> 1487.1429 | O50: =N50/M50 -> 87.478992 | P50: =M50-J50 -> 0 | Q50: =O50-L50 -> -0.75630252 | R50: =O50/L50 -> 0.99142857 | T50: 0.41319444 | U50: 0.48125 | V50: =(T50-U49)*24*60 -> 9 | W50: =(U50-T50)*24*60 -> 98 | AB50: =N50-K50 -> -12.857143 | AC50: =N50/K50 -> 0.99142857
B51: =VLOOKUP(D51,廠價表!$C$1:$E$39,2,0) -> 義大利麵 | D51: 剝皮辣椒雞奶油扁麵 | F51: =VLOOKUP(D51,廠價表!$C$1:$E$39,3,0) -> 56.87 | G51: 3123 | H51: =F51*G51 -> 177605.01 | J51: =VLOOKUP(D51,產線配置圖!$A$2:$C$38,2,0) -> 17 | K51: =VLOOKUP(D51,產線配置圖!$A$2:$C$38,3,0) -> 1500 | L51: =K51/J51 -> 88.235294 | M51: 17 | N51: =G51/W51*60 -> 1499.04 | O51: =N51/M51 -> 88.178824 | P51: =M51-J51 -> 0 | Q51: =O51-L51 -> -0.056470588 | R51: =O51/L51 -> 0.99936 | T51: 0.54305556 | U51: 0.62986111 | V51: =(T51-U50)*24*60 -> 89 | W51: =(U51-T51)*24*60 -> 125 | X51: 0.48958333 | Y51: 0.53125 | AB51: =N51-K51 -> -0.96 | AC51: =N51/K51 -> 0.99936
W52: =(U52-T52)*24*60 -> 0
H53: =F53*G53 -> 0 | W53: =(U53-T53)*24*60 -> 0
H54: =F54*G54 -> 0 | W54: =(U54-T54)*24*60 -> 0
H55: =F55*G55 -> 0 | W55: =(U55-T55)*24*60 -> 0
H56: =F56*G56 -> 0 | W56: =(U56-T56)*24*60 -> 0
H57: =F57*G57 -> 0 | W57: =(U57-T57)*24*60 -> 0
C58: 4度二組C2 | D58: 平均 | J58: =AVERAGE(J49:J57) -> 17.333333 | K58: =AVERAGE(K49:K57) -> 1521.6667 | L58: =AVERAGE(L49:L57) -> 87.805011 | M58: =AVERAGE(M49:M57) -> 17.333333 | N58: =AVERAGE(N49:N57) -> 1516.8061 | O58: =AVERAGE(O49:O57) -> 87.519925 | P58: =M58-J58 -> 0 | Q58: =N58-K58 -> -4.8606162 | R58: =O58/L58 -> 0.9967532 | AB58: =N58-K58 -> -4.8606162 | AC58: =N58/K58 -> 0.99680573
A59: 調理包一線 (八爪機) | B59: =VLOOKUP(D59,廠價表!$C$1:$E$39,2,0) -> 小吃、微波 | D59: 小滷青蔬 | F59: =VLOOKUP(D59,廠價表!$C$1:$E$39,3,0) -> 26.99 | G59: 3144 | H59: =F59*G59 -> 84856.56 | J59: =VLOOKUP(D59,產線配置圖!$A$2:$C$38,2,0) -> 13 | K59: =VLOOKUP(D59,產線配置圖!$A$2:$C$38,3,0) -> 1565 | L59: =K59/J59 -> 120.38462 | M59: 13 | N59: =G59/W59*60 -> 1366.9565 | O59: =N59/M59 -> 105.1505 | P59: =M59-J59 -> 0 | Q59: =O59-L59 -> -15.234114 | R59: =O59/L59 -> 0.87345465 | S59: =R69 -> 0.92628461 | T59: 0.29166667 | U59: 0.3875 | W59: =(U59-T59)*24*60 -> 138 | AB59: =N59-K59 -> -198.04348 | AC59: =N59/K59 -> 0.87345465 | AD59: =AC69 -> 0.92526865
B60: =VLOOKUP(D60,廠價表!$C$1:$E$39,2,0) -> 小吃、微波 | D60: 台式綜合甜不辣 | F60: =VLOOKUP(D60,廠價表!$C$1:$E$39,3,0) -> 28.47 | G60: 846 | H60: =F60*G60 -> 24085.62 | J60: =VLOOKUP(D60,產線配置圖!$A$2:$C$38,2,0) -> 12 | K60: =VLOOKUP(D60,產線配置圖!$A$2:$C$38,3,0) -> 1565 | L60: =K60/J60 -> 130.41667 | M60: 12 | N60: =G60/W60*60 -> 1371.8919 | O60: =N60/M60 -> 114.32432 | P60: =M60-J60 -> 0 | Q60: =O60-L60 -> -16.092342 | R60: =O60/L60 -> 0.87660824 | T60: 0.39791667 | U60: 0.42361111 | V60: =(T60-U59)*24*60 -> 15 | W60: =(U60-T60)*24*60 -> 37 | AB60: =N60-K60 -> -193.10811 | AC60: =N60/K60 -> 0.87660824
B61: =VLOOKUP(D61,廠價表!$C$1:$E$39,2,0) -> 小吃、微波 | D61: 起司馬鈴薯 | F61: =VLOOKUP(D61,廠價表!$C$1:$E$39,3,0) -> 28.26 | G61: 918 | H61: =F61*G61 -> 25942.68 | J61: =VLOOKUP(D61,產線配置圖!$A$2:$C$38,2,0) -> 12 | K61: =VLOOKUP(D61,產線配置圖!$A$2:$C$38,3,0) -> 1565 | L61: =K61/J61 -> 130.41667 | M61: 12 | N61: =G61/W61*60 -> 1530 | O61: =N61/M61 -> 127.5 | P61: =M61-J61 -> 0 | Q61: =O61-L61 -> -2.9166667 | R61: =O61/L61 -> 0.97763578 | T61: 0.43402778 | U61: 0.45902778 | V61: =(T61-U60)*24*60 -> 15 | W61: =(U61-T61)*24*60 -> 36 | X61: 0.46875 | Y61: 0.51041667 | AB61: =N61-K61 -> -35 | AC61: =N61/K61 -> 0.97763578
B62: =VLOOKUP(D62,廠價表!$C$1:$E$39,2,0) -> 小吃、微波 | D62: 起司馬鈴薯 | F62: =VLOOKUP(D62,廠價表!$C$1:$E$39,3,0) -> 28.26 | G62: 914 | H62: =F62*G62 -> 25829.64 | J62: =VLOOKUP(D62,產線配置圖!$A$2:$C$38,2,0) -> 12 | K62: =VLOOKUP(D62,產線配置圖!$A$2:$C$38,3,0) -> 1565 | L62: =K62/J62 -> 130.41667 | M62: 12 | N62: =G62/W62*60 -> 1523.3333 | O62: =N62/M62 -> 126.94444 | P62: =M62-J62 -> 0 | Q62: =O62-L62 -> -3.4722222 | R62: =O62/L62 -> 0.97337593 | T62: 0.53472222 | U62: 0.55972222 | V62: =(T62-U61)*24*60 -> 109 | W62: =(U62-T62)*24*60 -> 36
H63: =F63*G63 -> 0 | W63: =(U63-T63)*24*60 -> 0
H64: =F64*G64 -> 0 | W64: =(U64-T64)*24*60 -> 0
H65: =F65*G65 -> 0 | W65: =(U65-T65)*24*60 -> 0
H66: =F66*G66 -> 0 | W66: =(U66-T66)*24*60 -> 0
H67: =F67*G67 -> 0 | W67: =(U67-T67)*24*60 -> 0
H68: =F68*G68 -> 0 | W68: =(U68-T68)*24*60 -> 0
C69: 4度三組 | D69: 平均 | J69: =AVERAGE(J59:J68) -> 12.25 | K69: =AVERAGE(K59:K68) -> 1565 | L69: =AVERAGE(L59:L68) -> 127.90865 | M69: =AVERAGE(M59:M68) -> 12.25 | N69: =AVERAGE(N59:N68) -> 1448.0454 | O69: =AVERAGE(O59:O68) -> 118.47982 | P69: =M69-J69 -> 0 | Q69: =N69-K69 -> -116.95456 | R69: =O69/L69 -> 0.92628461 | AB69: =N69-K69 -> -116.95456 | AC69: =N69/K69 -> 0.92526865
A70: 調理包二線 (手工) | S70: =R79 -> 0 | W70: =(U70-T70)*24*60 -> 0 | AD70: =AC79 -> 0
H71: =F71*G71 -> 0 | W71: =(U71-T71)*24*60 -> 0
H72: =F72*G72 -> 0 | W72: =(U72-T72)*24*60 -> 0
H73: =F73*G73 -> 0 | W73: =(U73-T73)*24*60 -> 0
H74: =F74*G74 -> 0 | W74: =(U74-T74)*24*60 -> 0
H75: =F75*G75 -> 0 | W75: =(U75-T75)*24*60 -> 0
H76: =F76*G76 -> 0 | W76: =(U76-T76)*24*60 -> 0
H77: =F77*G77 -> 0 | W77: =(U77-T77)*24*60 -> 0
H78: =F78*G78 -> 0 | W78: =(U78-T78)*24*60 -> 0
C79: 4度四組 | D79: 平均
AF80: 1.當日出勤人數較多
AF81: 2.當日出勤人數較少
AF82: 3.當日出勤熟手較少
AF83: 4.當日出勤新人較多
AF84: 5.機台夾盒
AF85: 6.封膜不順
AF86: 7.更換膠膜
AF87: 8.更換碳帶
AF88: 9.當日熱轉印碳帶異常
AF89: 10.訂單量過少
AF90: 11.新品上市，尚未熟悉
AF91: 12.商品結構，產能較低
AF92: 13.區域出貨，分段生產

Sheet 1005總
B1: 長家廠組合室生產人時性分析
B3: 日期 | D3: 45935 | F3: 訂單量 | G3: ='1005'!E1 -> 44134 | I3: 營業額 | J3: ='1005'!G1 -> 2173287.6
B4: 項目 | D4: 3 | F4: ➀ | H4: ➁ | J4: ③
B5: 人時性 | D5: 組合室 | F5: 全溫層 | H5: 義大利麵 | J5: 袋裝小吃、義麵
D6: 排關平均 | F6: =AVERAGE(D13:J13) -> 112.47854 | H6: =AVERAGE(D13:H13) -> 109.55971 | J6: =AVERAGE(I13) -> 127.07265
D7: 實績平均 | F7: =AVERAGE(D14:J14) -> 100.67267 | H7: =AVERAGE(D14:H14) -> 98.011665 | J7: =AVERAGE(I14) -> 113.97771
D8: 達成率平均 | F8: =AVERAGE(D15:J15) -> 0.89518597 | H8: =AVERAGE(D15:H15) -> 0.89483332 | J8: =AVERAGE(I15) -> 0.89694922 | L8: ※現行日本鮮食廠以達成率80%為基本(即為現行KPI)
B10: 溫層 | D10: 4度C-各編組展開
B11: 編組 | D11: 1 | E11: 2 | F11: 3 | G11: 4 | H11: 5 | I11: 6 | J11: 7
D12: 自動1線 | E12: 自動2線 | F12: 手工3線 | G12: 手工4線 | H12: 手工5線 | I12: 調理包1線 | J12: 調理包2線
B13: 人時性 | C13: 排關 | D13: =VALUE('1005'!L15) -> 132.49847 | E13: =VALUE('1005'!L26) -> 146.73344 | F13: =VALUE('1005'!L37) -> 90.07598 | G13: =VALUE('1005'!L48) -> 90.685662 | H13: =VALUE('1005'!L58) -> 87.805011 | I13: =VALUE('1005'!L69) -> 127.07265
C14: 實績 | D14: =VALUE('1005'!O15) -> 121.89039 | E14: =VALUE('1005'!O26) -> 128.84787 | F14: =VALUE('1005'!O37) -> 74.659691 | G14: =VALUE('1005'!O48) -> 77.475 | H14: =VALUE('1005'!O58) -> 87.185371 | I14: =VALUE('1005'!O69) -> 113.97771
C15: 達成率 | D15: =D14/D13 -> 0.91993805 | E15: =E14/E13 -> 0.87810845 | F15: =F14/F13 -> 0.82885239 | G15: =G14/G13 -> 0.85432469 | H15: =H14/H13 -> 0.99294301 | I15: =I14/I13 -> 0.89694922
B16: 作業 時間 | C16: 開始 | D16: ='1005'!T5 -> 0.29027778 | E16: ='1005'!T16 -> 0.28958333 | F16: ='1005'!T27 -> 0.29166667 | G16: ='1005'!T38 -> 0.33263889 | H16: ='1005'!T49 -> 0.28888889 | I16: ='1005'!T59 -> 0.29166667
C17: 結束 | D17: 0.63888889 | E17: 0.49722222 | F17: 0.56597222 | G17: 0.46180556 | H17: 0.65625 | I17: 0.49652778
B18: 配置人數 | D18: =VALUE('1005'!M15) -> 14.5 | E18: =VALUE('1005'!M26) -> 13.666667 | F18: =VALUE('1005'!M37) -> 16.75 | G18: =VALUE('1005'!M48) -> 16.5 | H18: =VALUE('1005'!M58) -> 17.333333 | I18: =VALUE('1005'!M69) -> 12.333333
B19: 主要應用設備 | D19: ET-600 | E19: ET-600 | F19: ET-55 | G19: ET-55 | H19: ET-55 | I19: 八爪機
B20: 次要應用設備 | H20: 封口機
B21: 備註

Sheet 1005
A1: 長家廠4度C日報分析 | D1: 總生產量 | E1: =SUM(G5:G79) -> 44134 | F1: 營業額 | G1: =SUM(H5:H79) -> 2173287.6 | H1: 出勤人數 | I1: =M15+M26+M48+M58+M69+M79+M37 -> 91.083333 | J1: 產線配置圖 | M1: 生產實績 | P1: 人時性差異分析 | T1: 日報登錄 | Z1: 分析說明 | AB1: 產能差異分析
A2: 10月05日 星期日 | D2: 人時性 | E2: =AVERAGE(O15,O26,O37,O48,O58,O69,O79) -> 100.67267 | F2: 平均廠價 | G2: =G1/E1 -> 49.242933 | H2: 多次生產數 | I2: =COUNT(I5:I79) -> 0
A3: 線別 | B3: 品類 | D3: 品名 | F3: 廠價 | G3: 生產量 | H3: 營收 | I3: 多次 生產 | J3: 人數 | K3: 產能/時 | L3: 人時性 | M3: 人數 | N3: 產能/時 | O3: 人時性 | P3: 人數 | Q3: 人時性 | R3: 達成率 | S3: 達成率平均 | T3: 生產時間 | V3: 前置、換線時間/分 | W3: 稼動時間/分 | X3: 休息時間 | Z3: (長家回填) | AB3: 產能/時 | AC3: 達成率 | AD3: 達成率平均
T4: 開始 | U4: 結束 | X4: 開始 | Y4: 結束
A5: 自動一線 (ET-600) | B5: =VLOOKUP(D5,廠價表!$C$1:$E$39,2,0) -> 義大利麵 | D5: 白酒蛤蜊義大利麵 | F5: =VLOOKUP(D5,廠價表!$C$1:$E$39,3,0) -> 57.21 | G5: 1371 | H5: =F5*G5 -> 78434.91 | J5: =VLOOKUP(D5,產線配置圖!$A$2:$C$38,2,0) -> 13 | K5: =VLOOKUP(D5,產線配置圖!$A$2:$C$38,3,0) -> 2000 | L5: =K5/J5 -> 153.84615 | M5: 13 | N5: =G5/W5*60 -> 1750.2128 | O5: =N5/M5 -> 134.63175 | P5: =M5-J5 -> 0 | Q5: =O5-L5 -> -19.214403 | R5: =O5/L5 -> 0.87510638 | S5: =R15 -> 0.91993805 | T5: 0.29027778 | U5: 0.32291667 | W5: =(U5-T5)*24*60 -> 47 | AB5: =N5-K5 -> -249.78723 | AC5: =N5/K5 -> 0.87510638 | AD5: =AC15 -> 0.92286107
B6: =VLOOKUP(D6,廠價表!$C$1:$E$39,2,0) -> 義大利麵 | D6: 韓式起司炸雞義大利麵 | F6: =VLOOKUP(D6,廠價表!$C$1:$E$39,3,0) -> 57.21 | G6: 2242 | H6: =F6*G6 -> 128264.82 | J6: =VLOOKUP(D6,產線配置圖!$A$2:$C$38,2,0) -> 14 | K6: =VLOOKUP(D6,產線配置圖!$A$2:$C$38,3,0) -> 1895 | L6: =K6/J6 -> 135.35714 | M6: 14 | N6: =G6/W6*60 -> 1660.7407 | O6: =N6/M6 -> 118.62434 | P6: =M6-J6 -> 0 | Q6: =O6-L6 -> -16.732804 | R6: =O6/L6 -> 0.87638034 | T6: 0.32986111 | U6: 0.38611111 | W6: =(U6-T6)*24*60 -> 81 | AB6: =N6-K6 -> -234.25926 | AC6: =N6/K6 -> 0.87638034
B7: =VLOOKUP(D7,廠價表!$C$1:$E$39,2,0) -> 義大利麵 | D7: 奶油培根義大利麵 | F7: =VLOOKUP(D7,廠價表!$C$1:$E$39,3,0) -> 49.14 | G7: 5190 | H7: =F7*G7 -> 255036.6 | J7: =VLOOKUP(D7,產線配置圖!$A$2:$C$38,2,0) -> 13 | K7: =VLOOKUP(D7,產線配置圖!$A$2:$C$38,3,0) -> 2000 | L7: =K7/J7 -> 153.84615 | M7: 13 | N7: =G7/W7*60 -> 1934.1615 | O7: =N7/M7 -> 148.78165 | P7: =M7-J7 -> 0 | Q7: =O7-L7 -> -5.0645007 | R7: =O7/L7 -> 0.96708075 | T7: 0.39444444 | U7: 0.50625 | V7: =(T7-U6)*24*60 -> 12 | W7: =(U7-T7)*24*60 -> 161 | AB7: =N7-K7 -> -65.838509 | AC7: =N7/K7 -> 0.96708075
B8: 義大利麵 | D8: 焗烤起司雙饗筆尖麵 | F8: =VLOOKUP(D8,廠價表!$C$1:$E$39,3,0) -> 49.97 | G8: 898 | H8: =F8*G8 -> 44873.06 | J8: =VLOOKUP(D8,產線配置圖!$A$2:$C$38,2,0) -> 18 | K8: =VLOOKUP(D8,產線配置圖!$A$2:$C$38,3,0) -> 1565 | L8: =K8/J8 -> 86.944444 | M8: 18 | N8: =G8/W8*60 -> 1539.4286 | O8: =N8/M8 -> 85.52381 | P8: =M8-J8 -> 0 | Q8: =O8-L8 -> -1.4206349 | R8: =O8/L8 -> 0.98366043 | T8: 0.61458333 | U8: 0.63888889 | V8: =(T8-U7)*24*60 -> 156 | W8: =(U8-T8)*24*60 -> 35 | X8: 0.52083333 | Y8: 0.60416667 | Z8: 支援製作
H9: =F9*G9 -> 0 | W9: =(U9-T9)*24*60 -> 0
H10: =F10*G10 -> 0 | W10: =(U10-T10)*24*60 -> 0
H11: =F11*G11 -> 0 | W11: =(U11-T11)*24*60 -> 0
H12: =F12*G12 -> 0 | W12: =(U12-T12)*24*60 -> 0
H13: =F13*G13 -> 0 | W13: =(U13-T13)*24*60 -> 0
H14: =F14*G14 -> 0 | W14: =(U14-T14)*24*60 -> 0
C15: 4度一組 | D15: 平均 | J15: =AVERAGE(J5:J14) -> 14.5 | K15: =AVERAGE(K5:K14) -> 1865 | L15: =AVERAGE(L5:L14) -> 132.49847 | M15: =AVERAGE(M5:M14) -> 14.5 | N15: =AVERAGE(N5:N14) -> 1721.1359 | O15: =AVERAGE(O5:O14) -> 121.89039 | P15: =M15-J15 -> 0 | Q15: =O15-L15 -> -10.608086 | R15: =O15/L15 -> 0.91993805 | AB15: =N15-K15 -> -143.86411 | AC15: =N15/K15 -> 0.92286107
A16: 自動二線 (ET-600) | B16: 義大利麵 | D16: 白酒蛤蜊義大利麵 | F16: =VLOOKUP(D16,廠價表!$C$1:$E$39,3,0) -> 57.21 | G16: 1426 | H16: =F16*G16 -> 81581.46 | J16: =VLOOKUP(D16,產線配置圖!$A$2:$C$38,2,0) -> 13 | K16: =VLOOKUP(D16,產線配置圖!$A$2:$C$38,3,0) -> 2000 | L16: =K16/J16 -> 153.84615 | M16: 13 | N16: =G16/W16*60 -> 1782.5 | O16: =N16/M16 -> 137.11538 | P16: =M16-J16 -> 0 | Q16: =O16-L16 -> -16.730769 | R16: =O16/L16 -> 0.89125 | S16: =R26 -> 0.87810845 | T16: 0.28958333 | U16: 0.32291667 | W16: =(U16-T16)*24*60 -> 48 | AB16: =N16-K16 -> -217.5 | AC16: =N16/K16 -> 0.89125 | AD16: =AC26 -> 0.87347273
B17: 義大利麵 | D17: 熱那亞青醬義大利麵 | F17: =VLOOKUP(D17,廠價表!$C$1:$E$39,3,0) -> 50.67 | G17: 1642 | H17: =F17*G17 -> 83200.14 | J17: =VLOOKUP(D17,產線配置圖!$A$2:$C$38,2,0) -> 16 | K17: =VLOOKUP(D17,產線配置圖!$A$2:$C$38,3,0) -> 1915 | L17: =K17/J17 -> 119.6875 | M17: 16 | N17: =G17/W17*60 -> 1563.8095 | O17: =N17/M17 -> 97.738095 | P17: =M17-J17 -> 0 | Q17: =O17-L17 -> -21.949405 | R17: =O17/L17 -> 0.81661072 | T17: 0.33055556 | U17: 0.37430556 | V17: =(T17-U16)*24*60 -> 11 | W17: =(U17-T17)*24*60 -> 63 | AB17: =N17-K17 -> -351.19048 | AC17: =N17/K17 -> 0.81661072
B18: =VLOOKUP(D18,廠價表!$C$1:$E$39,2,0) -> 義大利麵 | D18: 義式蕃茄起司義大利麵 | F18: =VLOOKUP(D18,廠價表!$C$1:$E$39,3,0) -> 50.39 | G18: 4308 | H18: =F18*G18 -> 217080.12 | J18: =VLOOKUP(D18,產線配置圖!$A$2:$C$38,2,0) -> 12 | K18: =VLOOKUP(D18,產線配置圖!$A$2:$C$38,3,0) -> 2000 | L18: =K18/J18 -> 166.66667 | M18: 12 | N18: =G18/W18*60 -> 1820.2817 | O18: =N18/M18 -> 151.69014 | P18: =M18-J18 -> 0 | Q18: =O18-L18 -> -14.976526 | R18: =O18/L18 -> 0.91014085 | T18: 0.39861111 | U18: 0.49722222 | V18: =(T18-U17)*24*60 -> 35 | W18: =(U18-T18)*24*60 -> 142 | AB18: =N18-K18 -> -179.71831 | AC18: =N18/K18 -> 0.91014085
W19: =(U19-T19)*24*60 -> 0
H20: =F20*G20 -> 0 | W20: 0
H21: =F21*G21 -> 0 | W21: 0
H22: =F22*G22 -> 0 | W22: 0
H23: =F23*G23 -> 0 | W23: =(U23-T23)*24*60 -> 0
H24: =F24*G24 -> 0 | W24: =(U24-T24)*24*60 -> 0
H25: =F25*G25 -> 0 | W25: =(U25-T25)*24*60 -> 0
C26: 4度二組A | D26: 平均 | J26: =AVERAGE(J16:J25) -> 13.666667 | K26: =AVERAGE(K16:K25) -> 1971.6667 | L26: =AVERAGE(L16:L25) -> 146.73344 | M26: =AVERAGE(M16:M25) -> 13.666667 | N26: =AVERAGE(N16:N25) -> 1722.1971 | O26: =AVERAGE(O16:O25) -> 128.84787 | P26: =M26-J26 -> 0 | Q26: =O26-L26 -> -17.885567 | R26: =O26/L26 -> 0.87810845 | AB26: =N26-K26 -> -249.4696 | AC26: =N26/K26 -> 0.87347273
A27: 手工三線 (ET-55) | B27: 義大利麵 | D27: 黑胡椒燻豬腿義大利麵 | F27: =VLOOKUP(D27,廠價表!$C$1:$E$39,3,0) -> 50.6 | G27: 1060 | H27: =F27*G27 -> 53636 | J27: 17 | K27: 1636 | L27: =K27/J27 -> 96.235294 | M27: 17 | N27: =G27/W27*60 -> 1156.3636 | O27: =N27/M27 -> 68.02139 | P27: =M27-J27 -> 0 | Q27: =O27-L27 -> -28.213904 | R27: =O27/L27 -> 0.70682374 | S27: =R37 -> 0.82885239 | T27: 0.29166667 | U27: 0.32986111 | W27: =(U27-T27)*24*60 -> 55 | Z27: 生產數量少 | AB27: =N27-K27 -> -479.63636 | AC27: =N27/K27 -> 0.70682374 | AD27: =AC37 -> 0.79450084
B28: =VLOOKUP(D28,廠價表!$C$1:$E$39,2,0) -> 義大利麵 | D28: 韓式辣醬肉丸義大利麵 | F28: =VLOOKUP(D28,廠價表!$C$1:$E$39,3,0) -> 57.21 | G28: 1418 | H28: =F28*G28 -> 81123.78 | J28: 17 | K28: 1636 | L28: =K28/J28 -> 96.235294 | M28: 16 | N28: =G28/W28*60 -> 1233.0435 | O28: =N28/M28 -> 77.065217 | P28: =M28-J28 -> -1 | Q28: =O28-L28 -> -19.170077 | R28: =O28/L28 -> 0.80079994 | T28: 0.33402778 | U28: 0.38194444 | V28: =(T28-U27)*24*60 -> 6 | W28: =(U28-T28)*24*60 -> 69 | AB28: =N28-K28 -> -402.95652 | AC28: =N28/K28 -> 0.75369406
B29: =VLOOKUP(D29,廠價表!$C$1:$E$39,2,0) -> 義大利麵 | D29: 奶油蒜香雞義大利麵 | F29: =VLOOKUP(D29,廠價表!$C$1:$E$39,3,0) -> 55.13 | G29: 2133 | H29: =F29*G29 -> 117592.29 | J29: =VLOOKUP(D29,產線配置圖!$A$2:$C$38,2,0) -> 18 | K29: =VLOOKUP(D29,產線配置圖!$A$2:$C$38,3,0) -> 1385 | L29: =K29/J29 -> 76.944444 | M29: 17 | N29: =G29/W29*60 -> 1122.6316 | O29: =N29/M29 -> 66.037152 | P29: =M29-J29 -> -1 | Q29: =O29-L29 -> -10.907293 | R29: =O29/L29 -> 0.85824457 | T29: 0.39305556 | U29: 0.47222222 | V29: =(T29-U28)*24*60 -> 16 | W29: =(U29-T29)*24*60 -> 114 | AB29: =N29-K29 -> -262.36842 | AC29: =N29/K29 -> 0.81056432
B30: =VLOOKUP(D30,廠價表!$C$1:$E$39,2,0) -> 熱乾麵 | D30: 家傳炸醬麵 | F30: =VLOOKUP(D30,廠價表!$C$1:$E$39,3,0) -> 47.6 | G30: 1215 | H30: =F30*G30 -> 57834 | J30: =VLOOKUP(D30,產線配置圖!$A$2:$C$38,2,0) -> 18 | K30: =VLOOKUP(D30,產線配置圖!$A$2:$C$38,3,0) -> 1636 | L30: =K30/J30 -> 90.888889 | M30: 17 | N30: =G30/W30*60 -> 1487.7551 | O30: =N30/M30 -> 87.515006 | P30: =M30-J30 -> -1 | Q30: =O30-L30 -> -3.3738829 | R30: =O30/L30 -> 0.96287904 | T30: 0.53194444 | U30: 0.56597222 | V30: =(T30-U29)*24*60 -> 86 | W30: =(U30-T30)*24*60 -> 49 | X30: 0.46875 | Y30: 0.51041667 | Z30: 12:50-13:11熱轉印故障 | AB30: =N30-K30 -> -148.2449 | AC30: =N30/K30 -> 0.90938576
W31: =(U31-T31)*24*60 -> 0
H32: =F32*G32 -> 0 | W32: =(U32-T32)*24*60 -> 0
H33: =F33*G33 -> 0 | W33: =(U33-T33)*24*60 -> 0
H34: =F34*G34 -> 0 | W34: =(U34-T34)*24*60 -> 0
H35: =F35*G35 -> 0 | W35: =(U35-T35)*24*60 -> 0
H36: =F36*G36 -> 0 | W36: =(U36-T36)*24*60 -> 0
C37: 4度二組B | D37: 平均 | J37: =AVERAGE(J27:J36) -> 17.5 | K37: =AVERAGE(K27:K36) -> 1573.25 | L37: =AVERAGE(L27:L36) -> 90.07598 | M37: =AVERAGE(M27:M36) -> 16.75 | N37: =AVERAGE(N27:N36) -> 1249.9484 | O37: =AVERAGE(O27:O36) -> 74.659691 | P37: =M37-J37 -> -0.75 | Q37: =N37-K37 -> -323.30155 | R37: =O37/L37 -> 0.82885239 | AB37: =N37-K37 -> -323.30155 | AC37: =N37/K37 -> 0.79450084
A38: 手工四線 (ET-55) | B38: 熱乾麵 | C38: =VLOOKUP(E38,廠價表!$C$1:$E$39,2,0) -> #N/A | D38: 青花椒麻雞肉拌麵 | F38: =VLOOKUP(D38,廠價表!$C$1:$E$39,3,0) -> 49.91 | G38: 2482 | H38: =F38*G38 -> 123876.62 | J38: =VLOOKUP(D38,產線配置圖!$A$2:$C$38,2,0) -> 17 | K38: =VLOOKUP(D38,產線配置圖!$A$2:$C$38,3,0) -> 1565 | L38: =K38/J38 -> 92.058824 | M38: 17 | N38: =G38/W38*60 -> 1551.25 | O38: =N38/M38 -> 91.25 | P38: =M38-J38 -> 0 | Q38: =O38-L38 -> -0.80882353 | R38: =O38/L38 -> 0.99121406 | S38: =R48 -> 0.85432469 | T38: 0.33263889 | U38: 0.39930556 | W38: =(U38-T38)*24*60 -> 96 | AB38: =N38-K38 -> -13.75 | AC38: =N38/K38 -> 0.99121406 | AD38: =AC48 -> 0.85853373
B39: =VLOOKUP(D39,廠價表!$C$1:$E$39,2,0) -> 義大利麵 | C39: =VLOOKUP(E39,廠價表!$C$1:$E$39,2,0) -> #N/A | D39: 拿坡里義大利麵 | F39: =VLOOKUP(D39,廠價表!$C$1:$E$39,3,0) -> 58.17 | G39: 1274 | H39: =F39*G39 -> 74108.58 | J39: =VLOOKUP(D39,產線配置圖!$A$2:$C$38,2,0) -> 16 | K39: =VLOOKUP(D39,產線配置圖!$A$2:$C$38,3,0) -> 1429 | L39: =K39/J39 -> 89.3125 | M39: 16 | N39: =G39/W39*60 -> 1019.2 | O39: =N39/M39 -> 63.7 | P39: =M39-J39 -> 0 | Q39: =O39-L39 -> -25.6125 | R39: =O39/L39 -> 0.71322603 | T39: 0.40972222 | U39: 0.46180556 | V39: =(T39-U38)*24*60 -> 15 | W39: =(U39-T39)*24*60 -> 75 | Z39: 封口設備異常 | AB39: =N39-K39 -> -409.8 | AC39: =N39/K39 -> 0.71322603
W40: =(U40-T40)*24*60 -> 0
W41: =(U41-T41)*24*60 -> 0
W42: =(U42-T42)*24*60 -> 0
H43: =F43*G43 -> 0 | W43: =(U43-T43)*24*60 -> 0
H44: =F44*G44 -> 0 | W44: =(U44-T44)*24*60 -> 0
H45: =F45*G45 -> 0 | W45: =(U45-T45)*24*60 -> 0
H46: =F46*G46 -> 0 | W46: =(U46-T46)*24*60 -> 0
H47: =F47*G47 -> 0 | W47: =(U47-T47)*24*60 -> 0
C48: 4度二組C1 | D48: 平均 | J48: =AVERAGE(J38:J47) -> 16.5 | K48: =AVERAGE(K38:K47) -> 1497 | L48: =AVERAGE(L38:L47) -> 90.685662 | M48: =AVERAGE(M38:M47) -> 16.5 | N48: =AVERAGE(N38:N47) -> 1285.225 | O48: =AVERAGE(O38:O47) -> 77.475 | P48: =M48-J48 -> 0 | Q48: =N48-K48 -> -211.775 | R48: =O48/L48 -> 0.85432469 | W48: =(U48-T48)*24*60 -> 0 | AB48: =N48-K48 -> -211.775 | AC48: =N48/K48 -> 0.85853373
A49: 手工五線 (ET-55) | B49: =VLOOKUP(D49,廠價表!$C$1:$E$39,2,0) -> 義大利麵 | D49: 焗烤起司雙饗筆尖麵 | F49: =VLOOKUP(D49,廠價表!$C$1:$E$39,3,0) -> 49.97 | G49: 4422 | H49: =F49*G49 -> 220967.34 | J49: =VLOOKUP(D49,產線配置圖!$A$2:$C$38,2,0) -> 18 | K49: =VLOOKUP(D49,產線配置圖!$A$2:$C$38,3,0) -> 1565 | L49: =K49/J49 -> 86.944444 | M49: 18 | N49: =G49/W49*60 -> 1560.7059 | O49: =N49/M49 -> 86.705882 | P49: =M49-J49 -> 0 | Q49: =O49-L49 -> -0.23856209 | R49: =O49/L49 -> 0.99725615 | S49: =R58 -> 0.99294301 | T49: 0.28888889 | U49: 0.40694444 | W49: =(U49-T49)*24*60 -> 170 | AB49: =N49-K49 -> -4.2941176 | AC49: =N49/K49 -> 0.99725615 | AD49: =AC58 -> 0.99302515
B50: =VLOOKUP(D50,廠價表!$C$1:$E$39,2,0) -> 義大利麵 | D50: 剝皮辣椒雞奶油扁麵 | F50: =VLOOKUP(D50,廠價表!$C$1:$E$39,3,0) -> 56.87 | G50: 2264 | H50: =F50*G50 -> 128753.68 | J50: =VLOOKUP(D50,產線配置圖!$A$2:$C$38,2,0) -> 17 | K50: =VLOOKUP(D50,產線配置圖!$A$2:$C$38,3,0) -> 1500 | L50: =K50/J50 -> 88.235294 | M50: 17 | N50: =G50/W50*60 -> 1476.5217 | O50: =N50/M50 -> 86.85422 | P50: =M50-J50 -> 0 | Q50: =O50-L50 -> -1.3810742 | R50: =O50/L50 -> 0.98434783 | T50: 0.41180556 | U50: 0.47569444 | V50: =(T50-U49)*24*60 -> 7 | W50: =(U50-T50)*24*60 -> 92 | AB50: =N50-K50 -> -23.478261 | AC50: =N50/K50 -> 0.98434783
B51: =VLOOKUP(D51,廠價表!$C$1:$E$39,2,0) -> 義大利麵 | D51: 剝皮辣椒雞奶油扁麵 | F51: =VLOOKUP(D51,廠價表!$C$1:$E$39,3,0) -> 56.87 | G51: 4413 | H51: =F51*G51 -> 250967.31 | J51: =VLOOKUP(D51,產線配置圖!$A$2:$C$38,2,0) -> 17 | K51: =VLOOKUP(D51,產線配置圖!$A$2:$C$38,3,0) -> 1500 | L51: =K51/J51 -> 88.235294 | M51: 17 | N51: =G51/W51*60 -> 1495.9322 | O51: =N51/M51 -> 87.996012 | P51: =M51-J51 -> 0 | Q51: =O51-L51 -> -0.23928215 | R51: =O51/L51 -> 0.99728814 | T51: 0.53333333 | U51: 0.65625 | V51: =(T51-U50)*24*60 -> 83 | W51: =(U51-T51)*24*60 -> 177 | X51: 0.47916667 | Y51: 0.52083333 | AB51: =N51-K51 -> -4.0677966 | AC51: =N51/K51 -> 0.99728814
W52: =(U52-T52)*24*60 -> 0
H53: =F53*G53 -> 0 | W53: =(U53-T53)*24*60 -> 0
H54: =F54*G54 -> 0 | W54: =(U54-T54)*24*60 -> 0
H55: =F55*G55 -> 0 | W55: =(U55-T55)*24*60 -> 0
H56: =F56*G56 -> 0 | W56: =(U56-T56)*24*60 -> 0
H57: =F57*G57 -> 0 | W57: =(U57-T57)*24*60 -> 0
C58: 4度二組C2 | D58: 平均 | J58: =AVERAGE(J49:J57) -> 17.333333 | K58: =AVERAGE(K49:K57) -> 1521.6667 | L58: =AVERAGE(L49:L57) -> 87.805011 | M58: =AVERAGE(M49:M57) -> 17.333333 | N58: =AVERAGE(N49:N57) -> 1511.0533 | O58: =AVERAGE(O49:O57) -> 87.185371 | P58: =M58-J58 -> 0 | Q58: =N58-K58 -> -10.613392 | R58: =O58/L58 -> 0.99294301 | AB58: =N58-K58 -> -10.613392 | AC58: =N58/K58 -> 0.99302515
A59: 調理包一線 (八爪機) | B59: =VLOOKUP(D59,廠價表!$C$1:$E$39,2,0) -> 小吃、微波 | D59: 小滷青蔬 | F59: =VLOOKUP(D59,廠價表!$C$1:$E$39,3,0) -> 26.99 | G59: 3494 | H59: =F59*G59 -> 94303.06 | J59: =VLOOKUP(D59,產線配置圖!$A$2:$C$38,2,0) -> 13 | K59: =VLOOKUP(D59,產線配置圖!$A$2:$C$38,3,0) -> 1565 | L59: =K59/J59 -> 120.38462 | M59: 13 | N59: =G59/W59*60 -> 1564.4776 | O59: =N59/M59 -> 120.34443 | P59: =M59-J59 -> 0 | Q59: =O59-L59 -> -0.040183697 | R59: =O59/L59 -> 0.99966621 | S59: =R69 -> 0.89694922 | T59: 0.29166667 | U59: 0.38472222 | W59: =(U59-T59)*24*60 -> 134 | AB59: =N59-K59 -> -0.52238806 | AC59: =N59/K59 -> 0.99966621 | AD59: =AC69 -> 0.89958299
B60: =VLOOKUP(D60,廠價表!$C$1:$E$39,2,0) -> 小吃、微波 | D60: 台式綜合甜不辣 | F60: =VLOOKUP(D60,廠價表!$C$1:$E$39,3,0) -> 28.47 | G60: 993 | H60: =F60*G60 -> 28270.71 | J60: =VLOOKUP(D60,產線配置圖!$A$2:$C$38,2,0) -> 12 | K60: =VLOOKUP(D60,產線配置圖!$A$2:$C$38,3,0) -> 1565 | L60: =K60/J60 -> 130.41667 | M60: 12 | N60: =G60/W60*60 -> 1385.5814 | O60: =N60/M60 -> 115.46512 | P60: =M60-J60 -> 0 | Q60: =O60-L60 -> -14.95155 | R60: =O60/L60 -> 0.88535552 | T60: 0.39375 | U60: 0.42361111 | V60: =(T60-U59)*24*60 -> 13 | W60: =(U60-T60)*24*60 -> 43 | AB60: =N60-K60 -> -179.4186 | AC60: =N60/K60 -> 0.88535552
B61: =VLOOKUP(D61,廠價表!$C$1:$E$39,2,0) -> 小吃、微波 | D61: 起司馬鈴薯 | F61: =VLOOKUP(D61,廠價表!$C$1:$E$39,3,0) -> 28.26 | G61: 1889 | H61: =F61*G61 -> 53383.14 | J61: =VLOOKUP(D61,產線配置圖!$A$2:$C$38,2,0) -> 12 | K61: =VLOOKUP(D61,產線配置圖!$A$2:$C$38,3,0) -> 1565 | L61: =K61/J61 -> 130.41667 | M61: 12 | N61: =G61/W61*60 -> 1273.4831 | O61: =N61/M61 -> 106.1236 | P61: =M61-J61 -> 0 | Q61: =O61-L61 -> -24.293071 | R61: =O61/L61 -> 0.81372725 | T61: 0.43472222 | U61: 0.49652778 | V61: =(T61-U60)*24*60 -> 16 | W61: =(U61-T61)*24*60 -> 89 | AB61: =N61-K61 -> -291.51685 | AC61: =N61/K61 -> 0.81372725
W62: =(U62-T62)*24*60 -> 0
H63: =F63*G63 -> 0 | W63: =(U63-T63)*24*60 -> 0
H64: =F64*G64 -> 0 | W64: =(U64-T64)*24*60 -> 0
H65: =F65*G65 -> 0 | W65: =(U65-T65)*24*60 -> 0
H66: =F66*G66 -> 0 | W66: =(U66-T66)*24*60 -> 0
H67: =F67*G67 -> 0 | W67: =(U67-T67)*24*60 -> 0
H68: =F68*G68 -> 0 | W68: =(U68-T68)*24*60 -> 0
C69: 4度三組 | D69: 平均 | J69: =AVERAGE(J59:J68) -> 12.333333 | K69: =AVERAGE(K59:K68) -> 1565 | L69: =AVERAGE(L59:L68) -> 127.07265 | M69: =AVERAGE(M59:M68) -> 12.333333 | N69: =AVERAGE(N59:N68) -> 1407.8474 | O69: =AVERAGE(O59:O68) -> 113.97771 | P69: =M69-J69 -> 0 | Q69: =N69-K69 -> -157.15262 | R69: =O69/L69 -> 0.89694922 | AB69: =N69-K69 -> -157.15262 | AC69: =N69/K69 -> 0.89958299
A70: 調理包二線 (手工) | S70: =R79 -> 0 | W70: =(U70-T70)*24*60 -> 0 | AD70: =AC79 -> 0
H71: =F71*G71 -> 0 | W71: =(U71-T71)*24*60 -> 0
H72: =F72*G72 -> 0 | W72: =(U72-T72)*24*60 -> 0
H73: =F73*G73 -> 0 | W73: =(U73-T73)*24*60 -> 0
H74: =F74*G74 -> 0 | W74: =(U74-T74)*24*60 -> 0
H75: =F75*G75 -> 0 | W75: =(U75-T75)*24*60 -> 0
H76: =F76*G76 -> 0 | W76: =(U76-T76)*24*60 -> 0
H77: =F77*G77 -> 0 | W77: =(U77-T77)*24*60 -> 0
H78: =F78*G78 -> 0 | W78: =(U78-T78)*24*60 -> 0
C79: 4度四組 | D79: 平均
AF80: 1.當日出勤人數較多
AF81: 2.當日出勤人數較少
AF82: 3.當日出勤熟手較少
AF83: 4.當日出勤新人較多
AF84: 5.機台夾盒
AF85: 6.封膜不順
AF86: 7.更換膠膜
AF87: 8.更換碳帶
AF88: 9.當日熱轉印碳帶異常
AF89: 10.訂單量過少
AF90: 11.新品上市，尚未熟悉
AF91: 12.商品結構，產能較低
AF92: 13.區域出貨，分段生產

Sheet 1006總
B1: 長家廠組合室生產人時性分析
B3: 日期 | D3: 45936 | F3: 訂單量 | G3: ='1006'!E1 -> 55625 | I3: 營業額 | J3: ='1006'!G1 -> 2707574.9
B4: 項目 | D4: 3 | F4: ➀ | H4: ➁ | J4: ③
B5: 人時性 | D5: 組合室 | F5: 全溫層 | H5: 義大利麵 | J5: 袋裝小吃、義麵
D6: 排關平均 | F6: =AVERAGE(D13:J13) -> 115.5879 | H6: =AVERAGE(D13:H13) -> 113.42471 | J6: =AVERAGE(I13) -> 126.40385
D7: 實績平均 | F7: =AVERAGE(D14:J14) -> 99.648693 | H7: =AVERAGE(D14:H14) -> 100.06921 | J7: =AVERAGE(I14) -> 97.546082
D8: 達成率平均 | F8: =AVERAGE(D15:J15) -> 0.86442469 | H8: =AVERAGE(D15:H15) -> 0.88296925 | J8: =AVERAGE(I15) -> 0.77170185 | L8: ※現行日本鮮食廠以達成率80%為基本(即為現行KPI)
B10: 溫層 | D10: 4度C-各編組展開
B11: 編組 | D11: 1 | E11: 2 | F11: 3 | G11: 4 | H11: 5 | I11: 6 | J11: 7
D12: 自動1線 | E12: 自動2線 | F12: 手工3線 | G12: 手工4線 | H12: 手工5線 | I12: 調理包1線 | J12: 調理包2線
B13: 人時性 | C13: 排關 | D13: =VALUE('1006'!L15) -> 149.2239 | E13: =VALUE('1006'!L26) -> 151.71675 | F13: =VALUE('1006'!L37) -> 87.449673 | G13: =VALUE('1006'!L48) -> 91.143382 | H13: =VALUE('1006'!L58) -> 87.589869 | I13: =VALUE('1006'!L69) -> 126.40385
C14: 實績 | D14: =VALUE('1006'!O15) -> 134.12122 | E14: =VALUE('1006'!O26) -> 131.03966 | F14: =VALUE('1006'!O37) -> 74.104061 | G14: =VALUE('1006'!O48) -> 76.580065 | H14: =VALUE('1006'!O58) -> 84.501072 | I14: =VALUE('1006'!O69) -> 97.546082
C15: 達成率 | D15: =D14/D13 -> 0.8987918 | E15: =E14/E13 -> 0.86371254 | F15: =F14/F13 -> 0.84739094 | G15: =G14/G13 -> 0.84021531 | H15: =H14/H13 -> 0.96473568 | I15: =I14/I13 -> 0.77170185
B16: 作業 時間 | C16: 開始 | D16: ='1006'!T5 -> 0.29166667 | E16: ='1006'!T16 -> 0.29027778 | F16: ='1006'!T27 -> 0.29166667 | G16: ='1006'!T38 -> 0.32986111 | H16: ='1006'!T49 -> 0.28819444 | I16: ='1006'!T59 -> 0.29166667
C17: 結束 | D17: 0.64513889 | E17: 0.62847222 | F17: 0.65138889 | G17: 0.60763889 | H17: 0.69861111 | I17: 0.67361111
B18: 配置人數 | D18: =VALUE('1006'!M15) -> 13.25 | E18: =VALUE('1006'!M26) -> 13.5 | F18: =VALUE('1006'!M37) -> 16.2 | G18: =VALUE('1006'!M48) -> 16.333333 | H18: =VALUE('1006'!M58) -> 17.5 | I18: =VALUE('1006'!M69) -> 12.4
B19: 主要應用設備 | D19: ET-600 | E19: ET-600 | F19: ET-55 | G19: ET-55 | H19: ET-55 | I19: 八爪機
B20: 次要應用設備 | H20: 封口機
B21: 備註

Sheet 1006
A1: 長家廠4度C日報分析 | D1: 總生產量 | E1: =SUM(G5:G79) -> 55625 | F1: 營業額 | G1: =SUM(H5:H79) -> 2707574.9 | H1: 出勤人數 | I1: =M15+M26+M48+M58+M69+M79+M37 -> 89.183333 | J1: 產線配置圖 | M1: 生產實績 | P1: 人時性差異分析 | T1: 日報登錄 | Z1: 分析說明 | AB1: 產能差異分析
A2: 10月06日 星期一 | D2: 人時性 | E2: =AVERAGE(O15,O26,O37,O48,O58,O69,O79) -> 99.648693 | F2: 平均廠價 | G2: =G1/E1 -> 48.675504 | H2: 多次生產數 | I2: =COUNT(I5:I79) -> 0
A3: 線別 | B3: 品類 | D3: 品名 | F3: 廠價 | G3: 生產量 | H3: 營收 | I3: 多次 生產 | J3: 人數 | K3: 產能/時 | L3: 人時性 | M3: 人數 | N3: 產能/時 | O3: 人時性 | P3: 人數 | Q3: 人時性 | R3: 達成率 | S3: 達成率平均 | T3: 生產時間 | V3: 前置、換線時間/分 | W3: 稼動時間/分 | X3: 休息時間 | Z3: (長家回填) | AB3: 產能/時 | AC3: 達成率 | AD3: 達成率平均
T4: 開始 | U4: 結束 | X4: 開始 | Y4: 結束
A5: 自動一線 (ET-600) | B5: =VLOOKUP(D5,廠價表!$C$1:$E$39,2,0) -> 義大利麵 | D5: 白酒蛤蜊義大利麵 | F5: =VLOOKUP(D5,廠價表!$C$1:$E$39,3,0) -> 57.21 | G5: 2063 | H5: =F5*G5 -> 118024.23 | J5: =VLOOKUP(D5,產線配置圖!$A$2:$C$38,2,0) -> 13 | K5: =VLOOKUP(D5,產線配置圖!$A$2:$C$38,3,0) -> 2000 | L5: =K5/J5 -> 153.84615 | M5: 13 | N5: =G5/W5*60 -> 1793.913 | O5: =N5/M5 -> 137.99331 | P5: =M5-J5 -> 0 | Q5: =O5-L5 -> -15.852843 | R5: =O5/L5 -> 0.89695652 | S5: =R15 -> 0.8987918 | T5: 0.29166667 | U5: 0.33958333 | W5: =(U5-T5)*24*60 -> 69 | AB5: =N5-K5 -> -206.08696 | AC5: =N5/K5 -> 0.89695652 | AD5: =AC15 -> 0.89990177
B6: =VLOOKUP(D6,廠價表!$C$1:$E$39,2,0) -> 義大利麵 | D6: 韓式起司炸雞義大利麵 | F6: =VLOOKUP(D6,廠價表!$C$1:$E$39,3,0) -> 57.21 | G6: 2891 | H6: =F6*G6 -> 165394.11 | J6: =VLOOKUP(D6,產線配置圖!$A$2:$C$38,2,0) -> 14 | K6: =VLOOKUP(D6,產線配置圖!$A$2:$C$38,3,0) -> 1895 | L6: =K6/J6 -> 135.35714 | M6: 14 | N6: =G6/W6*60 -> 1825.8947 | O6: =N6/M6 -> 130.42105 | P6: =M6-J6 -> 0 | Q6: =O6-L6 -> -4.9360902 | R6: =O6/L6 -> 0.96353284 | T6: 0.35069444 | U6: 0.41666667 | W6: =(U6-T6)*24*60 -> 95 | AB6: =N6-K6 -> -69.105263 | AC6: =N6/K6 -> 0.96353284
B7: =VLOOKUP(D7,廠價表!$C$1:$E$39,2,0) -> 義大利麵 | D7: 奶油培根義大利麵 | F7: =VLOOKUP(D7,廠價表!$C$1:$E$39,3,0) -> 49.14 | G7: 2215 | H7: =F7*G7 -> 108845.1 | J7: =VLOOKUP(D7,產線配置圖!$A$2:$C$38,2,0) -> 13 | K7: =VLOOKUP(D7,產線配置圖!$A$2:$C$38,3,0) -> 2000 | L7: =K7/J7 -> 153.84615 | M7: 13 | N7: =G7/W7*60 -> 1772 | O7: =N7/M7 -> 136.30769 | P7: =M7-J7 -> 0 | Q7: =O7-L7 -> -17.538462 | R7: =O7/L7 -> 0.886 | T7: 0.43055556 | U7: 0.48263889 | V7: =(T7-U6)*24*60 -> 20 | W7: =(U7-T7)*24*60 -> 75 | AB7: =N7-K7 -> -228 | AC7: =N7/K7 -> 0.886
B8: 義大利麵 | D8: 奶油培根義大利麵 | F8: =VLOOKUP(D8,廠價表!$C$1:$E$39,3,0) -> 49.14 | G8: 4111 | H8: =F8*G8 -> 202014.54 | J8: =VLOOKUP(D8,產線配置圖!$A$2:$C$38,2,0) -> 13 | K8: =VLOOKUP(D8,產線配置圖!$A$2:$C$38,3,0) -> 2000 | L8: =K8/J8 -> 153.84615 | M8: 13 | N8: =G8/W8*60 -> 1712.9167 | O8: =N8/M8 -> 131.76282 | P8: =M8-J8 -> 0 | Q8: =O8-L8 -> -22.083333 | R8: =O8/L8 -> 0.85645833 | T8: 0.54513889 | U8: 0.64513889 | V8: =(T8-U7)*24*60 -> 90 | W8: =(U8-T8)*24*60 -> 144 | X8: 0.52083333 | Y8: 0.60416667
H9: =F9*G9 -> 0 | W9: =(U9-T9)*24*60 -> 0
H10: =F10*G10 -> 0 | W10: =(U10-T10)*24*60 -> 0
H11: =F11*G11 -> 0 | W11: =(U11-T11)*24*60 -> 0
H12: =F12*G12 -> 0 | W12: =(U12-T12)*24*60 -> 0
H13: =F13*G13 -> 0 | W13: =(U13-T13)*24*60 -> 0
H14: =F14*G14 -> 0 | W14: =(U14-T14)*24*60 -> 0
C15: 4度一組 | D15: 平均 | J15: =AVERAGE(J5:J14) -> 13.25 | K15: =AVERAGE(K5:K14) -> 1973.75 | L15: =AVERAGE(L5:L14) -> 149.2239 | M15: =AVERAGE(M5:M14) -> 13.25 | N15: =AVERAGE(N5:N14) -> 1776.1811 | O15: =AVERAGE(O5:O14) -> 134.12122 | P15: =M15-J15 -> 0 | Q15: =O15-L15 -> -15.102682 | R15: =O15/L15 -> 0.8987918 | AB15: =N15-K15 -> -197.56889 | AC15: =N15/K15 -> 0.89990177
A16: 自動二線 (ET-600) | B16: 義大利麵 | D16: 白酒蛤蜊義大利麵 | F16: =VLOOKUP(D16,廠價表!$C$1:$E$39,3,0) -> 57.21 | G16: 2238 | H16: =F16*G16 -> 128035.98 | J16: =VLOOKUP(D16,產線配置圖!$A$2:$C$38,2,0) -> 13 | K16: =VLOOKUP(D16,產線配置圖!$A$2:$C$38,3,0) -> 2000 | L16: =K16/J16 -> 153.84615 | M16: 14 | N16: =G16/W16*60 -> 1743.8961 | O16: =N16/M16 -> 124.56401 | P16: =M16-J16 -> 1 | Q16: =O16-L16 -> -29.282146 | R16: =O16/L16 -> 0.80966605 | S16: =R26 -> 0.86371254 | T16: 0.29027778 | U16: 0.34375 | W16: =(U16-T16)*24*60 -> 77 | AB16: =N16-K16 -> -256.1039 | AC16: =N16/K16 -> 0.87194805 | AD16: =AC26 -> 0.87482556
B17: 義大利麵 | D17: 熱那亞青醬義大利麵 | F17: =VLOOKUP(D17,廠價表!$C$1:$E$39,3,0) -> 50.67 | G17: 2414 | H17: =F17*G17 -> 122317.38 | J17: =VLOOKUP(D17,產線配置圖!$A$2:$C$38,2,0) -> 16 | K17: =VLOOKUP(D17,產線配置圖!$A$2:$C$38,3,0) -> 1915 | L17: =K17/J17 -> 119.6875 | M17: 16 | N17: =G17/W17*60 -> 1540.8511 | O17: =N17/M17 -> 96.303191 | P17: =M17-J17 -> 0 | Q17: =O17-L17 -> -23.384309 | R17: =O17/L17 -> 0.80462197 | T17: 0.35416667 | U17: 0.41944444 | V17: =(T17-U16)*24*60 -> 15 | W17: =(U17-T17)*24*60 -> 94 | AB17: =N17-K17 -> -374.14894 | AC17: =N17/K17 -> 0.80462197
B18: =VLOOKUP(D18,廠價表!$C$1:$E$39,2,0) -> 義大利麵 | D18: 義式蕃茄起司義大利麵 | F18: =VLOOKUP(D18,廠價表!$C$1:$E$39,3,0) -> 50.39 | G18: 2122 | H18: =F18*G18 -> 106927.58 | J18: =VLOOKUP(D18,產線配置圖!$A$2:$C$38,2,0) -> 12 | K18: =VLOOKUP(D18,產線配置圖!$A$2:$C$38,3,0) -> 2000 | L18: =K18/J18 -> 166.66667 | M18: 12 | N18: =G18/W18*60 -> 1818.8571 | O18: =N18/M18 -> 151.57143 | P18: =M18-J18 -> 0 | Q18: =O18-L18 -> -15.095238 | R18: =O18/L18 -> 0.90942857 | T18: 0.43055556 | U18: 0.47916667 | V18: =(T18-U17)*24*60 -> 16 | W18: =(U18-T18)*24*60 -> 70 | AB18: =N18-K18 -> -181.14286 | AC18: =N18/K18 -> 0.90942857
B19: =VLOOKUP(D19,廠價表!$C$1:$E$39,2,0) -> 義大利麵 | D19: 義式蕃茄起司義大利麵 | F19: =VLOOKUP(D19,廠價表!$C$1:$E$39,3,0) -> 50.39 | G19: 3793 | H19: =F19*G19 -> 191129.27 | J19: =VLOOKUP(D19,產線配置圖!$A$2:$C$38,2,0) -> 12 | K19: =VLOOKUP(D19,產線配置圖!$A$2:$C$38,3,0) -> 2000 | L19: =K19/J19 -> 166.66667 | M19: 12 | N19: =G19/W19*60 -> 1820.64 | O19: =N19/M19 -> 151.72 | P19: =M19-J19 -> 0 | Q19: =O19-L19 -> -14.946667 | R19: =O19/L19 -> 0.91032 | T19: 0.54166667 | U19: 0.62847222 | V19: =(T19-U18)*24*60 -> 90 | W19: =(U19-T19)*24*60 -> 125
H20: =F20*G20 -> 0 | W20: 0
H21: =F21*G21 -> 0 | W21: 0
H22: =F22*G22 -> 0 | W22: 0
H23: =F23*G23 -> 0 | W23: =(U23-T23)*24*60 -> 0
H24: =F24*G24 -> 0 | W24: =(U24-T24)*24*60 -> 0
H25: =F25*G25 -> 0 | W25: =(U25-T25)*24*60 -> 0
C26: 4度二組A | D26: 平均 | J26: =AVERAGE(J16:J25) -> 13.25 | K26: =AVERAGE(K16:K25) -> 1978.75 | L26: =AVERAGE(L16:L25) -> 151.71675 | M26: =AVERAGE(M16:M25) -> 13.5 | N26: =AVERAGE(N16:N25) -> 1731.0611 | O26: =AVERAGE(O16:O25) -> 131.03966 | P26: =M26-J26 -> 0.25 | Q26: =O26-L26 -> -20.67709 | R26: =O26/L26 -> 0.86371254 | AB26: =N26-K26 -> -247.68892 | AC26: =N26/K26 -> 0.87482556
A27: 手工三線 (ET-55) | B27: 義大利麵 | D27: 黑胡椒燻豬腿義大利麵 | F27: =VLOOKUP(D27,廠價表!$C$1:$E$39,3,0) -> 50.6 | G27: 1437 | H27: =F27*G27 -> 72712.2 | J27: 17 | K27: 1636 | L27: =K27/J27 -> 96.235294 | M27: 14 | N27: =G27/W27*60 -> 1091.3924 | O27: =N27/M27 -> 77.9566 | P27: =M27-J27 -> -3 | Q27: =O27-L27 -> -18.278694 | R27: =O27/L27 -> 0.81006247 | S27: =R37 -> 0.84739094 | T27: 0.29166667 | U27: 0.34652778 | W27: =(U27-T27)*24*60 -> 79 | AB27: =N27-K27 -> -544.60759 | AC27: =N27/K27 -> 0.66711027 | AD27: =AC37 -> 0.77599968
B28: =VLOOKUP(D28,廠價表!$C$1:$E$39,2,0) -> 義大利麵 | D28: 韓式辣醬肉丸義大利麵 | F28: =VLOOKUP(D28,廠價表!$C$1:$E$39,3,0) -> 57.21 | G28: 1725 | H28: =F28*G28 -> 98687.25 | J28: 17 | K28: 1636 | L28: =K28/J28 -> 96.235294 | M28: 15 | N28: =G28/W28*60 -> 1162.9213 | O28: =N28/M28 -> 77.52809 | P28: =M28-J28 -> -2 | Q28: =O28-L28 -> -18.707204 | R28: =O28/L28 -> 0.80560974 | T28: 0.35347222 | U28: 0.41527778 | V28: =(T28-U27)*24*60 -> 10 | W28: =(U28-T28)*24*60 -> 89 | AB28: =N28-K28 -> -473.07865 | AC28: =N28/K28 -> 0.71083212
B29: =VLOOKUP(D29,廠價表!$C$1:$E$39,2,0) -> 義大利麵 | D29: 奶油蒜香雞義大利麵 | F29: =VLOOKUP(D29,廠價表!$C$1:$E$39,3,0) -> 55.13 | G29: 1773 | H29: =F29*G29 -> 97745.49 | J29: =VLOOKUP(D29,產線配置圖!$A$2:$C$38,2,0) -> 18 | K29: =VLOOKUP(D29,產線配置圖!$A$2:$C$38,3,0) -> 1385 | L29: =K29/J29 -> 76.944444 | M29: 18 | N29: =G29/W29*60 -> 1108.125 | O29: =N29/M29 -> 61.5625 | P29: =M29-J29 -> 0 | Q29: =O29-L29 -> -15.381944 | R29: =O29/L29 -> 0.80009025 | T29: 0.42291667 | U29: 0.48958333 | V29: =(T29-U28)*24*60 -> 11 | W29: =(U29-T29)*24*60 -> 96 | AB29: =N29-K29 -> -276.875 | AC29: =N29/K29 -> 0.80009025
B30: =VLOOKUP(D30,廠價表!$C$1:$E$39,2,0) -> 義大利麵 | D30: 奶油蒜香雞義大利麵 | F30: =VLOOKUP(D30,廠價表!$C$1:$E$39,3,0) -> 55.13 | G30: 1198 | H30: =F30*G30 -> 66045.74 | J30: =VLOOKUP(D30,產線配置圖!$A$2:$C$38,2,0) -> 18 | K30: =VLOOKUP(D30,產線配置圖!$A$2:$C$38,3,0) -> 1385 | L30: =K30/J30 -> 76.944444 | M30: 18 | N30: =G30/W30*60 -> 1261.0526 | O30: =N30/M30 -> 70.05848 | P30: =M30-J30 -> 0 | Q30: =O30-L30 -> -6.8859649 | R30: =O30/L30 -> 0.91050732 | T30: 0.55138889 | U30: 0.59097222 | V30: =(T30-U29)*24*60 -> 89 | W30: =(U30-T30)*24*60 -> 57 | X30: 0.46875 | Y30: 0.51041667 | AB30: =N30-K30 -> -123.94737 | AC30: =N30/K30 -> 0.91050732
B31: =VLOOKUP(D31,廠價表!$C$1:$E$39,2,0) -> 熱乾麵 | D31: 家傳炸醬麵 | F31: =VLOOKUP(D31,廠價表!$C$1:$E$39,3,0) -> 47.6 | G31: 1824 | H31: =F31*G31 -> 86822.4 | J31: =VLOOKUP(D31,產線配置圖!$A$2:$C$38,2,0) -> 18 | K31: =VLOOKUP(D31,產線配置圖!$A$2:$C$38,3,0) -> 1636 | L31: =K31/J31 -> 90.888889 | M31: 16 | N31: =G31/W31*60 -> 1334.6341 | O31: =N31/M31 -> 83.414634 | P31: =M31-J31 -> -2 | Q31: =O31-L31 -> -7.4742547 | R31: =O31/L31 -> 0.91776492 | T31: 0.59444444 | U31: 0.65138889 | V31: =(T31-U30)*24*60 -> 5 | W31: =(U31-T31)*24*60 -> 82
H32: =F32*G32 -> 0 | W32: =(U32-T32)*24*60 -> 0
H33: =F33*G33 -> 0 | W33: =(U33-T33)*24*60 -> 0
H34: =F34*G34 -> 0 | W34: =(U34-T34)*24*60 -> 0
H35: =F35*G35 -> 0 | W35: =(U35-T35)*24*60 -> 0
H36: =F36*G36 -> 0 | W36: =(U36-T36)*24*60 -> 0
C37: 4度二組B | D37: 平均 | J37: =AVERAGE(J27:J36) -> 17.6 | K37: =AVERAGE(K27:K36) -> 1535.6 | L37: =AVERAGE(L27:L36) -> 87.449673 | M37: =AVERAGE(M27:M36) -> 16.2 | N37: =AVERAGE(N27:N36) -> 1191.6251 | O37: =AVERAGE(O27:O36) -> 74.104061 | P37: =M37-J37 -> -1.4 | Q37: =N37-K37 -> -343.97489 | R37: =O37/L37 -> 0.84739094 | AB37: =N37-K37 -> -343.97489 | AC37: =N37/K37 -> 0.77599968
A38: 手工四線 (ET-55) | B38: 熱乾麵 | C38: =VLOOKUP(E38,廠價表!$C$1:$E$39,2,0) -> #N/A | D38: 青花椒麻雞肉拌麵 | F38: =VLOOKUP(D38,廠價表!$C$1:$E$39,3,0) -> 49.91 | G38: 1353 | H38: =F38*G38 -> 67528.23 | J38: =VLOOKUP(D38,產線配置圖!$A$2:$C$38,2,0) -> 17 | K38: =VLOOKUP(D38,產線配置圖!$A$2:$C$38,3,0) -> 1565 | L38: =K38/J38 -> 92.058824 | M38: 17 | N38: =G38/W38*60 -> 1476 | O38: =N38/M38 -> 86.823529 | P38: =M38-J38 -> 0 | Q38: =O38-L38 -> -5.2352941 | R38: =O38/L38 -> 0.94313099 | S38: =R48 -> 0.84021531 | T38: 0.32986111 | U38: 0.36805556 | W38: =(U38-T38)*24*60 -> 55 | AB38: =N38-K38 -> -89 | AC38: =N38/K38 -> 0.94313099 | AD38: =AC48 -> 0.82532719
B39: =VLOOKUP(D39,廠價表!$C$1:$E$39,2,0) -> 義大利麵 | C39: =VLOOKUP(E39,廠價表!$C$1:$E$39,2,0) -> #N/A | D39: 拿坡里義大利麵 | F39: =VLOOKUP(D39,廠價表!$C$1:$E$39,3,0) -> 58.17 | G39: 1628 | H39: =F39*G39 -> 94700.76 | J39: =VLOOKUP(D39,產線配置圖!$A$2:$C$38,2,0) -> 16 | K39: =VLOOKUP(D39,產線配置圖!$A$2:$C$38,3,0) -> 1429 | L39: =K39/J39 -> 89.3125 | M39: 16 | N39: =G39/W39*60 -> 814 | O39: =N39/M39 -> 50.875 | P39: =M39-J39 -> 0 | Q39: =O39-L39 -> -38.4375 | R39: =O39/L39 -> 0.56962911 | T39: 0.40625 | U39: 0.48958333 | V39: =(T39-U38)*24*60 -> 55 | W39: =(U39-T39)*24*60 -> 120 | Z39: 封口設備異常 | AB39: =N39-K39 -> -615 | AC39: =N39/K39 -> 0.56962911
B40: =VLOOKUP(D40,廠價表!$C$1:$E$39,2,0) -> 熱乾麵 | D40: 青花椒麻雞肉拌麵 | F40: =VLOOKUP(D40,廠價表!$C$1:$E$39,3,0) -> 49.91 | G40: 2209 | H40: =F40*G40 -> 110251.19 | J40: =VLOOKUP(D40,產線配置圖!$A$2:$C$38,2,0) -> 17 | K40: =VLOOKUP(D40,產線配置圖!$A$2:$C$38,3,0) -> 1565 | L40: =K40/J40 -> 92.058824 | M40: 16 | N40: =G40/W40*60 -> 1472.6667 | O40: =N40/M40 -> 92.041667 | P40: =M40-J40 -> -1 | Q40: =O40-L40 -> -0.017156863 | R40: =O40/L40 -> 0.99981363 | T40: 0.54513889 | U40: 0.60763889 | V40: =(T40-U39)*24*60 -> 80 | W40: =(U40-T40)*24*60 -> 90
W41: =(U41-T41)*24*60 -> 0
W42: =(U42-T42)*24*60 -> 0
H43: =F43*G43 -> 0 | W43: =(U43-T43)*24*60 -> 0
H44: =F44*G44 -> 0 | W44: =(U44-T44)*24*60 -> 0
H45: =F45*G45 -> 0 | W45: =(U45-T45)*24*60 -> 0
H46: =F46*G46 -> 0 | W46: =(U46-T46)*24*60 -> 0
H47: =F47*G47 -> 0 | W47: =(U47-T47)*24*60 -> 0
C48: 4度二組C1 | D48: 平均 | J48: =AVERAGE(J38:J47) -> 16.666667 | K48: =AVERAGE(K38:K47) -> 1519.6667 | L48: =AVERAGE(L38:L47) -> 91.143382 | M48: =AVERAGE(M38:M47) -> 16.333333 | N48: =AVERAGE(N38:N47) -> 1254.2222 | O48: =AVERAGE(O38:O47) -> 76.580065 | P48: =M48-J48 -> -0.33333333 | Q48: =N48-K48 -> -265.44444 | R48: =O48/L48 -> 0.84021531 | W48: =(U48-T48)*24*60 -> 0 | AB48: =N48-K48 -> -265.44444 | AC48: =N48/K48 -> 0.82532719
A49: 手工五線 (ET-55) | B49: =VLOOKUP(D49,廠價表!$C$1:$E$39,2,0) -> 義大利麵 | D49: 焗烤起司雙饗筆尖麵 | F49: =VLOOKUP(D49,廠價表!$C$1:$E$39,3,0) -> 49.97 | G49: 3924 | H49: =F49*G49 -> 196082.28 | J49: =VLOOKUP(D49,產線配置圖!$A$2:$C$38,2,0) -> 18 | K49: =VLOOKUP(D49,產線配置圖!$A$2:$C$38,3,0) -> 1565 | L49: =K49/J49 -> 86.944444 | M49: 18 | N49: =G49/W49*60 -> 1548.9474 | O49: =N49/M49 -> 86.052632 | P49: =M49-J49 -> 0 | Q49: =O49-L49 -> -0.89181287 | R49: =O49/L49 -> 0.98974273 | S49: =R58 -> 0.96473568 | T49: 0.28819444 | U49: 0.39375 | W49: =(U49-T49)*24*60 -> 152 | AB49: =N49-K49 -> -16.052632 | AC49: =N49/K49 -> 0.98974273 | AD49: =AC58 -> 0.96459974
B50: =VLOOKUP(D50,廠價表!$C$1:$E$39,2,0) -> 義大利麵 | D50: 剝皮辣椒雞奶油扁麵 | F50: =VLOOKUP(D50,廠價表!$C$1:$E$39,3,0) -> 56.87 | G50: 2150 | H50: =F50*G50 -> 122270.5 | J50: =VLOOKUP(D50,產線配置圖!$A$2:$C$38,2,0) -> 17 | K50: =VLOOKUP(D50,產線配置圖!$A$2:$C$38,3,0) -> 1500 | L50: =K50/J50 -> 88.235294 | M50: 17 | N50: =G50/W50*60 -> 1433.3333 | O50: =N50/M50 -> 84.313725 | P50: =M50-J50 -> 0 | Q50: =O50-L50 -> -3.9215686 | R50: =O50/L50 -> 0.95555556 | T50: 0.40277778 | U50: 0.46527778 | V50: =(T50-U49)*24*60 -> 13 | W50: =(U50-T50)*24*60 -> 90 | AB50: =N50-K50 -> -66.666667 | AC50: =N50/K50 -> 0.95555556
B51: =VLOOKUP(D51,廠價表!$C$1:$E$39,2,0) -> 義大利麵 | D51: 剝皮辣椒雞奶油扁麵 | F51: =VLOOKUP(D51,廠價表!$C$1:$E$39,3,0) -> 56.87 | G51: 3073 | H51: =F51*G51 -> 174761.51 | J51: =VLOOKUP(D51,產線配置圖!$A$2:$C$38,2,0) -> 17 | K51: =VLOOKUP(D51,產線配置圖!$A$2:$C$38,3,0) -> 1500 | L51: =K51/J51 -> 88.235294 | M51: 17 | N51: =G51/W51*60 -> 1475.04 | O51: =N51/M51 -> 86.767059 | P51: =M51-J51 -> 0 | Q51: =O51-L51 -> -1.4682353 | R51: =O51/L51 -> 0.98336 | T51: 0.52430556 | U51: 0.61111111 | V51: =(T51-U50)*24*60 -> 85 | W51: =(U51-T51)*24*60 -> 125 | X51: 0.47916667 | Y51: 0.52083333 | AB51: =N51-K51 -> -24.96 | AC51: =N51/K51 -> 0.98336
B52: =VLOOKUP(D52,廠價表!$C$1:$E$39,2,0) -> 義大利麵 | D52: 焗烤起司雙饗筆尖麵 | F52: =VLOOKUP(D52,廠價表!$C$1:$E$39,3,0) -> 49.97 | G52: 2693 | H52: =F52*G52 -> 134569.21 | J52: =VLOOKUP(D52,產線配置圖!$A$2:$C$38,2,0) -> 18 | K52: =VLOOKUP(D52,產線配置圖!$A$2:$C$38,3,0) -> 1565 | L52: =K52/J52 -> 86.944444 | M52: 18 | N52: =G52/W52*60 -> 1455.6757 | O52: =N52/M52 -> 80.870871 | P52: =M52-J52 -> 0 | Q52: =O52-L52 -> -6.0735736 | R52: =O52/L52 -> 0.9301442 | T52: 0.62152778 | U52: 0.69861111 | V52: =(T52-U51)*24*60 -> 15 | W52: =(U52-T52)*24*60 -> 111
H53: =F53*G53 -> 0 | W53: =(U53-T53)*24*60 -> 0
H54: =F54*G54 -> 0 | W54: =(U54-T54)*24*60 -> 0
H55: =F55*G55 -> 0 | W55: =(U55-T55)*24*60 -> 0
H56: =F56*G56 -> 0 | W56: =(U56-T56)*24*60 -> 0
H57: =F57*G57 -> 0 | W57: =(U57-T57)*24*60 -> 0
C58: 4度二組C2 | D58: 平均 | J58: =AVERAGE(J49:J57) -> 17.5 | K58: =AVERAGE(K49:K57) -> 1532.5 | L58: =AVERAGE(L49:L57) -> 87.589869 | M58: =AVERAGE(M49:M57) -> 17.5 | N58: =AVERAGE(N49:N57) -> 1478.2491 | O58: =AVERAGE(O49:O57) -> 84.501072 | P58: =M58-J58 -> 0 | Q58: =N58-K58 -> -54.250906 | R58: =O58/L58 -> 0.96473568 | AB58: =N58-K58 -> -54.250906 | AC58: =N58/K58 -> 0.96459974
A59: 調理包一線 (八爪機) | B59: =VLOOKUP(D59,廠價表!$C$1:$E$39,2,0) -> 小吃、微波 | D59: 小滷青蔬 | F59: =VLOOKUP(D59,廠價表!$C$1:$E$39,3,0) -> 26.99 | G59: 3059 | H59: =F59*G59 -> 82562.41 | J59: =VLOOKUP(D59,產線配置圖!$A$2:$C$38,2,0) -> 13 | K59: =VLOOKUP(D59,產線配置圖!$A$2:$C$38,3,0) -> 1565 | L59: =K59/J59 -> 120.38462 | M59: 13 | N59: =G59/W59*60 -> 1468.32 | O59: =N59/M59 -> 112.94769 | P59: =M59-J59 -> 0 | Q59: =O59-L59 -> -7.4369231 | R59: =O59/L59 -> 0.93822364 | S59: =R69 -> 0.77170185 | T59: 0.29166667 | U59: 0.37847222 | W59: =(U59-T59)*24*60 -> 125 | AB59: =N59-K59 -> -96.68 | AC59: =N59/K59 -> 0.93822364 | AD59: =AC69 -> 0.7769011
B60: =VLOOKUP(D60,廠價表!$C$1:$E$39,2,0) -> 小吃、微波 | D60: 台式綜合甜不辣 | F60: =VLOOKUP(D60,廠價表!$C$1:$E$39,3,0) -> 28.47 | G60: 1658 | H60: =F60*G60 -> 47203.26 | J60: =VLOOKUP(D60,產線配置圖!$A$2:$C$38,2,0) -> 12 | K60: =VLOOKUP(D60,產線配置圖!$A$2:$C$38,3,0) -> 1565 | L60: =K60/J60 -> 130.41667 | M60: 12 | N60: =G60/W60*60 -> 1421.1429 | O60: =N60/M60 -> 118.42857 | P60: =M60-J60 -> 0 | Q60: =O60-L60 -> -11.988095 | R60: =O60/L60 -> 0.9080785 | T60: 0.38888889 | U60: 0.4375 | V60: =(T60-U59)*24*60 -> 15 | W60: =(U60-T60)*24*60 -> 70 | AB60: =N60-K60 -> -143.85714 | AC60: =N60/K60 -> 0.9080785
B61: =VLOOKUP(D61,廠價表!$C$1:$E$39,2,0) -> 小吃、微波 | D61: 起司馬鈴薯 | F61: =VLOOKUP(D61,廠價表!$C$1:$E$39,3,0) -> 28.26 | G61: 569 | H61: =F61*G61 -> 16079.94 | J61: =VLOOKUP(D61,產線配置圖!$A$2:$C$38,2,0) -> 12 | K61: =VLOOKUP(D61,產線配置圖!$A$2:$C$38,3,0) -> 1565 | L61: =K61/J61 -> 130.41667 | M61: 12 | N61: =G61/W61*60 -> 455.2 | O61: =N61/M61 -> 37.933333 | P61: =M61-J61 -> 0 | Q61: =O61-L61 -> -92.483333 | R61: =O61/L61 -> 0.29086262 | T61: 0.44791667 | U61: 0.5 | V61: =(T61-U60)*24*60 -> 15 | W61: =(U61-T61)*24*60 -> 75 | Z61: 11:05~11:30停線，確認半成品可否使用 | AB61: =N61-K61 -> -1109.8 | AC61: =N61/K61 -> 0.29086262
B62: =VLOOKUP(D62,廠價表!$C$1:$E$39,2,0) -> 小吃、微波 | D62: 小滷青蔬 | F62: =VLOOKUP(D62,廠價表!$C$1:$E$39,3,0) -> 26.99 | G62: 1722 | H62: =F62*G62 -> 46476.78 | J62: =VLOOKUP(D62,產線配置圖!$A$2:$C$38,2,0) -> 13 | K62: =VLOOKUP(D62,產線配置圖!$A$2:$C$38,3,0) -> 1565 | L62: =K62/J62 -> 120.38462 | M62: 13 | N62: =G62/W62*60 -> 1476 | O62: =N62/M62 -> 113.53846 | P62: =M62-J62 -> 0 | Q62: =O62-L62 -> -6.8461538 | R62: =O62/L62 -> 0.94313099 | T62: 0.55208333 | U62: 0.60069444 | V62: =(T62-U61)*24*60 -> 75 | W62: =(U62-T62)*24*60 -> 70
B63: =VLOOKUP(D63,廠價表!$C$1:$E$39,2,0) -> 小吃、微波 | D63: 起司馬鈴薯 | F63: =VLOOKUP(D63,廠價表!$C$1:$E$39,3,0) -> 28.26 | G63: 1783 | H63: =F63*G63 -> 50387.58 | J63: =VLOOKUP(D63,產線配置圖!$A$2:$C$38,2,0) -> 12 | K63: =VLOOKUP(D63,產線配置圖!$A$2:$C$38,3,0) -> 1565 | L63: =K63/J63 -> 130.41667 | M63: 12 | N63: =G63/W63*60 -> 1258.5882 | O63: =N63/M63 -> 104.88235 | P63: =M63-J63 -> 0 | Q63: =O63-L63 -> -25.534314 | R63: =O63/L63 -> 0.80420974 | T63: 0.61458333 | U63: 0.67361111 | V63: =(T63-U62)*24*60 -> 20 | W63: =(U63-T63)*24*60 -> 85
H64: =F64*G64 -> 0 | W64: =(U64-T64)*24*60 -> 0
H65: =F65*G65 -> 0 | W65: =(U65-T65)*24*60 -> 0
H66: =F66*G66 -> 0 | W66: =(U66-T66)*24*60 -> 0
H67: =F67*G67 -> 0 | W67: =(U67-T67)*24*60 -> 0
H68: =F68*G68 -> 0 | W68: =(U68-T68)*24*60 -> 0
C69: 4度三組 | D69: 平均 | J69: =AVERAGE(J59:J68) -> 12.4 | K69: =AVERAGE(K59:K68) -> 1565 | L69: =AVERAGE(L59:L68) -> 126.40385 | M69: =AVERAGE(M59:M68) -> 12.4 | N69: =AVERAGE(N59:N68) -> 1215.8502 | O69: =AVERAGE(O59:O68) -> 97.546082 | P69: =M69-J69 -> 0 | Q69: =N69-K69 -> -349.14978 | R69: =O69/L69 -> 0.77170185 | AB69: =N69-K69 -> -349.14978 | AC69: =N69/K69 -> 0.7769011
A70: 調理包二線 (手工) | S70: =R79 -> 0 | W70: =(U70-T70)*24*60 -> 0 | AD70: =AC79 -> 0
H71: =F71*G71 -> 0 | W71: =(U71-T71)*24*60 -> 0
H72: =F72*G72 -> 0 | W72: =(U72-T72)*24*60 -> 0
H73: =F73*G73 -> 0 | W73: =(U73-T73)*24*60 -> 0
H74: =F74*G74 -> 0 | W74: =(U74-T74)*24*60 -> 0
H75: =F75*G75 -> 0 | W75: =(U75-T75)*24*60 -> 0
H76: =F76*G76 -> 0 | W76: =(U76-T76)*24*60 -> 0
H77: =F77*G77 -> 0 | W77: =(U77-T77)*24*60 -> 0
H78: =F78*G78 -> 0 | W78: =(U78-T78)*24*60 -> 0
C79: 4度四組 | D79: 平均
AF80: 1.當日出勤人數較多
AF81: 2.當日出勤人數較少
AF82: 3.當日出勤熟手較少
AF83: 4.當日出勤新人較多
AF84: 5.機台夾盒
AF85: 6.封膜不順
AF86: 7.更換膠膜
AF87: 8.更換碳帶
AF88: 9.當日熱轉印碳帶異常
AF89: 10.訂單量過少
AF90: 11.新品上市，尚未熟悉
AF91: 12.商品結構，產能較低
AF92: 13.區域出貨，分段生產

Sheet 1007總
B1: 長家廠組合室生產人時性分析
B3: 日期 | D3: 45937 | F3: 訂單量 | G3: ='1007'!E1 -> 51247 | I3: 營業額 | J3: ='1007'!G1 -> 2466724.9
B4: 項目 | D4: 3 | F4: ➀ | H4: ➁ | J4: ③
B5: 人時性 | D5: 組合室 | F5: 全溫層 | H5: 義大利麵 | J5: 袋裝小吃、義麵
D6: 排關平均 | F6: =AVERAGE(D13:J13) -> 118.17583 | H6: =AVERAGE(D13:H13) -> 116.53022 | J6: =AVERAGE(I13) -> 126.40385
D7: 實績平均 | F7: =AVERAGE(D14:J14) -> 100.83454 | H7: =AVERAGE(D14:H14) -> 102.32136 | J7: =AVERAGE(I14) -> 93.400424
D8: 達成率平均 | F8: =AVERAGE(D15:J15) -> 0.8491946 | H8: =AVERAGE(D15:H15) -> 0.87125253 | J8: =AVERAGE(I15) -> 0.73890492 | L8: ※現行日本鮮食廠以達成率80%為基本(即為現行KPI)
B10: 溫層 | D10: 4度C-各編組展開
B11: 編組 | D11: 1 | E11: 2 | F11: 3 | G11: 4 | H11: 5 | I11: 6 | J11: 7
D12: 自動1線 | E12: 自動2線 | F12: 手工3線 | G12: 手工4線 | H12: 手工5線 | I12: 調理包1線 | J12: 調理包2線
B13: 人時性 | C13: 排關 | D13: =VALUE('1007'!L15) -> 146.45055 | E13: =VALUE('1007'!L26) -> 151.71675 | F13: =VALUE('1007'!L37) -> 93.179751 | G13: =VALUE('1007'!L48) -> 103.92933 | H13: =VALUE('1007'!L58) -> 87.374728 | I13: =VALUE('1007'!L69) -> 126.40385
C14: 實績 | D14: =VALUE('1007'!O15) -> 137.14416 | E14: =VALUE('1007'!O26) -> 141.57364 | F14: =VALUE('1007'!O37) -> 80.438991 | G14: =VALUE('1007'!O48) -> 66.584615 | H14: =VALUE('1007'!O58) -> 85.865382 | I14: =VALUE('1007'!O69) -> 93.400424
C15: 達成率 | D15: =D14/D13 -> 0.93645371 | E15: =E14/E13 -> 0.93314447 | F15: =F14/F13 -> 0.86326686 | G15: =G14/G13 -> 0.64067203 | H15: =H14/H13 -> 0.9827256 | I15: =I14/I13 -> 0.73890492
B16: 作業 時間 | C16: 開始 | D16: ='1007'!T5 -> 0.29027778 | E16: ='1007'!T16 -> 0.29097222 | F16: ='1007'!T27 -> 0.29513889 | G16: ='1007'!T38 -> 0.32986111 | H16: ='1007'!T49 -> 0.28888889 | I16: ='1007'!T59 -> 0.29166667
C17: 結束 | D17: 0.61458333 | E17: 0.61458333 | F17: 0.64722222 | G17: 0.61041667 | H17: 0.62847222 | I17: 0.67361111
B18: 配置人數 | D18: =VALUE('1007'!M15) -> 13.4 | E18: =VALUE('1007'!M26) -> 13.25 | F18: =VALUE('1007'!M37) -> 13.8 | G18: =VALUE('1007'!M48) -> 15 | H18: =VALUE('1007'!M58) -> 17.666667 | I18: =VALUE('1007'!M69) -> 12.4
B19: 主要應用設備 | D19: ET-600 | E19: ET-600 | F19: ET-55 | G19: ET-55 | H19: ET-55 | I19: 八爪機
B20: 次要應用設備 | H20: 封口機
B21: 備註

Sheet 1007
A1: 長家廠4度C日報分析 | D1: 總生產量 | E1: =SUM(G5:G79) -> 51247 | F1: 營業額 | G1: =SUM(H5:H79) -> 2466724.9 | H1: 出勤人數 | I1: =M15+M26+M48+M58+M69+M79+M37 -> 85.516667 | J1: 產線配置圖 | M1: 生產實績 | P1: 人時性差異分析 | T1: 日報登錄 | Z1: 分析說明 | AB1: 產能差異分析
A2: 10月07日 星期二 | D2: 人時性 | E2: =AVERAGE(O15,O26,O37,O48,O58,O69,O79) -> 100.83454 | F2: 平均廠價 | G2: =G1/E1 -> 48.134035 | H2: 多次生產數 | I2: =COUNT(I5:I79) -> 0
A3: 線別 | B3: 品類 | D3: 品名 | F3: 廠價 | G3: 生產量 | H3: 營收 | I3: 多次 生產 | J3: 人數 | K3: 產能/時 | L3: 人時性 | M3: 人數 | N3: 產能/時 | O3: 人時性 | P3: 人數 | Q3: 人時性 | R3: 達成率 | S3: 達成率平均 | T3: 生產時間 | V3: 前置、換線時間/分 | W3: 稼動時間/分 | X3: 休息時間 | Z3: (長家回填) | AB3: 產能/時 | AC3: 達成率 | AD3: 達成率平均
T4: 開始 | U4: 結束 | X4: 開始 | Y4: 結束
A5: 自動一線 (ET-600) | B5: =VLOOKUP(D5,廠價表!$C$1:$E$39,2,0) -> 義大利麵 | D5: 白酒蛤蜊義大利麵 | F5: =VLOOKUP(D5,廠價表!$C$1:$E$39,3,0) -> 57.21 | G5: 1852 | H5: =F5*G5 -> 105952.92 | J5: =VLOOKUP(D5,產線配置圖!$A$2:$C$38,2,0) -> 13 | K5: =VLOOKUP(D5,產線配置圖!$A$2:$C$38,3,0) -> 2000 | L5: =K5/J5 -> 153.84615 | M5: 13 | N5: =G5/W5*60 -> 1792.2581 | O5: =N5/M5 -> 137.866 | P5: =M5-J5 -> 0 | Q5: =O5-L5 -> -15.980149 | R5: =O5/L5 -> 0.89612903 | S5: =R15 -> 0.93645371 | T5: 0.29027778 | U5: 0.33333333 | W5: =(U5-T5)*24*60 -> 62 | AB5: =N5-K5 -> -207.74194 | AC5: =N5/K5 -> 0.89612903 | AD5: =AC15 -> 0.93515457
B6: =VLOOKUP(D6,廠價表!$C$1:$E$39,2,0) -> 義大利麵 | D6: 奶油培根義大利麵 | F6: =VLOOKUP(D6,廠價表!$C$1:$E$39,3,0) -> 49.14 | G6: 4895 | H6: =F6*G6 -> 240540.3 | J6: =VLOOKUP(D6,產線配置圖!$A$2:$C$38,2,0) -> 13 | K6: =VLOOKUP(D6,產線配置圖!$A$2:$C$38,3,0) -> 2000 | L6: =K6/J6 -> 153.84615 | M6: 13 | N6: =G6/W6*60 -> 1997.9592 | O6: =N6/M6 -> 153.68917 | P6: =M6-J6 -> 0 | Q6: =O6-L6 -> -0.15698587 | R6: =O6/L6 -> 0.99897959 | T6: 0.34236111 | U6: 0.44444444 | W6: =(U6-T6)*24*60 -> 147 | AB6: =N6-K6 -> -2.0408163 | AC6: =N6/K6 -> 0.99897959
B7: =VLOOKUP(D7,廠價表!$C$1:$E$39,2,0) -> 義大利麵 | D7: 韓式起司炸雞義大利麵 | F7: =VLOOKUP(D7,廠價表!$C$1:$E$39,3,0) -> 57.21 | G7: 1161 | H7: =F7*G7 -> 66420.81 | J7: =VLOOKUP(D7,產線配置圖!$A$2:$C$38,2,0) -> 14 | K7: =VLOOKUP(D7,產線配置圖!$A$2:$C$38,3,0) -> 1895 | L7: =K7/J7 -> 135.35714 | M7: 14 | N7: =G7/W7*60 -> 1699.0244 | O7: =N7/M7 -> 121.35889 | P7: =M7-J7 -> 0 | Q7: =O7-L7 -> -13.998258 | R7: =O7/L7 -> 0.89658279 | T7: 0.45347222 | U7: 0.48194444 | V7: =(T7-U6)*24*60 -> 13 | W7: =(U7-T7)*24*60 -> 41 | AB7: =N7-K7 -> -195.97561 | AC7: =N7/K7 -> 0.89658279
B8: 義大利麵 | D8: 韓式起司炸雞義大利麵 | F8: =VLOOKUP(D8,廠價表!$C$1:$E$39,3,0) -> 57.21 | G8: 1477 | H8: =F8*G8 -> 84499.17 | J8: =VLOOKUP(D8,產線配置圖!$A$2:$C$38,2,0) -> 14 | K8: =VLOOKUP(D8,產線配置圖!$A$2:$C$38,3,0) -> 1895 | L8: =K8/J8 -> 135.35714 | M8: 14 | N8: =G8/W8*60 -> 1672.0755 | O8: =N8/M8 -> 119.43396 | P8: =M8-J8 -> 0 | Q8: =O8-L8 -> -15.923181 | R8: =O8/L8 -> 0.88236173 | T8: 0.54444444 | U8: 0.58125 | V8: =(T8-U7)*24*60 -> 90 | W8: =(U8-T8)*24*60 -> 53 | X8: 0.5 | Y8: 0.54166667
B9: 義大利麵 | D9: 奶油培根義大利麵 | F9: =VLOOKUP(D9,廠價表!$C$1:$E$39,3,0) -> 49.14 | G9: 1296 | H9: =F9*G9 -> 63685.44 | J9: =VLOOKUP(D9,產線配置圖!$A$2:$C$38,2,0) -> 13 | K9: =VLOOKUP(D9,產線配置圖!$A$2:$C$38,3,0) -> 2000 | L9: =K9/J9 -> 153.84615 | M9: 13 | N9: =G9/W9*60 -> 1993.8462 | O9: =N9/M9 -> 153.37278 | P9: =M9-J9 -> 0 | Q9: =O9-L9 -> -0.47337278 | R9: =O9/L9 -> 0.99692308 | T9: 0.5875 | U9: 0.61458333 | V9: =(T9-U8)*24*60 -> 9 | W9: =(U9-T9)*24*60 -> 39
H10: =F10*G10 -> 0 | W10: =(U10-T10)*24*60 -> 0
H11: =F11*G11 -> 0 | W11: =(U11-T11)*24*60 -> 0 | Z11: 排程調整：油炸機故障，韓式炸雞生產延後
H12: =F12*G12 -> 0 | W12: =(U12-T12)*24*60 -> 0
H13: =F13*G13 -> 0 | W13: =(U13-T13)*24*60 -> 0
H14: =F14*G14 -> 0 | W14: =(U14-T14)*24*60 -> 0
C15: 4度一組 | D15: 平均 | J15: =AVERAGE(J5:J14) -> 13.4 | K15: =AVERAGE(K5:K14) -> 1958 | L15: =AVERAGE(L5:L14) -> 146.45055 | M15: =AVERAGE(M5:M14) -> 13.4 | N15: =AVERAGE(N5:N14) -> 1831.0327 | O15: =AVERAGE(O5:O14) -> 137.14416 | P15: =M15-J15 -> 0 | Q15: =O15-L15 -> -9.3063892 | R15: =O15/L15 -> 0.93645371 | AB15: =N15-K15 -> -126.96735 | AC15: =N15/K15 -> 0.93515457
A16: 自動二線 (ET-600) | B16: 義大利麵 | D16: 白酒蛤蜊義大利麵 | F16: =VLOOKUP(D16,廠價表!$C$1:$E$39,3,0) -> 57.21 | G16: 2143 | H16: =F16*G16 -> 122601.03 | J16: =VLOOKUP(D16,產線配置圖!$A$2:$C$38,2,0) -> 13 | K16: =VLOOKUP(D16,產線配置圖!$A$2:$C$38,3,0) -> 2000 | L16: =K16/J16 -> 153.84615 | M16: 13 | N16: =G16/W16*60 -> 1863.4783 | O16: =N16/M16 -> 143.34448 | P16: =M16-J16 -> 0 | Q16: =O16-L16 -> -10.501672 | R16: =O16/L16 -> 0.93173913 | S16: =R26 -> 0.93314447 | T16: 0.29097222 | U16: 0.33888889 | W16: =(U16-T16)*24*60 -> 69 | AB16: =N16-K16 -> -136.52174 | AC16: =N16/K16 -> 0.93173913 | AD16: =AC26 -> 0.92805382
B17: 義大利麵 | D17: 熱那亞青醬義大利麵 | F17: =VLOOKUP(D17,廠價表!$C$1:$E$39,3,0) -> 50.67 | G17: 2196 | H17: =F17*G17 -> 111271.32 | J17: =VLOOKUP(D17,產線配置圖!$A$2:$C$38,2,0) -> 16 | K17: =VLOOKUP(D17,產線配置圖!$A$2:$C$38,3,0) -> 1915 | L17: =K17/J17 -> 119.6875 | M17: 16 | N17: =G17/W17*60 -> 1626.6667 | O17: =N17/M17 -> 101.66667 | P17: =M17-J17 -> 0 | Q17: =O17-L17 -> -18.020833 | R17: =O17/L17 -> 0.84943429 | T17: 0.34444444 | U17: 0.40069444 | V17: =(T17-U16)*24*60 -> 8 | W17: =(U17-T17)*24*60 -> 81 | AB17: =N17-K17 -> -288.33333 | AC17: =N17/K17 -> 0.84943429
B18: =VLOOKUP(D18,廠價表!$C$1:$E$39,2,0) -> 義大利麵 | D18: 義式蕃茄起司義大利麵 | F18: =VLOOKUP(D18,廠價表!$C$1:$E$39,3,0) -> 50.39 | G18: 2792 | H18: =F18*G18 -> 140688.88 | J18: =VLOOKUP(D18,產線配置圖!$A$2:$C$38,2,0) -> 12 | K18: =VLOOKUP(D18,產線配置圖!$A$2:$C$38,3,0) -> 2000 | L18: =K18/J18 -> 166.66667 | M18: 12 | N18: =G18/W18*60 -> 1903.6364 | O18: =N18/M18 -> 158.63636 | P18: =M18-J18 -> 0 | Q18: =O18-L18 -> -8.030303 | R18: =O18/L18 -> 0.95181818 | T18: 0.41597222 | U18: 0.47708333 | V18: =(T18-U17)*24*60 -> 22 | W18: =(U18-T18)*24*60 -> 88 | AB18: =N18-K18 -> -96.363636 | AC18: =N18/K18 -> 0.95181818
B19: =VLOOKUP(D19,廠價表!$C$1:$E$39,2,0) -> 義大利麵 | D19: 義式蕃茄起司義大利麵 | F19: =VLOOKUP(D19,廠價表!$C$1:$E$39,3,0) -> 50.39 | G19: 2765 | H19: =F19*G19 -> 139328.35 | J19: =VLOOKUP(D19,產線配置圖!$A$2:$C$38,2,0) -> 12 | K19: =VLOOKUP(D19,產線配置圖!$A$2:$C$38,3,0) -> 2000 | L19: =K19/J19 -> 166.66667 | M19: 12 | N19: =G19/W19*60 -> 1951.7647 | O19: =N19/M19 -> 162.64706 | P19: =M19-J19 -> 0 | Q19: =O19-L19 -> -4.0196078 | R19: =O19/L19 -> 0.97588235 | T19: 0.55555556 | U19: 0.61458333 | V19: =(T19-U18)*24*60 -> 113 | W19: =(U19-T19)*24*60 -> 85 | X19: 0.5 | Y19: 0.54166667 | Z19: 12:55-13:13試產青醬蛤蠣
H20: =F20*G20 -> 0 | W20: 0
H21: =F21*G21 -> 0 | W21: 0
H22: =F22*G22 -> 0 | W22: 0
H23: =F23*G23 -> 0 | W23: =(U23-T23)*24*60 -> 0
H24: =F24*G24 -> 0 | W24: =(U24-T24)*24*60 -> 0
H25: =F25*G25 -> 0 | W25: =(U25-T25)*24*60 -> 0
C26: 4度二組A | D26: 平均 | J26: =AVERAGE(J16:J25) -> 13.25 | K26: =AVERAGE(K16:K25) -> 1978.75 | L26: =AVERAGE(L16:L25) -> 151.71675 | M26: =AVERAGE(M16:M25) -> 13.25 | N26: =AVERAGE(N16:N25) -> 1836.3865 | O26: =AVERAGE(O16:O25) -> 141.57364 | P26: =M26-J26 -> 0 | Q26: =O26-L26 -> -10.143104 | R26: =O26/L26 -> 0.93314447 | AB26: =N26-K26 -> -142.3635 | AC26: =N26/K26 -> 0.92805382
A27: 手工三線 (ET-55) | B27: 義大利麵 | D27: 黑胡椒燻豬腿義大利麵 | F27: =VLOOKUP(D27,廠價表!$C$1:$E$39,3,0) -> 50.6 | G27: 1349 | H27: =F27*G27 -> 68259.4 | J27: 13 | K27: 1385 | L27: =K27/J27 -> 106.53846 | M27: 13 | N27: =G27/W27*60 -> 1124.1667 | O27: =N27/M27 -> 86.474359 | P27: =M27-J27 -> 0 | Q27: =O27-L27 -> -20.064103 | R27: =O27/L27 -> 0.81167268 | S27: =R37 -> 0.86326686 | T27: 0.29513889 | U27: 0.34513889 | W27: =(U27-T27)*24*60 -> 72 | AB27: =N27-K27 -> -260.83333 | AC27: =N27/K27 -> 0.81167268 | AD27: =AC37 -> 0.76577263
B28: =VLOOKUP(D28,廠價表!$C$1:$E$39,2,0) -> 義大利麵 | D28: 韓式辣醬肉丸義大利麵 | F28: =VLOOKUP(D28,廠價表!$C$1:$E$39,3,0) -> 57.21 | G28: 1518 | H28: =F28*G28 -> 86844.78 | J28: 17 | K28: 1636 | L28: =K28/J28 -> 96.235294 | M28: 13 | N28: =G28/W28*60 -> 1000.8791 | O28: =N28/M28 -> 76.990702 | P28: =M28-J28 -> -4 | Q28: =O28-L28 -> -19.244593 | R28: =O28/L28 -> 0.80002563 | T28: 0.35416667 | U28: 0.41736111 | V28: =(T28-U27)*24*60 -> 13 | W28: =(U28-T28)*24*60 -> 91 | AB28: =N28-K28 -> -635.12088 | AC28: =N28/K28 -> 0.6117843
B29: =VLOOKUP(D29,廠價表!$C$1:$E$39,2,0) -> 義大利麵 | D29: 奶油蒜香雞義大利麵 | F29: =VLOOKUP(D29,廠價表!$C$1:$E$39,3,0) -> 55.13 | G29: 1585 | H29: =F29*G29 -> 87381.05 | J29: 16 | K29: 1385 | L29: =K29/J29 -> 86.5625 | M29: 15 | N29: =G29/W29*60 -> 1159.7561 | O29: =N29/M29 -> 77.317073 | P29: =M29-J29 -> -1 | Q29: =O29-L29 -> -9.2454268 | R29: =O29/L29 -> 0.89319363 | T29: 0.42638889 | U29: 0.48333333 | V29: =(T29-U28)*24*60 -> 13 | W29: =(U29-T29)*24*60 -> 82 | AB29: =N29-K29 -> -225.2439 | AC29: =N29/K29 -> 0.83736902
B30: =VLOOKUP(D30,廠價表!$C$1:$E$39,2,0) -> 熱乾麵 | D30: 家傳炸醬麵 | F30: =VLOOKUP(D30,廠價表!$C$1:$E$39,3,0) -> 47.6 | G30: 1462 | H30: =F30*G30 -> 69591.2 | J30: 16 | K30: 1440 | L30: =K30/J30 -> 90 | M30: 13 | N30: =G30/W30*60 -> 1096.5 | O30: =N30/M30 -> 84.346154 | P30: =M30-J30 -> -3 | Q30: =O30-L30 -> -5.6538462 | R30: =O30/L30 -> 0.93717949 | T30: 0.54513889 | U30: 0.60069444 | V30: =(T30-U29)*24*60 -> 89 | W30: =(U30-T30)*24*60 -> 80 | X30: 0.46875 | Y30: 0.51041667 | AB30: =N30-K30 -> -343.5 | AC30: =N30/K30 -> 0.76145833
B31: =VLOOKUP(D31,廠價表!$C$1:$E$39,2,0) -> 義大利麵 | D31: 奶油蒜香雞義大利麵 | F31: =VLOOKUP(D31,廠價表!$C$1:$E$39,3,0) -> 55.13 | G31: 1156 | H31: =F31*G31 -> 63730.28 | J31: 16 | K31: 1385 | L31: =K31/J31 -> 86.5625 | M31: 15 | N31: =G31/W31*60 -> 1156 | O31: =N31/M31 -> 77.066667 | P31: =M31-J31 -> -1 | Q31: =O31-L31 -> -9.4958333 | R31: =O31/L31 -> 0.89030084 | T31: 0.60555556 | U31: 0.64722222 | V31: =(T31-U30)*24*60 -> 7 | W31: =(U31-T31)*24*60 -> 60
H32: =F32*G32 -> 0 | W32: =(U32-T32)*24*60 -> 0
H33: =F33*G33 -> 0 | W33: =(U33-T33)*24*60 -> 0
H34: =F34*G34 -> 0 | W34: =(U34-T34)*24*60 -> 0
H35: =F35*G35 -> 0 | W35: =(U35-T35)*24*60 -> 0
H36: =F36*G36 -> 0 | W36: =(U36-T36)*24*60 -> 0
C37: 4度二組B | D37: 平均 | J37: =AVERAGE(J27:J36) -> 15.6 | K37: =AVERAGE(K27:K36) -> 1446.2 | L37: =AVERAGE(L27:L36) -> 93.179751 | M37: =AVERAGE(M27:M36) -> 13.8 | N37: =AVERAGE(N27:N36) -> 1107.4604 | O37: =AVERAGE(O27:O36) -> 80.438991 | P37: =M37-J37 -> -1.8 | Q37: =N37-K37 -> -338.73962 | R37: =O37/L37 -> 0.86326686 | AB37: =N37-K37 -> -338.73962 | AC37: =N37/K37 -> 0.76577263
A38: 手工四線 (ET-55) | B38: 熱乾麵 | C38: =VLOOKUP(E38,廠價表!$C$1:$E$39,2,0) -> #N/A | D38: 青花椒麻雞肉拌麵 | F38: =VLOOKUP(D38,廠價表!$C$1:$E$39,3,0) -> 49.91 | G38: 3225 | H38: =F38*G38 -> 160959.75 | J38: =VLOOKUP(D38,產線配置圖!$A$2:$C$38,2,0) -> 17 | K38: =VLOOKUP(D38,產線配置圖!$A$2:$C$38,3,0) -> 1565 | L38: =K38/J38 -> 92.058824 | M38: 15 | N38: =G38/W38*60 -> 1290 | O38: =N38/M38 -> 86 | P38: =M38-J38 -> -2 | Q38: =O38-L38 -> -6.0588235 | R38: =O38/L38 -> 0.9341853 | S38: =R48 -> 0.64067203 | T38: 0.32986111 | U38: 0.43402778 | W38: =(U38-T38)*24*60 -> 150 | AB38: =N38-K38 -> -275 | AC38: =N38/K38 -> 0.82428115 | AD38: =AC48 -> 0.65722915
B39: =VLOOKUP(D39,廠價表!$C$1:$E$39,2,0) -> 義大利麵 | C39: =VLOOKUP(E39,廠價表!$C$1:$E$39,2,0) -> #N/A | D39: 拿坡里義大利麵 | F39: =VLOOKUP(D39,廠價表!$C$1:$E$39,3,0) -> 58.17 | G39: 1551 | H39: =F39*G39 -> 90221.67 | J39: =VLOOKUP(D39,產線配置圖!$A$2:$C$38,2,0) -> 16 | K39: =VLOOKUP(D39,產線配置圖!$A$2:$C$38,3,0) -> 1429 | L39: =K39/J39 -> 89.3125 | M39: 15 | N39: =G39/W39*60 -> 1034 | O39: =N39/M39 -> 68.933333 | P39: =M39-J39 -> -1 | Q39: =O39-L39 -> -20.379167 | R39: =O39/L39 -> 0.77182179 | T39: 0.4375 | U39: 0.5 | V39: =(T39-U38)*24*60 -> 5 | W39: =(U39-T39)*24*60 -> 90 | Z39: 封口設備異常 | AB39: =N39-K39 -> -395 | AC39: =N39/K39 -> 0.72358293
B40: =VLOOKUP(D40,廠價表!$C$1:$E$39,2,0) -> 小吃、微波 | D40: 台式綜合甜不辣 | F40: =VLOOKUP(D40,廠價表!$C$1:$E$39,3,0) -> 28.47 | G40: 437 | H40: =F40*G40 -> 12441.39 | J40: =VLOOKUP(D40,產線配置圖!$A$2:$C$38,2,0) -> 12 | K40: =VLOOKUP(D40,產線配置圖!$A$2:$C$38,3,0) -> 1565 | L40: =K40/J40 -> 130.41667 | M40: 15 | N40: =G40/W40*60 -> 672.30769 | O40: =N40/M40 -> 44.820513 | P40: =M40-J40 -> 3 | Q40: =O40-L40 -> -85.596154 | R40: =O40/L40 -> 0.34367166 | T40: 0.58333333 | U40: 0.61041667 | V40: =(T40-U39)*24*60 -> 120 | W40: =(U40-T40)*24*60 -> 39 | X40: 0.52083333 | Y40: 0.5625 | Z40: 13:30~14:00 試產焗烤明太子筆尖麵
W41: =(U41-T41)*24*60 -> 0 | Z41: 台式甜不辣-手工組裝
W42: =(U42-T42)*24*60 -> 0
H43: =F43*G43 -> 0 | W43: =(U43-T43)*24*60 -> 0
H44: =F44*G44 -> 0 | W44: =(U44-T44)*24*60 -> 0
H45: =F45*G45 -> 0 | W45: =(U45-T45)*24*60 -> 0
H46: =F46*G46 -> 0 | W46: =(U46-T46)*24*60 -> 0
H47: =F47*G47 -> 0 | W47: =(U47-T47)*24*60 -> 0
C48: 4度二組C1 | D48: 平均 | J48: =AVERAGE(J38:J47) -> 15 | K48: =AVERAGE(K38:K47) -> 1519.6667 | L48: =AVERAGE(L38:L47) -> 103.92933 | M48: =AVERAGE(M38:M47) -> 15 | N48: =AVERAGE(N38:N47) -> 998.76923 | O48: =AVERAGE(O38:O47) -> 66.584615 | P48: =M48-J48 -> 0 | Q48: =N48-K48 -> -520.89744 | R48: =O48/L48 -> 0.64067203 | W48: =(U48-T48)*24*60 -> 0 | AB48: =N48-K48 -> -520.89744 | AC48: =N48/K48 -> 0.65722915
A49: 手工五線 (ET-55) | B49: =VLOOKUP(D49,廠價表!$C$1:$E$39,2,0) -> 義大利麵 | D49: 焗烤起司雙饗筆尖麵 | F49: =VLOOKUP(D49,廠價表!$C$1:$E$39,3,0) -> 49.97 | G49: 2723 | H49: =F49*G49 -> 136068.31 | J49: =VLOOKUP(D49,產線配置圖!$A$2:$C$38,2,0) -> 18 | K49: =VLOOKUP(D49,產線配置圖!$A$2:$C$38,3,0) -> 1565 | L49: =K49/J49 -> 86.944444 | M49: 18 | N49: =G49/W49*60 -> 1556 | O49: =N49/M49 -> 86.444444 | P49: =M49-J49 -> 0 | Q49: =O49-L49 -> -0.5 | R49: =O49/L49 -> 0.9942492 | S49: =R58 -> 0.9827256 | T49: 0.28888889 | U49: 0.36180556 | W49: =(U49-T49)*24*60 -> 105 | AB49: =N49-K49 -> -9 | AC49: =N49/K49 -> 0.9942492 | AD49: =AC58 -> 0.98325267
B50: =VLOOKUP(D50,廠價表!$C$1:$E$39,2,0) -> 義大利麵 | D50: 剝皮辣椒雞奶油扁麵 | F50: =VLOOKUP(D50,廠價表!$C$1:$E$39,3,0) -> 56.87 | G50: 3486 | H50: =F50*G50 -> 198248.82 | J50: =VLOOKUP(D50,產線配置圖!$A$2:$C$38,2,0) -> 17 | K50: =VLOOKUP(D50,產線配置圖!$A$2:$C$38,3,0) -> 1500 | L50: =K50/J50 -> 88.235294 | M50: 17 | N50: =G50/W50*60 -> 1432.6027 | O50: =N50/M50 -> 84.270749 | P50: =M50-J50 -> 0 | Q50: =O50-L50 -> -3.9645447 | R50: =O50/L50 -> 0.95506849 | T50: 0.37083333 | U50: 0.47222222 | V50: =(T50-U49)*24*60 -> 13 | W50: =(U50-T50)*24*60 -> 146 | AB50: =N50-K50 -> -67.39726 | AC50: =N50/K50 -> 0.95506849
B51: =VLOOKUP(D51,廠價表!$C$1:$E$39,2,0) -> 義大利麵 | D51: 焗烤起司雙饗筆尖麵 | F51: =VLOOKUP(D51,廠價表!$C$1:$E$39,3,0) -> 49.97 | G51: 3649 | H51: =F51*G51 -> 182340.53 | J51: =VLOOKUP(D51,產線配置圖!$A$2:$C$38,2,0) -> 18 | K51: =VLOOKUP(D51,產線配置圖!$A$2:$C$38,3,0) -> 1565 | L51: =K51/J51 -> 86.944444 | M51: 18 | N51: =G51/W51*60 -> 1563.8571 | O51: =N51/M51 -> 86.880952 | P51: =M51-J51 -> 0 | Q51: =O51-L51 -> -0.063492063 | R51: =O51/L51 -> 0.99926974 | T51: 0.53125 | U51: 0.62847222 | V51: =(T51-U50)*24*60 -> 85 | W51: =(U51-T51)*24*60 -> 140 | X51: 0.47916667 | Y51: 0.52083333 | AB51: =N51-K51 -> -1.1428571 | AC51: =N51/K51 -> 0.99926974
W52: =(U52-T52)*24*60 -> 0
H53: =F53*G53 -> 0 | W53: =(U53-T53)*24*60 -> 0
H54: =F54*G54 -> 0 | W54: =(U54-T54)*24*60 -> 0
H55: =F55*G55 -> 0 | W55: =(U55-T55)*24*60 -> 0
H56: =F56*G56 -> 0 | W56: =(U56-T56)*24*60 -> 0
H57: =F57*G57 -> 0 | W57: =(U57-T57)*24*60 -> 0
C58: 4度二組C2 | D58: 平均 | J58: =AVERAGE(J49:J57) -> 17.666667 | K58: =AVERAGE(K49:K57) -> 1543.3333 | L58: =AVERAGE(L49:L57) -> 87.374728 | M58: =AVERAGE(M49:M57) -> 17.666667 | N58: =AVERAGE(N49:N57) -> 1517.4866 | O58: =AVERAGE(O49:O57) -> 85.865382 | P58: =M58-J58 -> 0 | Q58: =N58-K58 -> -25.846706 | R58: =O58/L58 -> 0.9827256 | AB58: =N58-K58 -> -25.846706 | AC58: =N58/K58 -> 0.98325267
A59: 調理包一線 (八爪機) | B59: =VLOOKUP(D59,廠價表!$C$1:$E$39,2,0) -> 小吃、微波 | D59: 小滷青蔬 | F59: =VLOOKUP(D59,廠價表!$C$1:$E$39,3,0) -> 26.99 | G59: 2226 | H59: =F59*G59 -> 60079.74 | J59: =VLOOKUP(D59,產線配置圖!$A$2:$C$38,2,0) -> 13 | K59: =VLOOKUP(D59,產線配置圖!$A$2:$C$38,3,0) -> 1565 | L59: =K59/J59 -> 120.38462 | M59: 13 | N59: =G59/W59*60 -> 1151.3793 | O59: =N59/M59 -> 88.567639 | P59: =M59-J59 -> 0 | Q59: =O59-L59 -> -31.816976 | R59: =O59/L59 -> 0.73570563 | S59: =R69 -> 0.73890492 | T59: 0.29166667 | U59: 0.37222222 | W59: =(U59-T59)*24*60 -> 116 | Z59: 8:40-8:56高麗菜溫度過高 | AB59: =N59-K59 -> -413.62069 | AC59: =N59/K59 -> 0.73570563 | AD59: =AC69 -> 0.74003265
B60: =VLOOKUP(D60,廠價表!$C$1:$E$39,2,0) -> 小吃、微波 | D60: 台式綜合甜不辣 | F60: =VLOOKUP(D60,廠價表!$C$1:$E$39,3,0) -> 28.47 | G60: 1734 | H60: =F60*G60 -> 49366.98 | J60: =VLOOKUP(D60,產線配置圖!$A$2:$C$38,2,0) -> 12 | K60: =VLOOKUP(D60,產線配置圖!$A$2:$C$38,3,0) -> 1565 | L60: =K60/J60 -> 130.41667 | M60: 12 | N60: =G60/W60*60 -> 1095.1579 | O60: =N60/M60 -> 91.263158 | P60: =M60-J60 -> 0 | Q60: =O60-L60 -> -39.153509 | R60: =O60/L60 -> 0.6997814 | T60: 0.38194444 | U60: 0.44791667 | V60: =(T60-U59)*24*60 -> 14 | W60: =(U60-T60)*24*60 -> 95 | Z60: 10:30-10:45油豆腐溫度過高 | AB60: =N60-K60 -> -469.84211 | AC60: =N60/K60 -> 0.6997814
B61: =VLOOKUP(D61,廠價表!$C$1:$E$39,2,0) -> 小吃、微波 | D61: 起司馬鈴薯 | F61: =VLOOKUP(D61,廠價表!$C$1:$E$39,3,0) -> 28.26 | G61: 585 | H61: =F61*G61 -> 16532.1 | J61: =VLOOKUP(D61,產線配置圖!$A$2:$C$38,2,0) -> 12 | K61: =VLOOKUP(D61,產線配置圖!$A$2:$C$38,3,0) -> 1565 | L61: =K61/J61 -> 130.41667 | M61: 12 | N61: =G61/W61*60 -> 1002.8571 | O61: =N61/M61 -> 83.571429 | P61: =M61-J61 -> 0 | Q61: =O61-L61 -> -46.845238 | R61: =O61/L61 -> 0.64080329 | T61: 0.45833333 | U61: 0.48263889 | V61: =(T61-U60)*24*60 -> 15 | W61: =(U61-T61)*24*60 -> 35 | Z61: 生產數量少(分區) | AB61: =N61-K61 -> -562.14286 | AC61: =N61/K61 -> 0.64080329
B62: =VLOOKUP(D62,廠價表!$C$1:$E$39,2,0) -> 小吃、微波 | D62: 起司馬鈴薯 | F62: =VLOOKUP(D62,廠價表!$C$1:$E$39,3,0) -> 28.26 | G62: 1687 | H62: =F62*G62 -> 47674.62 | J62: =VLOOKUP(D62,產線配置圖!$A$2:$C$38,2,0) -> 12 | K62: =VLOOKUP(D62,產線配置圖!$A$2:$C$38,3,0) -> 1565 | L62: =K62/J62 -> 130.41667 | M62: 12 | N62: =G62/W62*60 -> 1265.25 | O62: =N62/M62 -> 105.4375 | P62: =M62-J62 -> 0 | Q62: =O62-L62 -> -24.979167 | R62: =O62/L62 -> 0.80846645 | T62: 0.53472222 | U62: 0.59027778 | V62: =(T62-U61)*24*60 -> 75 | W62: =(U62-T62)*24*60 -> 80 | X62: 0.48611111 | Y62: 0.52777778
B63: =VLOOKUP(D63,廠價表!$C$1:$E$39,2,0) -> 小吃、微波 | D63: 小滷青蔬 | F63: =VLOOKUP(D63,廠價表!$C$1:$E$39,3,0) -> 26.99 | G63: 2297 | H63: =F63*G63 -> 61996.03 | J63: =VLOOKUP(D63,產線配置圖!$A$2:$C$38,2,0) -> 13 | K63: =VLOOKUP(D63,產線配置圖!$A$2:$C$38,3,0) -> 1565 | L63: =K63/J63 -> 120.38462 | M63: 13 | N63: =G63/W63*60 -> 1276.1111 | O63: =N63/M63 -> 98.162393 | P63: =M63-J63 -> 0 | Q63: =O63-L63 -> -22.222222 | R63: =O63/L63 -> 0.81540646 | T63: 0.59861111 | U63: 0.67361111 | V63: =(T63-U62)*24*60 -> 12 | W63: =(U63-T63)*24*60 -> 108
H64: =F64*G64 -> 0 | W64: =(U64-T64)*24*60 -> 0
H65: =F65*G65 -> 0 | W65: =(U65-T65)*24*60 -> 0
H66: =F66*G66 -> 0 | W66: =(U66-T66)*24*60 -> 0
H67: =F67*G67 -> 0 | W67: =(U67-T67)*24*60 -> 0
H68: =F68*G68 -> 0 | W68: =(U68-T68)*24*60 -> 0
C69: 4度三組 | D69: 平均 | J69: =AVERAGE(J59:J68) -> 12.4 | K69: =AVERAGE(K59:K68) -> 1565 | L69: =AVERAGE(L59:L68) -> 126.40385 | M69: =AVERAGE(M59:M68) -> 12.4 | N69: =AVERAGE(N59:N68) -> 1158.1511 | O69: =AVERAGE(O59:O68) -> 93.400424 | P69: =M69-J69 -> 0 | Q69: =N69-K69 -> -406.84891 | R69: =O69/L69 -> 0.73890492 | AB69: =N69-K69 -> -406.84891 | AC69: =N69/K69 -> 0.74003265
A70: 調理包二線 (手工) | S70: =R79 -> 0 | W70: =(U70-T70)*24*60 -> 0 | AD70: =AC79 -> 0
H71: =F71*G71 -> 0 | W71: =(U71-T71)*24*60 -> 0
H72: =F72*G72 -> 0 | W72: =(U72-T72)*24*60 -> 0
H73: =F73*G73 -> 0 | W73: =(U73-T73)*24*60 -> 0
H74: =F74*G74 -> 0 | W74: =(U74-T74)*24*60 -> 0
H75: =F75*G75 -> 0 | W75: =(U75-T75)*24*60 -> 0
H76: =F76*G76 -> 0 | W76: =(U76-T76)*24*60 -> 0
H77: =F77*G77 -> 0 | W77: =(U77-T77)*24*60 -> 0
H78: =F78*G78 -> 0 | W78: =(U78-T78)*24*60 -> 0
C79: 4度四組 | D79: 平均
AF80: 1.當日出勤人數較多
AF81: 2.當日出勤人數較少
AF82: 3.當日出勤熟手較少
AF83: 4.當日出勤新人較多
AF84: 5.機台夾盒
AF85: 6.封膜不順
AF86: 7.更換膠膜
AF87: 8.更換碳帶
AF88: 9.當日熱轉印碳帶異常
AF89: 10.訂單量過少
AF90: 11.新品上市，尚未熟悉
AF91: 12.商品結構，產能較低
AF92: 13.區域出貨，分段生產

Sheet 1008總
B1: 長家廠組合室生產人時性分析
B3: 日期 | D3: 45938 | F3: 訂單量 | G3: ='1008'!E1 -> 49561 | I3: 營業額 | J3: ='1008'!G1 -> 2406113.3
B4: 項目 | D4: 3 | F4: ➀ | H4: ➁ | J4: ③
B5: 人時性 | D5: 組合室 | F5: 全溫層 | H5: 義大利麵 | J5: 袋裝小吃、義麵
D6: 排關平均 | F6: =AVERAGE(D13:J13) -> 114.73928 | H6: =AVERAGE(D13:H13) -> 112.607 | J6: =AVERAGE(I13) -> 125.40064
D7: 實績平均 | F7: =AVERAGE(D14:J14) -> 106.00358 | H7: =AVERAGE(D14:H14) -> 104.34112 | J7: =AVERAGE(I14) -> 114.31586
D8: 達成率平均 | F8: =AVERAGE(D15:J15) -> 0.92290386 | H8: =AVERAGE(D15:H15) -> 0.92516362 | J8: =AVERAGE(I15) -> 0.91160505 | L8: ※現行日本鮮食廠以達成率80%為基本(即為現行KPI)
B10: 溫層 | D10: 4度C-各編組展開
B11: 編組 | D11: 1 | E11: 2 | F11: 3 | G11: 4 | H11: 5 | I11: 6 | J11: 7
D12: 自動1線 | E12: 自動2線 | F12: 手工3線 | G12: 手工4線 | H12: 手工5線 | I12: 調理包1線 | J12: 調理包2線
B13: 人時性 | C13: 排關 | D13: =VALUE('1008'!L15) -> 149.2239 | E13: =VALUE('1008'!L26) -> 151.71675 | F13: =VALUE('1008'!L37) -> 84.033987 | G13: =VALUE('1008'!L48) -> 90.685662 | H13: =VALUE('1008'!L58) -> 87.374728 | I13: =VALUE('1008'!L69) -> 125.40064
C14: 實績 | D14: =VALUE('1008'!O15) -> 141.8187 | E14: =VALUE('1008'!O26) -> 138.51273 | F14: =VALUE('1008'!O37) -> 74.899461 | G14: =VALUE('1008'!O48) -> 81.65953 | H14: =VALUE('1008'!O58) -> 84.815173 | I14: =VALUE('1008'!O69) -> 114.31586
C15: 達成率 | D15: =D14/D13 -> 0.95037526 | E15: =E14/E13 -> 0.91296927 | F15: =F14/F13 -> 0.89129963 | G15: =G14/G13 -> 0.90046793 | H15: =H14/H13 -> 0.970706 | I15: =I14/I13 -> 0.91160505
B16: 作業 時間 | C16: 開始 | D16: ='1008'!T5 -> 0.29027778 | E16: ='1008'!T16 -> 0.29027778 | F16: ='1008'!T27 -> 0.29305556 | G16: ='1008'!T38 -> 0.33194444 | H16: ='1008'!T49 -> 0.29027778 | I16: ='1008'!T59 -> 0.29166667
C17: 結束 | D17: 0.60416667 | E17: 0.59375 | F17: 0.64097222 | G17: 0.49930556 | H17: 0.6375 | I17: 0.60416667
B18: 配置人數 | D18: =VALUE('1008'!M15) -> 13.25 | E18: =VALUE('1008'!M26) -> 13.25 | F18: =VALUE('1008'!M37) -> 14.4 | G18: =VALUE('1008'!M48) -> 14 | H18: =VALUE('1008'!M58) -> 17.666667 | I18: =VALUE('1008'!M69) -> 12.5
B19: 主要應用設備 | D19: ET-600 | E19: ET-600 | F19: ET-55 | G19: ET-55 | H19: ET-55 | I19: 八爪機
B20: 次要應用設備 | H20: 封口機
B21: 備註

Sheet 1008
A1: 長家廠4度C日報分析 | D1: 總生產量 | E1: =SUM(G5:G79) -> 49561 | F1: 營業額 | G1: =SUM(H5:H79) -> 2406113.3 | H1: 出勤人數 | I1: =M15+M26+M48+M58+M69+M79+M37 -> 85.066667 | J1: 產線配置圖 | M1: 生產實績 | P1: 人時性差異分析 | T1: 日報登錄 | Z1: 分析說明 | AB1: 產能差異分析
A2: 10月08日 星期三 | D2: 人時性 | E2: =AVERAGE(O15,O26,O37,O48,O58,O69,O79) -> 106.00358 | F2: 平均廠價 | G2: =G1/E1 -> 48.548522 | H2: 多次生產數 | I2: =COUNT(I5:I79) -> 0
A3: 線別 | B3: 品類 | D3: 品名 | F3: 廠價 | G3: 生產量 | H3: 營收 | I3: 多次 生產 | J3: 人數 | K3: 產能/時 | L3: 人時性 | M3: 人數 | N3: 產能/時 | O3: 人時性 | P3: 人數 | Q3: 人時性 | R3: 達成率 | S3: 達成率平均 | T3: 生產時間 | V3: 前置、換線時間/分 | W3: 稼動時間/分 | X3: 休息時間 | Z3: (長家回填) | AB3: 產能/時 | AC3: 達成率 | AD3: 達成率平均
T4: 開始 | U4: 結束 | X4: 開始 | Y4: 結束
A5: 自動一線 (ET-600) | B5: =VLOOKUP(D5,廠價表!$C$1:$E$39,2,0) -> 義大利麵 | D5: 白酒蛤蜊義大利麵 | F5: =VLOOKUP(D5,廠價表!$C$1:$E$39,3,0) -> 57.21 | G5: 1794 | H5: =F5*G5 -> 102634.74 | J5: =VLOOKUP(D5,產線配置圖!$A$2:$C$38,2,0) -> 13 | K5: =VLOOKUP(D5,產線配置圖!$A$2:$C$38,3,0) -> 2000 | L5: =K5/J5 -> 153.84615 | M5: 13 | N5: =G5/W5*60 -> 1888.4211 | O5: =N5/M5 -> 145.26316 | P5: =M5-J5 -> 0 | Q5: =O5-L5 -> -8.582996 | R5: =O5/L5 -> 0.94421053 | S5: =R15 -> 0.95037526 | T5: 0.29027778 | U5: 0.32986111 | W5: =(U5-T5)*24*60 -> 57 | AB5: =N5-K5 -> -111.57895 | AC5: =N5/K5 -> 0.94421053 | AD5: =AC15 -> 0.94928088
B6: =VLOOKUP(D6,廠價表!$C$1:$E$39,2,0) -> 義大利麵 | D6: 韓式起司炸雞義大利麵 | F6: =VLOOKUP(D6,廠價表!$C$1:$E$39,3,0) -> 57.21 | G6: 2744 | H6: =F6*G6 -> 156984.24 | J6: =VLOOKUP(D6,產線配置圖!$A$2:$C$38,2,0) -> 14 | K6: =VLOOKUP(D6,產線配置圖!$A$2:$C$38,3,0) -> 1895 | L6: =K6/J6 -> 135.35714 | M6: 14 | N6: =G6/W6*60 -> 1680 | O6: =N6/M6 -> 120 | P6: =M6-J6 -> 0 | Q6: =O6-L6 -> -15.357143 | R6: =O6/L6 -> 0.88654354 | T6: 0.34027778 | U6: 0.40833333 | W6: =(U6-T6)*24*60 -> 98 | AB6: =N6-K6 -> -215 | AC6: =N6/K6 -> 0.88654354
B7: =VLOOKUP(D7,廠價表!$C$1:$E$39,2,0) -> 義大利麵 | D7: 奶油培根義大利麵 | F7: =VLOOKUP(D7,廠價表!$C$1:$E$39,3,0) -> 49.14 | G7: 2826 | H7: =F7*G7 -> 138869.64 | J7: =VLOOKUP(D7,產線配置圖!$A$2:$C$38,2,0) -> 13 | K7: =VLOOKUP(D7,產線配置圖!$A$2:$C$38,3,0) -> 2000 | L7: =K7/J7 -> 153.84615 | M7: 13 | N7: =G7/W7*60 -> 1926.8182 | O7: =N7/M7 -> 148.21678 | P7: =M7-J7 -> 0 | Q7: =O7-L7 -> -5.6293706 | R7: =O7/L7 -> 0.96340909 | T7: 0.41805556 | U7: 0.47916667 | V7: =(T7-U6)*24*60 -> 14 | W7: =(U7-T7)*24*60 -> 88 | AB7: =N7-K7 -> -73.181818 | AC7: =N7/K7 -> 0.96340909
B8: 義大利麵 | D8: 奶油培根義大利麵 | F8: =VLOOKUP(D8,廠價表!$C$1:$E$39,3,0) -> 49.14 | G8: 2999 | H8: =F8*G8 -> 147370.86 | J8: =VLOOKUP(D8,產線配置圖!$A$2:$C$38,2,0) -> 13 | K8: =VLOOKUP(D8,產線配置圖!$A$2:$C$38,3,0) -> 2000 | L8: =K8/J8 -> 153.84615 | M8: 13 | N8: =G8/W8*60 -> 1999.3333 | O8: =N8/M8 -> 153.79487 | P8: =M8-J8 -> 0 | Q8: =O8-L8 -> -0.051282051 | R8: =O8/L8 -> 0.99966667 | T8: 0.54166667 | U8: 0.60416667 | V8: =(T8-U7)*24*60 -> 90 | W8: =(U8-T8)*24*60 -> 90 | X8: 0.5 | Y8: 0.54166667
W9: =(U9-T9)*24*60 -> 0
W10: =(U10-T10)*24*60 -> 0
H11: =F11*G11 -> 0 | W11: =(U11-T11)*24*60 -> 0
H12: =F12*G12 -> 0 | W12: =(U12-T12)*24*60 -> 0
H13: =F13*G13 -> 0 | W13: =(U13-T13)*24*60 -> 0
H14: =F14*G14 -> 0 | W14: =(U14-T14)*24*60 -> 0
C15: 4度一組 | D15: 平均 | J15: =AVERAGE(J5:J14) -> 13.25 | K15: =AVERAGE(K5:K14) -> 1973.75 | L15: =AVERAGE(L5:L14) -> 149.2239 | M15: =AVERAGE(M5:M14) -> 13.25 | N15: =AVERAGE(N5:N14) -> 1873.6431 | O15: =AVERAGE(O5:O14) -> 141.8187 | P15: =M15-J15 -> 0 | Q15: =O15-L15 -> -7.4051979 | R15: =O15/L15 -> 0.95037526 | AB15: =N15-K15 -> -100.10686 | AC15: =N15/K15 -> 0.94928088
A16: 自動二線 (ET-600) | B16: 義大利麵 | D16: 白酒蛤蜊義大利麵 | F16: =VLOOKUP(D16,廠價表!$C$1:$E$39,3,0) -> 57.21 | G16: 2074 | H16: =F16*G16 -> 118653.54 | J16: =VLOOKUP(D16,產線配置圖!$A$2:$C$38,2,0) -> 13 | K16: =VLOOKUP(D16,產線配置圖!$A$2:$C$38,3,0) -> 2000 | L16: =K16/J16 -> 153.84615 | M16: 13 | N16: =G16/W16*60 -> 1885.4545 | O16: =N16/M16 -> 145.03497 | P16: =M16-J16 -> 0 | Q16: =O16-L16 -> -8.8111888 | R16: =O16/L16 -> 0.94272727 | S16: =R26 -> 0.91296927 | T16: 0.29027778 | U16: 0.33611111 | W16: =(U16-T16)*24*60 -> 66 | AB16: =N16-K16 -> -114.54545 | AC16: =N16/K16 -> 0.94272727 | AD16: =AC26 -> 0.90768816
B17: 義大利麵 | D17: 熱那亞青醬義大利麵 | F17: =VLOOKUP(D17,廠價表!$C$1:$E$39,3,0) -> 50.67 | G17: 2214 | H17: =F17*G17 -> 112183.38 | J17: =VLOOKUP(D17,產線配置圖!$A$2:$C$38,2,0) -> 16 | K17: =VLOOKUP(D17,產線配置圖!$A$2:$C$38,3,0) -> 1915 | L17: =K17/J17 -> 119.6875 | M17: 16 | N17: =G17/W17*60 -> 1562.8235 | O17: =N17/M17 -> 97.676471 | P17: =M17-J17 -> 0 | Q17: =O17-L17 -> -22.011029 | R17: =O17/L17 -> 0.81609584 | T17: 0.34027778 | U17: 0.39930556 | V17: =(T17-U16)*24*60 -> 6 | W17: =(U17-T17)*24*60 -> 85 | AB17: =N17-K17 -> -352.17647 | AC17: =N17/K17 -> 0.81609584
B18: =VLOOKUP(D18,廠價表!$C$1:$E$39,2,0) -> 義大利麵 | D18: 義式蕃茄起司義大利麵 | F18: =VLOOKUP(D18,廠價表!$C$1:$E$39,3,0) -> 50.39 | G18: 3161 | H18: =F18*G18 -> 159282.79 | J18: =VLOOKUP(D18,產線配置圖!$A$2:$C$38,2,0) -> 12 | K18: =VLOOKUP(D18,產線配置圖!$A$2:$C$38,3,0) -> 2000 | L18: =K18/J18 -> 166.66667 | M18: 12 | N18: =G18/W18*60 -> 1896.6 | O18: =N18/M18 -> 158.05 | P18: =M18-J18 -> 0 | Q18: =O18-L18 -> -8.6166667 | R18: =O18/L18 -> 0.9483 | T18: 0.40972222 | U18: 0.47916667 | V18: =(T18-U17)*24*60 -> 15 | W18: =(U18-T18)*24*60 -> 100 | AB18: =N18-K18 -> -103.4 | AC18: =N18/K18 -> 0.9483
B19: =VLOOKUP(D19,廠價表!$C$1:$E$39,2,0) -> 義大利麵 | D19: 義式蕃茄起司義大利麵 | F19: =VLOOKUP(D19,廠價表!$C$1:$E$39,3,0) -> 50.39 | G19: 2330 | H19: =F19*G19 -> 117408.7 | J19: =VLOOKUP(D19,產線配置圖!$A$2:$C$38,2,0) -> 12 | K19: =VLOOKUP(D19,產線配置圖!$A$2:$C$38,3,0) -> 2000 | L19: =K19/J19 -> 166.66667 | M19: 12 | N19: =G19/W19*60 -> 1839.4737 | O19: =N19/M19 -> 153.28947 | P19: =M19-J19 -> 0 | Q19: =O19-L19 -> -13.377193 | R19: =O19/L19 -> 0.91973684 | T19: 0.54097222 | U19: 0.59375 | V19: =(T19-U18)*24*60 -> 89 | W19: =(U19-T19)*24*60 -> 76 | X19: 0.5 | Y19: 0.54166667
H20: =F20*G20 -> 0 | W20: 0
H21: =F21*G21 -> 0 | W21: 0
H22: =F22*G22 -> 0 | W22: 0
H23: =F23*G23 -> 0 | W23: =(U23-T23)*24*60 -> 0
H24: =F24*G24 -> 0 | W24: =(U24-T24)*24*60 -> 0
H25: =F25*G25 -> 0 | W25: =(U25-T25)*24*60 -> 0
C26: 4度二組A | D26: 平均 | J26: =AVERAGE(J16:J25) -> 13.25 | K26: =AVERAGE(K16:K25) -> 1978.75 | L26: =AVERAGE(L16:L25) -> 151.71675 | M26: =AVERAGE(M16:M25) -> 13.25 | N26: =AVERAGE(N16:N25) -> 1796.0879 | O26: =AVERAGE(O16:O25) -> 138.51273 | P26: =M26-J26 -> 0 | Q26: =O26-L26 -> -13.204019 | R26: =O26/L26 -> 0.91296927 | AB26: =N26-K26 -> -182.66206 | AC26: =N26/K26 -> 0.90768816
A27: 手工三線 (ET-55) | B27: 義大利麵 | D27: 黑胡椒燻豬腿義大利麵 | F27: =VLOOKUP(D27,廠價表!$C$1:$E$39,3,0) -> 50.6 | G27: 1255 | H27: =F27*G27 -> 63503 | J27: =VLOOKUP(D27,產線配置圖!$A$2:$C$38,2,0) -> 18 | K27: =VLOOKUP(D27,產線配置圖!$A$2:$C$38,3,0) -> 1500 | L27: =K27/J27 -> 83.333333 | M27: 14 | N27: =G27/W27*60 -> 1060.5634 | O27: =N27/M27 -> 75.754527 | P27: =M27-J27 -> -4 | Q27: =O27-L27 -> -7.5788062 | R27: =O27/L27 -> 0.90905433 | S27: =R37 -> 0.89129963 | T27: 0.29305556 | U27: 0.34236111 | W27: =(U27-T27)*24*60 -> 71 | AB27: =N27-K27 -> -439.43662 | AC27: =N27/K27 -> 0.70704225 | AD27: =AC37 -> 0.72192972
B28: =VLOOKUP(D28,廠價表!$C$1:$E$39,2,0) -> 義大利麵 | D28: 韓式辣醬肉丸義大利麵 | F28: =VLOOKUP(D28,廠價表!$C$1:$E$39,3,0) -> 57.21 | G28: 1557 | H28: =F28*G28 -> 89075.97 | J28: =VLOOKUP(D28,產線配置圖!$A$2:$C$38,2,0) -> 17 | K28: =VLOOKUP(D28,產線配置圖!$A$2:$C$38,3,0) -> 1565 | L28: =K28/J28 -> 92.058824 | M28: 13 | N28: =G28/W28*60 -> 963.09278 | O28: =N28/M28 -> 74.08406 | P28: =M28-J28 -> -4 | Q28: =O28-L28 -> -17.974763 | R28: =O28/L28 -> 0.80474698 | T28: 0.34930556 | U28: 0.41666667 | V28: =(T28-U27)*24*60 -> 10 | W28: =(U28-T28)*24*60 -> 97 | Z28: 8:23~08:26待料(番茄丁) | AB28: =N28-K28 -> -601.90722 | AC28: =N28/K28 -> 0.61539475
B29: =VLOOKUP(D29,廠價表!$C$1:$E$39,2,0) -> 義大利麵 | D29: 奶油蒜香雞義大利麵 | F29: =VLOOKUP(D29,廠價表!$C$1:$E$39,3,0) -> 55.13 | G29: 1616 | H29: =F29*G29 -> 89090.08 | J29: =VLOOKUP(D29,產線配置圖!$A$2:$C$38,2,0) -> 18 | K29: =VLOOKUP(D29,產線配置圖!$A$2:$C$38,3,0) -> 1385 | L29: =K29/J29 -> 76.944444 | M29: 15 | N29: =G29/W29*60 -> 1010 | O29: =N29/M29 -> 67.333333 | P29: =M29-J29 -> -3 | Q29: =O29-L29 -> -9.6111111 | R29: =O29/L29 -> 0.87509025 | T29: 0.42569444 | U29: 0.49236111 | V29: =(T29-U28)*24*60 -> 13 | W29: =(U29-T29)*24*60 -> 96 | AB29: =N29-K29 -> -375 | AC29: =N29/K29 -> 0.72924188
B30: =VLOOKUP(D30,廠價表!$C$1:$E$39,2,0) -> 熱乾麵 | D30: 家傳炸醬麵 | F30: =VLOOKUP(D30,廠價表!$C$1:$E$39,3,0) -> 47.6 | G30: 1377 | H30: =F30*G30 -> 65545.2 | J30: =VLOOKUP(D30,產線配置圖!$A$2:$C$38,2,0) -> 18 | K30: =VLOOKUP(D30,產線配置圖!$A$2:$C$38,3,0) -> 1636 | L30: =K30/J30 -> 90.888889 | M30: 15 | N30: =G30/W30*60 -> 1354.4262 | O30: =N30/M30 -> 90.295082 | P30: =M30-J30 -> -3 | Q30: =O30-L30 -> -0.59380692 | R30: =O30/L30 -> 0.99346667 | T30: 0.54791667 | U30: 0.59027778 | V30: =(T30-U29)*24*60 -> 80 | W30: =(U30-T30)*24*60 -> 61 | X30: 0.46875 | Y30: 0.51041667 | AB30: =N30-K30 -> -281.57377 | AC30: =N30/K30 -> 0.82788889
B31: =VLOOKUP(D31,廠價表!$C$1:$E$39,2,0) -> 義大利麵 | D31: 奶油蒜香雞義大利麵 | F31: =VLOOKUP(D31,廠價表!$C$1:$E$39,3,0) -> 55.13 | G31: 1106 | H31: =F31*G31 -> 60973.78 | J31: =VLOOKUP(D31,產線配置圖!$A$2:$C$38,2,0) -> 18 | K31: =VLOOKUP(D31,產線配置圖!$A$2:$C$38,3,0) -> 1385 | L31: =K31/J31 -> 76.944444 | M31: 15 | N31: =G31/W31*60 -> 1005.4545 | O31: =N31/M31 -> 67.030303 | P31: =M31-J31 -> -3 | Q31: =O31-L31 -> -9.9141414 | R31: =O31/L31 -> 0.87115195 | T31: 0.59513889 | U31: 0.64097222 | V31: =(T31-U30)*24*60 -> 7 | W31: =(U31-T31)*24*60 -> 66
H32: =F32*G32 -> 0 | W32: =(U32-T32)*24*60 -> 0
H33: =F33*G33 -> 0 | W33: =(U33-T33)*24*60 -> 0
H34: =F34*G34 -> 0 | W34: =(U34-T34)*24*60 -> 0
H35: =F35*G35 -> 0 | W35: =(U35-T35)*24*60 -> 0
H36: =F36*G36 -> 0 | W36: =(U36-T36)*24*60 -> 0
C37: 4度二組B | D37: 平均 | J37: =AVERAGE(J27:J36) -> 17.8 | K37: =AVERAGE(K27:K36) -> 1494.2 | L37: =AVERAGE(L27:L36) -> 84.033987 | M37: =AVERAGE(M27:M36) -> 14.4 | N37: =AVERAGE(N27:N36) -> 1078.7074 | O37: =AVERAGE(O27:O36) -> 74.899461 | P37: =M37-J37 -> -3.4 | Q37: =N37-K37 -> -415.49261 | R37: =O37/L37 -> 0.89129963 | AB37: =N37-K37 -> -415.49261 | AC37: =N37/K37 -> 0.72192972
A38: 手工四線 (ET-55) | B38: 熱乾麵 | C38: =VLOOKUP(E38,廠價表!$C$1:$E$39,2,0) -> #N/A | D38: 青花椒麻雞肉拌麵 | F38: =VLOOKUP(D38,廠價表!$C$1:$E$39,3,0) -> 49.91 | G38: 2918 | H38: =F38*G38 -> 145637.38 | J38: =VLOOKUP(D38,產線配置圖!$A$2:$C$38,2,0) -> 17 | K38: =VLOOKUP(D38,產線配置圖!$A$2:$C$38,3,0) -> 1565 | L38: =K38/J38 -> 92.058824 | M38: 14 | N38: =G38/W38*60 -> 1277.9562 | O38: =N38/M38 -> 91.282586 | P38: =M38-J38 -> -3 | Q38: =O38-L38 -> -0.7762375 | R38: =O38/L38 -> 0.99156803 | S38: =R48 -> 0.90046793 | T38: 0.33194444 | U38: 0.42708333 | W38: =(U38-T38)*24*60 -> 137 | AB38: =N38-K38 -> -287.0438 | AC38: =N38/K38 -> 0.81658543 | AD38: =AC48 -> 0.76368298
B39: =VLOOKUP(D39,廠價表!$C$1:$E$39,2,0) -> 義大利麵 | C39: =VLOOKUP(E39,廠價表!$C$1:$E$39,2,0) -> #N/A | D39: 拿坡里義大利麵 | F39: =VLOOKUP(D39,廠價表!$C$1:$E$39,3,0) -> 58.17 | G39: 1580 | H39: =F39*G39 -> 91908.6 | J39: =VLOOKUP(D39,產線配置圖!$A$2:$C$38,2,0) -> 16 | K39: =VLOOKUP(D39,產線配置圖!$A$2:$C$38,3,0) -> 1429 | L39: =K39/J39 -> 89.3125 | M39: 14 | N39: =G39/W39*60 -> 1008.5106 | O39: =N39/M39 -> 72.036474 | P39: =M39-J39 -> -2 | Q39: =O39-L39 -> -17.276026 | R39: =O39/L39 -> 0.80656654 | T39: 0.43402778 | U39: 0.49930556 | V39: =(T39-U38)*24*60 -> 10 | W39: =(U39-T39)*24*60 -> 94 | AB39: =N39-K39 -> -420.48936 | AC39: =N39/K39 -> 0.70574572
W40: =(U40-T40)*24*60 -> 0
W41: =(U41-T41)*24*60 -> 0
W42: =(U42-T42)*24*60 -> 0
H43: =F43*G43 -> 0 | W43: =(U43-T43)*24*60 -> 0
H44: =F44*G44 -> 0 | W44: =(U44-T44)*24*60 -> 0
H45: =F45*G45 -> 0 | W45: =(U45-T45)*24*60 -> 0
H46: =F46*G46 -> 0 | W46: =(U46-T46)*24*60 -> 0
H47: =F47*G47 -> 0 | W47: =(U47-T47)*24*60 -> 0
C48: 4度二組C1 | D48: 平均 | J48: =AVERAGE(J38:J47) -> 16.5 | K48: =AVERAGE(K38:K47) -> 1497 | L48: =AVERAGE(L38:L47) -> 90.685662 | M48: =AVERAGE(M38:M47) -> 14 | N48: =AVERAGE(N38:N47) -> 1143.2334 | O48: =AVERAGE(O38:O47) -> 81.65953 | P48: =M48-J48 -> -2.5 | Q48: =N48-K48 -> -353.76658 | R48: =O48/L48 -> 0.90046793 | W48: =(U48-T48)*24*60 -> 0 | AB48: =N48-K48 -> -353.76658 | AC48: =N48/K48 -> 0.76368298
A49: 手工五線 (ET-55) | B49: =VLOOKUP(D49,廠價表!$C$1:$E$39,2,0) -> 義大利麵 | D49: 焗烤起司雙饗筆尖麵 | F49: =VLOOKUP(D49,廠價表!$C$1:$E$39,3,0) -> 49.97 | G49: 2709 | H49: =F49*G49 -> 135368.73 | J49: =VLOOKUP(D49,產線配置圖!$A$2:$C$38,2,0) -> 18 | K49: =VLOOKUP(D49,產線配置圖!$A$2:$C$38,3,0) -> 1565 | L49: =K49/J49 -> 86.944444 | M49: 18 | N49: =G49/W49*60 -> 1548 | O49: =N49/M49 -> 86 | P49: =M49-J49 -> 0 | Q49: =O49-L49 -> -0.94444444 | R49: =O49/L49 -> 0.98913738 | S49: =R58 -> 0.970706 | T49: 0.29027778 | U49: 0.36319444 | W49: =(U49-T49)*24*60 -> 105 | AB49: =N49-K49 -> -17 | AC49: =N49/K49 -> 0.98913738 | AD49: =AC58 -> 0.9703371
B50: =VLOOKUP(D50,廠價表!$C$1:$E$39,2,0) -> 義大利麵 | D50: 剝皮辣椒雞奶油扁麵 | F50: =VLOOKUP(D50,廠價表!$C$1:$E$39,3,0) -> 56.87 | G50: 3886 | H50: =F50*G50 -> 220996.82 | J50: =VLOOKUP(D50,產線配置圖!$A$2:$C$38,2,0) -> 17 | K50: =VLOOKUP(D50,產線配置圖!$A$2:$C$38,3,0) -> 1500 | L50: =K50/J50 -> 88.235294 | M50: 17 | N50: =G50/W50*60 -> 1485.0955 | O50: =N50/M50 -> 87.358561 | P50: =M50-J50 -> 0 | Q50: =O50-L50 -> -0.87673286 | R50: =O50/L50 -> 0.99006369 | T50: 0.36944444 | U50: 0.47847222 | V50: =(T50-U49)*24*60 -> 9 | W50: =(U50-T50)*24*60 -> 157 | AB50: =N50-K50 -> -14.904459 | AC50: =N50/K50 -> 0.99006369
B51: =VLOOKUP(D51,廠價表!$C$1:$E$39,2,0) -> 義大利麵 | D51: 焗烤起司雙饗筆尖麵 | F51: =VLOOKUP(D51,廠價表!$C$1:$E$39,3,0) -> 49.97 | G51: 3357 | H51: =F51*G51 -> 167749.29 | J51: =VLOOKUP(D51,產線配置圖!$A$2:$C$38,2,0) -> 18 | K51: =VLOOKUP(D51,產線配置圖!$A$2:$C$38,3,0) -> 1565 | L51: =K51/J51 -> 86.944444 | M51: 18 | N51: =G51/W51*60 -> 1459.5652 | O51: =N51/M51 -> 81.086957 | P51: =M51-J51 -> 0 | Q51: =O51-L51 -> -5.8574879 | R51: =O51/L51 -> 0.93262953 | T51: 0.54166667 | U51: 0.6375 | V51: =(T51-U50)*24*60 -> 91 | W51: =(U51-T51)*24*60 -> 138 | X51: 0.5 | Y51: 0.54166667 | AB51: =N51-K51 -> -105.43478 | AC51: =N51/K51 -> 0.93262953
W52: =(U52-T52)*24*60 -> 0
H53: =F53*G53 -> 0 | W53: =(U53-T53)*24*60 -> 0
H54: =F54*G54 -> 0 | W54: =(U54-T54)*24*60 -> 0
H55: =F55*G55 -> 0 | W55: =(U55-T55)*24*60 -> 0
H56: =F56*G56 -> 0 | W56: =(U56-T56)*24*60 -> 0
H57: =F57*G57 -> 0 | W57: =(U57-T57)*24*60 -> 0
C58: 4度二組C2 | D58: 平均 | J58: =AVERAGE(J49:J57) -> 17.666667 | K58: =AVERAGE(K49:K57) -> 1543.3333 | L58: =AVERAGE(L49:L57) -> 87.374728 | M58: =AVERAGE(M49:M57) -> 17.666667 | N58: =AVERAGE(N49:N57) -> 1497.5536 | O58: =AVERAGE(O49:O57) -> 84.815173 | P58: =M58-J58 -> 0 | Q58: =N58-K58 -> -45.779747 | R58: =O58/L58 -> 0.970706 | AB58: =N58-K58 -> -45.779747 | AC58: =N58/K58 -> 0.9703371
A59: 調理包一線 (八爪機) | B59: =VLOOKUP(D59,廠價表!$C$1:$E$39,2,0) -> 小吃、微波 | D59: 小滷青蔬 | F59: =VLOOKUP(D59,廠價表!$C$1:$E$39,3,0) -> 26.99 | G59: 2837 | H59: =F59*G59 -> 76570.63 | J59: =VLOOKUP(D59,產線配置圖!$A$2:$C$38,2,0) -> 13 | K59: =VLOOKUP(D59,產線配置圖!$A$2:$C$38,3,0) -> 1565 | L59: =K59/J59 -> 120.38462 | M59: 13 | N59: =G59/W59*60 -> 1361.76 | O59: =N59/M59 -> 104.75077 | P59: =M59-J59 -> 0 | Q59: =O59-L59 -> -15.633846 | R59: =O59/L59 -> 0.87013419 | S59: =R69 -> 0.91160505 | T59: 0.29166667 | U59: 0.37847222 | W59: =(U59-T59)*24*60 -> 125 | AB59: =N59-K59 -> -203.24 | AC59: =N59/K59 -> 0.87013419 | AD59: =AC69 -> 0.9106301
B60: =VLOOKUP(D60,廠價表!$C$1:$E$39,2,0) -> 小吃、微波 | D60: 台式綜合甜不辣 | F60: =VLOOKUP(D60,廠價表!$C$1:$E$39,3,0) -> 28.47 | G60: 1784 | H60: =F60*G60 -> 50790.48 | J60: =VLOOKUP(D60,產線配置圖!$A$2:$C$38,2,0) -> 12 | K60: =VLOOKUP(D60,產線配置圖!$A$2:$C$38,3,0) -> 1565 | L60: =K60/J60 -> 130.41667 | M60: 12 | N60: =G60/W60*60 -> 1529.1429 | O60: =N60/M60 -> 127.42857 | P60: =M60-J60 -> 0 | Q60: =O60-L60 -> -2.9880952 | R60: =O60/L60 -> 0.97708809 | T60: 0.38888889 | U60: 0.4375 | V60: =(T60-U59)*24*60 -> 15 | W60: =(U60-T60)*24*60 -> 70 | AB60: =N60-K60 -> -35.857143 | AC60: =N60/K60 -> 0.97708809
B61: =VLOOKUP(D61,廠價表!$C$1:$E$39,2,0) -> 小吃、微波 | D61: 起司馬鈴薯 | F61: =VLOOKUP(D61,廠價表!$C$1:$E$39,3,0) -> 28.26 | G61: 2166 | H61: =F61*G61 -> 61211.16 | J61: =VLOOKUP(D61,產線配置圖!$A$2:$C$38,2,0) -> 12 | K61: =VLOOKUP(D61,產線配置圖!$A$2:$C$38,3,0) -> 1565 | L61: =K61/J61 -> 130.41667 | M61: 12 | N61: =G61/W61*60 -> 1397.4194 | O61: =N61/M61 -> 116.45161 | P61: =M61-J61 -> 0 | Q61: =O61-L61 -> -13.965054 | R61: =O61/L61 -> 0.89291972 | T61: 0.44583333 | U61: 0.51041667 | V61: =(T61-U60)*24*60 -> 12 | W61: =(U61-T61)*24*60 -> 93 | AB61: =N61-K61 -> -167.58065 | AC61: =N61/K61 -> 0.89291972
B62: =VLOOKUP(D62,廠價表!$C$1:$E$39,2,0) -> 小吃、微波 | D62: 小滷青蔬 | F62: =VLOOKUP(D62,廠價表!$C$1:$E$39,3,0) -> 26.99 | G62: 1271 | H62: =F62*G62 -> 34304.29 | J62: =VLOOKUP(D62,產線配置圖!$A$2:$C$38,2,0) -> 13 | K62: =VLOOKUP(D62,產線配置圖!$A$2:$C$38,3,0) -> 1565 | L62: =K62/J62 -> 120.38462 | M62: 13 | N62: =G62/W62*60 -> 1412.2222 | O62: =N62/M62 -> 108.63248 | P62: =M62-J62 -> 0 | Q62: =O62-L62 -> -11.752137 | R62: =O62/L62 -> 0.90237842 | T62: 0.56666667 | U62: 0.60416667 | V62: =(T62-U61)*24*60 -> 81 | W62: =(U62-T62)*24*60 -> 54 | X62: 0.52083333 | Y62: 0.5625
W63: =(U63-T63)*24*60 -> 0
H64: =F64*G64 -> 0 | W64: =(U64-T64)*24*60 -> 0
H65: =F65*G65 -> 0 | W65: =(U65-T65)*24*60 -> 0
H66: =F66*G66 -> 0 | W66: =(U66-T66)*24*60 -> 0
H67: =F67*G67 -> 0 | W67: =(U67-T67)*24*60 -> 0
H68: =F68*G68 -> 0 | W68: =(U68-T68)*24*60 -> 0
C69: 4度三組 | D69: 平均 | J69: =AVERAGE(J59:J68) -> 12.5 | K69: =AVERAGE(K59:K68) -> 1565 | L69: =AVERAGE(L59:L68) -> 125.40064 | M69: =AVERAGE(M59:M68) -> 12.5 | N69: =AVERAGE(N59:N68) -> 1425.1361 | O69: =AVERAGE(O59:O68) -> 114.31586 | P69: =M69-J69 -> 0 | Q69: =N69-K69 -> -139.86389 | R69: =O69/L69 -> 0.91160505 | AB69: =N69-K69 -> -139.86389 | AC69: =N69/K69 -> 0.9106301
A70: 調理包二線 (手工) | S70: =R79 -> 0 | W70: =(U70-T70)*24*60 -> 0 | AD70: =AC79 -> 0
H71: =F71*G71 -> 0 | W71: =(U71-T71)*24*60 -> 0
H72: =F72*G72 -> 0 | W72: =(U72-T72)*24*60 -> 0
H73: =F73*G73 -> 0 | W73: =(U73-T73)*24*60 -> 0
H74: =F74*G74 -> 0 | W74: =(U74-T74)*24*60 -> 0
H75: =F75*G75 -> 0 | W75: =(U75-T75)*24*60 -> 0
H76: =F76*G76 -> 0 | W76: =(U76-T76)*24*60 -> 0
H77: =F77*G77 -> 0 | W77: =(U77-T77)*24*60 -> 0
H78: =F78*G78 -> 0 | W78: =(U78-T78)*24*60 -> 0
C79: 4度四組 | D79: 平均
AF80: 1.當日出勤人數較多
AF81: 2.當日出勤人數較少
AF82: 3.當日出勤熟手較少
AF83: 4.當日出勤新人較多
AF84: 5.機台夾盒
AF85: 6.封膜不順
AF86: 7.更換膠膜
AF87: 8.更換碳帶
AF88: 9.當日熱轉印碳帶異常
AF89: 10.訂單量過少
AF90: 11.新品上市，尚未熟悉
AF91: 12.商品結構，產能較低
AF92: 13.區域出貨，分段生產

Sheet 1009總 
B1: 長家廠組合室生產人時性分析
B3: 日期 | D3: 45939 | F3: 訂單量 | G3: ='1009'!E1 -> 40503 | I3: 營業額 | J3: ='1009'!G1 -> 1969504.2
B4: 項目 | D4: 3 | F4: ➀ | H4: ➁ | J4: ③
B5: 人時性 | D5: 組合室 | F5: 全溫層 | H5: 義大利麵 | J5: 袋裝小吃、義麵
D6: 排關平均 | F6: =AVERAGE(D13:J13) -> 114.26186 | H6: =AVERAGE(D13:H13) -> 111.6997 | J6: =AVERAGE(I13) -> 127.07265
D7: 實績平均 | F7: =AVERAGE(D14:J14) -> 103.97968 | H7: =AVERAGE(D14:H14) -> 103.68798 | J7: =AVERAGE(I14) -> 105.43817
D8: 達成率平均 | F8: =AVERAGE(D15:J15) -> 0.90748933 | H8: =AVERAGE(D15:H15) -> 0.92303777 | J8: =AVERAGE(I15) -> 0.82974714 | L8: ※現行日本鮮食廠以達成率80%為基本(即為現行KPI)
B10: 溫層 | D10: 4度C-各編組展開
B11: 編組 | D11: 1 | E11: 2 | F11: 3 | G11: 4 | H11: 5 | I11: 6 | J11: 7
D12: 自動1線 | E12: 自動2線 | F12: 手工3線 | G12: 手工4線 | H12: 手工5線 | I12: 調理包1線 | J12: 調理包2線
B13: 人時性 | C13: 排關 | D13: =VALUE('1009'!L15) -> 147.68315 | E13: =VALUE('1009'!L26) -> 146.73344 | F13: =VALUE('1009'!L37) -> 85.806373 | G13: =VALUE('1009'!L48) -> 90.685662 | H13: =VALUE('1009'!L58) -> 87.589869 | I13: =VALUE('1009'!L69) -> 127.07265
C14: 實績 | D14: =VALUE('1009'!O15) -> 139.35834 | E14: =VALUE('1009'!O26) -> 139.72732 | F14: =VALUE('1009'!O37) -> 73.744075 | G14: =VALUE('1009'!O48) -> 79.191005 | H14: =VALUE('1009'!O58) -> 86.419148 | I14: =VALUE('1009'!O69) -> 105.43817
C15: 達成率 | D15: =D14/D13 -> 0.94363061 | E15: =E14/E13 -> 0.95225272 | F15: =F14/F13 -> 0.85942423 | G15: =G14/G13 -> 0.87324725 | H15: =H14/H13 -> 0.98663405 | I15: =I14/I13 -> 0.82974714
B16: 作業 時間 | C16: 開始 | D16: ='1009'!T5 -> 0.29166667 | E16: ='1009'!T16 -> 0.29027778 | F16: ='1009'!T27 -> 0.29166667 | G16: ='1009'!T38 -> 0.33194444 | H16: ='1009'!T49 -> 0.29513889 | I16: ='1009'!T59 -> 0.29166667
C17: 結束 | D17: 0.49930556 | E17: 0.50347222 | F17: 0.55555556 | G17: 0.46875 | H17: 0.6 | I17: 0.51736111
B18: 配置人數 | D18: =VALUE('1009'!M15) -> 13.333333 | E18: =VALUE('1009'!M26) -> 13.666667 | F18: =VALUE('1009'!M37) -> 16.25 | G18: =VALUE('1009'!M48) -> 15.5 | H18: =VALUE('1009'!M58) -> 17.5 | I18: =VALUE('1009'!M69) -> 12.333333
B19: 主要應用設備 | D19: ET-600 | E19: ET-600 | F19: ET-55 | G19: ET-55 | H19: ET-55 | I19: 八爪機
B20: 次要應用設備 | H20: 封口機
B21: 備註

Sheet 1009
A1: 長家廠4度C日報分析 | D1: 總生產量 | E1: =SUM(G5:G79) -> 40503 | F1: 營業額 | G1: =SUM(H5:H79) -> 1969504.2 | H1: 出勤人數 | I1: =M15+M26+M48+M58+M69+M79+M37 -> 88.583333 | J1: 產線配置圖 | M1: 生產實績 | P1: 人時性差異分析 | T1: 日報登錄 | Z1: 分析說明 | AB1: 產能差異分析
A2: 10月09日 星期四 | D2: 人時性 | E2: =AVERAGE(O15,O26,O37,O48,O58,O69,O79) -> 103.97968 | F2: 平均廠價 | G2: =G1/E1 -> 48.626132 | H2: 多次生產數 | I2: =COUNT(I5:I79) -> 0
A3: 線別 | B3: 品類 | D3: 品名 | F3: 廠價 | G3: 生產量 | H3: 營收 | I3: 多次 生產 | J3: 人數 | K3: 產能/時 | L3: 人時性 | M3: 人數 | N3: 產能/時 | O3: 人時性 | P3: 人數 | Q3: 人時性 | R3: 達成率 | S3: 達成率平均 | T3: 生產時間 | V3: 前置、換線時間/分 | W3: 稼動時間/分 | X3: 休息時間 | Z3: (長家回填) | AB3: 產能/時 | AC3: 達成率 | AD3: 達成率平均
T4: 開始 | U4: 結束 | X4: 開始 | Y4: 結束
A5: 自動一線 (ET-600) | B5: =VLOOKUP(D5,廠價表!$C$1:$E$39,2,0) -> 義大利麵 | D5: 白酒蛤蜊義大利麵 | F5: =VLOOKUP(D5,廠價表!$C$1:$E$39,3,0) -> 57.21 | G5: 1585 | H5: =F5*G5 -> 90677.85 | J5: =VLOOKUP(D5,產線配置圖!$A$2:$C$38,2,0) -> 13 | K5: =VLOOKUP(D5,產線配置圖!$A$2:$C$38,3,0) -> 2000 | L5: =K5/J5 -> 153.84615 | M5: 13 | N5: =G5/W5*60 -> 1940.8163 | O5: =N5/M5 -> 149.29356 | P5: =M5-J5 -> 0 | Q5: =O5-L5 -> -4.5525903 | R5: =O5/L5 -> 0.97040816 | S5: =R15 -> 0.94363061 | T5: 0.29166667 | U5: 0.32569444 | W5: =(U5-T5)*24*60 -> 49 | AB5: =N5-K5 -> -59.183673 | AC5: =N5/K5 -> 0.97040816 | AD5: =AC15 -> 0.94209816
B6: =VLOOKUP(D6,廠價表!$C$1:$E$39,2,0) -> 義大利麵 | D6: 韓式起司炸雞義大利麵 | F6: =VLOOKUP(D6,廠價表!$C$1:$E$39,3,0) -> 57.21 | G6: 2271 | H6: =F6*G6 -> 129923.91 | J6: =VLOOKUP(D6,產線配置圖!$A$2:$C$38,2,0) -> 14 | K6: =VLOOKUP(D6,產線配置圖!$A$2:$C$38,3,0) -> 1895 | L6: =K6/J6 -> 135.35714 | M6: 14 | N6: =G6/W6*60 -> 1661.7073 | O6: =N6/M6 -> 118.69338 | P6: =M6-J6 -> 0 | Q6: =O6-L6 -> -16.663763 | R6: =O6/L6 -> 0.8768904 | T6: 0.33888889 | U6: 0.39583333 | V6: =(T6-U5)*24*60 -> 19 | W6: =(U6-T6)*24*60 -> 82 | AB6: =N6-K6 -> -233.29268 | AC6: =N6/K6 -> 0.8768904
B7: =VLOOKUP(D7,廠價表!$C$1:$E$39,2,0) -> 義大利麵 | D7: 奶油培根義大利麵 | F7: =VLOOKUP(D7,廠價表!$C$1:$E$39,3,0) -> 49.14 | G7: 4260 | H7: =F7*G7 -> 209336.4 | J7: =VLOOKUP(D7,產線配置圖!$A$2:$C$38,2,0) -> 13 | K7: =VLOOKUP(D7,產線配置圖!$A$2:$C$38,3,0) -> 2000 | L7: =K7/J7 -> 153.84615 | M7: 13 | N7: =G7/W7*60 -> 1951.145 | O7: =N7/M7 -> 150.08808 | P7: =M7-J7 -> 0 | Q7: =O7-L7 -> -3.758074 | R7: =O7/L7 -> 0.97557252 | T7: 0.40833333 | U7: 0.49930556 | V7: =(T7-U6)*24*60 -> 18 | W7: =(U7-T7)*24*60 -> 131 | AB7: =N7-K7 -> -48.854962 | AC7: =N7/K7 -> 0.97557252
W8: =(U8-T8)*24*60 -> 0
W9: =(U9-T9)*24*60 -> 0
W10: =(U10-T10)*24*60 -> 0
H11: =F11*G11 -> 0 | W11: =(U11-T11)*24*60 -> 0
H12: =F12*G12 -> 0 | W12: =(U12-T12)*24*60 -> 0
H13: =F13*G13 -> 0 | W13: =(U13-T13)*24*60 -> 0
H14: =F14*G14 -> 0 | W14: =(U14-T14)*24*60 -> 0
C15: 4度一組 | D15: 平均 | J15: =AVERAGE(J5:J14) -> 13.333333 | K15: =AVERAGE(K5:K14) -> 1965 | L15: =AVERAGE(L5:L14) -> 147.68315 | M15: =AVERAGE(M5:M14) -> 13.333333 | N15: =AVERAGE(N5:N14) -> 1851.2229 | O15: =AVERAGE(O5:O14) -> 139.35834 | P15: =M15-J15 -> 0 | Q15: =O15-L15 -> -8.3248091 | R15: =O15/L15 -> 0.94363061 | AB15: =N15-K15 -> -113.77711 | AC15: =N15/K15 -> 0.94209816
A16: 自動二線 (ET-600) | B16: 義大利麵 | D16: 白酒蛤蜊義大利麵 | F16: =VLOOKUP(D16,廠價表!$C$1:$E$39,3,0) -> 57.21 | G16: 1707 | H16: =F16*G16 -> 97657.47 | J16: =VLOOKUP(D16,產線配置圖!$A$2:$C$38,2,0) -> 13 | K16: =VLOOKUP(D16,產線配置圖!$A$2:$C$38,3,0) -> 2000 | L16: =K16/J16 -> 153.84615 | M16: 13 | N16: =G16/W16*60 -> 1969.6154 | O16: =N16/M16 -> 151.50888 | P16: =M16-J16 -> 0 | Q16: =O16-L16 -> -2.3372781 | R16: =O16/L16 -> 0.98480769 | S16: =R26 -> 0.95225272 | T16: 0.29027778 | U16: 0.32638889 | W16: =(U16-T16)*24*60 -> 52 | AB16: =N16-K16 -> -30.384615 | AC16: =N16/K16 -> 0.98480769 | AD16: =AC26 -> 0.94816308
B17: 義大利麵 | D17: 熱那亞青醬義大利麵 | F17: =VLOOKUP(D17,廠價表!$C$1:$E$39,3,0) -> 50.67 | G17: 1849 | H17: =F17*G17 -> 93688.83 | J17: =VLOOKUP(D17,產線配置圖!$A$2:$C$38,2,0) -> 16 | K17: =VLOOKUP(D17,產線配置圖!$A$2:$C$38,3,0) -> 1915 | L17: =K17/J17 -> 119.6875 | M17: 16 | N17: =G17/W17*60 -> 1706.7692 | O17: =N17/M17 -> 106.67308 | P17: =M17-J17 -> 0 | Q17: =O17-L17 -> -13.014423 | R17: =O17/L17 -> 0.89126331 | T17: 0.34027778 | U17: 0.38541667 | V17: =(T17-U16)*24*60 -> 20 | W17: =(U17-T17)*24*60 -> 65 | AB17: =N17-K17 -> -208.23077 | AC17: =N17/K17 -> 0.89126331
B18: =VLOOKUP(D18,廠價表!$C$1:$E$39,2,0) -> 義大利麵 | D18: 義式蕃茄起司義大利麵 | F18: =VLOOKUP(D18,廠價表!$C$1:$E$39,3,0) -> 50.39 | G18: 4508 | H18: =F18*G18 -> 227158.12 | J18: =VLOOKUP(D18,產線配置圖!$A$2:$C$38,2,0) -> 12 | K18: =VLOOKUP(D18,產線配置圖!$A$2:$C$38,3,0) -> 2000 | L18: =K18/J18 -> 166.66667 | M18: 12 | N18: =G18/W18*60 -> 1932 | O18: =N18/M18 -> 161 | P18: =M18-J18 -> 0 | Q18: =O18-L18 -> -5.6666667 | R18: =O18/L18 -> 0.966 | T18: 0.40625 | U18: 0.50347222 | V18: =(T18-U17)*24*60 -> 30 | W18: =(U18-T18)*24*60 -> 140 | AB18: =N18-K18 -> -68 | AC18: =N18/K18 -> 0.966
W19: =(U19-T19)*24*60 -> 0
W20: 0
H21: =F21*G21 -> 0 | W21: 0
H22: =F22*G22 -> 0 | W22: 0
H23: =F23*G23 -> 0 | W23: =(U23-T23)*24*60 -> 0
H24: =F24*G24 -> 0 | W24: =(U24-T24)*24*60 -> 0
H25: =F25*G25 -> 0 | W25: =(U25-T25)*24*60 -> 0
C26: 4度二組A | D26: 平均 | J26: =AVERAGE(J16:J25) -> 13.666667 | K26: =AVERAGE(K16:K25) -> 1971.6667 | L26: =AVERAGE(L16:L25) -> 146.73344 | M26: =AVERAGE(M16:M25) -> 13.666667 | N26: =AVERAGE(N16:N25) -> 1869.4615 | O26: =AVERAGE(O16:O25) -> 139.72732 | P26: =M26-J26 -> 0 | Q26: =O26-L26 -> -7.0061226 | R26: =O26/L26 -> 0.95225272 | AB26: =N26-K26 -> -102.20513 | AC26: =N26/K26 -> 0.94816308
A27: 手工三線 (ET-55) | B27: 義大利麵 | D27: 黑胡椒燻豬腿義大利麵 | F27: =VLOOKUP(D27,廠價表!$C$1:$E$39,3,0) -> 50.6 | G27: 1087 | H27: =F27*G27 -> 55002.2 | J27: =VLOOKUP(D27,產線配置圖!$A$2:$C$38,2,0) -> 18 | K27: =VLOOKUP(D27,產線配置圖!$A$2:$C$38,3,0) -> 1500 | L27: =K27/J27 -> 83.333333 | M27: 16 | N27: =G27/W27*60 -> 1230.566 | O27: =N27/M27 -> 76.910377 | P27: =M27-J27 -> -2 | Q27: =O27-L27 -> -6.422956 | R27: =O27/L27 -> 0.92292453 | S27: =R37 -> 0.85942423 | T27: 0.29166667 | U27: 0.32847222 | W27: =(U27-T27)*24*60 -> 53 | AB27: =N27-K27 -> -269.43396 | AC27: =N27/K27 -> 0.82037736 | AD27: =AC37 -> 0.78632599
B28: =VLOOKUP(D28,廠價表!$C$1:$E$39,2,0) -> 義大利麵 | D28: 韓式辣醬肉丸義大利麵 | F28: =VLOOKUP(D28,廠價表!$C$1:$E$39,3,0) -> 57.21 | G28: 1125 | H28: =F28*G28 -> 64361.25 | J28: =VLOOKUP(D28,產線配置圖!$A$2:$C$38,2,0) -> 17 | K28: =VLOOKUP(D28,產線配置圖!$A$2:$C$38,3,0) -> 1565 | L28: =K28/J28 -> 92.058824 | M28: 14 | N28: =G28/W28*60 -> 1038.4615 | O28: =N28/M28 -> 74.175824 | P28: =M28-J28 -> -3 | Q28: =O28-L28 -> -17.882999 | R28: =O28/L28 -> 0.80574378 | T28: 0.33541667 | U28: 0.38055556 | V28: =(T28-U27)*24*60 -> 10 | W28: =(U28-T28)*24*60 -> 65 | AB28: =N28-K28 -> -526.53846 | AC28: =N28/K28 -> 0.6635537
B29: =VLOOKUP(D29,廠價表!$C$1:$E$39,2,0) -> 義大利麵 | D29: 奶油蒜香雞義大利麵 | F29: =VLOOKUP(D29,廠價表!$C$1:$E$39,3,0) -> 55.13 | G29: 2176 | H29: =F29*G29 -> 119962.88 | J29: =VLOOKUP(D29,產線配置圖!$A$2:$C$38,2,0) -> 18 | K29: =VLOOKUP(D29,產線配置圖!$A$2:$C$38,3,0) -> 1385 | L29: =K29/J29 -> 76.944444 | M29: 18 | N29: =G29/W29*60 -> 1267.5728 | O29: =N29/M29 -> 70.420712 | P29: =M29-J29 -> 0 | Q29: =O29-L29 -> -6.5237325 | R29: =O29/L29 -> 0.91521503 | T29: 0.3875 | U29: 0.45902778 | V29: =(T29-U28)*24*60 -> 10 | W29: =(U29-T29)*24*60 -> 103 | AB29: =N29-K29 -> -117.42718 | AC29: =N29/K29 -> 0.91521503
B30: =VLOOKUP(D30,廠價表!$C$1:$E$39,2,0) -> 熱乾麵 | D30: 家傳炸醬麵 | F30: =VLOOKUP(D30,廠價表!$C$1:$E$39,3,0) -> 47.6 | G30: 1020 | H30: =F30*G30 -> 48552 | J30: =VLOOKUP(D30,產線配置圖!$A$2:$C$38,2,0) -> 18 | K30: =VLOOKUP(D30,產線配置圖!$A$2:$C$38,3,0) -> 1636 | L30: =K30/J30 -> 90.888889 | M30: 17 | N30: =G30/W30*60 -> 1248.9796 | O30: =N30/M30 -> 73.469388 | P30: =M30-J30 -> -1 | Q30: =O30-L30 -> -17.419501 | R30: =O30/L30 -> 0.8083429 | T30: 0.52152778 | U30: 0.55555556 | V30: =(T30-U29)*24*60 -> 90 | W30: =(U30-T30)*24*60 -> 49 | X30: 0.46875 | Y30: 0.51041667 | AB30: =N30-K30 -> -387.02041 | AC30: =N30/K30 -> 0.76343496
W31: =(U31-T31)*24*60 -> 0
H32: =F32*G32 -> 0 | W32: =(U32-T32)*24*60 -> 0
H33: =F33*G33 -> 0 | W33: =(U33-T33)*24*60 -> 0
H34: =F34*G34 -> 0 | W34: =(U34-T34)*24*60 -> 0
H35: =F35*G35 -> 0 | W35: =(U35-T35)*24*60 -> 0
H36: =F36*G36 -> 0 | W36: =(U36-T36)*24*60 -> 0
C37: 4度二組B | D37: 平均 | J37: =AVERAGE(J27:J36) -> 17.75 | K37: =AVERAGE(K27:K36) -> 1521.5 | L37: =AVERAGE(L27:L36) -> 85.806373 | M37: =AVERAGE(M27:M36) -> 16.25 | N37: =AVERAGE(N27:N36) -> 1196.395 | O37: =AVERAGE(O27:O36) -> 73.744075 | P37: =M37-J37 -> -1.5 | Q37: =N37-K37 -> -325.105 | R37: =O37/L37 -> 0.85942423 | AB37: =N37-K37 -> -325.105 | AC37: =N37/K37 -> 0.78632599
A38: 手工四線 (ET-55) | B38: 熱乾麵 | C38: =VLOOKUP(E38,廠價表!$C$1:$E$39,2,0) -> #N/A | D38: 青花椒麻雞肉拌麵 | F38: =VLOOKUP(D38,廠價表!$C$1:$E$39,3,0) -> 49.91 | G38: 2401 | H38: =F38*G38 -> 119833.91 | J38: =VLOOKUP(D38,產線配置圖!$A$2:$C$38,2,0) -> 17 | K38: =VLOOKUP(D38,產線配置圖!$A$2:$C$38,3,0) -> 1565 | L38: =K38/J38 -> 92.058824 | M38: 15 | N38: =G38/W38*60 -> 1346.3551 | O38: =N38/M38 -> 89.757009 | P38: =M38-J38 -> -2 | Q38: =O38-L38 -> -2.3018142 | R38: =O38/L38 -> 0.97499627 | S38: =R48 -> 0.87324725 | T38: 0.33194444 | U38: 0.40625 | W38: =(U38-T38)*24*60 -> 107 | AB38: =N38-K38 -> -218.64486 | AC38: =N38/K38 -> 0.86029082 | AD38: =AC48 -> 0.81641788
B39: =VLOOKUP(D39,廠價表!$C$1:$E$39,2,0) -> 義大利麵 | C39: =VLOOKUP(E39,廠價表!$C$1:$E$39,2,0) -> #N/A | D39: 拿坡里義大利麵 | F39: =VLOOKUP(D39,廠價表!$C$1:$E$39,3,0) -> 58.17 | G39: 1281 | H39: =F39*G39 -> 74515.77 | J39: =VLOOKUP(D39,產線配置圖!$A$2:$C$38,2,0) -> 16 | K39: =VLOOKUP(D39,產線配置圖!$A$2:$C$38,3,0) -> 1429 | L39: =K39/J39 -> 89.3125 | M39: 16 | N39: =G39/W39*60 -> 1098 | O39: =N39/M39 -> 68.625 | P39: =M39-J39 -> 0 | Q39: =O39-L39 -> -20.6875 | R39: =O39/L39 -> 0.76836949 | T39: 0.42013889 | U39: 0.46875 | V39: =(T39-U38)*24*60 -> 20 | W39: =(U39-T39)*24*60 -> 70 | Z39: 封口設備異常 | AB39: =N39-K39 -> -331 | AC39: =N39/K39 -> 0.76836949
W40: =(U40-T40)*24*60 -> 0
W41: =(U41-T41)*24*60 -> 0
W42: =(U42-T42)*24*60 -> 0
H43: =F43*G43 -> 0 | W43: =(U43-T43)*24*60 -> 0
H44: =F44*G44 -> 0 | W44: =(U44-T44)*24*60 -> 0
H45: =F45*G45 -> 0 | W45: =(U45-T45)*24*60 -> 0
H46: =F46*G46 -> 0 | W46: =(U46-T46)*24*60 -> 0
H47: =F47*G47 -> 0 | W47: =(U47-T47)*24*60 -> 0
C48: 4度二組C1 | D48: 平均 | J48: =AVERAGE(J38:J47) -> 16.5 | K48: =AVERAGE(K38:K47) -> 1497 | L48: =AVERAGE(L38:L47) -> 90.685662 | M48: =AVERAGE(M38:M47) -> 15.5 | N48: =AVERAGE(N38:N47) -> 1222.1776 | O48: =AVERAGE(O38:O47) -> 79.191005 | P48: =M48-J48 -> -1 | Q48: =N48-K48 -> -274.82243 | R48: =O48/L48 -> 0.87324725 | W48: =(U48-T48)*24*60 -> 0 | AB48: =N48-K48 -> -274.82243 | AC48: =N48/K48 -> 0.81641788
A49: 手工五線 (ET-55) | B49: =VLOOKUP(D49,廠價表!$C$1:$E$39,2,0) -> 義大利麵 | D49: 焗烤起司雙饗筆尖麵 | F49: =VLOOKUP(D49,廠價表!$C$1:$E$39,3,0) -> 49.97 | G49: 3034 | H49: =F49*G49 -> 151608.98 | J49: =VLOOKUP(D49,產線配置圖!$A$2:$C$38,2,0) -> 18 | K49: =VLOOKUP(D49,產線配置圖!$A$2:$C$38,3,0) -> 1565 | L49: =K49/J49 -> 86.944444 | M49: 18 | N49: =G49/W49*60 -> 1542.7119 | O49: =N49/M49 -> 85.706215 | P49: =M49-J49 -> 0 | Q49: =O49-L49 -> -1.2382298 | R49: =O49/L49 -> 0.98575838 | S49: =R58 -> 0.98663405 | T49: 0.29513889 | U49: 0.37708333 | W49: =(U49-T49)*24*60 -> 118 | AB49: =N49-K49 -> -22.288136 | AC49: =N49/K49 -> 0.98575838 | AD49: =AC58 -> 0.9866806
B50: =VLOOKUP(D50,廠價表!$C$1:$E$39,2,0) -> 義大利麵 | D50: 剝皮辣椒雞奶油扁麵 | F50: =VLOOKUP(D50,廠價表!$C$1:$E$39,3,0) -> 56.87 | G50: 3269 | H50: =F50*G50 -> 185908.03 | J50: =VLOOKUP(D50,產線配置圖!$A$2:$C$38,2,0) -> 17 | K50: =VLOOKUP(D50,產線配置圖!$A$2:$C$38,3,0) -> 1500 | L50: =K50/J50 -> 88.235294 | M50: 17 | N50: =G50/W50*60 -> 1485.9091 | O50: =N50/M50 -> 87.406417 | P50: =M50-J50 -> 0 | Q50: =O50-L50 -> -0.82887701 | R50: =O50/L50 -> 0.99060606 | T50: 0.38402778 | U50: 0.47569444 | V50: =(T50-U49)*24*60 -> 10 | W50: =(U50-T50)*24*60 -> 132 | AB50: =N50-K50 -> -14.090909 | AC50: =N50/K50 -> 0.99060606
B51: =VLOOKUP(D51,廠價表!$C$1:$E$39,2,0) -> 義大利麵 | D51: 剝皮辣椒雞奶油扁麵 | F51: =VLOOKUP(D51,廠價表!$C$1:$E$39,3,0) -> 56.87 | G51: 857 | H51: =F51*G51 -> 48737.59 | J51: =VLOOKUP(D51,產線配置圖!$A$2:$C$38,2,0) -> 17 | K51: =VLOOKUP(D51,產線配置圖!$A$2:$C$38,3,0) -> 1500 | L51: =K51/J51 -> 88.235294 | M51: 17 | N51: =G51/W51*60 -> 1469.1429 | O51: =N51/M51 -> 86.420168 | P51: =M51-J51 -> 0 | Q51: =O51-L51 -> -1.8151261 | R51: =O51/L51 -> 0.97942857 | T51: 0.53125 | U51: 0.55555556 | V51: =(T51-U50)*24*60 -> 80 | W51: =(U51-T51)*24*60 -> 35 | X51: 0.47916667 | Y51: 0.52083333 | AB51: =N51-K51 -> -30.857143 | AC51: =N51/K51 -> 0.97942857
B52: =VLOOKUP(D52,廠價表!$C$1:$E$39,2,0) -> 義大利麵 | D52: 焗烤起司雙饗筆尖麵 | F52: =VLOOKUP(D52,廠價表!$C$1:$E$39,3,0) -> 49.97 | G52: 1318 | H52: =F52*G52 -> 65860.46 | J52: =VLOOKUP(D52,產線配置圖!$A$2:$C$38,2,0) -> 18 | K52: =VLOOKUP(D52,產線配置圖!$A$2:$C$38,3,0) -> 1565 | L52: =K52/J52 -> 86.944444 | M52: 18 | N52: =G52/W52*60 -> 1550.5882 | O52: =N52/M52 -> 86.143791 | P52: =M52-J52 -> 0 | Q52: =O52-L52 -> -0.80065359 | R52: =O52/L52 -> 0.9907912 | T52: 0.56458333 | U52: 0.6 | V52: =(T52-U51)*24*60 -> 13 | W52: =(U52-T52)*24*60 -> 51
H53: =F53*G53 -> 0 | W53: =(U53-T53)*24*60 -> 0
H54: =F54*G54 -> 0 | W54: =(U54-T54)*24*60 -> 0
H55: =F55*G55 -> 0 | W55: =(U55-T55)*24*60 -> 0
H56: =F56*G56 -> 0 | W56: =(U56-T56)*24*60 -> 0
H57: =F57*G57 -> 0 | W57: =(U57-T57)*24*60 -> 0
C58: 4度二組C2 | D58: 平均 | J58: =AVERAGE(J49:J57) -> 17.5 | K58: =AVERAGE(K49:K57) -> 1532.5 | L58: =AVERAGE(L49:L57) -> 87.589869 | M58: =AVERAGE(M49:M57) -> 17.5 | N58: =AVERAGE(N49:N57) -> 1512.088 | O58: =AVERAGE(O49:O57) -> 86.419148 | P58: =M58-J58 -> 0 | Q58: =N58-K58 -> -20.411988 | R58: =O58/L58 -> 0.98663405 | AB58: =N58-K58 -> -20.411988 | AC58: =N58/K58 -> 0.9866806
A59: 調理包一線 (八爪機) | B59: =VLOOKUP(D59,廠價表!$C$1:$E$39,2,0) -> 小吃、微波 | D59: 小滷青蔬 | F59: =VLOOKUP(D59,廠價表!$C$1:$E$39,3,0) -> 26.99 | G59: 3504 | H59: =F59*G59 -> 94572.96 | J59: =VLOOKUP(D59,產線配置圖!$A$2:$C$38,2,0) -> 13 | K59: =VLOOKUP(D59,產線配置圖!$A$2:$C$38,3,0) -> 1565 | L59: =K59/J59 -> 120.38462 | M59: 13 | N59: =G59/W59*60 -> 1557.3333 | O59: =N59/M59 -> 119.79487 | P59: =M59-J59 -> 0 | Q59: =O59-L59 -> -0.58974359 | R59: =O59/L59 -> 0.99510117 | S59: =R69 -> 0.82974714 | T59: 0.29166667 | U59: 0.38541667 | W59: =(U59-T59)*24*60 -> 135 | AB59: =N59-K59 -> -7.6666667 | AC59: =N59/K59 -> 0.99510117 | AD59: =AC69 -> 0.83398698
B60: =VLOOKUP(D60,廠價表!$C$1:$E$39,2,0) -> 小吃、微波 | D60: 台式綜合甜不辣 | F60: =VLOOKUP(D60,廠價表!$C$1:$E$39,3,0) -> 28.47 | G60: 1297 | H60: =F60*G60 -> 36925.59 | J60: =VLOOKUP(D60,產線配置圖!$A$2:$C$38,2,0) -> 12 | K60: =VLOOKUP(D60,產線配置圖!$A$2:$C$38,3,0) -> 1565 | L60: =K60/J60 -> 130.41667 | M60: 12 | N60: =G60/W60*60 -> 1010.6494 | O60: =N60/M60 -> 84.220779 | P60: =M60-J60 -> 0 | Q60: =O60-L60 -> -46.195887 | R60: =O60/L60 -> 0.64578233 | T60: 0.39583333 | U60: 0.44930556 | V60: =(T60-U59)*24*60 -> 15 | W60: =(U60-T60)*24*60 -> 77 | Z60: 半成品溫度過高 | AB60: =N60-K60 -> -554.35065 | AC60: =N60/K60 -> 0.64578233
B61: =VLOOKUP(D61,廠價表!$C$1:$E$39,2,0) -> 小吃、微波 | D61: 起司馬鈴薯 | F61: =VLOOKUP(D61,廠價表!$C$1:$E$39,3,0) -> 28.26 | G61: 1954 | H61: =F61*G61 -> 55220.04 | J61: =VLOOKUP(D61,產線配置圖!$A$2:$C$38,2,0) -> 12 | K61: =VLOOKUP(D61,產線配置圖!$A$2:$C$38,3,0) -> 1565 | L61: =K61/J61 -> 130.41667 | M61: 12 | N61: =G61/W61*60 -> 1347.5862 | O61: =N61/M61 -> 112.29885 | P61: =M61-J61 -> 0 | Q61: =O61-L61 -> -18.117816 | R61: =O61/L61 -> 0.86107745 | T61: 0.45694444 | U61: 0.51736111 | V61: =(T61-U60)*24*60 -> 11 | W61: =(U61-T61)*24*60 -> 87 | AB61: =N61-K61 -> -217.41379 | AC61: =N61/K61 -> 0.86107745
W62: =(U62-T62)*24*60 -> 0
W63: =(U63-T63)*24*60 -> 0
H64: =F64*G64 -> 0 | W64: =(U64-T64)*24*60 -> 0
H65: =F65*G65 -> 0 | W65: =(U65-T65)*24*60 -> 0
H66: =F66*G66 -> 0 | W66: =(U66-T66)*24*60 -> 0
H67: =F67*G67 -> 0 | W67: =(U67-T67)*24*60 -> 0
H68: =F68*G68 -> 0 | W68: =(U68-T68)*24*60 -> 0
C69: 4度三組 | D69: 平均 | J69: =AVERAGE(J59:J68) -> 12.333333 | K69: =AVERAGE(K59:K68) -> 1565 | L69: =AVERAGE(L59:L68) -> 127.07265 | M69: =AVERAGE(M59:M68) -> 12.333333 | N69: =AVERAGE(N59:N68) -> 1305.1896 | O69: =AVERAGE(O59:O68) -> 105.43817 | P69: =M69-J69 -> 0 | Q69: =N69-K69 -> -259.81037 | R69: =O69/L69 -> 0.82974714 | AB69: =N69-K69 -> -259.81037 | AC69: =N69/K69 -> 0.83398698
A70: 調理包二線 (手工) | S70: =R79 -> 0 | W70: =(U70-T70)*24*60 -> 0 | AD70: =AC79 -> 0
H71: =F71*G71 -> 0 | W71: =(U71-T71)*24*60 -> 0
H72: =F72*G72 -> 0 | W72: =(U72-T72)*24*60 -> 0
H73: =F73*G73 -> 0 | W73: =(U73-T73)*24*60 -> 0
H74: =F74*G74 -> 0 | W74: =(U74-T74)*24*60 -> 0
H75: =F75*G75 -> 0 | W75: =(U75-T75)*24*60 -> 0
H76: =F76*G76 -> 0 | W76: =(U76-T76)*24*60 -> 0
H77: =F77*G77 -> 0 | W77: =(U77-T77)*24*60 -> 0
H78: =F78*G78 -> 0 | W78: =(U78-T78)*24*60 -> 0
C79: 4度四組 | D79: 平均
AF80: 1.當日出勤人數較多
AF81: 2.當日出勤人數較少
AF82: 3.當日出勤熟手較少
AF83: 4.當日出勤新人較多
AF84: 5.機台夾盒
AF85: 6.封膜不順
AF86: 7.更換膠膜
AF87: 8.更換碳帶
AF88: 9.當日熱轉印碳帶異常
AF89: 10.訂單量過少
AF90: 11.新品上市，尚未熟悉
AF91: 12.商品結構，產能較低
AF92: 13.區域出貨，分段生產

Sheet 1010總 
B1: 長家廠組合室生產人時性分析
B3: 日期 | D3: 45940 | F3: 訂單量 | G3: ='1010'!E1 -> 39047 | I3: 營業額 | J3: ='1010'!G1 -> 1906698.1
B4: 項目 | D4: 3 | F4: ➀ | H4: ➁ | J4: ③
B5: 人時性 | D5: 組合室 | F5: 全溫層 | H5: 義大利麵 | J5: 袋裝小吃、義麵
D6: 排關平均 | F6: =AVERAGE(D13:J13) -> 114.62713 | H6: =AVERAGE(D13:H13) -> 112.13802 | J6: =AVERAGE(I13) -> 127.07265
D7: 實績平均 | F7: =AVERAGE(D14:J14) -> 100.03918 | H7: =AVERAGE(D14:H14) -> 97.9554 | J7: =AVERAGE(I14) -> 110.45805
D8: 達成率平均 | F8: =AVERAGE(D15:J15) -> 0.87520011 | H8: =AVERAGE(D15:H15) -> 0.8763899 | J8: =AVERAGE(I15) -> 0.8692512 | L8: ※現行日本鮮食廠以達成率80%為基本(即為現行KPI)
B10: 溫層 | D10: 4度C-各編組展開
B11: 編組 | D11: 1 | E11: 2 | F11: 3 | G11: 4 | H11: 5 | I11: 6 | J11: 7
D12: 自動1線 | E12: 自動2線 | F12: 手工3線 | G12: 手工4線 | H12: 手工5線 | I12: 調理包1線 | J12: 調理包2線
B13: 人時性 | C13: 排關 | D13: =VALUE('1010'!L15) -> 149.2239 | E13: =VALUE('1010'!L26) -> 146.73344 | F13: =VALUE('1010'!L37) -> 85.806373 | G13: =VALUE('1010'!L48) -> 90.685662 | H13: =VALUE('1010'!L58) -> 88.240741 | I13: =VALUE('1010'!L69) -> 127.07265
C14: 實績 | D14: =VALUE('1010'!O15) -> 127.36151 | E14: =VALUE('1010'!O26) -> 127.60641 | F14: =VALUE('1010'!O37) -> 71.178096 | G14: =VALUE('1010'!O48) -> 82.089377 | H14: =VALUE('1010'!O58) -> 81.541609 | I14: =VALUE('1010'!O69) -> 110.45805
C15: 達成率 | D15: =D14/D13 -> 0.85349269 | E15: =E14/E13 -> 0.86964778 | F15: =F14/F13 -> 0.82951992 | G15: =G14/G13 -> 0.9052079 | H15: =H14/H13 -> 0.92408119 | I15: =I14/I13 -> 0.8692512
B16: 作業 時間 | C16: 開始 | D16: ='1010'!T5 -> 0.29166667 | E16: ='1010'!T16 -> 0.28958333 | F16: ='1010'!T27 -> 0.29513889 | G16: ='1010'!T38 -> 0.33333333 | H16: ='1010'!T49 -> 0.29027778 | I16: ='1010'!T59 -> 0.29166667
C17: 結束 | D17: 0.58472222 | E17: 0.48958333 | F17: 0.58333333 | G17: 0.51041667 | H17: 0.62013889 | I17: 0.51388889
B18: 配置人數 | D18: =VALUE('1010'!M15) -> 13.25 | E18: =VALUE('1010'!M26) -> 13.666667 | F18: =VALUE('1010'!M37) -> 13.75 | G18: =VALUE('1010'!M48) -> 14 | H18: =VALUE('1010'!M58) -> 17.666667 | I18: =VALUE('1010'!M69) -> 12.333333
B19: 主要應用設備 | D19: ET-600 | E19: ET-600 | F19: ET-55 | G19: ET-55 | H19: ET-55 | I19: 八爪機
B20: 次要應用設備 | H20: 封口機
B21: 備註

Sheet 1010
A1: 長家廠4度C日報分析 | D1: 總生產量 | E1: =SUM(G5:G79) -> 39047 | F1: 營業額 | G1: =SUM(H5:H79) -> 1906698.1 | H1: 出勤人數 | I1: =M15+M26+M48+M58+M69+M79+M37 -> 84.666667 | J1: 產線配置圖 | M1: 生產實績 | P1: 人時性差異分析 | T1: 日報登錄 | Z1: 分析說明 | AB1: 產能差異分析
A2: 10月10日 星期五 | D2: 人時性 | E2: =AVERAGE(O15,O26,O37,O48,O58,O69,O79) -> 100.03918 | F2: 平均廠價 | G2: =G1/E1 -> 48.830848 | H2: 多次生產數 | I2: =COUNT(I5:I79) -> 0
A3: 線別 | B3: 品類 | D3: 品名 | F3: 廠價 | G3: 生產量 | H3: 營收 | I3: 多次 生產 | J3: 人數 | K3: 產能/時 | L3: 人時性 | M3: 人數 | N3: 產能/時 | O3: 人時性 | P3: 人數 | Q3: 人時性 | R3: 達成率 | S3: 達成率平均 | T3: 生產時間 | V3: 前置、換線時間/分 | W3: 稼動時間/分 | X3: 休息時間 | Z3: (長家回填) | AB3: 產能/時 | AC3: 達成率 | AD3: 達成率平均
T4: 開始 | U4: 結束 | X4: 開始 | Y4: 結束
A5: 自動一線 (ET-600) | B5: =VLOOKUP(D5,廠價表!$C$1:$E$39,2,0) -> 義大利麵 | D5: 白酒蛤蜊義大利麵 | F5: =VLOOKUP(D5,廠價表!$C$1:$E$39,3,0) -> 57.21 | G5: 1463 | H5: =F5*G5 -> 83698.23 | J5: =VLOOKUP(D5,產線配置圖!$A$2:$C$38,2,0) -> 13 | K5: =VLOOKUP(D5,產線配置圖!$A$2:$C$38,3,0) -> 2000 | L5: =K5/J5 -> 153.84615 | M5: 13 | N5: =G5/W5*60 -> 1463 | O5: =N5/M5 -> 112.53846 | P5: =M5-J5 -> 0 | Q5: =O5-L5 -> -41.307692 | R5: =O5/L5 -> 0.7315 | S5: =R15 -> 0.85349269 | T5: 0.29166667 | U5: 0.33333333 | W5: =(U5-T5)*24*60 -> 60 | Z5: 7:37~7:50待醬(未冷卻)，停線 | AB5: =N5-K5 -> -537 | AC5: =N5/K5 -> 0.7315 | AD5: =AC15 -> 0.85434504
B6: =VLOOKUP(D6,廠價表!$C$1:$E$39,2,0) -> 義大利麵 | D6: 韓式起司炸雞義大利麵 | F6: =VLOOKUP(D6,廠價表!$C$1:$E$39,3,0) -> 57.21 | G6: 2168 | H6: =F6*G6 -> 124031.28 | J6: =VLOOKUP(D6,產線配置圖!$A$2:$C$38,2,0) -> 14 | K6: =VLOOKUP(D6,產線配置圖!$A$2:$C$38,3,0) -> 1895 | L6: =K6/J6 -> 135.35714 | M6: 14 | N6: =G6/W6*60 -> 1711.5789 | O6: =N6/M6 -> 122.25564 | P6: =M6-J6 -> 0 | Q6: =O6-L6 -> -13.101504 | R6: =O6/L6 -> 0.90320789 | T6: 0.34236111 | U6: 0.39513889 | V6: =(T6-U5)*24*60 -> 13 | W6: =(U6-T6)*24*60 -> 76 | AB6: =N6-K6 -> -183.42105 | AC6: =N6/K6 -> 0.90320789
B7: =VLOOKUP(D7,廠價表!$C$1:$E$39,2,0) -> 義大利麵 | D7: 奶油培根義大利麵 | F7: =VLOOKUP(D7,廠價表!$C$1:$E$39,3,0) -> 49.14 | G7: 2755 | H7: =F7*G7 -> 135380.7 | J7: =VLOOKUP(D7,產線配置圖!$A$2:$C$38,2,0) -> 13 | K7: =VLOOKUP(D7,產線配置圖!$A$2:$C$38,3,0) -> 2000 | L7: =K7/J7 -> 153.84615 | M7: 13 | N7: =G7/W7*60 -> 1944.7059 | O7: =N7/M7 -> 149.59276 | P7: =M7-J7 -> 0 | Q7: =O7-L7 -> -4.2533937 | R7: =O7/L7 -> 0.97235294 | T7: 0.42708333 | U7: 0.48611111 | V7: =(T7-U6)*24*60 -> 46 | W7: =(U7-T7)*24*60 -> 85 | Z7: 9:45~10:15待醬(未冷卻) | AB7: =N7-K7 -> -55.294118 | AC7: =N7/K7 -> 0.97235294
B8: =VLOOKUP(D8,廠價表!$C$1:$E$39,2,0) -> 義大利麵 | D8: 奶油培根義大利麵 | F8: =VLOOKUP(D8,廠價表!$C$1:$E$39,3,0) -> 49.14 | G8: 1409 | H8: =F8*G8 -> 69238.26 | J8: =VLOOKUP(D8,產線配置圖!$A$2:$C$38,2,0) -> 13 | K8: =VLOOKUP(D8,產線配置圖!$A$2:$C$38,3,0) -> 2000 | L8: =K8/J8 -> 153.84615 | M8: 13 | N8: =G8/W8*60 -> 1625.7692 | O8: =N8/M8 -> 125.05917 | P8: =M8-J8 -> 0 | Q8: =O8-L8 -> -28.786982 | R8: =O8/L8 -> 0.81288462 | T8: 0.54861111 | U8: 0.58472222 | V8: =(T8-U7)*24*60 -> 90 | W8: =(U8-T8)*24*60 -> 52 | X8: 0.5 | Y8: 0.54166667
W9: =(U9-T9)*24*60 -> 0
W10: =(U10-T10)*24*60 -> 0
H11: =F11*G11 -> 0 | W11: =(U11-T11)*24*60 -> 0
H12: =F12*G12 -> 0 | W12: =(U12-T12)*24*60 -> 0
H13: =F13*G13 -> 0 | W13: =(U13-T13)*24*60 -> 0
H14: =F14*G14 -> 0 | W14: =(U14-T14)*24*60 -> 0
C15: 4度一組 | D15: 平均 | J15: =AVERAGE(J5:J14) -> 13.25 | K15: =AVERAGE(K5:K14) -> 1973.75 | L15: =AVERAGE(L5:L14) -> 149.2239 | M15: =AVERAGE(M5:M14) -> 13.25 | N15: =AVERAGE(N5:N14) -> 1686.2635 | O15: =AVERAGE(O5:O14) -> 127.36151 | P15: =M15-J15 -> 0 | Q15: =O15-L15 -> -21.862393 | R15: =O15/L15 -> 0.85349269 | AB15: =N15-K15 -> -287.48648 | AC15: =N15/K15 -> 0.85434504
A16: 自動二線 (ET-600) | B16: 義大利麵 | D16: 白酒蛤蜊義大利麵 | F16: =VLOOKUP(D16,廠價表!$C$1:$E$39,3,0) -> 57.21 | G16: 1638 | H16: =F16*G16 -> 93709.98 | J16: =VLOOKUP(D16,產線配置圖!$A$2:$C$38,2,0) -> 13 | K16: =VLOOKUP(D16,產線配置圖!$A$2:$C$38,3,0) -> 2000 | L16: =K16/J16 -> 153.84615 | M16: 13 | N16: =G16/W16*60 -> 1445.2941 | O16: =N16/M16 -> 111.17647 | P16: =M16-J16 -> 0 | Q16: =O16-L16 -> -42.669683 | R16: =O16/L16 -> 0.72264706 | S16: =R26 -> 0.86964778 | T16: 0.28958333 | U16: 0.33680556 | W16: =(U16-T16)*24*60 -> 68 | Z16: 7:38~7:53待醬(未冷卻)，停線 | AB16: =N16-K16 -> -554.70588 | AC16: =N16/K16 -> 0.72264706 | AD16: =AC26 -> 0.86656719
B17: 義大利麵 | D17: 熱那亞青醬義大利麵 | F17: =VLOOKUP(D17,廠價表!$C$1:$E$39,3,0) -> 50.67 | G17: 1711 | H17: =F17*G17 -> 86696.37 | J17: =VLOOKUP(D17,產線配置圖!$A$2:$C$38,2,0) -> 16 | K17: =VLOOKUP(D17,產線配置圖!$A$2:$C$38,3,0) -> 1915 | L17: =K17/J17 -> 119.6875 | M17: 16 | N17: =G17/W17*60 -> 1682.9508 | O17: =N17/M17 -> 105.18443 | P17: =M17-J17 -> 0 | Q17: =O17-L17 -> -14.503074 | R17: =O17/L17 -> 0.87882549 | T17: 0.34722222 | U17: 0.38958333 | V17: =(T17-U16)*24*60 -> 15 | W17: =(U17-T17)*24*60 -> 61 | AB17: =N17-K17 -> -232.04918 | AC17: =N17/K17 -> 0.87882549
B18: =VLOOKUP(D18,廠價表!$C$1:$E$39,2,0) -> 義大利麵 | D18: 義式蕃茄起司義大利麵 | F18: =VLOOKUP(D18,廠價表!$C$1:$E$39,3,0) -> 50.39 | G18: 3995 | H18: =F18*G18 -> 201308.05 | J18: =VLOOKUP(D18,產線配置圖!$A$2:$C$38,2,0) -> 12 | K18: =VLOOKUP(D18,產線配置圖!$A$2:$C$38,3,0) -> 2000 | L18: =K18/J18 -> 166.66667 | M18: 12 | N18: =G18/W18*60 -> 1997.5 | O18: =N18/M18 -> 166.45833 | P18: =M18-J18 -> 0 | Q18: =O18-L18 -> -0.20833333 | R18: =O18/L18 -> 0.99875 | T18: 0.40625 | U18: 0.48958333 | V18: =(T18-U17)*24*60 -> 24 | W18: =(U18-T18)*24*60 -> 120 | AB18: =N18-K18 -> -2.5 | AC18: =N18/K18 -> 0.99875
W19: =(U19-T19)*24*60 -> 0
W20: 0
H21: =F21*G21 -> 0 | W21: 0
H22: =F22*G22 -> 0 | W22: 0
H23: =F23*G23 -> 0 | W23: =(U23-T23)*24*60 -> 0
H24: =F24*G24 -> 0 | W24: =(U24-T24)*24*60 -> 0
H25: =F25*G25 -> 0 | W25: =(U25-T25)*24*60 -> 0
C26: 4度二組A | D26: 平均 | J26: =AVERAGE(J16:J25) -> 13.666667 | K26: =AVERAGE(K16:K25) -> 1971.6667 | L26: =AVERAGE(L16:L25) -> 146.73344 | M26: =AVERAGE(M16:M25) -> 13.666667 | N26: =AVERAGE(N16:N25) -> 1708.5816 | O26: =AVERAGE(O16:O25) -> 127.60641 | P26: =M26-J26 -> 0 | Q26: =O26-L26 -> -19.12703 | R26: =O26/L26 -> 0.86964778 | AB26: =N26-K26 -> -263.08502 | AC26: =N26/K26 -> 0.86656719
A27: 手工三線 (ET-55) | B27: 義大利麵 | D27: 黑胡椒燻豬腿義大利麵 | F27: =VLOOKUP(D27,廠價表!$C$1:$E$39,3,0) -> 50.6 | G27: 903 | H27: =F27*G27 -> 45691.8 | J27: =VLOOKUP(D27,產線配置圖!$A$2:$C$38,2,0) -> 18 | K27: =VLOOKUP(D27,產線配置圖!$A$2:$C$38,3,0) -> 1500 | L27: =K27/J27 -> 83.333333 | M27: 13 | N27: =G27/W27*60 -> 903 | O27: =N27/M27 -> 69.461538 | P27: =M27-J27 -> -5 | Q27: =O27-L27 -> -13.871795 | R27: =O27/L27 -> 0.83353846 | S27: =R37 -> 0.82951992 | T27: 0.29513889 | U27: 0.33680556 | W27: =(U27-T27)*24*60 -> 60 | AB27: =N27-K27 -> -597 | AC27: =N27/K27 -> 0.602 | AD27: =AC37 -> 0.64352807
B28: =VLOOKUP(D28,廠價表!$C$1:$E$39,2,0) -> 義大利麵 | D28: 韓式辣醬肉丸義大利麵 | F28: =VLOOKUP(D28,廠價表!$C$1:$E$39,3,0) -> 57.21 | G28: 1131 | H28: =F28*G28 -> 64704.51 | J28: =VLOOKUP(D28,產線配置圖!$A$2:$C$38,2,0) -> 17 | K28: =VLOOKUP(D28,產線配置圖!$A$2:$C$38,3,0) -> 1565 | L28: =K28/J28 -> 92.058824 | M28: 14 | N28: =G28/W28*60 -> 1044 | O28: =N28/M28 -> 74.571429 | P28: =M28-J28 -> -3 | Q28: =O28-L28 -> -17.487395 | R28: =O28/L28 -> 0.81004108 | T28: 0.34305556 | U28: 0.38819444 | V28: =(T28-U27)*24*60 -> 9 | W28: =(U28-T28)*24*60 -> 65 | AB28: =N28-K28 -> -521 | AC28: =N28/K28 -> 0.66709265
B29: =VLOOKUP(D29,廠價表!$C$1:$E$39,2,0) -> 義大利麵 | D29: 奶油蒜香雞義大利麵 | F29: =VLOOKUP(D29,廠價表!$C$1:$E$39,3,0) -> 55.13 | G29: 2086 | H29: =F29*G29 -> 115001.18 | J29: =VLOOKUP(D29,產線配置圖!$A$2:$C$38,2,0) -> 18 | K29: =VLOOKUP(D29,產線配置圖!$A$2:$C$38,3,0) -> 1385 | L29: =K29/J29 -> 76.944444 | M29: 14 | N29: =G29/W29*60 -> 985.51181 | O29: =N29/M29 -> 70.393701 | P29: =M29-J29 -> -4 | Q29: =O29-L29 -> -6.5507437 | R29: =O29/L29 -> 0.91486398 | T29: 0.39444444 | U29: 0.48263889 | V29: =(T29-U28)*24*60 -> 9 | W29: =(U29-T29)*24*60 -> 127 | AB29: =N29-K29 -> -399.48819 | AC29: =N29/K29 -> 0.71156087
B30: =VLOOKUP(D30,廠價表!$C$1:$E$39,2,0) -> 熱乾麵 | D30: 家傳炸醬麵 | F30: =VLOOKUP(D30,廠價表!$C$1:$E$39,3,0) -> 47.6 | G30: 902 | H30: =F30*G30 -> 42935.2 | J30: =VLOOKUP(D30,產線配置圖!$A$2:$C$38,2,0) -> 18 | K30: =VLOOKUP(D30,產線配置圖!$A$2:$C$38,3,0) -> 1636 | L30: =K30/J30 -> 90.888889 | M30: 14 | N30: =G30/W30*60 -> 984 | O30: =N30/M30 -> 70.285714 | P30: =M30-J30 -> -4 | Q30: =O30-L30 -> -20.603175 | R30: =O30/L30 -> 0.7733147 | T30: 0.54513889 | U30: 0.58333333 | V30: =(T30-U29)*24*60 -> 90 | W30: =(U30-T30)*24*60 -> 55 | X30: 0.5 | Y30: 0.54166667 | Z30: 生產數量少 | AB30: =N30-K30 -> -652 | AC30: =N30/K30 -> 0.60146699
W31: =(U31-T31)*24*60 -> 0
H32: =F32*G32 -> 0 | W32: =(U32-T32)*24*60 -> 0
H33: =F33*G33 -> 0 | W33: =(U33-T33)*24*60 -> 0
H34: =F34*G34 -> 0 | W34: =(U34-T34)*24*60 -> 0
H35: =F35*G35 -> 0 | W35: =(U35-T35)*24*60 -> 0
H36: =F36*G36 -> 0 | W36: =(U36-T36)*24*60 -> 0
C37: 4度二組B | D37: 平均 | J37: =AVERAGE(J27:J36) -> 17.75 | K37: =AVERAGE(K27:K36) -> 1521.5 | L37: =AVERAGE(L27:L36) -> 85.806373 | M37: =AVERAGE(M27:M36) -> 13.75 | N37: =AVERAGE(N27:N36) -> 979.12795 | O37: =AVERAGE(O27:O36) -> 71.178096 | P37: =M37-J37 -> -4 | Q37: =N37-K37 -> -542.37205 | R37: =O37/L37 -> 0.82951992 | AB37: =N37-K37 -> -542.37205 | AC37: =N37/K37 -> 0.64352807
A38: 手工四線 (ET-55) | B38: 熱乾麵 | C38: =VLOOKUP(E38,廠價表!$C$1:$E$39,2,0) -> #N/A | D38: 青花椒麻雞肉拌麵 | F38: =VLOOKUP(D38,廠價表!$C$1:$E$39,3,0) -> 49.91 | G38: 2326 | H38: =F38*G38 -> 116090.66 | J38: =VLOOKUP(D38,產線配置圖!$A$2:$C$38,2,0) -> 17 | K38: =VLOOKUP(D38,產線配置圖!$A$2:$C$38,3,0) -> 1565 | L38: =K38/J38 -> 92.058824 | M38: 15 | N38: =G38/W38*60 -> 1329.1429 | O38: =N38/M38 -> 88.609524 | P38: =M38-J38 -> -2 | Q38: =O38-L38 -> -3.4492997 | R38: =O38/L38 -> 0.96253157 | S38: =R48 -> 0.9052079 | T38: 0.33333333 | U38: 0.40625 | W38: =(U38-T38)*24*60 -> 105 | AB38: =N38-K38 -> -235.85714 | AC38: =N38/K38 -> 0.84929256 | AD38: =AC48 -> 0.7720584
B39: =VLOOKUP(D39,廠價表!$C$1:$E$39,2,0) -> 義大利麵 | C39: =VLOOKUP(E39,廠價表!$C$1:$E$39,2,0) -> #N/A | D39: 拿坡里義大利麵 | F39: =VLOOKUP(D39,廠價表!$C$1:$E$39,3,0) -> 58.17 | G39: 1228 | H39: =F39*G39 -> 71432.76 | J39: =VLOOKUP(D39,產線配置圖!$A$2:$C$38,2,0) -> 16 | K39: =VLOOKUP(D39,產線配置圖!$A$2:$C$38,3,0) -> 1429 | L39: =K39/J39 -> 89.3125 | M39: 13 | N39: =G39/W39*60 -> 982.4 | O39: =N39/M39 -> 75.569231 | P39: =M39-J39 -> -3 | Q39: =O39-L39 -> -13.743269 | R39: =O39/L39 -> 0.84612155 | T39: 0.45833333 | U39: 0.51041667 | V39: =(T39-U38)*24*60 -> 75 | W39: =(U39-T39)*24*60 -> 75 | AB39: =N39-K39 -> -446.6 | AC39: =N39/K39 -> 0.68747376
W40: =(U40-T40)*24*60 -> 0
W41: =(U41-T41)*24*60 -> 0
W42: =(U42-T42)*24*60 -> 0
H43: =F43*G43 -> 0 | W43: =(U43-T43)*24*60 -> 0
H44: =F44*G44 -> 0 | W44: =(U44-T44)*24*60 -> 0
H45: =F45*G45 -> 0 | W45: =(U45-T45)*24*60 -> 0
H46: =F46*G46 -> 0 | W46: =(U46-T46)*24*60 -> 0
H47: =F47*G47 -> 0 | W47: =(U47-T47)*24*60 -> 0
C48: 4度二組C1 | D48: 平均 | J48: =AVERAGE(J38:J47) -> 16.5 | K48: =AVERAGE(K38:K47) -> 1497 | L48: =AVERAGE(L38:L47) -> 90.685662 | M48: =AVERAGE(M38:M47) -> 14 | N48: =AVERAGE(N38:N47) -> 1155.7714 | O48: =AVERAGE(O38:O47) -> 82.089377 | P48: =M48-J48 -> -2.5 | Q48: =N48-K48 -> -341.22857 | R48: =O48/L48 -> 0.9052079 | W48: =(U48-T48)*24*60 -> 0 | AB48: =N48-K48 -> -341.22857 | AC48: =N48/K48 -> 0.7720584
A49: 手工五線 (ET-55) | B49: =VLOOKUP(D49,廠價表!$C$1:$E$39,2,0) -> 義大利麵 | D49: 焗烤起司雙饗筆尖麵 | F49: =VLOOKUP(D49,廠價表!$C$1:$E$39,3,0) -> 49.97 | G49: 4236 | H49: =F49*G49 -> 211672.92 | J49: =VLOOKUP(D49,產線配置圖!$A$2:$C$38,2,0) -> 18 | K49: =VLOOKUP(D49,產線配置圖!$A$2:$C$38,3,0) -> 1565 | L49: =K49/J49 -> 86.944444 | M49: 17 | N49: =G49/W49*60 -> 1477.6744 | O49: =N49/M49 -> 86.922025 | P49: =M49-J49 -> -1 | Q49: =O49-L49 -> -0.022419821 | R49: =O49/L49 -> 0.99974214 | S49: =R58 -> 0.92408119 | T49: 0.29027778 | U49: 0.40972222 | W49: =(U49-T49)*24*60 -> 172 | AB49: =N49-K49 -> -87.325581 | AC49: =N49/K49 -> 0.94420091 | AD49: =AC58 -> 0.90583943
B50: =VLOOKUP(D50,廠價表!$C$1:$E$39,2,0) -> 義大利麵 | D50: 剝皮辣椒雞奶油扁麵 | F50: =VLOOKUP(D50,廠價表!$C$1:$E$39,3,0) -> 56.87 | G50: 2123 | H50: =F50*G50 -> 120735.01 | J50: 18 | K50: 1600 | L50: =K50/J50 -> 88.888889 | M50: 18 | N50: =G50/W50*60 -> 1447.5 | O50: =N50/M50 -> 80.416667 | P50: =M50-J50 -> 0 | Q50: =O50-L50 -> -8.4722222 | R50: =O50/L50 -> 0.9046875 | T50: 0.41805556 | U50: 0.47916667 | V50: =(T50-U49)*24*60 -> 12 | W50: =(U50-T50)*24*60 -> 88 | AB50: =N50-K50 -> -152.5 | AC50: =N50/K50 -> 0.9046875
B51: =VLOOKUP(D51,廠價表!$C$1:$E$39,2,0) -> 義大利麵 | D51: 剝皮辣椒雞奶油扁麵 | F51: =VLOOKUP(D51,廠價表!$C$1:$E$39,3,0) -> 56.87 | G51: 2620 | H51: =F51*G51 -> 148999.4 | J51: 18 | K51: 1600 | L51: =K51/J51 -> 88.888889 | M51: 18 | N51: =G51/W51*60 -> 1391.1504 | O51: =N51/M51 -> 77.286136 | P51: =M51-J51 -> 0 | Q51: =O51-L51 -> -11.602753 | R51: =O51/L51 -> 0.86946903 | T51: 0.54166667 | U51: 0.62013889 | V51: =(T51-U50)*24*60 -> 90 | W51: =(U51-T51)*24*60 -> 113 | X51: 0.47916667 | Y51: 0.52083333 | AB51: =N51-K51 -> -208.84956 | AC51: =N51/K51 -> 0.86946903
W52: =(U52-T52)*24*60 -> 0
H53: =F53*G53 -> 0 | W53: =(U53-T53)*24*60 -> 0
H54: =F54*G54 -> 0 | W54: =(U54-T54)*24*60 -> 0
H55: =F55*G55 -> 0 | W55: =(U55-T55)*24*60 -> 0
H56: =F56*G56 -> 0 | W56: =(U56-T56)*24*60 -> 0
H57: =F57*G57 -> 0 | W57: =(U57-T57)*24*60 -> 0
