Workbook

Sheet 廠價表
A1: check | B1: 溫層 | C1: 品名 | D1: 類別 | E1: 廠價
B2: 4度C | C2: 白酒蛤蜊義大利麵 | D2: 義大利麵 | E2: 57.21
B3: 4度C | C3: 南洋紅咖哩豬義大利麵 | D3: 義大利麵 | E3: 56.43
B4: 4度C | C4: 義式蕃茄起司義大利麵 | D4: 義大利麵 | E4: 50.39
B5: 4度C | C5: 焗烤起司雙饗筆尖麵 | D5: 義大利麵 | E5: 49.97
B6: 4度C | C6: 奶油培根義大利麵 | D6: 義大利麵 | E6: 49.14
B7: 4度C | C7: 韓式起司炸雞義大利麵 | D7: 義大利麵 | E7: 57.21
B8: 4度C | C8: 惡魔乳酪生義大利麵 | D8: 義大利麵 | E8: 57.3
B9: 4度C | C9: 焗烤起司肉醬筆尖麵 | D9: 義大利麵 | E9: 50.67
B10: 4度C | D10: 義大利麵
B11: 4度C | D11: 義大利麵
B12: 4度C | C12: 剝皮辣椒雞奶油扁麵 | D12: 義大利麵 | E12: 56.87
B13: 4度C | C13: 奶油蒜香雞義大利麵 | D13: 義大利麵 | E13: 55.13
B14: 4度C | C14: 青醬蛤蜊義大利麵 | D14: 義大利麵 | E14: 50.67
B15: 4度C | C15: 焗烤明太子筆尖麵 | D15: 義大利麵 | E15: 57.3
B16: 4度C | C16: 濃拿坡里義大利麵 | D16: 義大利麵 | E16: 56.43
B17: 4度C | C17: 奶油起司蝦仁通心粉 | D17: 義大利麵 | E17: 47.71
B18: 4度C | C18: 青花椒麻雞肉拌麵 | D18: 熱乾麵 | E18: 49.91
B19: 4度C | C19: 府城鹽水意麵 | D19: 熱乾麵 | E19: 44.3
B20: 4度C | C20: 沙茶豬肉炒麵 | D20: 熱乾麵 | E20: 49.52
B21: 4度C | C21: 小滷青蔬 | D21: 小吃、微波 | E21: 26.99
B22: 4度C | C22: 起司馬鈴薯 | D22: 小吃、微波 | E22: 28.26
B23: 4度C | C23: 台式綜合甜不辣 | D23: 小吃、微波 | E23: 28.47
... B48: 冷凍 | C48: 辣蕃茄義大利麵 | D48: 冷凍調理麵 | E48: 29.38
B49: 冷凍 | D49: 冷凍調理麵
B50: 冷凍 | C50: 韓式起司義大利麵 | D50: 冷凍調理麵 | E50: 29.38 | M50: 19 | T50: 0.2875 | U50: 0.3375
B51: 冷凍 | D51: 冷凍調理麵 | M51: 18 | T51: 0.34166667 | U51: 0.41180556
B52: 冷凍 | C52: 和風明太子細扁麵 | D52: 冷凍調理麵 | E52: 29.38 | T52: 0.41597222 | U52: 0.47291667
M53: 18 | T53: 0.52777778 | U53: 0.61319444
T54: 0.61805556 | U54: 0.63611111
Z55: 生產數量少
G60: 2772 | T60: 0.28819444 | U60: 0.36458333
G63: 2367 | U63: 0.62708333
G64: 1335 | U64: 0.67361111
Z71: 手工作業
Z72: 手工作業

Sheet 產線配置圖
A1: 品項 | B1: 人數 | C1: 產能
A2: 義大利麵
A3: 白酒蛤蜊義大利麵 | B3: 13 | C3: 2105 | D3: ET-600
A4: 白酒蛤蜊義大利麵-手 | B4: 15 | C4: 1565 | D4: ET-55
A5: 青醬蛤蜊義大利麵 | B5: 13 | C5: 2000
A6: 義式蕃茄起司義大利麵 | B6: 12 | C6: 2000
A7: 焗烤起司雙饗筆尖麵 | B7: 18 | C7: 1600
A8: 奶油培根義大利麵 | B8: 13 | C8: 2000
A9: 韓式起司炸雞義大利麵 | B9: 17 | C9: 1895
A10: 剝皮辣椒雞奶油扁麵 | B10: 19 | C10: 1565
A11: 青花椒麻雞肉拌麵 | B11: 17 | C11: 1565
A12: 青花椒麻雞肉拌麵-降速生產 | B12: 14 | C12: 1385
A13: 奶油蒜香雞義大利麵 | B13: 18 | C13: 1385 | G13: 日一二正常版
A14: 奶油蒜香雞義大利麵-降速生產 | B14: 16 | C14: 1385
A15: 焗烤明太子筆尖麵 | B15: 15 | C15: 1385
A16: 濃拿坡里義大利麵 | B16: 15 | C16: 1406
A17: 奶油起司蝦仁通心粉 | B17: 15 | C17: 1500
A18: 剝皮辣椒雞奶油扁麵-降速生產(3線) | B18: 16 | C18: 1440
A19: 南洋紅咖哩豬義大利麵 | B19: 15 | C19: 1636
A20: 南洋紅咖哩豬義大利麵-手工 | B20: 16 | C20: 1500
A21: 惡魔乳酪生義大利麵 | B21: 15 | C21: 1440
A22: 沙茶豬肉炒麵 | B22: 18 | C22: 1440
A23: 府城鹽水意麵 | B23: 19 | C23: 1440
A24: 焗烤起司肉醬筆尖麵 | B24: 15 | C24: 1440
A25: 調理包
A26: 小滷青蔬 | B26: 13 | C26: 1565
A27: 起司馬鈴薯 | B27: 12 | C27: 1565
A28: 台式綜合甜不辣 | B28: 12 | C28: 1565
E33: 更新日期11/02

Sheet 1201總
B1: 長家廠組合室生產人時性分析
B3: 日期 | D3: 45992 | F3: 訂單量 | G3: ='1201'!E1 -> 52776 | I3: 營業額 | J3: ='1201'!G1 -> 2567818.6
B4: 項目 | D4: 3 | F4: ➀ | H4: ➁ | J4: ③
B5: 人時性 | D5: 組合室 | F5: 全溫層 | H5: 義大利麵 | J5: 袋裝小吃、義麵
D6: 排關平均 | F6: =AVERAGE(D13:J13) -> 116.75455 | H6: =AVERAGE(D13:H13) -> 114.52373 | J6: =AVERAGE(I13:J13) -> 127.90865
D7: 實績平均 | F7: =AVERAGE(D14:J14) -> 104.67026 | H7: =AVERAGE(D14:H14) -> 101.80244 | J7: =AVERAGE(I14:J14) -> 119.00936
D8: 達成率平均 | F8: =AVERAGE(D15:J15) -> 0.90441506 | H8: =AVERAGE(D15:H15) -> 0.89921315 | J8: =AVERAGE(I15:J15) -> 0.9304246 | L8: ※現行日本鮮食廠以達成率80%為基本(即為現行KPI)
B10: 溫層 | D10: 4度C-各編組展開
B11: 編組 | D11: 1 | E11: 2 | F11: 3 | G11: 4 | H11: 5 | I11: 6 | J11: 7
D12: 自動1線 | E12: 自動2線 | F12: 手工3線 | G12: 手工4線 | H12: 手工5線 | I12: 調理包1線 | J12: 調理包2線
B13: 人時性 | C13: 排關 | D13: =VALUE('1201'!L15) -> 136.91288 | E13: =VALUE('1201'!L26) -> 160.58974 | F13: =VALUE('1201'!L37) -> 92.250817 | G13: =VALUE('1201'!L48) -> 94.813971 | H13: =VALUE('1201'!L58) -> 88.051256 | I13: =VALUE('1201'!L69) -> 127.90865
C14: 實績 | D14: =VALUE('1201'!O15) -> 117.58745 | E14: =VALUE('1201'!O26) -> 135.41864 | F14: =VALUE('1201'!O37) -> 84.690731 | G14: =VALUE('1201'!O48) -> 86.071029 | H14: =VALUE('1201'!O58) -> 85.244325 | I14: =VALUE('1201'!O69) -> 119.00936
C15: 達成率 | D15: =D14/D13 -> 0.85884872 | E15: =E14/E13 -> 0.84325837 | F15: =F14/F13 -> 0.91804857 | G15: =G14/G13 -> 0.90778847 | H15: =H14/H13 -> 0.96812163 | I15: =I14/I13 -> 0.9304246
B16: 作業 時間 | C16: 開始 | D16: ='1201'!T5 -> 0.29166667 | E16: ='1201'!T16 -> 0.29027778 | F16: ='1201'!T27 -> 0.29166667 | G16: ='1201'!T38 -> 0.33263889 | H16: ='1201'!T49 -> 0.29166667 | I16: ='1201'!T59 -> 0.29166667
C17: 結束 | D17: 0.65 | E17: 0.65902778 | F17: 0.625 | G17: 0.61875 | H17: 0.65208333 | I17: 0.57291667
B18: 配置人數 | D18: =VALUE('1201'!M15) -> 14.2 | E18: =VALUE('1201'!M26) -> 12.6 | F18: =VALUE('1201'!M37) -> 15.75 | G18: =VALUE('1201'!M48) -> 13.5 | H18: =VALUE('1201'!M58) -> 17.75 | I18: =VALUE('1201'!M69) -> 12.25
B19: 主要應用設備 | D19: ET-600 | E19: ET-600 | F19: ET-55 | G19: ET-55 | H19: ET-55 | I19: 八爪機
B20: 次要應用設備 | H20: 封口機
B21: 備註

Sheet 1201
A1: 長家廠4度C日報分析 | D1: 總生產量 | E1: =SUM(G5:G79) -> 52776 | F1: 營業額 | G1: =SUM(H5:H79) -> 2567818.6 | H1: 出勤人數 | I1: =M15+M26+M48+M58+M69+M79+M37 -> 86.05 | J1: 產線配置圖 | M1: 生產實績 | P1: 人時性差異分析 | T1: 日報登錄 | Z1: 分析說明 | AB1: 產能差異分析
A2: 12月01日 星期二 | D2: 人時性 | E2: =AVERAGE(O15,O26,O37,O48,O58,O69,O79) -> 104.67026 | F2: 平均廠價 | G2: =G1/E1 -> 48.655044 | H2: 多次生產數 | I2: =COUNT(I5:I79) -> 0
A3: 線別 | B3: 品類 | D3: 品名 | F3: 廠價 | G3: 生產量 | H3: 營收 | I3: 多次 生產 | J3: 人數 | K3: 產能/時 | L3: 人時性 | M3: 人數 | N3: 產能/時 | O3: 人時性 | P3: 人數 | Q3: 人時性 | R3: 達成率 | S3: 達成率平均 | T3: 生產時間 | V3: 前置、換線時間/分 | W3: 稼動時間/分 | X3: 休息時間 | AB3: 產能/時 | AC3: 達成率 | AD3: 達成率平均
T4: 開始 | U4: 結束 | X4: 開始 | Y4: 結束
A5: 自動一線 (ET-600) | B5: =VLOOKUP(D5,廠價表!$C$1:$E$40,2,0) -> 義大利麵 | D5: 白酒蛤蜊義大利麵 | F5: =VLOOKUP(D5,廠價表!$C$1:$E$40,3,0) -> 57.21 | G5: 1534 | H5: =F5*G5 -> 87760.14 | J5: =VLOOKUP(D5,產線配置圖!$A$3:$C$39,2,0) -> 13 | K5: =VLOOKUP(D5,產線配置圖!$A$3:$C$39,3,0) -> 2105 | L5: =K5/J5 -> 161.92308 | M5: 13 | N5: =G5/W5*60 -> 1704.4444 | O5: =N5/M5 -> 131.11111 | P5: =M5-J5 -> 0 | Q5: =O5-L5 -> -30.811966 | R5: =O5/L5 -> 0.80971233 | S5: =R15 -> 0.85884872 | T5: 0.29166667 | U5: 0.32916667 | W5: =(U5-T5)*24*60 -> 54 | AB5: =N5-K5 -> -400.55556 | AC5: =N5/K5 -> 0.80971233 | AD5: =AC15 -> 0.85654713
B6: =VLOOKUP(D6,廠價表!$C$1:$E$40,2,0) -> 義大利麵 | D6: 韓式起司炸雞義大利麵 | F6: =VLOOKUP(D6,廠價表!$C$1:$E$40,3,0) -> 57.21 | G6: 1986 | H6: =F6*G6 -> 113619.06 | J6: =VLOOKUP(D6,產線配置圖!$A$3:$C$39,2,0) -> 17 | K6: 1800 | L6: =K6/J6 -> 105.88235 | M6: 17 | N6: =G6/W6*60 -> 1678.3099 | O6: =N6/M6 -> 98.724109 | P6: =M6-J6 -> 0 | Q6: =O6-L6 -> -7.1582436 | R6: =O6/L6 -> 0.93239437 | T6: 0.33680556 | U6: 0.38611111 | V6: =(T6-U5)*24*60 -> 11 | W6: =(U6-T6)*24*60 -> 71 | AB6: =N6-K6 -> -121.69014 | AC6: =N6/K6 -> 0.93239437
B7: =VLOOKUP(D7,廠價表!$C$1:$E$40,2,0) -> 義大利麵 | D7: 奶油培根義大利麵 | F7: =VLOOKUP(D7,廠價表!$C$1:$E$40,3,0) -> 49.14 | G7: 3700 | H7: =F7*G7 -> 181818 | J7: =VLOOKUP(D7,產線配置圖!$A$3:$C$39,2,0) -> 13 | K7: =VLOOKUP(D7,產線配置圖!$A$3:$C$39,3,0) -> 2000 | L7: =K7/J7 -> 153.84615 | M7: 13 | N7: =G7/W7*60 -> 1819.6721 | O7: =N7/M7 -> 139.97478 | P7: =M7-J7 -> 0 | Q7: =O7-L7 -> -13.871375 | R7: =O7/L7 -> 0.90983607 | T7: 0.39305556 | U7: 0.47777778 | V7: =(T7-U6)*24*60 -> 10 | W7: =(U7-T7)*24*60 -> 122 | AB7: =N7-K7 -> -180.32787 | AC7: =N7/K7 -> 0.90983607
B8: =VLOOKUP(D8,廠價表!$C$1:$E$40,2,0) -> 義大利麵 | D8: 奶油培根義大利麵 | F8: =VLOOKUP(D8,廠價表!$C$1:$E$40,3,0) -> 49.14 | G8: 2094 | H8: =F8*G8 -> 102899.16 | J8: =VLOOKUP(D8,產線配置圖!$A$3:$C$39,2,0) -> 13 | K8: =VLOOKUP(D8,產線配置圖!$A$3:$C$39,3,0) -> 2000 | L8: =K8/J8 -> 153.84615 | M8: 13 | N8: =G8/W8*60 -> 1963.125 | O8: =N8/M8 -> 151.00962 | P8: =M8-J8 -> 0 | Q8: =O8-L8 -> -2.8365385 | R8: =O8/L8 -> 0.9815625 | T8: 0.54027778 | U8: 0.58472222 | V8: =(T8-U7)*24*60 -> 90 | W8: =(U8-T8)*24*60 -> 64 | AB8: =N8-K8 -> -36.875 | AC8: =N8/K8 -> 0.9815625
B9: =VLOOKUP(D9,廠價表!$C$1:$E$40,2,0) -> 義大利麵 | D9: 南洋紅咖哩豬義大利麵 | F9: =VLOOKUP(D9,廠價表!$C$1:$E$40,3,0) -> 56.43 | G9: 1141 | H9: =F9*G9 -> 64386.63 | J9: =VLOOKUP(D9,產線配置圖!$A$3:$C$39,2,0) -> 15 | K9: =VLOOKUP(D9,產線配置圖!$A$3:$C$39,3,0) -> 1636 | L9: =K9/J9 -> 109.06667 | M9: 15 | N9: =G9/W9*60 -> 1006.7647 | O9: =N9/M9 -> 67.117647 | P9: =M9-J9 -> 0 | Q9: =O9-L9 -> -41.94902 | R9: =O9/L9 -> 0.61538185 | T9: 0.60277778 | U9: 0.65 | V9: =(T9-U8)*24*60 -> 26 | W9: =(U9-T9)*24*60 -> 68 | X9: 0.48958333 | Y9: 0.53125 | Z9: 14:28-15:36手抓麵作業 | AB9: =N9-K9 -> -629.23529 | AC9: =N9/K9 -> 0.61538185
W10: =(U10-T10)*24*60 -> 0
H11: =F11*G11 -> 0 | W11: =(U11-T11)*24*60 -> 0
H12: =F12*G12 -> 0 | W12: =(U12-T12)*24*60 -> 0
W13: =(U13-T13)*24*60 -> 0
W14: =(U14-T14)*24*60 -> 0
C15: 4度一組 | D15: 平均 | J15: =AVERAGE(J5:J14) -> 14.2 | K15: =AVERAGE(K5:K14) -> 1908.2 | L15: =AVERAGE(L5:L14) -> 136.91288 | M15: =AVERAGE(M5:M14) -> 14.2 | N15: =AVERAGE(N5:N14) -> 1634.4632 | O15: =AVERAGE(O5:O14) -> 117.58745 | P15: =M15-J15 -> 0 | Q15: =O15-L15 -> -19.325428 | R15: =O15/L15 -> 0.85884872 | AB15: =N15-K15 -> -273.73677 | AC15: =N15/K15 -> 0.85654713
A16: 自動二線 (ET-600) | B16: =VLOOKUP(D16,廠價表!$C$1:$E$40,2,0) -> 義大利麵 | D16: 白酒蛤蜊義大利麵 | F16: =VLOOKUP(D16,廠價表!$C$1:$E$40,3,0) -> 57.21 | G16: 1438 | H16: =F16*G16 -> 82267.98 | J16: =VLOOKUP(D16,產線配置圖!$A$3:$C$39,2,0) -> 13 | K16: =VLOOKUP(D16,產線配置圖!$A$3:$C$39,3,0) -> 2105 | L16: =K16/J16 -> 161.92308 | M16: 13 | N16: =G16/W16*60 -> 1760.8163 | O16: =N16/M16 -> 135.44741 | P16: =M16-J16 -> 0 | Q16: =O16-L16 -> -26.475667 | R16: =O16/L16 -> 0.83649232 | S16: =R26 -> 0.84325837 | T16: 0.29027778 | U16: 0.32430556 | W16: =(U16-T16)*24*60 -> 49 | AB16: =N16-K16 -> -344.18367 | AC16: =N16/K16 -> 0.83649232 | AD16: =AC26 -> 0.84170175
B17: =VLOOKUP(D17,廠價表!$C$1:$E$40,2,0) -> 義大利麵 | D17: 青醬蛤蜊義大利麵 | F17: =VLOOKUP(D17,廠價表!$C$1:$E$40,3,0) -> 50.67 | G17: 2664 | H17: =F17*G17 -> 134984.88 | J17: =VLOOKUP(D17,產線配置圖!$A$3:$C$39,2,0) -> 13 | K17: =VLOOKUP(D17,產線配置圖!$A$3:$C$39,3,0) -> 2000 | L17: =K17/J17 -> 153.84615 | M17: 13 | N17: =G17/W17*60 -> 1795.9551 | O17: =N17/M17 -> 138.15039 | P17: =M17-J17 -> 0 | Q17: =O17-L17 -> -15.695765 | R17: =O17/L17 -> 0.89797753 | T17: 0.33263889 | U17: 0.39444444 | V17: =(T17-U16)*24*60 -> 12 | W17: =(U17-T17)*24*60 -> 89 | AB17: =N17-K17 -> -204.04494 | AC17: =N17/K17 -> 0.89797753
B18: =VLOOKUP(D18,廠價表!$C$1:$E$40,2,0) -> 義大利麵 | D18: 義式蕃茄起司義大利麵 | F18: =VLOOKUP(D18,廠價表!$C$1:$E$40,3,0) -> 50.39 | G18: 3052 | H18: =F18*G18 -> 153790.28 | J18: =VLOOKUP(D18,產線配置圖!$A$3:$C$39,2,0) -> 12 | K18: =VLOOKUP(D18,產線配置圖!$A$3:$C$39,3,0) -> 2000 | L18: =K18/J18 -> 166.66667 | M18: 12 | N18: =G18/W18*60 -> 1695.5556 | O18: =N18/M18 -> 141.2963 | P18: =M18-J18 -> 0 | Q18: =O18-L18 -> -25.37037 | R18: =O18/L18 -> 0.84777778 | T18: 0.40277778 | U18: 0.47777778 | V18: =(T18-U17)*24*60 -> 12 | W18: =(U18-T18)*24*60 -> 108 | AB18: =N18-K18 -> -304.44444 | AC18: =N18/K18 -> 0.84777778
B19: =VLOOKUP(D19,廠價表!$C$1:$E$40,2,0) -> 義大利麵 | D19: 義式蕃茄起司義大利麵 | F19: =VLOOKUP(D19,廠價表!$C$1:$E$40,3,0) -> 50.39 | G19: 2395 | H19: =F19*G19 -> 120684.05 | J19: =VLOOKUP(D19,產線配置圖!$A$3:$C$39,2,0) -> 12 | K19: =VLOOKUP(D19,產線配置圖!$A$3:$C$39,3,0) -> 2000 | L19: =K19/J19 -> 166.66667 | M19: 12 | N19: =G19/W19*60 -> 1866.2338 | O19: =N19/M19 -> 155.51948 | P19: =M19-J19 -> 0 | Q19: =O19-L19 -> -11.147186 | R19: =O19/L19 -> 0.93311688 | T19: 0.54166667 | U19: 0.59513889 | V19: =(T19-U18)*24*60 -> 92 | W19: =(U19-T19)*24*60 -> 77 | X19: 0.48958333 | Y19: 0.53125 | AB19: =N19-K19 -> -133.76623 | AC19: =N19/K19 -> 0.93311688
B20: =VLOOKUP(D20,廠價表!$C$1:$E$40,2,0) -> 義大利麵 | D20: 青醬蛤蜊義大利麵 | F20: =VLOOKUP(D20,廠價表!$C$1:$E$40,3,0) -> 50.67 | G20: 1826 | H20: =F20*G20 -> 92523.42 | J20: =VLOOKUP(D20,產線配置圖!$A$3:$C$39,2,0) -> 13 | K20: =VLOOKUP(D20,產線配置圖!$A$3:$C$39,3,0) -> 2000 | L20: =K20/J20 -> 153.84615 | M20: 13 | N20: =G20/W20*60 -> 1386.8354 | O20: =N20/M20 -> 106.67965 | P20: =M20-J20 -> 0 | Q20: =O20-L20 -> -47.166504 | R20: =O20/L20 -> 0.69341772 | T20: 0.60416667 | U20: 0.65902778 | V20: =(T20-U19)*24*60 -> 13 | W20: =(U20-T20)*24*60 -> 79 | Z20: 15:30~15:42玉取機停麵 | AB20: =N20-K20 -> -613.16456 | AC20: =N20/K20 -> 0.69341772
W21: =(U21-T21)*24*60 -> 0
H22: =F22*G22 -> 0 | W22: 0
W23: =(U23-T23)*24*60 -> 0
H24: =F24*G24 -> 0 | W24: =(U24-T24)*24*60 -> 0
H25: =F25*G25 -> 0 | W25: =(U25-T25)*24*60 -> 0
C26: 4度二組A | D26: 平均 | J26: =AVERAGE(J16:J25) -> 12.6 | K26: =AVERAGE(K16:K25) -> 2021 | L26: =AVERAGE(L16:L25) -> 160.58974 | M26: =AVERAGE(M16:M25) -> 12.6 | N26: =AVERAGE(N16:N25) -> 1701.0792 | O26: =AVERAGE(O16:O25) -> 135.41864 | P26: =M26-J26 -> 0 | Q26: =O26-L26 -> -25.171099 | R26: =O26/L26 -> 0.84325837 | AB26: =N26-K26 -> -319.92077 | AC26: =N26/K26 -> 0.84170175
A27: 手工三線 (ET-55) | B27: 義大利麵 | D27: 青花椒麻雞肉拌麵 | F27: =VLOOKUP(D27,廠價表!$C$1:$E$40,3,0) -> 49.91 | G27: 1716 | H27: =F27*G27 -> 85645.56 | J27: =VLOOKUP(D27,產線配置圖!$A$3:$C$39,2,0) -> 17 | K27: =VLOOKUP(D27,產線配置圖!$A$3:$C$39,3,0) -> 1565 | L27: =K27/J27 -> 92.058824 | M27: 15 | N27: =G27/W27*60 -> 1170 | O27: =N27/M27 -> 78 | P27: =M27-J27 -> -2 | Q27: =O27-L27 -> -14.058824 | R27: =O27/L27 -> 0.84728435 | S27: =R37 -> 0.91804857 | T27: 0.29166667 | U27: 0.35277778 | W27: =(U27-T27)*24*60 -> 88 | AB27: =N27-K27 -> -395 | AC27: =N27/K27 -> 0.74760383 | AD27: =AC37 -> 0.89553975
B28: =VLOOKUP(D28,廠價表!$C$1:$E$40,2,0) -> 義大利麵 | D28: 奶油蒜香雞義大利麵 | F28: =VLOOKUP(D28,廠價表!$C$1:$E$40,3,0) -> 55.13 | G28: 2083 | H28: =F28*G28 -> 114835.79 | J28: =VLOOKUP(D28,產線配置圖!$A$3:$C$39,2,0) -> 18 | K28: =VLOOKUP(D28,產線配置圖!$A$3:$C$39,3,0) -> 1385 | L28: =K28/J28 -> 76.944444 | M28: 16 | N28: =G28/W28*60 -> 1201.7308 | O28: =N28/M28 -> 75.108173 | P28: =M28-J28 -> -2 | Q28: =O28-L28 -> -1.8362714 | R28: =O28/L28 -> 0.9761351 | T28: 0.35972222 | U28: 0.43194444 | V28: =(T28-U27)*24*60 -> 10 | W28: =(U28-T28)*24*60 -> 104 | AB28: =N28-K28 -> -183.26923 | AC28: =N28/K28 -> 0.86767565
B29: =VLOOKUP(D29,廠價表!$C$1:$E$40,2,0) -> 義大利麵 | D29: 奶油起司蝦仁通心粉 | F29: =VLOOKUP(D29,廠價表!$C$1:$E$40,3,0) -> 47.71 | G29: 1583 | H29: =F29*G29 -> 75524.93 | J29: =VLOOKUP(D29,產線配置圖!$A$3:$C$39,2,0) -> 15 | K29: =VLOOKUP(D29,產線配置圖!$A$3:$C$39,3,0) -> 1500 | L29: =K29/J29 -> 100 | M29: 17 | N29: =G29/W29*60 -> 1461.2308 | O29: =N29/M29 -> 85.954751 | P29: =M29-J29 -> 2 | Q29: =O29-L29 -> -14.045249 | R29: =O29/L29 -> 0.85954751 | T29: 0.4375 | U29: 0.48263889 | V29: =(T29-U28)*24*60 -> 8 | W29: =(U29-T29)*24*60 -> 65 | Z29: 10:45-10:50停線更換注醬機作業 | AB29: =N29-K29 -> -38.769231 | AC29: =N29/K29 -> 0.97415385
B30: =VLOOKUP(D30,廠價表!$C$1:$E$40,2,0) -> 義大利麵 | D30: 奶油起司蝦仁通心粉 | F30: =VLOOKUP(D30,廠價表!$C$1:$E$40,3,0) -> 47.71 | G30: 2991 | H30: =F30*G30 -> 142700.61 | J30: =VLOOKUP(D30,產線配置圖!$A$3:$C$39,2,0) -> 15 | K30: =VLOOKUP(D30,產線配置圖!$A$3:$C$39,3,0) -> 1500 | L30: =K30/J30 -> 100 | M30: 15 | N30: =G30/W30*60 -> 1495.5 | O30: =N30/M30 -> 99.7 | P30: =M30-J30 -> 0 | Q30: =O30-L30 -> -0.3 | R30: =O30/L30 -> 0.997 | T30: 0.54166667 | U30: 0.625 | V30: =(T30-U29)*24*60 -> 85 | W30: =(U30-T30)*24*60 -> 120 | X30: 0.48958333 | Y30: 0.53125 | AB30: =N30-K30 -> -4.5 | AC30: =N30/K30 -> 0.997
W31: =(U31-T31)*24*60 -> 0
W32: =(U32-T32)*24*60 -> 0
H33: =F33*G33 -> 0 | W33: =(U33-T33)*24*60 -> 0
H34: =F34*G34 -> 0 | W34: =(U34-T34)*24*60 -> 0
H35: =F35*G35 -> 0 | W35: =(U35-T35)*24*60 -> 0
H36: =F36*G36 -> 0 | W36: =(U36-T36)*24*60 -> 0
C37: 4度二組B | D37: 平均 | J37: =AVERAGE(J27:J36) -> 16.25 | K37: =AVERAGE(K27:K36) -> 1487.5 | L37: =AVERAGE(L27:L36) -> 92.250817 | M37: =AVERAGE(M27:M36) -> 15.75 | N37: =AVERAGE(N27:N36) -> 1332.1154 | O37: =AVERAGE(O27:O36) -> 84.690731 | P37: =M37-J37 -> -0.5 | Q37: =N37-K37 -> -155.38462 | R37: =O37/L37 -> 0.91804857 | AB37: =N37-K37 -> -155.38462 | AC37: =N37/K37 -> 0.89553975
A38: 手工四線 (ET-55) | B38: 義大利麵 | D38: 焗烤明太子筆尖麵 | F38: =VLOOKUP(D38,廠價表!$C$1:$E$40,3,0) -> 57.3 | G38: 2487 | H38: =F38*G38 -> 142505.1 | J38: 16 | K38: 1500 | L38: =K38/J38 -> 93.75 | M38: 14 | N38: =G38/W38*60 -> 1233.2231 | O38: =N38/M38 -> 88.087367 | P38: =M38-J38 -> -2 | Q38: =O38-L38 -> -5.6626328 | R38: =O38/L38 -> 0.93959858 | S38: =R48 -> 0.90778847 | T38: 0.33263889 | U38: 0.41666667 | W38: =(U38-T38)*24*60 -> 121 | AB38: =N38-K38 -> -266.77686 | AC38: =N38/K38 -> 0.82214876 | AD38: =AC48 -> 0.78283727
B39: 義大利麵 | D39: 濃拿坡里義大利麵 | F39: =VLOOKUP(D39,廠價表!$C$1:$E$40,3,0) -> 56.43 | G39: 700 | H39: =F39*G39 -> 39501 | J39: 17 | K39: =VLOOKUP(D39,產線配置圖!$A$3:$C$39,3,0) -> 1406 | L39: =K39/J39 -> 82.705882 | M39: 13 | N39: =G39/W39*60 -> 1050 | O39: =N39/M39 -> 80.769231 | P39: =M39-J39 -> -4 | Q39: =O39-L39 -> -1.9366516 | R39: =O39/L39 -> 0.97658387 | T39: 0.42708333 | U39: 0.45486111 | V39: =(T39-U38)*24*60 -> 15 | W39: =(U39-T39)*24*60 -> 40 | AB39: =N39-K39 -> -356 | AC39: =N39/K39 -> 0.74679943
B40: 義大利麵 | D40: 南洋紅咖哩豬義大利麵 | F40: =VLOOKUP(D40,廠價表!$C$1:$E$40,3,0) -> 56.43 | G40: 898 | H40: =F40*G40 -> 50674.14 | J40: =VLOOKUP(D40,產線配置圖!$A$3:$C$39,2,0) -> 15 | K40: =VLOOKUP(D40,產線配置圖!$A$3:$C$39,3,0) -> 1636 | L40: =K40/J40 -> 109.06667 | M40: 13 | N40: =G40/W40*60 -> 1077.6 | O40: =N40/M40 -> 82.892308 | P40: =M40-J40 -> -2 | Q40: =O40-L40 -> -26.174359 | R40: =O40/L40 -> 0.76001505 | T40: 0.47569444 | U40: 0.51041667 | V40: =(T40-U39)*24*60 -> 30 | W40: =(U40-T40)*24*60 -> 50 | Z40: 生產數量少 | AB40: =N40-K40 -> -558.4 | AC40: =N40/K40 -> 0.65867971
B41: 義大利麵 | D41: 濃拿坡里義大利麵 | F41: =VLOOKUP(D41,廠價表!$C$1:$E$40,3,0) -> 56.43 | G41: 1533 | H41: =F41*G41 -> 86507.19 | J41: =VLOOKUP(D41,產線配置圖!$A$3:$C$39,2,0) -> 15 | K41: =VLOOKUP(D41,產線配置圖!$A$3:$C$39,3,0) -> 1406 | L41: =K41/J41 -> 93.733333 | M41: 14 | N41: =G41/W41*60 -> 1295.493 | O41: =N41/M41 -> 92.535211 | P41: =M41-J41 -> -1 | Q41: =O41-L41 -> -1.1981221 | R41: =O41/L41 -> 0.98721776 | T41: 0.56944444 | U41: 0.61875 | V41: =(T41-U40)*24*60 -> 85 | W41: =(U41-T41)*24*60 -> 71 | X41: 0.52777778 | Y41: 0.56944444 | AB41: =N41-K41 -> -110.50704 | AC41: =N41/K41 -> 0.92140324
W42: =(U42-T42)*24*60 -> 0
H43: =F43*G43 -> 0 | W43: =(U43-T43)*24*60 -> 0
H44: =F44*G44 -> 0 | W44: =(U44-T44)*24*60 -> 0
H45: =F45*G45 -> 0 | W45: =(U45-T45)*24*60 -> 0
H46: =F46*G46 -> 0 | W46: =(U46-T46)*24*60 -> 0
H47: =F47*G47 -> 0 | W47: =(U47-T47)*24*60 -> 0
C48: 4度二組C1 | D48: 平均 | J48: =AVERAGE(J38:J47) -> 15.75 | K48: =AVERAGE(K38:K47) -> 1487 | L48: =AVERAGE(L38:L47) -> 94.813971 | M48: =AVERAGE(M38:M47) -> 13.5 | N48: =AVERAGE(N38:N47) -> 1164.079 | O48: =AVERAGE(O38:O47) -> 86.071029 | P48: =M48-J48 -> -2.25 | Q48: =N48-K48 -> -322.92098 | R48: =O48/L48 -> 0.90778847 | W48: =(U48-T48)*24*60 -> 0 | AB48: =N48-K48 -> -322.92098 | AC48: =N48/K48 -> 0.78283727
A49: 手工五線 (ET-55) | B49: =VLOOKUP(D49,廠價表!$C$1:$E$40,2,0) -> 義大利麵 | D49: 剝皮辣椒雞奶油扁麵 | F49: =VLOOKUP(D49,廠價表!$C$1:$E$40,3,0) -> 56.87 | G49: 2336 | H49: =F49*G49 -> 132848.32 | J49: =VLOOKUP(D49,產線配置圖!$A$3:$C$39,2,0) -> 19 | K49: =VLOOKUP(D49,產線配置圖!$A$3:$C$39,3,0) -> 1565 | L49: =K49/J49 -> 82.368421 | M49: 18 | N49: =G49/W49*60 -> 1430.2041 | O49: =N49/M49 -> 79.455782 | P49: =M49-J49 -> -1 | Q49: =O49-L49 -> -2.9126387 | R49: =O49/L49 -> 0.96463889 | S49: =R58 -> 0.96812163 | T49: 0.29166667 | U49: 0.35972222 | W49: =(U49-T49)*24*60 -> 98 | AB49: =N49-K49 -> -134.79592 | AC49: =N49/K49 -> 0.91386842 | AD49: =AC58 -> 0.95540634
B50: =VLOOKUP(D50,廠價表!$C$1:$E$40,2,0) -> 義大利麵 | D50: 焗烤起司雙饗筆尖麵 | F50: =VLOOKUP(D50,廠價表!$C$1:$E$40,3,0) -> 49.97 | G50: 4106 | H50: =F50*G50 -> 205176.82 | J50: =VLOOKUP(D50,產線配置圖!$A$3:$C$39,2,0) -> 18 | K50: =VLOOKUP(D50,產線配置圖!$A$3:$C$39,3,0) -> 1600 | L50: =K50/J50 -> 88.888889 | M50: 18 | N50: =G50/W50*60 -> 1599.7403 | O50: =N50/M50 -> 88.874459 | P50: =M50-J50 -> 0 | Q50: =O50-L50 -> -0.014430014 | R50: =O50/L50 -> 0.99983766 | T50: 0.36597222 | U50: 0.47291667 | V50: =(T50-U49)*24*60 -> 9 | W50: =(U50-T50)*24*60 -> 154 | AB50: =N50-K50 -> -0.25974026 | AC50: =N50/K50 -> 0.99983766
B51: =VLOOKUP(D51,廠價表!$C$1:$E$40,2,0) -> 義大利麵 | D51: 焗烤起司雙饗筆尖麵 | F51: =VLOOKUP(D51,廠價表!$C$1:$E$40,3,0) -> 49.97 | G51: 1639 | H51: =F51*G51 -> 81900.83 | J51: =VLOOKUP(D51,產線配置圖!$A$3:$C$39,2,0) -> 18 | K51: =VLOOKUP(D51,產線配置圖!$A$3:$C$39,3,0) -> 1600 | L51: =K51/J51 -> 88.888889 | M51: 18 | N51: =G51/W51*60 -> 1490 | O51: =N51/M51 -> 82.777778 | P51: =M51-J51 -> 0 | Q51: =O51-L51 -> -6.1111111 | R51: =O51/L51 -> 0.93125 | T51: 0.56111111 | U51: 0.60694444 | V51: =(T51-U50)*24*60 -> 127 | W51: =(U51-T51)*24*60 -> 66 | AB51: =N51-K51 -> -110 | AC51: =N51/K51 -> 0.93125
B52: =VLOOKUP(D52,廠價表!$C$1:$E$40,2,0) -> 熱乾麵 | D52: 青花椒麻雞肉拌麵 | F52: =VLOOKUP(D52,廠價表!$C$1:$E$40,3,0) -> 49.91 | G52: 1375 | H52: =F52*G52 -> 68626.25 | J52: =VLOOKUP(D52,產線配置圖!$A$3:$C$39,2,0) -> 17 | K52: =VLOOKUP(D52,產線配置圖!$A$3:$C$39,3,0) -> 1565 | L52: =K52/J52 -> 92.058824 | M52: 17 | N52: =G52/W52*60 -> 1527.7778 | O52: =N52/M52 -> 89.869281 | P52: =M52-J52 -> 0 | Q52: =O52-L52 -> -2.1895425 | R52: =O52/L52 -> 0.97621583 | T52: 0.61458333 | U52: 0.65208333 | V52: =(T52-U51)*24*60 -> 11 | W52: =(U52-T52)*24*60 -> 54 | X52: 0.48958333 | Y52: 0.53125 | AB52: =N52-K52 -> -37.222222 | AC52: =N52/K52 -> 0.97621583
W53: =(U53-T53)*24*60 -> 0
H54: =F54*G54 -> 0 | W54: =(U54-T54)*24*60 -> 0
H55: =F55*G55 -> 0 | W55: =(U55-T55)*24*60 -> 0
H56: =F56*G56 -> 0 | W56: =(U56-T56)*24*60 -> 0
H57: =F57*G57 -> 0 | W57: =(U57-T57)*24*60 -> 0
C58: 4度二組C2 | D58: 平均 | J58: =AVERAGE(J49:J57) -> 18 | K58: =AVERAGE(K49:K57) -> 1582.5 | L58: =AVERAGE(L49:L57) -> 88.051256 | M58: =AVERAGE(M49:M57) -> 17.75 | N58: =AVERAGE(N49:N57) -> 1511.9305 | O58: =AVERAGE(O49:O57) -> 85.244325 | P58: =M58-J58 -> -0.25 | Q58: =N58-K58 -> -70.56947 | R58: =O58/L58 -> 0.96812163 | AB58: =N58-K58 -> -70.56947 | AC58: =N58/K58 -> 0.95540634
A59: 調理包一線 (八爪機) | B59: =VLOOKUP(D59,廠價表!$C$1:$E$40,2,0) -> 小吃、微波 | D59: 小滷青蔬 | F59: =VLOOKUP(D59,廠價表!$C$1:$E$40,3,0) -> 26.99 | G59: 4273 | H59: =F59*G59 -> 115328.27 | J59: =VLOOKUP(D59,產線配置圖!$A$3:$C$39,2,0) -> 13 | K59: =VLOOKUP(D59,產線配置圖!$A$3:$C$39,3,0) -> 1565 | L59: =K59/J59 -> 120.38462 | M59: 13 | N59: =G59/W59*60 -> 1526.0714 | O59: =N59/M59 -> 117.39011 | P59: =M59-J59 -> 0 | Q59: =O59-L59 -> -2.9945055 | R59: =O59/L59 -> 0.97512551 | S59: =R69 -> 0.9304246 | T59: 0.29166667 | U59: 0.40833333 | W59: =(U59-T59)*24*60 -> 168 | AB59: =N59-K59 -> -38.928571 | AC59: =N59/K59 -> 0.97512551 | AD59: =AC69 -> 0.93128423
B60: =VLOOKUP(D60,廠價表!$C$1:$E$40,2,0) -> 小吃、微波 | D60: 台式綜合甜不辣 | F60: =VLOOKUP(D60,廠價表!$C$1:$E$40,3,0) -> 28.47 | G60: 683 | H60: =F60*G60 -> 19445.01 | J60: =VLOOKUP(D60,產線配置圖!$A$3:$C$39,2,0) -> 12 | K60: =VLOOKUP(D60,產線配置圖!$A$3:$C$39,3,0) -> 1565 | L60: =K60/J60 -> 130.41667 | M60: 12 | N60: =G60/W60*60 -> 1280.625 | O60: =N60/M60 -> 106.71875 | P60: =M60-J60 -> 0 | Q60: =O60-L60 -> -23.697917 | R60: =O60/L60 -> 0.81829073 | T60: 0.41875 | U60: 0.44097222 | V60: =(T60-U59)*24*60 -> 15 | W60: =(U60-T60)*24*60 -> 32 | AB60: =N60-K60 -> -284.375 | AC60: =N60/K60 -> 0.81829073
B61: =VLOOKUP(D61,廠價表!$C$1:$E$40,2,0) -> 小吃、微波 | D61: 起司馬鈴薯 | F61: =VLOOKUP(D61,廠價表!$C$1:$E$40,3,0) -> 28.26 | G61: 1805 | H61: =F61*G61 -> 51009.3 | J61: =VLOOKUP(D61,產線配置圖!$A$3:$C$39,2,0) -> 12 | K61: =VLOOKUP(D61,產線配置圖!$A$3:$C$39,3,0) -> 1565 | L61: =K61/J61 -> 130.41667 | M61: 12 | N61: =G61/W61*60 -> 1547.1429 | O61: =N61/M61 -> 128.92857 | P61: =M61-J61 -> 0 | Q61: =O61-L61 -> -1.4880952 | R61: =O61/L61 -> 0.98858969 | T61: 0.45138889 | U61: 0.5 | V61: =(T61-U60)*24*60 -> 15 | W61: =(U61-T61)*24*60 -> 70 | AB61: =N61-K61 -> -17.857143 | AC61: =N61/K61 -> 0.98858969
B62: =VLOOKUP(D62,廠價表!$C$1:$E$40,2,0) -> 小吃、微波 | D62: 起司馬鈴薯 | F62: =VLOOKUP(D62,廠價表!$C$1:$E$40,3,0) -> 28.26 | G62: 738 | H62: =F62*G62 -> 20855.88 | J62: =VLOOKUP(D62,產線配置圖!$A$3:$C$39,2,0) -> 12 | K62: =VLOOKUP(D62,產線配置圖!$A$3:$C$39,3,0) -> 1565 | L62: =K62/J62 -> 130.41667 | M62: 12 | N62: =G62/W62*60 -> 1476 | O62: =N62/M62 -> 123 | P62: =M62-J62 -> 0 | Q62: =O62-L62 -> -7.4166667 | R62: =O62/L62 -> 0.94313099 | T62: 0.55208333 | U62: 0.57291667 | V62: =(T62-U61)*24*60 -> 75 | W62: =(U62-T62)*24*60 -> 30 | AB62: =N62-K62 -> -89 | AC62: =N62/K62 -> 0.94313099
W63: =(U63-T63)*24*60 -> 0 | AB63: =N63-K63 -> 0 | AC63: =N63/K63 -> #DIV/0!
W64: =(U64-T64)*24*60 -> 0
W65: =(U65-T65)*24*60 -> 0
H66: =F66*G66 -> 0 | W66: =(U66-T66)*24*60 -> 0
H67: =F67*G67 -> 0 | W67: =(U67-T67)*24*60 -> 0
H68: =F68*G68 -> 0 | W68: =(U68-T68)*24*60 -> 0
C69: 4度三組 | D69: 平均 | J69: =AVERAGE(J59:J68) -> 12.25 | K69: =AVERAGE(K59:K68) -> 1565 | L69: =AVERAGE(L59:L68) -> 127.90865 | M69: =AVERAGE(M59:M68) -> 12.25 | N69: =AVERAGE(N59:N68) -> 1457.4598 | O69: =AVERAGE(O59:O68) -> 119.00936 | P69: =M69-J69 -> 0 | Q69: =N69-K69 -> -107.54018 | R69: =O69/L69 -> 0.9304246 | AB69: =N69-K69 -> -107.54018 | AC69: =N69/K69 -> 0.93128423
A70: 調理包二線 (手工) | S70: =R79 -> 0 | W70: =(U70-T70)*24*60 -> 0 | AB70: =N70-K70 -> 0 | AC70: =N70/K70 -> #DIV/0! | AD70: =AC79 -> #DIV/0!
W71: =(U71-T71)*24*60 -> 0
W72: =(U72-T72)*24*60 -> 0
W73: =(U73-T73)*24*60 -> 0
H74: =F74*G74 -> 0 | W74: =(U74-T74)*24*60 -> 0
H75: =F75*G75 -> 0 | W75: =(U75-T75)*24*60 -> 0
H76: =F76*G76 -> 0 | W76: =(U76-T76)*24*60 -> 0
H77: =F77*G77 -> 0 | W77: =(U77-T77)*24*60 -> 0
H78: =F78*G78 -> 0 | W78: =(U78-T78)*24*60 -> 0
C79: 4度四組 | D79: 平均 | J79: =AVERAGE(J70:J78) -> #DIV/0! | AB79: =N79-K79 -> 0 | AC79: =N79/K79 -> #DIV/0!
AF80: 1.當日出勤人數較多
AF81: 2.當日出勤人數較少
AF82: 3.當日出勤熟手較少
AF83: 4.當日出勤新人較多
AF84: 5.機台夾盒
AF85: 6.封膜不順
AF86: 7.更換膠膜
AF87: 8.更換碳帶
AF88: 9.當日熱轉印碳帶異常
AF89: 10.訂單量過少
AF90: 11.新品上市，尚未熟悉
AF91: 12.商品結構，產能較低
AF92: 13.區域出貨，分段生產

Sheet 1202總
B1: 長家廠組合室生產人時性分析
B3: 日期 | D3: 45993 | F3: 訂單量 | G3: ='1202'!E1 -> 49146 | I3: 營業額 | J3: ='1202'!G1 -> 2383910.6
B4: 項目 | D4: 3 | F4: ➀ | H4: ➁ | J4: ③
B5: 人時性 | D5: 組合室 | F5: 全溫層 | H5: 義大利麵 | J5: 袋裝小吃、義麵
D6: 排關平均 | F6: =AVERAGE(D13:J13) -> 116.75455 | H6: =AVERAGE(D13:H13) -> 114.52373 | J6: =AVERAGE(I13:J13) -> 127.90865
D7: 實績平均 | F7: =AVERAGE(D14:J14) -> 99.626736 | H7: =AVERAGE(D14:H14) -> 96.125353 | J7: =AVERAGE(I14:J14) -> 117.13365
D8: 達成率平均 | F8: =AVERAGE(D15:J15) -> 0.85422385 | H8: =AVERAGE(D15:H15) -> 0.84191659 | J8: =AVERAGE(I15:J15) -> 0.91576016 | L8: ※現行日本鮮食廠以達成率80%為基本(即為現行KPI)
B10: 溫層 | D10: 4度C-各編組展開
B11: 編組 | D11: 1 | E11: 2 | F11: 3 | G11: 4 | H11: 5 | I11: 6 | J11: 7
D12: 自動1線 | E12: 自動2線 | F12: 手工3線 | G12: 手工4線 | H12: 手工5線 | I12: 調理包1線 | J12: 調理包2線
B13: 人時性 | C13: 排關 | D13: =VALUE('1202'!L15) -> 136.91288 | E13: =VALUE('1202'!L26) -> 160.58974 | F13: =VALUE('1202'!L37) -> 92.250817 | G13: =VALUE('1202'!L48) -> 94.813971 | H13: =VALUE('1202'!L58) -> 88.051256 | I13: =VALUE('1202'!L69) -> 127.90865
C14: 實績 | D14: =VALUE('1202'!O15) -> 106.96632 | E14: =VALUE('1202'!O26) -> 139.51299 | F14: =VALUE('1202'!O37) -> 83.303881 | G14: =VALUE('1202'!O48) -> 69.863126 | H14: =VALUE('1202'!O58) -> 80.980449 | I14: =VALUE('1202'!O69) -> 117.13365
C15: 達成率 | D15: =D14/D13 -> 0.78127286 | E15: =E14/E13 -> 0.86875406 | F15: =F14/F13 -> 0.9030151 | G15: =G14/G13 -> 0.73684422 | H15: =H14/H13 -> 0.9196967 | I15: =I14/I13 -> 0.91576016
B16: 作業 時間 | C16: 開始 | D16: ='1202'!T5 -> 0.29027778 | E16: ='1202'!T16 -> 0.29027778 | F16: ='1202'!T27 -> 0.29166667 | G16: ='1202'!T38 -> 0.29166667 | H16: ='1202'!T49 -> 0.29166667 | I16: ='1202'!T59 -> 0.29027778
C17: 結束 | D17: 0.61875 | E17: 0.64027778 | F17: 0.61805556 | G17: 0.60416667 | H17: 0.62916667 | I17: 0.56944444
B18: 配置人數 | D18: =VALUE('1202'!M15) -> 14.2 | E18: =VALUE('1202'!M26) -> 12.6 | F18: =VALUE('1202'!M37) -> 15.25 | G18: =VALUE('1202'!M48) -> 13.5 | H18: =VALUE('1202'!M58) -> 17.5 | I18: =VALUE('1202'!M69) -> 12.25
B19: 主要應用設備 | D19: ET-600 | E19: ET-600 | F19: ET-55 | G19: ET-55 | H19: ET-55 | I19: 八爪機
B20: 次要應用設備 | H20: 封口機
B21: 備註

Sheet 1202
A1: 長家廠4度C日報分析 | D1: 總生產量 | E1: =SUM(G5:G79) -> 49146 | F1: 營業額 | G1: =SUM(H5:H79) -> 2383910.6 | H1: 出勤人數 | I1: =M15+M26+M48+M58+M69+M79+M37 -> 85.3 | J1: 產線配置圖 | M1: 生產實績 | P1: 人時性差異分析 | T1: 日報登錄 | Z1: 分析說明 | AB1: 產能差異分析
A2: 12月02日 星期二 | D2: 人時性 | E2: =AVERAGE(O15,O26,O37,O48,O58,O69,O79) -> 99.626736 | F2: 平均廠價 | G2: =G1/E1 -> 48.506706 | H2: 多次生產數 | I2: =COUNT(I5:I79) -> 0
A3: 線別 | B3: 品類 | D3: 品名 | F3: 廠價 | G3: 生產量 | H3: 營收 | I3: 多次 生產 | J3: 人數 | K3: 產能/時 | L3: 人時性 | M3: 人數 | N3: 產能/時 | O3: 人時性 | P3: 人數 | Q3: 人時性 | R3: 達成率 | S3: 達成率平均 | T3: 生產時間 | V3: 前置、換線時間/分 | W3: 稼動時間/分 | X3: 休息時間 | AB3: 產能/時 | AC3: 達成率 | AD3: 達成率平均
T4: 開始 | U4: 結束 | X4: 開始 | Y4: 結束
A5: 自動一線 (ET-600) | B5: =VLOOKUP(D5,廠價表!$C$1:$E$40,2,0) -> 義大利麵 | D5: 白酒蛤蜊義大利麵 | F5: =VLOOKUP(D5,廠價表!$C$1:$E$40,3,0) -> 57.21 | G5: 1525 | H5: =F5*G5 -> 87245.25 | J5: =VLOOKUP(D5,產線配置圖!$A$3:$C$39,2,0) -> 13 | K5: =VLOOKUP(D5,產線配置圖!$A$3:$C$39,3,0) -> 2105 | L5: =K5/J5 -> 161.92308 | M5: 13 | N5: =G5/W5*60 -> 1759.6154 | O5: =N5/M5 -> 135.35503 | P5: =M5-J5 -> 0 | Q5: =O5-L5 -> -26.568047 | R5: =O5/L5 -> 0.8359218 | S5: =R15 -> 0.78127286 | T5: 0.29027778 | U5: 0.32638889 | W5: =(U5-T5)*24*60 -> 52 | AB5: =N5-K5 -> -345.38462 | AC5: =N5/K5 -> 0.8359218 | AD5: =AC15 -> 0.77390086
B6: =VLOOKUP(D6,廠價表!$C$1:$E$40,2,0) -> 義大利麵 | D6: 韓式起司炸雞義大利麵 | F6: =VLOOKUP(D6,廠價表!$C$1:$E$40,3,0) -> 57.21 | G6: 1830 | H6: =F6*G6 -> 104694.3 | J6: =VLOOKUP(D6,產線配置圖!$A$3:$C$39,2,0) -> 17 | K6: 1800 | L6: =K6/J6 -> 105.88235 | M6: 17 | N6: =G6/W6*60 -> 1525 | O6: =N6/M6 -> 89.705882 | P6: =M6-J6 -> 0 | Q6: =O6-L6 -> -16.176471 | R6: =O6/L6 -> 0.84722222 | T6: 0.33402778 | U6: 0.38402778 | V6: =(T6-U5)*24*60 -> 11 | W6: =(U6-T6)*24*60 -> 72 | AB6: =N6-K6 -> -275 | AC6: =N6/K6 -> 0.84722222
B7: =VLOOKUP(D7,廠價表!$C$1:$E$40,2,0) -> 義大利麵 | D7: 奶油培根義大利麵 | F7: =VLOOKUP(D7,廠價表!$C$1:$E$40,3,0) -> 49.14 | G7: 4077 | H7: =F7*G7 -> 200343.78 | J7: =VLOOKUP(D7,產線配置圖!$A$3:$C$39,2,0) -> 13 | K7: =VLOOKUP(D7,產線配置圖!$A$3:$C$39,3,0) -> 2000 | L7: =K7/J7 -> 153.84615 | M7: 13 | N7: =G7/W7*60 -> 1881.6923 | O7: =N7/M7 -> 144.74556 | P7: =M7-J7 -> 0 | Q7: =O7-L7 -> -9.1005917 | R7: =O7/L7 -> 0.94084615 | T7: 0.3875 | U7: 0.47777778 | V7: =(T7-U6)*24*60 -> 5 | W7: =(U7-T7)*24*60 -> 130 | AB7: =N7-K7 -> -118.30769 | AC7: =N7/K7 -> 0.94084615
B8: =VLOOKUP(D8,廠價表!$C$1:$E$40,2,0) -> 義大利麵 | D8: 奶油培根義大利麵 | F8: =VLOOKUP(D8,廠價表!$C$1:$E$40,3,0) -> 49.14 | G8: 1369 | H8: =F8*G8 -> 67272.66 | J8: =VLOOKUP(D8,產線配置圖!$A$3:$C$39,2,0) -> 13 | K8: =VLOOKUP(D8,產線配置圖!$A$3:$C$39,3,0) -> 2000 | L8: =K8/J8 -> 153.84615 | M8: 13 | N8: =G8/W8*60 -> 1676.3265 | O8: =N8/M8 -> 128.94819 | P8: =M8-J8 -> 0 | Q8: =O8-L8 -> -24.897959 | R8: =O8/L8 -> 0.83816327 | T8: 0.54027778 | U8: 0.57430556 | V8: =(T8-U7)*24*60 -> 90 | W8: =(U8-T8)*24*60 -> 49 | AB8: =N8-K8 -> -323.67347 | AC8: =N8/K8 -> 0.83816327
B9: =VLOOKUP(D9,廠價表!$C$1:$E$40,2,0) -> 義大利麵 | D9: 南洋紅咖哩豬義大利麵 | F9: =VLOOKUP(D9,廠價表!$C$1:$E$40,3,0) -> 56.43 | G9: 469 | H9: =F9*G9 -> 26465.67 | J9: =VLOOKUP(D9,產線配置圖!$A$3:$C$39,2,0) -> 15 | K9: =VLOOKUP(D9,產線配置圖!$A$3:$C$39,3,0) -> 1636 | L9: =K9/J9 -> 109.06667 | M9: 15 | N9: =G9/W9*60 -> 541.15385 | O9: =N9/M9 -> 36.076923 | P9: =M9-J9 -> 0 | Q9: =O9-L9 -> -72.989744 | R9: =O9/L9 -> 0.33077863 | T9: 0.58263889 | U9: 0.61875 | V9: =(T9-U8)*24*60 -> 12 | W9: =(U9-T9)*24*60 -> 52 | X9: 0.48958333 | Y9: 0.53125 | Z9: 生產數量少 | AB9: =N9-K9 -> -1094.8462 | AC9: =N9/K9 -> 0.33077863
W10: =(U10-T10)*24*60 -> 0
H11: =F11*G11 -> 0 | W11: =(U11-T11)*24*60 -> 0
H12: =F12*G12 -> 0 | W12: =(U12-T12)*24*60 -> 0
W13: =(U13-T13)*24*60 -> 0
W14: =(U14-T14)*24*60 -> 0
C15: 4度一組 | D15: 平均 | J15: =AVERAGE(J5:J14) -> 14.2 | K15: =AVERAGE(K5:K14) -> 1908.2 | L15: =AVERAGE(L5:L14) -> 136.91288 | M15: =AVERAGE(M5:M14) -> 14.2 | N15: =AVERAGE(N5:N14) -> 1476.7576 | O15: =AVERAGE(O5:O14) -> 106.96632 | P15: =M15-J15 -> 0 | Q15: =O15-L15 -> -29.946562 | R15: =O15/L15 -> 0.78127286 | AB15: =N15-K15 -> -431.44239 | AC15: =N15/K15 -> 0.77390086
A16: 自動二線 (ET-600) | B16: =VLOOKUP(D16,廠價表!$C$1:$E$40,2,0) -> 義大利麵 | D16: 白酒蛤蜊義大利麵 | F16: =VLOOKUP(D16,廠價表!$C$1:$E$40,3,0) -> 57.21 | G16: 1325 | H16: =F16*G16 -> 75803.25 | J16: =VLOOKUP(D16,產線配置圖!$A$3:$C$39,2,0) -> 13 | K16: =VLOOKUP(D16,產線配置圖!$A$3:$C$39,3,0) -> 2105 | L16: =K16/J16 -> 161.92308 | M16: 13 | N16: =G16/W16*60 -> 1691.4894 | O16: =N16/M16 -> 130.11457 | P16: =M16-J16 -> 0 | Q16: =O16-L16 -> -31.808511 | R16: =O16/L16 -> 0.80355789 | S16: =R26 -> 0.86875406 | T16: 0.29027778 | U16: 0.32291667 | W16: =(U16-T16)*24*60 -> 47 | AB16: =N16-K16 -> -413.51064 | AC16: =N16/K16 -> 0.80355789 | AD16: =AC26 -> 0.86876574
B17: =VLOOKUP(D17,廠價表!$C$1:$E$40,2,0) -> 義大利麵 | D17: 青醬蛤蜊義大利麵 | F17: =VLOOKUP(D17,廠價表!$C$1:$E$40,3,0) -> 50.67 | G17: 2808 | H17: =F17*G17 -> 142281.36 | J17: =VLOOKUP(D17,產線配置圖!$A$3:$C$39,2,0) -> 13 | K17: =VLOOKUP(D17,產線配置圖!$A$3:$C$39,3,0) -> 2000 | L17: =K17/J17 -> 153.84615 | M17: 13 | N17: =G17/W17*60 -> 1893.0337 | O17: =N17/M17 -> 145.61798 | P17: =M17-J17 -> 0 | Q17: =O17-L17 -> -8.2281763 | R17: =O17/L17 -> 0.94651685 | T17: 0.33333333 | U17: 0.39513889 | V17: =(T17-U16)*24*60 -> 15 | W17: =(U17-T17)*24*60 -> 89 | AB17: =N17-K17 -> -106.96629 | AC17: =N17/K17 -> 0.94651685
B18: =VLOOKUP(D18,廠價表!$C$1:$E$40,2,0) -> 義大利麵 | D18: 義式蕃茄起司義大利麵 | F18: =VLOOKUP(D18,廠價表!$C$1:$E$40,3,0) -> 50.39 | G18: 3101 | H18: =F18*G18 -> 156259.39 | J18: =VLOOKUP(D18,產線配置圖!$A$3:$C$39,2,0) -> 12 | K18: =VLOOKUP(D18,產線配置圖!$A$3:$C$39,3,0) -> 2000 | L18: =K18/J18 -> 166.66667 | M18: 12 | N18: =G18/W18*60 -> 1772 | O18: =N18/M18 -> 147.66667 | P18: =M18-J18 -> 0 | Q18: =O18-L18 -> -19 | R18: =O18/L18 -> 0.886 | T18: 0.40625 | U18: 0.47916667 | V18: =(T18-U17)*24*60 -> 16 | W18: =(U18-T18)*24*60 -> 105 | AB18: =N18-K18 -> -228 | AC18: =N18/K18 -> 0.886
B19: =VLOOKUP(D19,廠價表!$C$1:$E$40,2,0) -> 義大利麵 | D19: 義式蕃茄起司義大利麵 | F19: =VLOOKUP(D19,廠價表!$C$1:$E$40,3,0) -> 50.39 | G19: 2127 | H19: =F19*G19 -> 107179.53 | J19: =VLOOKUP(D19,產線配置圖!$A$3:$C$39,2,0) -> 12 | K19: =VLOOKUP(D19,產線配置圖!$A$3:$C$39,3,0) -> 2000 | L19: =K19/J19 -> 166.66667 | M19: 12 | N19: =G19/W19*60 -> 1701.6 | O19: =N19/M19 -> 141.8 | P19: =M19-J19 -> 0 | Q19: =O19-L19 -> -24.866667 | R19: =O19/L19 -> 0.8508 | T19: 0.54166667 | U19: 0.59375 | V19: =(T19-U18)*24*60 -> 90 | W19: =(U19-T19)*24*60 -> 75 | X19: 0.48958333 | Y19: 0.53125 | AB19: =N19-K19 -> -298.4 | AC19: =N19/K19 -> 0.8508
B20: =VLOOKUP(D20,廠價表!$C$1:$E$40,2,0) -> 義大利麵 | D20: 青醬蛤蜊義大利麵 | F20: =VLOOKUP(D20,廠價表!$C$1:$E$40,3,0) -> 50.67 | G20: 1520 | H20: =F20*G20 -> 77018.4 | J20: =VLOOKUP(D20,產線配置圖!$A$3:$C$39,2,0) -> 13 | K20: =VLOOKUP(D20,產線配置圖!$A$3:$C$39,3,0) -> 2000 | L20: =K20/J20 -> 153.84615 | M20: 13 | N20: =G20/W20*60 -> 1720.7547 | O20: =N20/M20 -> 132.36575 | P20: =M20-J20 -> 0 | Q20: =O20-L20 -> -21.480406 | R20: =O20/L20 -> 0.86037736 | T20: 0.60347222 | U20: 0.64027778 | V20: =(T20-U19)*24*60 -> 14 | W20: =(U20-T20)*24*60 -> 53 | AB20: =N20-K20 -> -279.24528 | AC20: =N20/K20 -> 0.86037736
W21: =(U21-T21)*24*60 -> 0
H22: =F22*G22 -> 0 | W22: 0
W23: =(U23-T23)*24*60 -> 0
H24: =F24*G24 -> 0 | W24: =(U24-T24)*24*60 -> 0
H25: =F25*G25 -> 0 | W25: =(U25-T25)*24*60 -> 0
C26: 4度二組A | D26: 平均 | J26: =AVERAGE(J16:J25) -> 12.6 | K26: =AVERAGE(K16:K25) -> 2021 | L26: =AVERAGE(L16:L25) -> 160.58974 | M26: =AVERAGE(M16:M25) -> 12.6 | N26: =AVERAGE(N16:N25) -> 1755.7756 | O26: =AVERAGE(O16:O25) -> 139.51299 | P26: =M26-J26 -> 0 | Q26: =O26-L26 -> -21.076752 | R26: =O26/L26 -> 0.86875406 | AB26: =N26-K26 -> -265.22444 | AC26: =N26/K26 -> 0.86876574
A27: 手工三線 (ET-55) | B27: 義大利麵 | D27: 青花椒麻雞肉拌麵 | F27: =VLOOKUP(D27,廠價表!$C$1:$E$40,3,0) -> 49.91 | G27: 1620 | H27: =F27*G27 -> 80854.2 | J27: =VLOOKUP(D27,產線配置圖!$A$3:$C$39,2,0) -> 17 | K27: =VLOOKUP(D27,產線配置圖!$A$3:$C$39,3,0) -> 1565 | L27: =K27/J27 -> 92.058824 | M27: 15 | N27: =G27/W27*60 -> 1262.3377 | O27: =N27/M27 -> 84.155844 | P27: =M27-J27 -> -2 | Q27: =O27-L27 -> -7.9029794 | R27: =O27/L27 -> 0.91415294 | S27: =R37 -> 0.9030151 | T27: 0.29166667 | U27: 0.34513889 | W27: =(U27-T27)*24*60 -> 77 | AB27: =N27-K27 -> -302.66234 | AC27: =N27/K27 -> 0.80660554 | AD27: =AC37 -> 0.85120961
B28: =VLOOKUP(D28,廠價表!$C$1:$E$40,2,0) -> 義大利麵 | D28: 奶油蒜香雞義大利麵 | F28: =VLOOKUP(D28,廠價表!$C$1:$E$40,3,0) -> 55.13 | G28: 1861 | H28: =F28*G28 -> 102596.93 | J28: =VLOOKUP(D28,產線配置圖!$A$3:$C$39,2,0) -> 18 | K28: =VLOOKUP(D28,產線配置圖!$A$3:$C$39,3,0) -> 1385 | L28: =K28/J28 -> 76.944444 | M28: 16 | N28: =G28/W28*60 -> 1063.4286 | O28: =N28/M28 -> 66.464286 | P28: =M28-J28 -> -2 | Q28: =O28-L28 -> -10.480159 | R28: =O28/L28 -> 0.86379577 | T28: 0.35416667 | U28: 0.42708333 | V28: =(T28-U27)*24*60 -> 13 | W28: =(U28-T28)*24*60 -> 105 | AB28: =N28-K28 -> -321.57143 | AC28: =N28/K28 -> 0.76781846
B29: =VLOOKUP(D29,廠價表!$C$1:$E$40,2,0) -> 義大利麵 | D29: 奶油起司蝦仁通心粉 | F29: =VLOOKUP(D29,廠價表!$C$1:$E$40,3,0) -> 47.71 | G29: 1367 | H29: =F29*G29 -> 65219.57 | J29: =VLOOKUP(D29,產線配置圖!$A$3:$C$39,2,0) -> 15 | K29: =VLOOKUP(D29,產線配置圖!$A$3:$C$39,3,0) -> 1500 | L29: =K29/J29 -> 100 | M29: 15 | N29: =G29/W29*60 -> 1281.5625 | O29: =N29/M29 -> 85.4375 | P29: =M29-J29 -> 0 | Q29: =O29-L29 -> -14.5625 | R29: =O29/L29 -> 0.854375 | T29: 0.43611111 | U29: 0.48055556 | V29: =(T29-U28)*24*60 -> 13 | W29: =(U29-T29)*24*60 -> 64 | AB29: =N29-K29 -> -218.4375 | AC29: =N29/K29 -> 0.854375
B30: =VLOOKUP(D30,廠價表!$C$1:$E$40,2,0) -> 義大利麵 | D30: 奶油起司蝦仁通心粉 | F30: =VLOOKUP(D30,廠價表!$C$1:$E$40,3,0) -> 47.71 | G30: 2769 | H30: =F30*G30 -> 132108.99 | J30: =VLOOKUP(D30,產線配置圖!$A$3:$C$39,2,0) -> 15 | K30: =VLOOKUP(D30,產線配置圖!$A$3:$C$39,3,0) -> 1500 | L30: =K30/J30 -> 100 | M30: 15 | N30: =G30/W30*60 -> 1457.3684 | O30: =N30/M30 -> 97.157895 | P30: =M30-J30 -> 0 | Q30: =O30-L30 -> -2.8421053 | R30: =O30/L30 -> 0.97157895 | T30: 0.53888889 | U30: 0.61805556 | V30: =(T30-U29)*24*60 -> 84 | W30: =(U30-T30)*24*60 -> 114 | X30: 0.48958333 | Y30: 0.53125 | AB30: =N30-K30 -> -42.631579 | AC30: =N30/K30 -> 0.97157895
W31: =(U31-T31)*24*60 -> 0
W32: =(U32-T32)*24*60 -> 0
H33: =F33*G33 -> 0 | W33: =(U33-T33)*24*60 -> 0
H34: =F34*G34 -> 0 | W34: =(U34-T34)*24*60 -> 0
H35: =F35*G35 -> 0 | W35: =(U35-T35)*24*60 -> 0
H36: =F36*G36 -> 0 | W36: =(U36-T36)*24*60 -> 0
C37: 4度二組B | D37: 平均 | J37: =AVERAGE(J27:J36) -> 16.25 | K37: =AVERAGE(K27:K36) -> 1487.5 | L37: =AVERAGE(L27:L36) -> 92.250817 | M37: =AVERAGE(M27:M36) -> 15.25 | N37: =AVERAGE(N27:N36) -> 1266.1743 | O37: =AVERAGE(O27:O36) -> 83.303881 | P37: =M37-J37 -> -1 | Q37: =N37-K37 -> -221.32571 | R37: =O37/L37 -> 0.9030151 | AB37: =N37-K37 -> -221.32571 | AC37: =N37/K37 -> 0.85120961
A38: 手工四線 (ET-55) | B38: 義大利麵 | D38: 焗烤明太子筆尖麵 | F38: =VLOOKUP(D38,廠價表!$C$1:$E$40,3,0) -> 57.3 | G38: 2334 | H38: =F38*G38 -> 133738.2 | J38: 16 | K38: 1500 | L38: =K38/J38 -> 93.75 | M38: 14 | N38: =G38/W38*60 -> 933.6 | O38: =N38/M38 -> 66.685714 | P38: =M38-J38 -> -2 | Q38: =O38-L38 -> -27.064286 | R38: =O38/L38 -> 0.71131429 | S38: =R48 -> 0.73684422 | T38: 0.29166667 | U38: 0.39583333 | W38: =(U38-T38)*24*60 -> 150 | Z38: L型封膜機異常 | AB38: =N38-K38 -> -566.4 | AC38: =N38/K38 -> 0.6224 | AD38: =AC48 -> 0.63178446
B39: 義大利麵 | D39: 濃拿坡里義大利麵 | F39: =VLOOKUP(D39,廠價表!$C$1:$E$40,3,0) -> 56.43 | G39: 1095 | H39: =F39*G39 -> 61790.85 | J39: 17 | K39: =VLOOKUP(D39,產線配置圖!$A$3:$C$39,3,0) -> 1406 | L39: =K39/J39 -> 82.705882 | M39: 13 | N39: =G39/W39*60 -> 811.11111 | O39: =N39/M39 -> 62.393162 | P39: =M39-J39 -> -4 | Q39: =O39-L39 -> -20.31272 | R39: =O39/L39 -> 0.75439812 | T39: 0.39930556 | U39: 0.45555556 | V39: =(T39-U38)*24*60 -> 5 | W39: =(U39-T39)*24*60 -> 81 | Z39: L型封膜機異常 | AB39: =N39-K39 -> -594.88889 | AC39: =N39/K39 -> 0.57689268
B40: 義大利麵 | D40: 南洋紅咖哩豬義大利麵 | F40: =VLOOKUP(D40,廠價表!$C$1:$E$40,3,0) -> 56.43 | G40: 838 | H40: =F40*G40 -> 47288.34 | J40: =VLOOKUP(D40,產線配置圖!$A$3:$C$39,2,0) -> 15 | K40: =VLOOKUP(D40,產線配置圖!$A$3:$C$39,3,0) -> 1636 | L40: =K40/J40 -> 109.06667 | M40: 13 | N40: =G40/W40*60 -> 1197.1429 | O40: =N40/M40 -> 92.087912 | P40: =M40-J40 -> -2 | Q40: =O40-L40 -> -16.978755 | R40: =O40/L40 -> 0.84432682 | T40: 0.46180556 | U40: 0.49097222 | V40: =(T40-U39)*24*60 -> 9 | W40: =(U40-T40)*24*60 -> 42 | AB40: =N40-K40 -> -438.85714 | AC40: =N40/K40 -> 0.73174991
B41: 義大利麵 | D41: 濃拿坡里義大利麵 | F41: =VLOOKUP(D41,廠價表!$C$1:$E$40,3,0) -> 56.43 | G41: 952 | H41: =F41*G41 -> 53721.36 | J41: =VLOOKUP(D41,產線配置圖!$A$3:$C$39,2,0) -> 15 | K41: =VLOOKUP(D41,產線配置圖!$A$3:$C$39,3,0) -> 1406 | L41: =K41/J41 -> 93.733333 | M41: 14 | N41: =G41/W41*60 -> 816 | O41: =N41/M41 -> 58.285714 | P41: =M41-J41 -> -1 | Q41: =O41-L41 -> -35.447619 | R41: =O41/L41 -> 0.62182483 | T41: 0.55555556 | U41: 0.60416667 | V41: =(T41-U40)*24*60 -> 93 | W41: =(U41-T41)*24*60 -> 70 | X41: 0.52777778 | Y41: 0.56944444 | Z41: L型封膜機異常、發現麵蟲全檢 | AB41: =N41-K41 -> -590 | AC41: =N41/K41 -> 0.58036984
W42: =(U42-T42)*24*60 -> 0
W43: =(U43-T43)*24*60 -> 0
H44: =F44*G44 -> 0 | W44: =(U44-T44)*24*60 -> 0
H45: =F45*G45 -> 0 | W45: =(U45-T45)*24*60 -> 0
H46: =F46*G46 -> 0 | W46: =(U46-T46)*24*60 -> 0
H47: =F47*G47 -> 0 | W47: =(U47-T47)*24*60 -> 0
C48: 4度二組C1 | D48: 平均 | J48: =AVERAGE(J38:J47) -> 15.75 | K48: =AVERAGE(K38:K47) -> 1487 | L48: =AVERAGE(L38:L47) -> 94.813971 | M48: =AVERAGE(M38:M47) -> 13.5 | N48: =AVERAGE(N38:N47) -> 939.46349 | O48: =AVERAGE(O38:O47) -> 69.863126 | P48: =M48-J48 -> -2.25 | Q48: =N48-K48 -> -547.53651 | R48: =O48/L48 -> 0.73684422 | W48: =(U48-T48)*24*60 -> 0 | AB48: =N48-K48 -> -547.53651 | AC48: =N48/K48 -> 0.63178446
A49: 手工五線 (ET-55) | B49: =VLOOKUP(D49,廠價表!$C$1:$E$40,2,0) -> 義大利麵 | D49: 剝皮辣椒雞奶油扁麵 | F49: =VLOOKUP(D49,廠價表!$C$1:$E$40,3,0) -> 56.87 | G49: 2114 | H49: =F49*G49 -> 120223.18 | J49: =VLOOKUP(D49,產線配置圖!$A$3:$C$39,2,0) -> 19 | K49: =VLOOKUP(D49,產線配置圖!$A$3:$C$39,3,0) -> 1565 | L49: =K49/J49 -> 82.368421 | M49: 18 | N49: =G49/W49*60 -> 1243.5294 | O49: =N49/M49 -> 69.084967 | P49: =M49-J49 -> -1 | Q49: =O49-L49 -> -13.283454 | R49: =O49/L49 -> 0.83873123 | S49: =R58 -> 0.9196967 | T49: 0.29166667 | U49: 0.3625 | W49: =(U49-T49)*24*60 -> 102 | AB49: =N49-K49 -> -321.47059 | AC49: =N49/K49 -> 0.79458748 | AD49: =AC58 -> 0.89472728
B50: =VLOOKUP(D50,廠價表!$C$1:$E$40,2,0) -> 熱乾麵 | D50: 青花椒麻雞肉拌麵 | F50: =VLOOKUP(D50,廠價表!$C$1:$E$40,3,0) -> 49.91 | G50: 1255 | H50: =F50*G50 -> 62637.05 | J50: =VLOOKUP(D50,產線配置圖!$A$3:$C$39,2,0) -> 17 | K50: =VLOOKUP(D50,產線配置圖!$A$3:$C$39,3,0) -> 1565 | L50: =K50/J50 -> 92.058824 | M50: 17 | N50: =G50/W50*60 -> 1344.6429 | O50: =N50/M50 -> 79.096639 | P50: =M50-J50 -> 0 | Q50: =O50-L50 -> -12.962185 | R50: =O50/L50 -> 0.85919671 | T50: 0.37013889 | U50: 0.40902778 | V50: =(T50-U49)*24*60 -> 11 | W50: =(U50-T50)*24*60 -> 56 | AB50: =N50-K50 -> -220.35714 | AC50: =N50/K50 -> 0.85919671
B51: =VLOOKUP(D51,廠價表!$C$1:$E$40,2,0) -> 義大利麵 | D51: 焗烤起司雙饗筆尖麵 | F51: =VLOOKUP(D51,廠價表!$C$1:$E$40,3,0) -> 49.97 | G51: 2267 | H51: =F51*G51 -> 113281.99 | J51: =VLOOKUP(D51,產線配置圖!$A$3:$C$39,2,0) -> 18 | K51: =VLOOKUP(D51,產線配置圖!$A$3:$C$39,3,0) -> 1600 | L51: =K51/J51 -> 88.888889 | M51: 18 | N51: =G51/W51*60 -> 1581.6279 | O51: =N51/M51 -> 87.868217 | P51: =M51-J51 -> 0 | Q51: =O51-L51 -> -1.0206718 | R51: =O51/L51 -> 0.98851744 | T51: 0.41597222 | U51: 0.47569444 | V51: =(T51-U50)*24*60 -> 10 | W51: =(U51-T51)*24*60 -> 86 | AB51: =N51-K51 -> -18.372093 | AC51: =N51/K51 -> 0.98851744
B52: =VLOOKUP(D52,廠價表!$C$1:$E$40,2,0) -> 義大利麵 | D52: 焗烤起司雙饗筆尖麵 | F52: =VLOOKUP(D52,廠價表!$C$1:$E$40,3,0) -> 49.97 | G52: 3386 | H52: =F52*G52 -> 169198.42 | J52: =VLOOKUP(D52,產線配置圖!$A$3:$C$39,2,0) -> 18 | K52: =VLOOKUP(D52,產線配置圖!$A$3:$C$39,3,0) -> 1600 | L52: =K52/J52 -> 88.888889 | M52: 17 | N52: =G52/W52*60 -> 1493.8235 | O52: =N52/M52 -> 87.871972 | P52: =M52-J52 -> -1 | Q52: =O52-L52 -> -1.0169166 | R52: =O52/L52 -> 0.98855969 | T52: 0.53472222 | U52: 0.62916667 | V52: =(T52-U51)*24*60 -> 85 | W52: =(U52-T52)*24*60 -> 136 | X52: 0.48958333 | Y52: 0.53125 | AB52: =N52-K52 -> -106.17647 | AC52: =N52/K52 -> 0.93363971
W53: =(U53-T53)*24*60 -> 0
H54: =F54*G54 -> 0 | W54: =(U54-T54)*24*60 -> 0
H55: =F55*G55 -> 0 | W55: =(U55-T55)*24*60 -> 0
H56: =F56*G56 -> 0 | W56: =(U56-T56)*24*60 -> 0
H57: =F57*G57 -> 0 | W57: =(U57-T57)*24*60 -> 0
C58: 4度二組C2 | D58: 平均 | J58: =AVERAGE(J49:J57) -> 18 | K58: =AVERAGE(K49:K57) -> 1582.5 | L58: =AVERAGE(L49:L57) -> 88.051256 | M58: =AVERAGE(M49:M57) -> 17.5 | N58: =AVERAGE(N49:N57) -> 1415.9059 | O58: =AVERAGE(O49:O57) -> 80.980449 | P58: =M58-J58 -> -0.5 | Q58: =N58-K58 -> -166.59407 | R58: =O58/L58 -> 0.9196967 | AB58: =N58-K58 -> -166.59407 | AC58: =N58/K58 -> 0.89472728
A59: 調理包一線 (八爪機) | B59: =VLOOKUP(D59,廠價表!$C$1:$E$40,2,0) -> 小吃、微波 | D59: 小滷青蔬 | F59: =VLOOKUP(D59,廠價表!$C$1:$E$40,3,0) -> 26.99 | G59: 4203 | H59: =F59*G59 -> 113438.97 | J59: =VLOOKUP(D59,產線配置圖!$A$3:$C$39,2,0) -> 13 | K59: =VLOOKUP(D59,產線配置圖!$A$3:$C$39,3,0) -> 1565 | L59: =K59/J59 -> 120.38462 | M59: 13 | N59: =G59/W59*60 -> 1556.6667 | O59: =N59/M59 -> 119.74359 | P59: =M59-J59 -> 0 | Q59: =O59-L59 -> -0.64102564 | R59: =O59/L59 -> 0.99467519 | S59: =R69 -> 0.91576016 | T59: 0.29027778 | U59: 0.40277778 | W59: =(U59-T59)*24*60 -> 162 | AB59: =N59-K59 -> -8.3333333 | AC59: =N59/K59 -> 0.99467519 | AD59: =AC69 -> 0.91727775
B60: =VLOOKUP(D60,廠價表!$C$1:$E$40,2,0) -> 小吃、微波 | D60: 起司馬鈴薯 | F60: =VLOOKUP(D60,廠價表!$C$1:$E$40,3,0) -> 28.26 | G60: 611 | H60: =F60*G60 -> 17266.86 | J60: =VLOOKUP(D60,產線配置圖!$A$3:$C$39,2,0) -> 12 | K60: =VLOOKUP(D60,產線配置圖!$A$3:$C$39,3,0) -> 1565 | L60: =K60/J60 -> 130.41667 | M60: 12 | N60: =G60/W60*60 -> 1357.7778 | O60: =N60/M60 -> 113.14815 | P60: =M60-J60 -> 0 | Q60: =O60-L60 -> -17.268519 | R60: =O60/L60 -> 0.86758963 | T60: 0.41180556 | U60: 0.43055556 | V60: =(T60-U59)*24*60 -> 13 | W60: =(U60-T60)*24*60 -> 27 | AB60: =N60-K60 -> -207.22222 | AC60: =N60/K60 -> 0.86758963
B61: =VLOOKUP(D61,廠價表!$C$1:$E$40,2,0) -> 小吃、微波 | D61: 台式綜合甜不辣 | F61: =VLOOKUP(D61,廠價表!$C$1:$E$40,3,0) -> 28.47 | G61: 1591 | H61: =F61*G61 -> 45295.77 | J61: =VLOOKUP(D61,產線配置圖!$A$3:$C$39,2,0) -> 12 | K61: =VLOOKUP(D61,產線配置圖!$A$3:$C$39,3,0) -> 1565 | L61: =K61/J61 -> 130.41667 | M61: 12 | N61: =G61/W61*60 -> 1363.7143 | O61: =N61/M61 -> 113.64286 | P61: =M61-J61 -> 0 | Q61: =O61-L61 -> -16.77381 | R61: =O61/L61 -> 0.87138293 | T61: 0.44791667 | U61: 0.49652778 | V61: =(T61-U60)*24*60 -> 25 | W61: =(U61-T61)*24*60 -> 70 | AB61: =N61-K61 -> -201.28571 | AC61: =N61/K61 -> 0.87138293
B62: =VLOOKUP(D62,廠價表!$C$1:$E$40,2,0) -> 小吃、微波 | D62: 起司馬鈴薯 | F62: =VLOOKUP(D62,廠價表!$C$1:$E$40,3,0) -> 28.26 | G62: 732 | H62: =F62*G62 -> 20686.32 | J62: =VLOOKUP(D62,產線配置圖!$A$3:$C$39,2,0) -> 12 | K62: =VLOOKUP(D62,產線配置圖!$A$3:$C$39,3,0) -> 1565 | L62: =K62/J62 -> 130.41667 | M62: 12 | N62: =G62/W62*60 -> 1464 | O62: =N62/M62 -> 122 | P62: =M62-J62 -> 0 | Q62: =O62-L62 -> -8.4166667 | R62: =O62/L62 -> 0.93546326 | T62: 0.54861111 | U62: 0.56944444 | W62: =(U62-T62)*24*60 -> 30 | AB62: =N62-K62 -> -101 | AC62: =N62/K62 -> 0.93546326
W63: =(U63-T63)*24*60 -> 0 | AB63: =N63-K63 -> 0 | AC63: =N63/K63 -> #DIV/0!
W64: =(U64-T64)*24*60 -> 0
W65: =(U65-T65)*24*60 -> 0
W66: =(U66-T66)*24*60 -> 0
H67: =F67*G67 -> 0 | W67: =(U67-T67)*24*60 -> 0
H68: =F68*G68 -> 0 | W68: =(U68-T68)*24*60 -> 0
C69: 4度三組 | D69: 平均 | J69: =AVERAGE(J59:J68) -> 12.25 | K69: =AVERAGE(K59:K68) -> 1565 | L69: =AVERAGE(L59:L68) -> 127.90865 | M69: =AVERAGE(M59:M68) -> 12.25 | N69: =AVERAGE(N59:N68) -> 1435.5397 | O69: =AVERAGE(O59:O68) -> 117.13365 | P69: =M69-J69 -> 0 | Q69: =N69-K69 -> -129.46032 | R69: =O69/L69 -> 0.91576016 | AB69: =N69-K69 -> -129.46032 | AC69: =N69/K69 -> 0.91727775
A70: 調理包二線 (手工) | S70: =R79 -> 0 | W70: =(U70-T70)*24*60 -> 0 | AB70: =N70-K70 -> 0 | AC70: =N70/K70 -> #DIV/0! | AD70: =AC79 -> #DIV/0!
W71: =(U71-T71)*24*60 -> 0
W72: =(U72-T72)*24*60 -> 0
W73: =(U73-T73)*24*60 -> 0
H74: =F74*G74 -> 0 | W74: =(U74-T74)*24*60 -> 0
H75: =F75*G75 -> 0 | W75: =(U75-T75)*24*60 -> 0
H76: =F76*G76 -> 0 | W76: =(U76-T76)*24*60 -> 0
H77: =F77*G77 -> 0 | W77: =(U77-T77)*24*60 -> 0
H78: =F78*G78 -> 0 | W78: =(U78-T78)*24*60 -> 0
C79: 4度四組 | D79: 平均 | J79: =AVERAGE(J70:J78) -> #DIV/0! | AB79: =N79-K79 -> 0 | AC79: =N79/K79 -> #DIV/0!
AF80: 1.當日出勤人數較多
AF81: 2.當日出勤人數較少
AF82: 3.當日出勤熟手較少
AF83: 4.當日出勤新人較多
AF84: 5.機台夾盒
AF85: 6.封膜不順
AF86: 7.更換膠膜
AF87: 8.更換碳帶
AF88: 9.當日熱轉印碳帶異常
AF89: 10.訂單量過少
AF90: 11.新品上市，尚未熟悉
AF91: 12.商品結構，產能較低
AF92: 13.區域出貨，分段生產

Sheet 1203總 
B1: 長家廠組合室生產人時性分析
B3: 日期 | D3: 45994 | F3: 訂單量 | G3: ='1203'!E1 -> 45862 | I3: 營業額 | J3: ='1203'!G1 -> 2223447.2
B4: 項目 | D4: 3 | F4: ➀ | H4: ➁ | J4: ③
B5: 人時性 | D5: 組合室 | F5: 全溫層 | H5: 義大利麵 | J5: 袋裝小吃、義麵
D6: 排關平均 | F6: =AVERAGE(D13:J13) -> 116.69565 | H6: =AVERAGE(D13:H13) -> 114.75401 | J6: =AVERAGE(I13:J13) -> 126.40385
D7: 實績平均 | F7: =AVERAGE(D14:J14) -> 90.85517 | H7: =AVERAGE(D14:H14) -> 89.849163 | J7: =AVERAGE(I14:J14) -> 95.885208
D8: 達成率平均 | F8: =AVERAGE(D15:J15) -> 0.77292091 | H8: =AVERAGE(D15:H15) -> 0.7757926 | J8: =AVERAGE(I15:J15) -> 0.75856242 | L8: ※現行日本鮮食廠以達成率80%為基本(即為現行KPI)
B10: 溫層 | D10: 4度C-各編組展開
B11: 編組 | D11: 1 | E11: 2 | F11: 3 | G11: 4 | H11: 5 | I11: 6 | J11: 7
D12: 自動1線 | E12: 自動2線 | F12: 手工3線 | G12: 手工4線 | H12: 手工5線 | I12: 調理包1線 | J12: 調理包2線
B13: 人時性 | C13: 排關 | D13: =VALUE('1203'!L15) -> 136.91288 | E13: =VALUE('1203'!L26) -> 162.27564 | F13: =VALUE('1203'!L37) -> 92.212418 | G13: =VALUE('1203'!L48) -> 94.317843 | H13: =VALUE('1203'!L58) -> 88.051256 | I13: =VALUE('1203'!L69) -> 126.40385
C14: 實績 | D14: =VALUE('1203'!O15) -> 97.725065 | E14: =VALUE('1203'!O26) -> 144.08491 | F14: =VALUE('1203'!O37) -> 62.117995 | G14: =VALUE('1203'!O48) -> 61.932876 | H14: =VALUE('1203'!O58) -> 83.384971 | I14: =VALUE('1203'!O69) -> 95.885208
C15: 達成率 | D15: =D14/D13 -> 0.71377554 | E15: =E14/E13 -> 0.88790226 | F15: =F14/F13 -> 0.67364023 | G15: =G14/G13 -> 0.65664008 | H15: =H14/H13 -> 0.9470049 | I15: =I14/I13 -> 0.75856242
B16: 作業 時間 | C16: 開始 | D16: ='1203'!T5 -> 0.29027778 | E16: ='1203'!T16 -> 0.29027778 | F16: ='1203'!T27 -> 0.29166667 | G16: ='1203'!T38 -> 0.33333333 | H16: ='1203'!T49 -> 0.29027778 | I16: ='1203'!T59 -> 0.29166667
C17: 結束 | D17: 0.70833333 | E17: 0.59583333 | F17: 0.64583333 | G17: 0.63680556 | H17: 0.63055556 | I17: 0.62152778
B18: 配置人數 | D18: =VALUE('1203'!M15) -> 14.2 | E18: =VALUE('1203'!M26) -> 12.5 | F18: =VALUE('1203'!M37) -> 15.4 | G18: =VALUE('1203'!M48) -> 15 | H18: =VALUE('1203'!M58) -> 16.5 | I18: =VALUE('1203'!M69) -> 12.4
B19: 主要應用設備 | D19: ET-600 | E19: ET-600 | F19: ET-55 | G19: ET-55 | H19: ET-55 | I19: 八爪機
B20: 次要應用設備 | H20: 封口機
B21: 備註

Sheet 1203
A1: 長家廠4度C日報分析 | D1: 總生產量 | E1: =SUM(G5:G79) -> 45862 | F1: 營業額 | G1: =SUM(H5:H79) -> 2223447.2 | H1: 出勤人數 | I1: =M15+M26+M48+M58+M69+M79+M37 -> 86 | J1: 產線配置圖 | M1: 生產實績 | P1: 人時性差異分析 | T1: 日報登錄 | Z1: 分析說明 | AB1: 產能差異分析
A2: 12月03日 星期三 | D2: 人時性 | E2: =AVERAGE(O15,O26,O37,O48,O58,O69,O79) -> 90.85517 | F2: 平均廠價 | G2: =G1/E1 -> 48.481253 | H2: 多次生產數 | I2: =COUNT(I5:I79) -> 0
A3: 線別 | B3: 品類 | D3: 品名 | F3: 廠價 | G3: 生產量 | H3: 營收 | I3: 多次 生產 | J3: 人數 | K3: 產能/時 | L3: 人時性 | M3: 人數 | N3: 產能/時 | O3: 人時性 | P3: 人數 | Q3: 人時性 | R3: 達成率 | S3: 達成率平均 | T3: 生產時間 | V3: 前置、換線時間/分 | W3: 稼動時間/分 | X3: 休息時間 | AB3: 產能/時 | AC3: 達成率 | AD3: 達成率平均
T4: 開始 | U4: 結束 | X4: 開始 | Y4: 結束
A5: 自動一線 (ET-600) | B5: =VLOOKUP(D5,廠價表!$C$1:$E$40,2,0) -> 義大利麵 | D5: 白酒蛤蜊義大利麵 | F5: =VLOOKUP(D5,廠價表!$C$1:$E$40,3,0) -> 57.21 | G5: 1421 | H5: =F5*G5 -> 81295.41 | J5: =VLOOKUP(D5,產線配置圖!$A$3:$C$39,2,0) -> 13 | K5: =VLOOKUP(D5,產線配置圖!$A$3:$C$39,3,0) -> 2105 | L5: =K5/J5 -> 161.92308 | M5: 13 | N5: =G5/W5*60 -> 1776.25 | O5: =N5/M5 -> 136.63462 | P5: =M5-J5 -> 0 | Q5: =O5-L5 -> -25.288462 | R5: =O5/L5 -> 0.84382423 | S5: =R15 -> 0.71377554 | T5: 0.29027778 | U5: 0.32361111 | W5: =(U5-T5)*24*60 -> 48 | AB5: =N5-K5 -> -328.75 | AC5: =N5/K5 -> 0.84382423 | AD5: =AC15 -> 0.71878282
B6: =VLOOKUP(D6,廠價表!$C$1:$E$40,2,0) -> 義大利麵 | D6: 韓式起司炸雞義大利麵 | F6: =VLOOKUP(D6,廠價表!$C$1:$E$40,3,0) -> 57.21 | G6: 1773 | H6: =F6*G6 -> 101433.33 | J6: =VLOOKUP(D6,產線配置圖!$A$3:$C$39,2,0) -> 17 | K6: 1800 | L6: =K6/J6 -> 105.88235 | M6: 17 | N6: =G6/W6*60 -> 1611.8182 | O6: =N6/M6 -> 94.812834 | P6: =M6-J6 -> 0 | Q6: =O6-L6 -> -11.069519 | R6: =O6/L6 -> 0.89545455 | T6: 0.33888889 | U6: 0.38472222 | V6: =(T6-U5)*24*60 -> 22 | W6: =(U6-T6)*24*60 -> 66 | AB6: =N6-K6 -> -188.18182 | AC6: =N6/K6 -> 0.89545455
B7: =VLOOKUP(D7,廠價表!$C$1:$E$40,2,0) -> 義大利麵 | D7: 奶油培根義大利麵 | F7: =VLOOKUP(D7,廠價表!$C$1:$E$40,3,0) -> 49.14 | G7: 1095 | H7: =F7*G7 -> 53808.3 | J7: =VLOOKUP(D7,產線配置圖!$A$3:$C$39,2,0) -> 13 | K7: =VLOOKUP(D7,產線配置圖!$A$3:$C$39,3,0) -> 2000 | L7: =K7/J7 -> 153.84615 | M7: 13 | N7: =G7/W7*60 -> 529.83871 | O7: =N7/M7 -> 40.756824 | P7: =M7-J7 -> 0 | Q7: =O7-L7 -> -113.08933 | R7: =O7/L7 -> 0.26491935 | T7: 0.39236111 | U7: 0.47847222 | V7: =(T7-U6)*24*60 -> 11 | W7: =(U7-T7)*24*60 -> 124 | Z7: 商品傾倒報廢2040 | AB7: =N7-K7 -> -1470.1613 | AC7: =N7/K7 -> 0.26491935
B8: =VLOOKUP(D8,廠價表!$C$1:$E$40,2,0) -> 義大利麵 | D8: 南洋紅咖哩豬義大利麵 | F8: =VLOOKUP(D8,廠價表!$C$1:$E$40,3,0) -> 56.43 | G8: 601 | H8: =F8*G8 -> 33914.43 | J8: =VLOOKUP(D8,產線配置圖!$A$3:$C$39,2,0) -> 15 | K8: =VLOOKUP(D8,產線配置圖!$A$3:$C$39,3,0) -> 1636 | L8: =K8/J8 -> 109.06667 | M8: 15 | N8: =G8/W8*60 -> 948.94737 | O8: =N8/M8 -> 63.263158 | P8: =M8-J8 -> 0 | Q8: =O8-L8 -> -45.803509 | R8: =O8/L8 -> 0.58004118 | T8: 0.59930556 | U8: 0.62569444 | V8: =(T8-U7)*24*60 -> 174 | W8: =(U8-T8)*24*60 -> 38 | Z8: 生產數量少 | AB8: =N8-K8 -> -687.05263 | AC8: =N8/K8 -> 0.58004118
B9: =VLOOKUP(D9,廠價表!$C$1:$E$40,2,0) -> 義大利麵 | D9: 奶油培根義大利麵 | F9: =VLOOKUP(D9,廠價表!$C$1:$E$40,3,0) -> 49.14 | G9: 3783 | H9: =F9*G9 -> 185896.62 | J9: =VLOOKUP(D9,產線配置圖!$A$3:$C$39,2,0) -> 13 | K9: =VLOOKUP(D9,產線配置圖!$A$3:$C$39,3,0) -> 2000 | L9: =K9/J9 -> 153.84615 | M9: 13 | N9: =G9/W9*60 -> 1991.0526 | O9: =N9/M9 -> 153.15789 | P9: =M9-J9 -> 0 | Q9: =O9-L9 -> -0.68825911 | R9: =O9/L9 -> 0.99552632 | T9: 0.62916667 | U9: 0.70833333 | V9: =(T9-U8)*24*60 -> 5 | W9: =(U9-T9)*24*60 -> 114 | X9: 0.48958333 | Y9: 0.53125 | AB9: =N9-K9 -> -8.9473684 | AC9: =N9/K9 -> 0.99552632
W10: =(U10-T10)*24*60 -> 0
H11: =F11*G11 -> 0 | W11: =(U11-T11)*24*60 -> 0
H12: =F12*G12 -> 0 | W12: =(U12-T12)*24*60 -> 0
W13: =(U13-T13)*24*60 -> 0
W14: =(U14-T14)*24*60 -> 0
C15: 4度一組 | D15: 平均 | J15: =AVERAGE(J5:J14) -> 14.2 | K15: =AVERAGE(K5:K14) -> 1908.2 | L15: =AVERAGE(L5:L14) -> 136.91288 | M15: =AVERAGE(M5:M14) -> 14.2 | N15: =AVERAGE(N5:N14) -> 1371.5814 | O15: =AVERAGE(O5:O14) -> 97.725065 | P15: =M15-J15 -> 0 | Q15: =O15-L15 -> -39.187816 | R15: =O15/L15 -> 0.71377554 | AB15: =N15-K15 -> -536.61862 | AC15: =N15/K15 -> 0.71878282
A16: 自動二線 (ET-600) | B16: =VLOOKUP(D16,廠價表!$C$1:$E$40,2,0) -> 義大利麵 | D16: 白酒蛤蜊義大利麵 | F16: =VLOOKUP(D16,廠價表!$C$1:$E$40,3,0) -> 57.21 | G16: 1195 | H16: =F16*G16 -> 68365.95 | J16: =VLOOKUP(D16,產線配置圖!$A$3:$C$39,2,0) -> 13 | K16: =VLOOKUP(D16,產線配置圖!$A$3:$C$39,3,0) -> 2105 | L16: =K16/J16 -> 161.92308 | M16: 13 | N16: =G16/W16*60 -> 1707.1429 | O16: =N16/M16 -> 131.31868 | P16: =M16-J16 -> 0 | Q16: =O16-L16 -> -30.604396 | R16: =O16/L16 -> 0.81099423 | S16: =R26 -> 0.88790226 | T16: 0.29027778 | U16: 0.31944444 | W16: =(U16-T16)*24*60 -> 42 | AB16: =N16-K16 -> -397.85714 | AC16: =N16/K16 -> 0.81099423 | AD16: =AC26 -> 0.88829901
B17: =VLOOKUP(D17,廠價表!$C$1:$E$40,2,0) -> 義大利麵 | D17: 青醬蛤蜊義大利麵 | F17: =VLOOKUP(D17,廠價表!$C$1:$E$40,3,0) -> 50.67 | G17: 3959 | H17: =F17*G17 -> 200602.53 | J17: =VLOOKUP(D17,產線配置圖!$A$3:$C$39,2,0) -> 13 | K17: =VLOOKUP(D17,產線配置圖!$A$3:$C$39,3,0) -> 2000 | L17: =K17/J17 -> 153.84615 | M17: 13 | N17: =G17/W17*60 -> 1979.5 | O17: =N17/M17 -> 152.26923 | P17: =M17-J17 -> 0 | Q17: =O17-L17 -> -1.5769231 | R17: =O17/L17 -> 0.98975 | T17: 0.32986111 | U17: 0.41319444 | V17: =(T17-U16)*24*60 -> 15 | W17: =(U17-T17)*24*60 -> 120 | AB17: =N17-K17 -> -20.5 | AC17: =N17/K17 -> 0.98975
B18: =VLOOKUP(D18,廠價表!$C$1:$E$40,2,0) -> 義大利麵 | D18: 義式蕃茄起司義大利麵 | F18: =VLOOKUP(D18,廠價表!$C$1:$E$40,3,0) -> 50.39 | G18: 2318 | H18: =F18*G18 -> 116804.02 | J18: =VLOOKUP(D18,產線配置圖!$A$3:$C$39,2,0) -> 12 | K18: =VLOOKUP(D18,產線配置圖!$A$3:$C$39,3,0) -> 2000 | L18: =K18/J18 -> 166.66667 | M18: 12 | N18: =G18/W18*60 -> 1696.0976 | O18: =N18/M18 -> 141.34146 | P18: =M18-J18 -> 0 | Q18: =O18-L18 -> -25.325203 | R18: =O18/L18 -> 0.84804878 | T18: 0.42152778 | U18: 0.47847222 | V18: =(T18-U17)*24*60 -> 12 | W18: =(U18-T18)*24*60 -> 82 | AB18: =N18-K18 -> -303.90244 | AC18: =N18/K18 -> 0.84804878
B19: =VLOOKUP(D19,廠價表!$C$1:$E$40,2,0) -> 義大利麵 | D19: 義式蕃茄起司義大利麵 | F19: =VLOOKUP(D19,廠價表!$C$1:$E$40,3,0) -> 50.39 | G19: 2362 | H19: =F19*G19 -> 119021.18 | J19: =VLOOKUP(D19,產線配置圖!$A$3:$C$39,2,0) -> 12 | K19: =VLOOKUP(D19,產線配置圖!$A$3:$C$39,3,0) -> 2000 | L19: =K19/J19 -> 166.66667 | M19: 12 | N19: =G19/W19*60 -> 1816.9231 | O19: =N19/M19 -> 151.41026 | P19: =M19-J19 -> 0 | Q19: =O19-L19 -> -15.25641 | R19: =O19/L19 -> 0.90846154 | T19: 0.54166667 | U19: 0.59583333 | V19: =(T19-U18)*24*60 -> 91 | W19: =(U19-T19)*24*60 -> 78 | X19: 0.48958333 | Y19: 0.53125 | AB19: =N19-K19 -> -183.07692 | AC19: =N19/K19 -> 0.90846154
W20: =(U20-T20)*24*60 -> 0 | AB20: =N20-K20 -> 0 | AC20: =N20/K20 -> #DIV/0!
W21: =(U21-T21)*24*60 -> 0
H22: =F22*G22 -> 0 | W22: 0
W23: =(U23-T23)*24*60 -> 0
H24: =F24*G24 -> 0 | W24: =(U24-T24)*24*60 -> 0
H25: =F25*G25 -> 0 | W25: =(U25-T25)*24*60 -> 0
C26: 4度二組A | D26: 平均 | J26: =AVERAGE(J16:J25) -> 12.5 | K26: =AVERAGE(K16:K25) -> 2026.25 | L26: =AVERAGE(L16:L25) -> 162.27564 | M26: =AVERAGE(M16:M25) -> 12.5 | N26: =AVERAGE(N16:N25) -> 1799.9159 | O26: =AVERAGE(O16:O25) -> 144.08491 | P26: =M26-J26 -> 0 | Q26: =O26-L26 -> -18.190733 | R26: =O26/L26 -> 0.88790226 | AB26: =N26-K26 -> -226.33413 | AC26: =N26/K26 -> 0.88829901
A27: 手工三線 (ET-55) | B27: =VLOOKUP(D27,廠價表!$C$1:$E$40,2,0) -> 熱乾麵 | D27: 青花椒麻雞肉拌麵 | F27: =VLOOKUP(D27,廠價表!$C$1:$E$40,3,0) -> 49.91 | G27: 750 | H27: =F27*G27 -> 37432.5 | J27: =VLOOKUP(D27,產線配置圖!$A$3:$C$39,2,0) -> 17 | K27: =VLOOKUP(D27,產線配置圖!$A$3:$C$39,3,0) -> 1565 | L27: =K27/J27 -> 92.058824 | M27: 15 | N27: =G27/W27*60 -> 900 | O27: =N27/M27 -> 60 | P27: =M27-J27 -> -2 | Q27: =O27-L27 -> -32.058824 | R27: =O27/L27 -> 0.65175719 | S27: =R37 -> 0.67364023 | T27: 0.29166667 | U27: 0.32638889 | W27: =(U27-T27)*24*60 -> 50 | Z27: 封口與熱轉印異常 | AB27: =N27-K27 -> -665 | AC27: =N27/K27 -> 0.57507987 | AD27: =AC37 -> 0.63906254
B28: =VLOOKUP(D28,廠價表!$C$1:$E$40,2,0) -> 義大利麵 | D28: 奶油蒜香雞義大利麵 | F28: =VLOOKUP(D28,廠價表!$C$1:$E$40,3,0) -> 55.13 | G28: 1873 | H28: =F28*G28 -> 103258.49 | J28: =VLOOKUP(D28,產線配置圖!$A$3:$C$39,2,0) -> 18 | K28: =VLOOKUP(D28,產線配置圖!$A$3:$C$39,3,0) -> 1385 | L28: =K28/J28 -> 76.944444 | M28: 16 | N28: =G28/W28*60 -> 928.76033 | O28: =N28/M28 -> 58.047521 | P28: =M28-J28 -> -2 | Q28: =O28-L28 -> -18.896924 | R28: =O28/L28 -> 0.75440821 | T28: 0.33194444 | U28: 0.41597222 | V28: =(T28-U27)*24*60 -> 8 | W28: =(U28-T28)*24*60 -> 121 | Z28: 封口與熱轉印異常 | AB28: =N28-K28 -> -456.23967 | AC28: =N28/K28 -> 0.67058508
B29: =VLOOKUP(D29,廠價表!$C$1:$E$40,2,0) -> 熱乾麵 | D29: 青花椒麻雞肉拌麵 | F29: =VLOOKUP(D29,廠價表!$C$1:$E$40,3,0) -> 49.91 | G29: 283 | H29: =F29*G29 -> 14124.53 | J29: =VLOOKUP(D29,產線配置圖!$A$3:$C$39,2,0) -> 17 | K29: =VLOOKUP(D29,產線配置圖!$A$3:$C$39,3,0) -> 1565 | L29: =K29/J29 -> 92.058824 | M29: 15 | N29: =G29/W29*60 -> 369.13043 | O29: =N29/M29 -> 24.608696 | P29: =M29-J29 -> -2 | Q29: =O29-L29 -> -67.450128 | R29: =O29/L29 -> 0.2673149 | T29: 0.42361111 | U29: 0.45555556 | V29: =(T29-U28)*24*60 -> 11 | W29: =(U29-T29)*24*60 -> 46 | Z29: 製作與補封膜(第一次生產封口異常) | AB29: =N29-K29 -> -1195.8696 | AC29: =N29/K29 -> 0.23586609
B30: =VLOOKUP(D30,廠價表!$C$1:$E$40,2,0) -> 義大利麵 | D30: 奶油起司蝦仁通心粉 | F30: =VLOOKUP(D30,廠價表!$C$1:$E$40,3,0) -> 47.71 | G30: 1193 | H30: =F30*G30 -> 56918.03 | J30: =VLOOKUP(D30,產線配置圖!$A$3:$C$39,2,0) -> 15 | K30: =VLOOKUP(D30,產線配置圖!$A$3:$C$39,3,0) -> 1500 | L30: =K30/J30 -> 100 | M30: 15 | N30: =G30/W30*60 -> 1234.1379 | O30: =N30/M30 -> 82.275862 | P30: =M30-J30 -> 0 | Q30: =O30-L30 -> -17.724138 | R30: =O30/L30 -> 0.82275862 | T30: 0.46388889 | U30: 0.50416667 | V30: =(T30-U29)*24*60 -> 12 | W30: =(U30-T30)*24*60 -> 58 | X30: 0.48958333 | Y30: 0.53125 | AB30: =N30-K30 -> -265.86207 | AC30: =N30/K30 -> 0.82275862
B31: =VLOOKUP(D31,廠價表!$C$1:$E$40,2,0) -> 義大利麵 | D31: 奶油起司蝦仁通心粉 | F31: =VLOOKUP(D31,廠價表!$C$1:$E$40,3,0) -> 47.71 | G31: 2604 | H31: =F31*G31 -> 124236.84 | J31: =VLOOKUP(D31,產線配置圖!$A$3:$C$39,2,0) -> 15 | K31: =VLOOKUP(D31,產線配置圖!$A$3:$C$39,3,0) -> 1500 | L31: =K31/J31 -> 100 | M31: 16 | N31: =G31/W31*60 -> 1370.5263 | O31: =N31/M31 -> 85.657895 | P31: =M31-J31 -> 1 | Q31: =O31-L31 -> -14.342105 | R31: =O31/L31 -> 0.85657895 | T31: 0.56666667 | U31: 0.64583333 | W31: =(U31-T31)*24*60 -> 114
W32: =(U32-T32)*24*60 -> 0
H33: =F33*G33 -> 0 | W33: =(U33-T33)*24*60 -> 0
H34: =F34*G34 -> 0 | W34: =(U34-T34)*24*60 -> 0
H35: =F35*G35 -> 0 | W35: =(U35-T35)*24*60 -> 0
H36: =F36*G36 -> 0 | W36: =(U36-T36)*24*60 -> 0
C37: 4度二組B | D37: 平均 | J37: =AVERAGE(J27:J36) -> 16.4 | K37: =AVERAGE(K27:K36) -> 1503 | L37: =AVERAGE(L27:L36) -> 92.212418 | M37: =AVERAGE(M27:M36) -> 15.4 | N37: =AVERAGE(N27:N36) -> 960.511 | O37: =AVERAGE(O27:O36) -> 62.117995 | P37: =M37-J37 -> -1 | Q37: =N37-K37 -> -542.489 | R37: =O37/L37 -> 0.67364023 | AB37: =N37-K37 -> -542.489 | AC37: =N37/K37 -> 0.63906254
A38: 手工四線 (ET-55) | B38: 義大利麵 | D38: 焗烤明太子筆尖麵 | F38: =VLOOKUP(D38,廠價表!$C$1:$E$40,3,0) -> 57.3 | G38: 1658 | H38: =F38*G38 -> 95003.4 | J38: 16 | K38: 1500 | L38: =K38/J38 -> 93.75 | M38: 15 | N38: =G38/W38*60 -> 912.66055 | O38: =N38/M38 -> 60.844037 | P38: =M38-J38 -> -1 | Q38: =O38-L38 -> -32.905963 | R38: =O38/L38 -> 0.64900306 | S38: =R48 -> 0.65664008 | T38: 0.33333333 | U38: 0.40902778 | W38: =(U38-T38)*24*60 -> 109 | Z38: L型封膜機異常 | AB38: =N38-K38 -> -587.33945 | AC38: =N38/K38 -> 0.60844037 | AD38: =AC48 -> 0.63343321
B39: 義大利麵 | D39: 濃拿坡里義大利麵 | F39: =VLOOKUP(D39,廠價表!$C$1:$E$40,3,0) -> 56.43 | G39: 1079 | H39: =F39*G39 -> 60887.97 | J39: 17 | K39: =VLOOKUP(D39,產線配置圖!$A$3:$C$39,3,0) -> 1406 | L39: =K39/J39 -> 82.705882 | M39: 15 | N39: =G39/W39*60 -> 924.85714 | O39: =N39/M39 -> 61.657143 | P39: =M39-J39 -> -2 | Q39: =O39-L39 -> -21.048739 | R39: =O39/L39 -> 0.74549888 | T39: 0.41666667 | U39: 0.46527778 | V39: =(T39-U38)*24*60 -> 11 | W39: =(U39-T39)*24*60 -> 70 | Z39: L型封膜機異常 | AB39: =N39-K39 -> -481.14286 | AC39: =N39/K39 -> 0.65779313
B40: 義大利麵 | D40: 南洋紅咖哩豬義大利麵 | F40: =VLOOKUP(D40,廠價表!$C$1:$E$40,3,0) -> 56.43 | G40: 884 | H40: =F40*G40 -> 49884.12 | J40: =VLOOKUP(D40,產線配置圖!$A$3:$C$39,2,0) -> 15 | K40: =VLOOKUP(D40,產線配置圖!$A$3:$C$39,3,0) -> 1636 | L40: =K40/J40 -> 109.06667 | M40: 15 | N40: =G40/W40*60 -> 982.22222 | O40: =N40/M40 -> 65.481481 | P40: =M40-J40 -> 0 | Q40: =O40-L40 -> -43.585185 | R40: =O40/L40 -> 0.60038033 | T40: 0.47291667 | U40: 0.51041667 | V40: =(T40-U39)*24*60 -> 11 | W40: =(U40-T40)*24*60 -> 54 | Z40: 生產數量少 | AB40: =N40-K40 -> -653.77778 | AC40: =N40/K40 -> 0.60038033
B41: 義大利麵 | D41: 濃拿坡里義大利麵 | F41: =VLOOKUP(D41,廠價表!$C$1:$E$40,3,0) -> 56.43 | G41: 954 | H41: =F41*G41 -> 53834.22 | J41: =VLOOKUP(D41,產線配置圖!$A$3:$C$39,2,0) -> 15 | K41: =VLOOKUP(D41,產線配置圖!$A$3:$C$39,3,0) -> 1406 | L41: =K41/J41 -> 93.733333 | M41: 15 | N41: =G41/W41*60 -> 923.22581 | O41: =N41/M41 -> 61.548387 | P41: =M41-J41 -> 0 | Q41: =O41-L41 -> -32.184946 | R41: =O41/L41 -> 0.65663286 | T41: 0.56597222 | U41: 0.60902778 | V41: =(T41-U40)*24*60 -> 80 | W41: =(U41-T41)*24*60 -> 62 | X41: 0.52777778 | Y41: 0.56944444 | Z41: L型封膜機異常 | AB41: =N41-K41 -> -482.77419 | AC41: =N41/K41 -> 0.65663286
B42: 義大利麵 | D42: 焗烤明太子筆尖麵 | F42: =VLOOKUP(D42,廠價表!$C$1:$E$40,3,0) -> 57.3 | G42: 451 | H42: =F42*G42 -> 25842.3 | J42: =VLOOKUP(D42,產線配置圖!$A$3:$C$39,2,0) -> 15 | K42: =VLOOKUP(D42,產線配置圖!$A$3:$C$39,3,0) -> 1385 | L42: =K42/J42 -> 92.333333 | M42: 15 | N42: =G42/W42*60 -> 902 | O42: =N42/M42 -> 60.133333 | P42: =M42-J42 -> 0 | Q42: =O42-L42 -> -32.2 | R42: =O42/L42 -> 0.65126354 | T42: 0.61597222 | U42: 0.63680556 | W42: =(U42-T42)*24*60 -> 30 | Z42: L型封膜機異常
W43: =(U43-T43)*24*60 -> 0
H44: =F44*G44 -> 0 | W44: =(U44-T44)*24*60 -> 0
H45: =F45*G45 -> 0 | W45: =(U45-T45)*24*60 -> 0
H46: =F46*G46 -> 0 | W46: =(U46-T46)*24*60 -> 0
H47: =F47*G47 -> 0 | W47: =(U47-T47)*24*60 -> 0
C48: 4度二組C1 | D48: 平均 | J48: =AVERAGE(J38:J47) -> 15.6 | K48: =AVERAGE(K38:K47) -> 1466.6 | L48: =AVERAGE(L38:L47) -> 94.317843 | M48: =AVERAGE(M38:M47) -> 15 | N48: =AVERAGE(N38:N47) -> 928.99314 | O48: =AVERAGE(O38:O47) -> 61.932876 | P48: =M48-J48 -> -0.6 | Q48: =N48-K48 -> -537.60686 | R48: =O48/L48 -> 0.65664008 | W48: =(U48-T48)*24*60 -> 0 | AB48: =N48-K48 -> -537.60686 | AC48: =N48/K48 -> 0.63343321
A49: 手工五線 (ET-55) | B49: =VLOOKUP(D49,廠價表!$C$1:$E$40,2,0) -> 義大利麵 | D49: 剝皮辣椒雞奶油扁麵 | F49: =VLOOKUP(D49,廠價表!$C$1:$E$40,3,0) -> 56.87 | G49: 2121 | H49: =F49*G49 -> 120621.27 | J49: =VLOOKUP(D49,產線配置圖!$A$3:$C$39,2,0) -> 19 | K49: =VLOOKUP(D49,產線配置圖!$A$3:$C$39,3,0) -> 1565 | L49: =K49/J49 -> 82.368421 | M49: 17 | N49: =G49/W49*60 -> 1311.9588 | O49: =N49/M49 -> 77.174045 | P49: =M49-J49 -> -2 | Q49: =O49-L49 -> -5.1943762 | R49: =O49/L49 -> 0.93693729 | S49: =R58 -> 0.9470049 | T49: 0.29027778 | U49: 0.35763889 | W49: =(U49-T49)*24*60 -> 97 | AB49: =N49-K49 -> -253.04124 | AC49: =N49/K49 -> 0.83831231 | AD49: =AC58 -> 0.86903537
B50: =VLOOKUP(D50,廠價表!$C$1:$E$40,2,0) -> 義大利麵 | D50: 焗烤起司雙饗筆尖麵 | F50: =VLOOKUP(D50,廠價表!$C$1:$E$40,3,0) -> 49.97 | G50: 3310 | H50: =F50*G50 -> 165400.7 | J50: =VLOOKUP(D50,產線配置圖!$A$3:$C$39,2,0) -> 18 | K50: =VLOOKUP(D50,產線配置圖!$A$3:$C$39,3,0) -> 1600 | L50: =K50/J50 -> 88.888889 | M50: 17 | N50: =G50/W50*60 -> 1482.0896 | O50: =N50/M50 -> 87.181738 | P50: =M50-J50 -> -1 | Q50: =O50-L50 -> -1.7071505 | R50: =O50/L50 -> 0.98079456 | T50: 0.36527778 | U50: 0.45833333 | V50: =(T50-U49)*24*60 -> 11 | W50: =(U50-T50)*24*60 -> 134 | AB50: =N50-K50 -> -117.91045 | AC50: =N50/K50 -> 0.92630597
B51: =VLOOKUP(D51,廠價表!$C$1:$E$40,2,0) -> 義大利麵 | D51: 焗烤起司雙饗筆尖麵 | F51: =VLOOKUP(D51,廠價表!$C$1:$E$40,3,0) -> 49.97 | G51: 1516 | H51: =F51*G51 -> 75754.52 | J51: =VLOOKUP(D51,產線配置圖!$A$3:$C$39,2,0) -> 18 | K51: =VLOOKUP(D51,產線配置圖!$A$3:$C$39,3,0) -> 1600 | L51: =K51/J51 -> 88.888889 | M51: 16 | N51: =G51/W51*60 -> 1399.3846 | O51: =N51/M51 -> 87.461538 | P51: =M51-J51 -> -2 | Q51: =O51-L51 -> -1.4273504 | R51: =O51/L51 -> 0.98394231 | T51: 0.52083333 | U51: 0.56597222 | V51: =(T51-U50)*24*60 -> 90 | W51: =(U51-T51)*24*60 -> 65 | AB51: =N51-K51 -> -200.61538 | AC51: =N51/K51 -> 0.87461538
B52: =VLOOKUP(D52,廠價表!$C$1:$E$40,2,0) -> 熱乾麵 | D52: 青花椒麻雞肉拌麵 | F52: =VLOOKUP(D52,廠價表!$C$1:$E$40,3,0) -> 49.91 | G52: 1787 | H52: =F52*G52 -> 89189.17 | J52: =VLOOKUP(D52,產線配置圖!$A$3:$C$39,2,0) -> 17 | K52: =VLOOKUP(D52,產線配置圖!$A$3:$C$39,3,0) -> 1565 | L52: =K52/J52 -> 92.058824 | M52: 16 | N52: =G52/W52*60 -> 1307.561 | O52: =N52/M52 -> 81.722561 | P52: =M52-J52 -> -1 | Q52: =O52-L52 -> -10.336263 | R52: =O52/L52 -> 0.88772111 | T52: 0.57361111 | U52: 0.63055556 | V52: =(T52-U51)*24*60 -> 11 | W52: =(U52-T52)*24*60 -> 82 | X52: 0.48958333 | Y52: 0.53125 | AB52: =N52-K52 -> -257.43902 | AC52: =N52/K52 -> 0.83550222
W53: =(U53-T53)*24*60 -> 0
H54: =F54*G54 -> 0 | W54: =(U54-T54)*24*60 -> 0
H55: =F55*G55 -> 0 | W55: =(U55-T55)*24*60 -> 0
H56: =F56*G56 -> 0 | W56: =(U56-T56)*24*60 -> 0
H57: =F57*G57 -> 0 | W57: =(U57-T57)*24*60 -> 0
C58: 4度二組C2 | D58: 平均 | J58: =AVERAGE(J49:J57) -> 18 | K58: =AVERAGE(K49:K57) -> 1582.5 | L58: =AVERAGE(L49:L57) -> 88.051256 | M58: =AVERAGE(M49:M57) -> 16.5 | N58: =AVERAGE(N49:N57) -> 1375.2485 | O58: =AVERAGE(O49:O57) -> 83.384971 | P58: =M58-J58 -> -1.5 | Q58: =N58-K58 -> -207.25152 | R58: =O58/L58 -> 0.9470049 | AB58: =N58-K58 -> -207.25152 | AC58: =N58/K58 -> 0.86903537
A59: 調理包一線 (八爪機) | B59: =VLOOKUP(D59,廠價表!$C$1:$E$40,2,0) -> 小吃、微波 | D59: 小滷青蔬 | F59: =VLOOKUP(D59,廠價表!$C$1:$E$40,3,0) -> 26.99 | G59: 2483 | H59: =F59*G59 -> 67016.17 | J59: =VLOOKUP(D59,產線配置圖!$A$3:$C$39,2,0) -> 13 | K59: =VLOOKUP(D59,產線配置圖!$A$3:$C$39,3,0) -> 1565 | L59: =K59/J59 -> 120.38462 | M59: 13 | N59: =G59/W59*60 -> 1241.5 | O59: =N59/M59 -> 95.5 | P59: =M59-J59 -> 0 | Q59: =O59-L59 -> -24.884615 | R59: =O59/L59 -> 0.79329073 | S59: =R69 -> 0.75856242 | T59: 0.29166667 | U59: 0.375 | W59: =(U59-T59)*24*60 -> 120 | Z59: 高麗菜溫度未達 | AB59: =N59-K59 -> -323.5 | AC59: =N59/K59 -> 0.79329073 | AD59: =AC69 -> 0.75991694
B60: =VLOOKUP(D60,廠價表!$C$1:$E$40,2,0) -> 小吃、微波 | D60: 台式綜合甜不辣 | F60: =VLOOKUP(D60,廠價表!$C$1:$E$40,3,0) -> 28.47 | G60: 627 | H60: =F60*G60 -> 17850.69 | J60: =VLOOKUP(D60,產線配置圖!$A$3:$C$39,2,0) -> 12 | K60: =VLOOKUP(D60,產線配置圖!$A$3:$C$39,3,0) -> 1565 | L60: =K60/J60 -> 130.41667 | M60: 12 | N60: =G60/W60*60 -> 1074.8571 | O60: =N60/M60 -> 89.571429 | P60: =M60-J60 -> 0 | Q60: =O60-L60 -> -40.845238 | R60: =O60/L60 -> 0.68680968 | T60: 0.39236111 | U60: 0.41666667 | V60: =(T60-U59)*24*60 -> 25 | W60: =(U60-T60)*24*60 -> 35 | Z60: 生產數量少 | AB60: =N60-K60 -> -490.14286 | AC60: =N60/K60 -> 0.68680968
B61: =VLOOKUP(D61,廠價表!$C$1:$E$40,2,0) -> 小吃、微波 | D61: 起司馬鈴薯 | F61: =VLOOKUP(D61,廠價表!$C$1:$E$40,3,0) -> 28.26 | G61: 1526 | H61: =F61*G61 -> 43124.76 | J61: =VLOOKUP(D61,產線配置圖!$A$3:$C$39,2,0) -> 12 | K61: =VLOOKUP(D61,產線配置圖!$A$3:$C$39,3,0) -> 1565 | L61: =K61/J61 -> 130.41667 | M61: 12 | N61: =G61/W61*60 -> 1220.8 | O61: =N61/M61 -> 101.73333 | P61: =M61-J61 -> 0 | Q61: =O61-L61 -> -28.683333 | R61: =O61/L61 -> 0.7800639 | T61: 0.42708333 | U61: 0.47916667 | V61: =(T61-U60)*24*60 -> 15 | W61: =(U61-T61)*24*60 -> 75 | Z61: 馬鈴薯溫度未達 | AB61: =N61-K61 -> -344.2 | AC61: =N61/K61 -> 0.7800639
B62: =VLOOKUP(D62,廠價表!$C$1:$E$40,2,0) -> 小吃、微波 | D62: 起司馬鈴薯 | F62: =VLOOKUP(D62,廠價表!$C$1:$E$40,3,0) -> 28.26 | G62: 816 | H62: =F62*G62 -> 23060.16 | J62: =VLOOKUP(D62,產線配置圖!$A$3:$C$39,2,0) -> 12 | K62: =VLOOKUP(D62,產線配置圖!$A$3:$C$39,3,0) -> 1565 | L62: =K62/J62 -> 130.41667 | M62: 12 | N62: =G62/W62*60 -> 1138.6047 | O62: =N62/M62 -> 94.883721 | P62: =M62-J62 -> 0 | Q62: =O62-L62 -> -35.532946 | R62: =O62/L62 -> 0.72754291 | T62: 0.53125 | U62: 0.56111111 | V62: =(T62-U61)*24*60 -> 75 | W62: =(U62-T62)*24*60 -> 43 | Z62: 生產數量少 | AB62: =N62-K62 -> -426.39535 | AC62: =N62/K62 -> 0.72754291
B63: =VLOOKUP(D63,廠價表!$C$1:$E$40,2,0) -> 小吃、微波 | D63: 小滷青蔬 | F63: =VLOOKUP(D63,廠價表!$C$1:$E$40,3,0) -> 26.99 | G63: 1440 | H63: =F63*G63 -> 38865.6 | J63: =VLOOKUP(D63,產線配置圖!$A$3:$C$39,2,0) -> 13 | K63: =VLOOKUP(D63,產線配置圖!$A$3:$C$39,3,0) -> 1565 | L63: =K63/J63 -> 120.38462 | M63: 13 | N63: =G63/W63*60 -> 1270.5882 | O63: =N63/M63 -> 97.737557 | P63: =M63-J63 -> 0 | Q63: =O63-L63 -> -22.647059 | R63: =O63/L63 -> 0.81187747 | T63: 0.57291667 | U63: 0.62013889 | V63: =(T63-U62)*24*60 -> 17 | W63: =(U63-T63)*24*60 -> 68 | AB63: =N63-K63 -> -294.41176 | AC63: =N63/K63 -> 0.81187747
W64: =(U64-T64)*24*60 -> 0
W65: =(U65-T65)*24*60 -> 0
W66: =(U66-T66)*24*60 -> 0
H67: =F67*G67 -> 0 | W67: =(U67-T67)*24*60 -> 0
H68: =F68*G68 -> 0 | W68: =(U68-T68)*24*60 -> 0
C69: 4度三組 | D69: 平均 | J69: =AVERAGE(J59:J68) -> 12.4 | K69: =AVERAGE(K59:K68) -> 1565 | L69: =AVERAGE(L59:L68) -> 126.40385 | M69: =AVERAGE(M59:M68) -> 12.4 | N69: =AVERAGE(N59:N68) -> 1189.27 | O69: =AVERAGE(O59:O68) -> 95.885208 | P69: =M69-J69 -> 0 | Q69: =N69-K69 -> -375.72999 | R69: =O69/L69 -> 0.75856242 | AB69: =N69-K69 -> -375.72999 | AC69: =N69/K69 -> 0.75991694
A70: 調理包二線 (手工) | S70: =R79 -> 0 | W70: =(U70-T70)*24*60 -> 0 | AB70: =N70-K70 -> 0 | AC70: =N70/K70 -> #DIV/0! | AD70: =AC79 -> #DIV/0!
W71: =(U71-T71)*24*60 -> 0
W72: =(U72-T72)*24*60 -> 0
W73: =(U73-T73)*24*60 -> 0
H74: =F74*G74 -> 0 | W74: =(U74-T74)*24*60 -> 0
H75: =F75*G75 -> 0 | W75: =(U75-T75)*24*60 -> 0
H76: =F76*G76 -> 0 | W76: =(U76-T76)*24*60 -> 0
H77: =F77*G77 -> 0 | W77: =(U77-T77)*24*60 -> 0
H78: =F78*G78 -> 0 | W78: =(U78-T78)*24*60 -> 0
C79: 4度四組 | D79: 平均 | J79: =AVERAGE(J70:J78) -> #DIV/0! | AB79: =N79-K79 -> 0 | AC79: =N79/K79 -> #DIV/0!
AF80: 1.當日出勤人數較多
AF81: 2.當日出勤人數較少
AF82: 3.當日出勤熟手較少
AF83: 4.當日出勤新人較多
AF84: 5.機台夾盒
AF85: 6.封膜不順
AF86: 7.更換膠膜
AF87: 8.更換碳帶
AF88: 9.當日熱轉印碳帶異常
AF89: 10.訂單量過少
AF90: 11.新品上市，尚未熟悉
AF91: 12.商品結構，產能較低
AF92: 13.區域出貨，分段生產

Sheet 1204總
B1: 長家廠組合室生產人時性分析
B3: 日期 | D3: 45995 | F3: 訂單量 | G3: ='1204'!E1 -> 44569 | I3: 營業額 | J3: ='1204'!G1 -> 2165820.2
B4: 項目 | D4: 3 | F4: ➀ | H4: ➁ | J4: ③
B5: 人時性 | D5: 組合室 | F5: 全溫層 | H5: 義大利麵 | J5: 袋裝小吃、義麵
D6: 排關平均 | F6: =AVERAGE(D13:J13) -> 117.33743 | H6: =AVERAGE(D13:H13) -> 115.72479 | J6: =AVERAGE(I13:J13) -> 125.40064
D7: 實績平均 | F7: =AVERAGE(D14:J14) -> 100.17318 | H7: =AVERAGE(D14:H14) -> 97.820456 | J7: =AVERAGE(I14:J14) -> 111.93677
D8: 達成率平均 | F8: =AVERAGE(D15:J15) -> 0.85210476 | H8: =AVERAGE(D15:H15) -> 0.84399907 | J8: =AVERAGE(I15:J15) -> 0.89263319 | L8: ※現行日本鮮食廠以達成率80%為基本(即為現行KPI)
B10: 溫層 | D10: 4度C-各編組展開
B11: 編組 | D11: 1 | E11: 2 | F11: 3 | G11: 4 | H11: 5 | I11: 6 | J11: 7
D12: 自動1線 | E12: 自動2線 | F12: 手工3線 | G12: 手工4線 | H12: 手工5線 | I12: 調理包1線 | J12: 調理包2線
B13: 人時性 | C13: 排關 | D13: =VALUE('1204'!L15) -> 136.91288 | E13: =VALUE('1204'!L26) -> 162.27564 | F13: =VALUE('1204'!L37) -> 92.250817 | G13: =VALUE('1204'!L48) -> 99.133333 | H13: =VALUE('1204'!L58) -> 88.051256 | I13: =VALUE('1204'!L69) -> 125.40064
C14: 實績 | D14: =VALUE('1204'!O15) -> 120.92064 | E14: =VALUE('1204'!O26) -> 137.06761 | F14: =VALUE('1204'!O37) -> 80.980216 | G14: =VALUE('1204'!O48) -> 71.485163 | H14: =VALUE('1204'!O58) -> 78.64865 | I14: =VALUE('1204'!O69) -> 111.93677
C15: 達成率 | D15: =D14/D13 -> 0.88319405 | E15: =E14/E13 -> 0.84465918 | F15: =F14/F13 -> 0.87782654 | G15: =G14/G13 -> 0.72110117 | H15: =H14/H13 -> 0.8932144 | I15: =I14/I13 -> 0.89263319
B16: 作業 時間 | C16: 開始 | D16: ='1204'!T5 -> 0.29027778 | E16: ='1204'!T16 -> 0.29027778 | F16: ='1204'!T27 -> 0.29027778 | G16: ='1204'!T38 -> 0.33333333 | H16: ='1204'!T49 -> 0.29166667 | I16: ='1204'!T59 -> 0.29166667
C17: 結束 | D17: 0.62430556 | E17: 0.59097222 | F17: 0.61458333 | G17: 0.59375 | H17: 0.61180556 | I17: 0.55208333
B18: 配置人數 | D18: =VALUE('1204'!M15) -> 14.2 | E18: =VALUE('1204'!M26) -> 12.5 | F18: =VALUE('1204'!M37) -> 14.5 | G18: =VALUE('1204'!M48) -> 15 | H18: =VALUE('1204'!M58) -> 16.5 | I18: =VALUE('1204'!M69) -> 12.5
B19: 主要應用設備 | D19: ET-600 | E19: ET-600 | F19: ET-55 | G19: ET-55 | H19: ET-55 | I19: 八爪機
B20: 次要應用設備 | H20: 封口機
B21: 備註

Sheet 1204
A1: 長家廠4度C日報分析 | D1: 總生產量 | E1: =SUM(G5:G79) -> 44569 | F1: 營業額 | G1: =SUM(H5:H79) -> 2165820.2 | H1: 出勤人數 | I1: =M15+M26+M48+M58+M69+M79+M37 -> 85.2 | J1: 產線配置圖 | M1: 生產實績 | P1: 人時性差異分析 | T1: 日報登錄 | Z1: 分析說明 | AB1: 產能差異分析
A2: 12月04日 星期四 | D2: 人時性 | E2: =AVERAGE(O15,O26,O37,O48,O58,O69,O79) -> 100.17318 | F2: 平均廠價 | G2: =G1/E1 -> 48.594768 | H2: 多次生產數 | I2: =COUNT(I5:I79) -> 0
A3: 線別 | B3: 品類 | D3: 品名 | F3: 廠價 | G3: 生產量 | H3: 營收 | I3: 多次 生產 | J3: 人數 | K3: 產能/時 | L3: 人時性 | M3: 人數 | N3: 產能/時 | O3: 人時性 | P3: 人數 | Q3: 人時性 | R3: 達成率 | S3: 達成率平均 | T3: 生產時間 | V3: 前置、換線時間/分 | W3: 稼動時間/分 | X3: 休息時間 | AB3: 產能/時 | AC3: 達成率 | AD3: 達成率平均
T4: 開始 | U4: 結束 | X4: 開始 | Y4: 結束
A5: 自動一線 (ET-600) | B5: =VLOOKUP(D5,廠價表!$C$1:$E$40,2,0) -> 義大利麵 | D5: 白酒蛤蜊義大利麵 | F5: =VLOOKUP(D5,廠價表!$C$1:$E$40,3,0) -> 57.21 | G5: 1369 | H5: =F5*G5 -> 78320.49 | J5: =VLOOKUP(D5,產線配置圖!$A$3:$C$39,2,0) -> 13 | K5: =VLOOKUP(D5,產線配置圖!$A$3:$C$39,3,0) -> 2105 | L5: =K5/J5 -> 161.92308 | M5: 13 | N5: =G5/W5*60 -> 1825.3333 | O5: =N5/M5 -> 140.41026 | P5: =M5-J5 -> 0 | Q5: =O5-L5 -> -21.512821 | R5: =O5/L5 -> 0.86714173 | S5: =R15 -> 0.88319405 | T5: 0.29027778 | U5: 0.32152778 | W5: =(U5-T5)*24*60 -> 45 | AB5: =N5-K5 -> -279.66667 | AC5: =N5/K5 -> 0.86714173 | AD5: =AC15 -> 0.88087693
B6: =VLOOKUP(D6,廠價表!$C$1:$E$40,2,0) -> 義大利麵 | D6: 韓式起司炸雞義大利麵 | F6: =VLOOKUP(D6,廠價表!$C$1:$E$40,3,0) -> 57.21 | G6: 1773 | H6: =F6*G6 -> 101433.33 | J6: =VLOOKUP(D6,產線配置圖!$A$3:$C$39,2,0) -> 17 | K6: 1800 | L6: =K6/J6 -> 105.88235 | M6: 17 | N6: =G6/W6*60 -> 1773 | O6: =N6/M6 -> 104.29412 | P6: =M6-J6 -> 0 | Q6: =O6-L6 -> -1.5882353 | R6: =O6/L6 -> 0.985 | T6: 0.33125 | U6: 0.37291667 | V6: =(T6-U5)*24*60 -> 14 | W6: =(U6-T6)*24*60 -> 60 | AB6: =N6-K6 -> -27 | AC6: =N6/K6 -> 0.985
B7: =VLOOKUP(D7,廠價表!$C$1:$E$40,2,0) -> 義大利麵 | D7: 奶油培根義大利麵 | F7: =VLOOKUP(D7,廠價表!$C$1:$E$40,3,0) -> 49.14 | G7: 4361 | H7: =F7*G7 -> 214299.54 | J7: =VLOOKUP(D7,產線配置圖!$A$3:$C$39,2,0) -> 13 | K7: =VLOOKUP(D7,產線配置圖!$A$3:$C$39,3,0) -> 2000 | L7: =K7/J7 -> 153.84615 | M7: 13 | N7: =G7/W7*60 -> 1923.9706 | O7: =N7/M7 -> 147.99774 | P7: =M7-J7 -> 0 | Q7: =O7-L7 -> -5.8484163 | R7: =O7/L7 -> 0.96198529 | T7: 0.38194444 | U7: 0.47638889 | V7: =(T7-U6)*24*60 -> 13 | W7: =(U7-T7)*24*60 -> 136 | AB7: =N7-K7 -> -76.029412 | AC7: =N7/K7 -> 0.96198529
B8: =VLOOKUP(D8,廠價表!$C$1:$E$40,2,0) -> 義大利麵 | D8: 奶油培根義大利麵 | F8: =VLOOKUP(D8,廠價表!$C$1:$E$40,3,0) -> 49.14 | G8: 899 | H8: =F8*G8 -> 44176.86 | J8: =VLOOKUP(D8,產線配置圖!$A$3:$C$39,2,0) -> 13 | K8: =VLOOKUP(D8,產線配置圖!$A$3:$C$39,3,0) -> 2000 | L8: =K8/J8 -> 153.84615 | M8: 13 | N8: =G8/W8*60 -> 1926.4286 | O8: =N8/M8 -> 148.18681 | P8: =M8-J8 -> 0 | Q8: =O8-L8 -> -5.6593407 | R8: =O8/L8 -> 0.96321429 | T8: 0.54305556 | U8: 0.5625 | V8: =(T8-U7)*24*60 -> 96 | W8: =(U8-T8)*24*60 -> 28 | AB8: =N8-K8 -> -73.571429 | AC8: =N8/K8 -> 0.96321429
B9: =VLOOKUP(D9,廠價表!$C$1:$E$40,2,0) -> 義大利麵 | D9: 南洋紅咖哩豬義大利麵 | F9: =VLOOKUP(D9,廠價表!$C$1:$E$40,3,0) -> 56.43 | G9: 892 | H9: =F9*G9 -> 50335.56 | J9: =VLOOKUP(D9,產線配置圖!$A$3:$C$39,2,0) -> 15 | K9: =VLOOKUP(D9,產線配置圖!$A$3:$C$39,3,0) -> 1636 | L9: =K9/J9 -> 109.06667 | M9: 15 | N9: =G9/W9*60 -> 955.71429 | O9: =N9/M9 -> 63.714286 | P9: =M9-J9 -> 0 | Q9: =O9-L9 -> -45.352381 | R9: =O9/L9 -> 0.58417744 | T9: 0.58541667 | U9: 0.62430556 | V9: =(T9-U8)*24*60 -> 33 | W9: =(U9-T9)*24*60 -> 56 | X9: 0.48958333 | Y9: 0.53125 | Z9: 生產數量少 | AB9: =N9-K9 -> -680.28571 | AC9: =N9/K9 -> 0.58417744
W10: =(U10-T10)*24*60 -> 0
H11: =F11*G11 -> 0 | W11: =(U11-T11)*24*60 -> 0
H12: =F12*G12 -> 0 | W12: =(U12-T12)*24*60 -> 0
W13: =(U13-T13)*24*60 -> 0
W14: =(U14-T14)*24*60 -> 0
C15: 4度一組 | D15: 平均 | J15: =AVERAGE(J5:J14) -> 14.2 | K15: =AVERAGE(K5:K14) -> 1908.2 | L15: =AVERAGE(L5:L14) -> 136.91288 | M15: =AVERAGE(M5:M14) -> 14.2 | N15: =AVERAGE(N5:N14) -> 1680.8894 | O15: =AVERAGE(O5:O14) -> 120.92064 | P15: =M15-J15 -> 0 | Q15: =O15-L15 -> -15.992239 | R15: =O15/L15 -> 0.88319405 | AB15: =N15-K15 -> -227.31064 | AC15: =N15/K15 -> 0.88087693
A16: 自動二線 (ET-600) | B16: =VLOOKUP(D16,廠價表!$C$1:$E$40,2,0) -> 義大利麵 | D16: 白酒蛤蜊義大利麵 | F16: =VLOOKUP(D16,廠價表!$C$1:$E$40,3,0) -> 57.21 | G16: 1175 | H16: =F16*G16 -> 67221.75 | J16: =VLOOKUP(D16,產線配置圖!$A$3:$C$39,2,0) -> 13 | K16: =VLOOKUP(D16,產線配置圖!$A$3:$C$39,3,0) -> 2105 | L16: =K16/J16 -> 161.92308 | M16: 13 | N16: =G16/W16*60 -> 1855.2632 | O16: =N16/M16 -> 142.71255 | P16: =M16-J16 -> 0 | Q16: =O16-L16 -> -19.210526 | R16: =O16/L16 -> 0.88136017 | S16: =R26 -> 0.84465918 | T16: 0.29027778 | U16: 0.31666667 | W16: =(U16-T16)*24*60 -> 38 | AB16: =N16-K16 -> -249.73684 | AC16: =N16/K16 -> 0.88136017 | AD16: =AC26 -> 0.84608221
B17: =VLOOKUP(D17,廠價表!$C$1:$E$40,2,0) -> 義大利麵 | D17: 青醬蛤蜊義大利麵 | F17: =VLOOKUP(D17,廠價表!$C$1:$E$40,3,0) -> 50.67 | G17: 3524 | H17: =F17*G17 -> 178561.08 | J17: =VLOOKUP(D17,產線配置圖!$A$3:$C$39,2,0) -> 13 | K17: =VLOOKUP(D17,產線配置圖!$A$3:$C$39,3,0) -> 2000 | L17: =K17/J17 -> 153.84615 | M17: 13 | N17: =G17/W17*60 -> 1762 | O17: =N17/M17 -> 135.53846 | P17: =M17-J17 -> 0 | Q17: =O17-L17 -> -18.307692 | R17: =O17/L17 -> 0.881 | T17: 0.32638889 | U17: 0.40972222 | V17: =(T17-U16)*24*60 -> 14 | W17: =(U17-T17)*24*60 -> 120 | AB17: =N17-K17 -> -238 | AC17: =N17/K17 -> 0.881
B18: =VLOOKUP(D18,廠價表!$C$1:$E$40,2,0) -> 義大利麵 | D18: 義式蕃茄起司義大利麵 | F18: =VLOOKUP(D18,廠價表!$C$1:$E$40,3,0) -> 50.39 | G18: 2043 | H18: =F18*G18 -> 102946.77 | J18: =VLOOKUP(D18,產線配置圖!$A$3:$C$39,2,0) -> 12 | K18: =VLOOKUP(D18,產線配置圖!$A$3:$C$39,3,0) -> 2000 | L18: =K18/J18 -> 166.66667 | M18: 12 | N18: =G18/W18*60 -> 1408.9655 | O18: =N18/M18 -> 117.41379 | P18: =M18-J18 -> 0 | Q18: =O18-L18 -> -49.252874 | R18: =O18/L18 -> 0.70448276 | T18: 0.41875 | U18: 0.47916667 | V18: =(T18-U17)*24*60 -> 13 | W18: =(U18-T18)*24*60 -> 87 | Z18: 10:10~11:30注醬機異常改 | AB18: =N18-K18 -> -591.03448 | AC18: =N18/K18 -> 0.70448276
B19: =VLOOKUP(D19,廠價表!$C$1:$E$40,2,0) -> 義大利麵 | D19: 義式蕃茄起司義大利麵 | F19: =VLOOKUP(D19,廠價表!$C$1:$E$40,3,0) -> 50.39 | G19: 2167 | H19: =F19*G19 -> 109195.13 | J19: =VLOOKUP(D19,產線配置圖!$A$3:$C$39,2,0) -> 12 | K19: =VLOOKUP(D19,產線配置圖!$A$3:$C$39,3,0) -> 2000 | L19: =K19/J19 -> 166.66667 | M19: 12 | N19: =G19/W19*60 -> 1831.2676 | O19: =N19/M19 -> 152.60563 | P19: =M19-J19 -> 0 | Q19: =O19-L19 -> -14.061033 | R19: =O19/L19 -> 0.9156338 | T19: 0.54166667 | U19: 0.59097222 | V19: =(T19-U18)*24*60 -> 90 | W19: =(U19-T19)*24*60 -> 71 | X19: 0.48958333 | Y19: 0.53125 | AB19: =N19-K19 -> -168.73239 | AC19: =N19/K19 -> 0.9156338
W20: =(U20-T20)*24*60 -> 0 | AB20: =N20-K20 -> 0 | AC20: =N20/K20 -> #DIV/0!
W21: =(U21-T21)*24*60 -> 0
H22: =F22*G22 -> 0 | W22: 0
W23: =(U23-T23)*24*60 -> 0
H24: =F24*G24 -> 0 | W24: =(U24-T24)*24*60 -> 0
H25: =F25*G25 -> 0 | W25: =(U25-T25)*24*60 -> 0
C26: 4度二組A | D26: 平均 | J26: =AVERAGE(J16:J25) -> 12.5 | K26: =AVERAGE(K16:K25) -> 2026.25 | L26: =AVERAGE(L16:L25) -> 162.27564 | M26: =AVERAGE(M16:M25) -> 12.5 | N26: =AVERAGE(N16:N25) -> 1714.3741 | O26: =AVERAGE(O16:O25) -> 137.06761 | P26: =M26-J26 -> 0 | Q26: =O26-L26 -> -25.208031 | R26: =O26/L26 -> 0.84465918 | AB26: =N26-K26 -> -311.87593 | AC26: =N26/K26 -> 0.84608221
A27: 手工三線 (ET-55) | B27: =VLOOKUP(D27,廠價表!$C$1:$E$40,2,0) -> 熱乾麵 | D27: 青花椒麻雞肉拌麵 | F27: =VLOOKUP(D27,廠價表!$C$1:$E$40,3,0) -> 49.91 | G27: 1920 | H27: =F27*G27 -> 95827.2 | J27: =VLOOKUP(D27,產線配置圖!$A$3:$C$39,2,0) -> 17 | K27: =VLOOKUP(D27,產線配置圖!$A$3:$C$39,3,0) -> 1565 | L27: =K27/J27 -> 92.058824 | M27: 13 | N27: =G27/W27*60 -> 1140.5941 | O27: =N27/M27 -> 87.738005 | P27: =M27-J27 -> -4 | Q27: =O27-L27 -> -4.320819 | R27: =O27/L27 -> 0.95306459 | S27: =R37 -> 0.87782654 | T27: 0.29027778 | U27: 0.36041667 | W27: =(U27-T27)*24*60 -> 101 | AB27: =N27-K27 -> -424.40594 | AC27: =N27/K27 -> 0.7288141 | AD27: =AC37 -> 0.79060493
B28: =VLOOKUP(D28,廠價表!$C$1:$E$40,2,0) -> 義大利麵 | D28: 奶油蒜香雞義大利麵 | F28: =VLOOKUP(D28,廠價表!$C$1:$E$40,3,0) -> 55.13 | G28: 1778 | H28: =F28*G28 -> 98021.14 | J28: =VLOOKUP(D28,產線配置圖!$A$3:$C$39,2,0) -> 18 | K28: =VLOOKUP(D28,產線配置圖!$A$3:$C$39,3,0) -> 1385 | L28: =K28/J28 -> 76.944444 | M28: 13 | N28: =G28/W28*60 -> 944.0708 | O28: =N28/M28 -> 72.62083 | P28: =M28-J28 -> -5 | Q28: =O28-L28 -> -4.3236139 | R28: =O28/L28 -> 0.94380863 | T28: 0.37291667 | U28: 0.45138889 | V28: =(T28-U27)*24*60 -> 18 | W28: =(U28-T28)*24*60 -> 113 | AB28: =N28-K28 -> -440.9292 | AC28: =N28/K28 -> 0.68163956
B29: =VLOOKUP(D29,廠價表!$C$1:$E$40,2,0) -> 義大利麵 | D29: 奶油起司蝦仁通心粉 | F29: =VLOOKUP(D29,廠價表!$C$1:$E$40,3,0) -> 47.71 | G29: 1364 | H29: =F29*G29 -> 65076.44 | J29: =VLOOKUP(D29,產線配置圖!$A$3:$C$39,2,0) -> 15 | K29: =VLOOKUP(D29,產線配置圖!$A$3:$C$39,3,0) -> 1500 | L29: =K29/J29 -> 100 | M29: 17 | N29: =G29/W29*60 -> 1411.0345 | O29: =N29/M29 -> 83.002028 | P29: =M29-J29 -> 2 | Q29: =O29-L29 -> -16.997972 | R29: =O29/L29 -> 0.83002028 | T29: 0.45625 | U29: 0.49652778 | V29: =(T29-U28)*24*60 -> 7 | W29: =(U29-T29)*24*60 -> 58 | AB29: =N29-K29 -> -88.965517 | AC29: =N29/K29 -> 0.94068966
B30: =VLOOKUP(D30,廠價表!$C$1:$E$40,2,0) -> 義大利麵 | D30: 奶油起司蝦仁通心粉 | F30: =VLOOKUP(D30,廠價表!$C$1:$E$40,3,0) -> 47.71 | G30: 2014 | H30: =F30*G30 -> 96087.94 | J30: =VLOOKUP(D30,產線配置圖!$A$3:$C$39,2,0) -> 15 | K30: =VLOOKUP(D30,產線配置圖!$A$3:$C$39,3,0) -> 1500 | L30: =K30/J30 -> 100 | M30: 15 | N30: =G30/W30*60 -> 1208.4 | O30: =N30/M30 -> 80.56 | P30: =M30-J30 -> 0 | Q30: =O30-L30 -> -19.44 | R30: =O30/L30 -> 0.8056 | T30: 0.54513889 | U30: 0.61458333 | V30: =(T30-U29)*24*60 -> 70 | W30: =(U30-T30)*24*60 -> 100 | X30: 0.48958333 | Y30: 0.53125 | AB30: =N30-K30 -> -291.6 | AC30: =N30/K30 -> 0.8056
W31: =(U31-T31)*24*60 -> 0
W32: =(U32-T32)*24*60 -> 0
H33: =F33*G33 -> 0 | W33: =(U33-T33)*24*60 -> 0
H34: =F34*G34 -> 0 | W34: =(U34-T34)*24*60 -> 0
H35: =F35*G35 -> 0 | W35: =(U35-T35)*24*60 -> 0
H36: =F36*G36 -> 0 | W36: =(U36-T36)*24*60 -> 0
C37: 4度二組B | D37: 平均 | J37: =AVERAGE(J27:J36) -> 16.25 | K37: =AVERAGE(K27:K36) -> 1487.5 | L37: =AVERAGE(L27:L36) -> 92.250817 | M37: =AVERAGE(M27:M36) -> 14.5 | N37: =AVERAGE(N27:N36) -> 1176.0248 | O37: =AVERAGE(O27:O36) -> 80.980216 | P37: =M37-J37 -> -1.75 | Q37: =N37-K37 -> -311.47517 | R37: =O37/L37 -> 0.87782654 | AB37: =N37-K37 -> -311.47517 | AC37: =N37/K37 -> 0.79060493
A38: 手工四線 (ET-55) | B38: 義大利麵 | D38: 焗烤明太子筆尖麵 | F38: =VLOOKUP(D38,廠價表!$C$1:$E$40,3,0) -> 57.3 | G38: 1964 | H38: =F38*G38 -> 112537.2 | J38: =VLOOKUP(D38,產線配置圖!$A$3:$C$39,2,0) -> 15 | K38: 1500 | L38: =K38/J38 -> 100 | M38: 15 | N38: =G38/W38*60 -> 1111.6981 | O38: =N38/M38 -> 74.113208 | P38: =M38-J38 -> 0 | Q38: =O38-L38 -> -25.886792 | R38: =O38/L38 -> 0.74113208 | S38: =R48 -> 0.72110117 | T38: 0.33333333 | U38: 0.40694444 | W38: =(U38-T38)*24*60 -> 106 | Z38: 下貼標異常 | AB38: =N38-K38 -> -388.30189 | AC38: =N38/K38 -> 0.74113208 | AD38: =AC48 -> 0.72110117
B39: 義大利麵 | D39: 濃拿坡里義大利麵 | F39: =VLOOKUP(D39,廠價表!$C$1:$E$40,3,0) -> 56.43 | G39: 1109 | H39: =F39*G39 -> 62580.87 | J39: =VLOOKUP(D39,產線配置圖!$A$3:$C$39,2,0) -> 15 | K39: =VLOOKUP(D39,產線配置圖!$A$3:$C$39,3,0) -> 1406 | L39: =K39/J39 -> 93.733333 | M39: 15 | N39: =G39/W39*60 -> 937.1831 | O39: =N39/M39 -> 62.478873 | P39: =M39-J39 -> 0 | Q39: =O39-L39 -> -31.25446 | R39: =O39/L39 -> 0.66655981 | T39: 0.41319444 | U39: 0.4625 | V39: =(T39-U38)*24*60 -> 9 | W39: =(U39-T39)*24*60 -> 71 | Z39: 下貼標異常 | AB39: =N39-K39 -> -468.8169 | AC39: =N39/K39 -> 0.66655981
B40: 義大利麵 | D40: 南洋紅咖哩豬義大利麵 | F40: =VLOOKUP(D40,廠價表!$C$1:$E$40,3,0) -> 56.43 | G40: 876 | H40: =F40*G40 -> 49432.68 | J40: =VLOOKUP(D40,產線配置圖!$A$3:$C$39,2,0) -> 15 | K40: =VLOOKUP(D40,產線配置圖!$A$3:$C$39,3,0) -> 1636 | L40: =K40/J40 -> 109.06667 | M40: 15 | N40: =G40/W40*60 -> 1251.4286 | O40: =N40/M40 -> 83.428571 | P40: =M40-J40 -> 0 | Q40: =O40-L40 -> -25.638095 | R40: =O40/L40 -> 0.76493189 | T40: 0.47083333 | U40: 0.5 | V40: =(T40-U39)*24*60 -> 12 | W40: =(U40-T40)*24*60 -> 42 | Z40: 11:18~11:27封膜異常、生產數量少 | AB40: =N40-K40 -> -384.57143 | AC40: =N40/K40 -> 0.76493189
B41: 義大利麵 | D41: 濃拿坡里義大利麵 | F41: =VLOOKUP(D41,廠價表!$C$1:$E$40,3,0) -> 56.43 | G41: 824 | H41: =F41*G41 -> 46498.32 | J41: =VLOOKUP(D41,產線配置圖!$A$3:$C$39,2,0) -> 15 | K41: =VLOOKUP(D41,產線配置圖!$A$3:$C$39,3,0) -> 1406 | L41: =K41/J41 -> 93.733333 | M41: 15 | N41: =G41/W41*60 -> 988.8 | O41: =N41/M41 -> 65.92 | P41: =M41-J41 -> 0 | Q41: =O41-L41 -> -27.813333 | R41: =O41/L41 -> 0.70327169 | T41: 0.55902778 | U41: 0.59375 | V41: =(T41-U40)*24*60 -> 85 | W41: =(U41-T41)*24*60 -> 50 | X41: 0.52777778 | Y41: 0.56944444 | Z41: L型封膜機異常 | AB41: =N41-K41 -> -417.2 | AC41: =N41/K41 -> 0.70327169
W42: =(U42-T42)*24*60 -> 0
W43: =(U43-T43)*24*60 -> 0
H44: =F44*G44 -> 0 | W44: =(U44-T44)*24*60 -> 0
H45: =F45*G45 -> 0 | W45: =(U45-T45)*24*60 -> 0
H46: =F46*G46 -> 0 | W46: =(U46-T46)*24*60 -> 0
H47: =F47*G47 -> 0 | W47: =(U47-T47)*24*60 -> 0
C48: 4度二組C1 | D48: 平均 | J48: =AVERAGE(J38:J47) -> 15 | K48: =AVERAGE(K38:K47) -> 1487 | L48: =AVERAGE(L38:L47) -> 99.133333 | M48: =AVERAGE(M38:M47) -> 15 | N48: =AVERAGE(N38:N47) -> 1072.2774 | O48: =AVERAGE(O38:O47) -> 71.485163 | P48: =M48-J48 -> 0 | Q48: =N48-K48 -> -414.72255 | R48: =O48/L48 -> 0.72110117 | W48: =(U48-T48)*24*60 -> 0 | AB48: =N48-K48 -> -414.72255 | AC48: =N48/K48 -> 0.72110117
A49: 手工五線 (ET-55) | B49: =VLOOKUP(D49,廠價表!$C$1:$E$40,2,0) -> 義大利麵 | D49: 剝皮辣椒雞奶油扁麵 | F49: =VLOOKUP(D49,廠價表!$C$1:$E$40,3,0) -> 56.87 | G49: 2035 | H49: =F49*G49 -> 115730.45 | J49: =VLOOKUP(D49,產線配置圖!$A$3:$C$39,2,0) -> 19 | K49: =VLOOKUP(D49,產線配置圖!$A$3:$C$39,3,0) -> 1565 | L49: =K49/J49 -> 82.368421 | M49: 16 | N49: =G49/W49*60 -> 1233.3333 | O49: =N49/M49 -> 77.083333 | P49: =M49-J49 -> -3 | Q49: =O49-L49 -> -5.2850877 | R49: =O49/L49 -> 0.935836 | S49: =R58 -> 0.8932144 | T49: 0.29166667 | U49: 0.36041667 | W49: =(U49-T49)*24*60 -> 99 | AB49: =N49-K49 -> -331.66667 | AC49: =N49/K49 -> 0.78807242 | AD49: =AC58 -> 0.82281856
B50: =VLOOKUP(D50,廠價表!$C$1:$E$40,2,0) -> 義大利麵 | D50: 焗烤起司雙饗筆尖麵 | F50: =VLOOKUP(D50,廠價表!$C$1:$E$40,3,0) -> 49.97 | G50: 3709 | H50: =F50*G50 -> 185338.73 | J50: =VLOOKUP(D50,產線配置圖!$A$3:$C$39,2,0) -> 18 | K50: =VLOOKUP(D50,產線配置圖!$A$3:$C$39,3,0) -> 1600 | L50: =K50/J50 -> 88.888889 | M50: 17 | N50: =G50/W50*60 -> 1473.7748 | O50: =N50/M50 -> 86.692637 | P50: =M50-J50 -> -1 | Q50: =O50-L50 -> -2.1962516 | R50: =O50/L50 -> 0.97529217 | T50: 0.36805556 | U50: 0.47291667 | V50: =(T50-U49)*24*60 -> 11 | W50: =(U50-T50)*24*60 -> 151 | AB50: =N50-K50 -> -126.22517 | AC50: =N50/K50 -> 0.92110927
B51: =VLOOKUP(D51,廠價表!$C$1:$E$40,2,0) -> 義大利麵 | D51: 焗烤起司雙饗筆尖麵 | F51: =VLOOKUP(D51,廠價表!$C$1:$E$40,3,0) -> 49.97 | G51: 1500 | H51: =F51*G51 -> 74955 | J51: =VLOOKUP(D51,產線配置圖!$A$3:$C$39,2,0) -> 18 | K51: =VLOOKUP(D51,產線配置圖!$A$3:$C$39,3,0) -> 1600 | L51: =K51/J51 -> 88.888889 | M51: 17 | N51: =G51/W51*60 -> 1500 | O51: =N51/M51 -> 88.235294 | P51: =M51-J51 -> -1 | Q51: =O51-L51 -> -0.65359477 | R51: =O51/L51 -> 0.99264706 | T51: 0.53472222 | U51: 0.57638889 | V51: =(T51-U50)*24*60 -> 89 | W51: =(U51-T51)*24*60 -> 60 | AB51: =N51-K51 -> -100 | AC51: =N51/K51 -> 0.9375
B52: =VLOOKUP(D52,廠價表!$C$1:$E$40,2,0) -> 熱乾麵 | D52: 青花椒麻雞肉拌麵 | F52: =VLOOKUP(D52,廠價表!$C$1:$E$40,3,0) -> 49.91 | G52: 751 | H52: =F52*G52 -> 37482.41 | J52: =VLOOKUP(D52,產線配置圖!$A$3:$C$39,2,0) -> 17 | K52: =VLOOKUP(D52,產線配置圖!$A$3:$C$39,3,0) -> 1565 | L52: =K52/J52 -> 92.058824 | M52: 16 | N52: =G52/W52*60 -> 1001.3333 | O52: =N52/M52 -> 62.583333 | P52: =M52-J52 -> -1 | Q52: =O52-L52 -> -29.47549 | R52: =O52/L52 -> 0.67981896 | T52: 0.58055556 | U52: 0.61180556 | V52: =(T52-U51)*24*60 -> 6 | W52: =(U52-T52)*24*60 -> 45 | X52: 0.48958333 | Y52: 0.53125 | Z52: 13:56~14:15熱轉印異常 | AB52: =N52-K52 -> -563.66667 | AC52: =N52/K52 -> 0.63982961
W53: =(U53-T53)*24*60 -> 0
H54: =F54*G54 -> 0 | W54: =(U54-T54)*24*60 -> 0
H55: =F55*G55 -> 0 | W55: =(U55-T55)*24*60 -> 0
H56: =F56*G56 -> 0 | W56: =(U56-T56)*24*60 -> 0
H57: =F57*G57 -> 0 | W57: =(U57-T57)*24*60 -> 0
C58: 4度二組C2 | D58: 平均 | J58: =AVERAGE(J49:J57) -> 18 | K58: =AVERAGE(K49:K57) -> 1582.5 | L58: =AVERAGE(L49:L57) -> 88.051256 | M58: =AVERAGE(M49:M57) -> 16.5 | N58: =AVERAGE(N49:N57) -> 1302.1104 | O58: =AVERAGE(O49:O57) -> 78.64865 | P58: =M58-J58 -> -1.5 | Q58: =N58-K58 -> -280.38962 | R58: =O58/L58 -> 0.8932144 | AB58: =N58-K58 -> -280.38962 | AC58: =N58/K58 -> 0.82281856
A59: 調理包一線 (八爪機) | B59: =VLOOKUP(D59,廠價表!$C$1:$E$40,2,0) -> 小吃、微波 | D59: 小滷青蔬 | F59: =VLOOKUP(D59,廠價表!$C$1:$E$40,3,0) -> 26.99 | G59: 3111 | H59: =F59*G59 -> 83965.89 | J59: =VLOOKUP(D59,產線配置圖!$A$3:$C$39,2,0) -> 13 | K59: =VLOOKUP(D59,產線配置圖!$A$3:$C$39,3,0) -> 1565 | L59: =K59/J59 -> 120.38462 | M59: 13 | N59: =G59/W59*60 -> 1555.5 | O59: =N59/M59 -> 119.65385 | P59: =M59-J59 -> 0 | Q59: =O59-L59 -> -0.73076923 | R59: =O59/L59 -> 0.99392971 | S59: =R69 -> 0.89263319 | T59: 0.29166667 | U59: 0.375 | W59: =(U59-T59)*24*60 -> 120 | AB59: =N59-K59 -> -9.5 | AC59: =N59/K59 -> 0.99392971 | AD59: =AC69 -> 0.89443165
B60: =VLOOKUP(D60,廠價表!$C$1:$E$40,2,0) -> 小吃、微波 | D60: 台式綜合甜不辣 | F60: =VLOOKUP(D60,廠價表!$C$1:$E$40,3,0) -> 28.47 | G60: 635 | H60: =F60*G60 -> 18078.45 | J60: =VLOOKUP(D60,產線配置圖!$A$3:$C$39,2,0) -> 12 | K60: =VLOOKUP(D60,產線配置圖!$A$3:$C$39,3,0) -> 1565 | L60: =K60/J60 -> 130.41667 | M60: 12 | N60: =G60/W60*60 -> 1270 | O60: =N60/M60 -> 105.83333 | P60: =M60-J60 -> 0 | Q60: =O60-L60 -> -24.583333 | R60: =O60/L60 -> 0.8115016 | T60: 0.38541667 | U60: 0.40625 | V60: =(T60-U59)*24*60 -> 15 | W60: =(U60-T60)*24*60 -> 30 | AB60: =N60-K60 -> -295 | AC60: =N60/K60 -> 0.8115016
B61: =VLOOKUP(D61,廠價表!$C$1:$E$40,2,0) -> 小吃、微波 | D61: 起司馬鈴薯 | F61: =VLOOKUP(D61,廠價表!$C$1:$E$40,3,0) -> 28.26 | G61: 2199 | H61: =F61*G61 -> 62143.74 | J61: =VLOOKUP(D61,產線配置圖!$A$3:$C$39,2,0) -> 12 | K61: =VLOOKUP(D61,產線配置圖!$A$3:$C$39,3,0) -> 1565 | L61: =K61/J61 -> 130.41667 | M61: 12 | N61: =G61/W61*60 -> 1388.8421 | O61: =N61/M61 -> 115.73684 | P61: =M61-J61 -> 0 | Q61: =O61-L61 -> -14.679825 | R61: =O61/L61 -> 0.88743904 | T61: 0.41666667 | U61: 0.48263889 | V61: =(T61-U60)*24*60 -> 15 | W61: =(U61-T61)*24*60 -> 95 | AB61: =N61-K61 -> -176.15789 | AC61: =N61/K61 -> 0.88743904
B62: =VLOOKUP(D62,廠價表!$C$1:$E$40,2,0) -> 小吃、微波 | D62: 小滷青蔬 | F62: =VLOOKUP(D62,廠價表!$C$1:$E$40,3,0) -> 26.99 | G62: 577 | H62: =F62*G62 -> 15573.23 | J62: =VLOOKUP(D62,產線配置圖!$A$3:$C$39,2,0) -> 13 | K62: =VLOOKUP(D62,產線配置圖!$A$3:$C$39,3,0) -> 1565 | L62: =K62/J62 -> 120.38462 | M62: 13 | N62: =G62/W62*60 -> 1384.8 | O62: =N62/M62 -> 106.52308 | P62: =M62-J62 -> 0 | Q62: =O62-L62 -> -13.861538 | R62: =O62/L62 -> 0.88485623 | T62: 0.53472222 | U62: 0.55208333 | V62: =(T62-U61)*24*60 -> 75 | W62: =(U62-T62)*24*60 -> 25 | AB62: =N62-K62 -> -180.2 | AC62: =N62/K62 -> 0.88485623
W63: =(U63-T63)*24*60 -> 0 | AB63: =N63-K63 -> 0 | AC63: =N63/K63 -> #DIV/0!
W64: =(U64-T64)*24*60 -> 0
W65: =(U65-T65)*24*60 -> 0
W66: =(U66-T66)*24*60 -> 0
H67: =F67*G67 -> 0 | W67: =(U67-T67)*24*60 -> 0
H68: =F68*G68 -> 0 | W68: =(U68-T68)*24*60 -> 0
C69: 4度三組 | D69: 平均 | J69: =AVERAGE(J59:J68) -> 12.5 | K69: =AVERAGE(K59:K68) -> 1565 | L69: =AVERAGE(L59:L68) -> 125.40064 | M69: =AVERAGE(M59:M68) -> 12.5 | N69: =AVERAGE(N59:N68) -> 1399.7855 | O69: =AVERAGE(O59:O68) -> 111.93677 | P69: =M69-J69 -> 0 | Q69: =N69-K69 -> -165.21447 | R69: =O69/L69 -> 0.89263319 | AB69: =N69-K69 -> -165.21447 | AC69: =N69/K69 -> 0.89443165
A70: 調理包二線 (手工) | S70: =R79 -> 0 | W70: =(U70-T70)*24*60 -> 0 | AB70: =N70-K70 -> 0 | AC70: =N70/K70 -> #DIV/0! | AD70: =AC79 -> #DIV/0!
W71: =(U71-T71)*24*60 -> 0
W72: =(U72-T72)*24*60 -> 0
W73: =(U73-T73)*24*60 -> 0
H74: =F74*G74 -> 0 | W74: =(U74-T74)*24*60 -> 0
H75: =F75*G75 -> 0 | W75: =(U75-T75)*24*60 -> 0
H76: =F76*G76 -> 0 | W76: =(U76-T76)*24*60 -> 0
H77: =F77*G77 -> 0 | W77: =(U77-T77)*24*60 -> 0
H78: =F78*G78 -> 0 | W78: =(U78-T78)*24*60 -> 0
C79: 4度四組 | D79: 平均 | J79: =AVERAGE(J70:J78) -> #DIV/0! | AB79: =N79-K79 -> 0 | AC79: =N79/K79 -> #DIV/0!
AF80: 1.當日出勤人數較多
AF81: 2.當日出勤人數較少
AF82: 3.當日出勤熟手較少
AF83: 4.當日出勤新人較多
AF84: 5.機台夾盒
AF85: 6.封膜不順
AF86: 7.更換膠膜
AF87: 8.更換碳帶
AF88: 9.當日熱轉印碳帶異常
AF89: 10.訂單量過少
AF90: 11.新品上市，尚未熟悉
AF91: 12.商品結構，產能較低
AF92: 13.區域出貨，分段生產

Sheet 1205總
B1: 長家廠組合室生產人時性分析
B3: 日期 | D3: 45996 | F3: 訂單量 | G3: ='1205'!E1 -> 38620 | I3: 營業額 | J3: ='1205'!G1 -> 1870192.3
B4: 項目 | D4: 3 | F4: ➀ | H4: ➁ | J4: ③
B5: 人時性 | D5: 組合室 | F5: 全溫層 | H5: 義大利麵 | J5: 袋裝小吃、義麵
D6: 排關平均 | F6: =AVERAGE(D13:J13) -> 116.50678 | H6: =AVERAGE(D13:H13) -> 114.3936 | J6: =AVERAGE(I13:J13) -> 127.07265
D7: 實績平均 | F7: =AVERAGE(D14:J14) -> 98.255159 | H7: =AVERAGE(D14:H14) -> 96.630661 | J7: =AVERAGE(I14:J14) -> 106.37765
D8: 達成率平均 | F8: =AVERAGE(D15:J15) -> 0.8476679 | H8: =AVERAGE(D15:H15) -> 0.84977341 | J8: =AVERAGE(I15:J15) -> 0.83714038 | L8: ※現行日本鮮食廠以達成率80%為基本(即為現行KPI)
B10: 溫層 | D10: 4度C-各編組展開
B11: 編組 | D11: 1 | E11: 2 | F11: 3 | G11: 4 | H11: 5 | I11: 6 | J11: 7
D12: 自動1線 | E12: 自動2線 | F12: 手工3線 | G12: 手工4線 | H12: 手工5線 | I12: 調理包1線 | J12: 調理包2線
B13: 人時性 | C13: 排關 | D13: =VALUE('1205'!L15) -> 132.67956 | E13: =VALUE('1205'!L26) -> 162.27564 | F13: =VALUE('1205'!L37) -> 92.250817 | G13: =VALUE('1205'!L48) -> 99.133333 | H13: =VALUE('1205'!L58) -> 85.628655 | I13: =VALUE('1205'!L69) -> 127.07265
C14: 實績 | D14: =VALUE('1205'!O15) -> 111.16464 | E14: =VALUE('1205'!O26) -> 135.66048 | F14: =VALUE('1205'!O37) -> 78.853811 | G14: =VALUE('1205'!O48) -> 74.660755 | H14: =VALUE('1205'!O58) -> 82.81362 | I14: =VALUE('1205'!O69) -> 106.37765
C15: 達成率 | D15: =D14/D13 -> 0.83784301 | E15: =E14/E13 -> 0.83598793 | F15: =F14/F13 -> 0.85477629 | G15: =G14/G13 -> 0.75313472 | H15: =H14/H13 -> 0.96712508 | I15: =I14/I13 -> 0.83714038
B16: 作業 時間 | C16: 開始 | D16: ='1205'!T5 -> 0.29027778 | E16: ='1205'!T16 -> 0.29027778 | F16: ='1205'!T27 -> 0.28819444 | G16: ='1205'!T38 -> 0.33333333 | H16: ='1205'!T49 -> 0.29166667 | I16: ='1205'!T59 -> 0.29166667
C17: 結束 | D17: 0.56597222 | E17: 0.58194444 | F17: 0.60208333 | G17: 0.55902778 | H17: 0.47083333 | I17: 0.46180556
B18: 配置人數 | D18: =VALUE('1205'!M15) -> 14.5 | E18: =VALUE('1205'!M26) -> 12.5 | F18: =VALUE('1205'!M37) -> 16.75 | G18: =VALUE('1205'!M48) -> 15 | H18: =VALUE('1205'!M58) -> 18 | I18: =VALUE('1205'!M69) -> 12.333333
B19: 主要應用設備 | D19: ET-600 | E19: ET-600 | F19: ET-55 | G19: ET-55 | H19: ET-55 | I19: 八爪機
B20: 次要應用設備 | H20: 封口機
B21: 備註

Sheet 1205
A1: 長家廠4度C日報分析 | D1: 總生產量 | E1: =SUM(G5:G79) -> 38620 | F1: 營業額 | G1: =SUM(H5:H79) -> 1870192.3 | H1: 出勤人數 | I1: =M15+M26+M48+M58+M69+M79+M37 -> 89.083333 | J1: 產線配置圖 | M1: 生產實績 | P1: 人時性差異分析 | T1: 日報登錄 | Z1: 分析說明 | AB1: 產能差異分析
A2: 12月05日 星期五 | D2: 人時性 | E2: =AVERAGE(O15,O26,O37,O48,O58,O69,O79) -> 98.255159 | F2: 平均廠價 | G2: =G1/E1 -> 48.425486 | H2: 多次生產數 | I2: =COUNT(I5:I79) -> 0
A3: 線別 | B3: 品類 | D3: 品名 | F3: 廠價 | G3: 生產量 | H3: 營收 | I3: 多次 生產 | J3: 人數 | K3: 產能/時 | L3: 人時性 | M3: 人數 | N3: 產能/時 | O3: 人時性 | P3: 人數 | Q3: 人時性 | R3: 達成率 | S3: 達成率平均 | T3: 生產時間 | V3: 前置、換線時間/分 | W3: 稼動時間/分 | X3: 休息時間 | AB3: 產能/時 | AC3: 達成率 | AD3: 達成率平均
T4: 開始 | U4: 結束 | X4: 開始 | Y4: 結束
A5: 自動一線 (ET-600) | B5: =VLOOKUP(D5,廠價表!$C$1:$E$40,2,0) -> 義大利麵 | D5: 白酒蛤蜊義大利麵 | F5: =VLOOKUP(D5,廠價表!$C$1:$E$40,3,0) -> 57.21 | G5: 1024 | H5: =F5*G5 -> 58583.04 | J5: =VLOOKUP(D5,產線配置圖!$A$3:$C$39,2,0) -> 13 | K5: =VLOOKUP(D5,產線配置圖!$A$3:$C$39,3,0) -> 2105 | L5: =K5/J5 -> 161.92308 | M5: 13 | N5: =G5/W5*60 -> 1861.8182 | O5: =N5/M5 -> 143.21678 | P5: =M5-J5 -> 0 | Q5: =O5-L5 -> -18.706294 | R5: =O5/L5 -> 0.8844742 | S5: =R15 -> 0.83784301 | T5: 0.29027778 | U5: 0.31319444 | W5: =(U5-T5)*24*60 -> 33 | AB5: =N5-K5 -> -243.18182 | AC5: =N5/K5 -> 0.8844742 | AD5: =AC15 -> 0.83443815
B6: =VLOOKUP(D6,廠價表!$C$1:$E$40,2,0) -> 義大利麵 | D6: 韓式起司炸雞義大利麵 | F6: =VLOOKUP(D6,廠價表!$C$1:$E$40,3,0) -> 57.21 | G6: 1244 | H6: =F6*G6 -> 71169.24 | J6: =VLOOKUP(D6,產線配置圖!$A$3:$C$39,2,0) -> 17 | K6: 1800 | L6: =K6/J6 -> 105.88235 | M6: 17 | N6: =G6/W6*60 -> 1622.6087 | O6: =N6/M6 -> 95.44757 | P6: =M6-J6 -> 0 | Q6: =O6-L6 -> -10.434783 | R6: =O6/L6 -> 0.90144928 | T6: 0.32430556 | U6: 0.35625 | V6: =(T6-U5)*24*60 -> 16 | W6: =(U6-T6)*24*60 -> 46 | AB6: =N6-K6 -> -177.3913 | AC6: =N6/K6 -> 0.90144928
B7: =VLOOKUP(D7,廠價表!$C$1:$E$40,2,0) -> 義大利麵 | D7: 奶油培根義大利麵 | F7: =VLOOKUP(D7,廠價表!$C$1:$E$40,3,0) -> 49.14 | G7: 4641 | H7: =F7*G7 -> 228058.74 | J7: =VLOOKUP(D7,產線配置圖!$A$3:$C$39,2,0) -> 13 | K7: =VLOOKUP(D7,產線配置圖!$A$3:$C$39,3,0) -> 2000 | L7: =K7/J7 -> 153.84615 | M7: 13 | N7: =G7/W7*60 -> 1831.9737 | O7: =N7/M7 -> 140.92105 | P7: =M7-J7 -> 0 | Q7: =O7-L7 -> -12.925101 | R7: =O7/L7 -> 0.91598684 | T7: 0.36458333 | U7: 0.47013889 | V7: =(T7-U6)*24*60 -> 12 | W7: =(U7-T7)*24*60 -> 152 | AB7: =N7-K7 -> -168.02632 | AC7: =N7/K7 -> 0.91598684
B8: =VLOOKUP(D8,廠價表!$C$1:$E$40,2,0) -> 義大利麵 | D8: 南洋紅咖哩豬義大利麵 | F8: =VLOOKUP(D8,廠價表!$C$1:$E$40,3,0) -> 56.43 | G8: 667 | H8: =F8*G8 -> 37638.81 | J8: =VLOOKUP(D8,產線配置圖!$A$3:$C$39,2,0) -> 15 | K8: =VLOOKUP(D8,產線配置圖!$A$3:$C$39,3,0) -> 1636 | L8: =K8/J8 -> 109.06667 | M8: 15 | N8: =G8/W8*60 -> 976.09756 | O8: =N8/M8 -> 65.073171 | P8: =M8-J8 -> 0 | Q8: =O8-L8 -> -43.993496 | R8: =O8/L8 -> 0.59663665 | T8: 0.5375 | U8: 0.56597222 | V8: =(T8-U7)*24*60 -> 97 | W8: =(U8-T8)*24*60 -> 41 | Z8: 生產數量少 | AB8: =N8-K8 -> -659.90244 | AC8: =N8/K8 -> 0.59663665
W9: =(U9-T9)*24*60 -> 0 | AB9: =N9-K9 -> 0 | AC9: =N9/K9 -> #DIV/0!
W10: =(U10-T10)*24*60 -> 0
H11: =F11*G11 -> 0 | W11: =(U11-T11)*24*60 -> 0
H12: =F12*G12 -> 0 | W12: =(U12-T12)*24*60 -> 0
W13: =(U13-T13)*24*60 -> 0
W14: =(U14-T14)*24*60 -> 0
C15: 4度一組 | D15: 平均 | J15: =AVERAGE(J5:J14) -> 14.5 | K15: =AVERAGE(K5:K14) -> 1885.25 | L15: =AVERAGE(L5:L14) -> 132.67956 | M15: =AVERAGE(M5:M14) -> 14.5 | N15: =AVERAGE(N5:N14) -> 1573.1245 | O15: =AVERAGE(O5:O14) -> 111.16464 | P15: =M15-J15 -> 0 | Q15: =O15-L15 -> -21.514918 | R15: =O15/L15 -> 0.83784301 | AB15: =N15-K15 -> -312.12547 | AC15: =N15/K15 -> 0.83443815
A16: 自動二線 (ET-600) | B16: =VLOOKUP(D16,廠價表!$C$1:$E$40,2,0) -> 義大利麵 | D16: 白酒蛤蜊義大利麵 | F16: =VLOOKUP(D16,廠價表!$C$1:$E$40,3,0) -> 57.21 | G16: 1001 | H16: =F16*G16 -> 57267.21 | J16: =VLOOKUP(D16,產線配置圖!$A$3:$C$39,2,0) -> 13 | K16: =VLOOKUP(D16,產線配置圖!$A$3:$C$39,3,0) -> 2105 | L16: =K16/J16 -> 161.92308 | M16: 13 | N16: =G16/W16*60 -> 1430 | O16: =N16/M16 -> 110 | P16: =M16-J16 -> 0 | Q16: =O16-L16 -> -51.923077 | R16: =O16/L16 -> 0.67933492 | S16: =R26 -> 0.83598793 | T16: 0.29027778 | U16: 0.31944444 | W16: =(U16-T16)*24*60 -> 42 | AB16: =N16-K16 -> -675 | AC16: =N16/K16 -> 0.67933492 | AD16: =AC26 -> 0.83358931
B17: =VLOOKUP(D17,廠價表!$C$1:$E$40,2,0) -> 義大利麵 | D17: 青醬蛤蜊義大利麵 | F17: =VLOOKUP(D17,廠價表!$C$1:$E$40,3,0) -> 50.67 | G17: 3498 | H17: =F17*G17 -> 177243.66 | J17: =VLOOKUP(D17,產線配置圖!$A$3:$C$39,2,0) -> 13 | K17: =VLOOKUP(D17,產線配置圖!$A$3:$C$39,3,0) -> 2000 | L17: =K17/J17 -> 153.84615 | M17: 13 | N17: =G17/W17*60 -> 1749 | O17: =N17/M17 -> 134.53846 | P17: =M17-J17 -> 0 | Q17: =O17-L17 -> -19.307692 | R17: =O17/L17 -> 0.8745 | T17: 0.33333333 | U17: 0.41666667 | V17: =(T17-U16)*24*60 -> 20 | W17: =(U17-T17)*24*60 -> 120 | AB17: =N17-K17 -> -251 | AC17: =N17/K17 -> 0.8745
B18: =VLOOKUP(D18,廠價表!$C$1:$E$40,2,0) -> 義大利麵 | D18: 義式蕃茄起司義大利麵 | F18: =VLOOKUP(D18,廠價表!$C$1:$E$40,3,0) -> 50.39 | G18: 1960 | H18: =F18*G18 -> 98764.4 | J18: =VLOOKUP(D18,產線配置圖!$A$3:$C$39,2,0) -> 12 | K18: =VLOOKUP(D18,產線配置圖!$A$3:$C$39,3,0) -> 2000 | L18: =K18/J18 -> 166.66667 | M18: 12 | N18: =G18/W18*60 -> 1680 | O18: =N18/M18 -> 140 | P18: =M18-J18 -> 0 | Q18: =O18-L18 -> -26.666667 | R18: =O18/L18 -> 0.84 | T18: 0.43055556 | U18: 0.47916667 | V18: =(T18-U17)*24*60 -> 20 | W18: =(U18-T18)*24*60 -> 70 | Z18: 10:10~11:30注醬機異常改 | AB18: =N18-K18 -> -320 | AC18: =N18/K18 -> 0.84
B19: =VLOOKUP(D19,廠價表!$C$1:$E$40,2,0) -> 義大利麵 | D19: 義式蕃茄起司義大利麵 | F19: =VLOOKUP(D19,廠價表!$C$1:$E$40,3,0) -> 50.39 | G19: 1834 | H19: =F19*G19 -> 92415.26 | J19: =VLOOKUP(D19,產線配置圖!$A$3:$C$39,2,0) -> 12 | K19: =VLOOKUP(D19,產線配置圖!$A$3:$C$39,3,0) -> 2000 | L19: =K19/J19 -> 166.66667 | M19: 12 | N19: =G19/W19*60 -> 1897.2414 | O19: =N19/M19 -> 158.10345 | P19: =M19-J19 -> 0 | Q19: =O19-L19 -> -8.5632184 | R19: =O19/L19 -> 0.94862069 | T19: 0.54166667 | U19: 0.58194444 | V19: =(T19-U18)*24*60 -> 90 | W19: =(U19-T19)*24*60 -> 58 | X19: 0.48958333 | Y19: 0.53125 | AB19: =N19-K19 -> -102.75862 | AC19: =N19/K19 -> 0.94862069
W20: =(U20-T20)*24*60 -> 0 | AB20: =N20-K20 -> 0 | AC20: =N20/K20 -> #DIV/0!
W21: =(U21-T21)*24*60 -> 0
H22: =F22*G22 -> 0 | W22: 0
W23: =(U23-T23)*24*60 -> 0
H24: =F24*G24 -> 0 | W24: =(U24-T24)*24*60 -> 0
H25: =F25*G25 -> 0 | W25: =(U25-T25)*24*60 -> 0
C26: 4度二組A | D26: 平均 | J26: =AVERAGE(J16:J25) -> 12.5 | K26: =AVERAGE(K16:K25) -> 2026.25 | L26: =AVERAGE(L16:L25) -> 162.27564 | M26: =AVERAGE(M16:M25) -> 12.5 | N26: =AVERAGE(N16:N25) -> 1689.0603 | O26: =AVERAGE(O16:O25) -> 135.66048 | P26: =M26-J26 -> 0 | Q26: =O26-L26 -> -26.615164 | R26: =O26/L26 -> 0.83598793 | AB26: =N26-K26 -> -337.18966 | AC26: =N26/K26 -> 0.83358931
A27: 手工三線 (ET-55) | B27: =VLOOKUP(D27,廠價表!$C$1:$E$40,2,0) -> 熱乾麵 | D27: 青花椒麻雞肉拌麵 | F27: =VLOOKUP(D27,廠價表!$C$1:$E$40,3,0) -> 49.91 | G27: 2242 | H27: =F27*G27 -> 111898.22 | J27: =VLOOKUP(D27,產線配置圖!$A$3:$C$39,2,0) -> 17 | K27: =VLOOKUP(D27,產線配置圖!$A$3:$C$39,3,0) -> 1565 | L27: =K27/J27 -> 92.058824 | M27: 15 | N27: =G27/W27*60 -> 1121 | O27: =N27/M27 -> 74.733333 | P27: =M27-J27 -> -2 | Q27: =O27-L27 -> -17.32549 | R27: =O27/L27 -> 0.81179979 | S27: =R37 -> 0.85477629 | T27: 0.28819444 | U27: 0.37152778 | W27: =(U27-T27)*24*60 -> 120 | AB27: =N27-K27 -> -444 | AC27: =N27/K27 -> 0.71629393 | AD27: =AC37 -> 0.88715338
B28: =VLOOKUP(D28,廠價表!$C$1:$E$40,2,0) -> 義大利麵 | D28: 奶油蒜香雞義大利麵 | F28: =VLOOKUP(D28,廠價表!$C$1:$E$40,3,0) -> 55.13 | G28: 1326 | H28: =F28*G28 -> 73102.38 | J28: =VLOOKUP(D28,產線配置圖!$A$3:$C$39,2,0) -> 18 | K28: =VLOOKUP(D28,產線配置圖!$A$3:$C$39,3,0) -> 1385 | L28: =K28/J28 -> 76.944444 | M28: 18 | N28: =G28/W28*60 -> 1187.4627 | O28: =N28/M28 -> 65.970149 | P28: =M28-J28 -> 0 | Q28: =O28-L28 -> -10.974295 | R28: =O28/L28 -> 0.85737378 | T28: 0.38125 | U28: 0.42777778 | V28: =(T28-U27)*24*60 -> 14 | W28: =(U28-T28)*24*60 -> 67 | AB28: =N28-K28 -> -197.53731 | AC28: =N28/K28 -> 0.85737378
B29: =VLOOKUP(D29,廠價表!$C$1:$E$40,2,0) -> 義大利麵 | D29: 奶油起司蝦仁通心粉 | F29: =VLOOKUP(D29,廠價表!$C$1:$E$40,3,0) -> 47.71 | G29: 1494 | H29: =F29*G29 -> 71278.74 | J29: =VLOOKUP(D29,產線配置圖!$A$3:$C$39,2,0) -> 15 | K29: =VLOOKUP(D29,產線配置圖!$A$3:$C$39,3,0) -> 1500 | L29: =K29/J29 -> 100 | M29: 17 | N29: =G29/W29*60 -> 1572.6316 | O29: =N29/M29 -> 92.50774 | P29: =M29-J29 -> 2 | Q29: =O29-L29 -> -7.4922601 | R29: =O29/L29 -> 0.9250774 | T29: 0.43819444 | U29: 0.47777778 | V29: =(T29-U28)*24*60 -> 15 | W29: =(U29-T29)*24*60 -> 57 | AB29: =N29-K29 -> 72.631579 | AC29: =N29/K29 -> 1.0484211
B30: =VLOOKUP(D30,廠價表!$C$1:$E$40,2,0) -> 義大利麵 | D30: 奶油起司蝦仁通心粉 | F30: =VLOOKUP(D30,廠價表!$C$1:$E$40,3,0) -> 47.71 | G30: 1840 | H30: =F30*G30 -> 87786.4 | J30: =VLOOKUP(D30,產線配置圖!$A$3:$C$39,2,0) -> 15 | K30: =VLOOKUP(D30,產線配置圖!$A$3:$C$39,3,0) -> 1500 | L30: =K30/J30 -> 100 | M30: 17 | N30: =G30/W30*60 -> 1397.4684 | O30: =N30/M30 -> 82.204021 | P30: =M30-J30 -> 2 | Q30: =O30-L30 -> -17.795979 | R30: =O30/L30 -> 0.82204021 | T30: 0.54722222 | U30: 0.60208333 | V30: =(T30-U29)*24*60 -> 100 | W30: =(U30-T30)*24*60 -> 79 | X30: 0.48958333 | Y30: 0.53125 | AB30: =N30-K30 -> -102.53165 | AC30: =N30/K30 -> 0.93164557
W31: =(U31-T31)*24*60 -> 0
W32: =(U32-T32)*24*60 -> 0
H33: =F33*G33 -> 0 | W33: =(U33-T33)*24*60 -> 0
H34: =F34*G34 -> 0 | W34: =(U34-T34)*24*60 -> 0
H35: =F35*G35 -> 0 | W35: =(U35-T35)*24*60 -> 0
H36: =F36*G36 -> 0 | W36: =(U36-T36)*24*60 -> 0
C37: 4度二組B | D37: 平均 | J37: =AVERAGE(J27:J36) -> 16.25 | K37: =AVERAGE(K27:K36) -> 1487.5 | L37: =AVERAGE(L27:L36) -> 92.250817 | M37: =AVERAGE(M27:M36) -> 16.75 | N37: =AVERAGE(N27:N36) -> 1319.6407 | O37: =AVERAGE(O27:O36) -> 78.853811 | P37: =M37-J37 -> 0.5 | Q37: =N37-K37 -> -167.85935 | R37: =O37/L37 -> 0.85477629 | AB37: =N37-K37 -> -167.85935 | AC37: =N37/K37 -> 0.88715338
A38: 手工四線 (ET-55) | B38: 義大利麵 | D38: 焗烤明太子筆尖麵 | F38: =VLOOKUP(D38,廠價表!$C$1:$E$40,3,0) -> 57.3 | G38: 1676 | H38: =F38*G38 -> 96034.8 | J38: =VLOOKUP(D38,產線配置圖!$A$3:$C$39,2,0) -> 15 | K38: 1500 | L38: =K38/J38 -> 100 | M38: 15 | N38: =G38/W38*60 -> 1183.0588 | O38: =N38/M38 -> 78.870588 | P38: =M38-J38 -> 0 | Q38: =O38-L38 -> -21.129412 | R38: =O38/L38 -> 0.78870588 | S38: =R48 -> 0.75313472 | T38: 0.33333333 | U38: 0.39236111 | W38: =(U38-T38)*24*60 -> 85 | Z38: 8:04~8:10下貼標異常，收籃80盒 | AB38: =N38-K38 -> -316.94118 | AC38: =N38/K38 -> 0.78870588 | AD38: =AC48 -> 0.75313472
B39: 義大利麵 | D39: 濃拿坡里義大利麵 | F39: =VLOOKUP(D39,廠價表!$C$1:$E$40,3,0) -> 56.43 | G39: 926 | H39: =F39*G39 -> 52254.18 | J39: =VLOOKUP(D39,產線配置圖!$A$3:$C$39,2,0) -> 15 | K39: =VLOOKUP(D39,產線配置圖!$A$3:$C$39,3,0) -> 1406 | L39: =K39/J39 -> 93.733333 | M39: 15 | N39: =G39/W39*60 -> 926 | O39: =N39/M39 -> 61.733333 | P39: =M39-J39 -> 0 | Q39: =O39-L39 -> -32 | R39: =O39/L39 -> 0.65860597 | T39: 0.39930556 | U39: 0.44097222 | V39: =(T39-U38)*24*60 -> 10 | W39: =(U39-T39)*24*60 -> 60 | Z39: L型封膜機異常 | AB39: =N39-K39 -> -480 | AC39: =N39/K39 -> 0.65860597
B40: 義大利麵 | D40: 南洋紅咖哩豬義大利麵 | F40: =VLOOKUP(D40,廠價表!$C$1:$E$40,3,0) -> 56.43 | G40: 800 | H40: =F40*G40 -> 45144 | J40: =VLOOKUP(D40,產線配置圖!$A$3:$C$39,2,0) -> 15 | K40: =VLOOKUP(D40,產線配置圖!$A$3:$C$39,3,0) -> 1636 | L40: =K40/J40 -> 109.06667 | M40: 15 | N40: =G40/W40*60 -> 1263.1579 | O40: =N40/M40 -> 84.210526 | P40: =M40-J40 -> 0 | Q40: =O40-L40 -> -24.85614 | R40: =O40/L40 -> 0.7721014 | T40: 0.44791667 | U40: 0.47430556 | V40: =(T40-U39)*24*60 -> 10 | W40: =(U40-T40)*24*60 -> 38 | Z40: 生產數量少 | AB40: =N40-K40 -> -372.84211 | AC40: =N40/K40 -> 0.7721014
B41: 義大利麵 | D41: 濃拿坡里義大利麵 | F41: =VLOOKUP(D41,廠價表!$C$1:$E$40,3,0) -> 56.43 | G41: 646 | H41: =F41*G41 -> 36453.78 | J41: =VLOOKUP(D41,產線配置圖!$A$3:$C$39,2,0) -> 15 | K41: =VLOOKUP(D41,產線配置圖!$A$3:$C$39,3,0) -> 1406 | L41: =K41/J41 -> 93.733333 | M41: 15 | N41: =G41/W41*60 -> 1107.4286 | O41: =N41/M41 -> 73.828571 | P41: =M41-J41 -> 0 | Q41: =O41-L41 -> -19.904762 | R41: =O41/L41 -> 0.78764479 | T41: 0.53472222 | U41: 0.55902778 | V41: =(T41-U40)*24*60 -> 87 | W41: =(U41-T41)*24*60 -> 35 | X41: 0.52777778 | Y41: 0.56944444 | Z41: L型封膜機異常 | AB41: =N41-K41 -> -298.57143 | AC41: =N41/K41 -> 0.78764479
W42: =(U42-T42)*24*60 -> 0
W43: =(U43-T43)*24*60 -> 0
H44: =F44*G44 -> 0 | W44: =(U44-T44)*24*60 -> 0
H45: =F45*G45 -> 0 | W45: =(U45-T45)*24*60 -> 0
H46: =F46*G46 -> 0 | W46: =(U46-T46)*24*60 -> 0
H47: =F47*G47 -> 0 | W47: =(U47-T47)*24*60 -> 0
C48: 4度二組C1 | D48: 平均 | J48: =AVERAGE(J38:J47) -> 15 | K48: =AVERAGE(K38:K47) -> 1487 | L48: =AVERAGE(L38:L47) -> 99.133333 | M48: =AVERAGE(M38:M47) -> 15 | N48: =AVERAGE(N38:N47) -> 1119.9113 | O48: =AVERAGE(O38:O47) -> 74.660755 | P48: =M48-J48 -> 0 | Q48: =N48-K48 -> -367.08868 | R48: =O48/L48 -> 0.75313472 | W48: =(U48-T48)*24*60 -> 0 | AB48: =N48-K48 -> -367.08868 | AC48: =N48/K48 -> 0.75313472
A49: 手工五線 (ET-55) | B49: =VLOOKUP(D49,廠價表!$C$1:$E$40,2,0) -> 義大利麵 | D49: 剝皮辣椒雞奶油扁麵 | F49: =VLOOKUP(D49,廠價表!$C$1:$E$40,3,0) -> 56.87 | G49: 1504 | H49: =F49*G49 -> 85532.48 | J49: =VLOOKUP(D49,產線配置圖!$A$3:$C$39,2,0) -> 19 | K49: =VLOOKUP(D49,產線配置圖!$A$3:$C$39,3,0) -> 1565 | L49: =K49/J49 -> 82.368421 | M49: 18 | N49: =G49/W49*60 -> 1455.4839 | O49: =N49/M49 -> 80.860215 | P49: =M49-J49 -> -1 | Q49: =O49-L49 -> -1.508206 | R49: =O49/L49 -> 0.98168951 | S49: =R58 -> 0.96712508 | T49: 0.29166667 | U49: 0.33472222 | W49: =(U49-T49)*24*60 -> 62 | AB49: =N49-K49 -> -109.51613 | AC49: =N49/K49 -> 0.93002164 | AD49: =AC58 -> 0.94195587
B50: =VLOOKUP(D50,廠價表!$C$1:$E$40,2,0) -> 義大利麵 | D50: 焗烤起司雙饗筆尖麵 | F50: =VLOOKUP(D50,廠價表!$C$1:$E$40,3,0) -> 49.97 | G50: 4730 | H50: =F50*G50 -> 236358.1 | J50: =VLOOKUP(D50,產線配置圖!$A$3:$C$39,2,0) -> 18 | K50: =VLOOKUP(D50,產線配置圖!$A$3:$C$39,3,0) -> 1600 | L50: =K50/J50 -> 88.888889 | M50: 18 | N50: =G50/W50*60 -> 1525.8065 | O50: =N50/M50 -> 84.767025 | P50: =M50-J50 -> 0 | Q50: =O50-L50 -> -4.1218638 | R50: =O50/L50 -> 0.95362903 | T50: 0.34166667 | U50: 0.47083333 | V50: =(T50-U49)*24*60 -> 10 | W50: =(U50-T50)*24*60 -> 186 | AB50: =N50-K50 -> -74.193548 | AC50: =N50/K50 -> 0.95362903
W51: =(U51-T51)*24*60 -> 0 | AB51: =N51-K51 -> 0 | AC51: =N51/K51 -> #DIV/0!
W52: =(U52-T52)*24*60 -> 0 | AB52: =N52-K52 -> 0 | AC52: =N52/K52 -> #DIV/0!
W53: =(U53-T53)*24*60 -> 0
H54: =F54*G54 -> 0 | W54: =(U54-T54)*24*60 -> 0
H55: =F55*G55 -> 0 | W55: =(U55-T55)*24*60 -> 0
H56: =F56*G56 -> 0 | W56: =(U56-T56)*24*60 -> 0
H57: =F57*G57 -> 0 | W57: =(U57-T57)*24*60 -> 0
C58: 4度二組C2 | D58: 平均 | J58: =AVERAGE(J49:J57) -> 18.5 | K58: =AVERAGE(K49:K57) -> 1582.5 | L58: =AVERAGE(L49:L57) -> 85.628655 | M58: =AVERAGE(M49:M57) -> 18 | N58: =AVERAGE(N49:N57) -> 1490.6452 | O58: =AVERAGE(O49:O57) -> 82.81362 | P58: =M58-J58 -> -0.5 | Q58: =N58-K58 -> -91.854839 | R58: =O58/L58 -> 0.96712508 | AB58: =N58-K58 -> -91.854839 | AC58: =N58/K58 -> 0.94195587
A59: 調理包一線 (八爪機) | B59: =VLOOKUP(D59,廠價表!$C$1:$E$40,2,0) -> 小吃、微波 | D59: 小滷青蔬 | F59: =VLOOKUP(D59,廠價表!$C$1:$E$40,3,0) -> 26.99 | G59: 3303 | H59: =F59*G59 -> 89147.97 | J59: =VLOOKUP(D59,產線配置圖!$A$3:$C$39,2,0) -> 13 | K59: =VLOOKUP(D59,產線配置圖!$A$3:$C$39,3,0) -> 1565 | L59: =K59/J59 -> 120.38462 | M59: 13 | N59: =G59/W59*60 -> 1524.4615 | O59: =N59/M59 -> 117.26627 | P59: =M59-J59 -> 0 | Q59: =O59-L59 -> -3.1183432 | R59: =O59/L59 -> 0.97409683 | S59: =R69 -> 0.83714038 | T59: 0.29166667 | U59: 0.38194444 | W59: =(U59-T59)*24*60 -> 130 | AB59: =N59-K59 -> -40.538462 | AC59: =N59/K59 -> 0.97409683 | AD59: =AC69 -> 0.84065208
B60: =VLOOKUP(D60,廠價表!$C$1:$E$40,2,0) -> 小吃、微波 | D60: 起司馬鈴薯 | F60: =VLOOKUP(D60,廠價表!$C$1:$E$40,3,0) -> 28.26 | G60: 1882 | H60: =F60*G60 -> 53185.32 | J60: =VLOOKUP(D60,產線配置圖!$A$3:$C$39,2,0) -> 12 | K60: =VLOOKUP(D60,產線配置圖!$A$3:$C$39,3,0) -> 1565 | L60: =K60/J60 -> 130.41667 | M60: 12 | N60: =G60/W60*60 -> 1505.6 | O60: =N60/M60 -> 125.46667 | P60: =M60-J60 -> 0 | Q60: =O60-L60 -> -4.95 | R60: =O60/L60 -> 0.96204473 | T60: 0.38888889 | U60: 0.44097222 | V60: =(T60-U59)*24*60 -> 10 | W60: =(U60-T60)*24*60 -> 75 | AB60: =N60-K60 -> -59.4 | AC60: =N60/K60 -> 0.96204473
B61: =VLOOKUP(D61,廠價表!$C$1:$E$40,2,0) -> 小吃、微波 | D61: 台式綜合甜不辣 | F61: =VLOOKUP(D61,廠價表!$C$1:$E$40,3,0) -> 28.47 | G61: 382 | H61: =F61*G61 -> 10875.54 | J61: =VLOOKUP(D61,產線配置圖!$A$3:$C$39,2,0) -> 12 | K61: =VLOOKUP(D61,產線配置圖!$A$3:$C$39,3,0) -> 1565 | L61: =K61/J61 -> 130.41667 | M61: 12 | N61: =G61/W61*60 -> 916.8 | O61: =N61/M61 -> 76.4 | P61: =M61-J61 -> 0 | Q61: =O61-L61 -> -54.016667 | R61: =O61/L61 -> 0.5858147 | T61: 0.44444444 | U61: 0.46180556 | V61: =(T61-U60)*24*60 -> 5 | W61: =(U61-T61)*24*60 -> 25 | Z61: 人工作業 | AB61: =N61-K61 -> -648.2 | AC61: =N61/K61 -> 0.5858147
W62: =(U62-T62)*24*60 -> 0 | AB62: =N62-K62 -> 0 | AC62: =N62/K62 -> #DIV/0!
W63: =(U63-T63)*24*60 -> 0 | AB63: =N63-K63 -> 0 | AC63: =N63/K63 -> #DIV/0!
W64: =(U64-T64)*24*60 -> 0
W65: =(U65-T65)*24*60 -> 0
W66: =(U66-T66)*24*60 -> 0
H67: =F67*G67 -> 0 | W67: =(U67-T67)*24*60 -> 0
H68: =F68*G68 -> 0 | W68: =(U68-T68)*24*60 -> 0
C69: 4度三組 | D69: 平均 | J69: =AVERAGE(J59:J68) -> 12.333333 | K69: =AVERAGE(K59:K68) -> 1565 | L69: =AVERAGE(L59:L68) -> 127.07265 | M69: =AVERAGE(M59:M68) -> 12.333333 | N69: =AVERAGE(N59:N68) -> 1315.6205 | O69: =AVERAGE(O59:O68) -> 106.37765 | P69: =M69-J69 -> 0 | Q69: =N69-K69 -> -249.37949 | R69: =O69/L69 -> 0.83714038 | AB69: =N69-K69 -> -249.37949 | AC69: =N69/K69 -> 0.84065208
A70: 調理包二線 (手工) | S70: =R79 -> 0 | W70: =(U70-T70)*24*60 -> 0 | AB70: =N70-K70 -> 0 | AC70: =N70/K70 -> #DIV/0! | AD70: =AC79 -> #DIV/0!
W71: =(U71-T71)*24*60 -> 0
W72: =(U72-T72)*24*60 -> 0
W73: =(U73-T73)*24*60 -> 0
H74: =F74*G74 -> 0 | W74: =(U74-T74)*24*60 -> 0
H75: =F75*G75 -> 0 | W75: =(U75-T75)*24*60 -> 0
H76: =F76*G76 -> 0 | W76: =(U76-T76)*24*60 -> 0
H77: =F77*G77 -> 0 | W77: =(U77-T77)*24*60 -> 0
H78: =F78*G78 -> 0 | W78: =(U78-T78)*24*60 -> 0
C79: 4度四組 | D79: 平均 | J79: =AVERAGE(J70:J78) -> #DIV/0! | AB79: =N79-K79 -> 0 | AC79: =N79/K79 -> #DIV/0!
AF80: 1.當日出勤人數較多
AF81: 2.當日出勤人數較少
AF82: 3.當日出勤熟手較少
AF83: 4.當日出勤新人較多
AF84: 5.機台夾盒
AF85: 6.封膜不順
AF86: 7.更換膠膜
AF87: 8.更換碳帶
AF88: 9.當日熱轉印碳帶異常
AF89: 10.訂單量過少
AF90: 11.新品上市，尚未熟悉
AF91: 12.商品結構，產能較低
AF92: 13.區域出貨，分段生產

Sheet 1206總
B1: 長家廠組合室生產人時性分析
B3: 日期 | D3: 45997 | F3: 訂單量 | G3: ='1206'!E1 -> 42133 | I3: 營業額 | J3: ='1206'!G1 -> 2043011
B4: 項目 | D4: 3 | F4: ➀ | H4: ➁ | J4: ③
B5: 人時性 | D5: 組合室 | F5: 全溫層 | H5: 義大利麵 | J5: 袋裝小吃、義麵
D6: 排關平均 | F6: =AVERAGE(D13:J13) -> 118.82625 | H6: =AVERAGE(D13:H13) -> 117.17698 | J6: =AVERAGE(I13:J13) -> 127.07265
D7: 實績平均 | F7: =AVERAGE(D14:J14) -> 97.414677 | H7: =AVERAGE(D14:H14) -> 94.927422 | J7: =AVERAGE(I14:J14) -> 109.85095
D8: 達成率平均 | F8: =AVERAGE(D15:J15) -> 0.82541638 | H8: =AVERAGE(D15:H15) -> 0.81760494 | J8: =AVERAGE(I15:J15) -> 0.8644736 | L8: ※現行日本鮮食廠以達成率80%為基本(即為現行KPI)
B10: 溫層 | D10: 4度C-各編組展開
B11: 編組 | D11: 1 | E11: 2 | F11: 3 | G11: 4 | H11: 5 | I11: 6 | J11: 7
D12: 自動1線 | E12: 自動2線 | F12: 手工3線 | G12: 手工4線 | H12: 手工5線 | I12: 調理包1線 | J12: 調理包2線
B13: 人時性 | C13: 排關 | D13: =VALUE('1206'!L15) -> 143.87443 | E13: =VALUE('1206'!L26) -> 160.58974 | F13: =VALUE('1206'!L37) -> 92.250817 | G13: =VALUE('1206'!L48) -> 99.133333 | H13: =VALUE('1206'!L58) -> 90.03655 | I13: =VALUE('1206'!L69) -> 127.07265
C14: 實績 | D14: =VALUE('1206'!O15) -> 114.32248 | E14: =VALUE('1206'!O26) -> 125.05155 | F14: =VALUE('1206'!O37) -> 83.480037 | G14: =VALUE('1206'!O48) -> 74.564643 | H14: =VALUE('1206'!O58) -> 77.218396 | I14: =VALUE('1206'!O69) -> 109.85095
C15: 達成率 | D15: =D14/D13 -> 0.79459902 | E15: =E14/E13 -> 0.77870198 | F15: =F14/F13 -> 0.90492463 | G15: =G14/G13 -> 0.7521652 | H15: =H14/H13 -> 0.85763389 | I15: =I14/I13 -> 0.8644736
B16: 作業 時間 | C16: 開始 | D16: ='1206'!T5 -> 0.29027778 | E16: ='1206'!T16 -> 0.29027778 | F16: ='1206'!T27 -> 0.29166667 | G16: ='1206'!T38 -> 0.32986111 | H16: ='1206'!T49 -> 0.28888889 | I16: ='1206'!T59 -> 0.29166667
C17: 結束 | D17: 0.59166667 | E17: 0.63055556 | F17: 0.60416667 | G17: 0.62152778 | H17: 0.59166667 | I17: 0.48263889
B18: 配置人數 | D18: =VALUE('1206'!M15) -> 14 | E18: =VALUE('1206'!M26) -> 12.6 | F18: =VALUE('1206'!M37) -> 14.75 | G18: =VALUE('1206'!M48) -> 13 | H18: =VALUE('1206'!M58) -> 16.5 | I18: =VALUE('1206'!M69) -> 12.333333
B19: 主要應用設備 | D19: ET-600 | E19: ET-600 | F19: ET-55 | G19: ET-55 | H19: ET-55 | I19: 八爪機
B20: 次要應用設備 | H20: 封口機
B21: 備註

Sheet 1206
A1: 長家廠4度C日報分析 | D1: 總生產量 | E1: =SUM(G5:G79) -> 42133 | F1: 營業額 | G1: =SUM(H5:H79) -> 2043011 | H1: 出勤人數 | I1: =M15+M26+M48+M58+M69+M79+M37 -> 83.183333 | J1: 產線配置圖 | M1: 生產實績 | P1: 人時性差異分析 | T1: 日報登錄 | Z1: 分析說明 | AB1: 產能差異分析
A2: 12月06日 星期六 | D2: 人時性 | E2: =AVERAGE(O15,O26,O37,O48,O58,O69,O79) -> 97.414677 | F2: 平均廠價 | G2: =G1/E1 -> 48.489568 | H2: 多次生產數 | I2: =COUNT(I5:I79) -> 0
A3: 線別 | B3: 品類 | D3: 品名 | F3: 廠價 | G3: 生產量 | H3: 營收 | I3: 多次 生產 | J3: 人數 | K3: 產能/時 | L3: 人時性 | M3: 人數 | N3: 產能/時 | O3: 人時性 | P3: 人數 | Q3: 人時性 | R3: 達成率 | S3: 達成率平均 | T3: 生產時間 | V3: 前置、換線時間/分 | W3: 稼動時間/分 | X3: 休息時間 | AB3: 產能/時 | AC3: 達成率 | AD3: 達成率平均
T4: 開始 | U4: 結束 | X4: 開始 | Y4: 結束
A5: 自動一線 (ET-600) | B5: =VLOOKUP(D5,廠價表!$C$1:$E$40,2,0) -> 義大利麵 | D5: 白酒蛤蜊義大利麵 | F5: =VLOOKUP(D5,廠價表!$C$1:$E$40,3,0) -> 57.21 | G5: 1152 | H5: =F5*G5 -> 65905.92 | J5: =VLOOKUP(D5,產線配置圖!$A$3:$C$39,2,0) -> 13 | K5: =VLOOKUP(D5,產線配置圖!$A$3:$C$39,3,0) -> 2105 | L5: =K5/J5 -> 161.92308 | M5: 13 | N5: =G5/W5*60 -> 1502.6087 | O5: =N5/M5 -> 115.58528 | P5: =M5-J5 -> 0 | Q5: =O5-L5 -> -46.337793 | R5: =O5/L5 -> 0.71382836 | S5: =R15 -> 0.79459902 | T5: 0.29027778 | U5: 0.32222222 | W5: =(U5-T5)*24*60 -> 46 | Z5: 生產數量少 | AB5: =N5-K5 -> -602.3913 | AC5: =N5/K5 -> 0.71382836 | AD5: =AC15 -> 0.8002754
B6: =VLOOKUP(D6,廠價表!$C$1:$E$40,2,0) -> 義大利麵 | D6: 韓式起司炸雞義大利麵 | F6: =VLOOKUP(D6,廠價表!$C$1:$E$40,3,0) -> 57.21 | G6: 1648 | H6: =F6*G6 -> 94282.08 | J6: =VLOOKUP(D6,產線配置圖!$A$3:$C$39,2,0) -> 17 | K6: 1800 | L6: =K6/J6 -> 105.88235 | M6: 17 | N6: =G6/W6*60 -> 1620.9836 | O6: =N6/M6 -> 95.351977 | P6: =M6-J6 -> 0 | Q6: =O6-L6 -> -10.530376 | R6: =O6/L6 -> 0.90054645 | T6: 0.35208333 | U6: 0.39444444 | V6: =(T6-U5)*24*60 -> 43 | W6: =(U6-T6)*24*60 -> 61 | AB6: =N6-K6 -> -179.01639 | AC6: =N6/K6 -> 0.90054645
B7: =VLOOKUP(D7,廠價表!$C$1:$E$40,2,0) -> 義大利麵 | D7: 奶油培根義大利麵 | F7: =VLOOKUP(D7,廠價表!$C$1:$E$40,3,0) -> 49.14 | G7: 2891 | H7: =F7*G7 -> 142063.74 | J7: =VLOOKUP(D7,產線配置圖!$A$3:$C$39,2,0) -> 13 | K7: =VLOOKUP(D7,產線配置圖!$A$3:$C$39,3,0) -> 2000 | L7: =K7/J7 -> 153.84615 | M7: 13 | N7: =G7/W7*60 -> 1576.9091 | O7: =N7/M7 -> 121.3007 | P7: =M7-J7 -> 0 | Q7: =O7-L7 -> -32.545455 | R7: =O7/L7 -> 0.78845455 | T7: 0.40138889 | U7: 0.47777778 | V7: =(T7-U6)*24*60 -> 10 | W7: =(U7-T7)*24*60 -> 110 | Z7: 09:38-11:28玉取機頻繁停麵，總計共停13分鐘 | AB7: =N7-K7 -> -423.09091 | AC7: =N7/K7 -> 0.78845455
B8: =VLOOKUP(D8,廠價表!$C$1:$E$40,2,0) -> 義大利麵 | D8: 奶油培根義大利麵 | F8: =VLOOKUP(D8,廠價表!$C$1:$E$40,3,0) -> 49.14 | G8: 2005 | H8: =F8*G8 -> 98525.7 | J8: =VLOOKUP(D8,產線配置圖!$A$3:$C$39,2,0) -> 13 | K8: =VLOOKUP(D8,產線配置圖!$A$3:$C$39,3,0) -> 2000 | L8: =K8/J8 -> 153.84615 | M8: 13 | N8: =G8/W8*60 -> 1625.6757 | O8: =N8/M8 -> 125.05198 | P8: =M8-J8 -> 0 | Q8: =O8-L8 -> -28.794179 | R8: =O8/L8 -> 0.81283784 | T8: 0.54027778 | U8: 0.59166667 | V8: =(T8-U7)*24*60 -> 90 | W8: =(U8-T8)*24*60 -> 74 | Z8: 生產數量少 | AB8: =N8-K8 -> -374.32432 | AC8: =N8/K8 -> 0.81283784
W9: =(U9-T9)*24*60 -> 0 | AB9: =N9-K9 -> 0 | AC9: =N9/K9 -> #DIV/0!
W10: =(U10-T10)*24*60 -> 0
H11: =F11*G11 -> 0 | W11: =(U11-T11)*24*60 -> 0
H12: =F12*G12 -> 0 | W12: =(U12-T12)*24*60 -> 0
W13: =(U13-T13)*24*60 -> 0
W14: =(U14-T14)*24*60 -> 0
C15: 4度一組 | D15: 平均 | J15: =AVERAGE(J5:J14) -> 14 | K15: =AVERAGE(K5:K14) -> 1976.25 | L15: =AVERAGE(L5:L14) -> 143.87443 | M15: =AVERAGE(M5:M14) -> 14 | N15: =AVERAGE(N5:N14) -> 1581.5443 | O15: =AVERAGE(O5:O14) -> 114.32248 | P15: =M15-J15 -> 0 | Q15: =O15-L15 -> -29.551951 | R15: =O15/L15 -> 0.79459902 | AB15: =N15-K15 -> -394.70573 | AC15: =N15/K15 -> 0.8002754
A16: 自動二線 (ET-600) | B16: =VLOOKUP(D16,廠價表!$C$1:$E$40,2,0) -> 義大利麵 | D16: 白酒蛤蜊義大利麵 | F16: =VLOOKUP(D16,廠價表!$C$1:$E$40,3,0) -> 57.21 | G16: 1129 | H16: =F16*G16 -> 64590.09 | J16: =VLOOKUP(D16,產線配置圖!$A$3:$C$39,2,0) -> 13 | K16: =VLOOKUP(D16,產線配置圖!$A$3:$C$39,3,0) -> 2105 | L16: =K16/J16 -> 161.92308 | M16: 13 | N16: =G16/W16*60 -> 1612.8571 | O16: =N16/M16 -> 124.06593 | P16: =M16-J16 -> 0 | Q16: =O16-L16 -> -37.857143 | R16: =O16/L16 -> 0.76620292 | S16: =R26 -> 0.77870198 | T16: 0.29027778 | U16: 0.31944444 | W16: =(U16-T16)*24*60 -> 42 | Z16: 生產數量少 | AB16: =N16-K16 -> -492.14286 | AC16: =N16/K16 -> 0.76620292 | AD16: =AC26 -> 0.77678392
B17: =VLOOKUP(D17,廠價表!$C$1:$E$40,2,0) -> 義大利麵 | D17: 青醬蛤蜊義大利麵 | F17: =VLOOKUP(D17,廠價表!$C$1:$E$40,3,0) -> 50.67 | G17: 2431 | H17: =F17*G17 -> 123178.77 | J17: =VLOOKUP(D17,產線配置圖!$A$3:$C$39,2,0) -> 13 | K17: =VLOOKUP(D17,產線配置圖!$A$3:$C$39,3,0) -> 2000 | L17: =K17/J17 -> 153.84615 | M17: 13 | N17: =G17/W17*60 -> 1257.4138 | O17: =N17/M17 -> 96.724138 | P17: =M17-J17 -> 0 | Q17: =O17-L17 -> -57.122016 | R17: =O17/L17 -> 0.6287069 | T17: 0.32777778 | U17: 0.40833333 | V17: =(T17-U16)*24*60 -> 12 | W17: =(U17-T17)*24*60 -> 116 | Z17: 09:38-11:28玉取機頻繁停麵，總計共停13分鐘 | AB17: =N17-K17 -> -742.58621 | AC17: =N17/K17 -> 0.6287069
B18: =VLOOKUP(D18,廠價表!$C$1:$E$40,2,0) -> 義大利麵 | D18: 義式蕃茄起司義大利麵 | F18: =VLOOKUP(D18,廠價表!$C$1:$E$40,3,0) -> 50.39 | G18: 2171 | H18: =F18*G18 -> 109396.69 | J18: =VLOOKUP(D18,產線配置圖!$A$3:$C$39,2,0) -> 12 | K18: =VLOOKUP(D18,產線配置圖!$A$3:$C$39,3,0) -> 2000 | L18: =K18/J18 -> 166.66667 | M18: 12 | N18: =G18/W18*60 -> 1480.2273 | O18: =N18/M18 -> 123.35227 | P18: =M18-J18 -> 0 | Q18: =O18-L18 -> -43.314394 | R18: =O18/L18 -> 0.74011364 | T18: 0.41666667 | U18: 0.47777778 | V18: =(T18-U17)*24*60 -> 12 | W18: =(U18-T18)*24*60 -> 88 | Z18: 09:38-11:28玉取機頻繁停麵，總計共停13分鐘 | AB18: =N18-K18 -> -519.77273 | AC18: =N18/K18 -> 0.74011364
B19: =VLOOKUP(D19,廠價表!$C$1:$E$40,2,0) -> 義大利麵 | D19: 義式蕃茄起司義大利麵 | F19: =VLOOKUP(D19,廠價表!$C$1:$E$40,3,0) -> 50.39 | G19: 2085 | H19: =F19*G19 -> 105063.15 | J19: =VLOOKUP(D19,產線配置圖!$A$3:$C$39,2,0) -> 12 | K19: =VLOOKUP(D19,產線配置圖!$A$3:$C$39,3,0) -> 2000 | L19: =K19/J19 -> 166.66667 | M19: 12 | N19: =G19/W19*60 -> 1867.1642 | O19: =N19/M19 -> 155.59701 | P19: =M19-J19 -> 0 | Q19: =O19-L19 -> -11.069652 | R19: =O19/L19 -> 0.93358209 | T19: 0.54236111 | U19: 0.58888889 | V19: =(T19-U18)*24*60 -> 93 | W19: =(U19-T19)*24*60 -> 67 | X19: 0.48958333 | Y19: 0.53125 | AB19: =N19-K19 -> -132.83582 | AC19: =N19/K19 -> 0.93358209
B20: =VLOOKUP(D20,廠價表!$C$1:$E$40,2,0) -> 義大利麵 | D20: 青醬蛤蜊義大利麵 | F20: =VLOOKUP(D20,廠價表!$C$1:$E$40,3,0) -> 50.67 | G20: 1251 | H20: =F20*G20 -> 63388.17 | J20: =VLOOKUP(D20,產線配置圖!$A$3:$C$39,2,0) -> 13 | K20: =VLOOKUP(D20,產線配置圖!$A$3:$C$39,3,0) -> 2000 | L20: =K20/J20 -> 153.84615 | M20: 13 | N20: =G20/W20*60 -> 1631.7391 | O20: =N20/M20 -> 125.51839 | P20: =M20-J20 -> 0 | Q20: =O20-L20 -> -28.327759 | R20: =O20/L20 -> 0.81586957 | T20: 0.59861111 | U20: 0.63055556 | W20: =(U20-T20)*24*60 -> 46 | AB20: =N20-K20 -> -368.26087 | AC20: =N20/K20 -> 0.81586957
W21: =(U21-T21)*24*60 -> 0
H22: =F22*G22 -> 0 | W22: 0
W23: =(U23-T23)*24*60 -> 0
H24: =F24*G24 -> 0 | W24: =(U24-T24)*24*60 -> 0
H25: =F25*G25 -> 0 | W25: =(U25-T25)*24*60 -> 0
C26: 4度二組A | D26: 平均 | J26: =AVERAGE(J16:J25) -> 12.6 | K26: =AVERAGE(K16:K25) -> 2021 | L26: =AVERAGE(L16:L25) -> 160.58974 | M26: =AVERAGE(M16:M25) -> 12.6 | N26: =AVERAGE(N16:N25) -> 1569.8803 | O26: =AVERAGE(O16:O25) -> 125.05155 | P26: =M26-J26 -> 0 | Q26: =O26-L26 -> -35.538193 | R26: =O26/L26 -> 0.77870198 | AB26: =N26-K26 -> -451.1197 | AC26: =N26/K26 -> 0.77678392
A27: 手工三線 (ET-55) | B27: =VLOOKUP(D27,廠價表!$C$1:$E$40,2,0) -> 熱乾麵 | D27: 青花椒麻雞肉拌麵 | F27: =VLOOKUP(D27,廠價表!$C$1:$E$40,3,0) -> 49.91 | G27: 2424 | H27: =F27*G27 -> 120981.84 | J27: =VLOOKUP(D27,產線配置圖!$A$3:$C$39,2,0) -> 17 | K27: =VLOOKUP(D27,產線配置圖!$A$3:$C$39,3,0) -> 1565 | L27: =K27/J27 -> 92.058824 | M27: 14 | N27: =G27/W27*60 -> 1163.52 | O27: =N27/M27 -> 83.108571 | P27: =M27-J27 -> -3 | Q27: =O27-L27 -> -8.9502521 | R27: =O27/L27 -> 0.90277681 | S27: =R37 -> 0.90492463 | T27: 0.29166667 | U27: 0.37847222 | W27: =(U27-T27)*24*60 -> 125 | AB27: =N27-K27 -> -401.48 | AC27: =N27/K27 -> 0.74346326 | AD27: =AC37 -> 0.82784767
B28: =VLOOKUP(D28,廠價表!$C$1:$E$40,2,0) -> 義大利麵 | D28: 奶油蒜香雞義大利麵 | F28: =VLOOKUP(D28,廠價表!$C$1:$E$40,3,0) -> 55.13 | G28: 1588 | H28: =F28*G28 -> 87546.44 | J28: =VLOOKUP(D28,產線配置圖!$A$3:$C$39,2,0) -> 18 | K28: =VLOOKUP(D28,產線配置圖!$A$3:$C$39,3,0) -> 1385 | L28: =K28/J28 -> 76.944444 | M28: 15 | N28: =G28/W28*60 -> 1058.6667 | O28: =N28/M28 -> 70.577778 | P28: =M28-J28 -> -3 | Q28: =O28-L28 -> -6.3666667 | R28: =O28/L28 -> 0.91725632 | T28: 0.38888889 | U28: 0.45138889 | V28: =(T28-U27)*24*60 -> 15 | W28: =(U28-T28)*24*60 -> 90 | AB28: =N28-K28 -> -326.33333 | AC28: =N28/K28 -> 0.76438026
B29: =VLOOKUP(D29,廠價表!$C$1:$E$40,2,0) -> 義大利麵 | D29: 奶油起司蝦仁通心粉 | F29: =VLOOKUP(D29,廠價表!$C$1:$E$40,3,0) -> 47.71 | G29: 1067 | H29: =F29*G29 -> 50906.57 | J29: =VLOOKUP(D29,產線配置圖!$A$3:$C$39,2,0) -> 15 | K29: =VLOOKUP(D29,產線配置圖!$A$3:$C$39,3,0) -> 1500 | L29: =K29/J29 -> 100 | M29: 15 | N29: =G29/W29*60 -> 1362.1277 | O29: =N29/M29 -> 90.808511 | P29: =M29-J29 -> 0 | Q29: =O29-L29 -> -9.1914894 | R29: =O29/L29 -> 0.90808511 | T29: 0.45555556 | U29: 0.48819444 | V29: =(T29-U28)*24*60 -> 6 | W29: =(U29-T29)*24*60 -> 47 | AB29: =N29-K29 -> -137.87234 | AC29: =N29/K29 -> 0.90808511
B30: =VLOOKUP(D30,廠價表!$C$1:$E$40,2,0) -> 義大利麵 | D30: 奶油起司蝦仁通心粉 | F30: =VLOOKUP(D30,廠價表!$C$1:$E$40,3,0) -> 47.71 | G30: 1945 | H30: =F30*G30 -> 92795.95 | J30: =VLOOKUP(D30,產線配置圖!$A$3:$C$39,2,0) -> 15 | K30: =VLOOKUP(D30,產線配置圖!$A$3:$C$39,3,0) -> 1500 | L30: =K30/J30 -> 100 | M30: 15 | N30: =G30/W30*60 -> 1341.3793 | O30: =N30/M30 -> 89.425287 | P30: =M30-J30 -> 0 | Q30: =O30-L30 -> -10.574713 | R30: =O30/L30 -> 0.89425287 | T30: 0.54375 | U30: 0.60416667 | V30: =(T30-U29)*24*60 -> 80 | W30: =(U30-T30)*24*60 -> 87 | X30: 0.48958333 | Y30: 0.53125 | AB30: =N30-K30 -> -158.62069 | AC30: =N30/K30 -> 0.89425287
W31: =(U31-T31)*24*60 -> 0
W32: =(U32-T32)*24*60 -> 0
H33: =F33*G33 -> 0 | W33: =(U33-T33)*24*60 -> 0
H34: =F34*G34 -> 0 | W34: =(U34-T34)*24*60 -> 0
H35: =F35*G35 -> 0 | W35: =(U35-T35)*24*60 -> 0
H36: =F36*G36 -> 0 | W36: =(U36-T36)*24*60 -> 0
C37: 4度二組B | D37: 平均 | J37: =AVERAGE(J27:J36) -> 16.25 | K37: =AVERAGE(K27:K36) -> 1487.5 | L37: =AVERAGE(L27:L36) -> 92.250817 | M37: =AVERAGE(M27:M36) -> 14.75 | N37: =AVERAGE(N27:N36) -> 1231.4234 | O37: =AVERAGE(O27:O36) -> 83.480037 | P37: =M37-J37 -> -1.5 | Q37: =N37-K37 -> -256.07659 | R37: =O37/L37 -> 0.90492463 | AB37: =N37-K37 -> -256.07659 | AC37: =N37/K37 -> 0.82784767
A38: 手工四線 (ET-55) | B38: 義大利麵 | D38: 焗烤明太子筆尖麵 | F38: =VLOOKUP(D38,廠價表!$C$1:$E$40,3,0) -> 57.3 | G38: 1810 | H38: =F38*G38 -> 103713 | J38: =VLOOKUP(D38,產線配置圖!$A$3:$C$39,2,0) -> 15 | K38: 1500 | L38: =K38/J38 -> 100 | M38: 13 | N38: =G38/W38*60 -> 1044.2308 | O38: =N38/M38 -> 80.325444 | P38: =M38-J38 -> -2 | Q38: =O38-L38 -> -19.674556 | R38: =O38/L38 -> 0.80325444 | S38: =R48 -> 0.7521652 | T38: 0.32986111 | U38: 0.40208333 | W38: =(U38-T38)*24*60 -> 104 | AB38: =N38-K38 -> -455.76923 | AC38: =N38/K38 -> 0.69615385 | AD38: =AC48 -> 0.6518765
B39: 義大利麵 | D39: 濃拿坡里義大利麵 | F39: =VLOOKUP(D39,廠價表!$C$1:$E$40,3,0) -> 56.43 | G39: 829 | H39: =F39*G39 -> 46780.47 | J39: =VLOOKUP(D39,產線配置圖!$A$3:$C$39,2,0) -> 15 | K39: =VLOOKUP(D39,產線配置圖!$A$3:$C$39,3,0) -> 1406 | L39: =K39/J39 -> 93.733333 | M39: 13 | N39: =G39/W39*60 -> 956.53846 | O39: =N39/M39 -> 73.579882 | P39: =M39-J39 -> -2 | Q39: =O39-L39 -> -20.153452 | R39: =O39/L39 -> 0.78499163 | T39: 0.41041667 | U39: 0.44652778 | V39: =(T39-U38)*24*60 -> 12 | W39: =(U39-T39)*24*60 -> 52 | Z39: L型封膜機異常 | AB39: =N39-K39 -> -449.46154 | AC39: =N39/K39 -> 0.68032608
B40: 義大利麵 | D40: 南洋紅咖哩豬義大利麵 | F40: =VLOOKUP(D40,廠價表!$C$1:$E$40,3,0) -> 56.43 | G40: 1436 | H40: =F40*G40 -> 81033.48 | J40: =VLOOKUP(D40,產線配置圖!$A$3:$C$39,2,0) -> 15 | K40: =VLOOKUP(D40,產線配置圖!$A$3:$C$39,3,0) -> 1636 | L40: =K40/J40 -> 109.06667 | M40: 13 | N40: =G40/W40*60 -> 1148.8 | O40: =N40/M40 -> 88.369231 | P40: =M40-J40 -> -2 | Q40: =O40-L40 -> -20.697436 | R40: =O40/L40 -> 0.81023133 | T40: 0.45138889 | U40: 0.50347222 | V40: =(T40-U39)*24*60 -> 7 | W40: =(U40-T40)*24*60 -> 75 | AB40: =N40-K40 -> -487.2 | AC40: =N40/K40 -> 0.70220049
B41: 義大利麵 | D41: 濃拿坡里義大利麵 | F41: =VLOOKUP(D41,廠價表!$C$1:$E$40,3,0) -> 56.43 | G41: 934 | H41: =F41*G41 -> 52705.62 | J41: =VLOOKUP(D41,產線配置圖!$A$3:$C$39,2,0) -> 15 | K41: =VLOOKUP(D41,產線配置圖!$A$3:$C$39,3,0) -> 1406 | L41: =K41/J41 -> 93.733333 | M41: 13 | N41: =G41/W41*60 -> 727.79221 | O41: =N41/M41 -> 55.984016 | P41: =M41-J41 -> -2 | Q41: =O41-L41 -> -37.749317 | R41: =O41/L41 -> 0.59726902 | T41: 0.56805556 | U41: 0.62152778 | V41: =(T41-U40)*24*60 -> 93 | W41: =(U41-T41)*24*60 -> 77 | X41: 0.52777778 | Y41: 0.56944444 | Z41: L型封膜機異常 | AB41: =N41-K41 -> -678.20779 | AC41: =N41/K41 -> 0.51763315
W42: =(U42-T42)*24*60 -> 0
W43: =(U43-T43)*24*60 -> 0
H44: =F44*G44 -> 0 | W44: =(U44-T44)*24*60 -> 0
H45: =F45*G45 -> 0 | W45: =(U45-T45)*24*60 -> 0
H46: =F46*G46 -> 0 | W46: =(U46-T46)*24*60 -> 0
H47: =F47*G47 -> 0 | W47: =(U47-T47)*24*60 -> 0
C48: 4度二組C1 | D48: 平均 | J48: =AVERAGE(J38:J47) -> 15 | K48: =AVERAGE(K38:K47) -> 1487 | L48: =AVERAGE(L38:L47) -> 99.133333 | M48: =AVERAGE(M38:M47) -> 13 | N48: =AVERAGE(N38:N47) -> 969.34036 | O48: =AVERAGE(O38:O47) -> 74.564643 | P48: =M48-J48 -> -2 | Q48: =N48-K48 -> -517.65964 | R48: =O48/L48 -> 0.7521652 | W48: =(U48-T48)*24*60 -> 0 | AB48: =N48-K48 -> -517.65964 | AC48: =N48/K48 -> 0.6518765
A49: 手工五線 (ET-55) | B49: =VLOOKUP(D49,廠價表!$C$1:$E$40,2,0) -> 義大利麵 | D49: 剝皮辣椒雞奶油扁麵 | F49: =VLOOKUP(D49,廠價表!$C$1:$E$40,3,0) -> 56.87 | G49: 1632 | H49: =F49*G49 -> 92811.84 | J49: =VLOOKUP(D49,產線配置圖!$A$3:$C$39,2,0) -> 19 | K49: =VLOOKUP(D49,產線配置圖!$A$3:$C$39,3,0) -> 1565 | L49: =K49/J49 -> 82.368421 | M49: 17 | N49: =G49/W49*60 -> 1360 | O49: =N49/M49 -> 80 | P49: =M49-J49 -> -2 | Q49: =O49-L49 -> -2.3684211 | R49: =O49/L49 -> 0.97124601 | S49: =R58 -> 0.85763389 | T49: 0.28888889 | U49: 0.33888889 | W49: =(U49-T49)*24*60 -> 72 | AB49: =N49-K49 -> -205 | AC49: =N49/K49 -> 0.86900958 | AD49: =AC58 -> 0.81541665
B50: =VLOOKUP(D50,廠價表!$C$1:$E$40,2,0) -> 義大利麵 | D50: 焗烤起司雙饗筆尖麵 | F50: =VLOOKUP(D50,廠價表!$C$1:$E$40,3,0) -> 49.97 | G50: 4098 | H50: =F50*G50 -> 204777.06 | J50: =VLOOKUP(D50,產線配置圖!$A$3:$C$39,2,0) -> 18 | K50: =VLOOKUP(D50,產線配置圖!$A$3:$C$39,3,0) -> 1600 | L50: =K50/J50 -> 88.888889 | M50: 17 | N50: =G50/W50*60 -> 1472.3353 | O50: =N50/M50 -> 86.607961 | P50: =M50-J50 -> -1 | Q50: =O50-L50 -> -2.2809283 | R50: =O50/L50 -> 0.97433956 | T50: 0.34583333 | U50: 0.46180556 | V50: =(T50-U49)*24*60 -> 10 | W50: =(U50-T50)*24*60 -> 167 | AB50: =N50-K50 -> -127.66467 | AC50: =N50/K50 -> 0.92020958
B51: =VLOOKUP(D51,廠價表!$C$1:$E$40,2,0) -> 義大利麵 | D51: 焗烤起司雙饗筆尖麵 | F51: =VLOOKUP(D51,廠價表!$C$1:$E$40,3,0) -> 49.97 | G51: 1021 | H51: =F51*G51 -> 51019.37 | J51: =VLOOKUP(D51,產線配置圖!$A$3:$C$39,2,0) -> 18 | K51: =VLOOKUP(D51,產線配置圖!$A$3:$C$39,3,0) -> 1600 | L51: =K51/J51 -> 88.888889 | M51: 16 | N51: =G51/W51*60 -> 1276.25 | O51: =N51/M51 -> 79.765625 | P51: =M51-J51 -> -2 | Q51: =O51-L51 -> -9.1232639 | R51: =O51/L51 -> 0.89736328 | T51: 0.52986111 | U51: 0.56319444 | V51: =(T51-U50)*24*60 -> 98 | W51: =(U51-T51)*24*60 -> 48 | AB51: =N51-K51 -> -323.75 | AC51: =N51/K51 -> 0.79765625
B52: =VLOOKUP(D52,廠價表!$C$1:$E$40,2,0) -> 義大利麵 | D52: 奶油起司蝦仁通心粉 | F52: =VLOOKUP(D52,廠價表!$C$1:$E$40,3,0) -> 47.71 | G52: 500 | H52: =F52*G52 -> 23855 | J52: =VLOOKUP(D52,產線配置圖!$A$3:$C$39,2,0) -> 15 | K52: =VLOOKUP(D52,產線配置圖!$A$3:$C$39,3,0) -> 1500 | L52: =K52/J52 -> 100 | M52: 16 | N52: =G52/W52*60 -> 1000 | O52: =N52/M52 -> 62.5 | P52: =M52-J52 -> 1 | Q52: =O52-L52 -> -37.5 | R52: =O52/L52 -> 0.625 | T52: 0.57083333 | U52: 0.59166667 | V52: =(T52-U51)*24*60 -> 11 | W52: =(U52-T52)*24*60 -> 30 | Z52: 生產數量少 | AB52: =N52-K52 -> -500 | AC52: =N52/K52 -> 0.66666667
W53: =(U53-T53)*24*60 -> 0
H54: =F54*G54 -> 0 | W54: =(U54-T54)*24*60 -> 0
H55: =F55*G55 -> 0 | W55: =(U55-T55)*24*60 -> 0
H56: =F56*G56 -> 0 | W56: =(U56-T56)*24*60 -> 0
H57: =F57*G57 -> 0 | W57: =(U57-T57)*24*60 -> 0
C58: 4度二組C2 | D58: 平均 | J58: =AVERAGE(J49:J57) -> 17.5 | K58: =AVERAGE(K49:K57) -> 1566.25 | L58: =AVERAGE(L49:L57) -> 90.03655 | M58: =AVERAGE(M49:M57) -> 16.5 | N58: =AVERAGE(N49:N57) -> 1277.1463 | O58: =AVERAGE(O49:O57) -> 77.218396 | P58: =M58-J58 -> -1 | Q58: =N58-K58 -> -289.10367 | R58: =O58/L58 -> 0.85763389 | AB58: =N58-K58 -> -289.10367 | AC58: =N58/K58 -> 0.81541665
A59: 調理包一線 (八爪機) | B59: =VLOOKUP(D59,廠價表!$C$1:$E$40,2,0) -> 小吃、微波 | D59: 小滷青蔬 | F59: =VLOOKUP(D59,廠價表!$C$1:$E$40,3,0) -> 26.99 | G59: 3481 | H59: =F59*G59 -> 93952.19 | J59: =VLOOKUP(D59,產線配置圖!$A$3:$C$39,2,0) -> 13 | K59: =VLOOKUP(D59,產線配置圖!$A$3:$C$39,3,0) -> 1565 | L59: =K59/J59 -> 120.38462 | M59: 13 | N59: =G59/W59*60 -> 1547.1111 | O59: =N59/M59 -> 119.00855 | P59: =M59-J59 -> 0 | Q59: =O59-L59 -> -1.3760684 | R59: =O59/L59 -> 0.9885694 | S59: =R69 -> 0.8644736 | T59: 0.29166667 | U59: 0.38541667 | W59: =(U59-T59)*24*60 -> 135 | AB59: =N59-K59 -> -17.888889 | AC59: =N59/K59 -> 0.9885694 | AD59: =AC69 -> 0.86765554
B60: =VLOOKUP(D60,廠價表!$C$1:$E$40,2,0) -> 小吃、微波 | D60: 台式綜合甜不辣 | F60: =VLOOKUP(D60,廠價表!$C$1:$E$40,3,0) -> 28.47 | G60: 574 | H60: =F60*G60 -> 16341.78 | J60: =VLOOKUP(D60,產線配置圖!$A$3:$C$39,2,0) -> 12 | K60: =VLOOKUP(D60,產線配置圖!$A$3:$C$39,3,0) -> 1565 | L60: =K60/J60 -> 130.41667 | M60: 12 | N60: =G60/W60*60 -> 984 | O60: =N60/M60 -> 82 | P60: =M60-J60 -> 0 | Q60: =O60-L60 -> -48.416667 | R60: =O60/L60 -> 0.62875399 | T60: 0.39583333 | U60: 0.42013889 | V60: =(T60-U59)*24*60 -> 15 | W60: =(U60-T60)*24*60 -> 35 | Z60: 生產數量少、手工作業 | AB60: =N60-K60 -> -581 | AC60: =N60/K60 -> 0.62875399
B61: =VLOOKUP(D61,廠價表!$C$1:$E$40,2,0) -> 小吃、微波 | D61: 起司馬鈴薯 | F61: =VLOOKUP(D61,廠價表!$C$1:$E$40,3,0) -> 28.26 | G61: 2031 | H61: =F61*G61 -> 57396.06 | J61: =VLOOKUP(D61,產線配置圖!$A$3:$C$39,2,0) -> 12 | K61: =VLOOKUP(D61,產線配置圖!$A$3:$C$39,3,0) -> 1565 | L61: =K61/J61 -> 130.41667 | M61: 12 | N61: =G61/W61*60 -> 1542.5316 | O61: =N61/M61 -> 128.5443 | P61: =M61-J61 -> 0 | Q61: =O61-L61 -> -1.8723629 | R61: =O61/L61 -> 0.98564322 | T61: 0.42777778 | U61: 0.48263889 | V61: =(T61-U60)*24*60 -> 11 | W61: =(U61-T61)*24*60 -> 79 | AB61: =N61-K61 -> -22.468354 | AC61: =N61/K61 -> 0.98564322
W62: =(U62-T62)*24*60 -> 0
W63: =(U63-T63)*24*60 -> 0
W64: =(U64-T64)*24*60 -> 0
W65: =(U65-T65)*24*60 -> 0
W66: =(U66-T66)*24*60 -> 0
H67: =F67*G67 -> 0 | W67: =(U67-T67)*24*60 -> 0
H68: =F68*G68 -> 0 | W68: =(U68-T68)*24*60 -> 0
C69: 4度三組 | D69: 平均 | J69: =AVERAGE(J59:J68) -> 12.333333 | K69: =AVERAGE(K59:K68) -> 1565 | L69: =AVERAGE(L59:L68) -> 127.07265 | M69: =AVERAGE(M59:M68) -> 12.333333 | N69: =AVERAGE(N59:N68) -> 1357.8809 | O69: =AVERAGE(O59:O68) -> 109.85095 | P69: =M69-J69 -> 0 | Q69: =N69-K69 -> -207.11908 | R69: =O69/L69 -> 0.8644736 | AB69: =N69-K69 -> -207.11908 | AC69: =N69/K69 -> 0.86765554
A70: 調理包二線 (手工) | S70: =R79 -> 0 | W70: =(U70-T70)*24*60 -> 0 | AB70: =N70-K70 -> 0 | AC70: =N70/K70 -> #DIV/0! | AD70: =AC79 -> #DIV/0!
W71: =(U71-T71)*24*60 -> 0
W72: =(U72-T72)*24*60 -> 0
W73: =(U73-T73)*24*60 -> 0
H74: =F74*G74 -> 0 | W74: =(U74-T74)*24*60 -> 0
H75: =F75*G75 -> 0 | W75: =(U75-T75)*24*60 -> 0
H76: =F76*G76 -> 0 | W76: =(U76-T76)*24*60 -> 0
H77: =F77*G77 -> 0 | W77: =(U77-T77)*24*60 -> 0
H78: =F78*G78 -> 0 | W78: =(U78-T78)*24*60 -> 0
C79: 4度四組 | D79: 平均 | J79: =AVERAGE(J70:J78) -> #DIV/0! | AB79: =N79-K79 -> 0 | AC79: =N79/K79 -> #DIV/0!
AF80: 1.當日出勤人數較多
AF81: 2.當日出勤人數較少
AF82: 3.當日出勤熟手較少
AF83: 4.當日出勤新人較多
AF84: 5.機台夾盒
AF85: 6.封膜不順
AF86: 7.更換膠膜
AF87: 8.更換碳帶
AF88: 9.當日熱轉印碳帶異常
AF89: 10.訂單量過少
AF90: 11.新品上市，尚未熟悉
AF91: 12.商品結構，產能較低
AF92: 13.區域出貨，分段生產

Sheet 1207總
B1: 長家廠組合室生產人時性分析
B3: 日期 | D3: 45998 | F3: 訂單量 | G3: ='1207'!E1 -> 52933 | I3: 營業額 | J3: ='1207'!G1 -> 2564166.6
B4: 項目 | D4: 3 | F4: ➀ | H4: ➁ | J4: ③
B5: 人時性 | D5: 組合室 | F5: 全溫層 | H5: 義大利麵 | J5: 袋裝小吃、義麵
D6: 排關平均 | F6: =AVERAGE(D13:J13) -> 117.05645 | H6: =AVERAGE(D13:H13) -> 115.38761 | J6: =AVERAGE(I13:J13) -> 125.40064
D7: 實績平均 | F7: =AVERAGE(D14:J14) -> 101.88338 | H7: =AVERAGE(D14:H14) -> 102.46335 | J7: =AVERAGE(I14:J14) -> 98.983539
D8: 達成率平均 | F8: =AVERAGE(D15:J15) -> 0.87113711 | H8: =AVERAGE(D15:H15) -> 0.88749686 | J8: =AVERAGE(I15:J15) -> 0.78933838 | L8: ※現行日本鮮食廠以達成率80%為基本(即為現行KPI)
B10: 溫層 | D10: 4度C-各編組展開
B11: 編組 | D11: 1 | E11: 2 | F11: 3 | G11: 4 | H11: 5 | I11: 6 | J11: 7
D12: 自動1線 | E12: 自動2線 | F12: 手工3線 | G12: 手工4線 | H12: 手工5線 | I12: 調理包1線 | J12: 調理包2線
B13: 人時性 | C13: 排關 | D13: =VALUE('1207'!L15) -> 136.91288 | E13: =VALUE('1207'!L26) -> 160.58974 | F13: =VALUE('1207'!L37) -> 92.250817 | G13: =VALUE('1207'!L48) -> 99.133333 | H13: =VALUE('1207'!L58) -> 88.051256 | I13: =VALUE('1207'!L69) -> 125.40064
C14: 實績 | D14: =VALUE('1207'!O15) -> 118.29118 | E14: =VALUE('1207'!O26) -> 148.45041 | F14: =VALUE('1207'!O37) -> 83.432358 | G14: =VALUE('1207'!O48) -> 76.228486 | H14: =VALUE('1207'!O58) -> 85.914339 | I14: =VALUE('1207'!O69) -> 98.983539
C15: 達成率 | D15: =D14/D13 -> 0.86398866 | E15: =E14/E13 -> 0.92440776 | F15: =F14/F13 -> 0.90440779 | G15: =G14/G13 -> 0.76894908 | H15: =H14/H13 -> 0.97573099 | I15: =I14/I13 -> 0.78933838
B16: 作業 時間 | C16: 開始 | D16: ='1207'!T5 -> 0.29027778 | E16: ='1207'!T16 -> 0.29027778 | F16: ='1207'!T27 -> 0.29166667 | G16: ='1207'!T38 -> 0.33333333 | H16: ='1207'!T49 -> 0.29027778 | I16: ='1207'!T59 -> 0.29166667
C17: 結束 | D17: 0.63472222 | E17: 0.63819444 | F17: 0.64583333 | G17: 0.61111111 | H17: 0.63611111 | I17: 0.58333333
B18: 配置人數 | D18: =VALUE('1207'!M15) -> 14.2 | E18: =VALUE('1207'!M26) -> 12.6 | F18: =VALUE('1207'!M37) -> 14.75 | G18: =VALUE('1207'!M48) -> 13.75 | H18: =VALUE('1207'!M58) -> 18 | I18: =VALUE('1207'!M69) -> 12.5
B19: 主要應用設備 | D19: ET-600 | E19: ET-600 | F19: ET-55 | G19: ET-55 | H19: ET-55 | I19: 八爪機
B20: 次要應用設備 | H20: 封口機
B21: 備註

Sheet 1207
A1: 長家廠4度C日報分析 | D1: 總生產量 | E1: =SUM(G5:G79) -> 52933 | F1: 營業額 | G1: =SUM(H5:H79) -> 2564166.6 | H1: 出勤人數 | I1: =M15+M26+M48+M58+M69+M79+M37 -> 85.8 | J1: 產線配置圖 | M1: 生產實績 | P1: 人時性差異分析 | T1: 日報登錄 | Z1: 分析說明 | AB1: 產能差異分析
A2: 12月07日 星期日 | D2: 人時性 | E2: =AVERAGE(O15,O26,O37,O48,O58,O69,O79) -> 101.88338 | F2: 平均廠價 | G2: =G1/E1 -> 48.441739 | H2: 多次生產數 | I2: =COUNT(I5:I79) -> 0
A3: 線別 | B3: 品類 | D3: 品名 | F3: 廠價 | G3: 生產量 | H3: 營收 | I3: 多次 生產 | J3: 人數 | K3: 產能/時 | L3: 人時性 | M3: 人數 | N3: 產能/時 | O3: 人時性 | P3: 人數 | Q3: 人時性 | R3: 達成率 | S3: 達成率平均 | T3: 生產時間 | V3: 前置、換線時間/分 | W3: 稼動時間/分 | X3: 休息時間 | AB3: 產能/時 | AC3: 達成率 | AD3: 達成率平均
T4: 開始 | U4: 結束 | X4: 開始 | Y4: 結束
A5: 自動一線 (ET-600) | B5: =VLOOKUP(D5,廠價表!$C$1:$E$40,2,0) -> 義大利麵 | D5: 白酒蛤蜊義大利麵 | F5: =VLOOKUP(D5,廠價表!$C$1:$E$40,3,0) -> 57.21 | G5: 1492 | H5: =F5*G5 -> 85357.32 | J5: =VLOOKUP(D5,產線配置圖!$A$3:$C$39,2,0) -> 13 | K5: =VLOOKUP(D5,產線配置圖!$A$3:$C$39,3,0) -> 2105 | L5: =K5/J5 -> 161.92308 | M5: 13 | N5: =G5/W5*60 -> 1826.9388 | O5: =N5/M5 -> 140.53375 | P5: =M5-J5 -> 0 | Q5: =O5-L5 -> -21.389325 | R5: =O5/L5 -> 0.86790441 | S5: =R15 -> 0.86398866 | T5: 0.29027778 | U5: 0.32430556 | W5: =(U5-T5)*24*60 -> 49 | AB5: =N5-K5 -> -278.06122 | AC5: =N5/K5 -> 0.86790441 | AD5: =AC15 -> 0.85461827
B6: =VLOOKUP(D6,廠價表!$C$1:$E$40,2,0) -> 義大利麵 | D6: 韓式起司炸雞義大利麵 | F6: =VLOOKUP(D6,廠價表!$C$1:$E$40,3,0) -> 57.21 | G6: 1674 | H6: =F6*G6 -> 95769.54 | J6: =VLOOKUP(D6,產線配置圖!$A$3:$C$39,2,0) -> 17 | K6: 1800 | L6: =K6/J6 -> 105.88235 | M6: 17 | N6: =G6/W6*60 -> 1287.6923 | O6: =N6/M6 -> 75.746606 | P6: =M6-J6 -> 0 | Q6: =O6-L6 -> -30.135747 | R6: =O6/L6 -> 0.71538462 | T6: 0.33333333 | U6: 0.3875 | V6: =(T6-U5)*24*60 -> 13 | W6: =(U6-T6)*24*60 -> 78 | Z6: 8:42-8:58待醬冷卻,停線 | AB6: =N6-K6 -> -512.30769 | AC6: =N6/K6 -> 0.71538462
B7: =VLOOKUP(D7,廠價表!$C$1:$E$40,2,0) -> 義大利麵 | D7: 奶油培根義大利麵 | F7: =VLOOKUP(D7,廠價表!$C$1:$E$40,3,0) -> 49.14 | G7: 4045 | H7: =F7*G7 -> 198771.3 | J7: =VLOOKUP(D7,產線配置圖!$A$3:$C$39,2,0) -> 13 | K7: =VLOOKUP(D7,產線配置圖!$A$3:$C$39,3,0) -> 2000 | L7: =K7/J7 -> 153.84615 | M7: 13 | N7: =G7/W7*60 -> 1973.1707 | O7: =N7/M7 -> 151.78236 | P7: =M7-J7 -> 0 | Q7: =O7-L7 -> -2.0637899 | R7: =O7/L7 -> 0.98658537 | T7: 0.39305556 | U7: 0.47847222 | V7: =(T7-U6)*24*60 -> 8 | W7: =(U7-T7)*24*60 -> 123 | AB7: =N7-K7 -> -26.829268 | AC7: =N7/K7 -> 0.98658537
B8: =VLOOKUP(D8,廠價表!$C$1:$E$40,2,0) -> 義大利麵 | D8: 奶油培根義大利麵 | F8: =VLOOKUP(D8,廠價表!$C$1:$E$40,3,0) -> 49.14 | G8: 2499 | H8: =F8*G8 -> 122800.86 | J8: =VLOOKUP(D8,產線配置圖!$A$3:$C$39,2,0) -> 13 | K8: =VLOOKUP(D8,產線配置圖!$A$3:$C$39,3,0) -> 2000 | L8: =K8/J8 -> 153.84615 | M8: 13 | N8: =G8/W8*60 -> 1851.1111 | O8: =N8/M8 -> 142.39316 | P8: =M8-J8 -> 0 | Q8: =O8-L8 -> -11.452991 | R8: =O8/L8 -> 0.92555556 | T8: 0.54027778 | U8: 0.59652778 | V8: =(T8-U7)*24*60 -> 89 | W8: =(U8-T8)*24*60 -> 81 | AB8: =N8-K8 -> -148.88889 | AC8: =N8/K8 -> 0.92555556
B9: =VLOOKUP(D9,廠價表!$C$1:$E$40,2,0) -> 義大利麵 | D9: 南洋紅咖哩豬義大利麵 | F9: =VLOOKUP(D9,廠價表!$C$1:$E$40,3,0) -> 56.43 | G9: 729 | H9: =F9*G9 -> 41137.47 | J9: =VLOOKUP(D9,產線配置圖!$A$3:$C$39,2,0) -> 15 | K9: =VLOOKUP(D9,產線配置圖!$A$3:$C$39,3,0) -> 1636 | L9: =K9/J9 -> 109.06667 | M9: 15 | N9: =G9/W9*60 -> 1215 | O9: =N9/M9 -> 81 | P9: =M9-J9 -> 0 | Q9: =O9-L9 -> -28.066667 | R9: =O9/L9 -> 0.74266504 | T9: 0.60972222 | U9: 0.63472222 | V9: =(T9-U8)*24*60 -> 19 | W9: =(U9-T9)*24*60 -> 36 | Z9: 手抓麵作業 | AB9: =N9-K9 -> -421 | AC9: =N9/K9 -> 0.74266504
W10: =(U10-T10)*24*60 -> 0
H11: =F11*G11 -> 0 | W11: =(U11-T11)*24*60 -> 0
H12: =F12*G12 -> 0 | W12: =(U12-T12)*24*60 -> 0
W13: =(U13-T13)*24*60 -> 0
W14: =(U14-T14)*24*60 -> 0
C15: 4度一組 | D15: 平均 | J15: =AVERAGE(J5:J14) -> 14.2 | K15: =AVERAGE(K5:K14) -> 1908.2 | L15: =AVERAGE(L5:L14) -> 136.91288 | M15: =AVERAGE(M5:M14) -> 14.2 | N15: =AVERAGE(N5:N14) -> 1630.7826 | O15: =AVERAGE(O5:O14) -> 118.29118 | P15: =M15-J15 -> 0 | Q15: =O15-L15 -> -18.621704 | R15: =O15/L15 -> 0.86398866 | AB15: =N15-K15 -> -277.41741 | AC15: =N15/K15 -> 0.85461827
A16: 自動二線 (ET-600) | B16: =VLOOKUP(D16,廠價表!$C$1:$E$40,2,0) -> 義大利麵 | D16: 白酒蛤蜊義大利麵 | F16: =VLOOKUP(D16,廠價表!$C$1:$E$40,3,0) -> 57.21 | G16: 1365 | H16: =F16*G16 -> 78091.65 | J16: =VLOOKUP(D16,產線配置圖!$A$3:$C$39,2,0) -> 13 | K16: =VLOOKUP(D16,產線配置圖!$A$3:$C$39,3,0) -> 2105 | L16: =K16/J16 -> 161.92308 | M16: 13 | N16: =G16/W16*60 -> 1780.4348 | O16: =N16/M16 -> 136.95652 | P16: =M16-J16 -> 0 | Q16: =O16-L16 -> -24.966555 | R16: =O16/L16 -> 0.84581225 | S16: =R26 -> 0.92440776 | T16: 0.29027778 | U16: 0.32222222 | W16: =(U16-T16)*24*60 -> 46 | AB16: =N16-K16 -> -324.56522 | AC16: =N16/K16 -> 0.84581225 | AD16: =AC26 -> 0.92364064
B17: =VLOOKUP(D17,廠價表!$C$1:$E$40,2,0) -> 義大利麵 | D17: 青醬蛤蜊義大利麵 | F17: =VLOOKUP(D17,廠價表!$C$1:$E$40,3,0) -> 50.67 | G17: 2929 | H17: =F17*G17 -> 148412.43 | J17: =VLOOKUP(D17,產線配置圖!$A$3:$C$39,2,0) -> 13 | K17: =VLOOKUP(D17,產線配置圖!$A$3:$C$39,3,0) -> 2000 | L17: =K17/J17 -> 153.84615 | M17: 13 | N17: =G17/W17*60 -> 1869.5745 | O17: =N17/M17 -> 143.81342 | P17: =M17-J17 -> 0 | Q17: =O17-L17 -> -10.032733 | R17: =O17/L17 -> 0.93478723 | T17: 0.33055556 | U17: 0.39583333 | V17: =(T17-U16)*24*60 -> 12 | W17: =(U17-T17)*24*60 -> 94 | AB17: =N17-K17 -> -130.42553 | AC17: =N17/K17 -> 0.93478723
B18: =VLOOKUP(D18,廠價表!$C$1:$E$40,2,0) -> 義大利麵 | D18: 義式蕃茄起司義大利麵 | F18: =VLOOKUP(D18,廠價表!$C$1:$E$40,3,0) -> 50.39 | G18: 3411 | H18: =F18*G18 -> 171880.29 | J18: =VLOOKUP(D18,產線配置圖!$A$3:$C$39,2,0) -> 12 | K18: =VLOOKUP(D18,產線配置圖!$A$3:$C$39,3,0) -> 2000 | L18: =K18/J18 -> 166.66667 | M18: 12 | N18: =G18/W18*60 -> 1895 | O18: =N18/M18 -> 157.91667 | P18: =M18-J18 -> 0 | Q18: =O18-L18 -> -8.75 | R18: =O18/L18 -> 0.9475 | T18: 0.40416667 | U18: 0.47916667 | V18: =(T18-U17)*24*60 -> 12 | W18: =(U18-T18)*24*60 -> 108 | AB18: =N18-K18 -> -105 | AC18: =N18/K18 -> 0.9475
B19: =VLOOKUP(D19,廠價表!$C$1:$E$40,2,0) -> 義大利麵 | D19: 義式蕃茄起司義大利麵 | F19: =VLOOKUP(D19,廠價表!$C$1:$E$40,3,0) -> 50.39 | G19: 2180 | H19: =F19*G19 -> 109850.2 | J19: =VLOOKUP(D19,產線配置圖!$A$3:$C$39,2,0) -> 12 | K19: =VLOOKUP(D19,產線配置圖!$A$3:$C$39,3,0) -> 2000 | L19: =K19/J19 -> 166.66667 | M19: 12 | N19: =G19/W19*60 -> 1895.6522 | O19: =N19/M19 -> 157.97101 | P19: =M19-J19 -> 0 | Q19: =O19-L19 -> -8.6956522 | R19: =O19/L19 -> 0.94782609 | T19: 0.54166667 | U19: 0.58958333 | V19: =(T19-U18)*24*60 -> 90 | W19: =(U19-T19)*24*60 -> 69 | X19: 0.48958333 | Y19: 0.53125 | AB19: =N19-K19 -> -104.34783 | AC19: =N19/K19 -> 0.94782609
B20: =VLOOKUP(D20,廠價表!$C$1:$E$40,2,0) -> 義大利麵 | D20: 青醬蛤蜊義大利麵 | F20: =VLOOKUP(D20,廠價表!$C$1:$E$40,3,0) -> 50.67 | G20: 1735 | H20: =F20*G20 -> 87912.45 | J20: =VLOOKUP(D20,產線配置圖!$A$3:$C$39,2,0) -> 13 | K20: =VLOOKUP(D20,產線配置圖!$A$3:$C$39,3,0) -> 2000 | L20: =K20/J20 -> 153.84615 | M20: 13 | N20: =G20/W20*60 -> 1892.7273 | O20: =N20/M20 -> 145.59441 | P20: =M20-J20 -> 0 | Q20: =O20-L20 -> -8.2517483 | R20: =O20/L20 -> 0.94636364 | T20: 0.6 | U20: 0.63819444 | W20: =(U20-T20)*24*60 -> 55 | AB20: =N20-K20 -> -107.27273 | AC20: =N20/K20 -> 0.94636364
W21: =(U21-T21)*24*60 -> 0
H22: =F22*G22 -> 0 | W22: 0
W23: =(U23-T23)*24*60 -> 0
H24: =F24*G24 -> 0 | W24: =(U24-T24)*24*60 -> 0
H25: =F25*G25 -> 0 | W25: =(U25-T25)*24*60 -> 0
C26: 4度二組A | D26: 平均 | J26: =AVERAGE(J16:J25) -> 12.6 | K26: =AVERAGE(K16:K25) -> 2021 | L26: =AVERAGE(L16:L25) -> 160.58974 | M26: =AVERAGE(M16:M25) -> 12.6 | N26: =AVERAGE(N16:N25) -> 1866.6777 | O26: =AVERAGE(O16:O25) -> 148.45041 | P26: =M26-J26 -> 0 | Q26: =O26-L26 -> -12.139338 | R26: =O26/L26 -> 0.92440776 | AB26: =N26-K26 -> -154.32226 | AC26: =N26/K26 -> 0.92364064
A27: 手工三線 (ET-55) | B27: =VLOOKUP(D27,廠價表!$C$1:$E$40,2,0) -> 熱乾麵 | D27: 青花椒麻雞肉拌麵 | F27: =VLOOKUP(D27,廠價表!$C$1:$E$40,3,0) -> 49.91 | G27: 1664 | H27: =F27*G27 -> 83050.24 | J27: =VLOOKUP(D27,產線配置圖!$A$3:$C$39,2,0) -> 17 | K27: =VLOOKUP(D27,產線配置圖!$A$3:$C$39,3,0) -> 1565 | L27: =K27/J27 -> 92.058824 | M27: 17 | N27: =G27/W27*60 -> 1468.2353 | O27: =N27/M27 -> 86.366782 | P27: =M27-J27 -> 0 | Q27: =O27-L27 -> -5.6920415 | R27: =O27/L27 -> 0.93816952 | S27: =R37 -> 0.90440779 | T27: 0.29166667 | U27: 0.33888889 | W27: =(U27-T27)*24*60 -> 68 | AB27: =N27-K27 -> -96.764706 | AC27: =N27/K27 -> 0.93816952 | AD27: =AC37 -> 0.828792
B28: =VLOOKUP(D28,廠價表!$C$1:$E$40,2,0) -> 義大利麵 | D28: 奶油蒜香雞義大利麵 | F28: =VLOOKUP(D28,廠價表!$C$1:$E$40,3,0) -> 55.13 | G28: 1892 | H28: =F28*G28 -> 104305.96 | J28: =VLOOKUP(D28,產線配置圖!$A$3:$C$39,2,0) -> 18 | K28: =VLOOKUP(D28,產線配置圖!$A$3:$C$39,3,0) -> 1385 | L28: =K28/J28 -> 76.944444 | M28: 14 | N28: =G28/W28*60 -> 1022.7027 | O28: =N28/M28 -> 73.050193 | P28: =M28-J28 -> -4 | Q28: =O28-L28 -> -3.8942514 | R28: =O28/L28 -> 0.94938879 | T28: 0.34722222 | U28: 0.42430556 | V28: =(T28-U27)*24*60 -> 12 | W28: =(U28-T28)*24*60 -> 111 | AB28: =N28-K28 -> -362.2973 | AC28: =N28/K28 -> 0.7384135
B29: =VLOOKUP(D29,廠價表!$C$1:$E$40,2,0) -> 義大利麵 | D29: 奶油起司蝦仁通心粉 | F29: =VLOOKUP(D29,廠價表!$C$1:$E$40,3,0) -> 47.71 | G29: 1310 | H29: =F29*G29 -> 62500.1 | J29: =VLOOKUP(D29,產線配置圖!$A$3:$C$39,2,0) -> 15 | K29: =VLOOKUP(D29,產線配置圖!$A$3:$C$39,3,0) -> 1500 | L29: =K29/J29 -> 100 | M29: 14 | N29: =G29/W29*60 -> 1122.8571 | O29: =N29/M29 -> 80.204082 | P29: =M29-J29 -> -1 | Q29: =O29-L29 -> -19.795918 | R29: =O29/L29 -> 0.80204082 | T29: 0.43402778 | U29: 0.48263889 | V29: =(T29-U28)*24*60 -> 14 | W29: =(U29-T29)*24*60 -> 70 | AB29: =N29-K29 -> -377.14286 | AC29: =N29/K29 -> 0.74857143
B30: =VLOOKUP(D30,廠價表!$C$1:$E$40,2,0) -> 義大利麵 | D30: 奶油起司蝦仁通心粉 | F30: =VLOOKUP(D30,廠價表!$C$1:$E$40,3,0) -> 47.71 | G30: 3184 | H30: =F30*G30 -> 151908.64 | J30: =VLOOKUP(D30,產線配置圖!$A$3:$C$39,2,0) -> 15 | K30: =VLOOKUP(D30,產線配置圖!$A$3:$C$39,3,0) -> 1500 | L30: =K30/J30 -> 100 | M30: 14 | N30: =G30/W30*60 -> 1317.5172 | O30: =N30/M30 -> 94.108374 | P30: =M30-J30 -> -1 | Q30: =O30-L30 -> -5.8916256 | R30: =O30/L30 -> 0.94108374 | T30: 0.54513889 | U30: 0.64583333 | V30: =(T30-U29)*24*60 -> 90 | W30: =(U30-T30)*24*60 -> 145 | X30: 0.48958333 | Y30: 0.53125 | AB30: =N30-K30 -> -182.48276 | AC30: =N30/K30 -> 0.87834483
W31: =(U31-T31)*24*60 -> 0
W32: =(U32-T32)*24*60 -> 0
H33: =F33*G33 -> 0 | W33: =(U33-T33)*24*60 -> 0
H34: =F34*G34 -> 0 | W34: =(U34-T34)*24*60 -> 0
H35: =F35*G35 -> 0 | W35: =(U35-T35)*24*60 -> 0
H36: =F36*G36 -> 0 | W36: =(U36-T36)*24*60 -> 0
C37: 4度二組B | D37: 平均 | J37: =AVERAGE(J27:J36) -> 16.25 | K37: =AVERAGE(K27:K36) -> 1487.5 | L37: =AVERAGE(L27:L36) -> 92.250817 | M37: =AVERAGE(M27:M36) -> 14.75 | N37: =AVERAGE(N27:N36) -> 1232.8281 | O37: =AVERAGE(O27:O36) -> 83.432358 | P37: =M37-J37 -> -1.5 | Q37: =N37-K37 -> -254.6719 | R37: =O37/L37 -> 0.90440779 | AB37: =N37-K37 -> -254.6719 | AC37: =N37/K37 -> 0.828792
A38: 手工四線 (ET-55) | B38: 義大利麵 | D38: 焗烤明太子筆尖麵 | F38: =VLOOKUP(D38,廠價表!$C$1:$E$40,3,0) -> 57.3 | G38: 2199 | H38: =F38*G38 -> 126002.7 | J38: =VLOOKUP(D38,產線配置圖!$A$3:$C$39,2,0) -> 15 | K38: 1500 | L38: =K38/J38 -> 100 | M38: 14 | N38: =G38/W38*60 -> 1199.4545 | O38: =N38/M38 -> 85.675325 | P38: =M38-J38 -> -1 | Q38: =O38-L38 -> -14.324675 | R38: =O38/L38 -> 0.85675325 | S38: =R48 -> 0.76894908 | T38: 0.33333333 | U38: 0.40972222 | W38: =(U38-T38)*24*60 -> 110 | AB38: =N38-K38 -> -300.54545 | AC38: =N38/K38 -> 0.79963636 | AD38: =AC48 -> 0.70994974
B39: 義大利麵 | D39: 濃拿坡里義大利麵 | F39: =VLOOKUP(D39,廠價表!$C$1:$E$40,3,0) -> 56.43 | G39: 789 | H39: =F39*G39 -> 44523.27 | J39: =VLOOKUP(D39,產線配置圖!$A$3:$C$39,2,0) -> 15 | K39: =VLOOKUP(D39,產線配置圖!$A$3:$C$39,3,0) -> 1406 | L39: =K39/J39 -> 93.733333 | M39: 13 | N39: =G39/W39*60 -> 789 | O39: =N39/M39 -> 60.692308 | P39: =M39-J39 -> -2 | Q39: =O39-L39 -> -33.041026 | R39: =O39/L39 -> 0.64749973 | T39: 0.42013889 | U39: 0.46180556 | V39: =(T39-U38)*24*60 -> 15 | W39: =(U39-T39)*24*60 -> 60 | Z39: L型封膜機異常 | AB39: =N39-K39 -> -617 | AC39: =N39/K39 -> 0.56116643
B40: 義大利麵 | D40: 南洋紅咖哩豬義大利麵 | F40: =VLOOKUP(D40,廠價表!$C$1:$E$40,3,0) -> 56.43 | G40: 1061 | H40: =F40*G40 -> 59872.23 | J40: =VLOOKUP(D40,產線配置圖!$A$3:$C$39,2,0) -> 15 | K40: =VLOOKUP(D40,產線配置圖!$A$3:$C$39,3,0) -> 1636 | L40: =K40/J40 -> 109.06667 | M40: 15 | N40: =G40/W40*60 -> 1299.1837 | O40: =N40/M40 -> 86.612245 | P40: =M40-J40 -> 0 | Q40: =O40-L40 -> -22.454422 | R40: =O40/L40 -> 0.79412205 | T40: 0.46875 | U40: 0.50277778 | V40: =(T40-U39)*24*60 -> 10 | W40: =(U40-T40)*24*60 -> 49 | Z40: 生產數量少 | AB40: =N40-K40 -> -336.81633 | AC40: =N40/K40 -> 0.79412205
B41: 義大利麵 | D41: 濃拿坡里義大利麵 | F41: =VLOOKUP(D41,廠價表!$C$1:$E$40,3,0) -> 56.43 | G41: 1091 | H41: =F41*G41 -> 61565.13 | J41: =VLOOKUP(D41,產線配置圖!$A$3:$C$39,2,0) -> 15 | K41: =VLOOKUP(D41,產線配置圖!$A$3:$C$39,3,0) -> 1406 | L41: =K41/J41 -> 93.733333 | M41: 13 | N41: =G41/W41*60 -> 935.14286 | O41: =N41/M41 -> 71.934066 | P41: =M41-J41 -> -2 | Q41: =O41-L41 -> -21.799267 | R41: =O41/L41 -> 0.76743314 | T41: 0.5625 | U41: 0.61111111 | V41: =(T41-U40)*24*60 -> 86 | W41: =(U41-T41)*24*60 -> 70 | X41: 0.52777778 | Y41: 0.56944444 | Z41: L型封膜機異常 | AB41: =N41-K41 -> -470.85714 | AC41: =N41/K41 -> 0.66510872
W42: =(U42-T42)*24*60 -> 0
W43: =(U43-T43)*24*60 -> 0
H44: =F44*G44 -> 0 | W44: =(U44-T44)*24*60 -> 0
H45: =F45*G45 -> 0 | W45: =(U45-T45)*24*60 -> 0
H46: =F46*G46 -> 0 | W46: =(U46-T46)*24*60 -> 0
H47: =F47*G47 -> 0 | W47: =(U47-T47)*24*60 -> 0
C48: 4度二組C1 | D48: 平均 | J48: =AVERAGE(J38:J47) -> 15 | K48: =AVERAGE(K38:K47) -> 1487 | L48: =AVERAGE(L38:L47) -> 99.133333 | M48: =AVERAGE(M38:M47) -> 13.75 | N48: =AVERAGE(N38:N47) -> 1055.6953 | O48: =AVERAGE(O38:O47) -> 76.228486 | P48: =M48-J48 -> -1.25 | Q48: =N48-K48 -> -431.30473 | R48: =O48/L48 -> 0.76894908 | W48: =(U48-T48)*24*60 -> 0 | AB48: =N48-K48 -> -431.30473 | AC48: =N48/K48 -> 0.70994974
A49: 手工五線 (ET-55) | B49: =VLOOKUP(D49,廠價表!$C$1:$E$40,2,0) -> 義大利麵 | D49: 剝皮辣椒雞奶油扁麵 | F49: =VLOOKUP(D49,廠價表!$C$1:$E$40,3,0) -> 56.87 | G49: 2152 | H49: =F49*G49 -> 122384.24 | J49: =VLOOKUP(D49,產線配置圖!$A$3:$C$39,2,0) -> 19 | K49: =VLOOKUP(D49,產線配置圖!$A$3:$C$39,3,0) -> 1565 | L49: =K49/J49 -> 82.368421 | M49: 19 | N49: =G49/W49*60 -> 1555.6627 | O49: =N49/M49 -> 81.876982 | P49: =M49-J49 -> 0 | Q49: =O49-L49 -> -0.49143944 | R49: =O49/L49 -> 0.99403364 | S49: =R58 -> 0.97573099 | T49: 0.29027778 | U49: 0.34791667 | W49: =(U49-T49)*24*60 -> 83 | AB49: =N49-K49 -> -9.3373494 | AC49: =N49/K49 -> 0.99403364 | AD49: =AC58 -> 0.97621028
B50: =VLOOKUP(D50,廠價表!$C$1:$E$40,2,0) -> 義大利麵 | D50: 焗烤起司雙饗筆尖麵 | F50: =VLOOKUP(D50,廠價表!$C$1:$E$40,3,0) -> 49.97 | G50: 4386 | H50: =F50*G50 -> 219168.42 | J50: =VLOOKUP(D50,產線配置圖!$A$3:$C$39,2,0) -> 18 | K50: =VLOOKUP(D50,產線配置圖!$A$3:$C$39,3,0) -> 1600 | L50: =K50/J50 -> 88.888889 | M50: 18 | N50: =G50/W50*60 -> 1557.1598 | O50: =N50/M50 -> 86.508876 | P50: =M50-J50 -> 0 | Q50: =O50-L50 -> -2.3800131 | R50: =O50/L50 -> 0.97322485 | T50: 0.35416667 | U50: 0.47152778 | V50: =(T50-U49)*24*60 -> 9 | W50: =(U50-T50)*24*60 -> 169 | AB50: =N50-K50 -> -42.840237 | AC50: =N50/K50 -> 0.97322485
B51: =VLOOKUP(D51,廠價表!$C$1:$E$40,2,0) -> 義大利麵 | D51: 焗烤起司雙饗筆尖麵 | F51: =VLOOKUP(D51,廠價表!$C$1:$E$40,3,0) -> 49.97 | G51: 2270 | H51: =F51*G51 -> 113431.9 | J51: =VLOOKUP(D51,產線配置圖!$A$3:$C$39,2,0) -> 18 | K51: =VLOOKUP(D51,產線配置圖!$A$3:$C$39,3,0) -> 1600 | L51: =K51/J51 -> 88.888889 | M51: 18 | N51: =G51/W51*60 -> 1565.5172 | O51: =N51/M51 -> 86.97318 | P51: =M51-J51 -> 0 | Q51: =O51-L51 -> -1.9157088 | R51: =O51/L51 -> 0.97844828 | T51: 0.53125 | U51: 0.59166667 | V51: =(T51-U50)*24*60 -> 86 | W51: =(U51-T51)*24*60 -> 87 | AB51: =N51-K51 -> -34.482759 | AC51: =N51/K51 -> 0.97844828
B52: =VLOOKUP(D52,廠價表!$C$1:$E$40,2,0) -> 熱乾麵 | D52: 青花椒麻雞肉拌麵 | F52: =VLOOKUP(D52,廠價表!$C$1:$E$40,3,0) -> 49.91 | G52: 1401 | H52: =F52*G52 -> 69923.91 | J52: =VLOOKUP(D52,產線配置圖!$A$3:$C$39,2,0) -> 17 | K52: =VLOOKUP(D52,產線配置圖!$A$3:$C$39,3,0) -> 1565 | L52: =K52/J52 -> 92.058824 | M52: 17 | N52: =G52/W52*60 -> 1501.0714 | O52: =N52/M52 -> 88.298319 | P52: =M52-J52 -> 0 | Q52: =O52-L52 -> -3.7605042 | R52: =O52/L52 -> 0.95915107 | T52: 0.59722222 | U52: 0.63611111 | V52: =(T52-U51)*24*60 -> 8 | W52: =(U52-T52)*24*60 -> 56 | AB52: =N52-K52 -> -63.928571 | AC52: =N52/K52 -> 0.95915107
W53: =(U53-T53)*24*60 -> 0
H54: =F54*G54 -> 0 | W54: =(U54-T54)*24*60 -> 0
H55: =F55*G55 -> 0 | W55: =(U55-T55)*24*60 -> 0
H56: =F56*G56 -> 0 | W56: =(U56-T56)*24*60 -> 0
H57: =F57*G57 -> 0 | W57: =(U57-T57)*24*60 -> 0
C58: 4度二組C2 | D58: 平均 | J58: =AVERAGE(J49:J57) -> 18 | K58: =AVERAGE(K49:K57) -> 1582.5 | L58: =AVERAGE(L49:L57) -> 88.051256 | M58: =AVERAGE(M49:M57) -> 18 | N58: =AVERAGE(N49:N57) -> 1544.8528 | O58: =AVERAGE(O49:O57) -> 85.914339 | P58: =M58-J58 -> 0 | Q58: =N58-K58 -> -37.647229 | R58: =O58/L58 -> 0.97573099 | AB58: =N58-K58 -> -37.647229 | AC58: =N58/K58 -> 0.97621028
A59: 調理包一線 (八爪機) | B59: =VLOOKUP(D59,廠價表!$C$1:$E$40,2,0) -> 小吃、微波 | D59: 小滷青蔬 | F59: =VLOOKUP(D59,廠價表!$C$1:$E$40,3,0) -> 26.99 | G59: 3419 | H59: =F59*G59 -> 92278.81 | J59: =VLOOKUP(D59,產線配置圖!$A$3:$C$39,2,0) -> 13 | K59: =VLOOKUP(D59,產線配置圖!$A$3:$C$39,3,0) -> 1565 | L59: =K59/J59 -> 120.38462 | M59: 13 | N59: =G59/W59*60 -> 1554.0909 | O59: =N59/M59 -> 119.54545 | P59: =M59-J59 -> 0 | Q59: =O59-L59 -> -0.83916084 | R59: =O59/L59 -> 0.99302933 | S59: =R69 -> 0.78933838 | T59: 0.29166667 | U59: 0.38333333 | W59: =(U59-T59)*24*60 -> 132 | AB59: =N59-K59 -> -10.909091 | AC59: =N59/K59 -> 0.99302933 | AD59: =AC69 -> 0.79685205
B60: =VLOOKUP(D60,廠價表!$C$1:$E$40,2,0) -> 小吃、微波 | D60: 台式綜合甜不辣 | F60: =VLOOKUP(D60,廠價表!$C$1:$E$40,3,0) -> 28.47 | G60: 478 | H60: =F60*G60 -> 13608.66 | J60: =VLOOKUP(D60,產線配置圖!$A$3:$C$39,2,0) -> 12 | K60: =VLOOKUP(D60,產線配置圖!$A$3:$C$39,3,0) -> 1565 | L60: =K60/J60 -> 130.41667 | M60: 12 | N60: =G60/W60*60 -> 637.33333 | O60: =N60/M60 -> 53.111111 | P60: =M60-J60 -> 0 | Q60: =O60-L60 -> -77.305556 | R60: =O60/L60 -> 0.40724175 | T60: 0.38541667 | U60: 0.41666667 | V60: =(T60-U59)*24*60 -> 3 | W60: =(U60-T60)*24*60 -> 45 | Z60: 生產數量少、手工作業 | AB60: =N60-K60 -> -927.66667 | AC60: =N60/K60 -> 0.40724175
B61: =VLOOKUP(D61,廠價表!$C$1:$E$40,2,0) -> 小吃、微波 | D61: 起司馬鈴薯 | F61: =VLOOKUP(D61,廠價表!$C$1:$E$40,3,0) -> 28.26 | G61: 2432 | H61: =F61*G61 -> 68728.32 | J61: =VLOOKUP(D61,產線配置圖!$A$3:$C$39,2,0) -> 12 | K61: =VLOOKUP(D61,產線配置圖!$A$3:$C$39,3,0) -> 1565 | L61: =K61/J61 -> 130.41667 | M61: 12 | N61: =G61/W61*60 -> 1268.8696 | O61: =N61/M61 -> 105.73913 | P61: =M61-J61 -> 0 | Q61: =O61-L61 -> -24.677536 | R61: =O61/L61 -> 0.81077927 | T61: 0.42013889 | U61: 0.5 | V61: =(T61-U60)*24*60 -> 5 | W61: =(U61-T61)*24*60 -> 115 | AB61: =N61-K61 -> -296.13043 | AC61: =N61/K61 -> 0.81077927
B62: =VLOOKUP(D62,廠價表!$C$1:$E$40,2,0) -> 小吃、微波 | D62: 小滷青蔬 | F62: =VLOOKUP(D62,廠價表!$C$1:$E$40,3,0) -> 26.99 | G62: 1146 | H62: =F62*G62 -> 30930.54 | J62: =VLOOKUP(D62,產線配置圖!$A$3:$C$39,2,0) -> 13 | K62: =VLOOKUP(D62,產線配置圖!$A$3:$C$39,3,0) -> 1565 | L62: =K62/J62 -> 120.38462 | M62: 13 | N62: =G62/W62*60 -> 1528 | O62: =N62/M62 -> 117.53846 | P62: =M62-J62 -> 0 | Q62: =O62-L62 -> -2.8461538 | R62: =O62/L62 -> 0.97635783 | T62: 0.55208333 | U62: 0.58333333 | V62: =(T62-U61)*24*60 -> 75 | W62: =(U62-T62)*24*60 -> 45
W63: =(U63-T63)*24*60 -> 0
W64: =(U64-T64)*24*60 -> 0
W65: =(U65-T65)*24*60 -> 0
W66: =(U66-T66)*24*60 -> 0
H67: =F67*G67 -> 0 | W67: =(U67-T67)*24*60 -> 0
H68: =F68*G68 -> 0 | W68: =(U68-T68)*24*60 -> 0
C69: 4度三組 | D69: 平均 | J69: =AVERAGE(J59:J68) -> 12.5 | K69: =AVERAGE(K59:K68) -> 1565 | L69: =AVERAGE(L59:L68) -> 125.40064 | M69: =AVERAGE(M59:M68) -> 12.5 | N69: =AVERAGE(N59:N68) -> 1247.0735 | O69: =AVERAGE(O59:O68) -> 98.983539 | P69: =M69-J69 -> 0 | Q69: =N69-K69 -> -317.92655 | R69: =O69/L69 -> 0.78933838 | AB69: =N69-K69 -> -317.92655 | AC69: =N69/K69 -> 0.79685205
A70: 調理包二線 (手工) | S70: =R79 -> 0 | W70: =(U70-T70)*24*60 -> 0 | AB70: =N70-K70 -> 0 | AC70: =N70/K70 -> #DIV/0! | AD70: =AC79 -> #DIV/0!
W71: =(U71-T71)*24*60 -> 0
W72: =(U72-T72)*24*60 -> 0
W73: =(U73-T73)*24*60 -> 0
H74: =F74*G74 -> 0 | W74: =(U74-T74)*24*60 -> 0
H75: =F75*G75 -> 0 | W75: =(U75-T75)*24*60 -> 0
H76: =F76*G76 -> 0 | W76: =(U76-T76)*24*60 -> 0
H77: =F77*G77 -> 0 | W77: =(U77-T77)*24*60 -> 0
H78: =F78*G78 -> 0 | W78: =(U78-T78)*24*60 -> 0
C79: 4度四組 | D79: 平均 | J79: =AVERAGE(J70:J78) -> #DIV/0! | AB79: =N79-K79 -> 0 | AC79: =N79/K79 -> #DIV/0!
AF80: 1.當日出勤人數較多
AF81: 2.當日出勤人數較少
AF82: 3.當日出勤熟手較少
AF83: 4.當日出勤新人較多
AF84: 5.機台夾盒
AF85: 6.封膜不順
AF86: 7.更換膠膜
AF87: 8.更換碳帶
AF88: 9.當日熱轉印碳帶異常
AF89: 10.訂單量過少
AF90: 11.新品上市，尚未熟悉
AF91: 12.商品結構，產能較低
AF92: 13.區域出貨，分段生產

Sheet 1208總
B1: 長家廠組合室生產人時性分析
B3: 日期 | D3: 45999 | F3: 訂單量 | G3: ='1208'!E1 -> 50421 | I3: 營業額 | J3: ='1208'!G1 -> 2444877.4
B4: 項目 | D4: 3 | F4: ➀ | H4: ➁ | J4: ③
B5: 人時性 | D5: 組合室 | F5: 全溫層 | H5: 義大利麵 | J5: 袋裝小吃、義麵
D6: 排關平均 | F6: =AVERAGE(D13:J13) -> 117.15511 | H6: =AVERAGE(D13:H13) -> 115.17161 | J6: =AVERAGE(I13:J13) -> 127.07265
D7: 實績平均 | F7: =AVERAGE(D14:J14) -> 103.7234 | H7: =AVERAGE(D14:H14) -> 102.98312 | J7: =AVERAGE(I14:J14) -> 107.42479
D8: 達成率平均 | F8: =AVERAGE(D15:J15) -> 0.88430028 | H8: =AVERAGE(D15:H15) -> 0.89208416 | J8: =AVERAGE(I15:J15) -> 0.84538086 | L8: ※現行日本鮮食廠以達成率80%為基本(即為現行KPI)
B10: 溫層 | D10: 4度C-各編組展開
B11: 編組 | D11: 1 | E11: 2 | F11: 3 | G11: 4 | H11: 5 | I11: 6 | J11: 7
D12: 自動1線 | E12: 自動2線 | F12: 手工3線 | G12: 手工4線 | H12: 手工5線 | I12: 調理包1線 | J12: 調理包2線
B13: 人時性 | C13: 排關 | D13: =VALUE('1208'!L15) -> 136.91288 | E13: =VALUE('1208'!L26) -> 160.58974 | F13: =VALUE('1208'!L37) -> 92.250817 | G13: =VALUE('1208'!L48) -> 98.053333 | H13: =VALUE('1208'!L58) -> 88.051256 | I13: =VALUE('1208'!L69) -> 127.07265
C14: 實績 | D14: =VALUE('1208'!O15) -> 121.7288 | E14: =VALUE('1208'!O26) -> 147.62089 | F14: =VALUE('1208'!O37) -> 79.356245 | G14: =VALUE('1208'!O48) -> 82.683443 | H14: =VALUE('1208'!O58) -> 83.526243 | I14: =VALUE('1208'!O69) -> 107.42479
C15: 達成率 | D15: =D14/D13 -> 0.88909675 | E15: =E14/E13 -> 0.91924234 | F15: =F14/F13 -> 0.86022268 | G15: =G14/G13 -> 0.84324969 | H15: =H14/H13 -> 0.94860934 | I15: =I14/I13 -> 0.84538086
B16: 作業 時間 | C16: 開始 | D16: ='1208'!T5 -> 0.29027778 | E16: ='1208'!T16 -> 0.29027778 | F16: ='1208'!T27 -> 0.28958333 | G16: ='1208'!T38 -> 0.33333333 | H16: ='1208'!T49 -> 0.29027778 | I16: ='1208'!T59 -> 0.29027778
C17: 結束 | D17: 0.60694444 | E17: 0.62430556 | F17: 0.64583333 | G17: 0.62777778 | H17: 0.625 | I17: 0.51736111
B18: 配置人數 | D18: =VALUE('1208'!M15) -> 14.2 | E18: =VALUE('1208'!M26) -> 12.6 | F18: =VALUE('1208'!M37) -> 14.25 | G18: =VALUE('1208'!M48) -> 13.8 | H18: =VALUE('1208'!M58) -> 18 | I18: =VALUE('1208'!M69) -> 12.333333
B19: 主要應用設備 | D19: ET-600 | E19: ET-600 | F19: ET-55 | G19: ET-55 | H19: ET-55 | I19: 八爪機
B20: 次要應用設備 | H20: 封口機
B21: 備註

Sheet 1208
A1: 長家廠4度C日報分析 | D1: 總生產量 | E1: =SUM(G5:G79) -> 50421 | F1: 營業額 | G1: =SUM(H5:H79) -> 2444877.4 | H1: 出勤人數 | I1: =M15+M26+M48+M58+M69+M79+M37 -> 85.183333 | J1: 產線配置圖 | M1: 生產實績 | P1: 人時性差異分析 | T1: 日報登錄 | Z1: 分析說明 | AB1: 產能差異分析
A2: 12月08日 星期一 | D2: 人時性 | E2: =AVERAGE(O15,O26,O37,O48,O58,O69,O79) -> 103.7234 | F2: 平均廠價 | G2: =G1/E1 -> 48.489268 | H2: 多次生產數 | I2: =COUNT(I5:I79) -> 0
A3: 線別 | B3: 品類 | D3: 品名 | F3: 廠價 | G3: 生產量 | H3: 營收 | I3: 多次 生產 | J3: 人數 | K3: 產能/時 | L3: 人時性 | M3: 人數 | N3: 產能/時 | O3: 人時性 | P3: 人數 | Q3: 人時性 | R3: 達成率 | S3: 達成率平均 | T3: 生產時間 | V3: 前置、換線時間/分 | W3: 稼動時間/分 | X3: 休息時間 | AB3: 產能/時 | AC3: 達成率 | AD3: 達成率平均
T4: 開始 | U4: 結束 | X4: 開始 | Y4: 結束
A5: 自動一線 (ET-600) | B5: =VLOOKUP(D5,廠價表!$C$1:$E$40,2,0) -> 義大利麵 | D5: 白酒蛤蜊義大利麵 | F5: =VLOOKUP(D5,廠價表!$C$1:$E$40,3,0) -> 57.21 | G5: 1451 | H5: =F5*G5 -> 83011.71 | J5: =VLOOKUP(D5,產線配置圖!$A$3:$C$39,2,0) -> 13 | K5: =VLOOKUP(D5,產線配置圖!$A$3:$C$39,3,0) -> 2105 | L5: =K5/J5 -> 161.92308 | M5: 13 | N5: =G5/W5*60 -> 1776.7347 | O5: =N5/M5 -> 136.6719 | P5: =M5-J5 -> 0 | Q5: =O5-L5 -> -25.251177 | R5: =O5/L5 -> 0.84405449 | S5: =R15 -> 0.88909675 | T5: 0.29027778 | U5: 0.32430556 | W5: =(U5-T5)*24*60 -> 49 | AB5: =N5-K5 -> -328.26531 | AC5: =N5/K5 -> 0.84405449 | AD5: =AC15 -> 0.88912914
B6: =VLOOKUP(D6,廠價表!$C$1:$E$40,2,0) -> 義大利麵 | D6: 韓式起司炸雞義大利麵 | F6: =VLOOKUP(D6,廠價表!$C$1:$E$40,3,0) -> 57.21 | G6: 1933 | H6: =F6*G6 -> 110586.93 | J6: =VLOOKUP(D6,產線配置圖!$A$3:$C$39,2,0) -> 17 | K6: 1800 | L6: =K6/J6 -> 105.88235 | M6: 17 | N6: =G6/W6*60 -> 1757.2727 | O6: =N6/M6 -> 103.36898 | P6: =M6-J6 -> 0 | Q6: =O6-L6 -> -2.513369 | R6: =O6/L6 -> 0.97626263 | T6: 0.33194444 | U6: 0.37777778 | V6: =(T6-U5)*24*60 -> 11 | W6: =(U6-T6)*24*60 -> 66 | AB6: =N6-K6 -> -42.727273 | AC6: =N6/K6 -> 0.97626263
B7: =VLOOKUP(D7,廠價表!$C$1:$E$40,2,0) -> 義大利麵 | D7: 奶油培根義大利麵 | F7: =VLOOKUP(D7,廠價表!$C$1:$E$40,3,0) -> 49.14 | G7: 4436 | H7: =F7*G7 -> 217985.04 | J7: =VLOOKUP(D7,產線配置圖!$A$3:$C$39,2,0) -> 13 | K7: =VLOOKUP(D7,產線配置圖!$A$3:$C$39,3,0) -> 2000 | L7: =K7/J7 -> 153.84615 | M7: 13 | N7: =G7/W7*60 -> 1942.7737 | O7: =N7/M7 -> 149.44413 | P7: =M7-J7 -> 0 | Q7: =O7-L7 -> -4.4020213 | R7: =O7/L7 -> 0.97138686 | T7: 0.38333333 | U7: 0.47847222 | V7: =(T7-U6)*24*60 -> 8 | W7: =(U7-T7)*24*60 -> 137 | AB7: =N7-K7 -> -57.226277 | AC7: =N7/K7 -> 0.97138686
B8: =VLOOKUP(D8,廠價表!$C$1:$E$40,2,0) -> 義大利麵 | D8: 奶油培根義大利麵 | F8: =VLOOKUP(D8,廠價表!$C$1:$E$40,3,0) -> 49.14 | G8: 1522 | H8: =F8*G8 -> 74791.08 | J8: =VLOOKUP(D8,產線配置圖!$A$3:$C$39,2,0) -> 13 | K8: =VLOOKUP(D8,產線配置圖!$A$3:$C$39,3,0) -> 2000 | L8: =K8/J8 -> 153.84615 | M8: 13 | N8: =G8/W8*60 -> 1826.4 | O8: =N8/M8 -> 140.49231 | P8: =M8-J8 -> 0 | Q8: =O8-L8 -> -13.353846 | R8: =O8/L8 -> 0.9132 | T8: 0.54027778 | U8: 0.575 | V8: =(T8-U7)*24*60 -> 89 | W8: =(U8-T8)*24*60 -> 50 | AB8: =N8-K8 -> -173.6 | AC8: =N8/K8 -> 0.9132
B9: =VLOOKUP(D9,廠價表!$C$1:$E$40,2,0) -> 義大利麵 | D9: 南洋紅咖哩豬義大利麵 | F9: =VLOOKUP(D9,廠價表!$C$1:$E$40,3,0) -> 56.43 | G9: 590 | H9: =F9*G9 -> 33293.7 | J9: =VLOOKUP(D9,產線配置圖!$A$3:$C$39,2,0) -> 15 | K9: =VLOOKUP(D9,產線配置圖!$A$3:$C$39,3,0) -> 1636 | L9: =K9/J9 -> 109.06667 | M9: 15 | N9: =G9/W9*60 -> 1180 | O9: =N9/M9 -> 78.666667 | P9: =M9-J9 -> 0 | Q9: =O9-L9 -> -30.4 | R9: =O9/L9 -> 0.72127139 | T9: 0.58611111 | U9: 0.60694444 | V9: =(T9-U8)*24*60 -> 16 | W9: =(U9-T9)*24*60 -> 30 | Z9: 手抓麵作業 | AB9: =N9-K9 -> -456 | AC9: =N9/K9 -> 0.72127139
W10: =(U10-T10)*24*60 -> 0
H11: =F11*G11 -> 0 | W11: =(U11-T11)*24*60 -> 0
H12: =F12*G12 -> 0 | W12: =(U12-T12)*24*60 -> 0
W13: =(U13-T13)*24*60 -> 0
W14: =(U14-T14)*24*60 -> 0
C15: 4度一組 | D15: 平均 | J15: =AVERAGE(J5:J14) -> 14.2 | K15: =AVERAGE(K5:K14) -> 1908.2 | L15: =AVERAGE(L5:L14) -> 136.91288 | M15: =AVERAGE(M5:M14) -> 14.2 | N15: =AVERAGE(N5:N14) -> 1696.6362 | O15: =AVERAGE(O5:O14) -> 121.7288 | P15: =M15-J15 -> 0 | Q15: =O15-L15 -> -15.184083 | R15: =O15/L15 -> 0.88909675 | AB15: =N15-K15 -> -211.56377 | AC15: =N15/K15 -> 0.88912914
A16: 自動二線 (ET-600) | B16: =VLOOKUP(D16,廠價表!$C$1:$E$40,2,0) -> 義大利麵 | D16: 白酒蛤蜊義大利麵 | F16: =VLOOKUP(D16,廠價表!$C$1:$E$40,3,0) -> 57.21 | G16: 1329 | H16: =F16*G16 -> 76032.09 | J16: =VLOOKUP(D16,產線配置圖!$A$3:$C$39,2,0) -> 13 | K16: =VLOOKUP(D16,產線配置圖!$A$3:$C$39,3,0) -> 2105 | L16: =K16/J16 -> 161.92308 | M16: 13 | N16: =G16/W16*60 -> 1812.2727 | O16: =N16/M16 -> 139.40559 | P16: =M16-J16 -> 0 | Q16: =O16-L16 -> -22.517483 | R16: =O16/L16 -> 0.86093716 | S16: =R26 -> 0.91924234 | T16: 0.29027778 | U16: 0.32083333 | W16: =(U16-T16)*24*60 -> 44 | AB16: =N16-K16 -> -292.72727 | AC16: =N16/K16 -> 0.86093716 | AD16: =AC26 -> 0.91872092
B17: =VLOOKUP(D17,廠價表!$C$1:$E$40,2,0) -> 義大利麵 | D17: 青醬蛤蜊義大利麵 | F17: =VLOOKUP(D17,廠價表!$C$1:$E$40,3,0) -> 50.67 | G17: 3081 | H17: =F17*G17 -> 156114.27 | J17: =VLOOKUP(D17,產線配置圖!$A$3:$C$39,2,0) -> 13 | K17: =VLOOKUP(D17,產線配置圖!$A$3:$C$39,3,0) -> 2000 | L17: =K17/J17 -> 153.84615 | M17: 13 | N17: =G17/W17*60 -> 1925.625 | O17: =N17/M17 -> 148.125 | P17: =M17-J17 -> 0 | Q17: =O17-L17 -> -5.7211538 | R17: =O17/L17 -> 0.9628125 | T17: 0.32986111 | U17: 0.39652778 | V17: =(T17-U16)*24*60 -> 13 | W17: =(U17-T17)*24*60 -> 96 | AB17: =N17-K17 -> -74.375 | AC17: =N17/K17 -> 0.9628125
B18: =VLOOKUP(D18,廠價表!$C$1:$E$40,2,0) -> 義大利麵 | D18: 義式蕃茄起司義大利麵 | F18: =VLOOKUP(D18,廠價表!$C$1:$E$40,3,0) -> 50.39 | G18: 3263 | H18: =F18*G18 -> 164422.57 | J18: =VLOOKUP(D18,產線配置圖!$A$3:$C$39,2,0) -> 12 | K18: =VLOOKUP(D18,產線配置圖!$A$3:$C$39,3,0) -> 2000 | L18: =K18/J18 -> 166.66667 | M18: 12 | N18: =G18/W18*60 -> 1829.7196 | O18: =N18/M18 -> 152.47664 | P18: =M18-J18 -> 0 | Q18: =O18-L18 -> -14.190031 | R18: =O18/L18 -> 0.91485981 | T18: 0.40486111 | U18: 0.47916667 | V18: =(T18-U17)*24*60 -> 12 | W18: =(U18-T18)*24*60 -> 107 | AB18: =N18-K18 -> -170.28037 | AC18: =N18/K18 -> 0.91485981
B19: =VLOOKUP(D19,廠價表!$C$1:$E$40,2,0) -> 義大利麵 | D19: 義式蕃茄起司義大利麵 | F19: =VLOOKUP(D19,廠價表!$C$1:$E$40,3,0) -> 50.39 | G19: 2006 | H19: =F19*G19 -> 101082.34 | J19: =VLOOKUP(D19,產線配置圖!$A$3:$C$39,2,0) -> 12 | K19: =VLOOKUP(D19,產線配置圖!$A$3:$C$39,3,0) -> 2000 | L19: =K19/J19 -> 166.66667 | M19: 12 | N19: =G19/W19*60 -> 1910.4762 | O19: =N19/M19 -> 159.20635 | P19: =M19-J19 -> 0 | Q19: =O19-L19 -> -7.4603175 | R19: =O19/L19 -> 0.9552381 | T19: 0.54166667 | U19: 0.58541667 | V19: =(T19-U18)*24*60 -> 90 | W19: =(U19-T19)*24*60 -> 63 | X19: 0.48958333 | Y19: 0.53125 | AB19: =N19-K19 -> -89.52381 | AC19: =N19/K19 -> 0.9552381
B20: =VLOOKUP(D20,廠價表!$C$1:$E$40,2,0) -> 義大利麵 | D20: 青醬蛤蜊義大利麵 | F20: =VLOOKUP(D20,廠價表!$C$1:$E$40,3,0) -> 50.67 | G20: 1294 | H20: =F20*G20 -> 65566.98 | J20: =VLOOKUP(D20,產線配置圖!$A$3:$C$39,2,0) -> 13 | K20: =VLOOKUP(D20,產線配置圖!$A$3:$C$39,3,0) -> 2000 | L20: =K20/J20 -> 153.84615 | M20: 13 | N20: =G20/W20*60 -> 1805.5814 | O20: =N20/M20 -> 138.89088 | P20: =M20-J20 -> 0 | Q20: =O20-L20 -> -14.955277 | R20: =O20/L20 -> 0.9027907 | T20: 0.59444444 | U20: 0.62430556 | W20: =(U20-T20)*24*60 -> 43 | AB20: =N20-K20 -> -194.4186 | AC20: =N20/K20 -> 0.9027907
W21: =(U21-T21)*24*60 -> 0
H22: =F22*G22 -> 0 | W22: 0
W23: =(U23-T23)*24*60 -> 0
H24: =F24*G24 -> 0 | W24: =(U24-T24)*24*60 -> 0
H25: =F25*G25 -> 0 | W25: =(U25-T25)*24*60 -> 0
C26: 4度二組A | D26: 平均 | J26: =AVERAGE(J16:J25) -> 12.6 | K26: =AVERAGE(K16:K25) -> 2021 | L26: =AVERAGE(L16:L25) -> 160.58974 | M26: =AVERAGE(M16:M25) -> 12.6 | N26: =AVERAGE(N16:N25) -> 1856.735 | O26: =AVERAGE(O16:O25) -> 147.62089 | P26: =M26-J26 -> 0 | Q26: =O26-L26 -> -12.968852 | R26: =O26/L26 -> 0.91924234 | AB26: =N26-K26 -> -164.26501 | AC26: =N26/K26 -> 0.91872092
A27: 手工三線 (ET-55) | B27: =VLOOKUP(D27,廠價表!$C$1:$E$40,2,0) -> 熱乾麵 | D27: 青花椒麻雞肉拌麵 | F27: =VLOOKUP(D27,廠價表!$C$1:$E$40,3,0) -> 49.91 | G27: 1654 | H27: =F27*G27 -> 82551.14 | J27: =VLOOKUP(D27,產線配置圖!$A$3:$C$39,2,0) -> 17 | K27: =VLOOKUP(D27,產線配置圖!$A$3:$C$39,3,0) -> 1565 | L27: =K27/J27 -> 92.058824 | M27: 14 | N27: =G27/W27*60 -> 1067.0968 | O27: =N27/M27 -> 76.221198 | P27: =M27-J27 -> -3 | Q27: =O27-L27 -> -15.837625 | R27: =O27/L27 -> 0.8279619 | S27: =R37 -> 0.86022268 | T27: 0.28958333 | U27: 0.35416667 | W27: =(U27-T27)*24*60 -> 93 | AB27: =N27-K27 -> -497.90323 | AC27: =N27/K27 -> 0.68185097 | AD27: =AC37 -> 0.76160716
B28: =VLOOKUP(D28,廠價表!$C$1:$E$40,2,0) -> 義大利麵 | D28: 奶油蒜香雞義大利麵 | F28: =VLOOKUP(D28,廠價表!$C$1:$E$40,3,0) -> 55.13 | G28: 1977 | H28: =F28*G28 -> 108992.01 | J28: =VLOOKUP(D28,產線配置圖!$A$3:$C$39,2,0) -> 18 | K28: =VLOOKUP(D28,產線配置圖!$A$3:$C$39,3,0) -> 1385 | L28: =K28/J28 -> 76.944444 | M28: 14 | N28: =G28/W28*60 -> 905.49618 | O28: =N28/M28 -> 64.678299 | P28: =M28-J28 -> -4 | Q28: =O28-L28 -> -12.266146 | R28: =O28/L28 -> 0.84058439 | T28: 0.36041667 | U28: 0.45138889 | V28: =(T28-U27)*24*60 -> 9 | W28: =(U28-T28)*24*60 -> 131 | AB28: =N28-K28 -> -479.50382 | AC28: =N28/K28 -> 0.65378786
B29: =VLOOKUP(D29,廠價表!$C$1:$E$40,2,0) -> 義大利麵 | D29: 奶油起司蝦仁通心粉 | F29: =VLOOKUP(D29,廠價表!$C$1:$E$40,3,0) -> 47.71 | G29: 1358 | H29: =F29*G29 -> 64790.18 | J29: =VLOOKUP(D29,產線配置圖!$A$3:$C$39,2,0) -> 15 | K29: =VLOOKUP(D29,產線配置圖!$A$3:$C$39,3,0) -> 1500 | L29: =K29/J29 -> 100 | M29: 15 | N29: =G29/W29*60 -> 1314.1935 | O29: =N29/M29 -> 87.612903 | P29: =M29-J29 -> 0 | Q29: =O29-L29 -> -12.387097 | R29: =O29/L29 -> 0.87612903 | T29: 0.45694444 | U29: 0.5 | V29: =(T29-U28)*24*60 -> 8 | W29: =(U29-T29)*24*60 -> 62 | AB29: =N29-K29 -> -185.80645 | AC29: =N29/K29 -> 0.87612903
B30: =VLOOKUP(D30,廠價表!$C$1:$E$40,2,0) -> 義大利麵 | D30: 奶油起司蝦仁通心粉 | F30: =VLOOKUP(D30,廠價表!$C$1:$E$40,3,0) -> 47.71 | G30: 2780 | H30: =F30*G30 -> 132633.8 | J30: =VLOOKUP(D30,產線配置圖!$A$3:$C$39,2,0) -> 15 | K30: =VLOOKUP(D30,產線配置圖!$A$3:$C$39,3,0) -> 1500 | L30: =K30/J30 -> 100 | M30: 14 | N30: =G30/W30*60 -> 1244.7761 | O30: =N30/M30 -> 88.91258 | P30: =M30-J30 -> -1 | Q30: =O30-L30 -> -11.08742 | R30: =O30/L30 -> 0.8891258 | T30: 0.55277778 | U30: 0.64583333 | V30: =(T30-U29)*24*60 -> 76 | W30: =(U30-T30)*24*60 -> 134 | X30: 0.48958333 | Y30: 0.53125 | AB30: =N30-K30 -> -255.22388 | AC30: =N30/K30 -> 0.82985075
W31: =(U31-T31)*24*60 -> 0
W32: =(U32-T32)*24*60 -> 0
H33: =F33*G33 -> 0 | W33: =(U33-T33)*24*60 -> 0
H34: =F34*G34 -> 0 | W34: =(U34-T34)*24*60 -> 0
H35: =F35*G35 -> 0 | W35: =(U35-T35)*24*60 -> 0
H36: =F36*G36 -> 0 | W36: =(U36-T36)*24*60 -> 0
C37: 4度二組B | D37: 平均 | J37: =AVERAGE(J27:J36) -> 16.25 | K37: =AVERAGE(K27:K36) -> 1487.5 | L37: =AVERAGE(L27:L36) -> 92.250817 | M37: =AVERAGE(M27:M36) -> 14.25 | N37: =AVERAGE(N27:N36) -> 1132.8907 | O37: =AVERAGE(O27:O36) -> 79.356245 | P37: =M37-J37 -> -2 | Q37: =N37-K37 -> -354.60934 | R37: =O37/L37 -> 0.86022268 | AB37: =N37-K37 -> -354.60934 | AC37: =N37/K37 -> 0.76160716
A38: 手工四線 (ET-55) | B38: 義大利麵 | D38: 焗烤明太子筆尖麵 | F38: =VLOOKUP(D38,廠價表!$C$1:$E$40,3,0) -> 57.3 | G38: 2191 | H38: =F38*G38 -> 125544.3 | J38: =VLOOKUP(D38,產線配置圖!$A$3:$C$39,2,0) -> 15 | K38: 1500 | L38: =K38/J38 -> 100 | M38: 14 | N38: =G38/W38*60 -> 1252 | O38: =N38/M38 -> 89.428571 | P38: =M38-J38 -> -1 | Q38: =O38-L38 -> -10.571429 | R38: =O38/L38 -> 0.89428571 | S38: =R48 -> 0.84324969 | T38: 0.33333333 | U38: 0.40625 | W38: =(U38-T38)*24*60 -> 105 | AB38: =N38-K38 -> -248 | AC38: =N38/K38 -> 0.83466667 | AD38: =AC48 -> 0.77783066
B39: 義大利麵 | D39: 濃拿坡里義大利麵 | F39: =VLOOKUP(D39,廠價表!$C$1:$E$40,3,0) -> 56.43 | G39: 800 | H39: =F39*G39 -> 45144 | J39: =VLOOKUP(D39,產線配置圖!$A$3:$C$39,2,0) -> 15 | K39: =VLOOKUP(D39,產線配置圖!$A$3:$C$39,3,0) -> 1406 | L39: =K39/J39 -> 93.733333 | M39: 13 | N39: =G39/W39*60 -> 1066.6667 | O39: =N39/M39 -> 82.051282 | P39: =M39-J39 -> -2 | Q39: =O39-L39 -> -11.682051 | R39: =O39/L39 -> 0.8753693 | T39: 0.42013889 | U39: 0.45138889 | V39: =(T39-U38)*24*60 -> 20 | W39: =(U39-T39)*24*60 -> 45 | AB39: =N39-K39 -> -339.33333 | AC39: =N39/K39 -> 0.75865339
B40: 義大利麵 | D40: 南洋紅咖哩豬義大利麵 | F40: =VLOOKUP(D40,廠價表!$C$1:$E$40,3,0) -> 56.43 | G40: 843 | H40: =F40*G40 -> 47570.49 | J40: =VLOOKUP(D40,產線配置圖!$A$3:$C$39,2,0) -> 15 | K40: =VLOOKUP(D40,產線配置圖!$A$3:$C$39,3,0) -> 1636 | L40: =K40/J40 -> 109.06667 | M40: 15 | N40: =G40/W40*60 -> 1264.5 | O40: =N40/M40 -> 84.3 | P40: =M40-J40 -> 0 | Q40: =O40-L40 -> -24.766667 | R40: =O40/L40 -> 0.77292176 | T40: 0.46527778 | U40: 0.49305556 | V40: =(T40-U39)*24*60 -> 20 | W40: =(U40-T40)*24*60 -> 40 | Z40: 生產數量少 | AB40: =N40-K40 -> -371.5 | AC40: =N40/K40 -> 0.77292176
B41: 義大利麵 | D41: 濃拿坡里義大利麵 | F41: =VLOOKUP(D41,廠價表!$C$1:$E$40,3,0) -> 56.43 | G41: 606 | H41: =F41*G41 -> 34196.58 | J41: =VLOOKUP(D41,產線配置圖!$A$3:$C$39,2,0) -> 15 | K41: =VLOOKUP(D41,產線配置圖!$A$3:$C$39,3,0) -> 1406 | L41: =K41/J41 -> 93.733333 | M41: 13 | N41: =G41/W41*60 -> 909 | O41: =N41/M41 -> 69.923077 | P41: =M41-J41 -> -2 | Q41: =O41-L41 -> -23.810256 | R41: =O41/L41 -> 0.74597877 | T41: 0.55208333 | U41: 0.57986111 | V41: =(T41-U40)*24*60 -> 85 | W41: =(U41-T41)*24*60 -> 40 | X41: 0.52777778 | Y41: 0.56944444 | Z41: L型封膜機異常 | AB41: =N41-K41 -> -497 | AC41: =N41/K41 -> 0.64651494
B42: 義大利麵 | D42: 濃拿坡里義大利麵 | F42: =VLOOKUP(D42,廠價表!$C$1:$E$40,3,0) -> 56.43 | G42: 614 | H42: =F42*G42 -> 34648.02 | J42: =VLOOKUP(D42,產線配置圖!$A$3:$C$39,2,0) -> 15 | K42: =VLOOKUP(D42,產線配置圖!$A$3:$C$39,3,0) -> 1406 | L42: =K42/J42 -> 93.733333 | M42: 14 | N42: =G42/W42*60 -> 1228 | O42: =N42/M42 -> 87.714286 | P42: =M42-J42 -> -1 | Q42: =O42-L42 -> -6.0190476 | R42: =O42/L42 -> 0.93578541 | T42: 0.60694444 | U42: 0.62777778 | V42: =(T42-U41)*24*60 -> 39 | W42: =(U42-T42)*24*60 -> 30 | Z42: 14:00~14:25試產沙茶豬78盒
W43: =(U43-T43)*24*60 -> 0
H44: =F44*G44 -> 0 | W44: =(U44-T44)*24*60 -> 0
H45: =F45*G45 -> 0 | W45: =(U45-T45)*24*60 -> 0
H46: =F46*G46 -> 0 | W46: =(U46-T46)*24*60 -> 0
H47: =F47*G47 -> 0 | W47: =(U47-T47)*24*60 -> 0
C48: 4度二組C1 | D48: 平均 | J48: =AVERAGE(J38:J47) -> 15 | K48: =AVERAGE(K38:K47) -> 1470.8 | L48: =AVERAGE(L38:L47) -> 98.053333 | M48: =AVERAGE(M38:M47) -> 13.8 | N48: =AVERAGE(N38:N47) -> 1144.0333 | O48: =AVERAGE(O38:O47) -> 82.683443 | P48: =M48-J48 -> -1.2 | Q48: =N48-K48 -> -326.76667 | R48: =O48/L48 -> 0.84324969 | W48: =(U48-T48)*24*60 -> 0 | AB48: =N48-K48 -> -326.76667 | AC48: =N48/K48 -> 0.77783066
A49: 手工五線 (ET-55) | B49: =VLOOKUP(D49,廠價表!$C$1:$E$40,2,0) -> 義大利麵 | D49: 剝皮辣椒雞奶油扁麵 | F49: =VLOOKUP(D49,廠價表!$C$1:$E$40,3,0) -> 56.87 | G49: 2152 | H49: =F49*G49 -> 122384.24 | J49: =VLOOKUP(D49,產線配置圖!$A$3:$C$39,2,0) -> 19 | K49: =VLOOKUP(D49,產線配置圖!$A$3:$C$39,3,0) -> 1565 | L49: =K49/J49 -> 82.368421 | M49: 19 | N49: =G49/W49*60 -> 1359.1579 | O49: =N49/M49 -> 71.534626 | P49: =M49-J49 -> 0 | Q49: =O49-L49 -> -10.833795 | R49: =O49/L49 -> 0.8684715 | S49: =R58 -> 0.94860934 | T49: 0.29027778 | U49: 0.35625 | W49: =(U49-T49)*24*60 -> 95 | AB49: =N49-K49 -> -205.84211 | AC49: =N49/K49 -> 0.8684715 | AD49: =AC58 -> 0.94701869
B50: =VLOOKUP(D50,廠價表!$C$1:$E$40,2,0) -> 義大利麵 | D50: 焗烤起司雙饗筆尖麵 | F50: =VLOOKUP(D50,廠價表!$C$1:$E$40,3,0) -> 49.97 | G50: 3959 | H50: =F50*G50 -> 197831.23 | J50: =VLOOKUP(D50,產線配置圖!$A$3:$C$39,2,0) -> 18 | K50: =VLOOKUP(D50,產線配置圖!$A$3:$C$39,3,0) -> 1600 | L50: =K50/J50 -> 88.888889 | M50: 18 | N50: =G50/W50*60 -> 1512.9936 | O50: =N50/M50 -> 84.055202 | P50: =M50-J50 -> 0 | Q50: =O50-L50 -> -4.8336872 | R50: =O50/L50 -> 0.94562102 | T50: 0.36319444 | U50: 0.47222222 | V50: =(T50-U49)*24*60 -> 10 | W50: =(U50-T50)*24*60 -> 157 | AB50: =N50-K50 -> -87.006369 | AC50: =N50/K50 -> 0.94562102
B51: =VLOOKUP(D51,廠價表!$C$1:$E$40,2,0) -> 義大利麵 | D51: 焗烤起司雙饗筆尖麵 | F51: =VLOOKUP(D51,廠價表!$C$1:$E$40,3,0) -> 49.97 | G51: 2000 | H51: =F51*G51 -> 99940 | J51: =VLOOKUP(D51,產線配置圖!$A$3:$C$39,2,0) -> 18 | K51: =VLOOKUP(D51,產線配置圖!$A$3:$C$39,3,0) -> 1600 | L51: =K51/J51 -> 88.888889 | M51: 18 | N51: =G51/W51*60 -> 1578.9474 | O51: =N51/M51 -> 87.719298 | P51: =M51-J51 -> 0 | Q51: =O51-L51 -> -1.1695906 | R51: =O51/L51 -> 0.98684211 | T51: 0.53125 | U51: 0.58402778 | V51: =(T51-U50)*24*60 -> 85 | W51: =(U51-T51)*24*60 -> 76 | AB51: =N51-K51 -> -21.052632 | AC51: =N51/K51 -> 0.98684211
B52: =VLOOKUP(D52,廠價表!$C$1:$E$40,2,0) -> 熱乾麵 | D52: 青花椒麻雞肉拌麵 | F52: =VLOOKUP(D52,廠價表!$C$1:$E$40,3,0) -> 49.91 | G52: 1312 | H52: =F52*G52 -> 65481.92 | J52: =VLOOKUP(D52,產線配置圖!$A$3:$C$39,2,0) -> 17 | K52: =VLOOKUP(D52,產線配置圖!$A$3:$C$39,3,0) -> 1565 | L52: =K52/J52 -> 92.058824 | M52: 17 | N52: =G52/W52*60 -> 1543.5294 | O52: =N52/M52 -> 90.795848 | P52: =M52-J52 -> 0 | Q52: =O52-L52 -> -1.2629758 | R52: =O52/L52 -> 0.98628077 | T52: 0.58958333 | U52: 0.625 | V52: =(T52-U51)*24*60 -> 8 | W52: =(U52-T52)*24*60 -> 51 | AB52: =N52-K52 -> -21.470588 | AC52: =N52/K52 -> 0.98628077
W53: =(U53-T53)*24*60 -> 0
H54: =F54*G54 -> 0 | W54: =(U54-T54)*24*60 -> 0
H55: =F55*G55 -> 0 | W55: =(U55-T55)*24*60 -> 0
H56: =F56*G56 -> 0 | W56: =(U56-T56)*24*60 -> 0
H57: =F57*G57 -> 0 | W57: =(U57-T57)*24*60 -> 0
C58: 4度二組C2 | D58: 平均 | J58: =AVERAGE(J49:J57) -> 18 | K58: =AVERAGE(K49:K57) -> 1582.5 | L58: =AVERAGE(L49:L57) -> 88.051256 | M58: =AVERAGE(M49:M57) -> 18 | N58: =AVERAGE(N49:N57) -> 1498.6571 | O58: =AVERAGE(O49:O57) -> 83.526243 | P58: =M58-J58 -> 0 | Q58: =N58-K58 -> -83.842924 | R58: =O58/L58 -> 0.94860934 | AB58: =N58-K58 -> -83.842924 | AC58: =N58/K58 -> 0.94701869
A59: 調理包一線 (八爪機) | B59: =VLOOKUP(D59,廠價表!$C$1:$E$40,2,0) -> 小吃、微波 | D59: 小滷青蔬 | F59: =VLOOKUP(D59,廠價表!$C$1:$E$40,3,0) -> 26.99 | G59: 4176 | H59: =F59*G59 -> 112710.24 | J59: =VLOOKUP(D59,產線配置圖!$A$3:$C$39,2,0) -> 13 | K59: =VLOOKUP(D59,產線配置圖!$A$3:$C$39,3,0) -> 1565 | L59: =K59/J59 -> 120.38462 | M59: 13 | N59: =G59/W59*60 -> 1546.6667 | O59: =N59/M59 -> 118.97436 | P59: =M59-J59 -> 0 | Q59: =O59-L59 -> -1.4102564 | R59: =O59/L59 -> 0.98828541 | S59: =R69 -> 0.84538086 | T59: 0.29027778 | U59: 0.40277778 | W59: =(U59-T59)*24*60 -> 162 | AB59: =N59-K59 -> -18.333333 | AC59: =N59/K59 -> 0.98828541 | AD59: =AC69 -> 0.84904508
B60: =VLOOKUP(D60,廠價表!$C$1:$E$40,2,0) -> 小吃、微波 | D60: 台式綜合甜不辣 | F60: =VLOOKUP(D60,廠價表!$C$1:$E$40,3,0) -> 28.47 | G60: 648 | H60: =F60*G60 -> 18448.56 | J60: =VLOOKUP(D60,產線配置圖!$A$3:$C$39,2,0) -> 12 | K60: =VLOOKUP(D60,產線配置圖!$A$3:$C$39,3,0) -> 1565 | L60: =K60/J60 -> 130.41667 | M60: 12 | N60: =G60/W60*60 -> 972 | O60: =N60/M60 -> 81 | P60: =M60-J60 -> 0 | Q60: =O60-L60 -> -49.416667 | R60: =O60/L60 -> 0.62108626 | T60: 0.40972222 | U60: 0.4375 | V60: =(T60-U59)*24*60 -> 10 | W60: =(U60-T60)*24*60 -> 40 | Z60: 生產數量少、手工作業 | AB60: =N60-K60 -> -593 | AC60: =N60/K60 -> 0.62108626
B61: =VLOOKUP(D61,廠價表!$C$1:$E$40,2,0) -> 小吃、微波 | D61: 起司馬鈴薯 | F61: =VLOOKUP(D61,廠價表!$C$1:$E$40,3,0) -> 28.26 | G61: 2446 | H61: =F61*G61 -> 69123.96 | J61: =VLOOKUP(D61,產線配置圖!$A$3:$C$39,2,0) -> 12 | K61: =VLOOKUP(D61,產線配置圖!$A$3:$C$39,3,0) -> 1565 | L61: =K61/J61 -> 130.41667 | M61: 12 | N61: =G61/W61*60 -> 1467.6 | O61: =N61/M61 -> 122.3 | P61: =M61-J61 -> 0 | Q61: =O61-L61 -> -8.1166667 | R61: =O61/L61 -> 0.93776358 | T61: 0.44791667 | U61: 0.51736111 | V61: =(T61-U60)*24*60 -> 15 | W61: =(U61-T61)*24*60 -> 100 | AB61: =N61-K61 -> -97.4 | AC61: =N61/K61 -> 0.93776358
W62: =(U62-T62)*24*60 -> 0
W63: =(U63-T63)*24*60 -> 0
W64: =(U64-T64)*24*60 -> 0
W65: =(U65-T65)*24*60 -> 0
W66: =(U66-T66)*24*60 -> 0
H67: =F67*G67 -> 0 | W67: =(U67-T67)*24*60 -> 0
H68: =F68*G68 -> 0 | W68: =(U68-T68)*24*60 -> 0
C69: 4度三組 | D69: 平均 | J69: =AVERAGE(J59:J68) -> 12.333333 | K69: =AVERAGE(K59:K68) -> 1565 | L69: =AVERAGE(L59:L68) -> 127.07265 | M69: =AVERAGE(M59:M68) -> 12.333333 | N69: =AVERAGE(N59:N68) -> 1328.7556 | O69: =AVERAGE(O59:O68) -> 107.42479 | P69: =M69-J69 -> 0 | Q69: =N69-K69 -> -236.24444 | R69: =O69/L69 -> 0.84538086 | AB69: =N69-K69 -> -236.24444 | AC69: =N69/K69 -> 0.84904508
A70: 調理包二線 (手工) | S70: =R79 -> 0 | W70: =(U70-T70)*24*60 -> 0 | AB70: =N70-K70 -> 0 | AC70: =N70/K70 -> #DIV/0! | AD70: =AC79 -> #DIV/0!
W71: =(U71-T71)*24*60 -> 0
W72: =(U72-T72)*24*60 -> 0
W73: =(U73-T73)*24*60 -> 0
H74: =F74*G74 -> 0 | W74: =(U74-T74)*24*60 -> 0
H75: =F75*G75 -> 0 | W75: =(U75-T75)*24*60 -> 0
H76: =F76*G76 -> 0 | W76: =(U76-T76)*24*60 -> 0
H77: =F77*G77 -> 0 | W77: =(U77-T77)*24*60 -> 0
H78: =F78*G78 -> 0 | W78: =(U78-T78)*24*60 -> 0
C79: 4度四組 | D79: 平均 | J79: =AVERAGE(J70:J78) -> #DIV/0! | AB79: =N79-K79 -> 0 | AC79: =N79/K79 -> #DIV/0!
AF80: 1.當日出勤人數較多
AF81: 2.當日出勤人數較少
AF82: 3.當日出勤熟手較少
AF83: 4.當日出勤新人較多
AF84: 5.機台夾盒
AF85: 6.封膜不順
AF86: 7.更換膠膜
AF87: 8.更換碳帶
AF88: 9.當日熱轉印碳帶異常
AF89: 10.訂單量過少
AF90: 11.新品上市，尚未熟悉
AF91: 12.商品結構，產能較低
AF92: 13.區域出貨，分段生產

Sheet 1209總
B1: 長家廠組合室生產人時性分析
B3: 日期 | D3: 46000 | F3: 訂單量 | G3: ='1209'!E1 -> 63073 | I3: 營業額 | J3: ='1209'!G1 -> 2998775.7
B4: 項目 | D4: 3 | F4: ➀ | H4: ➁ | J4: ③
B5: 人時性 | D5: 組合室 | F5: 全溫層 | H5: 義大利麵 | J5: 袋裝小吃、義麵
D6: 排關平均 | F6: =AVERAGE(D13:J13) -> 119.30428 | H6: =AVERAGE(D13:H13) -> 115.9294 | J6: =AVERAGE(I13:J13) -> 127.74145
D7: 實績平均 | F7: =AVERAGE(D14:J14) -> 105.1679 | H7: =AVERAGE(D14:H14) -> 102.07937 | J7: =AVERAGE(I14:J14) -> 112.88922
D8: 達成率平均 | F8: =AVERAGE(D15:J15) -> 0.88011707 | H8: =AVERAGE(D15:H15) -> 0.87834448 | J8: =AVERAGE(I15:J15) -> 0.88454855 | L8: ※現行日本鮮食廠以達成率80%為基本(即為現行KPI)
B10: 溫層 | D10: 4度C-各編組展開
B11: 編組 | D11: 1 | E11: 2 | F11: 3 | G11: 4 | H11: 5 | I11: 6 | J11: 7
D12: 自動1線 | E12: 自動2線 | F12: 手工3線 | G12: 手工4線 | H12: 手工5線 | I12: 調理包1線 | J12: 調理包2線
B13: 人時性 | C13: 排關 | D13: =VALUE('1209'!L15) -> 140.21719 | E13: =VALUE('1209'!L26) -> 160.58974 | F13: =VALUE('1209'!L37) -> 92.236111 | G13: =VALUE('1209'!L48) -> 95.893333 | H13: =VALUE('1209'!L58) -> 90.710641 | I13: =VALUE('1209'!L69) -> 126.40385 | J13: ='1209'!L79 -> 129.07906
C14: 實績 | D14: =VALUE('1209'!O15) -> 122.79822 | E14: =VALUE('1209'!O26) -> 144.76654 | F14: =VALUE('1209'!O37) -> 81.267838 | G14: =VALUE('1209'!O48) -> 80.053642 | H14: =VALUE('1209'!O58) -> 81.510612 | I14: =VALUE('1209'!O69) -> 121.66633 | J14: ='1209'!O79 -> 104.11211
C15: 達成率 | D15: =D14/D13 -> 0.87577145 | E15: =E14/E13 -> 0.90146813 | F15: =F14/F13 -> 0.88108483 | G15: =G14/G13 -> 0.83481968 | H15: =H14/H13 -> 0.89857829 | I15: =I14/I13 -> 0.9625208 | J15: =J14/J13 -> 0.8065763
B16: 作業 時間 | C16: 開始 | D16: ='1209'!T5 -> 0.29027778 | E16: ='1209'!T16 -> 0.28958333 | F16: ='1209'!T27 -> 0.29166667 | G16: ='1209'!T38 -> 0.29166667 | H16: ='1209'!T49 -> 0.2875 | I16: ='1209'!T59 -> 0.28819444 | J16: ='1209'!T70 -> 0.44097222
C17: 結束 | D17: 0.60972222 | E17: 0.61805556 | F17: 0.65902778 | G17: 0.66666667 | H17: 0.66597222 | I17: 0.67361111 | J17: 0.61458333
B18: 配置人數 | D18: =VALUE('1209'!M15) -> 14.2 | E18: =VALUE('1209'!M26) -> 12.6 | F18: =VALUE('1209'!M37) -> 16.75 | G18: =VALUE('1209'!M48) -> 15.8 | H18: =VALUE('1209'!M58) -> 17.333333 | I18: =VALUE('1209'!M69) -> 12.4 | J18: ='1209'!M79 -> 10.133333
B19: 主要應用設備 | D19: ET-600 | E19: ET-600 | F19: ET-55 | G19: ET-55 | H19: ET-55 | I19: 八爪機
B20: 次要應用設備 | H20: 封口機
B21: 備註

Sheet 1209
A1: 長家廠4度C日報分析 | D1: 總生產量 | E1: =SUM(G5:G79) -> 63073 | F1: 營業額 | G1: =SUM(H5:H79) -> 2998775.7 | H1: 出勤人數 | I1: =M15+M26+M48+M58+M69+M79+M37 -> 99.216667 | J1: 產線配置圖 | M1: 生產實績 | P1: 人時性差異分析 | T1: 日報登錄 | Z1: 分析說明 | AB1: 產能差異分析
A2: 12月09日 星期二 | D2: 人時性 | E2: =AVERAGE(O15,O26,O37,O48,O58,O69,O79) -> 105.1679 | F2: 平均廠價 | G2: =G1/E1 -> 47.544523 | H2: 多次生產數 | I2: =COUNT(I5:I79) -> 0
A3: 線別 | B3: 品類 | D3: 品名 | F3: 廠價 | G3: 生產量 | H3: 營收 | I3: 多次 生產 | J3: 人數 | K3: 產能/時 | L3: 人時性 | M3: 人數 | N3: 產能/時 | O3: 人時性 | P3: 人數 | Q3: 人時性 | R3: 達成率 | S3: 達成率平均 | T3: 生產時間 | V3: 前置、換線時間/分 | W3: 稼動時間/分 | X3: 休息時間 | AB3: 產能/時 | AC3: 達成率 | AD3: 達成率平均
T4: 開始 | U4: 結束 | X4: 開始 | Y4: 結束
A5: 自動一線 (ET-600) | B5: =VLOOKUP(D5,廠價表!$C$1:$E$40,2,0) -> 義大利麵 | D5: 白酒蛤蜊義大利麵 | F5: =VLOOKUP(D5,廠價表!$C$1:$E$40,3,0) -> 57.21 | G5: 1229 | H5: =F5*G5 -> 70311.09 | J5: =VLOOKUP(D5,產線配置圖!$A$3:$C$39,2,0) -> 13 | K5: =VLOOKUP(D5,產線配置圖!$A$3:$C$39,3,0) -> 2105 | L5: =K5/J5 -> 161.92308 | M5: 13 | N5: =G5/W5*60 -> 1798.5366 | O5: =N5/M5 -> 138.34897 | P5: =M5-J5 -> 0 | Q5: =O5-L5 -> -23.574109 | R5: =O5/L5 -> 0.85441168 | S5: =R15 -> 0.87577145 | T5: 0.29027778 | U5: 0.31875 | W5: =(U5-T5)*24*60 -> 41 | AB5: =N5-K5 -> -306.46341 | AC5: =N5/K5 -> 0.85441168 | AD5: =AC15 -> 0.87515703
B6: =VLOOKUP(D6,廠價表!$C$1:$E$40,2,0) -> 義大利麵 | D6: 南洋紅咖哩豬義大利麵 | F6: =VLOOKUP(D6,廠價表!$C$1:$E$40,3,0) -> 56.43 | G6: 1107 | H6: =F6*G6 -> 62468.01 | J6: =VLOOKUP(D6,產線配置圖!$A$3:$C$39,2,0) -> 15 | K6: 1800 | L6: =K6/J6 -> 120 | M6: 15 | N6: =G6/W6*60 -> 1383.75 | O6: =N6/M6 -> 92.25 | P6: =M6-J6 -> 0 | Q6: =O6-L6 -> -27.75 | R6: =O6/L6 -> 0.76875 | T6: 0.32777778 | U6: 0.36111111 | V6: =(T6-U5)*24*60 -> 13 | W6: =(U6-T6)*24*60 -> 48 | Z6: 手抓麵作業 | AB6: =N6-K6 -> -416.25 | AC6: =N6/K6 -> 0.76875
B7: =VLOOKUP(D7,廠價表!$C$1:$E$40,2,0) -> 義大利麵 | D7: 韓式起司炸雞義大利麵 | F7: =VLOOKUP(D7,廠價表!$C$1:$E$40,3,0) -> 57.21 | G7: 1656 | H7: =F7*G7 -> 94739.76 | J7: =VLOOKUP(D7,產線配置圖!$A$3:$C$39,2,0) -> 17 | K7: =VLOOKUP(D7,產線配置圖!$A$3:$C$39,3,0) -> 1895 | L7: =K7/J7 -> 111.47059 | M7: 17 | N7: =G7/W7*60 -> 1743.1579 | O7: =N7/M7 -> 102.5387 | P7: =M7-J7 -> 0 | Q7: =O7-L7 -> -8.9318885 | R7: =O7/L7 -> 0.91987224 | T7: 0.36944444 | U7: 0.40902778 | V7: =(T7-U6)*24*60 -> 12 | W7: =(U7-T7)*24*60 -> 57 | AB7: =N7-K7 -> -151.84211 | AC7: =N7/K7 -> 0.91987224
B8: =VLOOKUP(D8,廠價表!$C$1:$E$40,2,0) -> 義大利麵 | D8: 奶油培根義大利麵 | F8: =VLOOKUP(D8,廠價表!$C$1:$E$40,3,0) -> 49.14 | G8: 2558 | H8: =F8*G8 -> 125700.12 | J8: =VLOOKUP(D8,產線配置圖!$A$3:$C$39,2,0) -> 13 | K8: =VLOOKUP(D8,產線配置圖!$A$3:$C$39,3,0) -> 2000 | L8: =K8/J8 -> 153.84615 | M8: 13 | N8: =G8/W8*60 -> 1724.4944 | O8: =N8/M8 -> 132.65341 | P8: =M8-J8 -> 0 | Q8: =O8-L8 -> -21.19274 | R8: =O8/L8 -> 0.86224719 | T8: 0.41666667 | U8: 0.47847222 | V8: =(T8-U7)*24*60 -> 11 | W8: =(U8-T8)*24*60 -> 89 | AB8: =N8-K8 -> -275.50562 | AC8: =N8/K8 -> 0.86224719
B9: =VLOOKUP(D9,廠價表!$C$1:$E$40,2,0) -> 義大利麵 | D9: 奶油培根義大利麵 | F9: =VLOOKUP(D9,廠價表!$C$1:$E$40,3,0) -> 49.14 | G9: 3211 | H9: =F9*G9 -> 157788.54 | J9: =VLOOKUP(D9,產線配置圖!$A$3:$C$39,2,0) -> 13 | K9: =VLOOKUP(D9,產線配置圖!$A$3:$C$39,3,0) -> 2000 | L9: =K9/J9 -> 153.84615 | M9: 13 | N9: =G9/W9*60 -> 1926.6 | O9: =N9/M9 -> 148.2 | P9: =M9-J9 -> 0 | Q9: =O9-L9 -> -5.6461538 | R9: =O9/L9 -> 0.9633 | T9: 0.54027778 | U9: 0.60972222 | V9: =(T9-U8)*24*60 -> 89 | W9: =(U9-T9)*24*60 -> 100 | AB9: =N9-K9 -> -73.4 | AC9: =N9/K9 -> 0.9633
W10: =(U10-T10)*24*60 -> 0
H11: =F11*G11 -> 0 | W11: =(U11-T11)*24*60 -> 0
H12: =F12*G12 -> 0 | W12: =(U12-T12)*24*60 -> 0
W13: =(U13-T13)*24*60 -> 0
W14: =(U14-T14)*24*60 -> 0
C15: 4度一組 | D15: 平均 | J15: =AVERAGE(J5:J14) -> 14.2 | K15: =AVERAGE(K5:K14) -> 1960 | L15: =AVERAGE(L5:L14) -> 140.21719 | M15: =AVERAGE(M5:M14) -> 14.2 | N15: =AVERAGE(N5:N14) -> 1715.3078 | O15: =AVERAGE(O5:O14) -> 122.79822 | P15: =M15-J15 -> 0 | Q15: =O15-L15 -> -17.418978 | R15: =O15/L15 -> 0.87577145 | AB15: =N15-K15 -> -244.69223 | AC15: =N15/K15 -> 0.87515703
A16: 自動二線 (ET-600) | B16: =VLOOKUP(D16,廠價表!$C$1:$E$40,2,0) -> 義大利麵 | D16: 白酒蛤蜊義大利麵 | F16: =VLOOKUP(D16,廠價表!$C$1:$E$40,3,0) -> 57.21 | G16: 1281 | H16: =F16*G16 -> 73286.01 | J16: =VLOOKUP(D16,產線配置圖!$A$3:$C$39,2,0) -> 13 | K16: =VLOOKUP(D16,產線配置圖!$A$3:$C$39,3,0) -> 2105 | L16: =K16/J16 -> 161.92308 | M16: 13 | N16: =G16/W16*60 -> 1787.4419 | O16: =N16/M16 -> 137.49553 | P16: =M16-J16 -> 0 | Q16: =O16-L16 -> -24.427549 | R16: =O16/L16 -> 0.84914103 | S16: =R26 -> 0.90146813 | T16: 0.28958333 | U16: 0.31944444 | W16: =(U16-T16)*24*60 -> 43 | AB16: =N16-K16 -> -317.55814 | AC16: =N16/K16 -> 0.84914103 | AD16: =AC26 -> 0.90110415
B17: =VLOOKUP(D17,廠價表!$C$1:$E$40,2,0) -> 義大利麵 | D17: 青醬蛤蜊義大利麵 | F17: =VLOOKUP(D17,廠價表!$C$1:$E$40,3,0) -> 50.67 | G17: 2975 | H17: =F17*G17 -> 150743.25 | J17: =VLOOKUP(D17,產線配置圖!$A$3:$C$39,2,0) -> 13 | K17: =VLOOKUP(D17,產線配置圖!$A$3:$C$39,3,0) -> 2000 | L17: =K17/J17 -> 153.84615 | M17: 13 | N17: =G17/W17*60 -> 1840.2062 | O17: =N17/M17 -> 141.55432 | P17: =M17-J17 -> 0 | Q17: =O17-L17 -> -12.291832 | R17: =O17/L17 -> 0.92010309 | T17: 0.32986111 | U17: 0.39722222 | V17: =(T17-U16)*24*60 -> 15 | W17: =(U17-T17)*24*60 -> 97 | AB17: =N17-K17 -> -159.79381 | AC17: =N17/K17 -> 0.92010309
B18: =VLOOKUP(D18,廠價表!$C$1:$E$40,2,0) -> 義大利麵 | D18: 義式蕃茄起司義大利麵 | F18: =VLOOKUP(D18,廠價表!$C$1:$E$40,3,0) -> 50.39 | G18: 2560 | H18: =F18*G18 -> 128998.4 | J18: =VLOOKUP(D18,產線配置圖!$A$3:$C$39,2,0) -> 12 | K18: =VLOOKUP(D18,產線配置圖!$A$3:$C$39,3,0) -> 2000 | L18: =K18/J18 -> 166.66667 | M18: 12 | N18: =G18/W18*60 -> 1725.8427 | O18: =N18/M18 -> 143.82022 | P18: =M18-J18 -> 0 | Q18: =O18-L18 -> -22.846442 | R18: =O18/L18 -> 0.86292135 | T18: 0.40625 | U18: 0.46805556 | V18: =(T18-U17)*24*60 -> 13 | W18: =(U18-T18)*24*60 -> 89 | AB18: =N18-K18 -> -274.1573 | AC18: =N18/K18 -> 0.86292135
B19: =VLOOKUP(D19,廠價表!$C$1:$E$40,2,0) -> 義大利麵 | D19: 義式蕃茄起司義大利麵 | F19: =VLOOKUP(D19,廠價表!$C$1:$E$40,3,0) -> 50.39 | G19: 2309 | H19: =F19*G19 -> 116350.51 | J19: =VLOOKUP(D19,產線配置圖!$A$3:$C$39,2,0) -> 12 | K19: =VLOOKUP(D19,產線配置圖!$A$3:$C$39,3,0) -> 2000 | L19: =K19/J19 -> 166.66667 | M19: 12 | N19: =G19/W19*60 -> 1924.1667 | O19: =N19/M19 -> 160.34722 | P19: =M19-J19 -> 0 | Q19: =O19-L19 -> -6.3194444 | R19: =O19/L19 -> 0.96208333 | T19: 0.54166667 | U19: 0.59166667 | V19: =(T19-U18)*24*60 -> 106 | W19: =(U19-T19)*24*60 -> 72 | X19: 0.48958333 | Y19: 0.53125 | AB19: =N19-K19 -> -75.833333 | AC19: =N19/K19 -> 0.96208333
B20: =VLOOKUP(D20,廠價表!$C$1:$E$40,2,0) -> 義大利麵 | D20: 青醬蛤蜊義大利麵 | F20: =VLOOKUP(D20,廠價表!$C$1:$E$40,3,0) -> 50.67 | G20: 914 | H20: =F20*G20 -> 46312.38 | J20: =VLOOKUP(D20,產線配置圖!$A$3:$C$39,2,0) -> 13 | K20: =VLOOKUP(D20,產線配置圖!$A$3:$C$39,3,0) -> 2000 | L20: =K20/J20 -> 153.84615 | M20: 13 | N20: =G20/W20*60 -> 1828 | O20: =N20/M20 -> 140.61538 | P20: =M20-J20 -> 0 | Q20: =O20-L20 -> -13.230769 | R20: =O20/L20 -> 0.914 | T20: 0.59722222 | U20: 0.61805556 | W20: =(U20-T20)*24*60 -> 30 | AB20: =N20-K20 -> -172 | AC20: =N20/K20 -> 0.914
W21: =(U21-T21)*24*60 -> 0
H22: =F22*G22 -> 0 | W22: 0
W23: =(U23-T23)*24*60 -> 0
H24: =F24*G24 -> 0 | W24: =(U24-T24)*24*60 -> 0
H25: =F25*G25 -> 0 | W25: =(U25-T25)*24*60 -> 0
C26: 4度二組A | D26: 平均 | J26: =AVERAGE(J16:J25) -> 12.6 | K26: =AVERAGE(K16:K25) -> 2021 | L26: =AVERAGE(L16:L25) -> 160.58974 | M26: =AVERAGE(M16:M25) -> 12.6 | N26: =AVERAGE(N16:N25) -> 1821.1315 | O26: =AVERAGE(O16:O25) -> 144.76654 | P26: =M26-J26 -> 0 | Q26: =O26-L26 -> -15.823207 | R26: =O26/L26 -> 0.90146813 | AB26: =N26-K26 -> -199.86852 | AC26: =N26/K26 -> 0.90110415
A27: 手工三線 (ET-55) | B27: =VLOOKUP(D27,廠價表!$C$1:$E$40,2,0) -> 義大利麵 | D27: 奶油起司蝦仁通心粉 | F27: =VLOOKUP(D27,廠價表!$C$1:$E$40,3,0) -> 47.71 | G27: 3124 | H27: =F27*G27 -> 149046.04 | J27: =VLOOKUP(D27,產線配置圖!$A$3:$C$39,2,0) -> 15 | K27: =VLOOKUP(D27,產線配置圖!$A$3:$C$39,3,0) -> 1500 | L27: =K27/J27 -> 100 | M27: 15 | N27: =G27/W27*60 -> 1441.8462 | O27: =N27/M27 -> 96.123077 | P27: =M27-J27 -> 0 | Q27: =O27-L27 -> -3.8769231 | R27: =O27/L27 -> 0.96123077 | S27: =R37 -> 0.88108483 | T27: 0.29166667 | U27: 0.38194444 | W27: =(U27-T27)*24*60 -> 130 | AB27: =N27-K27 -> -58.153846 | AC27: =N27/K27 -> 0.96123077 | AD27: =AC37 -> 0.93823844
B28: =VLOOKUP(D28,廠價表!$C$1:$E$40,2,0) -> 義大利麵 | D28: 奶油蒜香雞義大利麵 | F28: =VLOOKUP(D28,廠價表!$C$1:$E$40,3,0) -> 55.13 | G28: 1687 | H28: =F28*G28 -> 93004.31 | J28: =VLOOKUP(D28,產線配置圖!$A$3:$C$39,2,0) -> 18 | K28: =VLOOKUP(D28,產線配置圖!$A$3:$C$39,3,0) -> 1385 | L28: =K28/J28 -> 76.944444 | M28: 18 | N28: =G28/W28*60 -> 1349.6 | O28: =N28/M28 -> 74.977778 | P28: =M28-J28 -> 0 | Q28: =O28-L28 -> -1.9666667 | R28: =O28/L28 -> 0.97444043 | T28: 0.38888889 | U28: 0.44097222 | V28: =(T28-U27)*24*60 -> 10 | W28: =(U28-T28)*24*60 -> 75 | AB28: =N28-K28 -> -35.4 | AC28: =N28/K28 -> 0.97444043
B29: =VLOOKUP(D29,廠價表!$C$1:$E$40,2,0) -> 義大利麵 | D29: 惡魔乳酪生義大利麵 | F29: =VLOOKUP(D29,廠價表!$C$1:$E$40,3,0) -> 57.3 | G29: 1402 | H29: =F29*G29 -> 80334.6 | J29: =VLOOKUP(D29,產線配置圖!$A$3:$C$39,2,0) -> 15 | K29: =VLOOKUP(D29,產線配置圖!$A$3:$C$39,3,0) -> 1440 | L29: =K29/J29 -> 96 | M29: 17 | N29: =G29/W29*60 -> 1274.5455 | O29: =N29/M29 -> 74.973262 | P29: =M29-J29 -> 2 | Q29: =O29-L29 -> -21.026738 | R29: =O29/L29 -> 0.78097148 | T29: 0.45138889 | U29: 0.49722222 | V29: =(T29-U28)*24*60 -> 15 | W29: =(U29-T29)*24*60 -> 66 | Z29: 初次生產 | AB29: =N29-K29 -> -165.45455 | AC29: =N29/K29 -> 0.88510101
B30: =VLOOKUP(D30,廠價表!$C$1:$E$40,2,0) -> 義大利麵 | D30: 惡魔乳酪生義大利麵 | F30: =VLOOKUP(D30,廠價表!$C$1:$E$40,3,0) -> 57.3 | G30: 3335 | H30: =F30*G30 -> 191095.5 | J30: =VLOOKUP(D30,產線配置圖!$A$3:$C$39,2,0) -> 15 | K30: =VLOOKUP(D30,產線配置圖!$A$3:$C$39,3,0) -> 1440 | L30: =K30/J30 -> 96 | M30: 17 | N30: =G30/W30*60 -> 1342.953 | O30: =N30/M30 -> 78.997236 | P30: =M30-J30 -> 2 | Q30: =O30-L30 -> -17.002764 | R30: =O30/L30 -> 0.82288788 | T30: 0.55555556 | U30: 0.65902778 | V30: =(T30-U29)*24*60 -> 84 | W30: =(U30-T30)*24*60 -> 149 | X30: 0.48958333 | Y30: 0.53125 | Z30: 初次生產 | AB30: =N30-K30 -> -97.04698 | AC30: =N30/K30 -> 0.93260626
W31: =(U31-T31)*24*60 -> 0
W32: =(U32-T32)*24*60 -> 0
H33: =F33*G33 -> 0 | W33: =(U33-T33)*24*60 -> 0
H34: =F34*G34 -> 0 | W34: =(U34-T34)*24*60 -> 0
H35: =F35*G35 -> 0 | W35: =(U35-T35)*24*60 -> 0
H36: =F36*G36 -> 0 | W36: =(U36-T36)*24*60 -> 0
C37: 4度二組B | D37: 平均 | J37: =AVERAGE(J27:J36) -> 15.75 | K37: =AVERAGE(K27:K36) -> 1441.25 | L37: =AVERAGE(L27:L36) -> 92.236111 | M37: =AVERAGE(M27:M36) -> 16.75 | N37: =AVERAGE(N27:N36) -> 1352.2362 | O37: =AVERAGE(O27:O36) -> 81.267838 | P37: =M37-J37 -> 1 | Q37: =N37-K37 -> -89.013843 | R37: =O37/L37 -> 0.88108483 | AB37: =N37-K37 -> -89.013843 | AC37: =N37/K37 -> 0.93823844
A38: 手工四線 (ET-55) | B38: 義大利麵 | D38: 焗烤明太子筆尖麵 | F38: =VLOOKUP(D38,廠價表!$C$1:$E$40,3,0) -> 57.3 | G38: 1871 | H38: =F38*G38 -> 107208.3 | J38: =VLOOKUP(D38,產線配置圖!$A$3:$C$39,2,0) -> 15 | K38: 1500 | L38: =K38/J38 -> 100 | M38: 15 | N38: =G38/W38*60 -> 1247.3333 | O38: =N38/M38 -> 83.155556 | P38: =M38-J38 -> 0 | Q38: =O38-L38 -> -16.844444 | R38: =O38/L38 -> 0.83155556 | S38: =R48 -> 0.83481968 | T38: 0.29166667 | U38: 0.35416667 | W38: =(U38-T38)*24*60 -> 90 | AB38: =N38-K38 -> -252.66667 | AC38: =N38/K38 -> 0.83155556 | AD38: =AC48 -> 0.87957827
B39: 義大利麵 | D39: 濃拿坡里義大利麵 | F39: =VLOOKUP(D39,廠價表!$C$1:$E$40,3,0) -> 56.43 | G39: 994 | H39: =F39*G39 -> 56091.42 | J39: =VLOOKUP(D39,產線配置圖!$A$3:$C$39,2,0) -> 15 | K39: =VLOOKUP(D39,產線配置圖!$A$3:$C$39,3,0) -> 1406 | L39: =K39/J39 -> 93.733333 | M39: 15 | N39: =G39/W39*60 -> 1169.4118 | O39: =N39/M39 -> 77.960784 | P39: =M39-J39 -> 0 | Q39: =O39-L39 -> -15.772549 | R39: =O39/L39 -> 0.83172956 | T39: 0.36041667 | U39: 0.39583333 | V39: =(T39-U38)*24*60 -> 9 | W39: =(U39-T39)*24*60 -> 51 | AB39: =N39-K39 -> -236.58824 | AC39: =N39/K39 -> 0.83172956
B40: 義大利麵 | D40: 惡魔乳酪生義大利麵 | F40: =VLOOKUP(D40,廠價表!$C$1:$E$40,3,0) -> 57.3 | G40: 3142 | H40: =F40*G40 -> 180036.6 | J40: =VLOOKUP(D40,產線配置圖!$A$3:$C$39,2,0) -> 15 | K40: =VLOOKUP(D40,產線配置圖!$A$3:$C$39,3,0) -> 1440 | L40: =K40/J40 -> 96 | M40: 17 | N40: =G40/W40*60 -> 1428.1818 | O40: =N40/M40 -> 84.010695 | P40: =M40-J40 -> 2 | Q40: =O40-L40 -> -11.989305 | R40: =O40/L40 -> 0.87511141 | T40: 0.40625 | U40: 0.49791667 | V40: =(T40-U39)*24*60 -> 15 | W40: =(U40-T40)*24*60 -> 132 | Z40: 初次生產 | AB40: =N40-K40 -> -11.818182 | AC40: =N40/K40 -> 0.99179293
B41: 義大利麵 | D41: 濃拿坡里義大利麵 | F41: =VLOOKUP(D41,廠價表!$C$1:$E$40,3,0) -> 56.43 | G41: 782 | H41: =F41*G41 -> 44128.26 | J41: =VLOOKUP(D41,產線配置圖!$A$3:$C$39,2,0) -> 15 | K41: =VLOOKUP(D41,產線配置圖!$A$3:$C$39,3,0) -> 1406 | L41: =K41/J41 -> 93.733333 | M41: 15 | N41: =G41/W41*60 -> 1173 | O41: =N41/M41 -> 78.2 | P41: =M41-J41 -> 0 | Q41: =O41-L41 -> -15.533333 | R41: =O41/L41 -> 0.83428165 | T41: 0.5625 | U41: 0.59027778 | V41: =(T41-U40)*24*60 -> 93 | W41: =(U41-T41)*24*60 -> 40 | X41: 0.52777778 | Y41: 0.56944444 | AB41: =N41-K41 -> -233 | AC41: =N41/K41 -> 0.83428165
B42: 義大利麵 | D42: 惡魔乳酪生義大利麵 | F42: =VLOOKUP(D42,廠價表!$C$1:$E$40,3,0) -> 57.3 | G42: 2180 | H42: =F42*G42 -> 124914 | J42: =VLOOKUP(D42,產線配置圖!$A$3:$C$39,2,0) -> 15 | K42: =VLOOKUP(D42,產線配置圖!$A$3:$C$39,3,0) -> 1440 | L42: =K42/J42 -> 96 | M42: 17 | N42: =G42/W42*60 -> 1308 | O42: =N42/M42 -> 76.941176 | P42: =M42-J42 -> 2 | Q42: =O42-L42 -> -19.058824 | R42: =O42/L42 -> 0.80147059 | T42: 0.59722222 | U42: 0.66666667 | V42: =(T42-U41)*24*60 -> 10 | W42: =(U42-T42)*24*60 -> 100 | Z42: 初次生產
W43: =(U43-T43)*24*60 -> 0
H44: =F44*G44 -> 0 | W44: =(U44-T44)*24*60 -> 0
H45: =F45*G45 -> 0 | W45: =(U45-T45)*24*60 -> 0
H46: =F46*G46 -> 0 | W46: =(U46-T46)*24*60 -> 0
H47: =F47*G47 -> 0 | W47: =(U47-T47)*24*60 -> 0
C48: 4度二組C1 | D48: 平均 | J48: =AVERAGE(J38:J47) -> 15 | K48: =AVERAGE(K38:K47) -> 1438.4 | L48: =AVERAGE(L38:L47) -> 95.893333 | M48: =AVERAGE(M38:M47) -> 15.8 | N48: =AVERAGE(N38:N47) -> 1265.1854 | O48: =AVERAGE(O38:O47) -> 80.053642 | P48: =M48-J48 -> 0.8 | Q48: =N48-K48 -> -173.21462 | R48: =O48/L48 -> 0.83481968 | W48: =(U48-T48)*24*60 -> 0 | AB48: =N48-K48 -> -173.21462 | AC48: =N48/K48 -> 0.87957827
A49: 手工五線 (ET-55) | B49: =VLOOKUP(D49,廠價表!$C$1:$E$40,2,0) -> 義大利麵 | D49: 剝皮辣椒雞奶油扁麵 | F49: =VLOOKUP(D49,廠價表!$C$1:$E$40,3,0) -> 56.87 | G49: 1852 | H49: =F49*G49 -> 105323.24 | J49: =VLOOKUP(D49,產線配置圖!$A$3:$C$39,2,0) -> 19 | K49: =VLOOKUP(D49,產線配置圖!$A$3:$C$39,3,0) -> 1565 | L49: =K49/J49 -> 82.368421 | M49: 19 | N49: =G49/W49*60 -> 1543.3333 | O49: =N49/M49 -> 81.22807 | P49: =M49-J49 -> 0 | Q49: =O49-L49 -> -1.1403509 | R49: =O49/L49 -> 0.98615548 | S49: =R58 -> 0.89857829 | T49: 0.2875 | U49: 0.3375 | W49: =(U49-T49)*24*60 -> 72 | AB49: =N49-K49 -> -21.666667 | AC49: =N49/K49 -> 0.98615548 | AD49: =AC58 -> 0.90855244
B50: =VLOOKUP(D50,廠價表!$C$1:$E$40,2,0) -> 義大利麵 | D50: 焗烤起司雙饗筆尖麵 | F50: =VLOOKUP(D50,廠價表!$C$1:$E$40,3,0) -> 49.97 | G50: 2682 | H50: =F50*G50 -> 134019.54 | J50: =VLOOKUP(D50,產線配置圖!$A$3:$C$39,2,0) -> 18 | K50: =VLOOKUP(D50,產線配置圖!$A$3:$C$39,3,0) -> 1600 | L50: =K50/J50 -> 88.888889 | M50: 18 | N50: =G50/W50*60 -> 1593.2673 | O50: =N50/M50 -> 88.514851 | P50: =M50-J50 -> 0 | Q50: =O50-L50 -> -0.3740374 | R50: =O50/L50 -> 0.99579208 | T50: 0.34166667 | U50: 0.41180556 | V50: =(T50-U49)*24*60 -> 6 | W50: =(U50-T50)*24*60 -> 101 | AB50: =N50-K50 -> -6.7326733 | AC50: =N50/K50 -> 0.99579208
B51: =VLOOKUP(D51,廠價表!$C$1:$E$40,2,0) -> 熱乾麵 | D51: 青花椒麻雞肉拌麵 | F51: =VLOOKUP(D51,廠價表!$C$1:$E$40,3,0) -> 49.91 | G51: 2116 | H51: =F51*G51 -> 105609.56 | J51: =VLOOKUP(D51,產線配置圖!$A$3:$C$39,2,0) -> 17 | K51: =VLOOKUP(D51,產線配置圖!$A$3:$C$39,3,0) -> 1565 | L51: =K51/J51 -> 92.058824 | M51: 17 | N51: =G51/W51*60 -> 1548.2927 | O51: =N51/M51 -> 91.07604 | P51: =M51-J51 -> 0 | Q51: =O51-L51 -> -0.98278336 | R51: =O51/L51 -> 0.9893244 | T51: 0.41597222 | U51: 0.47291667 | V51: =(T51-U50)*24*60 -> 6 | W51: =(U51-T51)*24*60 -> 82 | AB51: =N51-K51 -> -16.707317 | AC51: =N51/K51 -> 0.9893244
B52: =VLOOKUP(D52,廠價表!$C$1:$E$40,2,0) -> 義大利麵 | D52: 焗烤起司雙饗筆尖麵 | F52: =VLOOKUP(D52,廠價表!$C$1:$E$40,3,0) -> 49.97 | G52: 3252 | H52: =F52*G52 -> 162502.44 | J52: =VLOOKUP(D52,產線配置圖!$A$3:$C$39,2,0) -> 18 | K52: =VLOOKUP(D52,產線配置圖!$A$3:$C$39,3,0) -> 1600 | L52: =K52/J52 -> 88.888889 | M52: 18 | N52: =G52/W52*60 -> 1586.3415 | O52: =N52/M52 -> 88.130081 | P52: =M52-J52 -> 0 | Q52: =O52-L52 -> -0.75880759 | R52: =O52/L52 -> 0.99146341 | T52: 0.52777778 | U52: 0.61319444 | V52: =(T52-U51)*24*60 -> 79 | W52: =(U52-T52)*24*60 -> 123 | AB52: =N52-K52 -> -13.658537 | AC52: =N52/K52 -> 0.99146341
B53: =VLOOKUP(D53,廠價表!$C$1:$E$40,2,0) -> 熱乾麵 | D53: 青花椒麻雞肉拌麵 | F53: =VLOOKUP(D53,廠價表!$C$1:$E$40,3,0) -> 49.91 | G53: 600 | H53: =F53*G53 -> 29946 | J53: =VLOOKUP(D53,產線配置圖!$A$3:$C$39,2,0) -> 17 | K53: =VLOOKUP(D53,產線配置圖!$A$3:$C$39,3,0) -> 1565 | L53: =K53/J53 -> 92.058824 | M53: 17 | N53: =G53/W53*60 -> 1384.6154 | O53: =N53/M53 -> 81.447964 | P53: =M53-J53 -> 0 | Q53: =O53-L53 -> -10.61086 | R53: =O53/L53 -> 0.88473826 | T53: 0.61805556 | U53: 0.63611111 | V53: =(T53-U52)*24*60 -> 7 | W53: =(U53-T53)*24*60 -> 26
B54: =VLOOKUP(D54,廠價表!$C$1:$E$40,2,0) -> 義大利麵 | D54: 奶油起司蝦仁通心粉 | F54: =VLOOKUP(D54,廠價表!$C$1:$E$40,3,0) -> 47.71 | G54: 528 | H54: =F54*G54 -> 25190.88 | J54: =VLOOKUP(D54,產線配置圖!$A$3:$C$39,2,0) -> 15 | K54: =VLOOKUP(D54,產線配置圖!$A$3:$C$39,3,0) -> 1500 | L54: =K54/J54 -> 100 | M54: 15 | N54: =G54/W54*60 -> 880 | O54: =N54/M54 -> 58.666667 | P54: =M54-J54 -> 0 | Q54: =O54-L54 -> -41.333333 | R54: =O54/L54 -> 0.58666667 | T54: 0.64097222 | U54: 0.66597222 | V54: =(T54-U53)*24*60 -> 7 | W54: =(U54-T54)*24*60 -> 36 | Z54: 生產數量少
H55: =F55*G55 -> 0 | W55: =(U55-T55)*24*60 -> 0
H56: =F56*G56 -> 0 | W56: =(U56-T56)*24*60 -> 0
H57: =F57*G57 -> 0 | W57: =(U57-T57)*24*60 -> 0
C58: 4度二組C2 | D58: 平均 | J58: =AVERAGE(J49:J57) -> 17.333333 | K58: =AVERAGE(K49:K57) -> 1565.8333 | L58: =AVERAGE(L49:L57) -> 90.710641 | M58: =AVERAGE(M49:M57) -> 17.333333 | N58: =AVERAGE(N49:N57) -> 1422.6417 | O58: =AVERAGE(O49:O57) -> 81.510612 | P58: =M58-J58 -> 0 | Q58: =N58-K58 -> -143.19163 | R58: =O58/L58 -> 0.89857829 | AB58: =N58-K58 -> -143.19163 | AC58: =N58/K58 -> 0.90855244
A59: 調理包一線 (八爪機) | B59: =VLOOKUP(D59,廠價表!$C$1:$E$40,2,0) -> 小吃、微波 | D59: 小滷青蔬 | F59: =VLOOKUP(D59,廠價表!$C$1:$E$40,3,0) -> 26.99 | G59: 2772 | H59: =F59*G59 -> 74816.28 | J59: =VLOOKUP(D59,產線配置圖!$A$3:$C$39,2,0) -> 13 | K59: =VLOOKUP(D59,產線配置圖!$A$3:$C$39,3,0) -> 1565 | L59: =K59/J59 -> 120.38462 | M59: 13 | N59: =G59/W59*60 -> 1512 | O59: =N59/M59 -> 116.30769 | P59: =M59-J59 -> 0 | Q59: =O59-L59 -> -4.0769231 | R59: =O59/L59 -> 0.96613419 | S59: =R69 -> 0.9625208 | T59: 0.28819444 | U59: 0.36458333 | W59: =(U59-T59)*24*60 -> 110 | AB59: =N59-K59 -> -53 | AC59: =N59/K59 -> 0.96613419 | AD59: =AC69 -> 0.9618294
B60: =VLOOKUP(D60,廠價表!$C$1:$E$40,2,0) -> 小吃、微波 | D60: 台式綜合甜不辣 | F60: =VLOOKUP(D60,廠價表!$C$1:$E$40,3,0) -> 28.47 | G60: 2041 | H60: =F60*G60 -> 58107.27 | J60: =VLOOKUP(D60,產線配置圖!$A$3:$C$39,2,0) -> 12 | K60: =VLOOKUP(D60,產線配置圖!$A$3:$C$39,3,0) -> 1565 | L60: =K60/J60 -> 130.41667 | M60: 12 | N60: =G60/W60*60 -> 1530.75 | O60: =N60/M60 -> 127.5625 | P60: =M60-J60 -> 0 | Q60: =O60-L60 -> -2.8541667 | R60: =O60/L60 -> 0.97811502 | T60: 0.37152778 | U60: 0.42708333 | V60: =(T60-U59)*24*60 -> 10 | W60: =(U60-T60)*24*60 -> 80 | Z60: 生產數量少、手工作業 | AB60: =N60-K60 -> -34.25 | AC60: =N60/K60 -> 0.97811502
