Workbook

Sheet 廠價表
A1: check | B1: 溫層 | C1: 品名 | D1: 類別 | E1: 廠價
B2: 4度C | C2: 白酒蛤蜊義大利麵 | D2: 義大利麵 | E2: 57.21
B3: 4度C | C3: 南洋紅咖哩豬義大利麵 | D3: 義大利麵 | E3: 56.43
B4: 4度C | C4: 義式蕃茄起司義大利麵 | D4: 義大利麵 | E4: 50.39
B5: 4度C | C5: 焗烤起司雙饗筆尖麵 | D5: 義大利麵 | E5: 49.97
B6: 4度C | C6: 奶油培根義大利麵 | D6: 義大利麵 | E6: 49.14
B7: 4度C | C7: 韓式起司炸雞義大利麵 | D7: 義大利麵 | E7: 57.21
B8: 4度C | C8: 惡魔乳酪生義大利麵 | D8: 義大利麵 | E8: 57.3
B9: 4度C | C9: 焗烤起司肉醬筆尖麵 | D9: 義大利麵 | E9: 50.67
B10: 4度C | C10: 辣味香菜雞肉義大利麵 | D10: 義大利麵 | E10: 56.28
B11: 4度C | D11: 義大利麵
B12: 4度C | C12: 剝皮辣椒雞奶油扁麵 | D12: 義大利麵 | E12: 56.87
B13: 4度C | C13: 奶油蒜香雞義大利麵 | D13: 義大利麵 | E13: 55.13
B14: 4度C | C14: 青醬蛤蜊義大利麵 | D14: 義大利麵 | E14: 50.67
B15: 4度C | C15: 焗烤明太子筆尖麵 | D15: 義大利麵 | E15: 57.3
B16: 4度C | C16: 濃拿坡里義大利麵 | D16: 義大利麵 | E16: 56.43
B17: 4度C | C17: 奶油起司蝦仁通心粉 | D17: 義大利麵 | E17: 47.71
B18: 4度C | C18: 青花椒麻雞肉拌麵 | D18: 熱乾麵 | E18: 49.91
B19: 4度C | C19: 府城鹽水意麵 | D19: 熱乾麵 | E19: 44.3
B20: 4度C | C20: 沙茶豬肉炒麵 | D20: 熱乾麵 | E20: 49.52
B21: 4度C | C21: 三杯菇菇米血 | D21: 小吃、微波 | E21: 28.26
B22: 4度C | C22: 小滷青蔬 | D22: 小吃、微波 | E22: 26.99
B23: 4度C | C23: 起司馬鈴薯 | D23: 小吃、微波 | E23: 28.26
... B49: 冷凍 | C49: 辣蕃茄義大利麵 | D49: 冷凍調理麵 | E49: 29.38
B50: 冷凍 | D50: 冷凍調理麵
B51: 冷凍 | C51: 韓式起司義大利麵 | D51: 冷凍調理麵 | E51: 29.38
B52: 冷凍 | D52: 冷凍調理麵
B53: 冷凍 | C53: 和風明太子細扁麵 | D53: 冷凍調理麵 | E53: 29.38

Sheet 產線配置圖
A1: 品項 | B1: 人數 | C1: 產能
A2: 義大利麵
A3: 白酒蛤蜊義大利麵 | B3: 12 | C3: 2105 | D3: ET-600
A4: 白酒蛤蜊義大利麵-手 | B4: 15 | C4: 1565 | D4: ET-55
A5: 青醬蛤蜊義大利麵 | B5: 12 | C5: 2000
A6: 義式蕃茄起司義大利麵 | B6: 11 | C6: 2000
A7: 焗烤起司雙饗筆尖麵 | B7: 18 | C7: 1600
A8: 奶油培根義大利麵 | B8: 13 | C8: 2000
A9: 韓式起司炸雞義大利麵 | B9: 17 | C9: 2000
A10: 剝皮辣椒雞奶油扁麵 | B10: 18 | C10: 1565
A11: 青花椒麻雞肉拌麵 | B11: 17 | C11: 1565
A12: 青花椒麻雞肉拌麵-降速生產 | B12: 14 | C12: 1385
A13: 奶油蒜香雞義大利麵 | B13: 17 | C13: 1385 | G13: 日一二正常版
A14: 奶油蒜香雞義大利麵-降速生產 | B14: 17 | C14: 1385
A15: 焗烤明太子筆尖麵 | B15: 16 | C15: 1385
A16: 濃拿坡里義大利麵 | B16: 16 | C16: 1406
A17: 奶油起司蝦仁通心粉 | B17: 16 | C17: 1440
A18: 剝皮辣椒雞奶油扁麵-降速生產(3線) | B18: 16 | C18: 1440
A19: 辣味香菜雞肉義大利麵 | B19: 15 | C19: 1800
A21: 惡魔乳酪生義大利麵 | B21: 17 | C21: 1500
A22: 沙茶豬肉炒麵 | B22: 15 | C22: 1440
A23: 府城鹽水意麵 | B23: 17 | C23: 1440
A24: 焗烤起司肉醬筆尖麵 | B24: 10 | C24: 1125
A25: 調理包
A26: 小滷青蔬 | B26: 13 | C26: 1565
A27: 起司馬鈴薯 | B27: 12 | C27: 1565
A28: 台式綜合甜不辣 | B28: 12 | C28: 1565
A29: 三杯菇菇米血 | B29: 12 | C29: 1565
E33: 更新日期02/01

Sheet 範本總
B1: 長家廠組合室生產人時性分析
B3: 日期 | D3: 46015 | F3: 訂單量 | G3: =範本!E1 -> 43309 | I3: 營業額 | J3: =範本!G1 -> #N/A
B4: 項目 | D4: 3 | F4: ➀ | H4: ➁ | J4: ③ | L4: 異常停線 | N4: 短暫停線
B5: 人時性 | D5: 組合室 | F5: 全溫層 | H5: 義大利麵 | J5: 袋裝小吃、義麵 | L5: 合計次數 | M5: 時間 | N5: 合計次數 | O5: 設備次數
D6: 排關平均 | F6: =AVERAGE(D13:J13) -> #N/A | H6: =AVERAGE(D13:H13) -> #N/A | J6: =AVERAGE(I13:J13) -> #N/A | L6: =範本!Z2 -> 0 | M6: =範本!AA2 -> 0 | N6: =範本!AD2 -> 0 | O6: =範本!AE2 -> 0
D7: 實績平均 | F7: =AVERAGE(D14:J14) -> 116.11475 | H7: =AVERAGE(D14:H14) -> 117.36075 | J7: =AVERAGE(I14:J14) -> 112.99975
D8: 達成率平均 | F8: =AVERAGE(D15:J15) -> #N/A | H8: =AVERAGE(D15:H15) -> #N/A | J8: =AVERAGE(I15:J15) -> #N/A
J9: ※現行日本鮮食廠以達成率80%為基本(即為現行KPI)
B10: 溫層 | D10: 4度C-各編組展開
B11: 編組 | D11: 1 | E11: 2 | F11: 3 | G11: 4 | H11: 5 | I11: 6 | J11: 7
D12: 自動1線 | E12: 自動2線 | F12: 手工3線 | G12: 手工4線 | H12: 手工5線 | I12: 調理包1線 | J12: 調理包2線
B13: 人時性 | C13: 排關 | D13: =VALUE(範本!L15) -> #N/A | E13: =VALUE(範本!L26) -> #N/A | F13: =VALUE(範本!L37) -> #N/A | G13: =VALUE(範本!L48) -> #N/A | H13: =VALUE(範本!L58) -> #N/A | I13: =VALUE(範本!L69) -> #N/A | J13: =範本!L79 -> #N/A
C14: 實績 | D14: =VALUE(範本!O15) -> 113.91637 | E14: =VALUE(範本!O26) -> 132.12003 | F14: =VALUE(範本!O37) -> 126.23842 | G14: =VALUE(範本!O48) -> 112.0543 | H14: =VALUE(範本!O58) -> 102.47462 | I14: =VALUE(範本!O69) -> 155.46443 | J14: =範本!O79 -> 70.535065
C15: 達成率 | D15: =D14/D13 -> #N/A | E15: =E14/E13 -> #N/A | F15: =F14/F13 -> #N/A | G15: =G14/G13 -> #N/A | H15: =H14/H13 -> #N/A | I15: =I14/I13 -> #N/A | J15: =範本!S70 -> #N/A
B16: 作業 時間 | C16: 開始 | D16: =範本!T5 -> 0.29097222 | E16: =範本!T16 -> 0.29097222 | F16: =範本!T27 -> 0.29166667 | G16: =範本!T38 -> 0.33333333 | H16: =範本!T49 -> 0.29166667 | I16: =範本!T59 -> 0.29166667 | J16: =範本!T70 -> 0.34722222
C17: 結束 | D17: 0.47361111 | E17: 0.48263889 | F17: 0.56944444 | G17: 0.60416667 | H17: 0.58333333 | I17: 0.48819444 | J17: 0.46875
B18: 產線異常 (5分鐘以上) | C18: 次數
C19: 時間/分
B20: 短暫停線 (5分鐘以下) | C20: 次數
C21: 設備次數
B22: 配置人數 | D22: =VALUE(範本!M15) -> 15 | E22: =VALUE(範本!M26) -> 12.666667 | F22: =VALUE(範本!M37) -> 14.666667 | G22: =VALUE(範本!M48) -> 14 | H22: =VALUE(範本!M58) -> 17.666667 | I22: =VALUE(範本!M69) -> 12.333333 | J22: =範本!M79 -> 11
B23: 主要應用設備 | D23: ET-600 | E23: ET-600 | F23: ET-55 | G23: ET-55 | H23: ET-55 | I23: 八爪機
B24: 次要應用設備 | H24: 封口機
B25: 備註

Sheet 範本
A1: 長家廠4度C日報分析 | D1: 總生產量 | E1: =SUM(G5:G79) -> 43309 | F1: 營業額 | G1: =SUM(H5:H79) -> #N/A | H1: 出勤人數 | I1: =M15+M26+M48+M58+M69+M79+M37 -> 97.333333 | J1: 產線配置圖 | M1: 生產實績 | P1: 人時性差異分析 | T1: 日報登錄 | Z1: 合計 次數 | AA1: 合計 時間/分 | AB1: 分析說明 | AD1: 合計 次數 | AE1: 合計 設備次數 | AF1: 產能差異分析
A2: 12月24日 星期三 | D2: 人時性 | E2: =AVERAGE(O15,O26,O37,O48,O58,O69,O79) -> 116.11475 | F2: 平均廠價 | G2: =G1/E1 -> #N/A | H2: 多次生產數 | I2: =COUNT(I5:I79) -> 0 | Z2: =Z15+Z26+Z37+Z48+Z58+Z69+Z79 -> 0 | AA2: =AA15+AA26+AA37+AA48+AA58+AA69+AA79 -> 0 | AD2: =AD15+AD26+AD37+AD48+AD58+AD69+AD79 -> 0 | AE2: =AE15+AE26+AE37+AE48+AE58+AE69+AE79 -> 0
A3: 線別 | B3: 品類 | D3: 品名 | F3: 廠價 | G3: 生產量 | H3: 營收 | I3: 多次 生產 | J3: 人數 | K3: 產能/時 | L3: 人時性 | M3: 人數 | N3: 產能/時 | O3: 人時性 | P3: 人數 | Q3: 人時性 | R3: 達成率 | S3: 達成率平均 | T3: 生產時間 | V3: 前置、換線時間/分 | W3: 稼動時間/分 | X3: 休息時間 | Z3: 產線異常統計 (5分鐘以上) | AD3: 短暫停線統計 (5分鐘以下) | AF3: 產能/時 | AG3: 達成率 | AH3: 達成率平均
T4: 開始 | U4: 結束 | X4: 開始 | Y4: 結束 | Z4: 次數 | AA4: 時間/分 | AD4: 總次數 | AE4: 設備因素(次數)
A5: 自動一線 (ET-600) | B5: =VLOOKUP(D5,廠價表!$C$1:$E$41,2,0) -> #N/A | F5: =VLOOKUP(D5,廠價表!$C$1:$E$41,3,0) -> #N/A | G5: 2263 | H5: =F5*G5 -> #N/A | J5: =VLOOKUP(D5,產線配置圖!$A$3:$C$39,2,0) -> #N/A | K5: =VLOOKUP(D5,產線配置圖!$A$3:$C$39,3,0) -> #N/A | L5: =K5/J5 -> #N/A | M5: 15 | N5: =G5/W5*60 -> 1444.4681 | O5: =N5/M5 -> 96.297872 | P5: =M5-J5 -> #N/A | Q5: =O5-L5 -> #N/A | R5: =O5/L5 -> #N/A | S5: =R15 -> #N/A | T5: 0.29097222 | U5: 0.35625 | W5: =(U5-T5)*24*60 -> 94 | AF5: =N5-K5 -> #N/A | AG5: =N5/K5 -> #N/A | AH5: =AG15 -> #N/A
B6: =VLOOKUP(D6,廠價表!$C$1:$E$41,2,0) -> #N/A | F6: =VLOOKUP(D6,廠價表!$C$1:$E$41,3,0) -> #N/A | G6: 1180 | H6: =F6*G6 -> #N/A | J6: =VLOOKUP(D6,產線配置圖!$A$3:$C$39,2,0) -> #N/A | K6: =VLOOKUP(D6,產線配置圖!$A$3:$C$39,3,0) -> #N/A | L6: =K6/J6 -> #N/A | M6: 17 | N6: =G6/W6*60 -> 1609.0909 | O6: =N6/M6 -> 94.652406 | P6: =M6-J6 -> #N/A | Q6: =O6-L6 -> #N/A | R6: =O6/L6 -> #N/A | T6: 0.36458333 | U6: 0.39513889 | V6: =(T6-U5)*24*60 -> 12 | W6: =(U6-T6)*24*60 -> 44 | AF6: =N6-K6 -> #N/A | AG6: =N6/K6 -> #N/A
B7: =VLOOKUP(D7,廠價表!$C$1:$E$41,2,0) -> #N/A | F7: =VLOOKUP(D7,廠價表!$C$1:$E$41,3,0) -> #N/A | G7: 3398 | H7: =F7*G7 -> #N/A | J7: =VLOOKUP(D7,產線配置圖!$A$3:$C$39,2,0) -> #N/A | K7: =VLOOKUP(D7,產線配置圖!$A$3:$C$39,3,0) -> #N/A | L7: =K7/J7 -> #N/A | M7: 13 | N7: =G7/W7*60 -> 1960.3846 | O7: =N7/M7 -> 150.79882 | P7: =M7-J7 -> #N/A | Q7: =O7-L7 -> #N/A | R7: =O7/L7 -> #N/A | T7: 0.40138889 | U7: 0.47361111 | V7: =(T7-U6)*24*60 -> 9 | W7: =(U7-T7)*24*60 -> 104 | AF7: =N7-K7 -> #N/A | AG7: =N7/K7 -> #N/A
W8: =(U8-T8)*24*60 -> 0 | X8: 0.48611111 | Y8: 0.52777778 | AF8: =N8-K8 -> 0 | AG8: =N8/K8 -> #DIV/0!
W9: =(U9-T9)*24*60 -> 0 | AF9: =N9-K9 -> 0 | AG9: =N9/K9 -> #DIV/0!
W10: =(U10-T10)*24*60 -> 0 | AF10: =N10-K10 -> 0 | AG10: =N10/K10 -> #DIV/0!
W11: =(U11-T11)*24*60 -> 0 | AF11: =N11-K11 -> 0 | AG11: =N11/K11 -> #DIV/0!
W12: =(U12-T12)*24*60 -> 0
W13: =(U13-T13)*24*60 -> 0
W14: =(U14-T14)*24*60 -> 0
C15: 4度一組 | D15: 平均 | J15: =AVERAGE(J5:J14) -> #N/A | K15: =AVERAGE(K5:K14) -> #N/A | L15: =AVERAGE(L5:L14) -> #N/A | M15: =AVERAGE(M5:M14) -> 15 | N15: =AVERAGE(N5:N14) -> 1671.3145 | O15: =AVERAGE(O5:O14) -> 113.91637 | P15: =M15-J15 -> #N/A | Q15: =O15-L15 -> #N/A | R15: =O15/L15 -> #N/A | Z15: =SUM(Z5:Z14) -> 0 | AA15: =SUM(AA5:AA14) -> 0 | AD15: =SUM(AD5:AD14) -> 0 | AE15: =SUM(AE5:AE14) -> 0 | AF15: =N15-K15 -> #N/A | AG15: =N15/K15 -> #N/A
A16: 自動二線 (ET-600) | B16: =VLOOKUP(D16,廠價表!$C$1:$E$41,2,0) -> #N/A | F16: =VLOOKUP(D16,廠價表!$C$1:$E$41,3,0) -> #N/A | G16: 2263 | H16: =F16*G16 -> #N/A | J16: =VLOOKUP(D16,產線配置圖!$A$3:$C$39,2,0) -> #N/A | K16: =VLOOKUP(D16,產線配置圖!$A$3:$C$39,3,0) -> #N/A | L16: =K16/J16 -> #N/A | M16: 13 | N16: =G16/W16*60 -> 2225.9016 | O16: =N16/M16 -> 171.2232 | P16: =M16-J16 -> #N/A | Q16: =O16-L16 -> #N/A | R16: =O16/L16 -> #N/A | S16: =R26 -> #N/A | T16: 0.29097222 | U16: 0.33333333 | W16: =(U16-T16)*24*60 -> 61 | AF16: =N16-K16 -> #N/A | AG16: =N16/K16 -> #N/A | AH16: =AG26 -> #N/A
B17: =VLOOKUP(D17,廠價表!$C$1:$E$41,2,0) -> #N/A | F17: =VLOOKUP(D17,廠價表!$C$1:$E$41,3,0) -> #N/A | G17: 1180 | H17: =F17*G17 -> #N/A | J17: =VLOOKUP(D17,產線配置圖!$A$3:$C$39,2,0) -> #N/A | K17: =VLOOKUP(D17,產線配置圖!$A$3:$C$39,3,0) -> #N/A | L17: =K17/J17 -> #N/A | M17: 13 | N17: =G17/W17*60 -> 823.25581 | O17: =N17/M17 -> 63.32737 | P17: =M17-J17 -> #N/A | Q17: =O17-L17 -> #N/A | R17: =O17/L17 -> #N/A | T17: 0.34166667 | U17: 0.40138889 | V17: =(T17-U16)*24*60 -> 12 | W17: =(U17-T17)*24*60 -> 86 | AF17: =N17-K17 -> #N/A | AG17: =N17/K17 -> #N/A
B18: =VLOOKUP(D18,廠價表!$C$1:$E$41,2,0) -> #N/A | F18: =VLOOKUP(D18,廠價表!$C$1:$E$41,3,0) -> #N/A | G18: 3398 | H18: =F18*G18 -> #N/A | J18: =VLOOKUP(D18,產線配置圖!$A$3:$C$39,2,0) -> #N/A | K18: =VLOOKUP(D18,產線配置圖!$A$3:$C$39,3,0) -> #N/A | L18: =K18/J18 -> #N/A | M18: 12 | N18: =G18/W18*60 -> 1941.7143 | O18: =N18/M18 -> 161.80952 | P18: =M18-J18 -> #N/A | Q18: =O18-L18 -> #N/A | R18: =O18/L18 -> #N/A | T18: 0.40972222 | U18: 0.48263889 | V18: =(T18-U17)*24*60 -> 12 | W18: =(U18-T18)*24*60 -> 105 | X18: 0.48611111 | Y18: 0.52777778 | AF18: =N18-K18 -> #N/A | AG18: =N18/K18 -> #N/A
V19: =(T19-U18)*24*60 -> -695 | W19: =(U19-T19)*24*60 -> 0 | AF19: =N19-K19 -> 0 | AG19: =N19/K19 -> #DIV/0!
V20: =(T20-U19)*24*60 -> 0 | W20: =(U20-T20)*24*60 -> 0
W21: =(U21-T21)*24*60 -> 0
W22: 0
W23: =(U23-T23)*24*60 -> 0
H24: =F24*G24 -> 0 | W24: =(U24-T24)*24*60 -> 0
H25: =F25*G25 -> 0 | W25: =(U25-T25)*24*60 -> 0
C26: 4度二組A | D26: 平均 | J26: =AVERAGE(J16:J25) -> #N/A | K26: =AVERAGE(K16:K25) -> #N/A | L26: =AVERAGE(L16:L25) -> #N/A | M26: =AVERAGE(M16:M25) -> 12.666667 | N26: =AVERAGE(N16:N25) -> 1663.6239 | O26: =AVERAGE(O16:O25) -> 132.12003 | P26: =M26-J26 -> #N/A | Q26: =O26-L26 -> #N/A | R26: =O26/L26 -> #N/A | Z26: =SUM(Z16:Z25) -> 0 | AA26: =SUM(AA16:AA25) -> 0 | AD26: =SUM(AD16:AD25) -> 0 | AE26: =SUM(AE16:AE25) -> 0 | AF26: =N26-K26 -> #N/A | AG26: =N26/K26 -> #N/A
A27: 手工三線 (ET-55) | B27: =VLOOKUP(D27,廠價表!$C$1:$E$41,2,0) -> #N/A | F27: =VLOOKUP(D27,廠價表!$C$1:$E$41,3,0) -> #N/A | G27: 2263 | H27: =F27*G27 -> #N/A | J27: =VLOOKUP(D27,產線配置圖!$A$3:$C$39,2,0) -> #N/A | K27: =VLOOKUP(D27,產線配置圖!$A$3:$C$39,3,0) -> #N/A | L27: =K27/J27 -> #N/A | M27: 14 | N27: =G27/W27*60 -> 1212.3214 | O27: =N27/M27 -> 86.594388 | P27: =M27-J27 -> #N/A | Q27: =O27-L27 -> #N/A | R27: =O27/L27 -> #N/A | S27: =R37 -> #N/A | T27: 0.29166667 | U27: 0.36944444 | W27: =(U27-T27)*24*60 -> 112 | AF27: =N27-K27 -> #N/A | AG27: =N27/K27 -> #N/A | AH27: =AG37 -> #N/A
B28: =VLOOKUP(D28,廠價表!$C$1:$E$41,2,0) -> #N/A | F28: =VLOOKUP(D28,廠價表!$C$1:$E$41,3,0) -> #N/A | G28: 1180 | H28: =F28*G28 -> #N/A | J28: =VLOOKUP(D28,產線配置圖!$A$3:$C$39,2,0) -> #N/A | K28: =VLOOKUP(D28,產線配置圖!$A$3:$C$39,3,0) -> #N/A | L28: =K28/J28 -> #N/A | M28: 16 | N28: =G28/W28*60 -> 1089.2308 | O28: =N28/M28 -> 68.076923 | P28: =M28-J28 -> #N/A | Q28: =O28-L28 -> #N/A | R28: =O28/L28 -> #N/A | T28: 0.375 | U28: 0.42013889 | V28: =(T28-U27)*24*60 -> 8 | W28: =(U28-T28)*24*60 -> 65 | AF28: =N28-K28 -> #N/A | AG28: =N28/K28 -> #N/A
B29: =VLOOKUP(D29,廠價表!$C$1:$E$41,2,0) -> #N/A | F29: =VLOOKUP(D29,廠價表!$C$1:$E$41,3,0) -> #N/A | G29: 3398 | H29: =F29*G29 -> #N/A | J29: =VLOOKUP(D29,產線配置圖!$A$3:$C$39,2,0) -> #N/A | K29: =VLOOKUP(D29,產線配置圖!$A$3:$C$39,3,0) -> #N/A | L29: =K29/J29 -> #N/A | M29: 14 | N29: =G29/W29*60 -> 3136.6154 | O29: =N29/M29 -> 224.04396 | P29: =M29-J29 -> #N/A | Q29: =O29-L29 -> #N/A | R29: =O29/L29 -> #N/A | T29: 0.43055556 | U29: 0.47569444 | V29: =(T29-U28)*24*60 -> 15 | W29: =(U29-T29)*24*60 -> 65 | AF29: =N29-K29 -> #N/A | AG29: =N29/K29 -> #N/A
T30: 0.53958333 | U30: 0.56944444 | V30: =(T30-U29)*24*60 -> 92 | W30: =(U30-T30)*24*60 -> 43 | X30: 0.49652778 | Y30: 0.53819444 | AF30: =N30-K30 -> 0 | AG30: =N30/K30 -> #DIV/0!
W31: =(U31-T31)*24*60 -> 0 | AF31: =N31-K31 -> 0 | AG31: =N31/K31 -> #DIV/0!
W32: =(U32-T32)*24*60 -> 0
W33: =(U33-T33)*24*60 -> 0
W34: =(U34-T34)*24*60 -> 0
W35: =(U35-T35)*24*60 -> 0
H36: =F36*G36 -> 0 | W36: =(U36-T36)*24*60 -> 0
C37: 4度二組B | D37: 平均 | J37: =AVERAGE(J27:J36) -> #N/A | K37: =AVERAGE(K27:K36) -> #N/A | L37: =AVERAGE(L27:L36) -> #N/A | M37: =AVERAGE(M27:M36) -> 14.666667 | N37: =AVERAGE(N27:N36) -> 1812.7225 | O37: =AVERAGE(O27:O36) -> 126.23842 | P37: =M37-J37 -> #N/A | Q37: =N37-K37 -> #N/A | R37: =O37/L37 -> #N/A | Z37: =SUM(Z27:Z36) -> 0 | AA37: =SUM(AA27:AA36) -> 0 | AD37: =SUM(AD27:AD36) -> 0 | AE37: =SUM(AE27:AE36) -> 0 | AF37: =N37-K37 -> #N/A | AG37: =N37/K37 -> #N/A
A38: 手工四線 (ET-55) | B38: =VLOOKUP(D38,廠價表!$C$1:$E$41,2,0) -> #N/A | F38: =VLOOKUP(D38,廠價表!$C$1:$E$41,3,0) -> #N/A | G38: 2263 | H38: =F38*G38 -> #N/A | J38: =VLOOKUP(D38,產線配置圖!$A$3:$C$39,2,0) -> #N/A | K38: =VLOOKUP(D38,產線配置圖!$A$3:$C$39,3,0) -> #N/A | L38: =K38/J38 -> #N/A | M38: 14 | N38: =G38/W38*60 -> 1967.8261 | O38: =N38/M38 -> 140.55901 | P38: =M38-J38 -> #N/A | Q38: =O38-L38 -> #N/A | R38: =O38/L38 -> #N/A | S38: =R48 -> #N/A | T38: 0.33333333 | U38: 0.38125 | W38: =(U38-T38)*24*60 -> 69 | AF38: =N38-K38 -> #N/A | AG38: =N38/K38 -> #N/A | AH38: =AG48 -> #N/A
B39: =VLOOKUP(D39,廠價表!$C$1:$E$41,2,0) -> #N/A | F39: =VLOOKUP(D39,廠價表!$C$1:$E$41,3,0) -> #N/A | G39: 1180 | H39: =F39*G39 -> #N/A | J39: =VLOOKUP(D39,產線配置圖!$A$3:$C$39,2,0) -> #N/A | K39: =VLOOKUP(D39,產線配置圖!$A$3:$C$39,3,0) -> #N/A | L39: =K39/J39 -> #N/A | M39: 14 | N39: =G39/W39*60 -> 885 | O39: =N39/M39 -> 63.214286 | P39: =M39-J39 -> #N/A | Q39: =O39-L39 -> #N/A | R39: =O39/L39 -> #N/A | T39: 0.38888889 | U39: 0.44444444 | V39: =(T39-U38)*24*60 -> 11 | W39: =(U39-T39)*24*60 -> 80 | AF39: =N39-K39 -> #N/A | AG39: =N39/K39 -> #N/A
B40: =VLOOKUP(D40,廠價表!$C$1:$E$41,2,0) -> #N/A | F40: =VLOOKUP(D40,廠價表!$C$1:$E$41,3,0) -> #N/A | G40: 3398 | H40: =F40*G40 -> #N/A | J40: =VLOOKUP(D40,產線配置圖!$A$3:$C$39,2,0) -> #N/A | K40: =VLOOKUP(D40,產線配置圖!$A$3:$C$39,3,0) -> #N/A | L40: =K40/J40 -> #N/A | M40: 14 | N40: =G40/W40*60 -> 1853.4545 | O40: =N40/M40 -> 132.38961 | P40: =M40-J40 -> #N/A | Q40: =O40-L40 -> #N/A | R40: =O40/L40 -> #N/A | T40: 0.52777778 | U40: 0.60416667 | V40: =(T40-U39)*24*60 -> 120 | W40: =(U40-T40)*24*60 -> 110 | AF40: =N40-K40 -> #N/A | AG40: =N40/K40 -> #N/A
W41: =(U41-T41)*24*60 -> 0 | AF41: =N41-K41 -> 0 | AG41: =N41/K41 -> #DIV/0!
W42: =(U42-T42)*24*60 -> 0
W43: =(U43-T43)*24*60 -> 0
W44: =(U44-T44)*24*60 -> 0
W45: =(U45-T45)*24*60 -> 0
W46: =(U46-T46)*24*60 -> 0
H47: =F47*G47 -> 0 | W47: =(U47-T47)*24*60 -> 0
C48: 4度二組C1 | D48: 平均 | J48: =AVERAGE(J38:J47) -> #N/A | K48: =AVERAGE(K38:K47) -> #N/A | L48: =AVERAGE(L38:L47) -> #N/A | M48: =AVERAGE(M38:M47) -> 14 | N48: =AVERAGE(N38:N47) -> 1568.7602 | O48: =AVERAGE(O38:O47) -> 112.0543 | P48: =M48-J48 -> #N/A | Q48: =N48-K48 -> #N/A | R48: =O48/L48 -> #N/A | W48: =(U48-T48)*24*60 -> 0 | Z48: =SUM(Z38:Z47) -> 0 | AA48: =SUM(AA38:AA47) -> 0 | AD48: =SUM(AD38:AD47) -> 0 | AE48: =SUM(AE38:AE47) -> 0 | AF48: =N48-K48 -> #N/A | AG48: =N48/K48 -> #N/A
A49: 手工五線 (ET-55) | B49: =VLOOKUP(D49,廠價表!$C$1:$E$41,2,0) -> #N/A | F49: =VLOOKUP(D49,廠價表!$C$1:$E$41,3,0) -> #N/A | G49: 2263 | H49: =F49*G49 -> #N/A | J49: =VLOOKUP(D49,產線配置圖!$A$3:$C$39,2,0) -> #N/A | K49: =VLOOKUP(D49,產線配置圖!$A$3:$C$39,3,0) -> #N/A | L49: =K49/J49 -> #N/A | M49: 18 | N49: =G49/W49*60 -> 1996.7647 | O49: =N49/M49 -> 110.93137 | P49: =M49-J49 -> #N/A | Q49: =O49-L49 -> #N/A | R49: =O49/L49 -> #N/A | S49: =R58 -> #N/A | T49: 0.29166667 | U49: 0.33888889 | W49: =(U49-T49)*24*60 -> 68 | AF49: =N49-K49 -> #N/A | AG49: =N49/K49 -> #N/A | AH49: =AG58 -> #N/A
B50: =VLOOKUP(D50,廠價表!$C$1:$E$41,2,0) -> #N/A | F50: =VLOOKUP(D50,廠價表!$C$1:$E$41,3,0) -> #N/A | G50: 1180 | H50: =F50*G50 -> #N/A | J50: =VLOOKUP(D50,產線配置圖!$A$3:$C$39,2,0) -> #N/A | K50: =VLOOKUP(D50,產線配置圖!$A$3:$C$39,3,0) -> #N/A | L50: =K50/J50 -> #N/A | M50: 18 | N50: =G50/W50*60 -> 997.1831 | O50: =N50/M50 -> 55.399061 | P50: =M50-J50 -> #N/A | Q50: =O50-L50 -> #N/A | R50: =O50/L50 -> #N/A | T50: 0.34513889 | U50: 0.39444444 | V50: =(T50-U49)*24*60 -> 9 | W50: =(U50-T50)*24*60 -> 71 | AF50: =N50-K50 -> #N/A | AG50: =N50/K50 -> #N/A
B51: =VLOOKUP(D51,廠價表!$C$1:$E$41,2,0) -> #N/A | F51: =VLOOKUP(D51,廠價表!$C$1:$E$41,3,0) -> #N/A | G51: 3398 | H51: =F51*G51 -> #N/A | J51: =VLOOKUP(D51,產線配置圖!$A$3:$C$39,2,0) -> #N/A | K51: =VLOOKUP(D51,產線配置圖!$A$3:$C$39,3,0) -> #N/A | L51: =K51/J51 -> #N/A | M51: 17 | N51: =G51/W51*60 -> 2398.5882 | O51: =N51/M51 -> 141.09343 | P51: =M51-J51 -> #N/A | Q51: =O51-L51 -> #N/A | R51: =O51/L51 -> #N/A | T51: 0.40138889 | U51: 0.46041667 | V51: =(T51-U50)*24*60 -> 10 | W51: =(U51-T51)*24*60 -> 85 | AF51: =N51-K51 -> #N/A | AG51: =N51/K51 -> #N/A
T52: 0.52986111 | U52: 0.58333333 | V52: =(T52-U51)*24*60 -> 100 | W52: =(U52-T52)*24*60 -> 77 | X52: 0.47916667 | Y52: 0.52083333 | AF52: =N52-K52 -> 0 | AG52: =N52/K52 -> #DIV/0!
W53: =(U53-T53)*24*60 -> 0 | AF53: =N53-K53 -> 0 | AG53: =N53/K53 -> #DIV/0!
W54: =(U54-T54)*24*60 -> 0
W55: =(U55-T55)*24*60 -> 0
W56: =(U56-T56)*24*60 -> 0
W57: =(U57-T57)*24*60 -> 0
C58: 4度二組C2 | D58: 平均 | J58: =AVERAGE(J49:J57) -> #N/A | K58: =AVERAGE(K49:K57) -> #N/A | L58: =AVERAGE(L49:L57) -> #N/A | M58: =AVERAGE(M49:M57) -> 17.666667 | N58: =AVERAGE(N49:N57) -> 1797.512 | O58: =AVERAGE(O49:O57) -> 102.47462 | P58: =M58-J58 -> #N/A | Q58: =N58-K58 -> #N/A | R58: =O58/L58 -> #N/A | Z58: =SUM(Z49:Z57) -> 0 | AA58: =SUM(AA49:AA57) -> 0 | AD58: =SUM(AD49:AD57) -> 0 | AE58: =SUM(AE49:AE57) -> 0 | AF58: =N58-K58 -> #N/A | AG58: =N58/K58 -> #N/A
A59: 調理包一線 (八爪機) | B59: =VLOOKUP(D59,廠價表!$C$1:$E$41,2,0) -> #N/A | F59: =VLOOKUP(D59,廠價表!$C$1:$E$41,3,0) -> #N/A | G59: 2263 | H59: =F59*G59 -> #N/A | J59: =VLOOKUP(D59,產線配置圖!$A$3:$C$39,2,0) -> #N/A | K59: =VLOOKUP(D59,產線配置圖!$A$3:$C$39,3,0) -> #N/A | L59: =K59/J59 -> #N/A | M59: 13 | N59: =G59/W59*60 -> 1131.5 | O59: =N59/M59 -> 87.038462 | P59: =M59-J59 -> #N/A | Q59: =O59-L59 -> #N/A | R59: =O59/L59 -> #N/A | S59: =R69 -> #N/A | T59: 0.29166667 | U59: 0.375 | W59: =(U59-T59)*24*60 -> 120 | AF59: =N59-K59 -> #N/A | AG59: =N59/K59 -> #N/A | AH59: =AG69 -> #N/A
B60: =VLOOKUP(D60,廠價表!$C$1:$E$41,2,0) -> #N/A | F60: =VLOOKUP(D60,廠價表!$C$1:$E$41,3,0) -> #N/A | G60: 1180 | H60: =F60*G60 -> #N/A | J60: =VLOOKUP(D60,產線配置圖!$A$3:$C$39,2,0) -> #N/A | K60: =VLOOKUP(D60,產線配置圖!$A$3:$C$39,3,0) -> #N/A | L60: =K60/J60 -> #N/A | M60: 12 | N60: =G60/W60*60 -> 2360 | O60: =N60/M60 -> 196.66667 | P60: =M60-J60 -> #N/A | Q60: =O60-L60 -> #N/A | R60: =O60/L60 -> #N/A | T60: 0.38541667 | U60: 0.40625 | V60: =(T60-U59)*24*60 -> 15 | W60: =(U60-T60)*24*60 -> 30 | AF60: =N60-K60 -> #N/A | AG60: =N60/K60 -> #N/A
B61: =VLOOKUP(D61,廠價表!$C$1:$E$41,2,0) -> #N/A | F61: =VLOOKUP(D61,廠價表!$C$1:$E$41,3,0) -> #N/A | G61: 3398 | H61: =F61*G61 -> #N/A | J61: =VLOOKUP(D61,產線配置圖!$A$3:$C$39,2,0) -> #N/A | K61: =VLOOKUP(D61,產線配置圖!$A$3:$C$39,3,0) -> #N/A | L61: =K61/J61 -> #N/A | M61: 12 | N61: =G61/W61*60 -> 2192.2581 | O61: =N61/M61 -> 182.68817 | P61: =M61-J61 -> #N/A | Q61: =O61-L61 -> #N/A | R61: =O61/L61 -> #N/A | T61: 0.42361111 | U61: 0.48819444 | V61: =(T61-U60)*24*60 -> 25 | W61: =(U61-T61)*24*60 -> 93 | AF61: =N61-K61 -> #N/A | AG61: =N61/K61 -> #N/A
W62: =(U62-T62)*24*60 -> 0 | X62: 0.50347222 | Y62: 0.54513889 | AF62: =N62-K62 -> 0 | AG62: =N62/K62 -> #DIV/0!
W63: =(U63-T63)*24*60 -> 0
W64: =(U64-T64)*24*60 -> 0
W65: =(U65-T65)*24*60 -> 0
W66: =(U66-T66)*24*60 -> 0
W67: =(U67-T67)*24*60 -> 0
H68: =F68*G68 -> 0 | W68: =(U68-T68)*24*60 -> 0
C69: 4度三組 | D69: 平均 | J69: =AVERAGE(J59:J68) -> #N/A | K69: =AVERAGE(K59:K68) -> #N/A | L69: =AVERAGE(L59:L68) -> #N/A | M69: =AVERAGE(M59:M68) -> 12.333333 | N69: =AVERAGE(N59:N68) -> 1894.586 | O69: =AVERAGE(O59:O68) -> 155.46443 | P69: =M69-J69 -> #N/A | Q69: =N69-K69 -> #N/A | R69: =O69/L69 -> #N/A | Z69: =SUM(Z59:Z68) -> 0 | AA69: =SUM(AA59:AA68) -> 0 | AD69: =SUM(AD59:AD68) -> 0 | AE69: =SUM(AE59:AE68) -> 0 | AF69: =N69-K69 -> #N/A | AG69: =N69/K69 -> #N/A
A70: 調理包二線 (手工) | B70: =VLOOKUP(D70,廠價表!$C$1:$E$41,2,0) -> #N/A | F70: =VLOOKUP(D70,廠價表!$C$1:$E$41,3,0) -> #N/A | G70: 2263 | H70: =F70*G70 -> #N/A | J70: =VLOOKUP(D70,產線配置圖!$A$3:$C$39,2,0) -> #N/A | K70: =VLOOKUP(D70,產線配置圖!$A$3:$C$39,3,0) -> #N/A | L70: =K70/J70 -> #N/A | M70: 11 | N70: =G70/W70*60 -> 775.88571 | O70: =N70/M70 -> 70.535065 | P70: =M70-J70 -> #N/A | Q70: =O70-L70 -> #N/A | R70: =O70/L70 -> #N/A | S70: =R79 -> #N/A | T70: 0.34722222 | U70: 0.46875 | W70: =(U70-T70)*24*60 -> 175 | AF70: =N70-K70 -> #N/A | AG70: =N70/K70 -> #N/A | AH70: =AG79 -> #N/A
W71: =(U71-T71)*24*60 -> 0 | AF71: -300.3125 | AG71: 0.80810703
W72: =(U72-T72)*24*60 -> 0 | AF72: -130.33333 | AG72: 0.91671991
W73: =(U73-T73)*24*60 -> 0
W74: =(U74-T74)*24*60 -> 0
H75: =F75*G75 -> 0 | W75: =(U75-T75)*24*60 -> 0
H76: =F76*G76 -> 0 | W76: =(U76-T76)*24*60 -> 0
H77: =F77*G77 -> 0 | W77: =(U77-T77)*24*60 -> 0
H78: =F78*G78 -> 0 | W78: =(U78-T78)*24*60 -> 0
C79: 4度四組 | D79: 平均 | J79: =AVERAGE(J70:J78) -> #N/A | K79: =AVERAGE(K70:K78) -> #N/A | L79: =AVERAGE(L70:L78) -> #N/A | M79: =AVERAGE(M70:M78) -> 11 | N79: =AVERAGE(N70:N78) -> 775.88571 | O79: =AVERAGE(O70:O78) -> 70.535065 | P79: =M79-J79 -> #N/A | Q79: =N79-K79 -> #N/A | R79: =O79/L79 -> #N/A | Z79: =SUM(Z70:Z78) -> 0 | AA79: =SUM(AA70:AA78) -> 0 | AD79: =SUM(AD70:AD78) -> 0 | AE79: =SUM(AE70:AE78) -> 0 | AF79: =N79-K79 -> #N/A | AG79: =N79/K79 -> #N/A
AJ80: 1.當日出勤人數較多
AJ81: 2.當日出勤人數較少
AJ82: 3.當日出勤熟手較少
AJ83: 4.當日出勤新人較多
AJ84: 5.機台夾盒
AJ85: 6.封膜不順
AJ86: 7.更換膠膜
AJ87: 8.更換碳帶
AJ88: 9.當日熱轉印碳帶異常
AJ89: 10.訂單量過少
AJ90: 11.新品上市，尚未熟悉
AJ91: 12.商品結構，產能較低
AJ92: 13.區域出貨，分段生產

Sheet 0201總
B1: 長家廠組合室生產人時性分析
B3: 日期 | D3: 46054 | F3: 訂單量 | G3: ='0201'!E1 -> 63199 | I3: 營業額 | J3: ='0201'!G1 -> 3059903.2
B4: 項目 | D4: 3 | F4: ➀ | H4: ➁ | J4: ③ | L4: 異常停線 | N4: 短暫停線
B5: 人時性 | D5: 組合室 | F5: 全溫層 | H5: 義大利麵 | J5: 袋裝小吃、義麵 | L5: 合計次數 | M5: 時間 | N5: 合計次數 | O5: 設備次數
D6: 排關平均 | F6: =AVERAGE(D13:J13) -> 114.25156 | H6: =AVERAGE(D13:H13,J13) -> 111.97538 | J6: =AVERAGE(I13) -> 127.90865 | L6: =SUM(D18:J18) -> 0 | M6: =SUM(D19:J19) -> 0 | N6: =SUM(D20:J20) -> 2 | O6: =SUM(D20:J20) -> 2
D7: 實績平均 | F7: =AVERAGE(D14:J14) -> 106.92283 | H7: =AVERAGE(D14:H14,J14) -> 104.95916 | J7: =AVERAGE(I14) -> 118.70487 | L7: =AVERAGE(K14:L14) -> #DIV/0! | M7: =AVERAGE(L14:M14) -> #DIV/0! | N7: =AVERAGE(M14:N14) -> #DIV/0! | O7: =AVERAGE(N14:O14) -> #DIV/0!
D8: 達成率平均 | F8: =F7/F6 -> 0.93585442 | H8: =H7/H6 -> 0.93734136 | J8: =J7/J6 -> 0.92804411 | L8: =AVERAGE(K15:L15) -> #DIV/0! | M8: =AVERAGE(L15:M15) -> #DIV/0! | N8: =AVERAGE(M15:N15) -> #DIV/0! | O8: =AVERAGE(N15:O15) -> #DIV/0!
J9: ※現行日本鮮食廠以達成率80%為基本(即為現行KPI)
B10: 溫層 | D10: 4度C-各編組展開
B11: 編組 | D11: 1 | E11: 2 | F11: 3 | G11: 4 | H11: 5 | I11: 6 | J11: 7
D12: 自動1線 | E12: 自動2線 | F12: 手工3線 | G12: 手工4線 | H12: 手工5線 | I12: 調理包1線 | J12: 調理包2線
B13: 人時性 | C13: 排關 | D13: =VALUE('0201'!L15) -> 130.84034 | E13: =VALUE('0201'!L26) -> 162.15812 | F13: =VALUE('0201'!L37) -> 89.988235 | G13: =VALUE('0201'!L48) -> 87.685049 | H13: =VALUE('0201'!L58) -> 88.680556 | I13: =VALUE('0201'!L69) -> 127.90865 | J13: ='0201'!L79 -> 112.5
C14: 實績 | D14: =VALUE('0201'!O15) -> 121.37443 | E14: =VALUE('0201'!O26) -> 147.28542 | F14: =VALUE('0201'!O37) -> 82.326962 | G14: =VALUE('0201'!O48) -> 80.444351 | H14: =VALUE('0201'!O58) -> 87.232876 | I14: =VALUE('0201'!O69) -> 118.70487 | J14: ='0201'!O79 -> 111.09091
C15: 達成率 | D15: =D14/D13 -> 0.92765298 | E15: =E14/E13 -> 0.90828274 | F15: =F14/F13 -> 0.91486361 | G15: =G14/G13 -> 0.9174238 | H15: =H14/H13 -> 0.98367534 | I15: =I14/I13 -> 0.92804411 | J15: ='0201'!S70 -> 0.98747475
B16: 作業 時間 | C16: 開始 | D16: ='0201'!T5 -> 0.3125 | E16: ='0201'!T16 -> 0.28958333 | F16: ='0201'!T27 -> 0.29166667 | G16: ='0201'!T38 -> 0.33333333 | H16: ='0201'!T49 -> 0.29513889 | I16: ='0201'!T59 -> 0.29166667 | J16: ='0201'!T70 -> 0.33333333
C17: 結束 | D17: 0.63888889 | E17: 0.68402778 | F17: 0.64930556 | G17: 0.71527778 | H17: 0.65138889 | I17: 0.59375 | J17: 0.44791667
B18: 產線異常 (5分鐘以上) | C18: 次數 | D18: ='0201'!Z15 -> 0 | E18: ='0201'!Z26 -> 0 | F18: ='0201'!Z37 -> 0 | G18: ='0201'!Z48 -> 0 | H18: ='0201'!Z58 -> 0 | I18: ='0201'!Z69 -> 0 | J18: ='0201'!AA79 -> 0
C19: 時間/分 | D19: ='0201'!AA15 -> 0 | E19: ='0201'!AA26 -> 0 | F19: ='0201'!AA37 -> 0 | G19: ='0201'!AA48 -> 0 | H19: ='0201'!AA58 -> 0 | I19: ='0201'!AA69 -> 0 | J19: ='0201'!AB79 -> 0
B20: 短暫停線 (5分鐘以下) | C20: 次數 | D20: ='0201'!AD15 -> 0 | E20: ='0201'!AD26 -> 2 | F20: ='0201'!AD37 -> 0 | G20: ='0201'!AD48 -> 0 | H20: ='0201'!AD58 -> 0 | I20: ='0201'!AD69 -> 0 | J20: ='0201'!AD79 -> 0
C21: 設備次數 | D21: ='0201'!AE15 -> 0 | E21: ='0201'!AE26 -> 2 | F21: ='0201'!AE37 -> 0 | G21: ='0201'!AE48 -> 0 | H21: ='0201'!AE58 -> 0 | I21: ='0201'!AE69 -> 0 | J21: ='0201'!AE79 -> 0
B22: 配置人數 | D22: =VALUE('0201'!M15) -> 15 | E22: =VALUE('0201'!M26) -> 13.333333 | F22: =VALUE('0201'!M37) -> 15.6 | G22: =VALUE('0201'!M48) -> 16 | H22: =VALUE('0201'!M58) -> 17 | I22: =VALUE('0201'!M69) -> 12.25 | J22: ='0201'!M79 -> 10
B23: 主要應用設備 | D23: ET-600 | E23: ET-600 | F23: ET-55 | G23: ET-55 | H23: ET-55 | I23: 八爪機 | J23: 八爪機
B24: 次要應用設備 | H24: 封口機 | J24: 封口機
B25: 備註

Sheet 0201
A1: 長家廠4度C日報分析 | D1: 總生產量 | E1: =SUM(G5:G79) -> 63199 | F1: 營業額 | G1: =SUM(H5:H79) -> 3059903.2 | H1: 出勤人數 | I1: =M15+M26+M48+M58+M69+M79+M37 -> 99.183333 | J1: 產線配置圖 | M1: 生產實績 | P1: 人時性差異分析 | T1: 日報登錄 | Z1: 合計 次數 | AA1: 合計 時間/分 | AB1: 分析說明 | AD1: 合計 次數 | AE1: 合計 設備次數 | AF1: 產能差異分析
A2: 02月01日 星期六 | D2: 人時性 | E2: =AVERAGE(O15,O26,O37,O48,O58,O69,O79) -> 106.92283 | F2: 平均廠價 | G2: =G1/E1 -> 48.416956 | H2: 多次生產數 | I2: =COUNT(I5:I79) -> 0 | Z2: =Z15+Z26+Z37+Z48+Z58+Z69+Z79 -> 0 | AA2: =AA15+AA26+AA37+AA48+AA58+AA69+AA79 -> 0 | AD2: =AD15+AD26+AD37+AD48+AD58+AD69+AD79 -> 2 | AE2: =AE15+AE26+AE37+AE48+AE58+AE69+AE79 -> 2
A3: 線別 | B3: 品類 | D3: 品名 | F3: 廠價 | G3: 生產量 | H3: 營收 | I3: 多次 生產 | J3: 人數 | K3: 產能/時 | L3: 人時性 | M3: 人數 | N3: 產能/時 | O3: 人時性 | P3: 人數 | Q3: 人時性 | R3: 達成率 | S3: 達成率平均 | T3: 生產時間 | V3: 前置、換線時間/分 | W3: 稼動時間/分 | X3: 休息時間 | Z3: 產線異常統計 (5分鐘以上) | AD3: 短暫停線統計 (5分鐘以下) | AF3: 產能/時 | AG3: 達成率 | AH3: 達成率平均
T4: 開始 | U4: 結束 | X4: 開始 | Y4: 結束 | Z4: 次數 | AA4: 時間/分 | AD4: 總次數 | AE4: 設備因素(次數)
A5: 自動一線 (ET-600) | B5: 義大利麵 | D5: 韓式起司炸雞義大利麵 | F5: =VLOOKUP(D5,廠價表!$C$1:$E$41,3,0) -> 57.21 | G5: 1343 | H5: =F5*G5 -> 76833.03 | J5: =VLOOKUP(D5,產線配置圖!$A$3:$C$39,2,0) -> 17 | K5: =VLOOKUP(D5,產線配置圖!$A$3:$C$39,3,0) -> 2000 | L5: =K5/J5 -> 117.64706 | M5: 17 | N5: =G5/W5*60 -> 1611.6 | O5: =N5/M5 -> 94.8 | P5: =M5-J5 -> 0 | Q5: =O5-L5 -> -22.847059 | R5: =O5/L5 -> 0.8058 | S5: =R15 -> 0.92765298 | T5: 0.3125 | U5: 0.34722222 | W5: =(U5-T5)*24*60 -> 50 | AF5: =N5-K5 -> -388.4 | AG5: =N5/K5 -> 0.8058 | AH5: =AG15 -> 0.92309726
B6: 義大利麵 | D6: 辣味香菜雞肉義大利麵 | F6: =VLOOKUP(D6,廠價表!$C$1:$E$41,3,0) -> 56.28 | G6: 2554 | H6: =F6*G6 -> 143739.12 | J6: =VLOOKUP(D6,產線配置圖!$A$3:$C$39,2,0) -> 15 | K6: =VLOOKUP(D6,產線配置圖!$A$3:$C$39,3,0) -> 1800 | L6: =K6/J6 -> 120 | M6: 15 | N6: =G6/W6*60 -> 1781.8605 | O6: =N6/M6 -> 118.7907 | P6: =M6-J6 -> 0 | Q6: =O6-L6 -> -1.2093023 | R6: =O6/L6 -> 0.98992248 | T6: 0.35555556 | U6: 0.41527778 | V6: =(T6-U5)*24*60 -> 12 | W6: =(U6-T6)*24*60 -> 86 | AF6: =N6-K6 -> -18.139535 | AG6: =N6/K6 -> 0.98992248
B7: 義大利麵 | D7: 奶油培根義大利麵 | F7: =VLOOKUP(D7,廠價表!$C$1:$E$41,3,0) -> 49.14 | G7: 1613 | H7: =F7*G7 -> 79262.82 | J7: 14 | K7: =VLOOKUP(D7,產線配置圖!$A$3:$C$39,3,0) -> 2000 | L7: =K7/J7 -> 142.85714 | M7: 14 | N7: =G7/W7*60 -> 1897.6471 | O7: =N7/M7 -> 135.54622 | P7: =M7-J7 -> 0 | Q7: =O7-L7 -> -7.3109244 | R7: =O7/L7 -> 0.94882353 | T7: 0.44305556 | U7: 0.47847222 | V7: =(T7-U6)*24*60 -> 40 | W7: =(U7-T7)*24*60 -> 51 | AF7: =N7-K7 -> -102.35294 | AG7: =N7/K7 -> 0.94882353
B8: 義大利麵 | D8: 奶油培根義大利麵 | F8: =VLOOKUP(D8,廠價表!$C$1:$E$41,3,0) -> 49.14 | G8: 4359 | H8: =F8*G8 -> 214201.26 | J8: 14 | K8: =VLOOKUP(D8,產線配置圖!$A$3:$C$39,3,0) -> 2000 | L8: =K8/J8 -> 142.85714 | M8: 14 | N8: =G8/W8*60 -> 1909.0511 | O8: =N8/M8 -> 136.36079 | P8: =M8-J8 -> 0 | Q8: =O8-L8 -> -6.4963504 | R8: =O8/L8 -> 0.95452555 | T8: 0.54375 | U8: 0.63888889 | V8: =(T8-U7)*24*60 -> 94 | W8: =(U8-T8)*24*60 -> 137 | X8: 0.48611111 | Y8: 0.52777778 | AF8: =N8-K8 -> -90.948905 | AG8: =N8/K8 -> 0.95452555
W9: =(U9-T9)*24*60 -> 0 | AF9: =N9-K9 -> 0 | AG9: =N9/K9 -> #DIV/0!
W10: =(U10-T10)*24*60 -> 0 | AF10: =N10-K10 -> 0 | AG10: =N10/K10 -> #DIV/0!
W11: =(U11-T11)*24*60 -> 0 | AF11: =N11-K11 -> 0 | AG11: =N11/K11 -> #DIV/0!
W12: =(U12-T12)*24*60 -> 0
W13: =(U13-T13)*24*60 -> 0
W14: =(U14-T14)*24*60 -> 0
C15: 4度一組 | D15: 平均 | J15: =AVERAGE(J5:J14) -> 15 | K15: =AVERAGE(K5:K14) -> 1950 | L15: =AVERAGE(L5:L14) -> 130.84034 | M15: =AVERAGE(M5:M14) -> 15 | N15: =AVERAGE(N5:N14) -> 1800.0397 | O15: =AVERAGE(O5:O14) -> 121.37443 | P15: =M15-J15 -> 0 | Q15: =O15-L15 -> -9.465909 | R15: =O15/L15 -> 0.92765298 | Z15: =SUM(Z5:Z14) -> 0 | AA15: =SUM(AA5:AA14) -> 0 | AD15: =SUM(AD5:AD14) -> 0 | AE15: =SUM(AE5:AE14) -> 0 | AF15: =N15-K15 -> -149.96035 | AG15: =N15/K15 -> 0.92309726
A16: 自動二線 (ET-600) | B16: 義大利麵 | D16: 白酒蛤蜊義大利麵 | F16: =VLOOKUP(D16,廠價表!$C$1:$E$41,3,0) -> 57.21 | G16: 1217 | H16: =F16*G16 -> 69624.57 | J16: 13 | K16: =VLOOKUP(D16,產線配置圖!$A$3:$C$39,3,0) -> 2105 | L16: =K16/J16 -> 161.92308 | M16: 14 | N16: =G16/W16*60 -> 2212.7273 | O16: =N16/M16 -> 158.05195 | P16: =M16-J16 -> 1 | Q16: =O16-L16 -> -3.8711289 | R16: =O16/L16 -> 0.97609279 | S16: =R26 -> 0.90828274 | T16: 0.28958333 | U16: 0.3125 | W16: =(U16-T16)*24*60 -> 33 | AF16: =N16-K16 -> 107.72727 | AG16: =N16/K16 -> 1.0511769 | AH16: =AG26 -> 0.95271966
B17: 義大利麵 | D17: 白酒蛤蜊義大利麵 | F17: =VLOOKUP(D17,廠價表!$C$1:$E$41,3,0) -> 57.21 | G17: 1829 | H17: =F17*G17 -> 104637.09 | J17: 13 | K17: =VLOOKUP(D17,產線配置圖!$A$3:$C$39,3,0) -> 2105 | L17: =K17/J17 -> 161.92308 | M17: 16 | N17: =G17/W17*60 -> 2110.3846 | O17: =N17/M17 -> 131.89904 | P17: =M17-J17 -> 3 | Q17: =O17-L17 -> -30.024038 | R17: =O17/L17 -> 0.81457838 | T17: 0.31805556 | U17: 0.35416667 | V17: =(T17-U16)*24*60 -> 8 | W17: =(U17-T17)*24*60 -> 52 | AB17: 改手抓麵 | AF17: =N17-K17 -> 5.3846154 | AG17: =N17/K17 -> 1.002558
B18: 義大利麵 | D18: 青醬蛤蜊義大利麵 | F18: =VLOOKUP(D18,廠價表!$C$1:$E$41,3,0) -> 50.67 | G18: 3984 | H18: =F18*G18 -> 201869.28 | J18: 13 | K18: =VLOOKUP(D18,產線配置圖!$A$3:$C$39,3,0) -> 2000 | L18: =K18/J18 -> 153.84615 | M18: 13 | N18: =G18/W18*60 -> 1992 | O18: =N18/M18 -> 153.23077 | P18: =M18-J18 -> 0 | Q18: =O18-L18 -> -0.61538462 | R18: =O18/L18 -> 0.996 | T18: 0.36111111 | U18: 0.44444444 | V18: =(T18-U17)*24*60 -> 10 | W18: =(U18-T18)*24*60 -> 120 | AF18: =N18-K18 -> -8 | AG18: =N18/K18 -> 0.996
B19: 義大利麵 | D19: 義式蕃茄起司義大利麵 | F19: =VLOOKUP(D19,廠價表!$C$1:$E$41,3,0) -> 50.39 | G19: 1156 | H19: =F19*G19 -> 58250.84 | J19: 12 | K19: =VLOOKUP(D19,產線配置圖!$A$3:$C$39,3,0) -> 2000 | L19: =K19/J19 -> 166.66667 | M19: 12 | N19: =G19/W19*60 -> 1734 | O19: =N19/M19 -> 144.5 | P19: =M19-J19 -> 0 | Q19: =O19-L19 -> -22.166667 | R19: =O19/L19 -> 0.867 | T19: 0.45138889 | U19: 0.47916667 | V19: =(T19-U18)*24*60 -> 10 | W19: =(U19-T19)*24*60 -> 40 | AF19: =N19-K19 -> -266 | AG19: =N19/K19 -> 0.867
B20: 義大利麵 | D20: 義式蕃茄起司義大利麵 | F20: =VLOOKUP(D20,廠價表!$C$1:$E$41,3,0) -> 50.39 | G20: 4284 | H20: =F20*G20 -> 215870.76 | J20: 12 | K20: =VLOOKUP(D20,產線配置圖!$A$3:$C$39,3,0) -> 2000 | L20: =K20/J20 -> 166.66667 | M20: 12 | N20: =G20/W20*60 -> 1977.2308 | O20: =N20/M20 -> 164.76923 | P20: =M20-J20 -> 0 | Q20: =O20-L20 -> -1.8974359 | R20: =O20/L20 -> 0.98861538 | T20: 0.53472222 | U20: 0.625 | V20: =(T20-U19)*24*60 -> 80 | W20: =(U20-T20)*24*60 -> 130 | X20: 0.48611111 | Y20: 0.52777778 | AB20: 玉取機停麵 | AD20: 1 | AE20: 1
B21: 義大利麵 | D21: 白酒蛤蜊義大利麵 | F21: =VLOOKUP(D21,廠價表!$C$1:$E$41,3,0) -> 57.21 | G21: 2133 | H21: =F21*G21 -> 122028.93 | J21: 13 | K21: =VLOOKUP(D21,產線配置圖!$A$3:$C$39,3,0) -> 2105 | L21: =K21/J21 -> 161.92308 | M21: 13 | N21: =G21/W21*60 -> 1706.4 | O21: =N21/M21 -> 131.26154 | P21: =M21-J21 -> 0 | Q21: =O21-L21 -> -30.661538 | R21: =O21/L21 -> 0.81064133 | T21: 0.63194444 | U21: 0.68402778 | V21: =(T21-U20)*24*60 -> 10 | W21: =(U21-T21)*24*60 -> 75 | AB21: 玉取機停麵 | AD21: 1 | AE21: 1
W22: 0
W23: =(U23-T23)*24*60 -> 0
H24: =F24*G24 -> 0 | W24: =(U24-T24)*24*60 -> 0
H25: =F25*G25 -> 0 | W25: =(U25-T25)*24*60 -> 0
C26: 4度二組A | D26: 平均 | J26: =AVERAGE(J16:J25) -> 12.666667 | K26: =AVERAGE(K16:K25) -> 2052.5 | L26: =AVERAGE(L16:L25) -> 162.15812 | M26: =AVERAGE(M16:M25) -> 13.333333 | N26: =AVERAGE(N16:N25) -> 1955.4571 | O26: =AVERAGE(O16:O25) -> 147.28542 | P26: =M26-J26 -> 0.66666667 | Q26: =O26-L26 -> -14.872699 | R26: =O26/L26 -> 0.90828274 | Z26: =SUM(Z16:Z25) -> 0 | AA26: =SUM(AA16:AA25) -> 0 | AD26: =SUM(AD16:AD25) -> 2 | AE26: =SUM(AE16:AE25) -> 2 | AF26: =N26-K26 -> -97.04289 | AG26: =N26/K26 -> 0.95271966
A27: 手工三線 (ET-55) | B27: 義大利麵 | D27: 惡魔乳酪生義大利麵 | F27: =VLOOKUP(D27,廠價表!$C$1:$E$41,3,0) -> 57.3 | G27: 2000 | H27: =F27*G27 -> 114600 | J27: =VLOOKUP(D27,產線配置圖!$A$3:$C$39,2,0) -> 17 | K27: =VLOOKUP(D27,產線配置圖!$A$3:$C$39,3,0) -> 1500 | L27: =K27/J27 -> 88.235294 | M27: 16 | N27: =G27/W27*60 -> 1395.3488 | O27: =N27/M27 -> 87.209302 | P27: =M27-J27 -> -1 | Q27: =O27-L27 -> -1.0259918 | R27: =O27/L27 -> 0.98837209 | S27: =R37 -> 0.91486361 | T27: 0.29166667 | U27: 0.35138889 | W27: =(U27-T27)*24*60 -> 86 | AF27: =N27-K27 -> -104.65116 | AG27: =N27/K27 -> 0.93023256 | AH27: =AG37 -> 0.88514459
B28: 義大利麵 | D28: 奶油蒜香雞義大利麵 | F28: =VLOOKUP(D28,廠價表!$C$1:$E$41,3,0) -> 55.13 | G28: 1528 | H28: =F28*G28 -> 84238.64 | J28: =VLOOKUP(D28,產線配置圖!$A$3:$C$39,2,0) -> 17 | K28: =VLOOKUP(D28,產線配置圖!$A$3:$C$39,3,0) -> 1385 | L28: =K28/J28 -> 81.470588 | M28: 16 | N28: =G28/W28*60 -> 1291.2676 | O28: =N28/M28 -> 80.704225 | P28: =M28-J28 -> -1 | Q28: =O28-L28 -> -0.76636288 | R28: =O28/L28 -> 0.99059338 | T28: 0.35763889 | U28: 0.40694444 | V28: =(T28-U27)*24*60 -> 9 | W28: =(U28-T28)*24*60 -> 71 | AF28: =N28-K28 -> -93.732394 | AG28: =N28/K28 -> 0.93232318
B29: 熱乾麵 | D29: 沙茶豬肉炒麵 | F29: =VLOOKUP(D29,廠價表!$C$1:$E$41,3,0) -> 49.52 | G29: 1446 | H29: =F29*G29 -> 71605.92 | J29: =VLOOKUP(D29,產線配置圖!$A$3:$C$39,2,0) -> 15 | K29: =VLOOKUP(D29,產線配置圖!$A$3:$C$39,3,0) -> 1440 | L29: =K29/J29 -> 96 | M29: 15 | N29: =G29/W29*60 -> 1172.4324 | O29: =N29/M29 -> 78.162162 | P29: =M29-J29 -> 0 | Q29: =O29-L29 -> -17.837838 | R29: =O29/L29 -> 0.81418919 | T29: 0.41527778 | U29: 0.46666667 | V29: =(T29-U28)*24*60 -> 12 | W29: =(U29-T29)*24*60 -> 74 | AF29: =N29-K29 -> -267.56757 | AG29: =N29/K29 -> 0.81418919
B30: 熱乾麵 | D30: 沙茶豬肉炒麵 | F30: =VLOOKUP(D30,廠價表!$C$1:$E$41,3,0) -> 49.52 | G30: 600 | H30: =F30*G30 -> 29712 | J30: =VLOOKUP(D30,產線配置圖!$A$3:$C$39,2,0) -> 15 | K30: =VLOOKUP(D30,產線配置圖!$A$3:$C$39,3,0) -> 1440 | L30: =K30/J30 -> 96 | M30: 15 | N30: =G30/W30*60 -> 1161.2903 | O30: =N30/M30 -> 77.419355 | P30: =M30-J30 -> 0 | Q30: =O30-L30 -> -18.580645 | R30: =O30/L30 -> 0.80645161 | T30: 0.53194444 | U30: 0.55347222 | V30: =(T30-U29)*24*60 -> 94 | W30: =(U30-T30)*24*60 -> 31 | X30: 0.47916667 | Y30: 0.52083333 | AF30: =N30-K30 -> -278.70968 | AG30: =N30/K30 -> 0.80645161
B31: 義大利麵 | D31: 惡魔乳酪生義大利麵 | F31: =VLOOKUP(D31,廠價表!$C$1:$E$41,3,0) -> 57.3 | G31: 2985 | H31: =F31*G31 -> 171040.5 | J31: =VLOOKUP(D31,產線配置圖!$A$3:$C$39,2,0) -> 17 | K31: =VLOOKUP(D31,產線配置圖!$A$3:$C$39,3,0) -> 1500 | L31: =K31/J31 -> 88.235294 | M31: 16 | N31: =G31/W31*60 -> 1410.2362 | O31: =N31/M31 -> 88.139764 | P31: =M31-J31 -> -1 | Q31: =O31-L31 -> -0.095530338 | R31: =O31/L31 -> 0.99891732 | T31: 0.56111111 | U31: 0.64930556 | V31: =(T31-U30)*24*60 -> 11 | W31: =(U31-T31)*24*60 -> 127 | AF31: =N31-K31 -> -89.76378 | AG31: =N31/K31 -> 0.94015748
W32: =(U32-T32)*24*60 -> 0
W33: =(U33-T33)*24*60 -> 0
W34: =(U34-T34)*24*60 -> 0
W35: =(U35-T35)*24*60 -> 0
H36: =F36*G36 -> 0 | W36: =(U36-T36)*24*60 -> 0
C37: 4度二組B | D37: 平均 | J37: =AVERAGE(J27:J36) -> 16.2 | K37: =AVERAGE(K27:K36) -> 1453 | L37: =AVERAGE(L27:L36) -> 89.988235 | M37: =AVERAGE(M27:M36) -> 15.6 | N37: =AVERAGE(N27:N36) -> 1286.1151 | O37: =AVERAGE(O27:O36) -> 82.326962 | P37: =M37-J37 -> -0.6 | Q37: =N37-K37 -> -166.88492 | R37: =O37/L37 -> 0.91486361 | Z37: =SUM(Z27:Z36) -> 0 | AA37: =SUM(AA27:AA36) -> 0 | AD37: =SUM(AD27:AD36) -> 0 | AE37: =SUM(AE27:AE36) -> 0 | AF37: =N37-K37 -> -166.88492 | AG37: =N37/K37 -> 0.88514459
A38: 手工四線 (ET-55) | B38: 義大利麵 | D38: 濃拿坡里義大利麵 | F38: =VLOOKUP(D38,廠價表!$C$1:$E$41,3,0) -> 56.43 | G38: 1019 | H38: =F38*G38 -> 57502.17 | J38: =VLOOKUP(D38,產線配置圖!$A$3:$C$39,2,0) -> 16 | K38: =VLOOKUP(D38,產線配置圖!$A$3:$C$39,3,0) -> 1406 | L38: =K38/J38 -> 87.875 | M38: 15 | N38: =G38/W38*60 -> 1019 | O38: =N38/M38 -> 67.933333 | P38: =M38-J38 -> -1 | Q38: =O38-L38 -> -19.941667 | R38: =O38/L38 -> 0.7730678 | S38: =R48 -> 0.9174238 | T38: 0.33333333 | U38: 0.375 | W38: =(U38-T38)*24*60 -> 60 | AB38: 生產數量少 | AF38: =N38-K38 -> -387 | AG38: =N38/K38 -> 0.72475107 | AH38: =AG48 -> 0.87118983
B39: 熱乾麵 | D39: 青花椒麻雞肉拌麵 | F39: =VLOOKUP(D39,廠價表!$C$1:$E$41,3,0) -> 49.91 | G39: 1568 | H39: =F39*G39 -> 78258.88 | J39: =VLOOKUP(D39,產線配置圖!$A$3:$C$39,2,0) -> 17 | K39: =VLOOKUP(D39,產線配置圖!$A$3:$C$39,3,0) -> 1565 | L39: =K39/J39 -> 92.058824 | M39: 15 | N39: =G39/W39*60 -> 1344 | O39: =N39/M39 -> 89.6 | P39: =M39-J39 -> -2 | Q39: =O39-L39 -> -2.4588235 | R39: =O39/L39 -> 0.97329073 | T39: 0.38194444 | U39: 0.43055556 | V39: =(T39-U38)*24*60 -> 10 | W39: =(U39-T39)*24*60 -> 70 | AF39: =N39-K39 -> -221 | AG39: =N39/K39 -> 0.85878594
B40: 熱乾麵 | D40: 府城鹽水意麵 | F40: =VLOOKUP(D40,廠價表!$C$1:$E$41,3,0) -> 44.3 | G40: 1646 | H40: =F40*G40 -> 72917.8 | J40: =VLOOKUP(D40,產線配置圖!$A$3:$C$39,2,0) -> 17 | K40: =VLOOKUP(D40,產線配置圖!$A$3:$C$39,3,0) -> 1440 | L40: =K40/J40 -> 84.705882 | M40: 17 | N40: =G40/W40*60 -> 1410.8571 | O40: =N40/M40 -> 82.991597 | P40: =M40-J40 -> 0 | Q40: =O40-L40 -> -1.7142857 | R40: =O40/L40 -> 0.9797619 | T40: 0.44791667 | U40: 0.49652778 | V40: =(T40-U39)*24*60 -> 25 | W40: =(U40-T40)*24*60 -> 70 | AF40: =N40-K40 -> -29.142857 | AG40: =N40/K40 -> 0.9797619
B41: 熱乾麵 | D41: 府城鹽水意麵 | F41: =VLOOKUP(D41,廠價表!$C$1:$E$41,3,0) -> 44.3 | G41: 2930 | H41: =F41*G41 -> 129799 | J41: =VLOOKUP(D41,產線配置圖!$A$3:$C$39,2,0) -> 17 | K41: =VLOOKUP(D41,產線配置圖!$A$3:$C$39,3,0) -> 1440 | L41: =K41/J41 -> 84.705882 | M41: 17 | N41: =G41/W41*60 -> 1406.4 | O41: =N41/M41 -> 82.729412 | P41: =M41-J41 -> 0 | Q41: =O41-L41 -> -1.9764706 | R41: =O41/L41 -> 0.97666667 | T41: 0.55208333 | U41: 0.63888889 | V41: =(T41-U40)*24*60 -> 80 | W41: =(U41-T41)*24*60 -> 125 | X41: 0.5 | Y41: 0.54166667 | AF41: =N41-K41 -> -33.6 | AG41: =N41/K41 -> 0.97666667
B42: 熱乾麵 | D42: 青花椒麻雞肉拌麵 | F42: =VLOOKUP(D42,廠價表!$C$1:$E$41,3,0) -> 49.91 | G42: 875 | H42: =F42*G42 -> 43671.25 | J42: =VLOOKUP(D42,產線配置圖!$A$3:$C$39,2,0) -> 17 | K42: =VLOOKUP(D42,產線配置圖!$A$3:$C$39,3,0) -> 1565 | L42: =K42/J42 -> 92.058824 | M42: 15 | N42: =G42/W42*60 -> 1312.5 | O42: =N42/M42 -> 87.5 | P42: =M42-J42 -> -2 | Q42: =O42-L42 -> -4.5588235 | R42: =O42/L42 -> 0.95047923 | T42: 0.64375 | U42: 0.67152778 | V42: =(T42-U41)*24*60 -> 7 | W42: =(U42-T42)*24*60 -> 40
B43: 熱乾麵 | D43: 府城鹽水意麵 | F43: =VLOOKUP(D43,廠價表!$C$1:$E$41,3,0) -> 44.3 | G43: 815 | H43: =F43*G43 -> 36104.5 | J43: =VLOOKUP(D43,產線配置圖!$A$3:$C$39,2,0) -> 17 | K43: =VLOOKUP(D43,產線配置圖!$A$3:$C$39,3,0) -> 1440 | L43: =K43/J43 -> 84.705882 | M43: 17 | N43: =G43/W43*60 -> 1222.5 | O43: =N43/M43 -> 71.911765 | P43: =M43-J43 -> 0 | Q43: =O43-L43 -> -12.794118 | R43: =O43/L43 -> 0.84895833 | T43: 0.6875 | U43: 0.71527778 | V43: =(T43-U42)*24*60 -> 23 | W43: =(U43-T43)*24*60 -> 40
W44: =(U44-T44)*24*60 -> 0
W45: =(U45-T45)*24*60 -> 0
W46: =(U46-T46)*24*60 -> 0
H47: =F47*G47 -> 0 | W47: =(U47-T47)*24*60 -> 0
C48: 4度二組C1 | D48: 平均 | J48: =AVERAGE(J38:J47) -> 16.833333 | K48: =AVERAGE(K38:K47) -> 1476 | L48: =AVERAGE(L38:L47) -> 87.685049 | M48: =AVERAGE(M38:M47) -> 16 | N48: =AVERAGE(N38:N47) -> 1285.8762 | O48: =AVERAGE(O38:O47) -> 80.444351 | P48: =M48-J48 -> -0.83333333 | Q48: =N48-K48 -> -190.12381 | R48: =O48/L48 -> 0.9174238 | W48: =(U48-T48)*24*60 -> 0 | Z48: =SUM(Z38:Z47) -> 0 | AA48: =SUM(AA38:AA47) -> 0 | AD48: =SUM(AD38:AD47) -> 0 | AE48: =SUM(AE38:AE47) -> 0 | AF48: =N48-K48 -> -190.12381 | AG48: =N48/K48 -> 0.87118983
A49: 手工五線 (ET-55) | B49: 義大利麵 | D49: 剝皮辣椒雞奶油扁麵 | F49: =VLOOKUP(D49,廠價表!$C$1:$E$41,3,0) -> 56.87 | G49: 1184 | H49: =F49*G49 -> 67334.08 | J49: =VLOOKUP(D49,產線配置圖!$A$3:$C$39,2,0) -> 18 | K49: =VLOOKUP(D49,產線配置圖!$A$3:$C$39,3,0) -> 1565 | L49: =K49/J49 -> 86.944444 | M49: 16 | N49: =G49/W49*60 -> 1340.3774 | O49: =N49/M49 -> 83.773585 | P49: =M49-J49 -> -2 | Q49: =O49-L49 -> -3.1708595 | R49: =O49/L49 -> 0.96353005 | S49: =R58 -> 0.98367534 | T49: 0.29513889 | U49: 0.33194444 | W49: =(U49-T49)*24*60 -> 53 | AF49: =N49-K49 -> -224.62264 | AG49: =N49/K49 -> 0.85647116 | AH49: =AG58 -> 0.95637889
B50: 義大利麵 | D50: 奶油起司蝦仁通心粉 | F50: =VLOOKUP(D50,廠價表!$C$1:$E$41,3,0) -> 47.71 | G50: 2576 | H50: =F50*G50 -> 122900.96 | J50: =VLOOKUP(D50,產線配置圖!$A$3:$C$39,2,0) -> 16 | K50: =VLOOKUP(D50,產線配置圖!$A$3:$C$39,3,0) -> 1440 | L50: =K50/J50 -> 90 | M50: 16 | N50: =G50/W50*60 -> 1431.1111 | O50: =N50/M50 -> 89.444444 | P50: =M50-J50 -> 0 | Q50: =O50-L50 -> -0.55555556 | R50: =O50/L50 -> 0.99382716 | T50: 0.34027778 | U50: 0.41527778 | V50: =(T50-U49)*24*60 -> 12 | W50: =(U50-T50)*24*60 -> 108 | AF50: =N50-K50 -> -8.8888889 | AG50: =N50/K50 -> 0.99382716
B51: 義大利麵 | D51: 焗烤起司雙饗筆尖麵 | F51: =VLOOKUP(D51,廠價表!$C$1:$E$41,3,0) -> 49.97 | G51: 1900 | H51: =F51*G51 -> 94943 | J51: =VLOOKUP(D51,產線配置圖!$A$3:$C$39,2,0) -> 18 | K51: =VLOOKUP(D51,產線配置圖!$A$3:$C$39,3,0) -> 1600 | L51: =K51/J51 -> 88.888889 | M51: 18 | N51: =G51/W51*60 -> 1583.3333 | O51: =N51/M51 -> 87.962963 | P51: =M51-J51 -> 0 | Q51: =O51-L51 -> -0.92592593 | R51: =O51/L51 -> 0.98958333 | T51: 0.42361111 | U51: 0.47361111 | V51: =(T51-U50)*24*60 -> 12 | W51: =(U51-T51)*24*60 -> 72 | AF51: =N51-K51 -> -16.666667 | AG51: =N51/K51 -> 0.98958333
B52: 義大利麵 | D52: 焗烤起司雙饗筆尖麵 | F52: =VLOOKUP(D52,廠價表!$C$1:$E$41,3,0) -> 49.97 | G52: 4291 | H52: =F52*G52 -> 214421.27 | J52: =VLOOKUP(D52,產線配置圖!$A$3:$C$39,2,0) -> 18 | K52: =VLOOKUP(D52,產線配置圖!$A$3:$C$39,3,0) -> 1600 | L52: =K52/J52 -> 88.888889 | M52: 18 | N52: =G52/W52*60 -> 1579.5092 | O52: =N52/M52 -> 87.750511 | P52: =M52-J52 -> 0 | Q52: =O52-L52 -> -1.1383776 | R52: =O52/L52 -> 0.98719325 | T52: 0.53819444 | U52: 0.65138889 | V52: =(T52-U51)*24*60 -> 93 | W52: =(U52-T52)*24*60 -> 163 | X52: 0.47916667 | Y52: 0.52083333 | AF52: =N52-K52 -> -20.490798 | AG52: =N52/K52 -> 0.98719325
W53: =(U53-T53)*24*60 -> 0 | AF53: =N53-K53 -> 0 | AG53: =N53/K53 -> #DIV/0!
W54: =(U54-T54)*24*60 -> 0
W55: =(U55-T55)*24*60 -> 0
W56: =(U56-T56)*24*60 -> 0
W57: =(U57-T57)*24*60 -> 0
C58: 4度二組C2 | D58: 平均 | J58: =AVERAGE(J49:J57) -> 17.5 | K58: =AVERAGE(K49:K57) -> 1551.25 | L58: =AVERAGE(L49:L57) -> 88.680556 | M58: =AVERAGE(M49:M57) -> 17 | N58: =AVERAGE(N49:N57) -> 1483.5828 | O58: =AVERAGE(O49:O57) -> 87.232876 | P58: =M58-J58 -> -0.5 | Q58: =N58-K58 -> -67.667249 | R58: =O58/L58 -> 0.98367534 | Z58: =SUM(Z49:Z57) -> 0 | AA58: =SUM(AA49:AA57) -> 0 | AD58: =SUM(AD49:AD57) -> 0 | AE58: =SUM(AE49:AE57) -> 0 | AF58: =N58-K58 -> -67.667249 | AG58: =N58/K58 -> 0.95637889
A59: 調理包一線 (八爪機) | B59: 小吃、微波 | D59: 小滷青蔬 | F59: =VLOOKUP(D59,廠價表!$C$1:$E$41,3,0) -> 26.99 | G59: 3995 | H59: =F59*G59 -> 107825.05 | J59: =VLOOKUP(D59,產線配置圖!$A$3:$C$39,2,0) -> 13 | K59: =VLOOKUP(D59,產線配置圖!$A$3:$C$39,3,0) -> 1565 | L59: =K59/J59 -> 120.38462 | M59: 13 | N59: =G59/W59*60 -> 1546.4516 | O59: =N59/M59 -> 118.95782 | P59: =M59-J59 -> 0 | Q59: =O59-L59 -> -1.426799 | R59: =O59/L59 -> 0.988148 | S59: =R69 -> 0.92804411 | T59: 0.29166667 | U59: 0.39930556 | W59: =(U59-T59)*24*60 -> 155 | AF59: =N59-K59 -> -18.548387 | AG59: =N59/K59 -> 0.988148 | AH59: =AG69 -> 0.92919995
B60: 小吃、微波 | D60: 起司馬鈴薯 | F60: =VLOOKUP(D60,廠價表!$C$1:$E$41,3,0) -> 28.26 | G60: 1466 | H60: =F60*G60 -> 41429.16 | J60: =VLOOKUP(D60,產線配置圖!$A$3:$C$39,2,0) -> 12 | K60: =VLOOKUP(D60,產線配置圖!$A$3:$C$39,3,0) -> 1565 | L60: =K60/J60 -> 130.41667 | M60: 12 | N60: =G60/W60*60 -> 1466 | O60: =N60/M60 -> 122.16667 | P60: =M60-J60 -> 0 | Q60: =O60-L60 -> -8.25 | R60: =O60/L60 -> 0.93674121 | T60: 0.40625 | U60: 0.44791667 | V60: =(T60-U59)*24*60 -> 10 | W60: =(U60-T60)*24*60 -> 60 | AF60: =N60-K60 -> -99 | AG60: =N60/K60 -> 0.93674121
B61: 小吃、微波 | D61: 三杯菇菇米血 | F61: =VLOOKUP(D61,廠價表!$C$1:$E$41,3,0) -> 28.26 | G61: 1354 | H61: =F61*G61 -> 38264.04 | J61: =VLOOKUP(D61,產線配置圖!$A$3:$C$39,2,0) -> 12 | K61: =VLOOKUP(D61,產線配置圖!$A$3:$C$39,3,0) -> 1565 | L61: =K61/J61 -> 130.41667 | M61: 12 | N61: =G61/W61*60 -> 1425.2632 | O61: =N61/M61 -> 118.77193 | P61: =M61-J61 -> 0 | Q61: =O61-L61 -> -11.644737 | R61: =O61/L61 -> 0.91071128 | T61: 0.45694444 | U61: 0.49652778 | V61: =(T61-U60)*24*60 -> 13 | W61: =(U61-T61)*24*60 -> 57 | AF61: =N61-K61 -> -139.73684 | AG61: =N61/K61 -> 0.91071128
B62: 小吃、微波 | D62: 三杯菇菇米血 | F62: =VLOOKUP(D62,廠價表!$C$1:$E$41,3,0) -> 28.26 | G62: 1494 | H62: =F62*G62 -> 42220.44 | J62: =VLOOKUP(D62,產線配置圖!$A$3:$C$39,2,0) -> 12 | K62: =VLOOKUP(D62,產線配置圖!$A$3:$C$39,3,0) -> 1565 | L62: =K62/J62 -> 130.41667 | M62: 12 | N62: =G62/W62*60 -> 1379.0769 | O62: =N62/M62 -> 114.92308 | P62: =M62-J62 -> 0 | Q62: =O62-L62 -> -15.49359 | R62: =O62/L62 -> 0.88119931 | T62: 0.54861111 | U62: 0.59375 | W62: =(U62-T62)*24*60 -> 65 | X62: 0.50347222 | Y62: 0.54513889 | AF62: =N62-K62 -> -185.92308 | AG62: =N62/K62 -> 0.88119931
W63: =(U63-T63)*24*60 -> 0
W64: =(U64-T64)*24*60 -> 0
W65: =(U65-T65)*24*60 -> 0
W66: =(U66-T66)*24*60 -> 0
W67: =(U67-T67)*24*60 -> 0
H68: =F68*G68 -> 0 | W68: =(U68-T68)*24*60 -> 0
C69: 4度三組 | D69: 平均 | J69: =AVERAGE(J59:J68) -> 12.25 | K69: =AVERAGE(K59:K68) -> 1565 | L69: =AVERAGE(L59:L68) -> 127.90865 | M69: =AVERAGE(M59:M68) -> 12.25 | N69: =AVERAGE(N59:N68) -> 1454.1979 | O69: =AVERAGE(O59:O68) -> 118.70487 | P69: =M69-J69 -> 0 | Q69: =N69-K69 -> -110.80208 | R69: =O69/L69 -> 0.92804411 | Z69: =SUM(Z59:Z68) -> 0 | AA69: =SUM(AA59:AA68) -> 0 | AD69: =SUM(AD59:AD68) -> 0 | AE69: =SUM(AE59:AE68) -> 0 | AF69: =N69-K69 -> -110.80208 | AG69: =N69/K69 -> 0.92919995
A70: 調理包二線 (手工) | B70: 義大利麵 | D70: 焗烤起司肉醬筆尖麵 | F70: =VLOOKUP(D70,廠價表!$C$1:$E$41,3,0) -> 50.67 | G70: 3055 | H70: =F70*G70 -> 154796.85 | J70: =VLOOKUP(D70,產線配置圖!$A$3:$C$39,2,0) -> 10 | K70: =VLOOKUP(D70,產線配置圖!$A$3:$C$39,3,0) -> 1125 | L70: =K70/J70 -> 112.5 | M70: 10 | N70: =G70/W70*60 -> 1110.9091 | O70: =N70/M70 -> 111.09091 | P70: =M70-J70 -> 0 | Q70: =O70-L70 -> -1.4090909 | R70: =O70/L70 -> 0.98747475 | S70: =R79 -> 0.98747475 | T70: 0.33333333 | U70: 0.44791667 | W70: =(U70-T70)*24*60 -> 165 | AF70: =N70-K70 -> -14.090909 | AG70: =N70/K70 -> 0.98747475 | AH70: =AG79 -> 0.98747475
W71: =(U71-T71)*24*60 -> 0 | AF71: -300.3125 | AG71: 0.80810703
W72: =(U72-T72)*24*60 -> 0 | AF72: -130.33333 | AG72: 0.91671991
W73: =(U73-T73)*24*60 -> 0
W74: =(U74-T74)*24*60 -> 0
W75: =(U75-T75)*24*60 -> 0
W76: =(U76-T76)*24*60 -> 0
H77: =F77*G77 -> 0 | W77: =(U77-T77)*24*60 -> 0
H78: =F78*G78 -> 0 | W78: =(U78-T78)*24*60 -> 0
C79: 4度四組 | D79: 平均 | J79: =AVERAGE(J70:J78) -> 10 | K79: =AVERAGE(K70:K78) -> 1125 | L79: =AVERAGE(L70:L78) -> 112.5 | M79: =AVERAGE(M70:M78) -> 10 | N79: =AVERAGE(N70:N78) -> 1110.9091 | O79: =AVERAGE(O70:O78) -> 111.09091 | P79: =M79-J79 -> 0 | Q79: =N79-K79 -> -14.090909 | R79: =O79/L79 -> 0.98747475 | Z79: =SUM(Z70:Z78) -> 0 | AA79: =SUM(AA70:AA78) -> 0 | AD79: =SUM(AD70:AD78) -> 0 | AE79: =SUM(AE70:AE78) -> 0 | AF79: =N79-K79 -> -14.090909 | AG79: =N79/K79 -> 0.98747475
AJ80: 1.當日出勤人數較多
AJ81: 2.當日出勤人數較少
AJ82: 3.當日出勤熟手較少
AJ83: 4.當日出勤新人較多
AJ84: 5.機台夾盒
AJ85: 6.封膜不順
AJ86: 7.更換膠膜
AJ87: 8.更換碳帶
AJ88: 9.當日熱轉印碳帶異常
AJ89: 10.訂單量過少
AJ90: 11.新品上市，尚未熟悉
AJ91: 12.商品結構，產能較低
AJ92: 13.區域出貨，分段生產

Sheet 0202總
B1: 長家廠組合室生產人時性分析
B3: 日期 | D3: 46055 | F3: 訂單量 | G3: ='0202'!E1 -> 61832 | I3: 營業額 | J3: ='0202'!G1 -> 2986243.9
B4: 項目 | D4: 3 | F4: ➀ | H4: ➁ | J4: ③ | L4: 異常停線 | N4: 短暫停線
B5: 人時性 | D5: 組合室 | F5: 全溫層 | H5: 義大利麵 | J5: 袋裝小吃、義麵 | L5: 合計次數 | M5: 時間 | N5: 合計次數 | O5: 設備次數
D6: 排關平均 | F6: =AVERAGE(D13:J13) -> 114.20983 | H6: =AVERAGE(D13:H13,J13) -> 111.92669 | J6: =AVERAGE(I13) -> 127.90865 | L6: =SUM(D18:J18) -> 5 | M6: =SUM(D19:J19) -> 46 | N6: =SUM(D20:J20) -> 0 | O6: =SUM(D20:J20) -> 0
D7: 實績平均 | F7: =AVERAGE(D14:J14) -> 106.44299 | H7: =AVERAGE(D14:H14,J14) -> 104.66462 | J7: =AVERAGE(I14) -> 117.11321 | L7: =AVERAGE(K14:L14) -> #DIV/0! | M7: =AVERAGE(L14:M14) -> #DIV/0! | N7: =AVERAGE(M14:N14) -> #DIV/0! | O7: =AVERAGE(N14:O14) -> #DIV/0!
D8: 達成率平均 | F8: =F7/F6 -> 0.93199503 | H8: =H7/H6 -> 0.93511764 | J8: =J7/J6 -> 0.91560033 | L8: =AVERAGE(K15:L15) -> #DIV/0! | M8: =AVERAGE(L15:M15) -> #DIV/0! | N8: =AVERAGE(M15:N15) -> #DIV/0! | O8: =AVERAGE(N15:O15) -> #DIV/0!
J9: ※現行日本鮮食廠以達成率80%為基本(即為現行KPI)
B10: 溫層 | D10: 4度C-各編組展開
B11: 編組 | D11: 1 | E11: 2 | F11: 3 | G11: 4 | H11: 5 | I11: 6 | J11: 7
D12: 自動1線 | E12: 自動2線 | F12: 手工3線 | G12: 手工4線 | H12: 手工5線 | I12: 調理包1線 | J12: 調理包2線
B13: 人時性 | C13: 排關 | D13: =VALUE('0202'!L15) -> 130.84034 | E13: =VALUE('0202'!L26) -> 162.15812 | F13: =VALUE('0202'!L37) -> 89.696078 | G13: =VALUE('0202'!L48) -> 87.685049 | H13: =VALUE('0202'!L58) -> 88.680556 | I13: =VALUE('0202'!L69) -> 127.90865 | J13: ='0202'!L79 -> 112.5
C14: 實績 | D14: =VALUE('0202'!O15) -> 120.2835 | E14: =VALUE('0202'!O26) -> 138.61438 | F14: =VALUE('0202'!O37) -> 73.94805 | G14: =VALUE('0202'!O48) -> 79.323757 | H14: =VALUE('0202'!O58) -> 84.145205 | I14: =VALUE('0202'!O69) -> 117.11321 | J14: ='0202'!O79 -> 131.67284
C15: 達成率 | D15: =D14/D13 -> 0.91931509 | E15: =E14/E13 -> 0.85481 | F15: =F14/F13 -> 0.82442902 | G15: =G14/G13 -> 0.90464404 | H15: =H14/H13 -> 0.94885744 | I15: =I14/I13 -> 0.91560033 | J15: ='0202'!S70 -> 1.1704253
B16: 作業 時間 | C16: 開始 | D16: ='0202'!T5 -> 0.3125 | E16: ='0202'!T16 -> 0.29097222 | F16: ='0202'!T27 -> 0.29166667 | G16: ='0202'!T38 -> 0.33333333 | H16: ='0202'!T49 -> 0.29166667 | I16: ='0202'!T59 -> 0.29166667 | J16: ='0202'!T70 -> 0.36458333
C17: 結束 | D17: 0.64861111 | E17: 0.70486111 | F17: 0.69791667 | G17: 0.71875 | H17: 0.63680556 | I17: 0.61805556 | J17: 0.71875
B18: 產線異常 (5分鐘以上) | C18: 次數 | D18: ='0202'!Z15 -> 0 | E18: ='0202'!Z26 -> 0 | F18: ='0202'!Z37 -> 3 | G18: ='0202'!Z48 -> 0 | H18: ='0202'!Z58 -> 1 | I18: ='0202'!Z69 -> 1 | J18: ='0202'!AA79 -> 0
C19: 時間/分 | D19: ='0202'!AA15 -> 0 | E19: ='0202'!AA26 -> 0 | F19: ='0202'!AA37 -> 23 | G19: ='0202'!AA48 -> 0 | H19: ='0202'!AA58 -> 18 | I19: ='0202'!AA69 -> 5 | J19: ='0202'!AB79 -> 0
B20: 短暫停線 (5分鐘以下) | C20: 次數 | D20: ='0202'!AD15 -> 0 | E20: ='0202'!AD26 -> 0 | F20: ='0202'!AD37 -> 0 | G20: ='0202'!AD48 -> 0 | H20: ='0202'!AD58 -> 0 | I20: ='0202'!AD69 -> 0 | J20: ='0202'!AD79 -> 0
C21: 設備次數 | D21: ='0202'!AE15 -> 0 | E21: ='0202'!AE26 -> 0 | F21: ='0202'!AE37 -> 0 | G21: ='0202'!AE48 -> 0 | H21: ='0202'!AE58 -> 0 | I21: ='0202'!AE69 -> 0 | J21: ='0202'!AE79 -> 0
B22: 配置人數 | D22: =VALUE('0202'!M15) -> 15 | E22: =VALUE('0202'!M26) -> 13 | F22: =VALUE('0202'!M37) -> 15.666667 | G22: =VALUE('0202'!M48) -> 16.666667 | H22: =VALUE('0202'!M58) -> 17.5 | I22: =VALUE('0202'!M69) -> 12.25 | J22: ='0202'!M79 -> 5.5
B23: 主要應用設備 | D23: ET-600 | E23: ET-600 | F23: ET-55 | G23: ET-55 | H23: ET-55 | I23: 八爪機 | J23: 八爪機
B24: 次要應用設備 | H24: 封口機 | J24: 封口機
B25: 備註

Sheet 0202
A1: 長家廠4度C日報分析 | D1: 總生產量 | E1: =SUM(G5:G79) -> 61832 | F1: 營業額 | G1: =SUM(H5:H79) -> 2986243.9 | H1: 出勤人數 | I1: =M15+M26+M48+M58+M69+M79+M37 -> 95.583333 | J1: 產線配置圖 | M1: 生產實績 | P1: 人時性差異分析 | T1: 日報登錄 | Z1: 合計 次數 | AA1: 合計 時間/分 | AB1: 分析說明 | AD1: 合計 次數 | AE1: 合計 設備次數 | AF1: 產能差異分析
A2: 02月02日 星期一 | D2: 人時性 | E2: =AVERAGE(O15,O26,O37,O48,O58,O69,O79) -> 106.44299 | F2: 平均廠價 | G2: =G1/E1 -> 48.296091 | H2: 多次生產數 | I2: =COUNT(I5:I79) -> 0 | Z2: =Z15+Z26+Z37+Z48+Z58+Z69+Z79 -> 5 | AA2: =AA15+AA26+AA37+AA48+AA58+AA69+AA79 -> 46 | AD2: =AD15+AD26+AD37+AD48+AD58+AD69+AD79 -> 0 | AE2: =AE15+AE26+AE37+AE48+AE58+AE69+AE79 -> 0
A3: 線別 | B3: 品類 | D3: 品名 | F3: 廠價 | G3: 生產量 | H3: 營收 | I3: 多次 生產 | J3: 人數 | K3: 產能/時 | L3: 人時性 | M3: 人數 | N3: 產能/時 | O3: 人時性 | P3: 人數 | Q3: 人時性 | R3: 達成率 | S3: 達成率平均 | T3: 生產時間 | V3: 前置、換線時間/分 | W3: 稼動時間/分 | X3: 休息時間 | Z3: 產線異常統計 (5分鐘以上) | AD3: 短暫停線統計 (5分鐘以下) | AF3: 產能/時 | AG3: 達成率 | AH3: 達成率平均
T4: 開始 | U4: 結束 | X4: 開始 | Y4: 結束 | Z4: 次數 | AA4: 時間/分 | AD4: 總次數 | AE4: 設備因素(次數)
A5: 自動一線 (ET-600) | B5: 義大利麵 | D5: 韓式起司炸雞義大利麵 | F5: =VLOOKUP(D5,廠價表!$C$1:$E$41,3,0) -> 57.21 | G5: 1572 | H5: =F5*G5 -> 89934.12 | J5: =VLOOKUP(D5,產線配置圖!$A$3:$C$39,2,0) -> 17 | K5: =VLOOKUP(D5,產線配置圖!$A$3:$C$39,3,0) -> 2000 | L5: =K5/J5 -> 117.64706 | M5: 17 | N5: =G5/W5*60 -> 1626.2069 | O5: =N5/M5 -> 95.659229 | P5: =M5-J5 -> 0 | Q5: =O5-L5 -> -21.98783 | R5: =O5/L5 -> 0.81310345 | S5: =R15 -> 0.91931509 | T5: 0.3125 | U5: 0.35277778 | W5: =(U5-T5)*24*60 -> 58 | AF5: =N5-K5 -> -373.7931 | AG5: =N5/K5 -> 0.81310345 | AH5: =AG15 -> 0.91520418
B6: 義大利麵 | D6: 辣味香菜雞肉義大利麵 | F6: =VLOOKUP(D6,廠價表!$C$1:$E$41,3,0) -> 56.28 | G6: 2662 | H6: =F6*G6 -> 149817.36 | J6: =VLOOKUP(D6,產線配置圖!$A$3:$C$39,2,0) -> 15 | K6: =VLOOKUP(D6,產線配置圖!$A$3:$C$39,3,0) -> 1800 | L6: =K6/J6 -> 120 | M6: 15 | N6: =G6/W6*60 -> 1736.087 | O6: =N6/M6 -> 115.73913 | P6: =M6-J6 -> 0 | Q6: =O6-L6 -> -4.2608696 | R6: =O6/L6 -> 0.96449275 | T6: 0.36527778 | U6: 0.42916667 | V6: =(T6-U5)*24*60 -> 18 | W6: =(U6-T6)*24*60 -> 92 | AF6: =N6-K6 -> -63.913043 | AG6: =N6/K6 -> 0.96449275
B7: 義大利麵 | D7: 奶油培根義大利麵 | F7: =VLOOKUP(D7,廠價表!$C$1:$E$41,3,0) -> 49.14 | G7: 1497 | H7: =F7*G7 -> 73562.58 | J7: 14 | K7: =VLOOKUP(D7,產線配置圖!$A$3:$C$39,3,0) -> 2000 | L7: =K7/J7 -> 142.85714 | M7: 14 | N7: =G7/W7*60 -> 1911.0638 | O7: =N7/M7 -> 136.50456 | P7: =M7-J7 -> 0 | Q7: =O7-L7 -> -6.3525836 | R7: =O7/L7 -> 0.95553191 | T7: 0.44722222 | U7: 0.47986111 | V7: =(T7-U6)*24*60 -> 26 | W7: =(U7-T7)*24*60 -> 47 | AF7: =N7-K7 -> -88.93617 | AG7: =N7/K7 -> 0.95553191
B8: 義大利麵 | D8: 奶油培根義大利麵 | F8: =VLOOKUP(D8,廠價表!$C$1:$E$41,3,0) -> 49.14 | G8: 4632 | H8: =F8*G8 -> 227616.48 | J8: 14 | K8: =VLOOKUP(D8,產線配置圖!$A$3:$C$39,3,0) -> 2000 | L8: =K8/J8 -> 142.85714 | M8: 14 | N8: =G8/W8*60 -> 1865.2349 | O8: =N8/M8 -> 133.23106 | P8: =M8-J8 -> 0 | Q8: =O8-L8 -> -9.6260786 | R8: =O8/L8 -> 0.93261745 | T8: 0.54513889 | U8: 0.64861111 | V8: =(T8-U7)*24*60 -> 94 | W8: =(U8-T8)*24*60 -> 149 | X8: 0.48611111 | Y8: 0.52777778 | AF8: =N8-K8 -> -134.7651 | AG8: =N8/K8 -> 0.93261745
W9: =(U9-T9)*24*60 -> 0 | AF9: =N9-K9 -> 0 | AG9: =N9/K9 -> #DIV/0!
W10: =(U10-T10)*24*60 -> 0 | AF10: =N10-K10 -> 0 | AG10: =N10/K10 -> #DIV/0!
W11: =(U11-T11)*24*60 -> 0 | AF11: =N11-K11 -> 0 | AG11: =N11/K11 -> #DIV/0!
W12: =(U12-T12)*24*60 -> 0
W13: =(U13-T13)*24*60 -> 0
W14: =(U14-T14)*24*60 -> 0
C15: 4度一組 | D15: 平均 | J15: =AVERAGE(J5:J14) -> 15 | K15: =AVERAGE(K5:K14) -> 1950 | L15: =AVERAGE(L5:L14) -> 130.84034 | M15: =AVERAGE(M5:M14) -> 15 | N15: =AVERAGE(N5:N14) -> 1784.6481 | O15: =AVERAGE(O5:O14) -> 120.2835 | P15: =M15-J15 -> 0 | Q15: =O15-L15 -> -10.55684 | R15: =O15/L15 -> 0.91931509 | Z15: =SUM(Z5:Z14) -> 0 | AA15: =SUM(AA5:AA14) -> 0 | AD15: =SUM(AD5:AD14) -> 0 | AE15: =SUM(AE5:AE14) -> 0 | AF15: =N15-K15 -> -165.35185 | AG15: =N15/K15 -> 0.91520418
A16: 自動二線 (ET-600) | B16: 義大利麵 | D16: 白酒蛤蜊義大利麵 | F16: =VLOOKUP(D16,廠價表!$C$1:$E$41,3,0) -> 57.21 | G16: 1867 | H16: =F16*G16 -> 106811.07 | J16: 13 | K16: =VLOOKUP(D16,產線配置圖!$A$3:$C$39,3,0) -> 2105 | L16: =K16/J16 -> 161.92308 | M16: 13 | N16: =G16/W16*60 -> 1898.6441 | O16: =N16/M16 -> 146.04954 | P16: =M16-J16 -> 0 | Q16: =O16-L16 -> -15.873533 | R16: =O16/L16 -> 0.90196868 | S16: =R26 -> 0.85481 | T16: 0.29097222 | U16: 0.33194444 | W16: =(U16-T16)*24*60 -> 59 | AB16: 手抓麵(06:59~07:20) | AF16: =N16-K16 -> -206.35593 | AG16: =N16/K16 -> 0.90196868 | AH16: =AG26 -> 0.87090426
B17: 義大利麵 | D17: 青醬蛤蜊義大利麵 | F17: =VLOOKUP(D17,廠價表!$C$1:$E$41,3,0) -> 50.67 | G17: 3872 | H17: =F17*G17 -> 196194.24 | J17: 13 | K17: =VLOOKUP(D17,產線配置圖!$A$3:$C$39,3,0) -> 2000 | L17: =K17/J17 -> 153.84615 | M17: 13 | N17: =G17/W17*60 -> 1787.0769 | O17: =N17/M17 -> 137.46746 | P17: =M17-J17 -> 0 | Q17: =O17-L17 -> -16.378698 | R17: =O17/L17 -> 0.89353846 | T17: 0.34027778 | U17: 0.43055556 | V17: =(T17-U16)*24*60 -> 12 | W17: =(U17-T17)*24*60 -> 130 | AF17: =N17-K17 -> -212.92308 | AG17: =N17/K17 -> 0.89353846
B18: 義大利麵 | D18: 義式蕃茄起司義大利麵 | F18: =VLOOKUP(D18,廠價表!$C$1:$E$41,3,0) -> 50.39 | G18: 1722 | H18: =F18*G18 -> 86771.58 | J18: 12 | K18: =VLOOKUP(D18,產線配置圖!$A$3:$C$39,3,0) -> 2000 | L18: =K18/J18 -> 166.66667 | M18: 12 | N18: =G18/W18*60 -> 1751.1864 | O18: =N18/M18 -> 145.9322 | P18: =M18-J18 -> 0 | Q18: =O18-L18 -> -20.734463 | R18: =O18/L18 -> 0.87559322 | T18: 0.43611111 | U18: 0.47708333 | V18: =(T18-U17)*24*60 -> 8 | W18: =(U18-T18)*24*60 -> 59 | AF18: =N18-K18 -> -248.81356 | AG18: =N18/K18 -> 0.87559322
B19: 義大利麵 | D19: 義式蕃茄起司義大利麵 | F19: =VLOOKUP(D19,廠價表!$C$1:$E$41,3,0) -> 50.39 | G19: 3520 | H19: =F19*G19 -> 177372.8 | J19: 12 | K19: =VLOOKUP(D19,產線配置圖!$A$3:$C$39,3,0) -> 2000 | L19: =K19/J19 -> 166.66667 | M19: 12 | N19: =G19/W19*60 -> 1717.0732 | O19: =N19/M19 -> 143.08943 | P19: =M19-J19 -> 0 | Q19: =O19-L19 -> -23.577236 | R19: =O19/L19 -> 0.85853659 | T19: 0.54513889 | U19: 0.63055556 | V19: =(T19-U18)*24*60 -> 98 | W19: =(U19-T19)*24*60 -> 123 | X19: 0.48611111 | Y19: 0.52777778 | AF19: =N19-K19 -> -282.92683 | AG19: =N19/K19 -> 0.85853659
B20: 義大利麵 | D20: 白酒蛤蜊義大利麵 | F20: =VLOOKUP(D20,廠價表!$C$1:$E$41,3,0) -> 57.21 | G20: 708 | H20: =F20*G20 -> 40504.68 | J20: 13 | K20: =VLOOKUP(D20,產線配置圖!$A$3:$C$39,3,0) -> 2105 | L20: =K20/J20 -> 161.92308 | M20: 15 | N20: =G20/W20*60 -> 1517.1429 | O20: =N20/M20 -> 101.14286 | P20: =M20-J20 -> 2 | Q20: =O20-L20 -> -60.78022 | R20: =O20/L20 -> 0.62463522 | T20: 0.63888889 | U20: 0.65833333 | V20: =(T20-U19)*24*60 -> 12 | W20: =(U20-T20)*24*60 -> 28 | AB20: 手抓麵
B21: 義大利麵 | D21: 白酒蛤蜊義大利麵 | F21: =VLOOKUP(D21,廠價表!$C$1:$E$41,3,0) -> 57.21 | G21: 2191 | H21: =F21*G21 -> 125347.11 | J21: 13 | K21: =VLOOKUP(D21,產線配置圖!$A$3:$C$39,3,0) -> 2105 | L21: =K21/J21 -> 161.92308 | M21: 13 | N21: =G21/W21*60 -> 2054.0625 | O21: =N21/M21 -> 158.00481 | P21: =M21-J21 -> 0 | Q21: =O21-L21 -> -3.9182692 | R21: =O21/L21 -> 0.97580166 | T21: 0.66041667 | U21: 0.70486111 | V21: =(T21-U20)*24*60 -> 3 | W21: =(U21-T21)*24*60 -> 64
W22: =(U22-T22)*24*60 -> 0
W23: =(U23-T23)*24*60 -> 0
H24: =F24*G24 -> 0 | W24: =(U24-T24)*24*60 -> 0
H25: =F25*G25 -> 0 | W25: =(U25-T25)*24*60 -> 0
C26: 4度二組A | D26: 平均 | J26: =AVERAGE(J16:J25) -> 12.666667 | K26: =AVERAGE(K16:K25) -> 2052.5 | L26: =AVERAGE(L16:L25) -> 162.15812 | M26: =AVERAGE(M16:M25) -> 13 | N26: =AVERAGE(N16:N25) -> 1787.531 | O26: =AVERAGE(O16:O25) -> 138.61438 | P26: =M26-J26 -> 0.33333333 | Q26: =O26-L26 -> -23.543737 | R26: =O26/L26 -> 0.85481 | Z26: =SUM(Z16:Z25) -> 0 | AA26: =SUM(AA16:AA25) -> 0 | AD26: =SUM(AD16:AD25) -> 0 | AE26: =SUM(AE16:AE25) -> 0 | AF26: =N26-K26 -> -264.96901 | AG26: =N26/K26 -> 0.87090426
A27: 手工三線 (ET-55) | B27: 義大利麵 | D27: 惡魔乳酪生義大利麵 | F27: =VLOOKUP(D27,廠價表!$C$1:$E$41,3,0) -> 57.3 | G27: 2180 | H27: =F27*G27 -> 124914 | J27: =VLOOKUP(D27,產線配置圖!$A$3:$C$39,2,0) -> 17 | K27: =VLOOKUP(D27,產線配置圖!$A$3:$C$39,3,0) -> 1500 | L27: =K27/J27 -> 88.235294 | M27: 16 | N27: =G27/W27*60 -> 1348.4536 | O27: =N27/M27 -> 84.278351 | P27: =M27-J27 -> -1 | Q27: =O27-L27 -> -3.9569436 | R27: =O27/L27 -> 0.95515464 | S27: =R37 -> 0.82442902 | T27: 0.29166667 | U27: 0.35902778 | W27: =(U27-T27)*24*60 -> 97 | Z27: 1 | AA27: 7 | AB27: 熱轉印異常 | AF27: =N27-K27 -> -151.54639 | AG27: =N27/K27 -> 0.89896907 | AH27: =AG37 -> 0.79374518
B28: 義大利麵 | D28: 奶油蒜香雞義大利麵 | F28: =VLOOKUP(D28,廠價表!$C$1:$E$41,3,0) -> 55.13 | G28: 1785 | H28: =F28*G28 -> 98407.05 | J28: =VLOOKUP(D28,產線配置圖!$A$3:$C$39,2,0) -> 17 | K28: =VLOOKUP(D28,產線配置圖!$A$3:$C$39,3,0) -> 1385 | L28: =K28/J28 -> 81.470588 | M28: 16 | N28: =G28/W28*60 -> 1151.6129 | O28: =N28/M28 -> 71.975806 | P28: =M28-J28 -> -1 | Q28: =O28-L28 -> -9.4947818 | R28: =O28/L28 -> 0.88345755 | T28: 0.36597222 | U28: 0.43055556 | V28: =(T28-U27)*24*60 -> 10 | W28: =(U28-T28)*24*60 -> 93 | AF28: =N28-K28 -> -233.3871 | AG28: =N28/K28 -> 0.83148946
B29: 義大利麵 | D29: 惡魔乳酪生義大利麵 | F29: =VLOOKUP(D29,廠價表!$C$1:$E$41,3,0) -> 57.3 | G29: 912 | H29: =F29*G29 -> 52257.6 | J29: =VLOOKUP(D29,產線配置圖!$A$3:$C$39,2,0) -> 17 | K29: =VLOOKUP(D29,產線配置圖!$A$3:$C$39,3,0) -> 1500 | L29: =K29/J29 -> 88.235294 | M29: 16 | N29: =G29/W29*60 -> 1189.5652 | O29: =N29/M29 -> 74.347826 | P29: =M29-J29 -> -1 | Q29: =O29-L29 -> -13.887468 | R29: =O29/L29 -> 0.8426087 | T29: 0.44444444 | U29: 0.47638889 | V29: =(T29-U28)*24*60 -> 20 | W29: =(U29-T29)*24*60 -> 46 | AF29: =N29-K29 -> -310.43478 | AG29: =N29/K29 -> 0.79304348
B30: 熱乾麵 | D30: 沙茶豬肉炒麵 | F30: =VLOOKUP(D30,廠價表!$C$1:$E$41,3,0) -> 49.52 | G30: 933 | H30: =F30*G30 -> 46202.16 | J30: =VLOOKUP(D30,產線配置圖!$A$3:$C$39,2,0) -> 15 | K30: =VLOOKUP(D30,產線配置圖!$A$3:$C$39,3,0) -> 1440 | L30: =K30/J30 -> 96 | M30: 15 | N30: =G30/W30*60 -> 1216.9565 | O30: =N30/M30 -> 81.130435 | P30: =M30-J30 -> 0 | Q30: =O30-L30 -> -14.869565 | R30: =O30/L30 -> 0.8451087 | T30: 0.48194444 | U30: 0.51388889 | V30: =(T30-U29)*24*60 -> 8 | W30: =(U30-T30)*24*60 -> 46 | AF30: =N30-K30 -> -223.04348 | AG30: =N30/K30 -> 0.8451087
B31: 熱乾麵 | D31: 沙茶豬肉炒麵 | F31: =VLOOKUP(D31,廠價表!$C$1:$E$41,3,0) -> 49.52 | G31: 1290 | H31: =F31*G31 -> 63880.8 | J31: =VLOOKUP(D31,產線配置圖!$A$3:$C$39,2,0) -> 15 | K31: =VLOOKUP(D31,產線配置圖!$A$3:$C$39,3,0) -> 1440 | L31: =K31/J31 -> 96 | M31: 15 | N31: =G31/W31*60 -> 910.58824 | O31: =N31/M31 -> 60.705882 | P31: =M31-J31 -> 0 | Q31: =O31-L31 -> -35.294118 | R31: =O31/L31 -> 0.63235294 | T31: 0.60763889 | U31: 0.66666667 | V31: =(T31-U30)*24*60 -> 135 | W31: =(U31-T31)*24*60 -> 85 | X31: 0.52083333 | Y31: 0.5625 | Z31: 2 | AA31: 16 | AB31: 封膜機異常、13:50-14:28試產 | AF31: =N31-K31 -> -529.41176 | AG31: =N31/K31 -> 0.63235294
B32: 義大利麵 | D32: 惡魔乳酪生義大利麵 | F32: =VLOOKUP(D32,廠價表!$C$1:$E$41,3,0) -> 57.3 | G32: 703 | H32: =F32*G32 -> 40281.9 | J32: =VLOOKUP(D32,產線配置圖!$A$3:$C$39,2,0) -> 17 | K32: =VLOOKUP(D32,產線配置圖!$A$3:$C$39,3,0) -> 1500 | L32: =K32/J32 -> 88.235294 | M32: 16 | N32: =G32/W32*60 -> 1140 | O32: =N32/M32 -> 71.25 | P32: =M32-J32 -> -1 | Q32: =O32-L32 -> -16.985294 | R32: =O32/L32 -> 0.8075 | T32: 0.67222222 | U32: 0.69791667 | V32: =(T32-U31)*24*60 -> 8 | W32: =(U32-T32)*24*60 -> 37
W33: =(U33-T33)*24*60 -> 0
W34: =(U34-T34)*24*60 -> 0
W35: =(U35-T35)*24*60 -> 0
H36: =F36*G36 -> 0 | W36: =(U36-T36)*24*60 -> 0
C37: 4度二組B | D37: 平均 | J37: =AVERAGE(J27:J36) -> 16.333333 | K37: =AVERAGE(K27:K36) -> 1460.8333 | L37: =AVERAGE(L27:L36) -> 89.696078 | M37: =AVERAGE(M27:M36) -> 15.666667 | N37: =AVERAGE(N27:N36) -> 1159.5294 | O37: =AVERAGE(O27:O36) -> 73.94805 | P37: =M37-J37 -> -0.66666667 | Q37: =N37-K37 -> -301.30392 | R37: =O37/L37 -> 0.82442902 | Z37: =SUM(Z27:Z36) -> 3 | AA37: =SUM(AA27:AA36) -> 23 | AD37: =SUM(AD27:AD36) -> 0 | AE37: =SUM(AE27:AE36) -> 0 | AF37: =N37-K37 -> -301.30392 | AG37: =N37/K37 -> 0.79374518
A38: 手工四線 (ET-55) | B38: 義大利麵 | D38: 濃拿坡里義大利麵 | F38: =VLOOKUP(D38,廠價表!$C$1:$E$41,3,0) -> 56.43 | G38: 1259 | H38: =F38*G38 -> 71045.37 | J38: =VLOOKUP(D38,產線配置圖!$A$3:$C$39,2,0) -> 16 | K38: =VLOOKUP(D38,產線配置圖!$A$3:$C$39,3,0) -> 1406 | L38: =K38/J38 -> 87.875 | M38: 15 | N38: =G38/W38*60 -> 1110.8824 | O38: =N38/M38 -> 74.058824 | P38: =M38-J38 -> -1 | Q38: =O38-L38 -> -13.816176 | R38: =O38/L38 -> 0.84277466 | S38: =R48 -> 0.90464404 | T38: 0.33333333 | U38: 0.38055556 | W38: =(U38-T38)*24*60 -> 68 | AF38: =N38-K38 -> -295.11765 | AG38: =N38/K38 -> 0.79010125 | AH38: =AG48 -> 0.89689539
B39: 熱乾麵 | D39: 青花椒麻雞肉拌麵 | F39: =VLOOKUP(D39,廠價表!$C$1:$E$41,3,0) -> 49.91 | G39: 1502 | H39: =F39*G39 -> 74964.82 | J39: =VLOOKUP(D39,產線配置圖!$A$3:$C$39,2,0) -> 17 | K39: =VLOOKUP(D39,產線配置圖!$A$3:$C$39,3,0) -> 1565 | L39: =K39/J39 -> 92.058824 | M39: 17 | N39: =G39/W39*60 -> 1345.0746 | O39: =N39/M39 -> 79.122037 | P39: =M39-J39 -> 0 | Q39: =O39-L39 -> -12.936787 | R39: =O39/L39 -> 0.85947261 | T39: 0.3875 | U39: 0.43402778 | V39: =(T39-U38)*24*60 -> 10 | W39: =(U39-T39)*24*60 -> 67 | AF39: =N39-K39 -> -219.92537 | AG39: =N39/K39 -> 0.85947261
B40: 熱乾麵 | D40: 府城鹽水意麵 | F40: =VLOOKUP(D40,廠價表!$C$1:$E$41,3,0) -> 44.3 | G40: 1683 | H40: =F40*G40 -> 74556.9 | J40: =VLOOKUP(D40,產線配置圖!$A$3:$C$39,2,0) -> 17 | K40: =VLOOKUP(D40,產線配置圖!$A$3:$C$39,3,0) -> 1440 | L40: =K40/J40 -> 84.705882 | M40: 17 | N40: =G40/W40*60 -> 1311.4286 | O40: =N40/M40 -> 77.142857 | P40: =M40-J40 -> 0 | Q40: =O40-L40 -> -7.5630252 | R40: =O40/L40 -> 0.91071429 | T40: 0.44791667 | U40: 0.50138889 | V40: =(T40-U39)*24*60 -> 20 | W40: =(U40-T40)*24*60 -> 77 | AF40: =N40-K40 -> -128.57143 | AG40: =N40/K40 -> 0.91071429
B41: 熱乾麵 | D41: 府城鹽水意麵 | F41: =VLOOKUP(D41,廠價表!$C$1:$E$41,3,0) -> 44.3 | G41: 2929 | H41: =F41*G41 -> 129754.7 | J41: =VLOOKUP(D41,產線配置圖!$A$3:$C$39,2,0) -> 17 | K41: =VLOOKUP(D41,產線配置圖!$A$3:$C$39,3,0) -> 1440 | L41: =K41/J41 -> 84.705882 | M41: 17 | N41: =G41/W41*60 -> 1405.92 | O41: =N41/M41 -> 82.701176 | P41: =M41-J41 -> 0 | Q41: =O41-L41 -> -2.0047059 | R41: =O41/L41 -> 0.97633333 | T41: 0.5625 | U41: 0.64930556 | V41: =(T41-U40)*24*60 -> 88 | W41: =(U41-T41)*24*60 -> 125 | X41: 0.52083333 | Y41: 0.5625 | AF41: =N41-K41 -> -34.08 | AG41: =N41/K41 -> 0.97633333
B42: 熱乾麵 | D42: 青花椒麻雞肉拌麵 | F42: =VLOOKUP(D42,廠價表!$C$1:$E$41,3,0) -> 49.91 | G42: 1000 | H42: =F42*G42 -> 49910 | J42: =VLOOKUP(D42,產線配置圖!$A$3:$C$39,2,0) -> 17 | K42: =VLOOKUP(D42,產線配置圖!$A$3:$C$39,3,0) -> 1565 | L42: =K42/J42 -> 92.058824 | M42: 17 | N42: =G42/W42*60 -> 1500 | O42: =N42/M42 -> 88.235294 | P42: =M42-J42 -> 0 | Q42: =O42-L42 -> -3.8235294 | R42: =O42/L42 -> 0.95846645 | T42: 0.65972222 | U42: 0.6875 | V42: =(T42-U41)*24*60 -> 15 | W42: =(U42-T42)*24*60 -> 40
B43: 熱乾麵 | D43: 府城鹽水意麵 | F43: =VLOOKUP(D43,廠價表!$C$1:$E$41,3,0) -> 44.3 | G43: 529 | H43: =F43*G43 -> 23434.7 | J43: =VLOOKUP(D43,產線配置圖!$A$3:$C$39,2,0) -> 17 | K43: =VLOOKUP(D43,產線配置圖!$A$3:$C$39,3,0) -> 1440 | L43: =K43/J43 -> 84.705882 | M43: 17 | N43: =G43/W43*60 -> 1269.6 | O43: =N43/M43 -> 74.682353 | P43: =M43-J43 -> 0 | Q43: =O43-L43 -> -10.023529 | R43: =O43/L43 -> 0.88166667 | T43: 0.70138889 | U43: 0.71875 | V43: =(T43-U42)*24*60 -> 20 | W43: =(U43-T43)*24*60 -> 25
W44: =(U44-T44)*24*60 -> 0
W45: =(U45-T45)*24*60 -> 0
W46: =(U46-T46)*24*60 -> 0
H47: =F47*G47 -> 0 | W47: =(U47-T47)*24*60 -> 0
C48: 4度二組C1 | D48: 平均 | J48: =AVERAGE(J38:J47) -> 16.833333 | K48: =AVERAGE(K38:K47) -> 1476 | L48: =AVERAGE(L38:L47) -> 87.685049 | M48: =AVERAGE(M38:M47) -> 16.666667 | N48: =AVERAGE(N38:N47) -> 1323.8176 | O48: =AVERAGE(O38:O47) -> 79.323757 | P48: =M48-J48 -> -0.16666667 | Q48: =N48-K48 -> -152.18241 | R48: =O48/L48 -> 0.90464404 | W48: =(U48-T48)*24*60 -> 0 | Z48: =SUM(Z38:Z47) -> 0 | AA48: =SUM(AA38:AA47) -> 0 | AD48: =SUM(AD38:AD47) -> 0 | AE48: =SUM(AE38:AE47) -> 0 | AF48: =N48-K48 -> -152.18241 | AG48: =N48/K48 -> 0.89689539
A49: 手工五線 (ET-55) | B49: 義大利麵 | D49: 剝皮辣椒雞奶油扁麵 | F49: =VLOOKUP(D49,廠價表!$C$1:$E$41,3,0) -> 56.87 | G49: 1322 | H49: =F49*G49 -> 75182.14 | J49: =VLOOKUP(D49,產線配置圖!$A$3:$C$39,2,0) -> 18 | K49: =VLOOKUP(D49,產線配置圖!$A$3:$C$39,3,0) -> 1565 | L49: =K49/J49 -> 86.944444 | M49: 18 | N49: =G49/W49*60 -> 1442.1818 | O49: =N49/M49 -> 80.121212 | P49: =M49-J49 -> 0 | Q49: =O49-L49 -> -6.8232323 | R49: =O49/L49 -> 0.92152193 | S49: =R58 -> 0.94885744 | T49: 0.29166667 | U49: 0.32986111 | W49: =(U49-T49)*24*60 -> 55 | Z49: 1 | AA49: 18 | AB49: 熱轉印異常、全檢 | AF49: =N49-K49 -> -122.81818 | AG49: =N49/K49 -> 0.92152193 | AH49: =AG58 -> 0.94741821
B50: 義大利麵 | D50: 奶油起司蝦仁通心粉 | F50: =VLOOKUP(D50,廠價表!$C$1:$E$41,3,0) -> 47.71 | G50: 2612 | H50: =F50*G50 -> 124618.52 | J50: =VLOOKUP(D50,產線配置圖!$A$3:$C$39,2,0) -> 16 | K50: =VLOOKUP(D50,產線配置圖!$A$3:$C$39,3,0) -> 1440 | L50: =K50/J50 -> 90 | M50: 16 | N50: =G50/W50*60 -> 1437.7982 | O50: =N50/M50 -> 89.862385 | P50: =M50-J50 -> 0 | Q50: =O50-L50 -> -0.13761468 | R50: =O50/L50 -> 0.99847095 | T50: 0.33541667 | U50: 0.41111111 | V50: =(T50-U49)*24*60 -> 8 | W50: =(U50-T50)*24*60 -> 109 | AF50: =N50-K50 -> -2.2018349 | AG50: =N50/K50 -> 0.99847095
B51: 義大利麵 | D51: 焗烤起司雙饗筆尖麵 | F51: =VLOOKUP(D51,廠價表!$C$1:$E$41,3,0) -> 49.97 | G51: 2558 | H51: =F51*G51 -> 127823.26 | J51: =VLOOKUP(D51,產線配置圖!$A$3:$C$39,2,0) -> 18 | K51: =VLOOKUP(D51,產線配置圖!$A$3:$C$39,3,0) -> 1600 | L51: =K51/J51 -> 88.888889 | M51: 18 | N51: =G51/W51*60 -> 1598.75 | O51: =N51/M51 -> 88.819444 | P51: =M51-J51 -> 0 | Q51: =O51-L51 -> -0.069444444 | R51: =O51/L51 -> 0.99921875 | T51: 0.41805556 | U51: 0.48472222 | V51: =(T51-U50)*24*60 -> 10 | W51: =(U51-T51)*24*60 -> 96 | AF51: =N51-K51 -> -1.25 | AG51: =N51/K51 -> 0.99921875
B52: 義大利麵 | D52: 焗烤起司雙饗筆尖麵 | F52: =VLOOKUP(D52,廠價表!$C$1:$E$41,3,0) -> 49.97 | G52: 3080 | H52: =F52*G52 -> 153907.6 | J52: =VLOOKUP(D52,產線配置圖!$A$3:$C$39,2,0) -> 18 | K52: =VLOOKUP(D52,產線配置圖!$A$3:$C$39,3,0) -> 1600 | L52: =K52/J52 -> 88.888889 | M52: 18 | N52: =G52/W52*60 -> 1400 | O52: =N52/M52 -> 77.777778 | P52: =M52-J52 -> 0 | Q52: =O52-L52 -> -11.111111 | R52: =O52/L52 -> 0.875 | T52: 0.54513889 | U52: 0.63680556 | V52: =(T52-U51)*24*60 -> 87 | W52: =(U52-T52)*24*60 -> 132 | X52: 0.48611111 | Y52: 0.52777778 | AF52: =N52-K52 -> -200 | AG52: =N52/K52 -> 0.875
W53: =(U53-T53)*24*60 -> 0 | AF53: =N53-K53 -> 0 | AG53: =N53/K53 -> #DIV/0!
W54: =(U54-T54)*24*60 -> 0
W55: =(U55-T55)*24*60 -> 0
W56: =(U56-T56)*24*60 -> 0
W57: =(U57-T57)*24*60 -> 0
C58: 4度二組C2 | D58: 平均 | J58: =AVERAGE(J49:J57) -> 17.5 | K58: =AVERAGE(K49:K57) -> 1551.25 | L58: =AVERAGE(L49:L57) -> 88.680556 | M58: =AVERAGE(M49:M57) -> 17.5 | N58: =AVERAGE(N49:N57) -> 1469.6825 | O58: =AVERAGE(O49:O57) -> 84.145205 | P58: =M58-J58 -> 0 | Q58: =N58-K58 -> -81.567504 | R58: =O58/L58 -> 0.94885744 | Z58: =SUM(Z49:Z57) -> 1 | AA58: =SUM(AA49:AA57) -> 18 | AD58: =SUM(AD49:AD57) -> 0 | AE58: =SUM(AE49:AE57) -> 0 | AF58: =N58-K58 -> -81.567504 | AG58: =N58/K58 -> 0.94741821
A59: 調理包一線 (八爪機) | B59: 小吃、微波 | D59: 小滷青蔬 | F59: =VLOOKUP(D59,廠價表!$C$1:$E$41,3,0) -> 26.99 | G59: 3776 | H59: =F59*G59 -> 101914.24 | J59: =VLOOKUP(D59,產線配置圖!$A$3:$C$39,2,0) -> 13 | K59: =VLOOKUP(D59,產線配置圖!$A$3:$C$39,3,0) -> 1565 | L59: =K59/J59 -> 120.38462 | M59: 13 | N59: =G59/W59*60 -> 1551.7808 | O59: =N59/M59 -> 119.36776 | P59: =M59-J59 -> 0 | Q59: =O59-L59 -> -1.0168599 | R59: =O59/L59 -> 0.99155324 | S59: =R69 -> 0.91560033 | T59: 0.29166667 | U59: 0.39305556 | W59: =(U59-T59)*24*60 -> 146 | AF59: =N59-K59 -> -13.219178 | AG59: =N59/K59 -> 0.99155324 | AH59: =AG69 -> 0.91706096
B60: 小吃、微波 | D60: 起司馬鈴薯 | F60: =VLOOKUP(D60,廠價表!$C$1:$E$41,3,0) -> 28.26 | G60: 1683 | H60: =F60*G60 -> 47561.58 | J60: =VLOOKUP(D60,產線配置圖!$A$3:$C$39,2,0) -> 12 | K60: =VLOOKUP(D60,產線配置圖!$A$3:$C$39,3,0) -> 1565 | L60: =K60/J60 -> 130.41667 | M60: 12 | N60: =G60/W60*60 -> 1553.5385 | O60: =N60/M60 -> 129.46154 | P60: =M60-J60 -> 0 | Q60: =O60-L60 -> -0.95512821 | R60: =O60/L60 -> 0.99267633 | T60: 0.40277778 | U60: 0.44791667 | V60: =(T60-U59)*24*60 -> 14 | W60: =(U60-T60)*24*60 -> 65 | AF60: =N60-K60 -> -11.461538 | AG60: =N60/K60 -> 0.99267633
B61: 小吃、微波 | D61: 三杯菇菇米血 | F61: =VLOOKUP(D61,廠價表!$C$1:$E$41,3,0) -> 28.26 | G61: 1198 | H61: =F61*G61 -> 33855.48 | J61: =VLOOKUP(D61,產線配置圖!$A$3:$C$39,2,0) -> 12 | K61: =VLOOKUP(D61,產線配置圖!$A$3:$C$39,3,0) -> 1565 | L61: =K61/J61 -> 130.41667 | M61: 12 | N61: =G61/W61*60 -> 1437.6 | O61: =N61/M61 -> 119.8 | P61: =M61-J61 -> 0 | Q61: =O61-L61 -> -10.616667 | R61: =O61/L61 -> 0.91859425 | T61: 0.45833333 | U61: 0.49305556 | V61: =(T61-U60)*24*60 -> 15 | W61: =(U61-T61)*24*60 -> 50 | AF61: =N61-K61 -> -127.4 | AG61: =N61/K61 -> 0.91859425
B62: 小吃、微波 | D62: 三杯菇菇米血 | F62: =VLOOKUP(D62,廠價表!$C$1:$E$41,3,0) -> 28.26 | G62: 1697 | H62: =F62*G62 -> 47957.22 | J62: =VLOOKUP(D62,產線配置圖!$A$3:$C$39,2,0) -> 12 | K62: =VLOOKUP(D62,產線配置圖!$A$3:$C$39,3,0) -> 1565 | L62: =K62/J62 -> 130.41667 | M62: 12 | N62: =G62/W62*60 -> 1197.8824 | O62: =N62/M62 -> 99.823529 | P62: =M62-J62 -> 0 | Q62: =O62-L62 -> -30.593137 | R62: =O62/L62 -> 0.76542003 | T62: 0.55902778 | U62: 0.61805556 | V62: =(T62-U61)*24*60 -> 95 | W62: =(U62-T62)*24*60 -> 85 | X62: 0.50347222 | Y62: 0.54513889 | Z62: 1 | AA62: 5 | AB62: 充填機異常 | AF62: =N62-K62 -> -367.11765 | AG62: =N62/K62 -> 0.76542003
W63: =(U63-T63)*24*60 -> 0
W64: =(U64-T64)*24*60 -> 0
W65: =(U65-T65)*24*60 -> 0
W66: =(U66-T66)*24*60 -> 0
W67: =(U67-T67)*24*60 -> 0
H68: =F68*G68 -> 0 | W68: =(U68-T68)*24*60 -> 0
C69: 4度三組 | D69: 平均 | J69: =AVERAGE(J59:J68) -> 12.25 | K69: =AVERAGE(K59:K68) -> 1565 | L69: =AVERAGE(L59:L68) -> 127.90865 | M69: =AVERAGE(M59:M68) -> 12.25 | N69: =AVERAGE(N59:N68) -> 1435.2004 | O69: =AVERAGE(O59:O68) -> 117.11321 | P69: =M69-J69 -> 0 | Q69: =N69-K69 -> -129.79959 | R69: =O69/L69 -> 0.91560033 | Z69: =SUM(Z59:Z68) -> 1 | AA69: =SUM(AA59:AA68) -> 5 | AD69: =SUM(AD59:AD68) -> 0 | AE69: =SUM(AE59:AE68) -> 0 | AF69: =N69-K69 -> -129.79959 | AG69: =N69/K69 -> 0.91706096
A70: 調理包二線 (手工) | B70: 義大利麵 | D70: 焗烤起司肉醬筆尖麵 | F70: =VLOOKUP(D70,廠價表!$C$1:$E$41,3,0) -> 50.67 | G70: 2152 | H70: =F70*G70 -> 109041.84 | J70: =VLOOKUP(D70,產線配置圖!$A$3:$C$39,2,0) -> 10 | K70: =VLOOKUP(D70,產線配置圖!$A$3:$C$39,3,0) -> 1125 | L70: =K70/J70 -> 112.5 | M70: 8 | N70: =G70/W70*60 -> 589.58904 | O70: =N70/M70 -> 73.69863 | P70: =M70-J70 -> -2 | Q70: =O70-L70 -> -38.80137 | R70: =O70/L70 -> 0.65509893 | S70: =R79 -> 1.1704253 | T70: 0.36458333 | U70: 0.51666667 | W70: =(U70-T70)*24*60 -> 219 | AB70: 封口機異常(收籃先推去冰箱)，實際製作份數為3318 | AF70: =N70-K70 -> -535.41096 | AG70: =N70/K70 -> 0.52407915 | AH70: =AG79 -> 0.51490232
B71: 義大利麵 | D71: 焗烤起司肉醬筆尖麵 | F71: =VLOOKUP(D71,廠價表!$C$1:$E$41,3,0) -> 50.67 | G71: 806 | H71: =F71*G71 -> 40840.02 | J71: =VLOOKUP(D71,產線配置圖!$A$3:$C$39,2,0) -> 10 | K71: =VLOOKUP(D71,產線配置圖!$A$3:$C$39,3,0) -> 1125 | L71: =K71/J71 -> 112.5 | M71: 3 | N71: =G71/W71*60 -> 568.94118 | O71: =N71/M71 -> 189.64706 | P71: =M71-J71 -> -7 | Q71: =O71-L71 -> 77.147059 | R71: =O71/L71 -> 1.6857516 | T71: 0.65972222 | U71: 0.71875 | W71: =(U71-T71)*24*60 -> 85 | AB71: 補封膜 | AF71: -300.3125 | AG71: 0.80810703
W72: =(U72-T72)*24*60 -> 0 | AF72: -130.33333 | AG72: 0.91671991
W73: =(U73-T73)*24*60 -> 0
W74: =(U74-T74)*24*60 -> 0
H75: =F75*G75 -> 0 | W75: =(U75-T75)*24*60 -> 0
H76: =F76*G76 -> 0 | W76: =(U76-T76)*24*60 -> 0
H77: =F77*G77 -> 0 | W77: =(U77-T77)*24*60 -> 0
H78: =F78*G78 -> 0 | W78: =(U78-T78)*24*60 -> 0
C79: 4度四組 | D79: 平均 | J79: =AVERAGE(J70:J78) -> 10 | K79: =AVERAGE(K70:K78) -> 1125 | L79: =AVERAGE(L70:L78) -> 112.5 | M79: =AVERAGE(M70:M78) -> 5.5 | N79: =AVERAGE(N70:N78) -> 579.26511 | O79: =AVERAGE(O70:O78) -> 131.67284 | P79: =M79-J79 -> -4.5 | Q79: =N79-K79 -> -545.73489 | R79: =O79/L79 -> 1.1704253 | Z79: =SUM(Z70:Z78) -> 0 | AA79: =SUM(AA70:AA78) -> 0 | AD79: =SUM(AD70:AD78) -> 0 | AE79: =SUM(AE70:AE78) -> 0 | AF79: =N79-K79 -> -545.73489 | AG79: =N79/K79 -> 0.51490232
AJ80: 1.當日出勤人數較多
AJ81: 2.當日出勤人數較少
AJ82: 3.當日出勤熟手較少
AJ83: 4.當日出勤新人較多
AJ84: 5.機台夾盒
AJ85: 6.封膜不順
AJ86: 7.更換膠膜
AJ87: 8.更換碳帶
AJ88: 9.當日熱轉印碳帶異常
AJ89: 10.訂單量過少
AJ90: 11.新品上市，尚未熟悉
AJ91: 12.商品結構，產能較低
AJ92: 13.區域出貨，分段生產

Sheet 0203總
B1: 長家廠組合室生產人時性分析
B3: 日期 | D3: 46056 | F3: 訂單量 | G3: ='0203'!E1 -> 58371 | I3: 營業額 | J3: ='0203'!G1 -> 2797918.5
B4: 項目 | D4: 3 | F4: ➀ | H4: ➁ | J4: ③ | L4: 異常停線 | N4: 短暫停線
B5: 人時性 | D5: 組合室 | F5: 全溫層 | H5: 義大利麵 | J5: 袋裝小吃、義麵 | L5: 合計次數 | M5: 時間 | N5: 合計次數 | O5: 設備次數
D6: 排關平均 | F6: =AVERAGE(D13:J13) -> 118.18497 | H6: =AVERAGE(D13:H13,J13) -> 116.56436 | J6: =AVERAGE(I13) -> 127.90865 | L6: =SUM(D18:J18) -> 2 | M6: =SUM(D19:J19) -> 10 | N6: =SUM(D20:J20) -> 11 | O6: =SUM(D20:J20) -> 11
D7: 實績平均 | F7: =AVERAGE(D14:J14) -> 107.0513 | H7: =AVERAGE(D14:H14,J14) -> 106.18528 | J7: =AVERAGE(I14) -> 112.24741 | L7: =AVERAGE(K14:L14) -> #DIV/0! | M7: =AVERAGE(L14:M14) -> #DIV/0! | N7: =AVERAGE(M14:N14) -> #DIV/0! | O7: =AVERAGE(N14:O14) -> #DIV/0!
D8: 達成率平均 | F8: =F7/F6 -> 0.90579449 | H8: =H7/H6 -> 0.91095837 | J8: =J7/J6 -> 0.87755917 | L8: =AVERAGE(K15:L15) -> #DIV/0! | M8: =AVERAGE(L15:M15) -> #DIV/0! | N8: =AVERAGE(M15:N15) -> #DIV/0! | O8: =AVERAGE(N15:O15) -> #DIV/0!
J9: ※現行日本鮮食廠以達成率80%為基本(即為現行KPI)
B10: 溫層 | D10: 4度C-各編組展開
B11: 編組 | D11: 1 | E11: 2 | F11: 3 | G11: 4 | H11: 5 | I11: 6 | J11: 7
D12: 自動1線 | E12: 自動2線 | F12: 手工3線 | G12: 手工4線 | H12: 手工5線 | I12: 調理包1線 | J12: 調理包2線
B13: 人時性 | C13: 排關 | D13: =VALUE('0203'!L15) -> 144.15121 | E13: =VALUE('0203'!L26) -> 176.22727 | F13: =VALUE('0203'!L37) -> 89.282353 | G13: =VALUE('0203'!L48) -> 88.280882 | H13: =VALUE('0203'!L58) -> 88.944444 | I13: =VALUE('0203'!L69) -> 127.90865 | J13: ='0203'!L79 -> 112.5
C14: 實績 | D14: =VALUE('0203'!O15) -> 134.15063 | E14: =VALUE('0203'!O26) -> 156.90349 | F14: =VALUE('0203'!O37) -> 81.02552 | G14: =VALUE('0203'!O48) -> 81.85962 | H14: =VALUE('0203'!O58) -> 86.95423 | I14: =VALUE('0203'!O69) -> 112.24741 | J14: ='0203'!O79 -> 96.218182
C15: 達成率 | D15: =D14/D13 -> 0.93062443 | E15: =E14/E13 -> 0.89034736 | F15: =F14/F13 -> 0.90751999 | G15: =G14/G13 -> 0.92726328 | H15: =H14/H13 -> 0.97762407 | I15: =I14/I13 -> 0.87755917 | J15: ='0203'!S70 -> 0.85527273
B16: 作業 時間 | C16: 開始 | D16: ='0203'!T5 -> 0.31597222 | E16: ='0203'!T16 -> 0.29027778 | F16: ='0203'!T27 -> 0.29166667 | G16: ='0203'!T38 -> 0.33333333 | H16: ='0203'!T49 -> 0.29027778 | I16: ='0203'!T59 -> 0.29166667 | J16: ='0203'!T70 -> 0.37152778
C17: 結束 | D17: 0.68472222 | E17: 0.68055556 | F17: 0.60416667 | G17: 0.68888889 | H17: 0.62777778 | I17: 0.61111111 | J17: 0.48611111
B18: 產線異常 (5分鐘以上) | C18: 次數 | D18: ='0203'!Z15 -> 0 | E18: ='0203'!Z26 -> 0 | F18: ='0203'!Z37 -> 0 | G18: ='0203'!Z48 -> 0 | H18: ='0203'!Z58 -> 2 | I18: ='0203'!Z69 -> 0 | J18: ='0203'!AA79 -> 0
C19: 時間/分 | D19: ='0203'!AA15 -> 0 | E19: ='0203'!AA26 -> 0 | F19: ='0203'!AA37 -> 0 | G19: ='0203'!AA48 -> 0 | H19: ='0203'!AA58 -> 10 | I19: ='0203'!AA69 -> 0 | J19: ='0203'!AB79 -> 0
B20: 短暫停線 (5分鐘以下) | C20: 次數 | D20: ='0203'!AD15 -> 0 | E20: ='0203'!AD26 -> 11 | F20: ='0203'!AD37 -> 0 | G20: ='0203'!AD48 -> 0 | H20: ='0203'!AD58 -> 0 | I20: ='0203'!AD69 -> 0 | J20: ='0203'!AD79 -> 0
C21: 設備次數 | D21: ='0203'!AE15 -> 0 | E21: ='0203'!AE26 -> 11 | F21: ='0203'!AE37 -> 0 | G21: ='0203'!AE48 -> 0 | H21: ='0203'!AE58 -> 0 | I21: ='0203'!AE69 -> 0 | J21: ='0203'!AE79 -> 0
B22: 配置人數 | D22: =VALUE('0203'!M15) -> 14 | E22: =VALUE('0203'!M26) -> 11.6 | F22: =VALUE('0203'!M37) -> 15 | G22: =VALUE('0203'!M48) -> 15.4 | H22: =VALUE('0203'!M58) -> 17.2 | I22: =VALUE('0203'!M69) -> 12.25 | J22: ='0203'!M79 -> 10
B23: 主要應用設備 | D23: ET-600 | E23: ET-600 | F23: ET-55 | G23: ET-55 | H23: ET-55 | I23: 八爪機 | J23: 八爪機
B24: 次要應用設備 | H24: 封口機 | J24: 封口機
B25: 備註

Sheet 0203
A1: 長家廠4度C日報分析 | D1: 總生產量 | E1: =SUM(G5:G79) -> 58371 | F1: 營業額 | G1: =SUM(H5:H79) -> 2797918.5 | H1: 出勤人數 | I1: =M15+M26+M48+M58+M69+M79+M37 -> 95.45 | J1: 產線配置圖 | M1: 生產實績 | P1: 人時性差異分析 | T1: 日報登錄 | Z1: 合計 次數 | AA1: 合計 時間/分 | AB1: 分析說明 | AD1: 合計 次數 | AE1: 合計 設備次數 | AF1: 產能差異分析
A2: 02月03日 星期二 | D2: 人時性 | E2: =AVERAGE(O15,O26,O37,O48,O58,O69,O79) -> 107.0513 | F2: 平均廠價 | G2: =G1/E1 -> 47.933367 | H2: 多次生產數 | I2: =COUNT(I5:I79) -> 0 | Z2: =Z15+Z26+Z37+Z48+Z58+Z69+Z79 -> 2 | AA2: =AA15+AA26+AA37+AA48+AA58+AA69+AA79 -> 10 | AD2: =AD15+AD26+AD37+AD48+AD58+AD69+AD79 -> 11 | AE2: =AE15+AE26+AE37+AE48+AE58+AE69+AE79 -> 11
A3: 線別 | B3: 品類 | D3: 品名 | F3: 廠價 | G3: 生產量 | H3: 營收 | I3: 多次 生產 | J3: 人數 | K3: 產能/時 | L3: 人時性 | M3: 人數 | N3: 產能/時 | O3: 人時性 | P3: 人數 | Q3: 人時性 | R3: 達成率 | S3: 達成率平均 | T3: 生產時間 | V3: 前置、換線時間/分 | W3: 稼動時間/分 | X3: 休息時間 | Z3: 產線異常統計 (5分鐘以上) | AD3: 短暫停線統計 (5分鐘以下) | AF3: 產能/時 | AG3: 達成率 | AH3: 達成率平均
T4: 開始 | U4: 結束 | X4: 開始 | Y4: 結束 | Z4: 次數 | AA4: 時間/分 | AD4: 總次數 | AE4: 設備因素(次數)
A5: 自動一線 (ET-600) | B5: 義大利麵 | D5: 韓式起司炸雞義大利麵 | F5: =VLOOKUP(D5,廠價表!$C$1:$E$41,3,0) -> 57.21 | G5: 1439 | H5: =F5*G5 -> 82325.19 | J5: =VLOOKUP(D5,產線配置圖!$A$3:$C$39,2,0) -> 17 | K5: =VLOOKUP(D5,產線配置圖!$A$3:$C$39,3,0) -> 2000 | L5: =K5/J5 -> 117.64706 | M5: 17 | N5: =G5/W5*60 -> 1660.3846 | O5: =N5/M5 -> 97.669683 | P5: =M5-J5 -> 0 | Q5: =O5-L5 -> -19.977376 | R5: =O5/L5 -> 0.83019231 | S5: =R15 -> 0.93062443 | T5: 0.31597222 | U5: 0.35208333 | W5: =(U5-T5)*24*60 -> 52 | AF5: =N5-K5 -> -339.61538 | AG5: =N5/K5 -> 0.83019231 | AH5: =AG15 -> 0.9266961
B6: 義大利麵 | D6: 辣味香菜雞肉義大利麵 | F6: =VLOOKUP(D6,廠價表!$C$1:$E$41,3,0) -> 56.28 | G6: 2036 | H6: =F6*G6 -> 114586.08 | J6: =VLOOKUP(D6,產線配置圖!$A$3:$C$39,2,0) -> 15 | K6: =VLOOKUP(D6,產線配置圖!$A$3:$C$39,3,0) -> 1800 | L6: =K6/J6 -> 120 | M6: 15 | N6: =G6/W6*60 -> 1745.1429 | O6: =N6/M6 -> 116.34286 | P6: =M6-J6 -> 0 | Q6: =O6-L6 -> -3.6571429 | R6: =O6/L6 -> 0.96952381 | T6: 0.36111111 | U6: 0.40972222 | V6: =(T6-U5)*24*60 -> 13 | W6: =(U6-T6)*24*60 -> 70 | AF6: =N6-K6 -> -54.857143 | AG6: =N6/K6 -> 0.96952381
B7: 義大利麵 | D7: 奶油培根義大利麵 | F7: =VLOOKUP(D7,廠價表!$C$1:$E$41,3,0) -> 49.14 | G7: 2401 | H7: =F7*G7 -> 117985.14 | J7: =VLOOKUP(D7,產線配置圖!$A$3:$C$39,2,0) -> 13 | K7: =VLOOKUP(D7,產線配置圖!$A$3:$C$39,3,0) -> 2000 | L7: =K7/J7 -> 153.84615 | M7: 13 | N7: =G7/W7*60 -> 1973.4247 | O7: =N7/M7 -> 151.8019 | P7: =M7-J7 -> 0 | Q7: =O7-L7 -> -2.0442571 | R7: =O7/L7 -> 0.98671233 | T7: 0.425 | U7: 0.47569444 | V7: =(T7-U6)*24*60 -> 22 | W7: =(U7-T7)*24*60 -> 73 | AF7: =N7-K7 -> -26.575342 | AG7: =N7/K7 -> 0.98671233
B8: 義大利麵 | D8: 奶油培根義大利麵 | F8: =VLOOKUP(D8,廠價表!$C$1:$E$41,3,0) -> 49.14 | G8: 3445 | H8: =F8*G8 -> 169287.3 | J8: =VLOOKUP(D8,產線配置圖!$A$3:$C$39,2,0) -> 13 | K8: =VLOOKUP(D8,產線配置圖!$A$3:$C$39,3,0) -> 2000 | L8: =K8/J8 -> 153.84615 | M8: 13 | N8: =G8/W8*60 -> 1829.2035 | O8: =N8/M8 -> 140.70796 | P8: =M8-J8 -> 0 | Q8: =O8-L8 -> -13.138189 | R8: =O8/L8 -> 0.91460177 | T8: 0.55069444 | U8: 0.62916667 | V8: =(T8-U7)*24*60 -> 108 | W8: =(U8-T8)*24*60 -> 113 | X8: 0.48611111 | Y8: 0.52777778 | AF8: =N8-K8 -> -170.79646 | AG8: =N8/K8 -> 0.91460177
B9: 義大利麵 | D9: 白酒蛤蜊義大利麵 | F9: =VLOOKUP(D9,廠價表!$C$1:$E$41,3,0) -> 57.21 | G9: 1708 | H9: =F9*G9 -> 97714.68 | J9: =VLOOKUP(D9,產線配置圖!$A$3:$C$39,2,0) -> 12 | K9: =VLOOKUP(D9,產線配置圖!$A$3:$C$39,3,0) -> 2105 | L9: =K9/J9 -> 175.41667 | M9: 12 | N9: =G9/W9*60 -> 1970.7692 | O9: =N9/M9 -> 164.23077 | P9: =M9-J9 -> 0 | Q9: =O9-L9 -> -11.185897 | R9: =O9/L9 -> 0.93623241 | T9: 0.64861111 | U9: 0.68472222 | V9: =(T9-U8)*24*60 -> 28 | W9: =(U9-T9)*24*60 -> 52 | AF9: =N9-K9 -> -134.23077 | AG9: =N9/K9 -> 0.93623241
W10: =(U10-T10)*24*60 -> 0
W11: =(U11-T11)*24*60 -> 0
W12: =(U12-T12)*24*60 -> 0
W13: =(U13-T13)*24*60 -> 0
W14: =(U14-T14)*24*60 -> 0
C15: 4度一組 | D15: 平均 | J15: =AVERAGE(J5:J14) -> 14 | K15: =AVERAGE(K5:K14) -> 1981 | L15: =AVERAGE(L5:L14) -> 144.15121 | M15: =AVERAGE(M5:M14) -> 14 | N15: =AVERAGE(N5:N14) -> 1835.785 | O15: =AVERAGE(O5:O14) -> 134.15063 | P15: =M15-J15 -> 0 | Q15: =O15-L15 -> -10.000572 | R15: =O15/L15 -> 0.93062443 | Z15: =SUM(Z5:Z14) -> 0 | AA15: =SUM(AA5:AA14) -> 0 | AD15: =SUM(AD5:AD14) -> 0 | AE15: =SUM(AE5:AE14) -> 0 | AF15: =N15-K15 -> -145.21502 | AG15: =N15/K15 -> 0.9266961
A16: 自動二線 (ET-600) | B16: 義大利麵 | D16: 白酒蛤蜊義大利麵 | F16: =VLOOKUP(D16,廠價表!$C$1:$E$41,3,0) -> 57.21 | G16: 2203 | H16: =F16*G16 -> 126033.63 | J16: =VLOOKUP(D16,產線配置圖!$A$3:$C$39,2,0) -> 12 | K16: =VLOOKUP(D16,產線配置圖!$A$3:$C$39,3,0) -> 2105 | L16: =K16/J16 -> 175.41667 | M16: 12 | N16: =G16/W16*60 -> 1915.6522 | O16: =N16/M16 -> 159.63768 | P16: =M16-J16 -> 0 | Q16: =O16-L16 -> -15.778986 | R16: =O16/L16 -> 0.91004854 | S16: =R26 -> 0.89034736 | T16: 0.29027778 | U16: 0.33819444 | W16: =(U16-T16)*24*60 -> 69 | AB16: 熱轉印鬆脫 | AD16: 1 | AE16: 1 | AF16: =N16-K16 -> -189.34783 | AG16: =N16/K16 -> 0.91004854 | AH16: =AG26 -> 0.89092733
B17: 義大利麵 | D17: 青醬蛤蜊義大利麵 | F17: =VLOOKUP(D17,廠價表!$C$1:$E$41,3,0) -> 50.67 | G17: 3651 | H17: =F17*G17 -> 184996.17 | J17: =VLOOKUP(D17,產線配置圖!$A$3:$C$39,2,0) -> 12 | K17: =VLOOKUP(D17,產線配置圖!$A$3:$C$39,3,0) -> 2000 | L17: =K17/J17 -> 166.66667 | M17: 12 | N17: =G17/W17*60 -> 1795.5738 | O17: =N17/M17 -> 149.63115 | P17: =M17-J17 -> 0 | Q17: =O17-L17 -> -17.035519 | R17: =O17/L17 -> 0.89778689 | T17: 0.34444444 | U17: 0.42916667 | V17: =(T17-U16)*24*60 -> 9 | W17: =(U17-T17)*24*60 -> 122 | AB17: 玉取機停麵 | AD17: 10 | AE17: 10 | AF17: =N17-K17 -> -204.42623 | AG17: =N17/K17 -> 0.89778689
B18: 義大利麵 | D18: 義式蕃茄起司義大利麵 | F18: =VLOOKUP(D18,廠價表!$C$1:$E$41,3,0) -> 50.39 | G18: 1825 | H18: =F18*G18 -> 91961.75 | J18: =VLOOKUP(D18,產線配置圖!$A$3:$C$39,2,0) -> 11 | K18: =VLOOKUP(D18,產線配置圖!$A$3:$C$39,3,0) -> 2000 | L18: =K18/J18 -> 181.81818 | M18: 11 | N18: =G18/W18*60 -> 1887.931 | O18: =N18/M18 -> 171.63009 | P18: =M18-J18 -> 0 | Q18: =O18-L18 -> -10.188088 | R18: =O18/L18 -> 0.94396552 | T18: 0.4375 | U18: 0.47777778 | V18: =(T18-U17)*24*60 -> 12 | W18: =(U18-T18)*24*60 -> 58 | AF18: =N18-K18 -> -112.06897 | AG18: =N18/K18 -> 0.94396552
B19: 義大利麵 | D19: 義式蕃茄起司義大利麵 | F19: =VLOOKUP(D19,廠價表!$C$1:$E$41,3,0) -> 50.39 | G19: 3994 | H19: =F19*G19 -> 201257.66 | J19: =VLOOKUP(D19,產線配置圖!$A$3:$C$39,2,0) -> 11 | K19: =VLOOKUP(D19,產線配置圖!$A$3:$C$39,3,0) -> 2000 | L19: =K19/J19 -> 181.81818 | M19: 11 | N19: =G19/W19*60 -> 1608.3221 | O19: =N19/M19 -> 146.2111 | P19: =M19-J19 -> 0 | Q19: =O19-L19 -> -35.607077 | R19: =O19/L19 -> 0.80416107 | T19: 0.55 | U19: 0.65347222 | V19: =(T19-U18)*24*60 -> 104 | W19: =(U19-T19)*24*60 -> 149 | X19: 0.48611111 | Y19: 0.52777778 | AF19: =N19-K19 -> -391.67785 | AG19: =N19/K19 -> 0.80416107
B20: 義大利麵 | D20: 白酒蛤蜊義大利麵 | F20: =VLOOKUP(D20,廠價表!$C$1:$E$41,3,0) -> 57.21 | G20: 850 | H20: =F20*G20 -> 48628.5 | J20: =VLOOKUP(D20,產線配置圖!$A$3:$C$39,2,0) -> 12 | K20: =VLOOKUP(D20,產線配置圖!$A$3:$C$39,3,0) -> 2105 | L20: =K20/J20 -> 175.41667 | M20: 12 | N20: =G20/W20*60 -> 1888.8889 | O20: =N20/M20 -> 157.40741 | P20: =M20-J20 -> 0 | Q20: =O20-L20 -> -18.009259 | R20: =O20/L20 -> 0.89733439 | T20: 0.66180556 | U20: 0.68055556 | V20: =(T20-U19)*24*60 -> 12 | W20: =(U20-T20)*24*60 -> 27 | AF20: =N20-K20 -> -216.11111 | AG20: =N20/K20 -> 0.89733439
W21: =(U21-T21)*24*60 -> 0
W22: =(U22-T22)*24*60 -> 0
W23: =(U23-T23)*24*60 -> 0
H24: =F24*G24 -> 0 | W24: =(U24-T24)*24*60 -> 0
H25: =F25*G25 -> 0 | W25: =(U25-T25)*24*60 -> 0
C26: 4度二組A | D26: 平均 | J26: =AVERAGE(J16:J25) -> 11.6 | K26: =AVERAGE(K16:K25) -> 2042 | L26: =AVERAGE(L16:L25) -> 176.22727 | M26: =AVERAGE(M16:M25) -> 11.6 | N26: =AVERAGE(N16:N25) -> 1819.2736 | O26: =AVERAGE(O16:O25) -> 156.90349 | P26: =M26-J26 -> 0 | Q26: =O26-L26 -> -19.323786 | R26: =O26/L26 -> 0.89034736 | Z26: =SUM(Z16:Z25) -> 0 | AA26: =SUM(AA16:AA25) -> 0 | AD26: =SUM(AD16:AD25) -> 11 | AE26: =SUM(AE16:AE25) -> 11 | AF26: =N26-K26 -> -222.7264 | AG26: =N26/K26 -> 0.89092733
A27: 手工三線 (ET-55) | B27: 義大利麵 | D27: 惡魔乳酪生義大利麵 | F27: =VLOOKUP(D27,廠價表!$C$1:$E$41,3,0) -> 57.3 | G27: 1888 | H27: =F27*G27 -> 108182.4 | J27: =VLOOKUP(D27,產線配置圖!$A$3:$C$39,2,0) -> 17 | K27: =VLOOKUP(D27,產線配置圖!$A$3:$C$39,3,0) -> 1500 | L27: =K27/J27 -> 88.235294 | M27: 17 | N27: =G27/W27*60 -> 1490.5263 | O27: =N27/M27 -> 87.678019 | P27: =M27-J27 -> 0 | Q27: =O27-L27 -> -0.55727554 | R27: =O27/L27 -> 0.99368421 | S27: =R37 -> 0.90751999 | T27: 0.29166667 | U27: 0.34444444 | W27: =(U27-T27)*24*60 -> 76 | AF27: =N27-K27 -> -9.4736842 | AG27: =N27/K27 -> 0.99368421 | AH27: =AG37 -> 0.84452747
B28: 義大利麵 | D28: 奶油蒜香雞義大利麵 | F28: =VLOOKUP(D28,廠價表!$C$1:$E$41,3,0) -> 55.13 | G28: 1589 | H28: =F28*G28 -> 87601.57 | J28: =VLOOKUP(D28,產線配置圖!$A$3:$C$39,2,0) -> 17 | K28: =VLOOKUP(D28,產線配置圖!$A$3:$C$39,3,0) -> 1385 | L28: =K28/J28 -> 81.470588 | M28: 14 | N28: =G28/W28*60 -> 1121.6471 | O28: =N28/M28 -> 80.117647 | P28: =M28-J28 -> -3 | Q28: =O28-L28 -> -1.3529412 | R28: =O28/L28 -> 0.9833935 | T28: 0.35138889 | U28: 0.41041667 | V28: =(T28-U27)*24*60 -> 10 | W28: =(U28-T28)*24*60 -> 85 | AF28: =N28-K28 -> -263.35294 | AG28: =N28/K28 -> 0.80985347
B29: 熱乾麵 | D29: 沙茶豬肉炒麵 | F29: =VLOOKUP(D29,廠價表!$C$1:$E$41,3,0) -> 49.52 | G29: 1232 | H29: =F29*G29 -> 61008.64 | J29: =VLOOKUP(D29,產線配置圖!$A$3:$C$39,2,0) -> 15 | K29: =VLOOKUP(D29,產線配置圖!$A$3:$C$39,3,0) -> 1440 | L29: =K29/J29 -> 96 | M29: 14 | N29: =G29/W29*60 -> 1155 | O29: =N29/M29 -> 82.5 | P29: =M29-J29 -> -1 | Q29: =O29-L29 -> -13.5 | R29: =O29/L29 -> 0.859375 | T29: 0.41527778 | U29: 0.45972222 | V29: =(T29-U28)*24*60 -> 7 | W29: =(U29-T29)*24*60 -> 64 | AF29: =N29-K29 -> -285 | AG29: =N29/K29 -> 0.80208333
B30: 熱乾麵 | D30: 府城鹽水意麵 | F30: =VLOOKUP(D30,廠價表!$C$1:$E$41,3,0) -> 44.3 | G30: 1000 | H30: =F30*G30 -> 44300 | J30: =VLOOKUP(D30,產線配置圖!$A$3:$C$39,2,0) -> 17 | K30: =VLOOKUP(D30,產線配置圖!$A$3:$C$39,3,0) -> 1440 | L30: =K30/J30 -> 84.705882 | M30: 16 | N30: =G30/W30*60 -> 1200 | O30: =N30/M30 -> 75 | P30: =M30-J30 -> -1 | Q30: =O30-L30 -> -9.7058824 | R30: =O30/L30 -> 0.88541667 | T30: 0.52430556 | U30: 0.55902778 | V30: =(T30-U29)*24*60 -> 93 | W30: =(U30-T30)*24*60 -> 50 | X30: 0.47916667 | Y30: 0.52083333 | AF30: =N30-K30 -> -240 | AG30: =N30/K30 -> 0.83333333
B31: 熱乾麵 | D31: 沙茶豬肉炒麵 | F31: =VLOOKUP(D31,廠價表!$C$1:$E$41,3,0) -> 49.52 | G31: 950 | H31: =F31*G31 -> 47044 | J31: 15 | K31: =VLOOKUP(D31,產線配置圖!$A$3:$C$39,3,0) -> 1440 | L31: =K31/J31 -> 96 | M31: 14 | N31: =G31/W31*60 -> 1117.6471 | O31: =N31/M31 -> 79.831933 | P31: =M31-J31 -> -1 | Q31: =O31-L31 -> -16.168067 | R31: =O31/L31 -> 0.83158263 | T31: 0.56527778 | U31: 0.60069444 | V31: =(T31-U30)*24*60 -> 9 | W31: =(U31-T31)*24*60 -> 51 | AF31: =N31-K31 -> -322.35294 | AG31: =N31/K31 -> 0.77614379
W32: =(U32-T32)*24*60 -> 0
W33: =(U33-T33)*24*60 -> 0
W34: =(U34-T34)*24*60 -> 0
W35: =(U35-T35)*24*60 -> 0
H36: =F36*G36 -> 0 | W36: =(U36-T36)*24*60 -> 0
C37: 4度二組B | D37: 平均 | J37: =AVERAGE(J27:J36) -> 16.2 | K37: =AVERAGE(K27:K36) -> 1441 | L37: =AVERAGE(L27:L36) -> 89.282353 | M37: =AVERAGE(M27:M36) -> 15 | N37: =AVERAGE(N27:N36) -> 1216.9641 | O37: =AVERAGE(O27:O36) -> 81.02552 | P37: =M37-J37 -> -1.2 | Q37: =N37-K37 -> -224.03591 | R37: =O37/L37 -> 0.90751999 | Z37: =SUM(Z27:Z36) -> 0 | AA37: =SUM(AA27:AA36) -> 0 | AD37: =SUM(AD27:AD36) -> 0 | AE37: =SUM(AE27:AE36) -> 0 | AF37: =N37-K37 -> -224.03591 | AG37: =N37/K37 -> 0.84452747
A38: 手工四線 (ET-55) | B38: 義大利麵 | D38: 濃拿坡里義大利麵 | F38: =VLOOKUP(D38,廠價表!$C$1:$E$41,3,0) -> 56.43 | G38: 1196 | H38: =F38*G38 -> 67490.28 | J38: =VLOOKUP(D38,產線配置圖!$A$3:$C$39,2,0) -> 16 | K38: =VLOOKUP(D38,產線配置圖!$A$3:$C$39,3,0) -> 1406 | L38: =K38/J38 -> 87.875 | M38: 13 | N38: =G38/W38*60 -> 1025.1429 | O38: =N38/M38 -> 78.857143 | P38: =M38-J38 -> -3 | Q38: =O38-L38 -> -9.0178571 | R38: =O38/L38 -> 0.89737858 | S38: =R48 -> 0.92726328 | T38: 0.33333333 | U38: 0.38194444 | W38: =(U38-T38)*24*60 -> 70 | AB38: 09:10-09:20補封膜100盒 | AF38: =N38-K38 -> -380.85714 | AG38: =N38/K38 -> 0.7291201 | AH38: =AG48 -> 0.85071667
B39: 熱乾麵 | D39: 青花椒麻雞肉拌麵 | F39: =VLOOKUP(D39,廠價表!$C$1:$E$41,3,0) -> 49.91 | G39: 1345 | H39: =F39*G39 -> 67128.95 | J39: =VLOOKUP(D39,產線配置圖!$A$3:$C$39,2,0) -> 17 | K39: =VLOOKUP(D39,產線配置圖!$A$3:$C$39,3,0) -> 1565 | L39: =K39/J39 -> 92.058824 | M39: 15 | N39: =G39/W39*60 -> 1301.6129 | O39: =N39/M39 -> 86.774194 | P39: =M39-J39 -> -2 | Q39: =O39-L39 -> -5.28463 | R39: =O39/L39 -> 0.94259507 | T39: 0.39444444 | U39: 0.4375 | V39: =(T39-U38)*24*60 -> 18 | W39: =(U39-T39)*24*60 -> 62 | AF39: =N39-K39 -> -263.3871 | AG39: =N39/K39 -> 0.83170154
B40: 熱乾麵 | D40: 府城鹽水意麵 | F40: =VLOOKUP(D40,廠價表!$C$1:$E$41,3,0) -> 44.3 | G40: 1640 | H40: =F40*G40 -> 72652 | J40: =VLOOKUP(D40,產線配置圖!$A$3:$C$39,2,0) -> 17 | K40: =VLOOKUP(D40,產線配置圖!$A$3:$C$39,3,0) -> 1440 | L40: =K40/J40 -> 84.705882 | M40: 16 | N40: =G40/W40*60 -> 1214.8148 | O40: =N40/M40 -> 75.925926 | P40: =M40-J40 -> -1 | Q40: =O40-L40 -> -8.7799564 | R40: =O40/L40 -> 0.89634774 | T40: 0.44722222 | U40: 0.50347222 | V40: =(T40-U39)*24*60 -> 14 | W40: =(U40-T40)*24*60 -> 81 | AF40: =N40-K40 -> -225.18519 | AG40: =N40/K40 -> 0.8436214
B41: 熱乾麵 | D41: 府城鹽水意麵 | F41: =VLOOKUP(D41,廠價表!$C$1:$E$41,3,0) -> 44.3 | G41: 2886 | H41: =F41*G41 -> 127849.8 | J41: =VLOOKUP(D41,產線配置圖!$A$3:$C$39,2,0) -> 17 | K41: =VLOOKUP(D41,產線配置圖!$A$3:$C$39,3,0) -> 1440 | L41: =K41/J41 -> 84.705882 | M41: 17 | N41: =G41/W41*60 -> 1419.3443 | O41: =N41/M41 -> 83.490839 | P41: =M41-J41 -> 0 | Q41: =O41-L41 -> -1.2150434 | R41: =O41/L41 -> 0.98565574 | T41: 0.56597222 | U41: 0.65069444 | V41: =(T41-U40)*24*60 -> 90 | W41: =(U41-T41)*24*60 -> 122 | X41: 0.51041667 | Y41: 0.55208333 | AF41: =N41-K41 -> -20.655738 | AG41: =N41/K41 -> 0.98565574
B42: 熱乾麵 | D42: 青花椒麻雞肉拌麵 | F42: =VLOOKUP(D42,廠價表!$C$1:$E$41,3,0) -> 49.91 | G42: 1011 | H42: =F42*G42 -> 50459.01 | J42: =VLOOKUP(D42,產線配置圖!$A$3:$C$39,2,0) -> 17 | K42: =VLOOKUP(D42,產線配置圖!$A$3:$C$39,3,0) -> 1565 | L42: =K42/J42 -> 92.058824 | M42: 16 | N42: =G42/W42*60 -> 1348 | O42: =N42/M42 -> 84.25 | P42: =M42-J42 -> -1 | Q42: =O42-L42 -> -7.8088235 | R42: =O42/L42 -> 0.91517572 | T42: 0.65763889 | U42: 0.68888889 | V42: =(T42-U41)*24*60 -> 10 | W42: =(U42-T42)*24*60 -> 45 | AF42: =N42-K42 -> -217 | AG42: =N42/K42 -> 0.86134185
W43: =(U43-T43)*24*60 -> 0
W44: =(U44-T44)*24*60 -> 0
W45: =(U45-T45)*24*60 -> 0
W46: =(U46-T46)*24*60 -> 0
H47: =F47*G47 -> 0 | W47: =(U47-T47)*24*60 -> 0
C48: 4度二組C1 | D48: 平均 | J48: =AVERAGE(J38:J47) -> 16.8 | K48: =AVERAGE(K38:K47) -> 1483.2 | L48: =AVERAGE(L38:L47) -> 88.280882 | M48: =AVERAGE(M38:M47) -> 15.4 | N48: =AVERAGE(N38:N47) -> 1261.783 | O48: =AVERAGE(O38:O47) -> 81.85962 | P48: =M48-J48 -> -1.4 | Q48: =N48-K48 -> -221.41703 | R48: =O48/L48 -> 0.92726328 | W48: =(U48-T48)*24*60 -> 0 | Z48: =SUM(Z38:Z47) -> 0 | AA48: =SUM(AA38:AA47) -> 0 | AD48: =SUM(AD38:AD47) -> 0 | AE48: =SUM(AE38:AE47) -> 0 | AF48: =N48-K48 -> -221.41703 | AG48: =N48/K48 -> 0.85071667
A49: 手工五線 (ET-55) | B49: 義大利麵 | D49: 剝皮辣椒雞奶油扁麵 | F49: =VLOOKUP(D49,廠價表!$C$1:$E$41,3,0) -> 56.87 | G49: 1159 | H49: =F49*G49 -> 65912.33 | J49: =VLOOKUP(D49,產線配置圖!$A$3:$C$39,2,0) -> 18 | K49: =VLOOKUP(D49,產線配置圖!$A$3:$C$39,3,0) -> 1565 | L49: =K49/J49 -> 86.944444 | M49: 18 | N49: =G49/W49*60 -> 1545.3333 | O49: =N49/M49 -> 85.851852 | P49: =M49-J49 -> 0 | Q49: =O49-L49 -> -1.0925926 | R49: =O49/L49 -> 0.98743344 | S49: =R58 -> 0.97762407 | T49: 0.29027778 | U49: 0.32152778 | W49: =(U49-T49)*24*60 -> 45 | Z49: 2 | AA49: 10 | AB49: 熱轉印異常 | AF49: =N49-K49 -> -19.666667 | AG49: =N49/K49 -> 0.98743344 | AH49: =AG58 -> 0.97778614
B50: 義大利麵 | D50: 焗烤起司雙饗筆尖麵 | F50: =VLOOKUP(D50,廠價表!$C$1:$E$41,3,0) -> 49.97 | G50: 3613 | H50: =F50*G50 -> 180541.61 | J50: =VLOOKUP(D50,產線配置圖!$A$3:$C$39,2,0) -> 18 | K50: =VLOOKUP(D50,產線配置圖!$A$3:$C$39,3,0) -> 1600 | L50: =K50/J50 -> 88.888889 | M50: 18 | N50: =G50/W50*60 -> 1582.3358 | O50: =N50/M50 -> 87.907543 | P50: =M50-J50 -> 0 | Q50: =O50-L50 -> -0.98134631 | R50: =O50/L50 -> 0.98895985 | T50: 0.32986111 | U50: 0.425 | V50: =(T50-U49)*24*60 -> 12 | W50: =(U50-T50)*24*60 -> 137 | AF50: =N50-K50 -> -17.664234 | AG50: =N50/K50 -> 0.98895985
B51: 義大利麵 | D51: 奶油起司蝦仁通心粉 | F51: =VLOOKUP(D51,廠價表!$C$1:$E$41,3,0) -> 47.71 | G51: 1984 | H51: =F51*G51 -> 94656.64 | J51: =VLOOKUP(D51,產線配置圖!$A$3:$C$39,2,0) -> 16 | K51: =VLOOKUP(D51,產線配置圖!$A$3:$C$39,3,0) -> 1440 | L51: =K51/J51 -> 90 | M51: 16 | N51: =G51/W51*60 -> 1434.2169 | O51: =N51/M51 -> 89.638554 | P51: =M51-J51 -> 0 | Q51: =O51-L51 -> -0.36144578 | R51: =O51/L51 -> 0.99598394 | T51: 0.43194444 | U51: 0.48958333 | V51: =(T51-U50)*24*60 -> 10 | W51: =(U51-T51)*24*60 -> 83 | AF51: =N51-K51 -> -5.7831325 | AG51: =N51/K51 -> 0.99598394
B52: 義大利麵 | D52: 奶油起司蝦仁通心粉 | F52: =VLOOKUP(D52,廠價表!$C$1:$E$41,3,0) -> 47.71 | G52: 480 | H52: =F52*G52 -> 22900.8 | J52: =VLOOKUP(D52,產線配置圖!$A$3:$C$39,2,0) -> 16 | K52: =VLOOKUP(D52,產線配置圖!$A$3:$C$39,3,0) -> 1440 | L52: =K52/J52 -> 90 | M52: 16 | N52: =G52/W52*60 -> 1371.4286 | O52: =N52/M52 -> 85.714286 | P52: =M52-J52 -> 0 | Q52: =O52-L52 -> -4.2857143 | R52: =O52/L52 -> 0.95238095 | T52: 0.54652778 | U52: 0.56111111 | V52: =(T52-U51)*24*60 -> 82 | W52: =(U52-T52)*24*60 -> 21 | X52: 0.5 | Y52: 0.54166667 | AF52: =N52-K52 -> -68.571429 | AG52: =N52/K52 -> 0.95238095
B53: 義大利麵 | D53: 焗烤起司雙饗筆尖麵 | F53: =VLOOKUP(D53,廠價表!$C$1:$E$41,3,0) -> 49.97 | G53: 2210 | H53: =F53*G53 -> 110433.7 | J53: =VLOOKUP(D53,產線配置圖!$A$3:$C$39,2,0) -> 18 | K53: =VLOOKUP(D53,產線配置圖!$A$3:$C$39,3,0) -> 1600 | L53: =K53/J53 -> 88.888889 | M53: 18 | N53: =G53/W53*60 -> 1541.8605 | O53: =N53/M53 -> 85.658915 | P53: =M53-J53 -> 0 | Q53: =O53-L53 -> -3.2299742 | R53: =O53/L53 -> 0.96366279 | T53: 0.56805556 | U53: 0.62777778 | V53: =(T53-U52)*24*60 -> 10 | W53: =(U53-T53)*24*60 -> 86 | AF53: =N53-K53 -> -58.139535 | AG53: =N53/K53 -> 0.96366279
W54: =(U54-T54)*24*60 -> 0
W55: =(U55-T55)*24*60 -> 0
W56: =(U56-T56)*24*60 -> 0
W57: =(U57-T57)*24*60 -> 0
C58: 4度二組C2 | D58: 平均 | J58: =AVERAGE(J49:J57) -> 17.2 | K58: =AVERAGE(K49:K57) -> 1529 | L58: =AVERAGE(L49:L57) -> 88.944444 | M58: =AVERAGE(M49:M57) -> 17.2 | N58: =AVERAGE(N49:N57) -> 1495.035 | O58: =AVERAGE(O49:O57) -> 86.95423 | P58: =M58-J58 -> 0 | Q58: =N58-K58 -> -33.964999 | R58: =O58/L58 -> 0.97762407 | Z58: =SUM(Z49:Z57) -> 2 | AA58: =SUM(AA49:AA57) -> 10 | AD58: =SUM(AD49:AD57) -> 0 | AE58: =SUM(AE49:AE57) -> 0 | AF58: =N58-K58 -> -33.964999 | AG58: =N58/K58 -> 0.97778614
A59: 調理包一線 (八爪機) | B59: 小吃、微波 | D59: 小滷青蔬 | F59: =VLOOKUP(D59,廠價表!$C$1:$E$41,3,0) -> 26.99 | G59: 3850 | H59: =F59*G59 -> 103911.5 | J59: =VLOOKUP(D59,產線配置圖!$A$3:$C$39,2,0) -> 13 | K59: =VLOOKUP(D59,產線配置圖!$A$3:$C$39,3,0) -> 1565 | L59: =K59/J59 -> 120.38462 | M59: 13 | N59: =G59/W59*60 -> 1490.3226 | O59: =N59/M59 -> 114.6402 | P59: =M59-J59 -> 0 | Q59: =O59-L59 -> -5.7444169 | R59: =O59/L59 -> 0.9522828 | S59: =R69 -> 0.87755917 | T59: 0.29166667 | U59: 0.39930556 | W59: =(U59-T59)*24*60 -> 155 | AF59: =N59-K59 -> -74.677419 | AG59: =N59/K59 -> 0.9522828 | AH59: =AG69 -> 0.87899616
B60: 小吃、微波 | D60: 起司馬鈴薯 | F60: =VLOOKUP(D60,廠價表!$C$1:$E$41,3,0) -> 28.26 | G60: 1657 | H60: =F60*G60 -> 46826.82 | J60: =VLOOKUP(D60,產線配置圖!$A$3:$C$39,2,0) -> 12 | K60: =VLOOKUP(D60,產線配置圖!$A$3:$C$39,3,0) -> 1565 | L60: =K60/J60 -> 130.41667 | M60: 12 | N60: =G60/W60*60 -> 1420.2857 | O60: =N60/M60 -> 118.35714 | P60: =M60-J60 -> 0 | Q60: =O60-L60 -> -12.059524 | R60: =O60/L60 -> 0.90753081 | T60: 0.40972222 | U60: 0.45833333 | V60: =(T60-U59)*24*60 -> 15 | W60: =(U60-T60)*24*60 -> 70 | AF60: =N60-K60 -> -144.71429 | AG60: =N60/K60 -> 0.90753081
B61: 小吃、微波 | D61: 三杯菇菇米血 | F61: =VLOOKUP(D61,廠價表!$C$1:$E$41,3,0) -> 28.26 | G61: 1083 | H61: =F61*G61 -> 30605.58 | J61: =VLOOKUP(D61,產線配置圖!$A$3:$C$39,2,0) -> 12 | K61: =VLOOKUP(D61,產線配置圖!$A$3:$C$39,3,0) -> 1565 | L61: =K61/J61 -> 130.41667 | M61: 12 | N61: =G61/W61*60 -> 1299.6 | O61: =N61/M61 -> 108.3 | P61: =M61-J61 -> 0 | Q61: =O61-L61 -> -22.116667 | R61: =O61/L61 -> 0.83041534 | T61: 0.46875 | U61: 0.50347222 | V61: =(T61-U60)*24*60 -> 15 | W61: =(U61-T61)*24*60 -> 50 | AF61: =N61-K61 -> -265.4 | AG61: =N61/K61 -> 0.83041534
B62: 小吃、微波 | D62: 三杯菇菇米血 | F62: =VLOOKUP(D62,廠價表!$C$1:$E$41,3,0) -> 28.26 | G62: 1400 | H62: =F62*G62 -> 39564 | J62: =VLOOKUP(D62,產線配置圖!$A$3:$C$39,2,0) -> 12 | K62: =VLOOKUP(D62,產線配置圖!$A$3:$C$39,3,0) -> 1565 | L62: =K62/J62 -> 130.41667 | M62: 12 | N62: =G62/W62*60 -> 1292.3077 | O62: =N62/M62 -> 107.69231 | P62: =M62-J62 -> 0 | Q62: =O62-L62 -> -22.724359 | R62: =O62/L62 -> 0.82575571 | T62: 0.56597222 | U62: 0.61111111 | V62: =(T62-U61)*24*60 -> 90 | W62: =(U62-T62)*24*60 -> 65 | X62: 0.51041667 | Y62: 0.55208333 | AF62: =N62-K62 -> -272.69231 | AG62: =N62/K62 -> 0.82575571
W63: =(U63-T63)*24*60 -> 0
W64: =(U64-T64)*24*60 -> 0
W65: =(U65-T65)*24*60 -> 0
W66: =(U66-T66)*24*60 -> 0
W67: =(U67-T67)*24*60 -> 0
H68: =F68*G68 -> 0 | W68: =(U68-T68)*24*60 -> 0
C69: 4度三組 | D69: 平均 | J69: =AVERAGE(J59:J68) -> 12.25 | K69: =AVERAGE(K59:K68) -> 1565 | L69: =AVERAGE(L59:L68) -> 127.90865 | M69: =AVERAGE(M59:M68) -> 12.25 | N69: =AVERAGE(N59:N68) -> 1375.629 | O69: =AVERAGE(O59:O68) -> 112.24741 | P69: =M69-J69 -> 0 | Q69: =N69-K69 -> -189.371 | R69: =O69/L69 -> 0.87755917 | Z69: =SUM(Z59:Z68) -> 0 | AA69: =SUM(AA59:AA68) -> 0 | AD69: =SUM(AD59:AD68) -> 0 | AE69: =SUM(AE59:AE68) -> 0 | AF69: =N69-K69 -> -189.371 | AG69: =N69/K69 -> 0.87899616
A70: 調理包二線 (手工) | B70: 義大利麵 | D70: 焗烤起司肉醬筆尖麵 | F70: =VLOOKUP(D70,廠價表!$C$1:$E$41,3,0) -> 50.67 | G70: 2646 | H70: =F70*G70 -> 134072.82 | J70: =VLOOKUP(D70,產線配置圖!$A$3:$C$39,2,0) -> 10 | K70: =VLOOKUP(D70,產線配置圖!$A$3:$C$39,3,0) -> 1125 | L70: =K70/J70 -> 112.5 | M70: 10 | N70: =G70/W70*60 -> 962.18182 | O70: =N70/M70 -> 96.218182 | P70: =M70-J70 -> 0 | Q70: =O70-L70 -> -16.281818 | R70: =O70/L70 -> 0.85527273 | S70: =R79 -> 0.85527273 | T70: 0.37152778 | U70: 0.48611111 | W70: =(U70-T70)*24*60 -> 165 | AF70: =N70-K70 -> -162.81818 | AG70: =N70/K70 -> 0.85527273 | AH70: =AG79 -> 0.85527273
W71: =(U71-T71)*24*60 -> 0
W72: =(U72-T72)*24*60 -> 0
W73: =(U73-T73)*24*60 -> 0
W74: =(U74-T74)*24*60 -> 0
H75: =F75*G75 -> 0 | W75: =(U75-T75)*24*60 -> 0
H76: =F76*G76 -> 0 | W76: =(U76-T76)*24*60 -> 0
H77: =F77*G77 -> 0 | W77: =(U77-T77)*24*60 -> 0
H78: =F78*G78 -> 0 | W78: =(U78-T78)*24*60 -> 0
C79: 4度四組 | D79: 平均 | J79: =AVERAGE(J70:J78) -> 10 | K79: =AVERAGE(K70:K78) -> 1125 | L79: =AVERAGE(L70:L78) -> 112.5 | M79: =AVERAGE(M70:M78) -> 10 | N79: =AVERAGE(N70:N78) -> 962.18182 | O79: =AVERAGE(O70:O78) -> 96.218182 | P79: =M79-J79 -> 0 | Q79: =N79-K79 -> -162.81818 | R79: =O79/L79 -> 0.85527273 | Z79: =SUM(Z70:Z78) -> 0 | AA79: =SUM(AA70:AA78) -> 0 | AD79: =SUM(AD70:AD78) -> 0 | AE79: =SUM(AE70:AE78) -> 0 | AF79: =N79-K79 -> -162.81818 | AG79: =N79/K79 -> 0.85527273
AJ80: 1.當日出勤人數較多
AJ81: 2.當日出勤人數較少
AJ82: 3.當日出勤熟手較少
AJ83: 4.當日出勤新人較多
AJ84: 5.機台夾盒
AJ85: 6.封膜不順
AJ86: 7.更換膠膜
AJ87: 8.更換碳帶
AJ88: 9.當日熱轉印碳帶異常
AJ89: 10.訂單量過少
AJ90: 11.新品上市，尚未熟悉
AJ91: 12.商品結構，產能較低
AJ92: 13.區域出貨，分段生產

Sheet 0204總
B1: 長家廠組合室生產人時性分析
B3: 日期 | D3: 46057 | F3: 訂單量 | G3: ='0204'!E1 -> 55583 | I3: 營業額 | J3: ='0204'!G1 -> 2656649.4
B4: 項目 | D4: 3 | F4: ➀ | H4: ➁ | J4: ③ | L4: 異常停線 | N4: 短暫停線
B5: 人時性 | D5: 組合室 | F5: 全溫層 | H5: 義大利麵 | J5: 袋裝小吃、義麵 | L5: 合計次數 | M5: 時間 | N5: 合計次數 | O5: 設備次數
D6: 排關平均 | F6: =AVERAGE(D13:J13) -> 117.10581 | H6: =AVERAGE(D13:H13,J13) -> 115.30533 | J6: =AVERAGE(I13) -> 127.90865 | L6: =SUM(D18:J18) -> 0 | M6: =SUM(D19:J19) -> 0 | N6: =SUM(D20:J20) -> 51 | O6: =SUM(D20:J20) -> 51
D7: 實績平均 | F7: =AVERAGE(D14:J14) -> 102.10439 | H7: =AVERAGE(D14:H14,J14) -> 100.44702 | J7: =AVERAGE(I14) -> 112.04858 | L7: =AVERAGE(K14:L14) -> #DIV/0! | M7: =AVERAGE(L14:M14) -> #DIV/0! | N7: =AVERAGE(M14:N14) -> #DIV/0! | O7: =AVERAGE(N14:O14) -> #DIV/0!
D8: 達成率平均 | F8: =F7/F6 -> 0.87189857 | H8: =H7/H6 -> 0.87113942 | J8: =J7/J6 -> 0.87600469 | L8: =AVERAGE(K15:L15) -> #DIV/0! | M8: =AVERAGE(L15:M15) -> #DIV/0! | N8: =AVERAGE(M15:N15) -> #DIV/0! | O8: =AVERAGE(N15:O15) -> #DIV/0!
J9: ※現行日本鮮食廠以達成率80%為基本(即為現行KPI)
B10: 溫層 | D10: 4度C-各編組展開
B11: 編組 | D11: 1 | E11: 2 | F11: 3 | G11: 4 | H11: 5 | I11: 6 | J11: 7
D12: 自動1線 | E12: 自動2線 | F12: 手工3線 | G12: 手工4線 | H12: 手工5線 | I12: 調理包1線 | J12: 調理包2線
B13: 人時性 | C13: 排關 | D13: =VALUE('0204'!L15) -> 136.33484 | E13: =VALUE('0204'!L26) -> 176.22727 | F13: =VALUE('0204'!L37) -> 90.752941 | G13: =VALUE('0204'!L48) -> 87.336397 | H13: =VALUE('0204'!L58) -> 88.680556 | I13: =VALUE('0204'!L69) -> 127.90865 | J13: ='0204'!L79 -> 112.5
C14: 實績 | D14: =VALUE('0204'!O15) -> 115.85745 | E14: =VALUE('0204'!O26) -> 154.45615 | F14: =VALUE('0204'!O37) -> 80.355173 | G14: =VALUE('0204'!O48) -> 77.910169 | H14: =VALUE('0204'!O58) -> 83.732409 | I14: =VALUE('0204'!O69) -> 112.04858 | J14: ='0204'!O79 -> 90.370787
C15: 達成率 | D15: =D14/D13 -> 0.84980072 | E15: =E14/E13 -> 0.87645997 | F15: =F14/F13 -> 0.88542775 | G15: =G14/G13 -> 0.89206987 | H15: =H14/H13 -> 0.94420258 | I15: =I14/I13 -> 0.87600469 | J15: ='0204'!S70 -> 0.80329588
B16: 作業 時間 | C16: 開始 | D16: ='0204'!T5 -> 0.30972222 | E16: ='0204'!T16 -> 0.29027778 | F16: ='0204'!T27 -> 0.29027778 | G16: ='0204'!T38 -> 0.33333333 | H16: ='0204'!T49 -> 0.29097222 | I16: ='0204'!T59 -> 0.29166667 | J16: ='0204'!T70 -> 0.33680556
C17: 結束 | D17: 0.63194444 | E17: 0.68541667 | F17: 0.58958333 | G17: 0.66666667 | H17: 0.6125 | I17: 0.61458333 | J17: 0.46041667
B18: 產線異常 (5分鐘以上) | C18: 次數 | D18: ='0204'!Z15 -> 0 | E18: ='0204'!Z26 -> 0 | F18: ='0204'!Z37 -> 0 | G18: ='0204'!Z48 -> 0 | H18: ='0204'!Z58 -> 0 | I18: ='0204'!Z69 -> 0 | J18: ='0204'!AA79 -> 0
C19: 時間/分 | D19: ='0204'!AA15 -> 0 | E19: ='0204'!AA26 -> 0 | F19: ='0204'!AA37 -> 0 | G19: ='0204'!AA48 -> 0 | H19: ='0204'!AA58 -> 0 | I19: ='0204'!AA69 -> 0 | J19: ='0204'!AB79 -> 0
B20: 短暫停線 (5分鐘以下) | C20: 次數 | D20: ='0204'!AD15 -> 20 | E20: ='0204'!AD26 -> 31 | F20: ='0204'!AD37 -> 0 | G20: ='0204'!AD48 -> 0 | H20: ='0204'!AD58 -> 0 | I20: ='0204'!AD69 -> 0 | J20: ='0204'!AD79 -> 0
C21: 設備次數 | D21: ='0204'!AE15 -> 20 | E21: ='0204'!AE26 -> 31 | F21: ='0204'!AE37 -> 0 | G21: ='0204'!AE48 -> 0 | H21: ='0204'!AE58 -> 0 | I21: ='0204'!AE69 -> 0 | J21: ='0204'!AE79 -> 0
B22: 配置人數 | D22: =VALUE('0204'!M15) -> 14.5 | E22: =VALUE('0204'!M26) -> 11.6 | F22: =VALUE('0204'!M37) -> 16 | G22: =VALUE('0204'!M48) -> 15.25 | H22: =VALUE('0204'!M58) -> 17.5 | I22: =VALUE('0204'!M69) -> 12.25 | J22: ='0204'!M79 -> 10
B23: 主要應用設備 | D23: ET-600 | E23: ET-600 | F23: ET-55 | G23: ET-55 | H23: ET-55 | I23: 八爪機 | J23: 八爪機
B24: 次要應用設備 | H24: 封口機 | J24: 封口機
B25: 備註

Sheet 0204
A1: 長家廠4度C日報分析 | D1: 總生產量 | E1: =SUM(G5:G79) -> 55583 | F1: 營業額 | G1: =SUM(H5:H79) -> 2656649.4 | H1: 出勤人數 | I1: =M15+M26+M48+M58+M69+M79+M37 -> 97.1 | J1: 產線配置圖 | M1: 生產實績 | P1: 人時性差異分析 | T1: 日報登錄 | Z1: 合計 次數 | AA1: 合計 時間/分 | AB1: 分析說明 | AD1: 合計 次數 | AE1: 合計 設備次數 | AF1: 產能差異分析
A2: 02月04日 星期三 | D2: 人時性 | E2: =AVERAGE(O15,O26,O37,O48,O58,O69,O79) -> 102.10439 | F2: 平均廠價 | G2: =G1/E1 -> 47.796077 | H2: 多次生產數 | I2: =COUNT(I5:I79) -> 0 | Z2: =Z15+Z26+Z37+Z48+Z58+Z69+Z79 -> 0 | AA2: =AA15+AA26+AA37+AA48+AA58+AA69+AA79 -> 0 | AD2: =AD15+AD26+AD37+AD48+AD58+AD69+AD79 -> 51 | AE2: =AE15+AE26+AE37+AE48+AE58+AE69+AE79 -> 51
A3: 線別 | B3: 品類 | D3: 品名 | F3: 廠價 | G3: 生產量 | H3: 營收 | I3: 多次 生產 | J3: 人數 | K3: 產能/時 | L3: 人時性 | M3: 人數 | N3: 產能/時 | O3: 人時性 | P3: 人數 | Q3: 人時性 | R3: 達成率 | S3: 達成率平均 | T3: 生產時間 | V3: 前置、換線時間/分 | W3: 稼動時間/分 | X3: 休息時間 | Z3: 產線異常統計 (5分鐘以上) | AD3: 短暫停線統計 (5分鐘以下) | AF3: 產能/時 | AG3: 達成率 | AH3: 達成率平均
T4: 開始 | U4: 結束 | X4: 開始 | Y4: 結束 | Z4: 次數 | AA4: 時間/分 | AD4: 總次數 | AE4: 設備因素(次數)
A5: 自動一線 (ET-600) | B5: 義大利麵 | D5: 韓式起司炸雞義大利麵 | F5: =VLOOKUP(D5,廠價表!$C$1:$E$41,3,0) -> 57.21 | G5: 1527 | H5: =F5*G5 -> 87359.67 | J5: =VLOOKUP(D5,產線配置圖!$A$3:$C$39,2,0) -> 17 | K5: =VLOOKUP(D5,產線配置圖!$A$3:$C$39,3,0) -> 2000 | L5: =K5/J5 -> 117.64706 | M5: 17 | N5: =G5/W5*60 -> 1607.3684 | O5: =N5/M5 -> 94.551084 | P5: =M5-J5 -> 0 | Q5: =O5-L5 -> -23.095975 | R5: =O5/L5 -> 0.80368421 | S5: =R15 -> 0.84980072 | T5: 0.30972222 | U5: 0.34930556 | W5: =(U5-T5)*24*60 -> 57 | AB5: 玉取機停麵20次 | AD5: 20 | AE5: 20 | AF5: =N5-K5 -> -392.63158 | AG5: =N5/K5 -> 0.80368421 | AH5: =AG15 -> 0.84821337
B6: 義大利麵 | D6: 辣味香菜雞肉義大利麵 | F6: =VLOOKUP(D6,廠價表!$C$1:$E$41,3,0) -> 56.28 | G6: 2346 | H6: =F6*G6 -> 132032.88 | J6: =VLOOKUP(D6,產線配置圖!$A$3:$C$39,2,0) -> 15 | K6: =VLOOKUP(D6,產線配置圖!$A$3:$C$39,3,0) -> 1800 | L6: =K6/J6 -> 120 | M6: 15 | N6: =G6/W6*60 -> 1599.5455 | O6: =N6/M6 -> 106.63636 | P6: =M6-J6 -> 0 | Q6: =O6-L6 -> -13.363636 | R6: =O6/L6 -> 0.88863636 | T6: 0.35833333 | U6: 0.41944444 | V6: =(T6-U5)*24*60 -> 13 | W6: =(U6-T6)*24*60 -> 88 | AF6: =N6-K6 -> -200.45455 | AG6: =N6/K6 -> 0.88863636
B7: 義大利麵 | D7: 奶油培根義大利麵 | F7: =VLOOKUP(D7,廠價表!$C$1:$E$41,3,0) -> 49.14 | G7: 1851 | H7: =F7*G7 -> 90958.14 | J7: =VLOOKUP(D7,產線配置圖!$A$3:$C$39,2,0) -> 13 | K7: =VLOOKUP(D7,產線配置圖!$A$3:$C$39,3,0) -> 2000 | L7: =K7/J7 -> 153.84615 | M7: 13 | N7: =G7/W7*60 -> 1657.6119 | O7: =N7/M7 -> 127.50861 | P7: =M7-J7 -> 0 | Q7: =O7-L7 -> -26.337543 | R7: =O7/L7 -> 0.82880597 | T7: 0.43055556 | U7: 0.47708333 | V7: =(T7-U6)*24*60 -> 16 | W7: =(U7-T7)*24*60 -> 67 | AF7: =N7-K7 -> -342.38806 | AG7: =N7/K7 -> 0.82880597
B8: 義大利麵 | D8: 奶油培根義大利麵 | F8: =VLOOKUP(D8,廠價表!$C$1:$E$41,3,0) -> 49.14 | G8: 3795 | H8: =F8*G8 -> 186486.3 | J8: =VLOOKUP(D8,產線配置圖!$A$3:$C$39,2,0) -> 13 | K8: =VLOOKUP(D8,產線配置圖!$A$3:$C$39,3,0) -> 2000 | L8: =K8/J8 -> 153.84615 | M8: 13 | N8: =G8/W8*60 -> 1751.5385 | O8: =N8/M8 -> 134.73373 | P8: =M8-J8 -> 0 | Q8: =O8-L8 -> -19.112426 | R8: =O8/L8 -> 0.87576923 | T8: 0.54166667 | U8: 0.63194444 | V8: =(T8-U7)*24*60 -> 93 | W8: =(U8-T8)*24*60 -> 130 | X8: 0.48611111 | Y8: 0.52777778 | AF8: =N8-K8 -> -248.46154 | AG8: =N8/K8 -> 0.87576923
W9: =(U9-T9)*24*60 -> 0 | AF9: =N9-K9 -> 0 | AG9: =N9/K9 -> #DIV/0!
W10: =(U10-T10)*24*60 -> 0
W11: =(U11-T11)*24*60 -> 0
W12: =(U12-T12)*24*60 -> 0
W13: =(U13-T13)*24*60 -> 0
W14: =(U14-T14)*24*60 -> 0
C15: 4度一組 | D15: 平均 | J15: =AVERAGE(J5:J14) -> 14.5 | K15: =AVERAGE(K5:K14) -> 1950 | L15: =AVERAGE(L5:L14) -> 136.33484 | M15: =AVERAGE(M5:M14) -> 14.5 | N15: =AVERAGE(N5:N14) -> 1654.0161 | O15: =AVERAGE(O5:O14) -> 115.85745 | P15: =M15-J15 -> 0 | Q15: =O15-L15 -> -20.477395 | R15: =O15/L15 -> 0.84980072 | Z15: =SUM(Z5:Z14) -> 0 | AA15: =SUM(AA5:AA14) -> 0 | AD15: =SUM(AD5:AD14) -> 20 | AE15: =SUM(AE5:AE14) -> 20 | AF15: =N15-K15 -> -295.98393 | AG15: =N15/K15 -> 0.84821337
A16: 自動二線 (ET-600) | B16: 義大利麵 | D16: 白酒蛤蜊義大利麵 | F16: =VLOOKUP(D16,廠價表!$C$1:$E$41,3,0) -> 57.21 | G16: 2227 | H16: =F16*G16 -> 127406.67 | J16: =VLOOKUP(D16,產線配置圖!$A$3:$C$39,2,0) -> 12 | K16: =VLOOKUP(D16,產線配置圖!$A$3:$C$39,3,0) -> 2105 | L16: =K16/J16 -> 175.41667 | M16: 12 | N16: =G16/W16*60 -> 2087.8125 | O16: =N16/M16 -> 173.98438 | P16: =M16-J16 -> 0 | Q16: =O16-L16 -> -1.4322917 | R16: =O16/L16 -> 0.99183492 | S16: =R26 -> 0.87645997 | T16: 0.29027778 | U16: 0.33472222 | W16: =(U16-T16)*24*60 -> 64 | AF16: =N16-K16 -> -17.1875 | AG16: =N16/K16 -> 0.99183492 | AH16: =AG26 -> 0.87904984
B17: 義大利麵 | D17: 青醬蛤蜊義大利麵 | F17: =VLOOKUP(D17,廠價表!$C$1:$E$41,3,0) -> 50.67 | G17: 3451 | H17: =F17*G17 -> 174862.17 | J17: =VLOOKUP(D17,產線配置圖!$A$3:$C$39,2,0) -> 12 | K17: =VLOOKUP(D17,產線配置圖!$A$3:$C$39,3,0) -> 2000 | L17: =K17/J17 -> 166.66667 | M17: 12 | N17: =G17/W17*60 -> 1816.3158 | O17: =N17/M17 -> 151.35965 | P17: =M17-J17 -> 0 | Q17: =O17-L17 -> -15.307018 | R17: =O17/L17 -> 0.90815789 | T17: 0.34166667 | U17: 0.42083333 | V17: =(T17-U16)*24*60 -> 10 | W17: =(U17-T17)*24*60 -> 114 | AB17: 玉取機停麵31次 | AD17: 31 | AE17: 31 | AF17: =N17-K17 -> -183.68421 | AG17: =N17/K17 -> 0.90815789
B18: 義大利麵 | D18: 義式蕃茄起司義大利麵 | F18: =VLOOKUP(D18,廠價表!$C$1:$E$41,3,0) -> 50.39 | G18: 1980 | H18: =F18*G18 -> 99772.2 | J18: =VLOOKUP(D18,產線配置圖!$A$3:$C$39,2,0) -> 11 | K18: =VLOOKUP(D18,產線配置圖!$A$3:$C$39,3,0) -> 2000 | L18: =K18/J18 -> 181.81818 | M18: 11 | N18: =G18/W18*60 -> 1605.4054 | O18: =N18/M18 -> 145.94595 | P18: =M18-J18 -> 0 | Q18: =O18-L18 -> -35.872236 | R18: =O18/L18 -> 0.8027027 | T18: 0.42777778 | U18: 0.47916667 | V18: =(T18-U17)*24*60 -> 10 | W18: =(U18-T18)*24*60 -> 74 | AF18: =N18-K18 -> -394.59459 | AG18: =N18/K18 -> 0.8027027
B19: 義大利麵 | D19: 義式蕃茄起司義大利麵 | F19: =VLOOKUP(D19,廠價表!$C$1:$E$41,3,0) -> 50.39 | G19: 3085 | H19: =F19*G19 -> 155453.15 | J19: =VLOOKUP(D19,產線配置圖!$A$3:$C$39,2,0) -> 11 | K19: =VLOOKUP(D19,產線配置圖!$A$3:$C$39,3,0) -> 2000 | L19: =K19/J19 -> 181.81818 | M19: 11 | N19: =G19/W19*60 -> 1609.5652 | O19: =N19/M19 -> 146.32411 | P19: =M19-J19 -> 0 | Q19: =O19-L19 -> -35.494071 | R19: =O19/L19 -> 0.80478261 | T19: 0.54513889 | U19: 0.625 | V19: =(T19-U18)*24*60 -> 95 | W19: =(U19-T19)*24*60 -> 115 | X19: 0.48611111 | Y19: 0.52777778 | AF19: =N19-K19 -> -390.43478 | AG19: =N19/K19 -> 0.80478261
B20: 義大利麵 | D20: 白酒蛤蜊義大利麵 | F20: =VLOOKUP(D20,廠價表!$C$1:$E$41,3,0) -> 57.21 | G20: 1856 | H20: =F20*G20 -> 106181.76 | J20: =VLOOKUP(D20,產線配置圖!$A$3:$C$39,2,0) -> 12 | K20: =VLOOKUP(D20,產線配置圖!$A$3:$C$39,3,0) -> 2105 | L20: =K20/J20 -> 175.41667 | M20: 12 | N20: =G20/W20*60 -> 1856 | O20: =N20/M20 -> 154.66667 | P20: =M20-J20 -> 0 | Q20: =O20-L20 -> -20.75 | R20: =O20/L20 -> 0.88171021 | T20: 0.64375 | U20: 0.68541667 | V20: =(T20-U19)*24*60 -> 27 | W20: =(U20-T20)*24*60 -> 60 | AF20: =N20-K20 -> -249 | AG20: =N20/K20 -> 0.88171021
W21: =(U21-T21)*24*60 -> 0
W22: =(U22-T22)*24*60 -> 0
W23: =(U23-T23)*24*60 -> 0
H24: =F24*G24 -> 0 | W24: =(U24-T24)*24*60 -> 0
H25: =F25*G25 -> 0 | W25: =(U25-T25)*24*60 -> 0
C26: 4度二組A | D26: 平均 | J26: =AVERAGE(J16:J25) -> 11.6 | K26: =AVERAGE(K16:K25) -> 2042 | L26: =AVERAGE(L16:L25) -> 176.22727 | M26: =AVERAGE(M16:M25) -> 11.6 | N26: =AVERAGE(N16:N25) -> 1795.0198 | O26: =AVERAGE(O16:O25) -> 154.45615 | P26: =M26-J26 -> 0 | Q26: =O26-L26 -> -21.771123 | R26: =O26/L26 -> 0.87645997 | Z26: =SUM(Z16:Z25) -> 0 | AA26: =SUM(AA16:AA25) -> 0 | AD26: =SUM(AD16:AD25) -> 31 | AE26: =SUM(AE16:AE25) -> 31 | AF26: =N26-K26 -> -246.98022 | AG26: =N26/K26 -> 0.87904984
A27: 手工三線 (ET-55) | B27: 義大利麵 | D27: 惡魔乳酪生義大利麵 | F27: =VLOOKUP(D27,廠價表!$C$1:$E$41,3,0) -> 57.3 | G27: 1873 | H27: =F27*G27 -> 107322.9 | J27: =VLOOKUP(D27,產線配置圖!$A$3:$C$39,2,0) -> 17 | K27: =VLOOKUP(D27,產線配置圖!$A$3:$C$39,3,0) -> 1500 | L27: =K27/J27 -> 88.235294 | M27: 17 | N27: =G27/W27*60 -> 1498.4 | O27: =N27/M27 -> 88.141176 | P27: =M27-J27 -> 0 | Q27: =O27-L27 -> -0.094117647 | R27: =O27/L27 -> 0.99893333 | S27: =R37 -> 0.88542775 | T27: 0.29027778 | U27: 0.34236111 | W27: =(U27-T27)*24*60 -> 75 | AF27: =N27-K27 -> -1.6 | AG27: =N27/K27 -> 0.99893333 | AH27: =AG37 -> 0.87806561
B28: 義大利麵 | D28: 奶油蒜香雞義大利麵 | F28: =VLOOKUP(D28,廠價表!$C$1:$E$41,3,0) -> 55.13 | G28: 1557 | H28: =F28*G28 -> 85837.41 | J28: =VLOOKUP(D28,產線配置圖!$A$3:$C$39,2,0) -> 17 | K28: =VLOOKUP(D28,產線配置圖!$A$3:$C$39,3,0) -> 1385 | L28: =K28/J28 -> 81.470588 | M28: 17 | N28: =G28/W28*60 -> 1279.726 | O28: =N28/M28 -> 75.278002 | P28: =M28-J28 -> 0 | Q28: =O28-L28 -> -6.1925866 | R28: =O28/L28 -> 0.92398991 | T28: 0.34861111 | U28: 0.39930556 | V28: =(T28-U27)*24*60 -> 9 | W28: =(U28-T28)*24*60 -> 73 | AF28: =N28-K28 -> -105.27397 | AG28: =N28/K28 -> 0.92398991
B29: 熱乾麵 | D29: 沙茶豬肉炒麵 | F29: =VLOOKUP(D29,廠價表!$C$1:$E$41,3,0) -> 49.52 | G29: 648 | H29: =F29*G29 -> 32088.96 | J29: =VLOOKUP(D29,產線配置圖!$A$3:$C$39,2,0) -> 15 | K29: =VLOOKUP(D29,產線配置圖!$A$3:$C$39,3,0) -> 1440 | L29: =K29/J29 -> 96 | M29: 15 | N29: =G29/W29*60 -> 1178.1818 | O29: =N29/M29 -> 78.545455 | P29: =M29-J29 -> 0 | Q29: =O29-L29 -> -17.454545 | R29: =O29/L29 -> 0.81818182 | T29: 0.40416667 | U29: 0.42708333 | V29: =(T29-U28)*24*60 -> 7 | W29: =(U29-T29)*24*60 -> 33 | AF29: =N29-K29 -> -261.81818 | AG29: =N29/K29 -> 0.81818182
B30: 熱乾麵 | D30: 青花椒麻雞肉拌麵 | F30: =VLOOKUP(D30,廠價表!$C$1:$E$41,3,0) -> 49.91 | G30: 1015 | H30: =F30*G30 -> 50658.65 | J30: =VLOOKUP(D30,產線配置圖!$A$3:$C$39,2,0) -> 17 | K30: =VLOOKUP(D30,產線配置圖!$A$3:$C$39,3,0) -> 1565 | L30: =K30/J30 -> 92.058824 | M30: 16 | N30: =G30/W30*60 -> 1323.913 | O30: =N30/M30 -> 82.744565 | P30: =M30-J30 -> -1 | Q30: =O30-L30 -> -9.3142583 | R30: =O30/L30 -> 0.89882275 | T30: 0.43194444 | U30: 0.46388889 | V30: =(T30-U29)*24*60 -> 7 | W30: =(U30-T30)*24*60 -> 46 | AF30: =N30-K30 -> -241.08696 | AG30: =N30/K30 -> 0.84595083
B31: 熱乾麵 | D31: 沙茶豬肉炒麵 | F31: =VLOOKUP(D31,廠價表!$C$1:$E$41,3,0) -> 49.52 | G31: 1445 | H31: =F31*G31 -> 71556.4 | J31: =VLOOKUP(D31,產線配置圖!$A$3:$C$39,2,0) -> 15 | K31: =VLOOKUP(D31,產線配置圖!$A$3:$C$39,3,0) -> 1440 | L31: =K31/J31 -> 96 | M31: 15 | N31: =G31/W31*60 -> 1156 | O31: =N31/M31 -> 77.066667 | P31: =M31-J31 -> 0 | Q31: =O31-L31 -> -18.933333 | R31: =O31/L31 -> 0.80277778 | T31: 0.53333333 | U31: 0.58541667 | V31: =(T31-U30)*24*60 -> 100 | W31: =(U31-T31)*24*60 -> 75 | X31: 0.47222222 | Y31: 0.51388889 | AF31: =N31-K31 -> -284 | AG31: =N31/K31 -> 0.80277778
W32: =(U32-T32)*24*60 -> 0
W33: =(U33-T33)*24*60 -> 0
W34: =(U34-T34)*24*60 -> 0
W35: =(U35-T35)*24*60 -> 0
H36: =F36*G36 -> 0 | W36: =(U36-T36)*24*60 -> 0
C37: 4度二組B | D37: 平均 | J37: =AVERAGE(J27:J36) -> 16.2 | K37: =AVERAGE(K27:K36) -> 1466 | L37: =AVERAGE(L27:L36) -> 90.752941 | M37: =AVERAGE(M27:M36) -> 16 | N37: =AVERAGE(N27:N36) -> 1287.2442 | O37: =AVERAGE(O27:O36) -> 80.355173 | P37: =M37-J37 -> -0.2 | Q37: =N37-K37 -> -178.75582 | R37: =O37/L37 -> 0.88542775 | Z37: =SUM(Z27:Z36) -> 0 | AA37: =SUM(AA27:AA36) -> 0 | AD37: =SUM(AD27:AD36) -> 0 | AE37: =SUM(AE27:AE36) -> 0 | AF37: =N37-K37 -> -178.75582 | AG37: =N37/K37 -> 0.87806561
A38: 手工四線 (ET-55) | B38: 義大利麵 | D38: 濃拿坡里義大利麵 | F38: =VLOOKUP(D38,廠價表!$C$1:$E$41,3,0) -> 56.43 | G38: 1110 | H38: =F38*G38 -> 62637.3 | J38: =VLOOKUP(D38,產線配置圖!$A$3:$C$39,2,0) -> 16 | K38: =VLOOKUP(D38,產線配置圖!$A$3:$C$39,3,0) -> 1406 | L38: =K38/J38 -> 87.875 | M38: 13 | N38: =G38/W38*60 -> 951.42857 | O38: =N38/M38 -> 73.186813 | P38: =M38-J38 -> -3 | Q38: =O38-L38 -> -14.688187 | R38: =O38/L38 -> 0.83285136 | S38: =R48 -> 0.89206987 | T38: 0.33333333 | U38: 0.38194444 | W38: =(U38-T38)*24*60 -> 70 | AF38: =N38-K38 -> -454.57143 | AG38: =N38/K38 -> 0.67669173 | AH38: =AG48 -> 0.8146796
B39: 熱乾麵 | D39: 青花椒麻雞肉拌麵 | F39: =VLOOKUP(D39,廠價表!$C$1:$E$41,3,0) -> 49.91 | G39: 1313 | H39: =F39*G39 -> 65531.83 | J39: =VLOOKUP(D39,產線配置圖!$A$3:$C$39,2,0) -> 17 | K39: =VLOOKUP(D39,產線配置圖!$A$3:$C$39,3,0) -> 1565 | L39: =K39/J39 -> 92.058824 | M39: 16 | N39: =G39/W39*60 -> 1382.1053 | O39: =N39/M39 -> 86.381579 | P39: =M39-J39 -> -1 | Q39: =O39-L39 -> -5.6772446 | R39: =O39/L39 -> 0.93833025 | T39: 0.38888889 | U39: 0.42847222 | V39: =(T39-U38)*24*60 -> 10 | W39: =(U39-T39)*24*60 -> 57 | AF39: =N39-K39 -> -182.89474 | AG39: =N39/K39 -> 0.88313435
B40: 熱乾麵 | D40: 府城鹽水意麵 | F40: =VLOOKUP(D40,廠價表!$C$1:$E$41,3,0) -> 44.3 | G40: 1543 | H40: =F40*G40 -> 68354.9 | J40: =VLOOKUP(D40,產線配置圖!$A$3:$C$39,2,0) -> 17 | K40: =VLOOKUP(D40,產線配置圖!$A$3:$C$39,3,0) -> 1440 | L40: =K40/J40 -> 84.705882 | M40: 16 | N40: =G40/W40*60 -> 1142.963 | O40: =N40/M40 -> 71.435185 | P40: =M40-J40 -> -1 | Q40: =O40-L40 -> -13.270697 | R40: =O40/L40 -> 0.84333205 | T40: 0.43958333 | U40: 0.49583333 | V40: =(T40-U39)*24*60 -> 16 | W40: =(U40-T40)*24*60 -> 81 | AF40: =N40-K40 -> -297.03704 | AG40: =N40/K40 -> 0.79372428
B41: 熱乾麵 | D41: 府城鹽水意麵 | F41: =VLOOKUP(D41,廠價表!$C$1:$E$41,3,0) -> 44.3 | G41: 3333 | H41: =F41*G41 -> 147651.9 | J41: =VLOOKUP(D41,產線配置圖!$A$3:$C$39,2,0) -> 17 | K41: =VLOOKUP(D41,產線配置圖!$A$3:$C$39,3,0) -> 1440 | L41: =K41/J41 -> 84.705882 | M41: 16 | N41: =G41/W41*60 -> 1290.1935 | O41: =N41/M41 -> 80.637097 | P41: =M41-J41 -> -1 | Q41: =O41-L41 -> -4.0687856 | R41: =O41/L41 -> 0.95196573 | T41: 0.55902778 | U41: 0.66666667 | V41: =(T41-U40)*24*60 -> 91 | W41: =(U41-T41)*24*60 -> 155 | X41: 0.51041667 | Y41: 0.55208333 | AF41: =N41-K41 -> -149.80645 | AG41: =N41/K41 -> 0.89596774
W42: =(U42-T42)*24*60 -> 0
W43: =(U43-T43)*24*60 -> 0
W44: =(U44-T44)*24*60 -> 0
W45: =(U45-T45)*24*60 -> 0
W46: =(U46-T46)*24*60 -> 0
H47: =F47*G47 -> 0 | W47: =(U47-T47)*24*60 -> 0
C48: 4度二組C1 | D48: 平均 | J48: =AVERAGE(J38:J47) -> 16.75 | K48: =AVERAGE(K38:K47) -> 1462.75 | L48: =AVERAGE(L38:L47) -> 87.336397 | M48: =AVERAGE(M38:M47) -> 15.25 | N48: =AVERAGE(N38:N47) -> 1191.6726 | O48: =AVERAGE(O38:O47) -> 77.910169 | P48: =M48-J48 -> -1.5 | Q48: =N48-K48 -> -271.07741 | R48: =O48/L48 -> 0.89206987 | W48: =(U48-T48)*24*60 -> 0 | Z48: =SUM(Z38:Z47) -> 0 | AA48: =SUM(AA38:AA47) -> 0 | AD48: =SUM(AD38:AD47) -> 0 | AE48: =SUM(AE38:AE47) -> 0 | AF48: =N48-K48 -> -271.07741 | AG48: =N48/K48 -> 0.8146796
A49: 手工五線 (ET-55) | B49: 義大利麵 | D49: 剝皮辣椒雞奶油扁麵 | F49: =VLOOKUP(D49,廠價表!$C$1:$E$41,3,0) -> 56.87 | G49: 1165 | H49: =F49*G49 -> 66253.55 | J49: =VLOOKUP(D49,產線配置圖!$A$3:$C$39,2,0) -> 18 | K49: =VLOOKUP(D49,產線配置圖!$A$3:$C$39,3,0) -> 1565 | L49: =K49/J49 -> 86.944444 | M49: 18 | N49: =G49/W49*60 -> 1370.5882 | O49: =N49/M49 -> 76.143791 | P49: =M49-J49 -> 0 | Q49: =O49-L49 -> -10.800654 | R49: =O49/L49 -> 0.87577523 | S49: =R58 -> 0.94420258 | T49: 0.29097222 | U49: 0.32638889 | W49: =(U49-T49)*24*60 -> 51 | AF49: =N49-K49 -> -194.41176 | AG49: =N49/K49 -> 0.87577523 | AH49: =AG58 -> 0.94351639
B50: 義大利麵 | D50: 奶油起司蝦仁通心粉 | F50: =VLOOKUP(D50,廠價表!$C$1:$E$41,3,0) -> 47.71 | G50: 2439 | H50: =F50*G50 -> 116364.69 | J50: =VLOOKUP(D50,產線配置圖!$A$3:$C$39,2,0) -> 16 | K50: =VLOOKUP(D50,產線配置圖!$A$3:$C$39,3,0) -> 1440 | L50: =K50/J50 -> 90 | M50: 16 | N50: =G50/W50*60 -> 1393.7143 | O50: =N50/M50 -> 87.107143 | P50: =M50-J50 -> 0 | Q50: =O50-L50 -> -2.8928571 | R50: =O50/L50 -> 0.96785714 | T50: 0.33333333 | U50: 0.40625 | V50: =(T50-U49)*24*60 -> 10 | W50: =(U50-T50)*24*60 -> 105 | AF50: =N50-K50 -> -46.285714 | AG50: =N50/K50 -> 0.96785714
B51: 義大利麵 | D51: 焗烤起司雙饗筆尖麵 | F51: =VLOOKUP(D51,廠價表!$C$1:$E$41,3,0) -> 49.97 | G51: 2412 | H51: =F51*G51 -> 120527.64 | J51: =VLOOKUP(D51,產線配置圖!$A$3:$C$39,2,0) -> 18 | K51: =VLOOKUP(D51,產線配置圖!$A$3:$C$39,3,0) -> 1600 | L51: =K51/J51 -> 88.888889 | M51: 18 | N51: =G51/W51*60 -> 1539.5745 | O51: =N51/M51 -> 85.531915 | P51: =M51-J51 -> 0 | Q51: =O51-L51 -> -3.356974 | R51: =O51/L51 -> 0.96223404 | T51: 0.4125 | U51: 0.47777778 | V51: =(T51-U50)*24*60 -> 9 | W51: =(U51-T51)*24*60 -> 94 | AF51: =N51-K51 -> -60.425532 | AG51: =N51/K51 -> 0.96223404
B52: 義大利麵 | D52: 焗烤起司雙饗筆尖麵 | F52: =VLOOKUP(D52,廠價表!$C$1:$E$41,3,0) -> 49.97 | G52: 2817 | H52: =F52*G52 -> 140765.49 | J52: =VLOOKUP(D52,產線配置圖!$A$3:$C$39,2,0) -> 18 | K52: =VLOOKUP(D52,產線配置圖!$A$3:$C$39,3,0) -> 1600 | L52: =K52/J52 -> 88.888889 | M52: 18 | N52: =G52/W52*60 -> 1550.6422 | O52: =N52/M52 -> 86.146789 | P52: =M52-J52 -> 0 | Q52: =O52-L52 -> -2.7420999 | R52: =O52/L52 -> 0.96915138 | T52: 0.53680556 | U52: 0.6125 | V52: =(T52-U51)*24*60 -> 85 | W52: =(U52-T52)*24*60 -> 109 | X52: 0.48611111 | Y52: 0.52777778 | AF52: =N52-K52 -> -49.357798 | AG52: =N52/K52 -> 0.96915138
W53: =(U53-T53)*24*60 -> 0 | AF53: =N53-K53 -> 0 | AG53: =N53/K53 -> #DIV/0!
W54: =(U54-T54)*24*60 -> 0
W55: =(U55-T55)*24*60 -> 0
W56: =(U56-T56)*24*60 -> 0
W57: =(U57-T57)*24*60 -> 0
C58: 4度二組C2 | D58: 平均 | J58: =AVERAGE(J49:J57) -> 17.5 | K58: =AVERAGE(K49:K57) -> 1551.25 | L58: =AVERAGE(L49:L57) -> 88.680556 | M58: =AVERAGE(M49:M57) -> 17.5 | N58: =AVERAGE(N49:N57) -> 1463.6298 | O58: =AVERAGE(O49:O57) -> 83.732409 | P58: =M58-J58 -> 0 | Q58: =N58-K58 -> -87.620202 | R58: =O58/L58 -> 0.94420258 | Z58: =SUM(Z49:Z57) -> 0 | AA58: =SUM(AA49:AA57) -> 0 | AD58: =SUM(AD49:AD57) -> 0 | AE58: =SUM(AE49:AE57) -> 0 | AF58: =N58-K58 -> -87.620202 | AG58: =N58/K58 -> 0.94351639
A59: 調理包一線 (八爪機) | B59: 小吃、微波 | D59: 小滷青蔬 | F59: =VLOOKUP(D59,廠價表!$C$1:$E$41,3,0) -> 26.99 | G59: 3593 | H59: =F59*G59 -> 96975.07 | J59: =VLOOKUP(D59,產線配置圖!$A$3:$C$39,2,0) -> 13 | K59: =VLOOKUP(D59,產線配置圖!$A$3:$C$39,3,0) -> 1565 | L59: =K59/J59 -> 120.38462 | M59: 13 | N59: =G59/W59*60 -> 1390.8387 | O59: =N59/M59 -> 106.98759 | P59: =M59-J59 -> 0 | Q59: =O59-L59 -> -13.397022 | R59: =O59/L59 -> 0.88871483 | S59: =R69 -> 0.87600469 | T59: 0.29166667 | U59: 0.39930556 | W59: =(U59-T59)*24*60 -> 155 | AF59: =N59-K59 -> -174.16129 | AG59: =N59/K59 -> 0.88871483 | AH59: =AG69 -> 0.87624912
B60: 小吃、微波 | D60: 起司馬鈴薯 | F60: =VLOOKUP(D60,廠價表!$C$1:$E$41,3,0) -> 28.26 | G60: 1596 | H60: =F60*G60 -> 45102.96 | J60: =VLOOKUP(D60,產線配置圖!$A$3:$C$39,2,0) -> 12 | K60: =VLOOKUP(D60,產線配置圖!$A$3:$C$39,3,0) -> 1565 | L60: =K60/J60 -> 130.41667 | M60: 12 | N60: =G60/W60*60 -> 1473.2308 | O60: =N60/M60 -> 122.76923 | P60: =M60-J60 -> 0 | Q60: =O60-L60 -> -7.6474359 | R60: =O60/L60 -> 0.94136151 | T60: 0.40972222 | U60: 0.45486111 | V60: =(T60-U59)*24*60 -> 15 | W60: =(U60-T60)*24*60 -> 65 | AF60: =N60-K60 -> -91.769231 | AG60: =N60/K60 -> 0.94136151
B61: 小吃、微波 | D61: 三杯菇菇米血 | F61: =VLOOKUP(D61,廠價表!$C$1:$E$41,3,0) -> 28.26 | G61: 1254 | H61: =F61*G61 -> 35438.04 | J61: =VLOOKUP(D61,產線配置圖!$A$3:$C$39,2,0) -> 12 | K61: =VLOOKUP(D61,產線配置圖!$A$3:$C$39,3,0) -> 1565 | L61: =K61/J61 -> 130.41667 | M61: 12 | N61: =G61/W61*60 -> 1368 | O61: =N61/M61 -> 114 | P61: =M61-J61 -> 0 | Q61: =O61-L61 -> -16.416667 | R61: =O61/L61 -> 0.87412141 | T61: 0.46527778 | U61: 0.50347222 | V61: =(T61-U60)*24*60 -> 15 | W61: =(U61-T61)*24*60 -> 55 | AF61: =N61-K61 -> -197 | AG61: =N61/K61 -> 0.87412141
B62: 小吃、微波 | D62: 三杯菇菇米血 | F62: =VLOOKUP(D62,廠價表!$C$1:$E$41,3,0) -> 28.26 | G62: 1671 | H62: =F62*G62 -> 47222.46 | J62: =VLOOKUP(D62,產線配置圖!$A$3:$C$39,2,0) -> 12 | K62: =VLOOKUP(D62,產線配置圖!$A$3:$C$39,3,0) -> 1565 | L62: =K62/J62 -> 130.41667 | M62: 12 | N62: =G62/W62*60 -> 1253.25 | O62: =N62/M62 -> 104.4375 | P62: =M62-J62 -> 0 | Q62: =O62-L62 -> -25.979167 | R62: =O62/L62 -> 0.80079872 | T62: 0.55902778 | U62: 0.61458333 | V62: =(T62-U61)*24*60 -> 80 | W62: =(U62-T62)*24*60 -> 80 | X62: 0.51041667 | Y62: 0.55208333 | AF62: =N62-K62 -> -311.75 | AG62: =N62/K62 -> 0.80079872
W63: =(U63-T63)*24*60 -> 0
W64: =(U64-T64)*24*60 -> 0
W65: =(U65-T65)*24*60 -> 0
W66: =(U66-T66)*24*60 -> 0
W67: =(U67-T67)*24*60 -> 0
H68: =F68*G68 -> 0 | W68: =(U68-T68)*24*60 -> 0
C69: 4度三組 | D69: 平均 | J69: =AVERAGE(J59:J68) -> 12.25 | K69: =AVERAGE(K59:K68) -> 1565 | L69: =AVERAGE(L59:L68) -> 127.90865 | M69: =AVERAGE(M59:M68) -> 12.25 | N69: =AVERAGE(N59:N68) -> 1371.3299 | O69: =AVERAGE(O59:O68) -> 112.04858 | P69: =M69-J69 -> 0 | Q69: =N69-K69 -> -193.67013 | R69: =O69/L69 -> 0.87600469 | Z69: =SUM(Z59:Z68) -> 0 | AA69: =SUM(AA59:AA68) -> 0 | AD69: =SUM(AD59:AD68) -> 0 | AE69: =SUM(AE59:AE68) -> 0 | AF69: =N69-K69 -> -193.67013 | AG69: =N69/K69 -> 0.87624912
A70: 調理包二線 (手工) | B70: 義大利麵 | D70: 焗烤起司肉醬筆尖麵 | F70: =VLOOKUP(D70,廠價表!$C$1:$E$41,3,0) -> 50.67 | G70: 2681 | H70: =F70*G70 -> 135846.27 | J70: =VLOOKUP(D70,產線配置圖!$A$3:$C$39,2,0) -> 10 | K70: =VLOOKUP(D70,產線配置圖!$A$3:$C$39,3,0) -> 1125 | L70: =K70/J70 -> 112.5 | M70: 10 | N70: =G70/W70*60 -> 903.70787 | O70: =N70/M70 -> 90.370787 | P70: =M70-J70 -> 0 | Q70: =O70-L70 -> -22.129213 | R70: =O70/L70 -> 0.80329588 | S70: =R79 -> 0.80329588 | T70: 0.33680556 | U70: 0.46041667 | W70: =(U70-T70)*24*60 -> 178 | AF70: =N70-K70 -> -221.29213 | AG70: =N70/K70 -> 0.80329588 | AH70: =AG79 -> 0.80329588
W71: =(U71-T71)*24*60 -> 0
W72: =(U72-T72)*24*60 -> 0
W73: =(U73-T73)*24*60 -> 0
W74: =(U74-T74)*24*60 -> 0
H75: =F75*G75 -> 0 | W75: =(U75-T75)*24*60 -> 0
H76: =F76*G76 -> 0 | W76: =(U76-T76)*24*60 -> 0
H77: =F77*G77 -> 0 | W77: =(U77-T77)*24*60 -> 0
H78: =F78*G78 -> 0 | W78: =(U78-T78)*24*60 -> 0
C79: 4度四組 | D79: 平均 | J79: =AVERAGE(J70:J78) -> 10 | K79: =AVERAGE(K70:K78) -> 1125 | L79: =AVERAGE(L70:L78) -> 112.5 | M79: =AVERAGE(M70:M78) -> 10 | N79: =AVERAGE(N70:N78) -> 903.70787 | O79: =AVERAGE(O70:O78) -> 90.370787 | P79: =M79-J79 -> 0 | Q79: =N79-K79 -> -221.29213 | R79: =O79/L79 -> 0.80329588 | Z79: =SUM(Z70:Z78) -> 0 | AA79: =SUM(AA70:AA78) -> 0 | AD79: =SUM(AD70:AD78) -> 0 | AE79: =SUM(AE70:AE78) -> 0 | AF79: =N79-K79 -> -221.29213 | AG79: =N79/K79 -> 0.80329588
AJ80: 1.當日出勤人數較多
AJ81: 2.當日出勤人數較少
AJ82: 3.當日出勤熟手較少
AJ83: 4.當日出勤新人較多
AJ84: 5.機台夾盒
AJ85: 6.封膜不順
AJ86: 7.更換膠膜
AJ87: 8.更換碳帶
AJ88: 9.當日熱轉印碳帶異常
AJ89: 10.訂單量過少
AJ90: 11.新品上市，尚未熟悉
AJ91: 12.商品結構，產能較低
AJ92: 13.區域出貨，分段生產

Sheet 0205總
B1: 長家廠組合室生產人時性分析
B3: 日期 | D3: 46058 | F3: 訂單量 | G3: ='0205'!E1 -> 54750 | I3: 營業額 | J3: ='0205'!G1 -> 2636503.6
B4: 項目 | D4: 3 | F4: ➀ | H4: ➁ | J4: ③ | L4: 異常停線 | N4: 短暫停線
B5: 人時性 | D5: 組合室 | F5: 全溫層 | H5: 義大利麵 | J5: 袋裝小吃、義麵 | L5: 合計次數 | M5: 時間 | N5: 合計次數 | O5: 設備次數
D6: 排關平均 | F6: =AVERAGE(D13:J13) -> 118.13761 | H6: =AVERAGE(D13:H13,J13) -> 116.5091 | J6: =AVERAGE(I13) -> 127.90865 | L6: =SUM(D18:J18) -> 0 | M6: =SUM(D19:J19) -> 0 | N6: =SUM(D20:J20) -> 16 | O6: =SUM(D20:J20) -> 16
D7: 實績平均 | F7: =AVERAGE(D14:J14) -> 106.98021 | H7: =AVERAGE(D14:H14,J14) -> 105.47481 | J7: =AVERAGE(I14) -> 116.01263 | L7: =AVERAGE(K14:L14) -> #DIV/0! | M7: =AVERAGE(L14:M14) -> #DIV/0! | N7: =AVERAGE(M14:N14) -> #DIV/0! | O7: =AVERAGE(N14:O14) -> #DIV/0!
D8: 達成率平均 | F8: =F7/F6 -> 0.90555589 | H8: =H7/H6 -> 0.9052924 | J8: =J7/J6 -> 0.90699598 | L8: =AVERAGE(K15:L15) -> #DIV/0! | M8: =AVERAGE(L15:M15) -> #DIV/0! | N8: =AVERAGE(M15:N15) -> #DIV/0! | O8: =AVERAGE(N15:O15) -> #DIV/0!
J9: ※現行日本鮮食廠以達成率80%為基本(即為現行KPI)
B10: 溫層 | D10: 4度C-各編組展開
B11: 編組 | D11: 1 | E11: 2 | F11: 3 | G11: 4 | H11: 5 | I11: 6 | J11: 7
D12: 自動1線 | E12: 自動2線 | F12: 手工3線 | G12: 手工4線 | H12: 手工5線 | I12: 調理包1線 | J12: 調理包2線
B13: 人時性 | C13: 排關 | D13: =VALUE('0205'!L15) -> 144.15121 | E13: =VALUE('0205'!L26) -> 176.22727 | F13: =VALUE('0205'!L37) -> 89.282353 | G13: =VALUE('0205'!L48) -> 88.213235 | H13: =VALUE('0205'!L58) -> 88.680556 | I13: =VALUE('0205'!L69) -> 127.90865 | J13: ='0205'!L79 -> 112.5
C14: 實績 | D14: =VALUE('0205'!O15) -> 129.26247 | E14: =VALUE('0205'!O26) -> 160.01428 | F14: =VALUE('0205'!O37) -> 83.21248 | G14: =VALUE('0205'!O48) -> 78.923039 | H14: =VALUE('0205'!O58) -> 87.095385 | I14: =VALUE('0205'!O69) -> 116.01263 | J14: ='0205'!O79 -> 94.341176
C15: 達成率 | D15: =D14/D13 -> 0.89671446 | E15: =E14/E13 -> 0.90799954 | F15: =F14/F13 -> 0.93201486 | G15: =G14/G13 -> 0.89468478 | H15: =H14/H13 -> 0.98212493 | I15: =I14/I13 -> 0.90699598 | J15: ='0205'!S70 -> 0.83858824
B16: 作業 時間 | C16: 開始 | D16: ='0205'!T5 -> 0.29027778 | E16: ='0205'!T16 -> 0.29027778 | F16: ='0205'!T27 -> 0.29166667 | G16: ='0205'!T38 -> 0.33194444 | H16: ='0205'!T49 -> 0.29027778 | I16: ='0205'!T59 -> 0.29027778 | J16: ='0205'!T70 -> 0.33333333
C17: 結束 | D17: 0.63472222 | E17: 0.64722222 | F17: 0.66319444 | G17: 0.5 | H17: 0.60555556 | I17: 0.57777778 | J17: 0.45138889
B18: 產線異常 (5分鐘以上) | C18: 次數 | D18: ='0205'!Z15 -> 0 | E18: ='0205'!Z26 -> 0 | F18: ='0205'!Z37 -> 0 | G18: ='0205'!Z48 -> 0 | H18: ='0205'!Z58 -> 0 | I18: ='0205'!Z69 -> 0 | J18: ='0205'!AA79 -> 0
C19: 時間/分 | D19: ='0205'!AA15 -> 0 | E19: ='0205'!AA26 -> 0 | F19: ='0205'!AA37 -> 0 | G19: ='0205'!AA48 -> 0 | H19: ='0205'!AA58 -> 0 | I19: ='0205'!AA69 -> 0 | J19: ='0205'!AB79 -> 0
B20: 短暫停線 (5分鐘以下) | C20: 次數 | D20: ='0205'!AD15 -> 1 | E20: ='0205'!AD26 -> 15 | F20: ='0205'!AD37 -> 0 | G20: ='0205'!AD48 -> 0 | H20: ='0205'!AD58 -> 0 | I20: ='0205'!AD69 -> 0 | J20: ='0205'!AD79 -> 0
C21: 設備次數 | D21: ='0205'!AE15 -> 1 | E21: ='0205'!AE26 -> 15 | F21: ='0205'!AE37 -> 0 | G21: ='0205'!AE48 -> 0 | H21: ='0205'!AE58 -> 0 | I21: ='0205'!AE69 -> 0 | J21: ='0205'!AE79 -> 0
B22: 配置人數 | D22: =VALUE('0205'!M15) -> 14 | E22: =VALUE('0205'!M26) -> 11.6 | F22: =VALUE('0205'!M37) -> 16 | G22: =VALUE('0205'!M48) -> 16.333333 | H22: =VALUE('0205'!M58) -> 17.5 | I22: =VALUE('0205'!M69) -> 12.25 | J22: ='0205'!M79 -> 10
B23: 主要應用設備 | D23: ET-600 | E23: ET-600 | F23: ET-55 | G23: ET-55 | H23: ET-55 | I23: 八爪機 | J23: 八爪機
B24: 次要應用設備 | H24: 封口機 | J24: 封口機
B25: 備註

Sheet 0205
A1: 長家廠4度C日報分析 | D1: 總生產量 | E1: =SUM(G5:G79) -> 54750 | F1: 營業額 | G1: =SUM(H5:H79) -> 2636503.6 | H1: 出勤人數 | I1: =M15+M26+M48+M58+M69+M79+M37 -> 97.683333 | J1: 產線配置圖 | M1: 生產實績 | P1: 人時性差異分析 | T1: 日報登錄 | Z1: 合計 次數 | AA1: 合計 時間/分 | AB1: 分析說明 | AD1: 合計 次數 | AE1: 合計 設備次數 | AF1: 產能差異分析
A2: 02月05日 星期四 | D2: 人時性 | E2: =AVERAGE(O15,O26,O37,O48,O58,O69,O79) -> 106.98021 | F2: 平均廠價 | G2: =G1/E1 -> 48.155317 | H2: 多次生產數 | I2: =COUNT(I5:I79) -> 0 | Z2: =Z15+Z26+Z37+Z48+Z58+Z69+Z79 -> 0 | AA2: =AA15+AA26+AA37+AA48+AA58+AA69+AA79 -> 0 | AD2: =AD15+AD26+AD37+AD48+AD58+AD69+AD79 -> 16 | AE2: =AE15+AE26+AE37+AE48+AE58+AE69+AE79 -> 16
A3: 線別 | B3: 品類 | D3: 品名 | F3: 廠價 | G3: 生產量 | H3: 營收 | I3: 多次 生產 | J3: 人數 | K3: 產能/時 | L3: 人時性 | M3: 人數 | N3: 產能/時 | O3: 人時性 | P3: 人數 | Q3: 人時性 | R3: 達成率 | S3: 達成率平均 | T3: 生產時間 | V3: 前置、換線時間/分 | W3: 稼動時間/分 | X3: 休息時間 | Z3: 產線異常統計 (5分鐘以上) | AD3: 短暫停線統計 (5分鐘以下) | AF3: 產能/時 | AG3: 達成率 | AH3: 達成率平均
T4: 開始 | U4: 結束 | X4: 開始 | Y4: 結束 | Z4: 次數 | AA4: 時間/分 | AD4: 總次數 | AE4: 設備因素(次數)
A5: 自動一線 (ET-600) | B5: 義大利麵 | D5: 白酒蛤蜊義大利麵 | F5: =VLOOKUP(D5,廠價表!$C$1:$E$41,3,0) -> 57.21 | G5: 1563 | H5: =F5*G5 -> 89419.23 | J5: =VLOOKUP(D5,產線配置圖!$A$3:$C$39,2,0) -> 12 | K5: =VLOOKUP(D5,產線配置圖!$A$3:$C$39,3,0) -> 2105 | L5: =K5/J5 -> 175.41667 | M5: 12 | N5: =G5/W5*60 -> 1875.6 | O5: =N5/M5 -> 156.3 | P5: =M5-J5 -> 0 | Q5: =O5-L5 -> -19.116667 | R5: =O5/L5 -> 0.89102138 | S5: =R15 -> 0.89671446 | T5: 0.29027778 | U5: 0.325 | W5: =(U5-T5)*24*60 -> 50 | AF5: =N5-K5 -> -229.4 | AG5: =N5/K5 -> 0.89102138 | AH5: =AG15 -> 0.89659849
B6: 義大利麵 | D6: 韓式起司炸雞義大利麵 | F6: =VLOOKUP(D6,廠價表!$C$1:$E$41,3,0) -> 57.21 | G6: 1548 | H6: =F6*G6 -> 88561.08 | J6: =VLOOKUP(D6,產線配置圖!$A$3:$C$39,2,0) -> 17 | K6: =VLOOKUP(D6,產線配置圖!$A$3:$C$39,3,0) -> 2000 | L6: =K6/J6 -> 117.64706 | M6: 17 | N6: =G6/W6*60 -> 1720 | O6: =N6/M6 -> 101.17647 | P6: =M6-J6 -> 0 | Q6: =O6-L6 -> -16.470588 | R6: =O6/L6 -> 0.86 | T6: 0.3375 | U6: 0.375 | V6: =(T6-U5)*24*60 -> 18 | W6: =(U6-T6)*24*60 -> 54 | AB6: 玉取機停麵 | AD6: 1 | AE6: 1 | AF6: =N6-K6 -> -280 | AG6: =N6/K6 -> 0.86
B7: 義大利麵 | D7: 辣味香菜雞肉義大利麵 | F7: =VLOOKUP(D7,廠價表!$C$1:$E$41,3,0) -> 56.28 | G7: 2361 | H7: =F7*G7 -> 132877.08 | J7: =VLOOKUP(D7,產線配置圖!$A$3:$C$39,2,0) -> 15 | K7: =VLOOKUP(D7,產線配置圖!$A$3:$C$39,3,0) -> 1800 | L7: =K7/J7 -> 120 | M7: 15 | N7: =G7/W7*60 -> 1727.561 | O7: =N7/M7 -> 115.17073 | P7: =M7-J7 -> 0 | Q7: =O7-L7 -> -4.8292683 | R7: =O7/L7 -> 0.9597561 | T7: 0.38194444 | U7: 0.43888889 | V7: =(T7-U6)*24*60 -> 10 | W7: =(U7-T7)*24*60 -> 82 | AF7: =N7-K7 -> -72.439024 | AG7: =N7/K7 -> 0.9597561
B8: 義大利麵 | D8: 奶油培根義大利麵 | F8: =VLOOKUP(D8,廠價表!$C$1:$E$41,3,0) -> 49.14 | G8: 1155 | H8: =F8*G8 -> 56756.7 | J8: =VLOOKUP(D8,產線配置圖!$A$3:$C$39,2,0) -> 13 | K8: =VLOOKUP(D8,產線配置圖!$A$3:$C$39,3,0) -> 2000 | L8: =K8/J8 -> 153.84615 | M8: 13 | N8: =G8/W8*60 -> 1732.5 | O8: =N8/M8 -> 133.26923 | P8: =M8-J8 -> 0 | Q8: =O8-L8 -> -20.576923 | R8: =O8/L8 -> 0.86625 | T8: 0.45 | U8: 0.47777778 | V8: =(T8-U7)*24*60 -> 16 | W8: =(U8-T8)*24*60 -> 40 | AF8: =N8-K8 -> -267.5 | AG8: =N8/K8 -> 0.86625
B9: 義大利麵 | D9: 奶油培根義大利麵 | F9: =VLOOKUP(D9,廠價表!$C$1:$E$41,3,0) -> 49.14 | G9: 4137 | H9: =F9*G9 -> 203292.18 | J9: =VLOOKUP(D9,產線配置圖!$A$3:$C$39,2,0) -> 13 | K9: =VLOOKUP(D9,產線配置圖!$A$3:$C$39,3,0) -> 2000 | L9: =K9/J9 -> 153.84615 | M9: 13 | N9: =G9/W9*60 -> 1825.1471 | O9: =N9/M9 -> 140.39593 | P9: =M9-J9 -> 0 | Q9: =O9-L9 -> -13.450226 | R9: =O9/L9 -> 0.91257353 | T9: 0.54027778 | U9: 0.63472222 | V9: =(T9-U8)*24*60 -> 90 | W9: =(U9-T9)*24*60 -> 136 | X9: 0.48611111 | Y9: 0.52777778 | AF9: =N9-K9 -> -174.85294 | AG9: =N9/K9 -> 0.91257353
W10: =(U10-T10)*24*60 -> 0
W11: =(U11-T11)*24*60 -> 0
W12: =(U12-T12)*24*60 -> 0
W13: =(U13-T13)*24*60 -> 0
W14: =(U14-T14)*24*60 -> 0
C15: 4度一組 | D15: 平均 | J15: =AVERAGE(J5:J14) -> 14 | K15: =AVERAGE(K5:K14) -> 1981 | L15: =AVERAGE(L5:L14) -> 144.15121 | M15: =AVERAGE(M5:M14) -> 14 | N15: =AVERAGE(N5:N14) -> 1776.1616 | O15: =AVERAGE(O5:O14) -> 129.26247 | P15: =M15-J15 -> 0 | Q15: =O15-L15 -> -14.888735 | R15: =O15/L15 -> 0.89671446 | Z15: =SUM(Z5:Z14) -> 0 | AA15: =SUM(AA5:AA14) -> 0 | AD15: =SUM(AD5:AD14) -> 1 | AE15: =SUM(AE5:AE14) -> 1 | AF15: =N15-K15 -> -204.83839 | AG15: =N15/K15 -> 0.89659849
A16: 自動二線 (ET-600) | B16: 義大利麵 | D16: 白酒蛤蜊義大利麵 | F16: =VLOOKUP(D16,廠價表!$C$1:$E$41,3,0) -> 57.21 | G16: 1343 | H16: =F16*G16 -> 76833.03 | J16: =VLOOKUP(D16,產線配置圖!$A$3:$C$39,2,0) -> 12 | K16: =VLOOKUP(D16,產線配置圖!$A$3:$C$39,3,0) -> 2105 | L16: =K16/J16 -> 175.41667 | M16: 12 | N16: =G16/W16*60 -> 1918.5714 | O16: =N16/M16 -> 159.88095 | P16: =M16-J16 -> 0 | Q16: =O16-L16 -> -15.535714 | R16: =O16/L16 -> 0.91143536 | S16: =R26 -> 0.90799954 | T16: 0.29027778 | U16: 0.31944444 | W16: =(U16-T16)*24*60 -> 42 | AF16: =N16-K16 -> -186.42857 | AG16: =N16/K16 -> 0.91143536 | AH16: =AG26 -> 0.90772105
B17: 義大利麵 | D17: 青醬蛤蜊義大利麵 | F17: =VLOOKUP(D17,廠價表!$C$1:$E$41,3,0) -> 50.67 | G17: 3326 | H17: =F17*G17 -> 168528.42 | J17: =VLOOKUP(D17,產線配置圖!$A$3:$C$39,2,0) -> 12 | K17: =VLOOKUP(D17,產線配置圖!$A$3:$C$39,3,0) -> 2000 | L17: =K17/J17 -> 166.66667 | M17: 12 | N17: =G17/W17*60 -> 1995.6 | O17: =N17/M17 -> 166.3 | P17: =M17-J17 -> 0 | Q17: =O17-L17 -> -0.36666667 | R17: =O17/L17 -> 0.9978 | T17: 0.34444444 | U17: 0.41388889 | V17: =(T17-U16)*24*60 -> 36 | W17: =(U17-T17)*24*60 -> 100 | AB17: 玉取機停麵 | AD17: 15 | AE17: 15 | AF17: =N17-K17 -> -4.4 | AG17: =N17/K17 -> 0.9978
B18: 義大利麵 | D18: 義式蕃茄起司義大利麵 | F18: =VLOOKUP(D18,廠價表!$C$1:$E$41,3,0) -> 50.39 | G18: 2420 | H18: =F18*G18 -> 121943.8 | J18: =VLOOKUP(D18,產線配置圖!$A$3:$C$39,2,0) -> 11 | K18: =VLOOKUP(D18,產線配置圖!$A$3:$C$39,3,0) -> 2000 | L18: =K18/J18 -> 181.81818 | M18: 11 | N18: =G18/W18*60 -> 1815 | O18: =N18/M18 -> 165 | P18: =M18-J18 -> 0 | Q18: =O18-L18 -> -16.818182 | R18: =O18/L18 -> 0.9075 | T18: 0.42222222 | U18: 0.47777778 | V18: =(T18-U17)*24*60 -> 12 | W18: =(U18-T18)*24*60 -> 80 | AF18: =N18-K18 -> -185 | AG18: =N18/K18 -> 0.9075
B19: 義大利麵 | D19: 義式蕃茄起司義大利麵 | F19: =VLOOKUP(D19,廠價表!$C$1:$E$41,3,0) -> 50.39 | G19: 2680 | H19: =F19*G19 -> 135045.2 | J19: =VLOOKUP(D19,產線配置圖!$A$3:$C$39,2,0) -> 11 | K19: =VLOOKUP(D19,產線配置圖!$A$3:$C$39,3,0) -> 2000 | L19: =K19/J19 -> 181.81818 | M19: 11 | N19: =G19/W19*60 -> 1848.2759 | O19: =N19/M19 -> 168.02508 | P19: =M19-J19 -> 0 | Q19: =O19-L19 -> -13.793103 | R19: =O19/L19 -> 0.92413793 | T19: 0.54236111 | U19: 0.60277778 | V19: =(T19-U18)*24*60 -> 93 | W19: =(U19-T19)*24*60 -> 87 | X19: 0.48611111 | Y19: 0.52777778 | AF19: =N19-K19 -> -151.72414 | AG19: =N19/K19 -> 0.92413793
B20: 義大利麵 | D20: 白酒蛤蜊義大利麵 | F20: =VLOOKUP(D20,廠價表!$C$1:$E$41,3,0) -> 57.21 | G20: 1465 | H20: =F20*G20 -> 83812.65 | J20: =VLOOKUP(D20,產線配置圖!$A$3:$C$39,2,0) -> 12 | K20: =VLOOKUP(D20,產線配置圖!$A$3:$C$39,3,0) -> 2105 | L20: =K20/J20 -> 175.41667 | M20: 12 | N20: =G20/W20*60 -> 1690.3846 | O20: =N20/M20 -> 140.86538 | P20: =M20-J20 -> 0 | Q20: =O20-L20 -> -34.551282 | R20: =O20/L20 -> 0.80303307 | T20: 0.61111111 | U20: 0.64722222 | V20: =(T20-U19)*24*60 -> 12 | W20: =(U20-T20)*24*60 -> 52 | AF20: =N20-K20 -> -414.61538 | AG20: =N20/K20 -> 0.80303307
W21: =(U21-T21)*24*60 -> 0
W22: =(U22-T22)*24*60 -> 0
W23: =(U23-T23)*24*60 -> 0
H24: =F24*G24 -> 0 | W24: =(U24-T24)*24*60 -> 0
H25: =F25*G25 -> 0 | W25: =(U25-T25)*24*60 -> 0
C26: 4度二組A | D26: 平均 | J26: =AVERAGE(J16:J25) -> 11.6 | K26: =AVERAGE(K16:K25) -> 2042 | L26: =AVERAGE(L16:L25) -> 176.22727 | M26: =AVERAGE(M16:M25) -> 11.6 | N26: =AVERAGE(N16:N25) -> 1853.5664 | O26: =AVERAGE(O16:O25) -> 160.01428 | P26: =M26-J26 -> 0 | Q26: =O26-L26 -> -16.21299 | R26: =O26/L26 -> 0.90799954 | Z26: =SUM(Z16:Z25) -> 0 | AA26: =SUM(AA16:AA25) -> 0 | AD26: =SUM(AD16:AD25) -> 15 | AE26: =SUM(AE16:AE25) -> 15 | AF26: =N26-K26 -> -188.43362 | AG26: =N26/K26 -> 0.90772105
A27: 手工三線 (ET-55) | B27: 義大利麵 | D27: 惡魔乳酪生義大利麵 | F27: =VLOOKUP(D27,廠價表!$C$1:$E$41,3,0) -> 57.3 | G27: 2046 | H27: =F27*G27 -> 117235.8 | J27: =VLOOKUP(D27,產線配置圖!$A$3:$C$39,2,0) -> 17 | K27: =VLOOKUP(D27,產線配置圖!$A$3:$C$39,3,0) -> 1500 | L27: =K27/J27 -> 88.235294 | M27: 17 | N27: =G27/W27*60 -> 1444.2353 | O27: =N27/M27 -> 84.955017 | P27: =M27-J27 -> 0 | Q27: =O27-L27 -> -3.2802768 | R27: =O27/L27 -> 0.96282353 | S27: =R37 -> 0.93201486 | T27: 0.29166667 | U27: 0.35069444 | W27: =(U27-T27)*24*60 -> 85 | AF27: =N27-K27 -> -55.764706 | AG27: =N27/K27 -> 0.96282353 | AH27: =AG37 -> 0.92142665
B28: 義大利麵 | D28: 奶油蒜香雞義大利麵 | F28: =VLOOKUP(D28,廠價表!$C$1:$E$41,3,0) -> 55.13 | G28: 1675 | H28: =F28*G28 -> 92342.75 | J28: =VLOOKUP(D28,產線配置圖!$A$3:$C$39,2,0) -> 17 | K28: =VLOOKUP(D28,產線配置圖!$A$3:$C$39,3,0) -> 1385 | L28: =K28/J28 -> 81.470588 | M28: 16 | N28: =G28/W28*60 -> 1046.875 | O28: =N28/M28 -> 65.429687 | P28: =M28-J28 -> -1 | Q28: =O28-L28 -> -16.040901 | R28: =O28/L28 -> 0.80310808 | T28: 0.35625 | U28: 0.42291667 | V28: =(T28-U27)*24*60 -> 8 | W28: =(U28-T28)*24*60 -> 96 | AF28: =N28-K28 -> -338.125 | AG28: =N28/K28 -> 0.75586643
B29: 熱乾麵 | D29: 沙茶豬肉炒麵 | F29: =VLOOKUP(D29,廠價表!$C$1:$E$41,3,0) -> 49.52 | G29: 1236 | H29: =F29*G29 -> 61206.72 | J29: =VLOOKUP(D29,產線配置圖!$A$3:$C$39,2,0) -> 15 | K29: =VLOOKUP(D29,產線配置圖!$A$3:$C$39,3,0) -> 1440 | L29: =K29/J29 -> 96 | M29: 15 | N29: =G29/W29*60 -> 1373.3333 | O29: =N29/M29 -> 91.555556 | P29: =M29-J29 -> 0 | Q29: =O29-L29 -> -4.4444444 | R29: =O29/L29 -> 0.9537037 | T29: 0.42916667 | U29: 0.46666667 | V29: =(T29-U28)*24*60 -> 9 | W29: =(U29-T29)*24*60 -> 54 | AF29: =N29-K29 -> -66.666667 | AG29: =N29/K29 -> 0.9537037
B30: 熱乾麵 | D30: 沙茶豬肉炒麵 | F30: =VLOOKUP(D30,廠價表!$C$1:$E$41,3,0) -> 49.52 | G30: 905 | H30: =F30*G30 -> 44815.6 | J30: =VLOOKUP(D30,產線配置圖!$A$3:$C$39,2,0) -> 15 | K30: =VLOOKUP(D30,產線配置圖!$A$3:$C$39,3,0) -> 1440 | L30: =K30/J30 -> 96 | M30: 15 | N30: =G30/W30*60 -> 1392.3077 | O30: =N30/M30 -> 92.820513 | P30: =M30-J30 -> 0 | Q30: =O30-L30 -> -3.1794872 | R30: =O30/L30 -> 0.96688034 | T30: 0.52569444 | U30: 0.55277778 | V30: =(T30-U29)*24*60 -> 85 | W30: =(U30-T30)*24*60 -> 39 | X30: 0.47222222 | Y30: 0.51388889 | AF30: =N30-K30 -> -47.692308 | AG30: =N30/K30 -> 0.96688034
B31: 熱乾麵 | D31: 府城鹽水意麵 | F31: =VLOOKUP(D31,廠價表!$C$1:$E$41,3,0) -> 44.3 | G31: 3248 | H31: =F31*G31 -> 143886.4 | J31: =VLOOKUP(D31,產線配置圖!$A$3:$C$39,2,0) -> 17 | K31: =VLOOKUP(D31,產線配置圖!$A$3:$C$39,3,0) -> 1440 | L31: =K31/J31 -> 84.705882 | M31: 17 | N31: =G31/W31*60 -> 1382.1277 | O31: =N31/M31 -> 81.301627 | P31: =M31-J31 -> 0 | Q31: =O31-L31 -> -3.4042553 | R31: =O31/L31 -> 0.95981087 | T31: 0.56527778 | U31: 0.66319444 | V31: =(T31-U30)*24*60 -> 18 | W31: =(U31-T31)*24*60 -> 141 | AF31: =N31-K31 -> -57.87234 | AG31: =N31/K31 -> 0.95981087
W32: =(U32-T32)*24*60 -> 0
W33: =(U33-T33)*24*60 -> 0
W34: =(U34-T34)*24*60 -> 0
W35: =(U35-T35)*24*60 -> 0
H36: =F36*G36 -> 0 | W36: =(U36-T36)*24*60 -> 0
C37: 4度二組B | D37: 平均 | J37: =AVERAGE(J27:J36) -> 16.2 | K37: =AVERAGE(K27:K36) -> 1441 | L37: =AVERAGE(L27:L36) -> 89.282353 | M37: =AVERAGE(M27:M36) -> 16 | N37: =AVERAGE(N27:N36) -> 1327.7758 | O37: =AVERAGE(O27:O36) -> 83.21248 | P37: =M37-J37 -> -0.2 | Q37: =N37-K37 -> -113.2242 | R37: =O37/L37 -> 0.93201486 | Z37: =SUM(Z27:Z36) -> 0 | AA37: =SUM(AA27:AA36) -> 0 | AD37: =SUM(AD27:AD36) -> 0 | AE37: =SUM(AE27:AE36) -> 0 | AF37: =N37-K37 -> -113.2242 | AG37: =N37/K37 -> 0.92142665
A38: 手工四線 (ET-55) | B38: 義大利麵 | D38: 濃拿坡里義大利麵 | F38: =VLOOKUP(D38,廠價表!$C$1:$E$41,3,0) -> 56.43 | G38: 1102 | H38: =F38*G38 -> 62185.86 | J38: =VLOOKUP(D38,產線配置圖!$A$3:$C$39,2,0) -> 16 | K38: =VLOOKUP(D38,產線配置圖!$A$3:$C$39,3,0) -> 1406 | L38: =K38/J38 -> 87.875 | M38: 16 | N38: =G38/W38*60 -> 1160 | O38: =N38/M38 -> 72.5 | P38: =M38-J38 -> 0 | Q38: =O38-L38 -> -15.375 | R38: =O38/L38 -> 0.82503556 | S38: =R48 -> 0.89468478 | T38: 0.33194444 | U38: 0.37152778 | W38: =(U38-T38)*24*60 -> 57 | AF38: =N38-K38 -> -246 | AG38: =N38/K38 -> 0.82503556 | AH38: =AG48 -> 0.87581826
B39: 熱乾麵 | D39: 青花椒麻雞肉拌麵 | F39: =VLOOKUP(D39,廠價表!$C$1:$E$41,3,0) -> 49.91 | G39: 2168 | H39: =F39*G39 -> 108204.88 | J39: =VLOOKUP(D39,產線配置圖!$A$3:$C$39,2,0) -> 17 | K39: =VLOOKUP(D39,產線配置圖!$A$3:$C$39,3,0) -> 1565 | L39: =K39/J39 -> 92.058824 | M39: 16 | N39: =G39/W39*60 -> 1429.4505 | O39: =N39/M39 -> 89.340659 | P39: =M39-J39 -> -1 | Q39: =O39-L39 -> -2.7181642 | R39: =O39/L39 -> 0.97047362 | T39: 0.37847222 | U39: 0.44166667 | V39: =(T39-U38)*24*60 -> 10 | W39: =(U39-T39)*24*60 -> 91 | AF39: =N39-K39 -> -135.54945 | AG39: =N39/K39 -> 0.91338693
B40: 熱乾麵 | D40: 府城鹽水意麵 | F40: =VLOOKUP(D40,廠價表!$C$1:$E$41,3,0) -> 44.3 | G40: 1571 | H40: =F40*G40 -> 69595.3 | J40: =VLOOKUP(D40,產線配置圖!$A$3:$C$39,2,0) -> 17 | K40: =VLOOKUP(D40,產線配置圖!$A$3:$C$39,3,0) -> 1440 | L40: =K40/J40 -> 84.705882 | M40: 17 | N40: =G40/W40*60 -> 1273.7838 | O40: =N40/M40 -> 74.928458 | P40: =M40-J40 -> 0 | Q40: =O40-L40 -> -9.7774245 | R40: =O40/L40 -> 0.88457207 | T40: 0.44861111 | U40: 0.5 | V40: =(T40-U39)*24*60 -> 10 | W40: =(U40-T40)*24*60 -> 74 | AF40: =N40-K40 -> -166.21622 | AG40: =N40/K40 -> 0.88457207
W41: =(U41-T41)*24*60 -> 0 | AF41: =N41-K41 -> 0 | AG41: =N41/K41 -> #DIV/0!
W42: =(U42-T42)*24*60 -> 0
W43: =(U43-T43)*24*60 -> 0
W44: =(U44-T44)*24*60 -> 0
W45: =(U45-T45)*24*60 -> 0
W46: =(U46-T46)*24*60 -> 0
H47: =F47*G47 -> 0 | W47: =(U47-T47)*24*60 -> 0
C48: 4度二組C1 | D48: 平均 | J48: =AVERAGE(J38:J47) -> 16.666667 | K48: =AVERAGE(K38:K47) -> 1470.3333 | L48: =AVERAGE(L38:L47) -> 88.213235 | M48: =AVERAGE(M38:M47) -> 16.333333 | N48: =AVERAGE(N38:N47) -> 1287.7448 | O48: =AVERAGE(O38:O47) -> 78.923039 | P48: =M48-J48 -> -0.33333333 | Q48: =N48-K48 -> -182.58856 | R48: =O48/L48 -> 0.89468478 | W48: =(U48-T48)*24*60 -> 0 | Z48: =SUM(Z38:Z47) -> 0 | AA48: =SUM(AA38:AA47) -> 0 | AD48: =SUM(AD38:AD47) -> 0 | AE48: =SUM(AE38:AE47) -> 0 | AF48: =N48-K48 -> -182.58856 | AG48: =N48/K48 -> 0.87581826
A49: 手工五線 (ET-55) | B49: 義大利麵 | D49: 剝皮辣椒雞奶油扁麵 | F49: =VLOOKUP(D49,廠價表!$C$1:$E$41,3,0) -> 56.87 | G49: 1196 | H49: =F49*G49 -> 68016.52 | J49: =VLOOKUP(D49,產線配置圖!$A$3:$C$39,2,0) -> 18 | K49: =VLOOKUP(D49,產線配置圖!$A$3:$C$39,3,0) -> 1565 | L49: =K49/J49 -> 86.944444 | M49: 18 | N49: =G49/W49*60 -> 1526.8085 | O49: =N49/M49 -> 84.822695 | P49: =M49-J49 -> 0 | Q49: =O49-L49 -> -2.1217494 | R49: =O49/L49 -> 0.97559649 | S49: =R58 -> 0.98212493 | T49: 0.29027778 | U49: 0.32291667 | W49: =(U49-T49)*24*60 -> 47 | AF49: =N49-K49 -> -38.191489 | AG49: =N49/K49 -> 0.97559649 | AH49: =AG58 -> 0.98175144
B50: 義大利麵 | D50: 奶油起司蝦仁通心粉 | F50: =VLOOKUP(D50,廠價表!$C$1:$E$41,3,0) -> 47.71 | G50: 2388 | H50: =F50*G50 -> 113931.48 | J50: =VLOOKUP(D50,產線配置圖!$A$3:$C$39,2,0) -> 16 | K50: =VLOOKUP(D50,產線配置圖!$A$3:$C$39,3,0) -> 1440 | L50: =K50/J50 -> 90 | M50: 16 | N50: =G50/W50*60 -> 1432.8 | O50: =N50/M50 -> 89.55 | P50: =M50-J50 -> 0 | Q50: =O50-L50 -> -0.45 | R50: =O50/L50 -> 0.995 | T50: 0.32847222 | U50: 0.39791667 | V50: =(T50-U49)*24*60 -> 8 | W50: =(U50-T50)*24*60 -> 100 | AF50: =N50-K50 -> -7.2 | AG50: =N50/K50 -> 0.995
B51: 義大利麵 | D51: 焗烤起司雙饗筆尖麵 | F51: =VLOOKUP(D51,廠價表!$C$1:$E$41,3,0) -> 49.97 | G51: 2557 | H51: =F51*G51 -> 127773.29 | J51: =VLOOKUP(D51,產線配置圖!$A$3:$C$39,2,0) -> 18 | K51: =VLOOKUP(D51,產線配置圖!$A$3:$C$39,3,0) -> 1600 | L51: =K51/J51 -> 88.888889 | M51: 18 | N51: =G51/W51*60 -> 1534.2 | O51: =N51/M51 -> 85.233333 | P51: =M51-J51 -> 0 | Q51: =O51-L51 -> -3.6555556 | R51: =O51/L51 -> 0.958875 | T51: 0.40347222 | U51: 0.47291667 | V51: =(T51-U50)*24*60 -> 8 | W51: =(U51-T51)*24*60 -> 100 | AF51: =N51-K51 -> -65.8 | AG51: =N51/K51 -> 0.958875
B52: 義大利麵 | D52: 焗烤起司雙饗筆尖麵 | F52: =VLOOKUP(D52,廠價表!$C$1:$E$41,3,0) -> 49.97 | G52: 2610 | H52: =F52*G52 -> 130421.7 | J52: =VLOOKUP(D52,產線配置圖!$A$3:$C$39,2,0) -> 18 | K52: =VLOOKUP(D52,產線配置圖!$A$3:$C$39,3,0) -> 1600 | L52: =K52/J52 -> 88.888889 | M52: 18 | N52: =G52/W52*60 -> 1597.9592 | O52: =N52/M52 -> 88.77551 | P52: =M52-J52 -> 0 | Q52: =O52-L52 -> -0.11337868 | R52: =O52/L52 -> 0.99872449 | T52: 0.5375 | U52: 0.60555556 | V52: =(T52-U51)*24*60 -> 93 | W52: =(U52-T52)*24*60 -> 98 | X52: 0.47916667 | Y52: 0.52083333 | AF52: =N52-K52 -> -2.0408163 | AG52: =N52/K52 -> 0.99872449
W53: =(U53-T53)*24*60 -> 0 | AF53: =N53-K53 -> 0 | AG53: =N53/K53 -> #DIV/0!
W54: =(U54-T54)*24*60 -> 0
W55: =(U55-T55)*24*60 -> 0
W56: =(U56-T56)*24*60 -> 0
W57: =(U57-T57)*24*60 -> 0
C58: 4度二組C2 | D58: 平均 | J58: =AVERAGE(J49:J57) -> 17.5 | K58: =AVERAGE(K49:K57) -> 1551.25 | L58: =AVERAGE(L49:L57) -> 88.680556 | M58: =AVERAGE(M49:M57) -> 17.5 | N58: =AVERAGE(N49:N57) -> 1522.9419 | O58: =AVERAGE(O49:O57) -> 87.095385 | P58: =M58-J58 -> 0 | Q58: =N58-K58 -> -28.308076 | R58: =O58/L58 -> 0.98212493 | Z58: =SUM(Z49:Z57) -> 0 | AA58: =SUM(AA49:AA57) -> 0 | AD58: =SUM(AD49:AD57) -> 0 | AE58: =SUM(AE49:AE57) -> 0 | AF58: =N58-K58 -> -28.308076 | AG58: =N58/K58 -> 0.98175144
A59: 調理包一線 (八爪機) | B59: 小吃、微波 | D59: 小滷青蔬 | F59: =VLOOKUP(D59,廠價表!$C$1:$E$41,3,0) -> 26.99 | G59: 3226 | H59: =F59*G59 -> 87069.74 | J59: =VLOOKUP(D59,產線配置圖!$A$3:$C$39,2,0) -> 13 | K59: =VLOOKUP(D59,產線配置圖!$A$3:$C$39,3,0) -> 1565 | L59: =K59/J59 -> 120.38462 | M59: 13 | N59: =G59/W59*60 -> 1524.0945 | O59: =N59/M59 -> 117.23804 | P59: =M59-J59 -> 0 | Q59: =O59-L59 -> -3.1465778 | R59: =O59/L59 -> 0.97386229 | S59: =R69 -> 0.90699598 | T59: 0.29027778 | U59: 0.37847222 | W59: =(U59-T59)*24*60 -> 127 | AF59: =N59-K59 -> -40.905512 | AG59: =N59/K59 -> 0.97386229 | AH59: =AG69 -> 0.90828187
B60: 小吃、微波 | D60: 起司馬鈴薯 | F60: =VLOOKUP(D60,廠價表!$C$1:$E$41,3,0) -> 28.26 | G60: 1558 | H60: =F60*G60 -> 44029.08 | J60: =VLOOKUP(D60,產線配置圖!$A$3:$C$39,2,0) -> 12 | K60: =VLOOKUP(D60,產線配置圖!$A$3:$C$39,3,0) -> 1565 | L60: =K60/J60 -> 130.41667 | M60: 12 | N60: =G60/W60*60 -> 1298.3333 | O60: =N60/M60 -> 108.19444 | P60: =M60-J60 -> 0 | Q60: =O60-L60 -> -22.222222 | R60: =O60/L60 -> 0.82960596 | T60: 0.39236111 | U60: 0.44236111 | V60: =(T60-U59)*24*60 -> 20 | W60: =(U60-T60)*24*60 -> 72 | AF60: =N60-K60 -> -266.66667 | AG60: =N60/K60 -> 0.82960596
B61: 小吃、微波 | D61: 三杯菇菇米血 | F61: =VLOOKUP(D61,廠價表!$C$1:$E$41,3,0) -> 28.26 | G61: 1969 | H61: =F61*G61 -> 55643.94 | J61: =VLOOKUP(D61,產線配置圖!$A$3:$C$39,2,0) -> 12 | K61: =VLOOKUP(D61,產線配置圖!$A$3:$C$39,3,0) -> 1565 | L61: =K61/J61 -> 130.41667 | M61: 12 | N61: =G61/W61*60 -> 1476.75 | O61: =N61/M61 -> 123.0625 | P61: =M61-J61 -> 0 | Q61: =O61-L61 -> -7.3541667 | R61: =O61/L61 -> 0.94361022 | T61: 0.45138889 | U61: 0.50694444 | V61: =(T61-U60)*24*60 -> 13 | W61: =(U61-T61)*24*60 -> 80 | AF61: =N61-K61 -> -88.25 | AG61: =N61/K61 -> 0.94361022
B62: 小吃、微波 | D62: 三杯菇菇米血 | F62: =VLOOKUP(D62,廠價表!$C$1:$E$41,3,0) -> 28.26 | G62: 624 | H62: =F62*G62 -> 17634.24 | J62: =VLOOKUP(D62,產線配置圖!$A$3:$C$39,2,0) -> 12 | K62: =VLOOKUP(D62,產線配置圖!$A$3:$C$39,3,0) -> 1565 | L62: =K62/J62 -> 130.41667 | M62: 12 | N62: =G62/W62*60 -> 1386.6667 | O62: =N62/M62 -> 115.55556 | P62: =M62-J62 -> 0 | Q62: =O62-L62 -> -14.861111 | R62: =O62/L62 -> 0.88604899 | T62: 0.55902778 | U62: 0.57777778 | V62: =(T62-U61)*24*60 -> 75 | W62: =(U62-T62)*24*60 -> 27 | X62: 0.51388889 | Y62: 0.55555556 | AF62: =N62-K62 -> -178.33333 | AG62: =N62/K62 -> 0.88604899
W63: =(U63-T63)*24*60 -> 0
W64: =(U64-T64)*24*60 -> 0
W65: =(U65-T65)*24*60 -> 0
W66: =(U66-T66)*24*60 -> 0
W67: =(U67-T67)*24*60 -> 0
H68: =F68*G68 -> 0 | W68: =(U68-T68)*24*60 -> 0
C69: 4度三組 | D69: 平均 | J69: =AVERAGE(J59:J68) -> 12.25 | K69: =AVERAGE(K59:K68) -> 1565 | L69: =AVERAGE(L59:L68) -> 127.90865 | M69: =AVERAGE(M59:M68) -> 12.25 | N69: =AVERAGE(N59:N68) -> 1421.4611 | O69: =AVERAGE(O59:O68) -> 116.01263 | P69: =M69-J69 -> 0 | Q69: =N69-K69 -> -143.53888 | R69: =O69/L69 -> 0.90699598 | Z69: =SUM(Z59:Z68) -> 0 | AA69: =SUM(AA59:AA68) -> 0 | AD69: =SUM(AD59:AD68) -> 0 | AE69: =SUM(AE59:AE68) -> 0 | AF69: =N69-K69 -> -143.53888 | AG69: =N69/K69 -> 0.90828187
A70: 調理包二線 (手工) | B70: 義大利麵 | D70: 焗烤起司肉醬筆尖麵 | F70: =VLOOKUP(D70,廠價表!$C$1:$E$41,3,0) -> 50.67 | G70: 2673 | H70: =F70*G70 -> 135440.91 | J70: =VLOOKUP(D70,產線配置圖!$A$3:$C$39,2,0) -> 10 | K70: =VLOOKUP(D70,產線配置圖!$A$3:$C$39,3,0) -> 1125 | L70: =K70/J70 -> 112.5 | M70: 10 | N70: =G70/W70*60 -> 943.41176 | O70: =N70/M70 -> 94.341176 | P70: =M70-J70 -> 0 | Q70: =O70-L70 -> -18.158824 | R70: =O70/L70 -> 0.83858824 | S70: =R79 -> 0.83858824 | T70: 0.33333333 | U70: 0.45138889 | W70: =(U70-T70)*24*60 -> 170 | AF70: =N70-K70 -> -181.58824 | AG70: =N70/K70 -> 0.83858824 | AH70: =AG79 -> 0.83858824
W71: =(U71-T71)*24*60 -> 0
W72: =(U72-T72)*24*60 -> 0
W73: =(U73-T73)*24*60 -> 0
W74: =(U74-T74)*24*60 -> 0
H75: =F75*G75 -> 0 | W75: =(U75-T75)*24*60 -> 0
H76: =F76*G76 -> 0 | W76: =(U76-T76)*24*60 -> 0
H77: =F77*G77 -> 0 | W77: =(U77-T77)*24*60 -> 0
H78: =F78*G78 -> 0 | W78: =(U78-T78)*24*60 -> 0
C79: 4度四組 | D79: 平均 | J79: =AVERAGE(J70:J78) -> 10 | K79: =AVERAGE(K70:K78) -> 1125 | L79: =AVERAGE(L70:L78) -> 112.5 | M79: =AVERAGE(M70:M78) -> 10 | N79: =AVERAGE(N70:N78) -> 943.41176 | O79: =AVERAGE(O70:O78) -> 94.341176 | P79: =M79-J79 -> 0 | Q79: =N79-K79 -> -181.58824 | R79: =O79/L79 -> 0.83858824 | Z79: =SUM(Z70:Z78) -> 0 | AA79: =SUM(AA70:AA78) -> 0 | AD79: =SUM(AD70:AD78) -> 0 | AE79: =SUM(AE70:AE78) -> 0 | AF79: =N79-K79 -> -181.58824 | AG79: =N79/K79 -> 0.83858824
AJ80: 1.當日出勤人數較多
AJ81: 2.當日出勤人數較少
AJ82: 3.當日出勤熟手較少
AJ83: 4.當日出勤新人較多
AJ84: 5.機台夾盒
AJ85: 6.封膜不順
AJ86: 7.更換膠膜
AJ87: 8.更換碳帶
AJ88: 9.當日熱轉印碳帶異常
AJ89: 10.訂單量過少
AJ90: 11.新品上市，尚未熟悉
AJ91: 12.商品結構，產能較低
AJ92: 13.區域出貨，分段生產

Sheet 0206總
B1: 長家廠組合室生產人時性分析
B3: 日期 | D3: 46059 | F3: 訂單量 | G3: ='0206'!E1 -> 45329 | I3: 營業額 | J3: ='0206'!G1 -> 2167149.8
B4: 項目 | D4: 3 | F4: ➀ | H4: ➁ | J4: ③ | L4: 異常停線 | N4: 短暫停線
B5: 人時性 | D5: 組合室 | F5: 全溫層 | H5: 義大利麵 | J5: 袋裝小吃、義麵 | L5: 合計次數 | M5: 時間 | N5: 合計次數 | O5: 設備次數
D6: 排關平均 | F6: =AVERAGE(D13:J13) -> 116.64234 | H6: =AVERAGE(D13:H13,J13) -> 114.90396 | J6: =AVERAGE(I13) -> 127.07265 | L6: =SUM(D18:J18) -> 1 | M6: =SUM(D19:J19) -> 5 | N6: =SUM(D20:J20) -> 2 | O6: =SUM(D20:J20) -> 2
D7: 實績平均 | F7: =AVERAGE(D14:J14) -> 105.54817 | H7: =AVERAGE(D14:H14,J14) -> 104.90682 | J7: =AVERAGE(I14) -> 109.39627 | L7: =AVERAGE(K14:L14) -> #DIV/0! | M7: =AVERAGE(L14:M14) -> #DIV/0! | N7: =AVERAGE(M14:N14) -> #DIV/0! | O7: =AVERAGE(N14:O14) -> #DIV/0!
D8: 達成率平均 | F8: =F7/F6 -> 0.90488724 | H8: =H7/H6 -> 0.91299568 | J8: =J7/J6 -> 0.86089547 | L8: =AVERAGE(K15:L15) -> #DIV/0! | M8: =AVERAGE(L15:M15) -> #DIV/0! | N8: =AVERAGE(M15:N15) -> #DIV/0! | O8: =AVERAGE(N15:O15) -> #DIV/0!
J9: ※現行日本鮮食廠以達成率80%為基本(即為現行KPI)
B10: 溫層 | D10: 4度C-各編組展開
B11: 編組 | D11: 1 | E11: 2 | F11: 3 | G11: 4 | H11: 5 | I11: 6 | J11: 7
D12: 自動1線 | E12: 自動2線 | F12: 手工3線 | G12: 手工4線 | H12: 手工5線 | I12: 調理包1線 | J12: 調理包2線
B13: 人時性 | C13: 排關 | D13: =VALUE('0206'!L15) -> 136.33484 | E13: =VALUE('0206'!L26) -> 176.09217 | F13: =VALUE('0206'!L37) -> 87.602941 | G13: =VALUE('0206'!L48) -> 88.213235 | H13: =VALUE('0206'!L58) -> 88.680556 | I13: =VALUE('0206'!L69) -> 127.07265 | J13: ='0206'!L79 -> 112.5
C14: 實績 | D14: =VALUE('0206'!O15) -> 132.25966 | E14: =VALUE('0206'!O26) -> 169.97695 | F14: =VALUE('0206'!O37) -> 81.251306 | G14: =VALUE('0206'!O48) -> 82.739196 | H14: =VALUE('0206'!O58) -> 79.613791 | I14: =VALUE('0206'!O69) -> 109.39627 | J14: ='0206'!O79 -> 83.6
C15: 達成率 | D15: =D14/D13 -> 0.970109 | E15: =E14/E13 -> 0.9652726 | F15: =F14/F13 -> 0.92749519 | G15: =G14/G13 -> 0.93794538 | H15: =H14/H13 -> 0.89775928 | I15: =I14/I13 -> 0.86089547 | J15: ='0206'!S70 -> 0.74311111
B16: 作業 時間 | C16: 開始 | D16: ='0206'!T5 -> 0.32361111 | E16: ='0206'!T16 -> 0.29097222 | F16: ='0206'!T27 -> 0.29166667 | G16: ='0206'!T38 -> 0.33333333 | H16: ='0206'!T49 -> 0.29166667 | I16: ='0206'!T59 -> 0.29027778 | J16: ='0206'!T70 -> 0.33333333
C17: 結束 | D17: 0.58472222 | E17: 0.62013889 | F17: 0.60694444 | G17: 0.49513889 | H17: 0.57430556 | I17: 0.50694444 | J17: 0.44791667
B18: 產線異常 (5分鐘以上) | C18: 次數 | D18: ='0206'!Z15 -> 0 | E18: ='0206'!Z26 -> 0 | F18: ='0206'!Z37 -> 0 | G18: ='0206'!Z48 -> 0 | H18: ='0206'!Z58 -> 0 | I18: ='0206'!Z69 -> 1 | J18: ='0206'!AA79 -> 0
C19: 時間/分 | D19: ='0206'!AA15 -> 0 | E19: ='0206'!AA26 -> 0 | F19: ='0206'!AA37 -> 0 | G19: ='0206'!AA48 -> 0 | H19: ='0206'!AA58 -> 0 | I19: ='0206'!AA69 -> 5 | J19: ='0206'!AB79 -> 0
B20: 短暫停線 (5分鐘以下) | C20: 次數 | D20: ='0206'!AD15 -> 0 | E20: ='0206'!AD26 -> 1 | F20: ='0206'!AD37 -> 0 | G20: ='0206'!AD48 -> 0 | H20: ='0206'!AD58 -> 1 | I20: ='0206'!AD69 -> 0 | J20: ='0206'!AD79 -> 0
C21: 設備次數 | D21: ='0206'!AE15 -> 0 | E21: ='0206'!AE26 -> 1 | F21: ='0206'!AE37 -> 0 | G21: ='0206'!AE48 -> 0 | H21: ='0206'!AE58 -> 1 | I21: ='0206'!AE69 -> 0 | J21: ='0206'!AE79 -> 0
B22: 配置人數 | D22: =VALUE('0206'!M15) -> 14 | E22: =VALUE('0206'!M26) -> 11.666667 | F22: =VALUE('0206'!M37) -> 15.25 | G22: =VALUE('0206'!M48) -> 16 | H22: =VALUE('0206'!M58) -> 16.75 | I22: =VALUE('0206'!M69) -> 12.333333 | J22: ='0206'!M79 -> 10
B23: 主要應用設備 | D23: ET-600 | E23: ET-600 | F23: ET-55 | G23: ET-55 | H23: ET-55 | I23: 八爪機 | J23: 八爪機
B24: 次要應用設備 | H24: 封口機 | J24: 封口機
B25: 備註

Sheet 0206
A1: 長家廠4度C日報分析 | D1: 總生產量 | E1: =SUM(G5:G79) -> 45329 | F1: 營業額 | G1: =SUM(H5:H79) -> 2167149.8 | H1: 出勤人數 | I1: =M15+M26+M48+M58+M69+M79+M37 -> 96 | J1: 產線配置圖 | M1: 生產實績 | P1: 人時性差異分析 | T1: 日報登錄 | Z1: 合計 次數 | AA1: 合計 時間/分 | AB1: 分析說明 | AD1: 合計 次數 | AE1: 合計 設備次數 | AF1: 產能差異分析
A2: 02月06日 星期五 | D2: 人時性 | E2: =AVERAGE(O15,O26,O37,O48,O58,O69,O79) -> 105.54817 | F2: 平均廠價 | G2: =G1/E1 -> 47.809345 | H2: 多次生產數 | I2: =COUNT(I5:I79) -> 0 | Z2: =Z15+Z26+Z37+Z48+Z58+Z69+Z79 -> 1 | AA2: =AA15+AA26+AA37+AA48+AA58+AA69+AA79 -> 5 | AD2: =AD15+AD26+AD37+AD48+AD58+AD69+AD79 -> 2 | AE2: =AE15+AE26+AE37+AE48+AE58+AE69+AE79 -> 2
A3: 線別 | B3: 品類 | D3: 品名 | F3: 廠價 | G3: 生產量 | H3: 營收 | I3: 多次 生產 | J3: 人數 | K3: 產能/時 | L3: 人時性 | M3: 人數 | N3: 產能/時 | O3: 人時性 | P3: 人數 | Q3: 人時性 | R3: 達成率 | S3: 達成率平均 | T3: 生產時間 | V3: 前置、換線時間/分 | W3: 稼動時間/分 | X3: 休息時間 | Z3: 產線異常統計 (5分鐘以上) | AD3: 短暫停線統計 (5分鐘以下) | AF3: 產能/時 | AG3: 達成率 | AH3: 達成率平均
T4: 開始 | U4: 結束 | X4: 開始 | Y4: 結束 | Z4: 次數 | AA4: 時間/分 | AD4: 總次數 | AE4: 設備因素(次數)
A5: 自動一線 (ET-600) | B5: 義大利麵 | D5: 韓式起司炸雞義大利麵 | F5: =VLOOKUP(D5,廠價表!$C$1:$E$41,3,0) -> 57.21 | G5: 1070 | H5: =F5*G5 -> 61214.7 | J5: =VLOOKUP(D5,產線配置圖!$A$3:$C$39,2,0) -> 17 | K5: =VLOOKUP(D5,產線配置圖!$A$3:$C$39,3,0) -> 2000 | L5: =K5/J5 -> 117.64706 | M5: 15 | N5: =G5/W5*60 -> 1689.4737 | O5: =N5/M5 -> 112.63158 | P5: =M5-J5 -> -2 | Q5: =O5-L5 -> -5.0154799 | R5: =O5/L5 -> 0.95736842 | S5: =R15 -> 0.970109 | T5: 0.32361111 | U5: 0.35 | W5: =(U5-T5)*24*60 -> 38 | AF5: =N5-K5 -> -310.52632 | AG5: =N5/K5 -> 0.84473684 | AH5: =AG15 -> 0.94103829
B6: 義大利麵 | D6: 辣味香菜雞肉義大利麵 | F6: =VLOOKUP(D6,廠價表!$C$1:$E$41,3,0) -> 56.28 | G6: 1958 | H6: =F6*G6 -> 110196.24 | J6: =VLOOKUP(D6,產線配置圖!$A$3:$C$39,2,0) -> 15 | K6: =VLOOKUP(D6,產線配置圖!$A$3:$C$39,3,0) -> 1800 | L6: =K6/J6 -> 120 | M6: 15 | N6: =G6/W6*60 -> 1780 | O6: =N6/M6 -> 118.66667 | P6: =M6-J6 -> 0 | Q6: =O6-L6 -> -1.3333333 | R6: =O6/L6 -> 0.98888889 | T6: 0.35555556 | U6: 0.40138889 | V6: =(T6-U5)*24*60 -> 8 | W6: =(U6-T6)*24*60 -> 66 | AF6: =N6-K6 -> -20 | AG6: =N6/K6 -> 0.98888889
B7: 義大利麵 | D7: 奶油培根義大利麵 | F7: =VLOOKUP(D7,廠價表!$C$1:$E$41,3,0) -> 49.14 | G7: 3139 | H7: =F7*G7 -> 154250.46 | J7: =VLOOKUP(D7,產線配置圖!$A$3:$C$39,2,0) -> 13 | K7: =VLOOKUP(D7,產線配置圖!$A$3:$C$39,3,0) -> 2000 | L7: =K7/J7 -> 153.84615 | M7: 13 | N7: =G7/W7*60 -> 1961.875 | O7: =N7/M7 -> 150.91346 | P7: =M7-J7 -> 0 | Q7: =O7-L7 -> -2.9326923 | R7: =O7/L7 -> 0.9809375 | T7: 0.4125 | U7: 0.47916667 | V7: =(T7-U6)*24*60 -> 16 | W7: =(U7-T7)*24*60 -> 96 | AF7: =N7-K7 -> -38.125 | AG7: =N7/K7 -> 0.9809375
B8: 義大利麵 | D8: 奶油培根義大利麵 | F8: =VLOOKUP(D8,廠價表!$C$1:$E$41,3,0) -> 49.14 | G8: 2036 | H8: =F8*G8 -> 100049.04 | J8: =VLOOKUP(D8,產線配置圖!$A$3:$C$39,2,0) -> 13 | K8: =VLOOKUP(D8,產線配置圖!$A$3:$C$39,3,0) -> 2000 | L8: =K8/J8 -> 153.84615 | M8: 13 | N8: =G8/W8*60 -> 1908.75 | O8: =N8/M8 -> 146.82692 | P8: =M8-J8 -> 0 | Q8: =O8-L8 -> -7.0192308 | R8: =O8/L8 -> 0.954375 | T8: 0.54027778 | U8: 0.58472222 | V8: =(T8-U7)*24*60 -> 88 | W8: =(U8-T8)*24*60 -> 64 | X8: 0.48611111 | Y8: 0.52777778 | AF8: =N8-K8 -> -91.25 | AG8: =N8/K8 -> 0.954375
W9: =(U9-T9)*24*60 -> 0 | AF9: =N9-K9 -> 0 | AG9: =N9/K9 -> #DIV/0!
W10: =(U10-T10)*24*60 -> 0 | AF10: =N10-K10 -> 0 | AG10: =N10/K10 -> #DIV/0!
W11: =(U11-T11)*24*60 -> 0 | AF11: =N11-K11 -> 0 | AG11: =N11/K11 -> #DIV/0!
W12: =(U12-T12)*24*60 -> 0
W13: =(U13-T13)*24*60 -> 0
W14: =(U14-T14)*24*60 -> 0
C15: 4度一組 | D15: 平均 | J15: =AVERAGE(J5:J14) -> 14.5 | K15: =AVERAGE(K5:K14) -> 1950 | L15: =AVERAGE(L5:L14) -> 136.33484 | M15: =AVERAGE(M5:M14) -> 14 | N15: =AVERAGE(N5:N14) -> 1835.0247 | O15: =AVERAGE(O5:O14) -> 132.25966 | P15: =M15-J15 -> -0.5 | Q15: =O15-L15 -> -4.0751841 | R15: =O15/L15 -> 0.970109 | Z15: =SUM(Z5:Z14) -> 0 | AA15: =SUM(AA5:AA14) -> 0 | AD15: =SUM(AD5:AD14) -> 0 | AE15: =SUM(AE5:AE14) -> 0 | AF15: =N15-K15 -> -114.97533 | AG15: =N15/K15 -> 0.94103829
A16: 自動二線 (ET-600) | B16: 義大利麵 | D16: 白酒蛤蜊義大利麵 | F16: =VLOOKUP(D16,廠價表!$C$1:$E$41,3,0) -> 57.21 | G16: 1540 | H16: =F16*G16 -> 88103.4 | J16: =VLOOKUP(D16,產線配置圖!$A$3:$C$39,2,0) -> 12 | K16: =VLOOKUP(D16,產線配置圖!$A$3:$C$39,3,0) -> 2105 | L16: =K16/J16 -> 175.41667 | M16: 12 | N16: =G16/W16*60 -> 2053.3333 | O16: =N16/M16 -> 171.11111 | P16: =M16-J16 -> 0 | Q16: =O16-L16 -> -4.3055556 | R16: =O16/L16 -> 0.97545527 | S16: =R26 -> 0.9652726 | T16: 0.29097222 | U16: 0.32222222 | W16: =(U16-T16)*24*60 -> 45 | AF16: =N16-K16 -> -51.666667 | AG16: =N16/K16 -> 0.97545527 | AH16: =AG26 -> 0.96559865
B17: 義大利麵 | D17: 白酒蛤蜊義大利麵 | F17: =VLOOKUP(D17,廠價表!$C$1:$E$41,3,0) -> 57.21 | G17: 651 | H17: =F17*G17 -> 37243.71 | J17: =VLOOKUP(D17,產線配置圖!$A$3:$C$39,2,0) -> 12 | K17: =VLOOKUP(D17,產線配置圖!$A$3:$C$39,3,0) -> 2105 | L17: =K17/J17 -> 175.41667 | M17: 12 | N17: =G17/W17*60 -> 2055.7895 | O17: =N17/M17 -> 171.31579 | P17: =M17-J17 -> 0 | Q17: =O17-L17 -> -4.1008772 | R17: =O17/L17 -> 0.97662208 | T17: 0.32638889 | U17: 0.33958333 | V17: =(T17-U16)*24*60 -> 6 | W17: =(U17-T17)*24*60 -> 19 | AF17: =N17-K17 -> -49.210526 | AG17: =N17/K17 -> 0.97662208
B18: 義大利麵 | D18: 青醬蛤蜊義大利麵 | F18: =VLOOKUP(D18,廠價表!$C$1:$E$41,3,0) -> 50.67 | G18: 3129 | H18: =F18*G18 -> 158546.43 | J18: =VLOOKUP(D18,產線配置圖!$A$3:$C$39,2,0) -> 12 | K18: =VLOOKUP(D18,產線配置圖!$A$3:$C$39,3,0) -> 2000 | L18: =K18/J18 -> 166.66667 | M18: 12 | N18: =G18/W18*60 -> 1976.2105 | O18: =N18/M18 -> 164.68421 | P18: =M18-J18 -> 0 | Q18: =O18-L18 -> -1.9824561 | R18: =O18/L18 -> 0.98810526 | T18: 0.34583333 | U18: 0.41180556 | V18: =(T18-U17)*24*60 -> 9 | W18: =(U18-T18)*24*60 -> 95 | AF18: =N18-K18 -> -23.789474 | AG18: =N18/K18 -> 0.98810526
B19: 義大利麵 | D19: 義式蕃茄起司義大利麵 | F19: =VLOOKUP(D19,廠價表!$C$1:$E$41,3,0) -> 50.39 | G19: 2388 | H19: =F19*G19 -> 120331.32 | J19: =VLOOKUP(D19,產線配置圖!$A$3:$C$39,2,0) -> 11 | K19: =VLOOKUP(D19,產線配置圖!$A$3:$C$39,3,0) -> 2000 | L19: =K19/J19 -> 181.81818 | M19: 11 | N19: =G19/W19*60 -> 1836.9231 | O19: =N19/M19 -> 166.99301 | P19: =M19-J19 -> 0 | Q19: =O19-L19 -> -14.825175 | R19: =O19/L19 -> 0.91846154 | T19: 0.42013889 | U19: 0.47430556 | V19: =(T19-U18)*24*60 -> 12 | W19: =(U19-T19)*24*60 -> 78 | AB19: 玉取機停麵 | AD19: 1 | AE19: 1 | AF19: =N19-K19 -> -163.07692 | AG19: =N19/K19 -> 0.91846154
B20: 義大利麵 | D20: 義式蕃茄起司義大利麵 | F20: =VLOOKUP(D20,廠價表!$C$1:$E$41,3,0) -> 50.39 | G20: 1881 | H20: =F20*G20 -> 94783.59 | J20: =VLOOKUP(D20,產線配置圖!$A$3:$C$39,2,0) -> 11 | K20: =VLOOKUP(D20,產線配置圖!$A$3:$C$39,3,0) -> 2000 | L20: =K20/J20 -> 181.81818 | M20: 11 | N20: =G20/W20*60 -> 1980 | O20: =N20/M20 -> 180 | P20: =M20-J20 -> 0 | Q20: =O20-L20 -> -1.8181818 | R20: =O20/L20 -> 0.99 | T20: 0.54166667 | U20: 0.58125 | V20: =(T20-U19)*24*60 -> 97 | W20: =(U20-T20)*24*60 -> 57 | X20: 0.48611111 | Y20: 0.52777778
B21: 義大利麵 | D21: 白酒蛤蜊義大利麵 | F21: =VLOOKUP(D21,廠價表!$C$1:$E$41,3,0) -> 57.21 | G21: 1094 | H21: =F21*G21 -> 62587.74 | J21: =VLOOKUP(D21,產線配置圖!$A$3:$C$39,2,0) -> 12 | K21: =VLOOKUP(D21,產線配置圖!$A$3:$C$39,3,0) -> 2105 | L21: =K21/J21 -> 175.41667 | M21: 12 | N21: =G21/W21*60 -> 1989.0909 | O21: =N21/M21 -> 165.75758 | P21: =M21-J21 -> 0 | Q21: =O21-L21 -> -9.6590909 | R21: =O21/L21 -> 0.9449363 | T21: 0.59722222 | U21: 0.62013889 | V21: =(T21-U20)*24*60 -> 23 | W21: =(U21-T21)*24*60 -> 33 | X21: 0.58333333 | Y21: 0.59027778
W22: 0
W23: =(U23-T23)*24*60 -> 0
H24: =F24*G24 -> 0 | W24: =(U24-T24)*24*60 -> 0
H25: =F25*G25 -> 0 | W25: =(U25-T25)*24*60 -> 0
C26: 4度二組A | D26: 平均 | J26: =AVERAGE(J16:J25) -> 11.666667 | K26: =AVERAGE(K16:K25) -> 2052.5 | L26: =AVERAGE(L16:L25) -> 176.09217 | M26: =AVERAGE(M16:M25) -> 11.666667 | N26: =AVERAGE(N16:N25) -> 1981.8912 | O26: =AVERAGE(O16:O25) -> 169.97695 | P26: =M26-J26 -> 0 | Q26: =O26-L26 -> -6.1152227 | R26: =O26/L26 -> 0.9652726 | Z26: =SUM(Z16:Z25) -> 0 | AA26: =SUM(AA16:AA25) -> 0 | AD26: =SUM(AD16:AD25) -> 1 | AE26: =SUM(AE16:AE25) -> 1 | AF26: =N26-K26 -> -70.60878 | AG26: =N26/K26 -> 0.96559865
A27: 手工三線 (ET-55) | B27: 義大利麵 | D27: 惡魔乳酪生義大利麵 | F27: =VLOOKUP(D27,廠價表!$C$1:$E$41,3,0) -> 57.3 | G27: 1636 | H27: =F27*G27 -> 93742.8 | J27: =VLOOKUP(D27,產線配置圖!$A$3:$C$39,2,0) -> 17 | K27: =VLOOKUP(D27,產線配置圖!$A$3:$C$39,3,0) -> 1500 | L27: =K27/J27 -> 88.235294 | M27: 17 | N27: =G27/W27*60 -> 1487.2727 | O27: =N27/M27 -> 87.486631 | P27: =M27-J27 -> 0 | Q27: =O27-L27 -> -0.7486631 | R27: =O27/L27 -> 0.99151515 | S27: =R37 -> 0.92749519 | T27: 0.29166667 | U27: 0.3375 | W27: =(U27-T27)*24*60 -> 66 | AF27: =N27-K27 -> -12.727273 | AG27: =N27/K27 -> 0.99151515 | AH27: =AG37 -> 0.86247953
B28: 義大利麵 | D28: 奶油蒜香雞義大利麵 | F28: =VLOOKUP(D28,廠價表!$C$1:$E$41,3,0) -> 55.13 | G28: 1090 | H28: =F28*G28 -> 60091.7 | J28: =VLOOKUP(D28,產線配置圖!$A$3:$C$39,2,0) -> 17 | K28: =VLOOKUP(D28,產線配置圖!$A$3:$C$39,3,0) -> 1385 | L28: =K28/J28 -> 81.470588 | M28: 14 | N28: =G28/W28*60 -> 1090 | O28: =N28/M28 -> 77.857143 | P28: =M28-J28 -> -3 | Q28: =O28-L28 -> -3.6134454 | R28: =O28/L28 -> 0.95564724 | T28: 0.34305556 | U28: 0.38472222 | V28: =(T28-U27)*24*60 -> 8 | W28: =(U28-T28)*24*60 -> 60 | AF28: =N28-K28 -> -295 | AG28: =N28/K28 -> 0.78700361
B29: 熱乾麵 | D29: 沙茶豬肉炒麵 | F29: =VLOOKUP(D29,廠價表!$C$1:$E$41,3,0) -> 49.52 | G29: 1575 | H29: =F29*G29 -> 77994 | J29: =VLOOKUP(D29,產線配置圖!$A$3:$C$39,2,0) -> 15 | K29: =VLOOKUP(D29,產線配置圖!$A$3:$C$39,3,0) -> 1440 | L29: =K29/J29 -> 96 | M29: 15 | N29: =G29/W29*60 -> 1277.027 | O29: =N29/M29 -> 85.135135 | P29: =M29-J29 -> 0 | Q29: =O29-L29 -> -10.864865 | R29: =O29/L29 -> 0.88682432 | T29: 0.40347222 | U29: 0.45486111 | V29: =(T29-U28)*24*60 -> 27 | W29: =(U29-T29)*24*60 -> 74 | AF29: =N29-K29 -> -162.97297 | AG29: =N29/K29 -> 0.88682432
B30: 熱乾麵 | D30: 府城鹽水意麵 | F30: =VLOOKUP(D30,廠價表!$C$1:$E$41,3,0) -> 44.3 | G30: 2124 | H30: =F30*G30 -> 94093.2 | J30: =VLOOKUP(D30,產線配置圖!$A$3:$C$39,2,0) -> 17 | K30: =VLOOKUP(D30,產線配置圖!$A$3:$C$39,3,0) -> 1440 | L30: =K30/J30 -> 84.705882 | M30: 15 | N30: =G30/W30*60 -> 1117.8947 | O30: =N30/M30 -> 74.526316 | P30: =M30-J30 -> -2 | Q30: =O30-L30 -> -10.179567 | R30: =O30/L30 -> 0.87982456 | T30: 0.52777778 | U30: 0.60694444 | V30: =(T30-U29)*24*60 -> 105 | W30: =(U30-T30)*24*60 -> 114 | X30: 0.46875 | Y30: 0.51041667 | AF30: =N30-K30 -> -322.10526 | AG30: =N30/K30 -> 0.77631579
W31: =(U31-T31)*24*60 -> 0 | AF31: =N31-K31 -> 0 | AG31: =N31/K31 -> #DIV/0!
W32: =(U32-T32)*24*60 -> 0
W33: =(U33-T33)*24*60 -> 0
W34: =(U34-T34)*24*60 -> 0
W35: =(U35-T35)*24*60 -> 0
H36: =F36*G36 -> 0 | W36: =(U36-T36)*24*60 -> 0
C37: 4度二組B | D37: 平均 | J37: =AVERAGE(J27:J36) -> 16.5 | K37: =AVERAGE(K27:K36) -> 1441.25 | L37: =AVERAGE(L27:L36) -> 87.602941 | M37: =AVERAGE(M27:M36) -> 15.25 | N37: =AVERAGE(N27:N36) -> 1243.0486 | O37: =AVERAGE(O27:O36) -> 81.251306 | P37: =M37-J37 -> -1.25 | Q37: =N37-K37 -> -198.20138 | R37: =O37/L37 -> 0.92749519 | Z37: =SUM(Z27:Z36) -> 0 | AA37: =SUM(AA27:AA36) -> 0 | AD37: =SUM(AD27:AD36) -> 0 | AE37: =SUM(AE27:AE36) -> 0 | AF37: =N37-K37 -> -198.20138 | AG37: =N37/K37 -> 0.86247953
A38: 手工四線 (ET-55) | B38: 義大利麵 | D38: 濃拿坡里義大利麵 | F38: =VLOOKUP(D38,廠價表!$C$1:$E$41,3,0) -> 56.43 | G38: 805 | H38: =F38*G38 -> 45426.15 | J38: =VLOOKUP(D38,產線配置圖!$A$3:$C$39,2,0) -> 16 | K38: =VLOOKUP(D38,產線配置圖!$A$3:$C$39,3,0) -> 1406 | L38: =K38/J38 -> 87.875 | M38: 14 | N38: =G38/W38*60 -> 1050 | O38: =N38/M38 -> 75 | P38: =M38-J38 -> -2 | Q38: =O38-L38 -> -12.875 | R38: =O38/L38 -> 0.85348506 | S38: =R48 -> 0.93794538 | T38: 0.33333333 | U38: 0.36527778 | W38: =(U38-T38)*24*60 -> 46 | AF38: =N38-K38 -> -356 | AG38: =N38/K38 -> 0.74679943 | AH38: =AG48 -> 0.90562209
B39: 熱乾麵 | D39: 青花椒麻雞肉拌麵 | F39: =VLOOKUP(D39,廠價表!$C$1:$E$41,3,0) -> 49.91 | G39: 1860 | H39: =F39*G39 -> 92832.6 | J39: =VLOOKUP(D39,產線配置圖!$A$3:$C$39,2,0) -> 17 | K39: =VLOOKUP(D39,產線配置圖!$A$3:$C$39,3,0) -> 1565 | L39: =K39/J39 -> 92.058824 | M39: 17 | N39: =G39/W39*60 -> 1508.1081 | O39: =N39/M39 -> 88.712242 | P39: =M39-J39 -> 0 | Q39: =O39-L39 -> -3.3465819 | R39: =O39/L39 -> 0.96364735 | T39: 0.37152778 | U39: 0.42291667 | V39: =(T39-U38)*24*60 -> 9 | W39: =(U39-T39)*24*60 -> 74 | AF39: =N39-K39 -> -56.891892 | AG39: =N39/K39 -> 0.96364735
B40: 熱乾麵 | D40: 府城鹽水意麵 | F40: =VLOOKUP(D40,廠價表!$C$1:$E$41,3,0) -> 44.3 | G40: 2107 | H40: =F40*G40 -> 93340.1 | J40: =VLOOKUP(D40,產線配置圖!$A$3:$C$39,2,0) -> 17 | K40: =VLOOKUP(D40,產線配置圖!$A$3:$C$39,3,0) -> 1440 | L40: =K40/J40 -> 84.705882 | M40: 17 | N40: =G40/W40*60 -> 1436.5909 | O40: =N40/M40 -> 84.505348 | P40: =M40-J40 -> 0 | Q40: =O40-L40 -> -0.20053476 | R40: =O40/L40 -> 0.99763258 | T40: 0.43402778 | U40: 0.49513889 | V40: =(T40-U39)*24*60 -> 16 | W40: =(U40-T40)*24*60 -> 88 | AF40: =N40-K40 -> -3.4090909 | AG40: =N40/K40 -> 0.99763258
W41: =(U41-T41)*24*60 -> 0 | AF41: =N41-K41 -> 0 | AG41: =N41/K41 -> #DIV/0!
W42: =(U42-T42)*24*60 -> 0
W43: =(U43-T43)*24*60 -> 0
W44: =(U44-T44)*24*60 -> 0
W45: =(U45-T45)*24*60 -> 0
W46: =(U46-T46)*24*60 -> 0
H47: =F47*G47 -> 0 | W47: =(U47-T47)*24*60 -> 0
C48: 4度二組C1 | D48: 平均 | J48: =AVERAGE(J38:J47) -> 16.666667 | K48: =AVERAGE(K38:K47) -> 1470.3333 | L48: =AVERAGE(L38:L47) -> 88.213235 | M48: =AVERAGE(M38:M47) -> 16 | N48: =AVERAGE(N38:N47) -> 1331.5663 | O48: =AVERAGE(O38:O47) -> 82.739196 | P48: =M48-J48 -> -0.66666667 | Q48: =N48-K48 -> -138.76699 | R48: =O48/L48 -> 0.93794538 | W48: =(U48-T48)*24*60 -> 0 | Z48: =SUM(Z38:Z47) -> 0 | AA48: =SUM(AA38:AA47) -> 0 | AD48: =SUM(AD38:AD47) -> 0 | AE48: =SUM(AE38:AE47) -> 0 | AF48: =N48-K48 -> -138.76699 | AG48: =N48/K48 -> 0.90562209
A49: 手工五線 (ET-55) | B49: 義大利麵 | D49: 剝皮辣椒雞奶油扁麵 | F49: =VLOOKUP(D49,廠價表!$C$1:$E$41,3,0) -> 56.87 | G49: 729 | H49: =F49*G49 -> 41458.23 | J49: =VLOOKUP(D49,產線配置圖!$A$3:$C$39,2,0) -> 18 | K49: =VLOOKUP(D49,產線配置圖!$A$3:$C$39,3,0) -> 1565 | L49: =K49/J49 -> 86.944444 | M49: 17 | N49: =G49/W49*60 -> 1366.875 | O49: =N49/M49 -> 80.404412 | P49: =M49-J49 -> -1 | Q49: =O49-L49 -> -6.5400327 | R49: =O49/L49 -> 0.92477918 | S49: =R58 -> 0.89775928 | T49: 0.29166667 | U49: 0.31388889 | W49: =(U49-T49)*24*60 -> 32 | AF49: =N49-K49 -> -198.125 | AG49: =N49/K49 -> 0.87340256 | AH49: =AG58 -> 0.86053508
B50: 義大利麵 | D50: 奶油起司蝦仁通心粉 | F50: =VLOOKUP(D50,廠價表!$C$1:$E$41,3,0) -> 47.71 | G50: 2016 | H50: =F50*G50 -> 96183.36 | J50: =VLOOKUP(D50,產線配置圖!$A$3:$C$39,2,0) -> 16 | K50: =VLOOKUP(D50,產線配置圖!$A$3:$C$39,3,0) -> 1440 | L50: =K50/J50 -> 90 | M50: 16 | N50: =G50/W50*60 -> 1185.8824 | O50: =N50/M50 -> 74.117647 | P50: =M50-J50 -> 0 | Q50: =O50-L50 -> -15.882353 | R50: =O50/L50 -> 0.82352941 | T50: 0.32083333 | U50: 0.39166667 | V50: =(T50-U49)*24*60 -> 10 | W50: =(U50-T50)*24*60 -> 102 | AF50: =N50-K50 -> -254.11765 | AG50: =N50/K50 -> 0.82352941
B51: 義大利麵 | D51: 焗烤起司雙饗筆尖麵 | F51: =VLOOKUP(D51,廠價表!$C$1:$E$41,3,0) -> 49.97 | G51: 2516 | H51: =F51*G51 -> 125724.52 | J51: =VLOOKUP(D51,產線配置圖!$A$3:$C$39,2,0) -> 18 | K51: =VLOOKUP(D51,產線配置圖!$A$3:$C$39,3,0) -> 1600 | L51: =K51/J51 -> 88.888889 | M51: 17 | N51: =G51/W51*60 -> 1424.1509 | O51: =N51/M51 -> 83.773585 | P51: =M51-J51 -> -1 | Q51: =O51-L51 -> -5.115304 | R51: =O51/L51 -> 0.94245283 | T51: 0.39861111 | U51: 0.47222222 | V51: =(T51-U50)*24*60 -> 10 | W51: =(U51-T51)*24*60 -> 106 | AB51: 熱轉印機異常 | AD51: 1 | AE51: 1 | AF51: =N51-K51 -> -175.84906 | AG51: =N51/K51 -> 0.89009434
B52: 義大利麵 | D52: 焗烤起司雙饗筆尖麵 | F52: =VLOOKUP(D52,廠價表!$C$1:$E$41,3,0) -> 49.97 | G52: 1340 | H52: =F52*G52 -> 66959.8 | J52: =VLOOKUP(D52,產線配置圖!$A$3:$C$39,2,0) -> 18 | K52: =VLOOKUP(D52,產線配置圖!$A$3:$C$39,3,0) -> 1600 | L52: =K52/J52 -> 88.888889 | M52: 17 | N52: =G52/W52*60 -> 1362.7119 | O52: =N52/M52 -> 80.159521 | P52: =M52-J52 -> -1 | Q52: =O52-L52 -> -8.7293675 | R52: =O52/L52 -> 0.90179462 | T52: 0.53333333 | U52: 0.57430556 | V52: =(T52-U51)*24*60 -> 88 | W52: =(U52-T52)*24*60 -> 59 | X52: 0.47916667 | Y52: 0.52083333 | AF52: =N52-K52 -> -237.28814 | AG52: =N52/K52 -> 0.85169492
W53: =(U53-T53)*24*60 -> 0 | AF53: =N53-K53 -> 0 | AG53: =N53/K53 -> #DIV/0!
W54: =(U54-T54)*24*60 -> 0
W55: =(U55-T55)*24*60 -> 0
W56: =(U56-T56)*24*60 -> 0
W57: =(U57-T57)*24*60 -> 0
C58: 4度二組C2 | D58: 平均 | J58: =AVERAGE(J49:J57) -> 17.5 | K58: =AVERAGE(K49:K57) -> 1551.25 | L58: =AVERAGE(L49:L57) -> 88.680556 | M58: =AVERAGE(M49:M57) -> 16.75 | N58: =AVERAGE(N49:N57) -> 1334.905 | O58: =AVERAGE(O49:O57) -> 79.613791 | P58: =M58-J58 -> -0.75 | Q58: =N58-K58 -> -216.34496 | R58: =O58/L58 -> 0.89775928 | Z58: =SUM(Z49:Z57) -> 0 | AA58: =SUM(AA49:AA57) -> 0 | AD58: =SUM(AD49:AD57) -> 1 | AE58: =SUM(AE49:AE57) -> 1 | AF58: =N58-K58 -> -216.34496 | AG58: =N58/K58 -> 0.86053508
A59: 調理包一線 (八爪機) | B59: 小吃、微波 | D59: 小滷青蔬 | F59: =VLOOKUP(D59,廠價表!$C$1:$E$41,3,0) -> 26.99 | G59: 3017 | H59: =F59*G59 -> 81428.83 | J59: =VLOOKUP(D59,產線配置圖!$A$3:$C$39,2,0) -> 13 | K59: =VLOOKUP(D59,產線配置圖!$A$3:$C$39,3,0) -> 1565 | L59: =K59/J59 -> 120.38462 | M59: 13 | N59: =G59/W59*60 -> 1547.1795 | O59: =N59/M59 -> 119.01381 | P59: =M59-J59 -> 0 | Q59: =O59-L59 -> -1.3708087 | R59: =O59/L59 -> 0.98861309 | S59: =R69 -> 0.86089547 | T59: 0.29027778 | U59: 0.37152778 | W59: =(U59-T59)*24*60 -> 117 | AF59: =N59-K59 -> -17.820513 | AG59: =N59/K59 -> 0.98861309 | AH59: =AG69 -> 0.86417028
B60: 小吃、微波 | D60: 起司馬鈴薯 | F60: =VLOOKUP(D60,廠價表!$C$1:$E$41,3,0) -> 28.26 | G60: 1208 | H60: =F60*G60 -> 34138.08 | J60: =VLOOKUP(D60,產線配置圖!$A$3:$C$39,2,0) -> 12 | K60: =VLOOKUP(D60,產線配置圖!$A$3:$C$39,3,0) -> 1565 | L60: =K60/J60 -> 130.41667 | M60: 12 | N60: =G60/W60*60 -> 1449.6 | O60: =N60/M60 -> 120.8 | P60: =M60-J60 -> 0 | Q60: =O60-L60 -> -9.6166667 | R60: =O60/L60 -> 0.92626198 | T60: 0.37847222 | U60: 0.41319444 | V60: =(T60-U59)*24*60 -> 10 | W60: =(U60-T60)*24*60 -> 50 | AF60: =N60-K60 -> -115.4 | AG60: =N60/K60 -> 0.92626198
B61: 小吃、微波 | D61: 三杯菇菇米血 | F61: =VLOOKUP(D61,廠價表!$C$1:$E$41,3,0) -> 28.26 | G61: 2121 | H61: =F61*G61 -> 59939.46 | J61: =VLOOKUP(D61,產線配置圖!$A$3:$C$39,2,0) -> 12 | K61: =VLOOKUP(D61,產線配置圖!$A$3:$C$39,3,0) -> 1565 | L61: =K61/J61 -> 130.41667 | M61: 12 | N61: =G61/W61*60 -> 1060.5 | O61: =N61/M61 -> 88.375 | P61: =M61-J61 -> 0 | Q61: =O61-L61 -> -42.041667 | R61: =O61/L61 -> 0.67763578 | T61: 0.42361111 | U61: 0.50694444 | V61: =(T61-U60)*24*60 -> 15 | W61: =(U61-T61)*24*60 -> 120 | Z61: 1 | AA61: 5 | AB61: 充填機異常 | AF61: =N61-K61 -> -504.5 | AG61: =N61/K61 -> 0.67763578
W62: =(U62-T62)*24*60 -> 0 | AF62: =N62-K62 -> 0 | AG62: =N62/K62 -> #DIV/0!
W63: =(U63-T63)*24*60 -> 0
W64: =(U64-T64)*24*60 -> 0
W65: =(U65-T65)*24*60 -> 0
W66: =(U66-T66)*24*60 -> 0
W67: =(U67-T67)*24*60 -> 0
H68: =F68*G68 -> 0 | W68: =(U68-T68)*24*60 -> 0
C69: 4度三組 | D69: 平均 | J69: =AVERAGE(J59:J68) -> 12.333333 | K69: =AVERAGE(K59:K68) -> 1565 | L69: =AVERAGE(L59:L68) -> 127.07265 | M69: =AVERAGE(M59:M68) -> 12.333333 | N69: =AVERAGE(N59:N68) -> 1352.4265 | O69: =AVERAGE(O59:O68) -> 109.39627 | P69: =M69-J69 -> 0 | Q69: =N69-K69 -> -212.5735 | R69: =O69/L69 -> 0.86089547 | Z69: =SUM(Z59:Z68) -> 1 | AA69: =SUM(AA59:AA68) -> 5 | AD69: =SUM(AD59:AD68) -> 0 | AE69: =SUM(AE59:AE68) -> 0 | AF69: =N69-K69 -> -212.5735 | AG69: =N69/K69 -> 0.86417028
A70: 調理包二線 (手工) | B70: 義大利麵 | D70: 焗烤起司肉醬筆尖麵 | F70: =VLOOKUP(D70,廠價表!$C$1:$E$41,3,0) -> 50.67 | G70: 2299 | H70: =F70*G70 -> 116490.33 | J70: =VLOOKUP(D70,產線配置圖!$A$3:$C$39,2,0) -> 10 | K70: =VLOOKUP(D70,產線配置圖!$A$3:$C$39,3,0) -> 1125 | L70: =K70/J70 -> 112.5 | M70: 10 | N70: =G70/W70*60 -> 836 | O70: =N70/M70 -> 83.6 | P70: =M70-J70 -> 0 | Q70: =O70-L70 -> -28.9 | R70: =O70/L70 -> 0.74311111 | S70: =R79 -> 0.74311111 | T70: 0.33333333 | U70: 0.44791667 | W70: =(U70-T70)*24*60 -> 165 | AB70: 09:35~09:43停線核對標籤數量 | AF70: =N70-K70 -> -289 | AG70: =N70/K70 -> 0.74311111 | AH70: =AG79 -> 0.74311111
W71: =(U71-T71)*24*60 -> 0 | AF71: -300.3125 | AG71: 0.80810703
W72: =(U72-T72)*24*60 -> 0 | AF72: -130.33333 | AG72: 0.91671991
W73: =(U73-T73)*24*60 -> 0
W74: =(U74-T74)*24*60 -> 0
H75: =F75*G75 -> 0 | W75: =(U75-T75)*24*60 -> 0
H76: =F76*G76 -> 0 | W76: =(U76-T76)*24*60 -> 0
H77: =F77*G77 -> 0 | W77: =(U77-T77)*24*60 -> 0
H78: =F78*G78 -> 0 | W78: =(U78-T78)*24*60 -> 0
C79: 4度四組 | D79: 平均 | J79: =AVERAGE(J70:J78) -> 10 | K79: =AVERAGE(K70:K78) -> 1125 | L79: =AVERAGE(L70:L78) -> 112.5 | M79: =AVERAGE(M70:M78) -> 10 | N79: =AVERAGE(N70:N78) -> 836 | O79: =AVERAGE(O70:O78) -> 83.6 | P79: =M79-J79 -> 0 | Q79: =N79-K79 -> -289 | R79: =O79/L79 -> 0.74311111 | Z79: =SUM(Z70:Z78) -> 0 | AA79: =SUM(AA70:AA78) -> 0 | AD79: =SUM(AD70:AD78) -> 0 | AE79: =SUM(AE70:AE78) -> 0 | AF79: =N79-K79 -> -289 | AG79: =N79/K79 -> 0.74311111
AJ80: 1.當日出勤人數較多
AJ81: 2.當日出勤人數較少
AJ82: 3.當日出勤熟手較少
AJ83: 4.當日出勤新人較多
AJ84: 5.機台夾盒
AJ85: 6.封膜不順
AJ86: 7.更換膠膜
AJ87: 8.更換碳帶
AJ88: 9.當日熱轉印碳帶異常
AJ89: 10.訂單量過少
AJ90: 11.新品上市，尚未熟悉
AJ91: 12.商品結構，產能較低
AJ92: 13.區域出貨，分段生產

Sheet 0207總 
B1: 長家廠組合室生產人時性分析
B3: 日期 | D3: 46060 | F3: 訂單量 | G3: ='0207'!E1 -> 49678 | I3: 營業額 | J3: ='0207'!G1 -> 2383325
B4: 項目 | D4: 3 | F4: ➀ | H4: ➁ | J4: ③ | L4: 異常停線 | N4: 短暫停線
B5: 人時性 | D5: 組合室 | F5: 全溫層 | H5: 義大利麵 | J5: 袋裝小吃、義麵 | L5: 合計次數 | M5: 時間 | N5: 合計次數 | O5: 設備次數
D6: 排關平均 | F6: =AVERAGE(D13:J13) -> 117.80722 | H6: =AVERAGE(D13:H13,J13) -> 116.26298 | J6: =AVERAGE(I13) -> 127.07265 | L6: =SUM(D18:J18) -> 2 | M6: =SUM(D19:J19) -> 11 | N6: =SUM(D20:J20) -> 6 | O6: =SUM(D20:J20) -> 6
D7: 實績平均 | F7: =AVERAGE(D14:J14) -> 106.86932 | H7: =AVERAGE(D14:H14,J14) -> 105.90227 | J7: =AVERAGE(I14) -> 112.67165 | L7: =AVERAGE(K14:L14) -> #DIV/0! | M7: =AVERAGE(L14:M14) -> #DIV/0! | N7: =AVERAGE(M14:N14) -> #DIV/0! | O7: =AVERAGE(N14:O14) -> #DIV/0!
D8: 達成率平均 | F8: =F7/F6 -> 0.90715429 | H8: =H7/H6 -> 0.91088555 | J8: =J7/J6 -> 0.88667115 | L8: =AVERAGE(K15:L15) -> #DIV/0! | M8: =AVERAGE(L15:M15) -> #DIV/0! | N8: =AVERAGE(M15:N15) -> #DIV/0! | O8: =AVERAGE(N15:O15) -> #DIV/0!
J9: ※現行日本鮮食廠以達成率80%為基本(即為現行KPI)
B10: 溫層 | D10: 4度C-各編組展開
B11: 編組 | D11: 1 | E11: 2 | F11: 3 | G11: 4 | H11: 5 | I11: 6 | J11: 7
D12: 自動1線 | E12: 自動2線 | F12: 手工3線 | G12: 手工4線 | H12: 手工5線 | I12: 調理包1線 | J12: 調理包2線
B13: 人時性 | C13: 排關 | D13: =VALUE('0207'!L15) -> 144.15121 | E13: =VALUE('0207'!L26) -> 176.42992 | F13: =VALUE('0207'!L37) -> 87.602941 | G13: =VALUE('0207'!L48) -> 88.213235 | H13: =VALUE('0207'!L58) -> 88.680556 | I13: =VALUE('0207'!L69) -> 127.07265 | J13: ='0207'!L79 -> 112.5
C14: 實績 | D14: =VALUE('0207'!O15) -> 135.82907 | E14: =VALUE('0207'!O26) -> 171.24059 | F14: =VALUE('0207'!O37) -> 77.615422 | G14: =VALUE('0207'!O48) -> 80.860254 | H14: =VALUE('0207'!O58) -> 85.868259 | I14: =VALUE('0207'!O69) -> 112.67165 | J14: ='0207'!O79 -> 84
C15: 達成率 | D15: =D14/D13 -> 0.94226804 | E15: =E14/E13 -> 0.97058697 | F15: =F14/F13 -> 0.88599105 | G15: =G14/G13 -> 0.91664537 | H15: =H14/H13 -> 0.96828734 | I15: =I14/I13 -> 0.88667115 | J15: ='0207'!S70 -> 0.74666667
B16: 作業 時間 | C16: 開始 | D16: ='0207'!T5 -> 0.29166667 | E16: ='0207'!T16 -> 0.29097222 | F16: ='0207'!T27 -> 0.29027778 | G16: ='0207'!T38 -> 0.33402778 | H16: ='0207'!T49 -> 0.29097222 | I16: ='0207'!T59 -> 0.29166667 | J16: ='0207'!T70 -> 0.33333333
C17: 結束 | D17: 0.60138889 | E17: 0.57361111 | F17: 0.62708333 | G17: 0.52430556 | H17: 0.58263889 | I17: 0.51736111 | J17: 0.45486111
B18: 產線異常 (5分鐘以上) | C18: 次數 | D18: ='0207'!Z15 -> 1 | E18: ='0207'!Z26 -> 0 | F18: ='0207'!Z37 -> 0 | G18: ='0207'!Z48 -> 0 | H18: ='0207'!Z58 -> 0 | I18: ='0207'!Z69 -> 1 | J18: ='0207'!AA79 -> 0
C19: 時間/分 | D19: ='0207'!AA15 -> 6 | E19: ='0207'!AA26 -> 0 | F19: ='0207'!AA37 -> 0 | G19: ='0207'!AA48 -> 0 | H19: ='0207'!AA58 -> 0 | I19: ='0207'!AA69 -> 5 | J19: ='0207'!AB79 -> 0
B20: 短暫停線 (5分鐘以下) | C20: 次數 | D20: ='0207'!AD15 -> 0 | E20: ='0207'!AD26 -> 6 | F20: ='0207'!AD37 -> 0 | G20: ='0207'!AD48 -> 0 | H20: ='0207'!AD58 -> 0 | I20: ='0207'!AD69 -> 0 | J20: ='0207'!AD79 -> 0
C21: 設備次數 | D21: ='0207'!AE15 -> 0 | E21: ='0207'!AE26 -> 6 | F21: ='0207'!AE37 -> 0 | G21: ='0207'!AE48 -> 0 | H21: ='0207'!AE58 -> 0 | I21: ='0207'!AE69 -> 0 | J21: ='0207'!AE79 -> 0
B22: 配置人數 | D22: =VALUE('0207'!M15) -> 14 | E22: =VALUE('0207'!M26) -> 11.5 | F22: =VALUE('0207'!M37) -> 15.75 | G22: =VALUE('0207'!M48) -> 16 | H22: =VALUE('0207'!M58) -> 17.5 | I22: =VALUE('0207'!M69) -> 12.333333 | J22: ='0207'!M79 -> 10
B23: 主要應用設備 | D23: ET-600 | E23: ET-600 | F23: ET-55 | G23: ET-55 | H23: ET-55 | I23: 八爪機 | J23: 八爪機
B24: 次要應用設備 | H24: 封口機 | J24: 封口機
B25: 備註

Sheet 0207
A1: 長家廠4度C日報分析 | D1: 總生產量 | E1: =SUM(G5:G79) -> 49678 | F1: 營業額 | G1: =SUM(H5:H79) -> 2383325 | H1: 出勤人數 | I1: =M15+M26+M48+M58+M69+M79+M37 -> 97.083333 | J1: 產線配置圖 | M1: 生產實績 | P1: 人時性差異分析 | T1: 日報登錄 | Z1: 合計 次數 | AA1: 合計 時間/分 | AB1: 分析說明 | AD1: 合計 次數 | AE1: 合計 設備次數 | AF1: 產能差異分析
A2: 02月08日 星期六 | D2: 人時性 | E2: =AVERAGE(O15,O26,O37,O48,O58,O69,O79) -> 106.86932 | F2: 平均廠價 | G2: =G1/E1 -> 47.975462 | H2: 多次生產數 | I2: =COUNT(I5:I79) -> 0 | Z2: =Z15+Z26+Z37+Z48+Z58+Z69+Z79 -> 2 | AA2: =AA15+AA26+AA37+AA48+AA58+AA69+AA79 -> 11 | AD2: =AD15+AD26+AD37+AD48+AD58+AD69+AD79 -> 6 | AE2: =AE15+AE26+AE37+AE48+AE58+AE69+AE79 -> 6
A3: 線別 | B3: 品類 | D3: 品名 | F3: 廠價 | G3: 生產量 | H3: 營收 | I3: 多次 生產 | J3: 人數 | K3: 產能/時 | L3: 人時性 | M3: 人數 | N3: 產能/時 | O3: 人時性 | P3: 人數 | Q3: 人時性 | R3: 達成率 | S3: 達成率平均 | T3: 生產時間 | V3: 前置、換線時間/分 | W3: 稼動時間/分 | X3: 休息時間 | Z3: 產線異常統計 (5分鐘以上) | AD3: 短暫停線統計 (5分鐘以下) | AF3: 產能/時 | AG3: 達成率 | AH3: 達成率平均
T4: 開始 | U4: 結束 | X4: 開始 | Y4: 結束 | Z4: 次數 | AA4: 時間/分 | AD4: 總次數 | AE4: 設備因素(次數)
A5: 自動一線 (ET-600) | B5: 義大利麵 | D5: 白酒蛤蜊義大利麵 | F5: =VLOOKUP(D5,廠價表!$C$1:$E$41,3,0) -> 57.21 | G5: 1562 | H5: =F5*G5 -> 89362.02 | J5: =VLOOKUP(D5,產線配置圖!$A$3:$C$39,2,0) -> 12 | K5: =VLOOKUP(D5,產線配置圖!$A$3:$C$39,3,0) -> 2105 | L5: =K5/J5 -> 175.41667 | M5: 12 | N5: =G5/W5*60 -> 1802.3077 | O5: =N5/M5 -> 150.19231 | P5: =M5-J5 -> 0 | Q5: =O5-L5 -> -25.224359 | R5: =O5/L5 -> 0.85620318 | S5: =R15 -> 0.94226804 | T5: 0.29166667 | U5: 0.32777778 | W5: =(U5-T5)*24*60 -> 52 | Z5: 1 | AA5: 6 | AB5: 重選機異常 | AF5: =N5-K5 -> -302.69231 | AG5: =N5/K5 -> 0.85620318 | AH5: =AG15 -> 0.94716799
B6: 義大利麵 | D6: 韓式起司炸雞義大利麵 | F6: =VLOOKUP(D6,廠價表!$C$1:$E$41,3,0) -> 57.21 | G6: 1445 | H6: =F6*G6 -> 82668.45 | J6: =VLOOKUP(D6,產線配置圖!$A$3:$C$39,2,0) -> 17 | K6: =VLOOKUP(D6,產線配置圖!$A$3:$C$39,3,0) -> 2000 | L6: =K6/J6 -> 117.64706 | M6: 17 | N6: =G6/W6*60 -> 1970.4545 | O6: =N6/M6 -> 115.90909 | P6: =M6-J6 -> 0 | Q6: =O6-L6 -> -1.7379679 | R6: =O6/L6 -> 0.98522727 | T6: 0.33680556 | U6: 0.36736111 | V6: =(T6-U5)*24*60 -> 13 | W6: =(U6-T6)*24*60 -> 44 | AF6: =N6-K6 -> -29.545455 | AG6: =N6/K6 -> 0.98522727
B7: 義大利麵 | D7: 辣味香菜雞肉義大利麵 | F7: =VLOOKUP(D7,廠價表!$C$1:$E$41,3,0) -> 56.28 | G7: 1885 | H7: =F7*G7 -> 106087.8 | J7: =VLOOKUP(D7,產線配置圖!$A$3:$C$39,2,0) -> 15 | K7: =VLOOKUP(D7,產線配置圖!$A$3:$C$39,3,0) -> 1800 | L7: =K7/J7 -> 120 | M7: 15 | N7: =G7/W7*60 -> 1795.2381 | O7: =N7/M7 -> 119.68254 | P7: =M7-J7 -> 0 | Q7: =O7-L7 -> -0.31746032 | R7: =O7/L7 -> 0.9973545 | T7: 0.375 | U7: 0.41875 | V7: =(T7-U6)*24*60 -> 11 | W7: =(U7-T7)*24*60 -> 63 | AF7: =N7-K7 -> -4.7619048 | AG7: =N7/K7 -> 0.9973545
B8: 義大利麵 | D8: 奶油培根義大利麵 | F8: =VLOOKUP(D8,廠價表!$C$1:$E$41,3,0) -> 49.14 | G8: 2231 | H8: =F8*G8 -> 109631.34 | J8: =VLOOKUP(D8,產線配置圖!$A$3:$C$39,2,0) -> 13 | K8: =VLOOKUP(D8,產線配置圖!$A$3:$C$39,3,0) -> 2000 | L8: =K8/J8 -> 153.84615 | M8: 13 | N8: =G8/W8*60 -> 1833.6986 | O8: =N8/M8 -> 141.05374 | P8: =M8-J8 -> 0 | Q8: =O8-L8 -> -12.792413 | R8: =O8/L8 -> 0.91684932 | T8: 0.42708333 | U8: 0.47777778 | V8: =(T8-U7)*24*60 -> 12 | W8: =(U8-T8)*24*60 -> 73 | AF8: =N8-K8 -> -166.30137 | AG8: =N8/K8 -> 0.91684932
B9: 義大利麵 | D9: 奶油培根義大利麵 | F9: =VLOOKUP(D9,廠價表!$C$1:$E$41,3,0) -> 49.14 | G9: 2871 | H9: =F9*G9 -> 141080.94 | J9: =VLOOKUP(D9,產線配置圖!$A$3:$C$39,2,0) -> 13 | K9: =VLOOKUP(D9,產線配置圖!$A$3:$C$39,3,0) -> 2000 | L9: =K9/J9 -> 153.84615 | M9: 13 | N9: =G9/W9*60 -> 1980 | O9: =N9/M9 -> 152.30769 | P9: =M9-J9 -> 0 | Q9: =O9-L9 -> -1.5384615 | R9: =O9/L9 -> 0.99 | T9: 0.54097222 | U9: 0.60138889 | V9: =(T9-U8)*24*60 -> 91 | W9: =(U9-T9)*24*60 -> 87 | X9: 0.48611111 | Y9: 0.52777778 | AF9: =N9-K9 -> -20 | AG9: =N9/K9 -> 0.99
W10: =(U10-T10)*24*60 -> 0 | AF10: =N10-K10 -> 0 | AG10: =N10/K10 -> #DIV/0!
W11: =(U11-T11)*24*60 -> 0 | AF11: =N11-K11 -> 0 | AG11: =N11/K11 -> #DIV/0!
W12: =(U12-T12)*24*60 -> 0
W13: =(U13-T13)*24*60 -> 0
W14: =(U14-T14)*24*60 -> 0
C15: 4度一組 | D15: 平均 | J15: =AVERAGE(J5:J14) -> 14 | K15: =AVERAGE(K5:K14) -> 1981 | L15: =AVERAGE(L5:L14) -> 144.15121 | M15: =AVERAGE(M5:M14) -> 14 | N15: =AVERAGE(N5:N14) -> 1876.3398 | O15: =AVERAGE(O5:O14) -> 135.82907 | P15: =M15-J15 -> 0 | Q15: =O15-L15 -> -8.3221324 | R15: =O15/L15 -> 0.94226804 | Z15: =SUM(Z5:Z14) -> 1 | AA15: =SUM(AA5:AA14) -> 6 | AD15: =SUM(AD5:AD14) -> 0 | AE15: =SUM(AE5:AE14) -> 0 | AF15: =N15-K15 -> -104.66021 | AG15: =N15/K15 -> 0.94716799
A16: 自動二線 (ET-600) | B16: 義大利麵 | D16: 白酒蛤蜊義大利麵 | F16: =VLOOKUP(D16,廠價表!$C$1:$E$41,3,0) -> 57.21 | G16: 1587 | H16: =F16*G16 -> 90792.27 | J16: =VLOOKUP(D16,產線配置圖!$A$3:$C$39,2,0) -> 12 | K16: =VLOOKUP(D16,產線配置圖!$A$3:$C$39,3,0) -> 2105 | L16: =K16/J16 -> 175.41667 | M16: 12 | N16: =G16/W16*60 -> 2070 | O16: =N16/M16 -> 172.5 | P16: =M16-J16 -> 0 | Q16: =O16-L16 -> -2.9166667 | R16: =O16/L16 -> 0.98337292 | S16: =R26 -> 0.97058697 | T16: 0.29097222 | U16: 0.32291667 | W16: =(U16-T16)*24*60 -> 46 | AF16: =N16-K16 -> -35 | AG16: =N16/K16 -> 0.98337292 | AH16: =AG26 -> 0.9706218
B17: 義大利麵 | D17: 青醬蛤蜊義大利麵 | F17: =VLOOKUP(D17,廠價表!$C$1:$E$41,3,0) -> 50.67 | G17: 3260 | H17: =F17*G17 -> 165184.2 | J17: =VLOOKUP(D17,產線配置圖!$A$3:$C$39,2,0) -> 12 | K17: =VLOOKUP(D17,產線配置圖!$A$3:$C$39,3,0) -> 2000 | L17: =K17/J17 -> 166.66667 | M17: 12 | N17: =G17/W17*60 -> 1917.6471 | O17: =N17/M17 -> 159.80392 | P17: =M17-J17 -> 0 | Q17: =O17-L17 -> -6.8627451 | R17: =O17/L17 -> 0.95882353 | T17: 0.33333333 | U17: 0.40416667 | V17: =(T17-U16)*24*60 -> 15 | W17: =(U17-T17)*24*60 -> 102 | AF17: =N17-K17 -> -82.352941 | AG17: =N17/K17 -> 0.95882353
B18: 義大利麵 | D18: 義式蕃茄起司義大利麵 | F18: =VLOOKUP(D18,廠價表!$C$1:$E$41,3,0) -> 50.39 | G18: 3053 | H18: =F18*G18 -> 153840.67 | J18: =VLOOKUP(D18,產線配置圖!$A$3:$C$39,2,0) -> 11 | K18: =VLOOKUP(D18,產線配置圖!$A$3:$C$39,3,0) -> 2000 | L18: =K18/J18 -> 181.81818 | M18: 11 | N18: =G18/W18*60 -> 1969.6774 | O18: =N18/M18 -> 179.06158 | P18: =M18-J18 -> 0 | Q18: =O18-L18 -> -2.7565982 | R18: =O18/L18 -> 0.98483871 | T18: 0.4125 | U18: 0.47708333 | V18: =(T18-U17)*24*60 -> 12 | W18: =(U18-T18)*24*60 -> 93 | AB18: 玉取機停麵 | AD18: 4 | AE18: 4 | AF18: =N18-K18 -> -30.322581 | AG18: =N18/K18 -> 0.98483871
B19: 義大利麵 | D19: 義式蕃茄起司義大利麵 | F19: =VLOOKUP(D19,廠價表!$C$1:$E$41,3,0) -> 50.39 | G19: 1464 | H19: =F19*G19 -> 73770.96 | J19: =VLOOKUP(D19,產線配置圖!$A$3:$C$39,2,0) -> 11 | K19: =VLOOKUP(D19,產線配置圖!$A$3:$C$39,3,0) -> 2000 | L19: =K19/J19 -> 181.81818 | M19: 11 | N19: =G19/W19*60 -> 1909.5652 | O19: =N19/M19 -> 173.59684 | P19: =M19-J19 -> 0 | Q19: =O19-L19 -> -8.2213439 | R19: =O19/L19 -> 0.95478261 | T19: 0.54166667 | U19: 0.57361111 | V19: =(T19-U18)*24*60 -> 93 | W19: =(U19-T19)*24*60 -> 46 | X19: 0.48611111 | Y19: 0.52777778 | AB19: 玉取機停麵 | AD19: 2 | AE19: 2 | AF19: =N19-K19 -> -90.434783 | AG19: =N19/K19 -> 0.95478261
W20: =(U20-T20)*24*60 -> 0
W21: =(U21-T21)*24*60 -> 0
W22: 0
W23: =(U23-T23)*24*60 -> 0
H24: =F24*G24 -> 0 | W24: =(U24-T24)*24*60 -> 0
H25: =F25*G25 -> 0 | W25: =(U25-T25)*24*60 -> 0
C26: 4度二組A | D26: 平均 | J26: =AVERAGE(J16:J25) -> 11.5 | K26: =AVERAGE(K16:K25) -> 2026.25 | L26: =AVERAGE(L16:L25) -> 176.42992 | M26: =AVERAGE(M16:M25) -> 11.5 | N26: =AVERAGE(N16:N25) -> 1966.7224 | O26: =AVERAGE(O16:O25) -> 171.24059 | P26: =M26-J26 -> 0 | Q26: =O26-L26 -> -5.1893385 | R26: =O26/L26 -> 0.97058697 | Z26: =SUM(Z16:Z25) -> 0 | AA26: =SUM(AA16:AA25) -> 0 | AD26: =SUM(AD16:AD25) -> 6 | AE26: =SUM(AE16:AE25) -> 6 | AF26: =N26-K26 -> -59.527576 | AG26: =N26/K26 -> 0.9706218
A27: 手工三線 (ET-55) | B27: 義大利麵 | D27: 惡魔乳酪生義大利麵 | F27: =VLOOKUP(D27,廠價表!$C$1:$E$41,3,0) -> 57.3 | G27: 1955 | H27: =F27*G27 -> 112021.5 | J27: =VLOOKUP(D27,產線配置圖!$A$3:$C$39,2,0) -> 17 | K27: =VLOOKUP(D27,產線配置圖!$A$3:$C$39,3,0) -> 1500 | L27: =K27/J27 -> 88.235294 | M27: 17 | N27: =G27/W27*60 -> 1484.8101 | O27: =N27/M27 -> 87.341772 | P27: =M27-J27 -> 0 | Q27: =O27-L27 -> -0.89352197 | R27: =O27/L27 -> 0.98987342 | S27: =R37 -> 0.88599105 | T27: 0.29027778 | U27: 0.34513889 | W27: =(U27-T27)*24*60 -> 79 | AF27: =N27-K27 -> -15.189873 | AG27: =N27/K27 -> 0.98987342 | AH27: =AG37 -> 0.85035467
B28: 義大利麵 | D28: 奶油蒜香雞義大利麵 | F28: =VLOOKUP(D28,廠價表!$C$1:$E$41,3,0) -> 55.13 | G28: 1500 | H28: =F28*G28 -> 82695 | J28: =VLOOKUP(D28,產線配置圖!$A$3:$C$39,2,0) -> 17 | K28: =VLOOKUP(D28,產線配置圖!$A$3:$C$39,3,0) -> 1385 | L28: =K28/J28 -> 81.470588 | M28: 15 | N28: =G28/W28*60 -> 1111.1111 | O28: =N28/M28 -> 74.074074 | P28: =M28-J28 -> -2 | Q28: =O28-L28 -> -7.3965142 | R28: =O28/L28 -> 0.90921246 | T28: 0.34930556 | U28: 0.40555556 | V28: =(T28-U27)*24*60 -> 6 | W28: =(U28-T28)*24*60 -> 81 | AF28: =N28-K28 -> -273.88889 | AG28: =N28/K28 -> 0.80224629
B29: 熱乾麵 | D29: 沙茶豬肉炒麵 | F29: =VLOOKUP(D29,廠價表!$C$1:$E$41,3,0) -> 49.52 | G29: 1959 | H29: =F29*G29 -> 97009.68 | J29: =VLOOKUP(D29,產線配置圖!$A$3:$C$39,2,0) -> 15 | K29: =VLOOKUP(D29,產線配置圖!$A$3:$C$39,3,0) -> 1440 | L29: =K29/J29 -> 96 | M29: 15 | N29: =G29/W29*60 -> 1175.4 | O29: =N29/M29 -> 78.36 | P29: =M29-J29 -> 0 | Q29: =O29-L29 -> -17.64 | R29: =O29/L29 -> 0.81625 | T29: 0.40972222 | U29: 0.47916667 | V29: =(T29-U28)*24*60 -> 6 | W29: =(U29-T29)*24*60 -> 100 | AF29: =N29-K29 -> -264.6 | AG29: =N29/K29 -> 0.81625
B30: 熱乾麵 | D30: 府城鹽水意麵 | F30: =VLOOKUP(D30,廠價表!$C$1:$E$41,3,0) -> 44.3 | G30: 2130 | H30: =F30*G30 -> 94359 | J30: =VLOOKUP(D30,產線配置圖!$A$3:$C$39,2,0) -> 17 | K30: =VLOOKUP(D30,產線配置圖!$A$3:$C$39,3,0) -> 1440 | L30: =K30/J30 -> 84.705882 | M30: 16 | N30: =G30/W30*60 -> 1130.9735 | O30: =N30/M30 -> 70.685841 | P30: =M30-J30 -> -1 | Q30: =O30-L30 -> -14.020042 | R30: =O30/L30 -> 0.83448562 | T30: 0.54861111 | U30: 0.62708333 | V30: =(T30-U29)*24*60 -> 100 | W30: =(U30-T30)*24*60 -> 113 | X30: 0.49652778 | Y30: 0.53819444 | AF30: =N30-K30 -> -309.02655 | AG30: =N30/K30 -> 0.78539823
W31: =(U31-T31)*24*60 -> 0 | AF31: =N31-K31 -> 0 | AG31: =N31/K31 -> #DIV/0!
W32: =(U32-T32)*24*60 -> 0
W33: =(U33-T33)*24*60 -> 0
W34: =(U34-T34)*24*60 -> 0
W35: =(U35-T35)*24*60 -> 0
H36: =F36*G36 -> 0 | W36: =(U36-T36)*24*60 -> 0
C37: 4度二組B | D37: 平均 | J37: =AVERAGE(J27:J36) -> 16.5 | K37: =AVERAGE(K27:K36) -> 1441.25 | L37: =AVERAGE(L27:L36) -> 87.602941 | M37: =AVERAGE(M27:M36) -> 15.75 | N37: =AVERAGE(N27:N36) -> 1225.5737 | O37: =AVERAGE(O27:O36) -> 77.615422 | P37: =M37-J37 -> -0.75 | Q37: =N37-K37 -> -215.67633 | R37: =O37/L37 -> 0.88599105 | Z37: =SUM(Z27:Z36) -> 0 | AA37: =SUM(AA27:AA36) -> 0 | AD37: =SUM(AD27:AD36) -> 0 | AE37: =SUM(AE27:AE36) -> 0 | AF37: =N37-K37 -> -215.67633 | AG37: =N37/K37 -> 0.85035467
A38: 手工四線 (ET-55) | B38: 義大利麵 | D38: 濃拿坡里義大利麵 | F38: =VLOOKUP(D38,廠價表!$C$1:$E$41,3,0) -> 56.43 | G38: 1161 | H38: =F38*G38 -> 65515.23 | J38: =VLOOKUP(D38,產線配置圖!$A$3:$C$39,2,0) -> 16 | K38: =VLOOKUP(D38,產線配置圖!$A$3:$C$39,3,0) -> 1406 | L38: =K38/J38 -> 87.875 | M38: 14 | N38: =G38/W38*60 -> 1180.678 | O38: =N38/M38 -> 84.33414 | P38: =M38-J38 -> -2 | Q38: =O38-L38 -> -3.5408596 | R38: =O38/L38 -> 0.95970572 | S38: =R48 -> 0.91664537 | T38: 0.33402778 | U38: 0.375 | W38: =(U38-T38)*24*60 -> 59 | AF38: =N38-K38 -> -225.32203 | AG38: =N38/K38 -> 0.83974251 | AH38: =AG48 -> 0.87754942
B39: 熱乾麵 | D39: 青花椒麻雞肉拌麵 | F39: =VLOOKUP(D39,廠價表!$C$1:$E$41,3,0) -> 49.91 | G39: 2129 | H39: =F39*G39 -> 106258.39 | J39: =VLOOKUP(D39,產線配置圖!$A$3:$C$39,2,0) -> 17 | K39: =VLOOKUP(D39,產線配置圖!$A$3:$C$39,3,0) -> 1565 | L39: =K39/J39 -> 92.058824 | M39: 17 | N39: =G39/W39*60 -> 1388.4783 | O39: =N39/M39 -> 81.675192 | P39: =M39-J39 -> 0 | Q39: =O39-L39 -> -10.383632 | R39: =O39/L39 -> 0.88720656 | T39: 0.38472222 | U39: 0.44861111 | V39: =(T39-U38)*24*60 -> 14 | W39: =(U39-T39)*24*60 -> 92 | AF39: =N39-K39 -> -176.52174 | AG39: =N39/K39 -> 0.88720656
B40: 熱乾麵 | D40: 府城鹽水意麵 | F40: =VLOOKUP(D40,廠價表!$C$1:$E$41,3,0) -> 44.3 | G40: 2278 | H40: =F40*G40 -> 100915.4 | J40: =VLOOKUP(D40,產線配置圖!$A$3:$C$39,2,0) -> 17 | K40: =VLOOKUP(D40,產線配置圖!$A$3:$C$39,3,0) -> 1440 | L40: =K40/J40 -> 84.705882 | M40: 17 | N40: =G40/W40*60 -> 1301.7143 | O40: =N40/M40 -> 76.571429 | P40: =M40-J40 -> 0 | Q40: =O40-L40 -> -8.1344538 | R40: =O40/L40 -> 0.90396825 | T40: 0.45138889 | U40: 0.52430556 | V40: =(T40-U39)*24*60 -> 4 | W40: =(U40-T40)*24*60 -> 105 | AF40: =N40-K40 -> -138.28571 | AG40: =N40/K40 -> 0.90396825
W41: =(U41-T41)*24*60 -> 0 | AF41: =N41-K41 -> 0 | AG41: =N41/K41 -> #DIV/0!
W42: =(U42-T42)*24*60 -> 0
W43: =(U43-T43)*24*60 -> 0
W44: =(U44-T44)*24*60 -> 0
W45: =(U45-T45)*24*60 -> 0
W46: =(U46-T46)*24*60 -> 0
H47: =F47*G47 -> 0 | W47: =(U47-T47)*24*60 -> 0
C48: 4度二組C1 | D48: 平均 | J48: =AVERAGE(J38:J47) -> 16.666667 | K48: =AVERAGE(K38:K47) -> 1470.3333 | L48: =AVERAGE(L38:L47) -> 88.213235 | M48: =AVERAGE(M38:M47) -> 16 | N48: =AVERAGE(N38:N47) -> 1290.2902 | O48: =AVERAGE(O38:O47) -> 80.860254 | P48: =M48-J48 -> -0.66666667 | Q48: =N48-K48 -> -180.04316 | R48: =O48/L48 -> 0.91664537 | W48: =(U48-T48)*24*60 -> 0 | Z48: =SUM(Z38:Z47) -> 0 | AA48: =SUM(AA38:AA47) -> 0 | AD48: =SUM(AD38:AD47) -> 0 | AE48: =SUM(AE38:AE47) -> 0 | AF48: =N48-K48 -> -180.04316 | AG48: =N48/K48 -> 0.87754942
A49: 手工五線 (ET-55) | B49: 義大利麵 | D49: 剝皮辣椒雞奶油扁麵 | F49: =VLOOKUP(D49,廠價表!$C$1:$E$41,3,0) -> 56.87 | G49: 1088 | H49: =F49*G49 -> 61874.56 | J49: =VLOOKUP(D49,產線配置圖!$A$3:$C$39,2,0) -> 18 | K49: =VLOOKUP(D49,產線配置圖!$A$3:$C$39,3,0) -> 1565 | L49: =K49/J49 -> 86.944444 | M49: 18 | N49: =G49/W49*60 -> 1518.1395 | O49: =N49/M49 -> 84.341085 | P49: =M49-J49 -> 0 | Q49: =O49-L49 -> -2.6033592 | R49: =O49/L49 -> 0.97005721 | S49: =R58 -> 0.96828734 | T49: 0.29097222 | U49: 0.32083333 | W49: =(U49-T49)*24*60 -> 43 | AF49: =N49-K49 -> -46.860465 | AG49: =N49/K49 -> 0.97005721 | AH49: =AG58 -> 0.96738012
B50: 義大利麵 | D50: 奶油起司蝦仁通心粉 | F50: =VLOOKUP(D50,廠價表!$C$1:$E$41,3,0) -> 47.71 | G50: 2279 | H50: =F50*G50 -> 108731.09 | J50: =VLOOKUP(D50,產線配置圖!$A$3:$C$39,2,0) -> 16 | K50: =VLOOKUP(D50,產線配置圖!$A$3:$C$39,3,0) -> 1440 | L50: =K50/J50 -> 90 | M50: 16 | N50: =G50/W50*60 -> 1439.3684 | O50: =N50/M50 -> 89.960526 | P50: =M50-J50 -> 0 | Q50: =O50-L50 -> -0.039473684 | R50: =O50/L50 -> 0.9995614 | T50: 0.32569444 | U50: 0.39166667 | V50: =(T50-U49)*24*60 -> 7 | W50: =(U50-T50)*24*60 -> 95 | AF50: =N50-K50 -> -0.63157895 | AG50: =N50/K50 -> 0.9995614
B51: 義大利麵 | D51: 焗烤起司雙饗筆尖麵 | F51: =VLOOKUP(D51,廠價表!$C$1:$E$41,3,0) -> 49.97 | G51: 2852 | H51: =F51*G51 -> 142514.44 | J51: =VLOOKUP(D51,產線配置圖!$A$3:$C$39,2,0) -> 18 | K51: =VLOOKUP(D51,產線配置圖!$A$3:$C$39,3,0) -> 1600 | L51: =K51/J51 -> 88.888889 | M51: 18 | N51: =G51/W51*60 -> 1599.2523 | O51: =N51/M51 -> 88.847352 | P51: =M51-J51 -> 0 | Q51: =O51-L51 -> -0.041536864 | R51: =O51/L51 -> 0.99953271 | T51: 0.39861111 | U51: 0.47291667 | V51: =(T51-U50)*24*60 -> 10 | W51: =(U51-T51)*24*60 -> 107 | AF51: =N51-K51 -> -0.74766355 | AG51: =N51/K51 -> 0.99953271
B52: 義大利麵 | D52: 焗烤起司雙饗筆尖麵 | F52: =VLOOKUP(D52,廠價表!$C$1:$E$41,3,0) -> 49.97 | G52: 1735 | H52: =F52*G52 -> 86697.95 | J52: =VLOOKUP(D52,產線配置圖!$A$3:$C$39,2,0) -> 18 | K52: =VLOOKUP(D52,產線配置圖!$A$3:$C$39,3,0) -> 1600 | L52: =K52/J52 -> 88.888889 | M52: 18 | N52: =G52/W52*60 -> 1445.8333 | O52: =N52/M52 -> 80.324074 | P52: =M52-J52 -> 0 | Q52: =O52-L52 -> -8.5648148 | R52: =O52/L52 -> 0.90364583 | T52: 0.53263889 | U52: 0.58263889 | V52: =(T52-U51)*24*60 -> 86 | W52: =(U52-T52)*24*60 -> 72 | X52: 0.47916667 | Y52: 0.52083333 | AF52: =N52-K52 -> -154.16667 | AG52: =N52/K52 -> 0.90364583
W53: =(U53-T53)*24*60 -> 0 | AF53: =N53-K53 -> 0 | AG53: =N53/K53 -> #DIV/0!
W54: =(U54-T54)*24*60 -> 0
W55: =(U55-T55)*24*60 -> 0
W56: =(U56-T56)*24*60 -> 0
W57: =(U57-T57)*24*60 -> 0
C58: 4度二組C2 | D58: 平均 | J58: =AVERAGE(J49:J57) -> 17.5 | K58: =AVERAGE(K49:K57) -> 1551.25 | L58: =AVERAGE(L49:L57) -> 88.680556 | M58: =AVERAGE(M49:M57) -> 17.5 | N58: =AVERAGE(N49:N57) -> 1500.6484 | O58: =AVERAGE(O49:O57) -> 85.868259 | P58: =M58-J58 -> 0 | Q58: =N58-K58 -> -50.601594 | R58: =O58/L58 -> 0.96828734 | Z58: =SUM(Z49:Z57) -> 0 | AA58: =SUM(AA49:AA57) -> 0 | AD58: =SUM(AD49:AD57) -> 0 | AE58: =SUM(AE49:AE57) -> 0 | AF58: =N58-K58 -> -50.601594 | AG58: =N58/K58 -> 0.96738012
A59: 調理包一線 (八爪機) | B59: 小吃、微波 | D59: 小滷青蔬 | F59: =VLOOKUP(D59,廠價表!$C$1:$E$41,3,0) -> 26.99 | G59: 3235 | H59: =F59*G59 -> 87312.65 | J59: =VLOOKUP(D59,產線配置圖!$A$3:$C$39,2,0) -> 13 | K59: =VLOOKUP(D59,產線配置圖!$A$3:$C$39,3,0) -> 1565 | L59: =K59/J59 -> 120.38462 | M59: 13 | N59: =G59/W59*60 -> 1437.7778 | O59: =N59/M59 -> 110.59829 | P59: =M59-J59 -> 0 | Q59: =O59-L59 -> -9.7863248 | R59: =O59/L59 -> 0.91870785 | S59: =R69 -> 0.88667115 | T59: 0.29166667 | U59: 0.38541667 | W59: =(U59-T59)*24*60 -> 135 | AF59: =N59-K59 -> -127.22222 | AG59: =N59/K59 -> 0.91870785 | AH59: =AG69 -> 0.8874926
B60: 小吃、微波 | D60: 起司馬鈴薯 | F60: =VLOOKUP(D60,廠價表!$C$1:$E$41,3,0) -> 28.26 | G60: 1469 | H60: =F60*G60 -> 41513.94 | J60: =VLOOKUP(D60,產線配置圖!$A$3:$C$39,2,0) -> 12 | K60: =VLOOKUP(D60,產線配置圖!$A$3:$C$39,3,0) -> 1565 | L60: =K60/J60 -> 130.41667 | M60: 12 | N60: =G60/W60*60 -> 1469 | O60: =N60/M60 -> 122.41667 | P60: =M60-J60 -> 0 | Q60: =O60-L60 -> -8 | R60: =O60/L60 -> 0.93865815 | T60: 0.39583333 | U60: 0.4375 | V60: =(T60-U59)*24*60 -> 15 | W60: =(U60-T60)*24*60 -> 60 | AF60: =N60-K60 -> -96 | AG60: =N60/K60 -> 0.93865815
B61: 小吃、微波 | D61: 三杯菇菇米血 | F61: =VLOOKUP(D61,廠價表!$C$1:$E$41,3,0) -> 28.26 | G61: 2100 | H61: =F61*G61 -> 59346 | J61: =VLOOKUP(D61,產線配置圖!$A$3:$C$39,2,0) -> 12 | K61: =VLOOKUP(D61,產線配置圖!$A$3:$C$39,3,0) -> 1565 | L61: =K61/J61 -> 130.41667 | M61: 12 | N61: =G61/W61*60 -> 1260 | O61: =N61/M61 -> 105 | P61: =M61-J61 -> 0 | Q61: =O61-L61 -> -25.416667 | R61: =O61/L61 -> 0.80511182 | T61: 0.44791667 | U61: 0.51736111 | V61: =(T61-U60)*24*60 -> 15 | W61: =(U61-T61)*24*60 -> 100 | Z61: 1 | AA61: 5 | AB61: 注餡機堵塞(薑絲) | AF61: =N61-K61 -> -305 | AG61: =N61/K61 -> 0.80511182
W62: =(U62-T62)*24*60 -> 0 | AF62: =N62-K62 -> 0 | AG62: =N62/K62 -> #DIV/0!
W63: =(U63-T63)*24*60 -> 0
W64: =(U64-T64)*24*60 -> 0
W65: =(U65-T65)*24*60 -> 0
W66: =(U66-T66)*24*60 -> 0
W67: =(U67-T67)*24*60 -> 0
H68: =F68*G68 -> 0 | W68: =(U68-T68)*24*60 -> 0
C69: 4度三組 | D69: 平均 | J69: =AVERAGE(J59:J68) -> 12.333333 | K69: =AVERAGE(K59:K68) -> 1565 | L69: =AVERAGE(L59:L68) -> 127.07265 | M69: =AVERAGE(M59:M68) -> 12.333333 | N69: =AVERAGE(N59:N68) -> 1388.9259 | O69: =AVERAGE(O59:O68) -> 112.67165 | P69: =M69-J69 -> 0 | Q69: =N69-K69 -> -176.07407 | R69: =O69/L69 -> 0.88667115 | Z69: =SUM(Z59:Z68) -> 1 | AA69: =SUM(AA59:AA68) -> 5 | AD69: =SUM(AD59:AD68) -> 0 | AE69: =SUM(AE59:AE68) -> 0 | AF69: =N69-K69 -> -176.07407 | AG69: =N69/K69 -> 0.8874926
A70: 調理包二線 (手工) | B70: 義大利麵 | D70: 焗烤起司肉醬筆尖麵 | F70: =VLOOKUP(D70,廠價表!$C$1:$E$41,3,0) -> 50.67 | G70: 2450 | H70: =F70*G70 -> 124141.5 | J70: =VLOOKUP(D70,產線配置圖!$A$3:$C$39,2,0) -> 10 | K70: =VLOOKUP(D70,產線配置圖!$A$3:$C$39,3,0) -> 1125 | L70: =K70/J70 -> 112.5 | M70: 10 | N70: =G70/W70*60 -> 840 | O70: =N70/M70 -> 84 | P70: =M70-J70 -> 0 | Q70: =O70-L70 -> -28.5 | R70: =O70/L70 -> 0.74666667 | S70: =R79 -> 0.74666667 | T70: 0.33333333 | U70: 0.45486111 | W70: =(U70-T70)*24*60 -> 175 | AB70: 09:30~09:46停線核對標籤數量 | AF70: =N70-K70 -> -285 | AG70: =N70/K70 -> 0.74666667 | AH70: =AG79 -> 0.74666667
W71: =(U71-T71)*24*60 -> 0 | AF71: -300.3125 | AG71: 0.80810703
W72: =(U72-T72)*24*60 -> 0 | AF72: -130.33333 | AG72: 0.91671991
W73: =(U73-T73)*24*60 -> 0
W74: =(U74-T74)*24*60 -> 0
H75: =F75*G75 -> 0 | W75: =(U75-T75)*24*60 -> 0
H76: =F76*G76 -> 0 | W76: =(U76-T76)*24*60 -> 0
H77: =F77*G77 -> 0 | W77: =(U77-T77)*24*60 -> 0
H78: =F78*G78 -> 0 | W78: =(U78-T78)*24*60 -> 0
C79: 4度四組 | D79: 平均 | J79: =AVERAGE(J70:J78) -> 10 | K79: =AVERAGE(K70:K78) -> 1125 | L79: =AVERAGE(L70:L78) -> 112.5 | M79: =AVERAGE(M70:M78) -> 10 | N79: =AVERAGE(N70:N78) -> 840 | O79: =AVERAGE(O70:O78) -> 84 | P79: =M79-J79 -> 0 | Q79: =N79-K79 -> -285 | R79: =O79/L79 -> 0.74666667 | Z79: =SUM(Z70:Z78) -> 0 | AA79: =SUM(AA70:AA78) -> 0 | AD79: =SUM(AD70:AD78) -> 0 | AE79: =SUM(AE70:AE78) -> 0 | AF79: =N79-K79 -> -285 | AG79: =N79/K79 -> 0.74666667
AJ80: 1.當日出勤人數較多
AJ81: 2.當日出勤人數較少
AJ82: 3.當日出勤熟手較少
AJ83: 4.當日出勤新人較多
AJ84: 5.機台夾盒
AJ85: 6.封膜不順
AJ86: 7.更換膠膜
AJ87: 8.更換碳帶
AJ88: 9.當日熱轉印碳帶異常
AJ89: 10.訂單量過少
AJ90: 11.新品上市，尚未熟悉
AJ91: 12.商品結構，產能較低
AJ92: 13.區域出貨，分段生產

Sheet 0208總
B1: 長家廠組合室生產人時性分析
B3: 日期 | D3: 46061 | F3: 訂單量 | G3: ='0208'!E1 -> 59052 | I3: 營業額 | J3: ='0208'!G1 -> 2821933.5
B4: 項目 | D4: 3 | F4: ➀ | H4: ➁ | J4: ③ | L4: 異常停線 | N4: 短暫停線
B5: 人時性 | D5: 組合室 | F5: 全溫層 | H5: 義大利麵 | J5: 袋裝小吃、義麵 | L5: 合計次數 | M5: 時間 | N5: 合計次數 | O5: 設備次數
D6: 排關平均 | F6: =AVERAGE(D13:J13) -> 118.67038 | H6: =AVERAGE(D13:H13,J13) -> 117.13067 | J6: =AVERAGE(I13) -> 127.90865 | L6: =SUM(D18:J18) -> 0 | M6: =SUM(D19:J19) -> 0 | N6: =SUM(D20:J20) -> 7 | O6: =SUM(D20:J20) -> 7
D7: 實績平均 | F7: =AVERAGE(D14:J14) -> 108.77891 | H7: =AVERAGE(D14:H14,J14) -> 108.01508 | J7: =AVERAGE(I14) -> 113.36188 | L7: =AVERAGE(K14:L14) -> #DIV/0! | M7: =AVERAGE(L14:M14) -> #DIV/0! | N7: =AVERAGE(M14:N14) -> #DIV/0! | O7: =AVERAGE(N14:O14) -> #DIV/0!
D8: 達成率平均 | F8: =F7/F6 -> 0.91664751 | H8: =H7/H6 -> 0.9221759 | J8: =J7/J6 -> 0.88627221 | L8: =AVERAGE(K15:L15) -> #DIV/0! | M8: =AVERAGE(L15:M15) -> #DIV/0! | N8: =AVERAGE(M15:N15) -> #DIV/0! | O8: =AVERAGE(N15:O15) -> #DIV/0!
J9: ※現行日本鮮食廠以達成率80%為基本(即為現行KPI)
B10: 溫層 | D10: 4度C-各編組展開
B11: 編組 | D11: 1 | E11: 2 | F11: 3 | G11: 4 | H11: 5 | I11: 6 | J11: 7
D12: 自動1線 | E12: 自動2線 | F12: 手工3線 | G12: 手工4線 | H12: 手工5線 | I12: 調理包1線 | J12: 調理包2線
B13: 人時性 | C13: 排關 | D13: =VALUE('0208'!L15) -> 136.33484 | E13: =VALUE('0208'!L26) -> 176.42992 | F13: =VALUE('0208'!L37) -> 96.933333 | G13: =VALUE('0208'!L48) -> 88.774816 | H13: =VALUE('0208'!L58) -> 91.811111 | I13: =VALUE('0208'!L69) -> 127.90865 | J13: ='0208'!L79 -> 112.5
C14: 實績 | D14: =VALUE('0208'!O15) -> 128.83189 | E14: =VALUE('0208'!O26) -> 160.76013 | F14: =VALUE('0208'!O37) -> 90.468225 | G14: =VALUE('0208'!O48) -> 86.30626 | H14: =VALUE('0208'!O58) -> 84.757326 | I14: =VALUE('0208'!O69) -> 113.36188 | J14: ='0208'!O79 -> 96.966667
C15: 達成率 | D15: =D14/D13 -> 0.94496673 | E15: =E14/E13 -> 0.91118402 | F15: =F14/F13 -> 0.93330355 | G15: =G14/G13 -> 0.97219306 | H15: =H14/H13 -> 0.92317068 | I15: =I14/I13 -> 0.88627221 | J15: ='0208'!S70 -> 0.86192593
B16: 作業 時間 | C16: 開始 | D16: ='0208'!T5 -> 0.325 | E16: ='0208'!T16 -> 0.29027778 | F16: ='0208'!T27 -> 0.29027778 | G16: ='0208'!T38 -> 0.33333333 | H16: ='0208'!T49 -> 0.28888889 | I16: ='0208'!T59 -> 0.29027778 | J16: ='0208'!T70 -> 0.33333333
