Workbook

Sheet 廠價表
A1: check | B1: 溫層 | C1: 品名 | D1: 類別 | E1: 廠價
B2: 4度C | C2: 白酒蛤蜊義大利麵 | D2: 義大利麵 | E2: 57.21
B3: 4度C | C3: 白酒清炒鮮蛤義大利麵 | D3: 義大利麵 | E3: 56.87
B4: 4度C | C4: 義式蕃茄起司義大利麵 | D4: 義大利麵 | E4: 50.39
B5: 4度C | C5: 焗烤起司雙饗筆尖麵 | D5: 義大利麵 | E5: 49.97
B6: 4度C | C6: 奶油培根義大利麵 | D6: 義大利麵 | E6: 49.14
B7: 4度C | C7: 燻火腿貓耳朵麵 | D7: 義大利麵 | E7: 58.17
B8: 4度C | C8: 義式辣味嫩烤雞腿排義大利麵 | D8: 義大利麵 | E8: 56.61
B9: 4度C | C9: 焗烤起司肉醬筆尖麵 | D9: 義大利麵 | E9: 50.67
B10: 4度C | C10: 辣味香菜雞肉義大利麵 | D10: 義大利麵 | E10: 56.28
B11: 4度C | C11: 蒜香奶油蝦蝦義大利麵 | D11: 義大利麵 | E11: 57.21
B12: 4度C | C12: 義式辣味嫩烤雞腿排義大利麵 | D12: 義大利麵 | E12: 56.61
B13: 4度C | C13: 香煎魚排佐檸檬奶油義大利麵 | D13: 義大利麵 | E13: 58.17
... B21: 4度C | C21: 沙茶豬肉炒麵 | D21: 熱乾麵 | E21: 49.52
B23: 4度C | D23: 小吃、微波
B24: 4度C | C24: 小滷青蔬 | D24: 小吃、微波 | E24: 26.99
B25: 4度C | C25: 起司馬鈴薯 | D25: 小吃、微波 | E25: 28.26
B26: 4度C | C26: 麻辣雞心 | D26: 小吃、微波 | E26: 28.26
B46: 冷凍 | C46: 青醬蛤蜊義大利麵 | D46: 冷凍調理麵 | E46: 29.38
B47: 冷凍 | C47: 經典肉醬義大利麵 | D47: 冷凍調理麵 | E47: 29.38
B48: 冷凍 | C48: 奶油蘑菇培根義大利麵 | D48: 冷凍調理麵 | E48: 29.38
B49: 冷凍 | C49: 清炒蛤蜊義大利麵 | D49: 冷凍調理麵 | E49: 29.38
B50: 冷凍 | C50: 青醬乳酪筆尖麵 | D50: 冷凍調理麵 | E50: 29.38
B51: 冷凍 | C51: 辣蕃茄義大利麵 | D51: 冷凍調理麵 | E51: 29.38
B52: 冷凍 | D52: 冷凍調理麵
B53: 冷凍 | C53: 韓式起司義大利麵 | D53: 冷凍調理麵 | E53: 29.38
B54: 冷凍 | D54: 冷凍調理麵
B55: 冷凍 | C55: 和風明太子細扁麵 | D55: 冷凍調理麵 | E55: 29.38

Sheet 產線配置圖
A1: 品項 | B1: 人數 | C1: 產能 | F1: 46125
A2: 義大利麵
A3: 白酒清炒鮮蛤義大利麵 | B3: 14 | C3: 2118 | D3: ET-600 | E3: 新品 | F3: +2
A4: 白酒蛤蜊義大利麵 | B4: 15 | C4: 1565 | D4: ET-55
A5: 青醬蛤蜊義大利麵 | B5: 12 | C5: 2118 | F5: +2
A6: 義式蕃茄起司義大利麵 | B6: 11 | C6: 2118 | F6: +2
A7: 焗烤起司雙饗筆尖麵 | B7: 16 | C7: 1800
A8: 奶油培根義大利麵 | B8: 13 | C8: 2118 | F8: +2
A9: 辣味香菜雞肉義大利麵 | B9: 15 | C9: 1800
A10: 青花椒麻雞肉拌麵 | B10: 15 | C10: 1714
A11: 濃拿坡里義大利麵 | B11: 16 | C11: 1406
A12: 青醬蛤蜊義大利麵-手 | B12: 15 | C12: 1714
A13: 蒜香奶油蝦蝦義大利麵 | B13: 14 | C13: 2118 | F13: +2
A14: 沙茶豬肉炒麵 | B14: 17 | C14: 1440
A15: 府城鹽水意麵 | B15: 18 | C15: 1565
A16: 焗烤起司肉醬筆尖麵-降 | B16: 10 | C16: 1125
A17: 焗烤起司肉醬筆尖麵 | B17: 13 | C17: 1440
A18: 義式辣味嫩烤雞腿排義大利麵 | B18: 16 | C18: 2000
A19: 香煎魚排佐檸檬奶油義大利麵 | B19: 17 | C19: 2000
A20: 黑松露野菇義大利麵 | B20: 18 | C20: 1565
A24: 調理包
A25: 小滷青蔬 | B25: 13 | C25: 1565
A26: 起司馬鈴薯 | B26: 12 | C26: 1565
A27: 麻辣雞心 | B27: 9 | C27: 1636
E32: 更新日期04/08

Sheet 範本總
B1: 長家廠組合室生產人時性分析
B3: 日期 | D3: 46015 | F3: 訂單量 | G3: =範本!E1 -> 43309 | I3: 營業額 | J3: =範本!G1 -> #N/A
B4: 項目 | D4: 3 | F4: ➀ | H4: ➁ | J4: ③ | L4: 異常停線 | N4: 短暫停線
B5: 人時性 | D5: 組合室 | F5: 全溫層 | H5: 義大利麵 | J5: 袋裝小吃、義麵 | L5: 合計次數 | M5: 時間 | N5: 合計次數 | O5: 設備次數
D6: 排關平均 | F6: =AVERAGE(D13:J13) -> #N/A | H6: =AVERAGE(D13:H13) -> #N/A | J6: =AVERAGE(I13:J13) -> #N/A | L6: =範本!Z2 -> 0 | M6: =範本!AA2 -> 0 | N6: =範本!AD2 -> 0 | O6: =範本!AE2 -> 0
D7: 實績平均 | F7: =AVERAGE(D14:J14) -> 116.11475 | H7: =AVERAGE(D14:H14) -> 117.36075 | J7: =AVERAGE(I14:J14) -> 112.99975
D8: 達成率平均 | F8: =AVERAGE(D15:J15) -> #N/A | H8: =AVERAGE(D15:H15) -> #N/A | J8: =AVERAGE(I15:J15) -> #N/A
J9: ※現行日本鮮食廠以達成率80%為基本(即為現行KPI)
B10: 溫層 | D10: 4度C-各編組展開
B11: 編組 | D11: 1 | E11: 2 | F11: 3 | G11: 4 | H11: 5 | I11: 6 | J11: 7
D12: 自動1線 | E12: 自動2線 | F12: 手工3線 | G12: 手工4線 | H12: 手工5線 | I12: 調理包1線 | J12: 調理包2線
B13: 人時性 | C13: 排關 | D13: =VALUE(範本!L15) -> #N/A | E13: =VALUE(範本!L26) -> #N/A | F13: =VALUE(範本!L37) -> #N/A | G13: =VALUE(範本!L48) -> #N/A | H13: =VALUE(範本!L58) -> #N/A | I13: =VALUE(範本!L69) -> #N/A | J13: =範本!L79 -> #N/A
C14: 實績 | D14: =VALUE(範本!O15) -> 113.91637 | E14: =VALUE(範本!O26) -> 132.12003 | F14: =VALUE(範本!O37) -> 126.23842 | G14: =VALUE(範本!O48) -> 112.0543 | H14: =VALUE(範本!O58) -> 102.47462 | I14: =VALUE(範本!O69) -> 155.46443 | J14: =範本!O79 -> 70.535065
C15: 達成率 | D15: =D14/D13 -> #N/A | E15: =E14/E13 -> #N/A | F15: =F14/F13 -> #N/A | G15: =G14/G13 -> #N/A | H15: =H14/H13 -> #N/A | I15: =I14/I13 -> #N/A | J15: =範本!S70 -> #N/A
B16: 作業 時間 | C16: 開始 | D16: =範本!T5 -> 0.29097222 | E16: =範本!T16 -> 0.29097222 | F16: =範本!T27 -> 0.29166667 | G16: =範本!T38 -> 0.33333333 | H16: =範本!T49 -> 0.29166667 | I16: =範本!T59 -> 0.29166667 | J16: =範本!T70 -> 0.34722222
C17: 結束 | D17: 0.47361111 | E17: 0.48263889 | F17: 0.56944444 | G17: 0.60416667 | H17: 0.58333333 | I17: 0.48819444 | J17: 0.46875
B18: 產線異常 (5分鐘以上) | C18: 次數
C19: 時間/分
B20: 短暫停線 (5分鐘以下) | C20: 次數
C21: 設備次數
B22: 配置人數 | D22: =VALUE(範本!M15) -> 15 | E22: =VALUE(範本!M26) -> 12.666667 | F22: =VALUE(範本!M37) -> 14.666667 | G22: =VALUE(範本!M48) -> 14 | H22: =VALUE(範本!M58) -> 17.666667 | I22: =VALUE(範本!M69) -> 12.333333 | J22: =範本!M79 -> 11
B23: 主要應用設備 | D23: ET-600 | E23: ET-600 | F23: ET-55 | G23: ET-55 | H23: ET-55 | I23: 八爪機
B24: 次要應用設備 | H24: 封口機
B25: 備註

Sheet 範本
A1: 長家廠4度C日報分析 | D1: 總生產量 | E1: =SUM(G5:G79) -> 43309 | F1: 營業額 | G1: =SUM(H5:H79) -> #N/A | H1: 出勤人數 | I1: =M15+M26+M48+M58+M69+M79+M37 -> 97.333333 | J1: 產線配置圖 | M1: 生產實績 | P1: 人時性差異分析 | T1: 日報登錄 | Z1: 合計 次數 | AA1: 合計 時間/分 | AB1: 分析說明 | AD1: 合計 次數 | AE1: 合計 設備次數 | AF1: 產能差異分析
A2: 12月24日 星期三 | D2: 人時性 | E2: =AVERAGE(O15,O26,O37,O48,O58,O69,O79) -> 116.11475 | F2: 平均廠價 | G2: =G1/E1 -> #N/A | H2: 多次生產數 | I2: =COUNT(I5:I79) -> 0 | Z2: =Z15+Z26+Z37+Z48+Z58+Z69+Z79 -> 0 | AA2: =AA15+AA26+AA37+AA48+AA58+AA69+AA79 -> 0 | AD2: =AD15+AD26+AD37+AD48+AD58+AD69+AD79 -> 0 | AE2: =AE15+AE26+AE37+AE48+AE58+AE69+AE79 -> 0
A3: 線別 | B3: 品類 | D3: 品名 | F3: 廠價 | G3: 生產量 | H3: 營收 | I3: 多次 生產 | J3: 人數 | K3: 產能/時 | L3: 人時性 | M3: 人數 | N3: 產能/時 | O3: 人時性 | P3: 人數 | Q3: 人時性 | R3: 達成率 | S3: 達成率平均 | T3: 生產時間 | V3: 前置、換線時間/分 | W3: 稼動時間/分 | X3: 休息時間 | Z3: 產線異常統計 (5分鐘以上) | AD3: 短暫停線統計 (5分鐘以下) | AF3: 產能/時 | AG3: 達成率 | AH3: 達成率平均
T4: 開始 | U4: 結束 | X4: 開始 | Y4: 結束 | Z4: 次數 | AA4: 時間/分 | AD4: 總次數 | AE4: 設備因素(次數)
A5: 自動一線 (ET-600) | B5: =VLOOKUP(D5,廠價表!$C$1:$E$43,2,0) -> #N/A | F5: =VLOOKUP(D5,廠價表!$C$1:$E$43,3,0) -> #N/A | G5: 2263 | H5: =F5*G5 -> #N/A | J5: =VLOOKUP(D5,產線配置圖!$A$3:$C$38,2,0) -> #N/A | K5: =VLOOKUP(D5,產線配置圖!$A$3:$C$38,3,0) -> #N/A | L5: =K5/J5 -> #N/A | M5: 15 | N5: =G5/W5*60 -> 1444.4681 | O5: =N5/M5 -> 96.297872 | P5: =M5-J5 -> #N/A | Q5: =O5-L5 -> #N/A | R5: =O5/L5 -> #N/A | S5: =R15 -> #N/A | T5: 0.29097222 | U5: 0.35625 | W5: =(U5-T5)*24*60 -> 94 | AF5: =N5-K5 -> #N/A | AG5: =N5/K5 -> #N/A | AH5: =AG15 -> #N/A
B6: =VLOOKUP(D6,廠價表!$C$1:$E$43,2,0) -> #N/A | F6: =VLOOKUP(D6,廠價表!$C$1:$E$43,3,0) -> #N/A | G6: 1180 | H6: =F6*G6 -> #N/A | J6: =VLOOKUP(D6,產線配置圖!$A$3:$C$38,2,0) -> #N/A | K6: =VLOOKUP(D6,產線配置圖!$A$3:$C$38,3,0) -> #N/A | L6: =K6/J6 -> #N/A | M6: 17 | N6: =G6/W6*60 -> 1609.0909 | O6: =N6/M6 -> 94.652406 | P6: =M6-J6 -> #N/A | Q6: =O6-L6 -> #N/A | R6: =O6/L6 -> #N/A | T6: 0.36458333 | U6: 0.39513889 | V6: =(T6-U5)*24*60 -> 12 | W6: =(U6-T6)*24*60 -> 44 | AF6: =N6-K6 -> #N/A | AG6: =N6/K6 -> #N/A
B7: =VLOOKUP(D7,廠價表!$C$1:$E$43,2,0) -> #N/A | F7: =VLOOKUP(D7,廠價表!$C$1:$E$43,3,0) -> #N/A | G7: 3398 | H7: =F7*G7 -> #N/A | J7: =VLOOKUP(D7,產線配置圖!$A$3:$C$38,2,0) -> #N/A | K7: =VLOOKUP(D7,產線配置圖!$A$3:$C$38,3,0) -> #N/A | L7: =K7/J7 -> #N/A | M7: 13 | N7: =G7/W7*60 -> 1960.3846 | O7: =N7/M7 -> 150.79882 | P7: =M7-J7 -> #N/A | Q7: =O7-L7 -> #N/A | R7: =O7/L7 -> #N/A | T7: 0.40138889 | U7: 0.47361111 | V7: =(T7-U6)*24*60 -> 9 | W7: =(U7-T7)*24*60 -> 104 | AF7: =N7-K7 -> #N/A | AG7: =N7/K7 -> #N/A
W8: =(U8-T8)*24*60 -> 0 | X8: 0.48611111 | Y8: 0.52777778 | AF8: =N8-K8 -> 0 | AG8: =N8/K8 -> #DIV/0!
W9: =(U9-T9)*24*60 -> 0 | AF9: =N9-K9 -> 0 | AG9: =N9/K9 -> #DIV/0!
W10: =(U10-T10)*24*60 -> 0 | AF10: =N10-K10 -> 0 | AG10: =N10/K10 -> #DIV/0!
W11: =(U11-T11)*24*60 -> 0 | AF11: =N11-K11 -> 0 | AG11: =N11/K11 -> #DIV/0!
W12: =(U12-T12)*24*60 -> 0
W13: =(U13-T13)*24*60 -> 0
W14: =(U14-T14)*24*60 -> 0
C15: 4度一組 | D15: 平均 | J15: =AVERAGE(J5:J14) -> #N/A | K15: =AVERAGE(K5:K14) -> #N/A | L15: =AVERAGE(L5:L14) -> #N/A | M15: =AVERAGE(M5:M14) -> 15 | N15: =AVERAGE(N5:N14) -> 1671.3145 | O15: =AVERAGE(O5:O14) -> 113.91637 | P15: =M15-J15 -> #N/A | Q15: =O15-L15 -> #N/A | R15: =O15/L15 -> #N/A | Z15: =SUM(Z5:Z14) -> 0 | AA15: =SUM(AA5:AA14) -> 0 | AD15: =SUM(AD5:AD14) -> 0 | AE15: =SUM(AE5:AE14) -> 0 | AF15: =N15-K15 -> #N/A | AG15: =N15/K15 -> #N/A
A16: 自動二線 (ET-600) | B16: =VLOOKUP(D16,廠價表!$C$1:$E$43,2,0) -> #N/A | F16: =VLOOKUP(D16,廠價表!$C$1:$E$43,3,0) -> #N/A | G16: 2263 | H16: =F16*G16 -> #N/A | J16: =VLOOKUP(D16,產線配置圖!$A$3:$C$38,2,0) -> #N/A | K16: =VLOOKUP(D16,產線配置圖!$A$3:$C$38,3,0) -> #N/A | L16: =K16/J16 -> #N/A | M16: 13 | N16: =G16/W16*60 -> 2225.9016 | O16: =N16/M16 -> 171.2232 | P16: =M16-J16 -> #N/A | Q16: =O16-L16 -> #N/A | R16: =O16/L16 -> #N/A | S16: =R26 -> #N/A | T16: 0.29097222 | U16: 0.33333333 | W16: =(U16-T16)*24*60 -> 61 | AF16: =N16-K16 -> #N/A | AG16: =N16/K16 -> #N/A | AH16: =AG26 -> #N/A
B17: =VLOOKUP(D17,廠價表!$C$1:$E$43,2,0) -> #N/A | F17: =VLOOKUP(D17,廠價表!$C$1:$E$43,3,0) -> #N/A | G17: 1180 | H17: =F17*G17 -> #N/A | J17: =VLOOKUP(D17,產線配置圖!$A$3:$C$38,2,0) -> #N/A | K17: =VLOOKUP(D17,產線配置圖!$A$3:$C$38,3,0) -> #N/A | L17: =K17/J17 -> #N/A | M17: 13 | N17: =G17/W17*60 -> 823.25581 | O17: =N17/M17 -> 63.32737 | P17: =M17-J17 -> #N/A | Q17: =O17-L17 -> #N/A | R17: =O17/L17 -> #N/A | T17: 0.34166667 | U17: 0.40138889 | V17: =(T17-U16)*24*60 -> 12 | W17: =(U17-T17)*24*60 -> 86 | AF17: =N17-K17 -> #N/A | AG17: =N17/K17 -> #N/A
B18: =VLOOKUP(D18,廠價表!$C$1:$E$43,2,0) -> #N/A | F18: =VLOOKUP(D18,廠價表!$C$1:$E$43,3,0) -> #N/A | G18: 3398 | H18: =F18*G18 -> #N/A | J18: =VLOOKUP(D18,產線配置圖!$A$3:$C$38,2,0) -> #N/A | K18: =VLOOKUP(D18,產線配置圖!$A$3:$C$38,3,0) -> #N/A | L18: =K18/J18 -> #N/A | M18: 12 | N18: =G18/W18*60 -> 1941.7143 | O18: =N18/M18 -> 161.80952 | P18: =M18-J18 -> #N/A | Q18: =O18-L18 -> #N/A | R18: =O18/L18 -> #N/A | T18: 0.40972222 | U18: 0.48263889 | V18: =(T18-U17)*24*60 -> 12 | W18: =(U18-T18)*24*60 -> 105 | X18: 0.48611111 | Y18: 0.52777778 | AF18: =N18-K18 -> #N/A | AG18: =N18/K18 -> #N/A
V19: =(T19-U18)*24*60 -> -695 | W19: =(U19-T19)*24*60 -> 0 | AF19: =N19-K19 -> 0 | AG19: =N19/K19 -> #DIV/0!
V20: =(T20-U19)*24*60 -> 0 | W20: =(U20-T20)*24*60 -> 0
W21: =(U21-T21)*24*60 -> 0
W22: 0
W23: =(U23-T23)*24*60 -> 0
H24: =F24*G24 -> 0 | W24: =(U24-T24)*24*60 -> 0
H25: =F25*G25 -> 0 | W25: =(U25-T25)*24*60 -> 0
C26: 4度二組A | D26: 平均 | J26: =AVERAGE(J16:J25) -> #N/A | K26: =AVERAGE(K16:K25) -> #N/A | L26: =AVERAGE(L16:L25) -> #N/A | M26: =AVERAGE(M16:M25) -> 12.666667 | N26: =AVERAGE(N16:N25) -> 1663.6239 | O26: =AVERAGE(O16:O25) -> 132.12003 | P26: =M26-J26 -> #N/A | Q26: =O26-L26 -> #N/A | R26: =O26/L26 -> #N/A | Z26: =SUM(Z16:Z25) -> 0 | AA26: =SUM(AA16:AA25) -> 0 | AD26: =SUM(AD16:AD25) -> 0 | AE26: =SUM(AE16:AE25) -> 0 | AF26: =N26-K26 -> #N/A | AG26: =N26/K26 -> #N/A
A27: 手工三線 (ET-55) | B27: =VLOOKUP(D27,廠價表!$C$1:$E$43,2,0) -> #N/A | F27: =VLOOKUP(D27,廠價表!$C$1:$E$43,3,0) -> #N/A | G27: 2263 | H27: =F27*G27 -> #N/A | J27: =VLOOKUP(D27,產線配置圖!$A$3:$C$38,2,0) -> #N/A | K27: =VLOOKUP(D27,產線配置圖!$A$3:$C$38,3,0) -> #N/A | L27: =K27/J27 -> #N/A | M27: 14 | N27: =G27/W27*60 -> 1212.3214 | O27: =N27/M27 -> 86.594388 | P27: =M27-J27 -> #N/A | Q27: =O27-L27 -> #N/A | R27: =O27/L27 -> #N/A | S27: =R37 -> #N/A | T27: 0.29166667 | U27: 0.36944444 | W27: =(U27-T27)*24*60 -> 112 | AF27: =N27-K27 -> #N/A | AG27: =N27/K27 -> #N/A | AH27: =AG37 -> #N/A
B28: =VLOOKUP(D28,廠價表!$C$1:$E$43,2,0) -> #N/A | F28: =VLOOKUP(D28,廠價表!$C$1:$E$43,3,0) -> #N/A | G28: 1180 | H28: =F28*G28 -> #N/A | J28: =VLOOKUP(D28,產線配置圖!$A$3:$C$38,2,0) -> #N/A | K28: =VLOOKUP(D28,產線配置圖!$A$3:$C$38,3,0) -> #N/A | L28: =K28/J28 -> #N/A | M28: 16 | N28: =G28/W28*60 -> 1089.2308 | O28: =N28/M28 -> 68.076923 | P28: =M28-J28 -> #N/A | Q28: =O28-L28 -> #N/A | R28: =O28/L28 -> #N/A | T28: 0.375 | U28: 0.42013889 | V28: =(T28-U27)*24*60 -> 8 | W28: =(U28-T28)*24*60 -> 65 | AF28: =N28-K28 -> #N/A | AG28: =N28/K28 -> #N/A
B29: =VLOOKUP(D29,廠價表!$C$1:$E$43,2,0) -> #N/A | F29: =VLOOKUP(D29,廠價表!$C$1:$E$43,3,0) -> #N/A | G29: 3398 | H29: =F29*G29 -> #N/A | J29: =VLOOKUP(D29,產線配置圖!$A$3:$C$38,2,0) -> #N/A | K29: =VLOOKUP(D29,產線配置圖!$A$3:$C$38,3,0) -> #N/A | L29: =K29/J29 -> #N/A | M29: 14 | N29: =G29/W29*60 -> 3136.6154 | O29: =N29/M29 -> 224.04396 | P29: =M29-J29 -> #N/A | Q29: =O29-L29 -> #N/A | R29: =O29/L29 -> #N/A | T29: 0.43055556 | U29: 0.47569444 | V29: =(T29-U28)*24*60 -> 15 | W29: =(U29-T29)*24*60 -> 65 | AF29: =N29-K29 -> #N/A | AG29: =N29/K29 -> #N/A
T30: 0.53958333 | U30: 0.56944444 | V30: =(T30-U29)*24*60 -> 92 | W30: =(U30-T30)*24*60 -> 43 | X30: 0.49652778 | Y30: 0.53819444 | AF30: =N30-K30 -> 0 | AG30: =N30/K30 -> #DIV/0!
W31: =(U31-T31)*24*60 -> 0 | AF31: =N31-K31 -> 0 | AG31: =N31/K31 -> #DIV/0!
W32: =(U32-T32)*24*60 -> 0
W33: =(U33-T33)*24*60 -> 0
W34: =(U34-T34)*24*60 -> 0
W35: =(U35-T35)*24*60 -> 0
H36: =F36*G36 -> 0 | W36: =(U36-T36)*24*60 -> 0
C37: 4度二組B | D37: 平均 | J37: =AVERAGE(J27:J36) -> #N/A | K37: =AVERAGE(K27:K36) -> #N/A | L37: =AVERAGE(L27:L36) -> #N/A | M37: =AVERAGE(M27:M36) -> 14.666667 | N37: =AVERAGE(N27:N36) -> 1812.7225 | O37: =AVERAGE(O27:O36) -> 126.23842 | P37: =M37-J37 -> #N/A | Q37: =N37-K37 -> #N/A | R37: =O37/L37 -> #N/A | Z37: =SUM(Z27:Z36) -> 0 | AA37: =SUM(AA27:AA36) -> 0 | AD37: =SUM(AD27:AD36) -> 0 | AE37: =SUM(AE27:AE36) -> 0 | AF37: =N37-K37 -> #N/A | AG37: =N37/K37 -> #N/A
A38: 手工四線 (ET-55) | B38: =VLOOKUP(D38,廠價表!$C$1:$E$43,2,0) -> #N/A | F38: =VLOOKUP(D38,廠價表!$C$1:$E$43,3,0) -> #N/A | G38: 2263 | H38: =F38*G38 -> #N/A | J38: =VLOOKUP(D38,產線配置圖!$A$3:$C$38,2,0) -> #N/A | K38: =VLOOKUP(D38,產線配置圖!$A$3:$C$38,3,0) -> #N/A | L38: =K38/J38 -> #N/A | M38: 14 | N38: =G38/W38*60 -> 1967.8261 | O38: =N38/M38 -> 140.55901 | P38: =M38-J38 -> #N/A | Q38: =O38-L38 -> #N/A | R38: =O38/L38 -> #N/A | S38: =R48 -> #N/A | T38: 0.33333333 | U38: 0.38125 | W38: =(U38-T38)*24*60 -> 69 | AF38: =N38-K38 -> #N/A | AG38: =N38/K38 -> #N/A | AH38: =AG48 -> #N/A
B39: =VLOOKUP(D39,廠價表!$C$1:$E$43,2,0) -> #N/A | F39: =VLOOKUP(D39,廠價表!$C$1:$E$43,3,0) -> #N/A | G39: 1180 | H39: =F39*G39 -> #N/A | J39: =VLOOKUP(D39,產線配置圖!$A$3:$C$38,2,0) -> #N/A | K39: =VLOOKUP(D39,產線配置圖!$A$3:$C$38,3,0) -> #N/A | L39: =K39/J39 -> #N/A | M39: 14 | N39: =G39/W39*60 -> 885 | O39: =N39/M39 -> 63.214286 | P39: =M39-J39 -> #N/A | Q39: =O39-L39 -> #N/A | R39: =O39/L39 -> #N/A | T39: 0.38888889 | U39: 0.44444444 | V39: =(T39-U38)*24*60 -> 11 | W39: =(U39-T39)*24*60 -> 80 | AF39: =N39-K39 -> #N/A | AG39: =N39/K39 -> #N/A
B40: =VLOOKUP(D40,廠價表!$C$1:$E$43,2,0) -> #N/A | F40: =VLOOKUP(D40,廠價表!$C$1:$E$43,3,0) -> #N/A | G40: 3398 | H40: =F40*G40 -> #N/A | J40: =VLOOKUP(D40,產線配置圖!$A$3:$C$38,2,0) -> #N/A | K40: =VLOOKUP(D40,產線配置圖!$A$3:$C$38,3,0) -> #N/A | L40: =K40/J40 -> #N/A | M40: 14 | N40: =G40/W40*60 -> 1853.4545 | O40: =N40/M40 -> 132.38961 | P40: =M40-J40 -> #N/A | Q40: =O40-L40 -> #N/A | R40: =O40/L40 -> #N/A | T40: 0.52777778 | U40: 0.60416667 | V40: =(T40-U39)*24*60 -> 120 | W40: =(U40-T40)*24*60 -> 110 | AF40: =N40-K40 -> #N/A | AG40: =N40/K40 -> #N/A
W41: =(U41-T41)*24*60 -> 0 | AF41: =N41-K41 -> 0 | AG41: =N41/K41 -> #DIV/0!
W42: =(U42-T42)*24*60 -> 0
W43: =(U43-T43)*24*60 -> 0
W44: =(U44-T44)*24*60 -> 0
W45: =(U45-T45)*24*60 -> 0
W46: =(U46-T46)*24*60 -> 0
H47: =F47*G47 -> 0 | W47: =(U47-T47)*24*60 -> 0
C48: 4度二組C1 | D48: 平均 | J48: =AVERAGE(J38:J47) -> #N/A | K48: =AVERAGE(K38:K47) -> #N/A | L48: =AVERAGE(L38:L47) -> #N/A | M48: =AVERAGE(M38:M47) -> 14 | N48: =AVERAGE(N38:N47) -> 1568.7602 | O48: =AVERAGE(O38:O47) -> 112.0543 | P48: =M48-J48 -> #N/A | Q48: =N48-K48 -> #N/A | R48: =O48/L48 -> #N/A | W48: =(U48-T48)*24*60 -> 0 | Z48: =SUM(Z38:Z47) -> 0 | AA48: =SUM(AA38:AA47) -> 0 | AD48: =SUM(AD38:AD47) -> 0 | AE48: =SUM(AE38:AE47) -> 0 | AF48: =N48-K48 -> #N/A | AG48: =N48/K48 -> #N/A
A49: 手工五線 (ET-55) | B49: =VLOOKUP(D49,廠價表!$C$1:$E$43,2,0) -> #N/A | F49: =VLOOKUP(D49,廠價表!$C$1:$E$43,3,0) -> #N/A | G49: 2263 | H49: =F49*G49 -> #N/A | J49: =VLOOKUP(D49,產線配置圖!$A$3:$C$38,2,0) -> #N/A | K49: =VLOOKUP(D49,產線配置圖!$A$3:$C$38,3,0) -> #N/A | L49: =K49/J49 -> #N/A | M49: 18 | N49: =G49/W49*60 -> 1996.7647 | O49: =N49/M49 -> 110.93137 | P49: =M49-J49 -> #N/A | Q49: =O49-L49 -> #N/A | R49: =O49/L49 -> #N/A | S49: =R58 -> #N/A | T49: 0.29166667 | U49: 0.33888889 | W49: =(U49-T49)*24*60 -> 68 | AF49: =N49-K49 -> #N/A | AG49: =N49/K49 -> #N/A | AH49: =AG58 -> #N/A
B50: =VLOOKUP(D50,廠價表!$C$1:$E$43,2,0) -> #N/A | F50: =VLOOKUP(D50,廠價表!$C$1:$E$43,3,0) -> #N/A | G50: 1180 | H50: =F50*G50 -> #N/A | J50: =VLOOKUP(D50,產線配置圖!$A$3:$C$38,2,0) -> #N/A | K50: =VLOOKUP(D50,產線配置圖!$A$3:$C$38,3,0) -> #N/A | L50: =K50/J50 -> #N/A | M50: 18 | N50: =G50/W50*60 -> 997.1831 | O50: =N50/M50 -> 55.399061 | P50: =M50-J50 -> #N/A | Q50: =O50-L50 -> #N/A | R50: =O50/L50 -> #N/A | T50: 0.34513889 | U50: 0.39444444 | V50: =(T50-U49)*24*60 -> 9 | W50: =(U50-T50)*24*60 -> 71 | AF50: =N50-K50 -> #N/A | AG50: =N50/K50 -> #N/A
B51: =VLOOKUP(D51,廠價表!$C$1:$E$43,2,0) -> #N/A | F51: =VLOOKUP(D51,廠價表!$C$1:$E$43,3,0) -> #N/A | G51: 3398 | H51: =F51*G51 -> #N/A | J51: =VLOOKUP(D51,產線配置圖!$A$3:$C$38,2,0) -> #N/A | K51: =VLOOKUP(D51,產線配置圖!$A$3:$C$38,3,0) -> #N/A | L51: =K51/J51 -> #N/A | M51: 17 | N51: =G51/W51*60 -> 2398.5882 | O51: =N51/M51 -> 141.09343 | P51: =M51-J51 -> #N/A | Q51: =O51-L51 -> #N/A | R51: =O51/L51 -> #N/A | T51: 0.40138889 | U51: 0.46041667 | V51: =(T51-U50)*24*60 -> 10 | W51: =(U51-T51)*24*60 -> 85 | AF51: =N51-K51 -> #N/A | AG51: =N51/K51 -> #N/A
T52: 0.52986111 | U52: 0.58333333 | V52: =(T52-U51)*24*60 -> 100 | W52: =(U52-T52)*24*60 -> 77 | X52: 0.47916667 | Y52: 0.52083333 | AF52: =N52-K52 -> 0 | AG52: =N52/K52 -> #DIV/0!
W53: =(U53-T53)*24*60 -> 0 | AF53: =N53-K53 -> 0 | AG53: =N53/K53 -> #DIV/0!
W54: =(U54-T54)*24*60 -> 0
W55: =(U55-T55)*24*60 -> 0
W56: =(U56-T56)*24*60 -> 0
W57: =(U57-T57)*24*60 -> 0
C58: 4度二組C2 | D58: 平均 | J58: =AVERAGE(J49:J57) -> #N/A | K58: =AVERAGE(K49:K57) -> #N/A | L58: =AVERAGE(L49:L57) -> #N/A | M58: =AVERAGE(M49:M57) -> 17.666667 | N58: =AVERAGE(N49:N57) -> 1797.512 | O58: =AVERAGE(O49:O57) -> 102.47462 | P58: =M58-J58 -> #N/A | Q58: =N58-K58 -> #N/A | R58: =O58/L58 -> #N/A | Z58: =SUM(Z49:Z57) -> 0 | AA58: =SUM(AA49:AA57) -> 0 | AD58: =SUM(AD49:AD57) -> 0 | AE58: =SUM(AE49:AE57) -> 0 | AF58: =N58-K58 -> #N/A | AG58: =N58/K58 -> #N/A
A59: 調理包一線 (八爪機) | B59: =VLOOKUP(D59,廠價表!$C$1:$E$43,2,0) -> #N/A | F59: =VLOOKUP(D59,廠價表!$C$1:$E$43,3,0) -> #N/A | G59: 2263 | H59: =F59*G59 -> #N/A | J59: =VLOOKUP(D59,產線配置圖!$A$3:$C$38,2,0) -> #N/A | K59: =VLOOKUP(D59,產線配置圖!$A$3:$C$38,3,0) -> #N/A | L59: =K59/J59 -> #N/A | M59: 13 | N59: =G59/W59*60 -> 1131.5 | O59: =N59/M59 -> 87.038462 | P59: =M59-J59 -> #N/A | Q59: =O59-L59 -> #N/A | R59: =O59/L59 -> #N/A | S59: =R69 -> #N/A | T59: 0.29166667 | U59: 0.375 | W59: =(U59-T59)*24*60 -> 120 | AF59: =N59-K59 -> #N/A | AG59: =N59/K59 -> #N/A | AH59: =AG69 -> #N/A
B60: =VLOOKUP(D60,廠價表!$C$1:$E$43,2,0) -> #N/A | F60: =VLOOKUP(D60,廠價表!$C$1:$E$43,3,0) -> #N/A | G60: 1180 | H60: =F60*G60 -> #N/A | J60: =VLOOKUP(D60,產線配置圖!$A$3:$C$38,2,0) -> #N/A | K60: =VLOOKUP(D60,產線配置圖!$A$3:$C$38,3,0) -> #N/A | L60: =K60/J60 -> #N/A | M60: 12 | N60: =G60/W60*60 -> 2360 | O60: =N60/M60 -> 196.66667 | P60: =M60-J60 -> #N/A | Q60: =O60-L60 -> #N/A | R60: =O60/L60 -> #N/A | T60: 0.38541667 | U60: 0.40625 | V60: =(T60-U59)*24*60 -> 15 | W60: =(U60-T60)*24*60 -> 30 | AF60: =N60-K60 -> #N/A | AG60: =N60/K60 -> #N/A
B61: =VLOOKUP(D61,廠價表!$C$1:$E$43,2,0) -> #N/A | F61: =VLOOKUP(D61,廠價表!$C$1:$E$43,3,0) -> #N/A | G61: 3398 | H61: =F61*G61 -> #N/A | J61: =VLOOKUP(D61,產線配置圖!$A$3:$C$38,2,0) -> #N/A | K61: =VLOOKUP(D61,產線配置圖!$A$3:$C$38,3,0) -> #N/A | L61: =K61/J61 -> #N/A | M61: 12 | N61: =G61/W61*60 -> 2192.2581 | O61: =N61/M61 -> 182.68817 | P61: =M61-J61 -> #N/A | Q61: =O61-L61 -> #N/A | R61: =O61/L61 -> #N/A | T61: 0.42361111 | U61: 0.48819444 | V61: =(T61-U60)*24*60 -> 25 | W61: =(U61-T61)*24*60 -> 93 | AF61: =N61-K61 -> #N/A | AG61: =N61/K61 -> #N/A
W62: =(U62-T62)*24*60 -> 0 | X62: 0.50347222 | Y62: 0.54513889 | AF62: =N62-K62 -> 0 | AG62: =N62/K62 -> #DIV/0!
W63: =(U63-T63)*24*60 -> 0
W64: =(U64-T64)*24*60 -> 0
W65: =(U65-T65)*24*60 -> 0
W66: =(U66-T66)*24*60 -> 0
W67: =(U67-T67)*24*60 -> 0
H68: =F68*G68 -> 0 | W68: =(U68-T68)*24*60 -> 0
C69: 4度三組 | D69: 平均 | J69: =AVERAGE(J59:J68) -> #N/A | K69: =AVERAGE(K59:K68) -> #N/A | L69: =AVERAGE(L59:L68) -> #N/A | M69: =AVERAGE(M59:M68) -> 12.333333 | N69: =AVERAGE(N59:N68) -> 1894.586 | O69: =AVERAGE(O59:O68) -> 155.46443 | P69: =M69-J69 -> #N/A | Q69: =N69-K69 -> #N/A | R69: =O69/L69 -> #N/A | Z69: =SUM(Z59:Z68) -> 0 | AA69: =SUM(AA59:AA68) -> 0 | AD69: =SUM(AD59:AD68) -> 0 | AE69: =SUM(AE59:AE68) -> 0 | AF69: =N69-K69 -> #N/A | AG69: =N69/K69 -> #N/A
A70: 調理包二線 (手工) | B70: =VLOOKUP(D70,廠價表!$C$1:$E$43,2,0) -> #N/A | F70: =VLOOKUP(D70,廠價表!$C$1:$E$43,3,0) -> #N/A | G70: 2263 | H70: =F70*G70 -> #N/A | J70: =VLOOKUP(D70,產線配置圖!$A$3:$C$38,2,0) -> #N/A | K70: =VLOOKUP(D70,產線配置圖!$A$3:$C$38,3,0) -> #N/A | L70: =K70/J70 -> #N/A | M70: 11 | N70: =G70/W70*60 -> 775.88571 | O70: =N70/M70 -> 70.535065 | P70: =M70-J70 -> #N/A | Q70: =O70-L70 -> #N/A | R70: =O70/L70 -> #N/A | S70: =R79 -> #N/A | T70: 0.34722222 | U70: 0.46875 | W70: =(U70-T70)*24*60 -> 175 | AF70: =N70-K70 -> #N/A | AG70: =N70/K70 -> #N/A | AH70: =AG79 -> #N/A
W71: =(U71-T71)*24*60 -> 0 | AF71: -300.3125 | AG71: 0.80810703
W72: =(U72-T72)*24*60 -> 0 | AF72: -130.33333 | AG72: 0.91671991
W73: =(U73-T73)*24*60 -> 0
W74: =(U74-T74)*24*60 -> 0
H75: =F75*G75 -> 0 | W75: =(U75-T75)*24*60 -> 0
H76: =F76*G76 -> 0 | W76: =(U76-T76)*24*60 -> 0
H77: =F77*G77 -> 0 | W77: =(U77-T77)*24*60 -> 0
H78: =F78*G78 -> 0 | W78: =(U78-T78)*24*60 -> 0
C79: 4度四組 | D79: 平均 | J79: =AVERAGE(J70:J78) -> #N/A | K79: =AVERAGE(K70:K78) -> #N/A | L79: =AVERAGE(L70:L78) -> #N/A | M79: =AVERAGE(M70:M78) -> 11 | N79: =AVERAGE(N70:N78) -> 775.88571 | O79: =AVERAGE(O70:O78) -> 70.535065 | P79: =M79-J79 -> #N/A | Q79: =N79-K79 -> #N/A | R79: =O79/L79 -> #N/A | Z79: =SUM(Z70:Z78) -> 0 | AA79: =SUM(AA70:AA78) -> 0 | AD79: =SUM(AD70:AD78) -> 0 | AE79: =SUM(AE70:AE78) -> 0 | AF79: =N79-K79 -> #N/A | AG79: =N79/K79 -> #N/A
AJ80: 1.當日出勤人數較多
AJ81: 2.當日出勤人數較少
AJ82: 3.當日出勤熟手較少
AJ83: 4.當日出勤新人較多
AJ84: 5.機台夾盒
AJ85: 6.封膜不順
AJ86: 7.更換膠膜
AJ87: 8.更換碳帶
AJ88: 9.當日熱轉印碳帶異常
AJ89: 10.訂單量過少
AJ90: 11.新品上市，尚未熟悉
AJ91: 12.商品結構，產能較低
AJ92: 13.區域出貨，分段生產

Sheet 0401總
B1: 長家廠組合室生產人時性分析
B3: 日期 | D3: 46113 | F3: 訂單量 | G3: ='0401'!E1 -> 49874 | I3: 營業額 | J3: ='0401'!G1 -> 2342819
B4: 項目 | D4: 3 | F4: ➀ | H4: ➁ | J4: ③ | L4: 異常停線 | N4: 短暫停線
B5: 人時性 | D5: 組合室 | F5: 全溫層 | H5: 義大利麵 | J5: 袋裝小吃、義麵 | L5: 合計次數 | M5: 時間 | N5: 合計次數 | O5: 設備次數
D6: 排關平均 | F6: =AVERAGE(D13:I13) -> 131.23173 | H6: =AVERAGE(D13:H13) -> 126.76023 | J6: =AVERAGE(I13) -> 153.58921 | L6: =SUM(D18:J18) -> 4 | M6: =SUM(D19:J19) -> 23 | N6: =SUM(D20:J20) -> 0 | O6: =SUM(D20:J20) -> 0
D7: 實績平均 | F7: =AVERAGE(D14:I14) -> 115.01846 | H7: =AVERAGE(D14:H14) -> 113.76339 | J7: =AVERAGE(I14) -> 121.29381 | L7: =AVERAGE(K14:L14) -> #DIV/0! | M7: =AVERAGE(L14:M14) -> #DIV/0! | N7: =AVERAGE(M14:N14) -> #DIV/0! | O7: =AVERAGE(N14:O14) -> #DIV/0!
D8: 達成率平均 | F8: =F7/F6 -> 0.87645315 | H8: =H7/H6 -> 0.89746911 | J8: =J7/J6 -> 0.7897287 | L8: =AVERAGE(K15:L15) -> #DIV/0! | M8: =AVERAGE(L15:M15) -> #DIV/0! | N8: =AVERAGE(M15:N15) -> #DIV/0! | O8: =AVERAGE(N15:O15) -> #DIV/0!
J9: ※現行日本鮮食廠以達成率80%為基本(即為現行KPI)
B10: 溫層 | D10: 4度C-各編組展開
B11: 編組 | D11: 1 | E11: 2 | F11: 3 | G11: 4 | H11: 5 | I11: 6 | J11: 7
D12: 自動1線 | E12: 自動2線 | F12: 手工3線 | G12: 手工4線 | H12: 手工5線 | I12: 調理包1線 | J12: 調理包2線
B13: 人時性 | C13: 排關 | D13: =VALUE('0401'!L15) -> 159.04396 | E13: =VALUE('0401'!L26) -> 170.39773 | F13: =VALUE('0401'!L37) -> 98.529836 | G13: =VALUE('0401'!L48) -> 96.051852 | H13: =VALUE('0401'!L58) -> 109.77778 | I13: =VALUE('0401'!L69) -> 153.58921 | J13: ='0401'!L79 -> 0
C14: 實績 | D14: =VALUE('0401'!O15) -> 153.60715 | E14: =VALUE('0401'!O26) -> 156.94801 | F14: =VALUE('0401'!O37) -> 69.58389 | G14: =VALUE('0401'!O48) -> 84.564579 | H14: =VALUE('0401'!O58) -> 104.11332 | I14: =VALUE('0401'!O69) -> 121.29381 | J14: ='0401'!O79 -> 0
C15: 達成率 | D15: =D14/D13 -> 0.96581572 | E15: =E14/E13 -> 0.92106866 | F15: =F14/F13 -> 0.70622152 | G15: =G14/G13 -> 0.8804055 | H15: =H14/H13 -> 0.9484007 | I15: =I14/I13 -> 0.7897287 | J15: ='0401'!S70 -> 0
B16: 作業 時間 | C16: 開始 | D16: ='0401'!T5 -> 0.29166667 | E16: ='0401'!T16 -> 0.29027778 | F16: ='0401'!T27 -> 0.29166667 | G16: ='0401'!T38 -> 0.33333333 | H16: ='0401'!T49 -> 0.29166667 | I16: ='0401'!T59 -> 0.29166667 | J16: ='0401'!T70 -> 0
C17: 結束 | D17: 0.56111111 | E17: 0.56805556 | F17: 0.60208333 | G17: 0.63194444 | H17: 0.59027778 | I17: 0.66666667 | J17: 0
B18: 產線異常 (5分鐘以上) | C18: 次數 | D18: ='0401'!Z15 -> 0 | E18: ='0401'!Z26 -> 0 | F18: ='0401'!Z37 -> 4 | G18: ='0401'!Z48 -> 0 | H18: ='0401'!Z58 -> 0 | I18: ='0401'!Z69 -> 0 | J18: ='0401'!AA79 -> 0
C19: 時間/分 | D19: ='0401'!AA15 -> 0 | E19: ='0401'!AA26 -> 0 | F19: ='0401'!AA37 -> 23 | G19: ='0401'!AA48 -> 0 | H19: ='0401'!AA58 -> 0 | I19: ='0401'!AA69 -> 0 | J19: ='0401'!AB79 -> 0
B20: 短暫停線 (5分鐘以下) | C20: 次數 | D20: ='0401'!AD15 -> 0 | E20: ='0401'!AD26 -> 0 | F20: ='0401'!AD37 -> 0 | G20: ='0401'!AD48 -> 0 | H20: ='0401'!AD58 -> 0 | I20: ='0401'!AD69 -> 0 | J20: ='0401'!AD79 -> 0
C21: 設備次數 | D21: ='0401'!AE15 -> 0 | E21: ='0401'!AE26 -> 0 | F21: ='0401'!AE37 -> 0 | G21: ='0401'!AE48 -> 0 | H21: ='0401'!AE58 -> 0 | I21: ='0401'!AE69 -> 0 | J21: ='0401'!AE79 -> 0
B22: 配置人數 | D22: =VALUE('0401'!M15) -> 13.333333 | E22: =VALUE('0401'!M26) -> 12.25 | F22: =VALUE('0401'!M37) -> 14.25 | G22: =VALUE('0401'!M48) -> 17 | H22: =VALUE('0401'!M58) -> 15.666667 | I22: =VALUE('0401'!M69) -> 11.75 | J22: ='0401'!M79 -> 0
B23: 主要應用設備 | D23: ET-600 | E23: ET-600 | F23: ET-55 | G23: ET-55 | H23: ET-55 | I23: 八爪機 | J23: 八爪機
B24: 次要應用設備 | H24: 封口機 | J24: 封口機
B25: 備註

Sheet 0401
A1: 長家廠4度C日報分析 | D1: 總生產量 | E1: =SUM(G5:G79) -> 49874 | F1: 營業額 | G1: =SUM(H5:H79) -> 2342819 | H1: 出勤人數 | I1: =M15+M26+M48+M58+M69+M79+M37 -> 84.25 | J1: 產線配置圖 | M1: 生產實績 | P1: 人時性差異分析 | T1: 日報登錄 | Z1: 合計 次數 | AA1: 合計 時間/分 | AB1: 分析說明 | AD1: 合計 次數 | AE1: 合計 設備次數 | AF1: 產能差異分析
A2: 04月01日 星期三 | D2: 人時性 | E2: =AVERAGE(O15,O26,O37,O48,O58,O69,O79) -> 115.01846 | F2: 平均廠價 | G2: =G1/E1 -> 46.974757 | H2: 多次生產數 | I2: =COUNT(I5:I79) -> 0 | Z2: =Z15+Z26+Z37+Z48+Z58+Z69+Z79 -> 4 | AA2: =AA15+AA26+AA37+AA48+AA58+AA69+AA79 -> 23 | AD2: =AD15+AD26+AD37+AD48+AD58+AD69+AD79 -> 0 | AE2: =AE15+AE26+AE37+AE48+AE58+AE69+AE79 -> 0
A3: 線別 | B3: 品類 | D3: 品名 | F3: 廠價 | G3: 生產量 | H3: 營收 | I3: 多次 生產 | J3: 人數 | K3: 產能/時 | L3: 人時性 | M3: 人數 | N3: 產能/時 | O3: 人時性 | P3: 人數 | Q3: 人時性 | R3: 達成率 | S3: 達成率平均 | T3: 生產時間 | V3: 前置、換線時間/分 | W3: 稼動時間/分 | X3: 休息時間 | Z3: 產線異常統計 (5分鐘以上) | AD3: 短暫停線統計 (5分鐘以下) | AF3: 產能/時 | AG3: 達成率 | AH3: 達成率平均
T4: 開始 | U4: 結束 | X4: 開始 | Y4: 結束 | Z4: 次數 | AA4: 時間/分 | AD4: 總次數 | AE4: 設備因素(次數)
A5: 自動一線 (ET-600) | B5: 義大利麵 | D5: 蒜香奶油蝦蝦義大利麵 | F5: =VLOOKUP(D5,廠價表!$C$1:$E$43,3,0) -> 57.21 | G5: 3654 | H5: =F5*G5 -> 209045.34 | J5: =VLOOKUP(D5,產線配置圖!$A$3:$C$38,2,0) -> 14 | K5: =VLOOKUP(D5,產線配置圖!$A$3:$C$38,3,0) -> 2118 | L5: =K5/J5 -> 151.28571 | M5: 14 | N5: =G5/W5*60 -> 1993.0909 | O5: =N5/M5 -> 142.36364 | P5: =M5-J5 -> 0 | Q5: =O5-L5 -> -8.9220779 | R5: =O5/L5 -> 0.94102498 | S5: =R15 -> 0.96581572 | T5: 0.29166667 | U5: 0.36805556 | W5: =(U5-T5)*24*60 -> 110 | AF5: =N5-K5 -> -124.90909 | AG5: =N5/K5 -> 0.94102498 | AH5: =AG15 -> 0.96522546
B6: 義大利麵 | D6: 奶油培根義大利麵 | F6: =VLOOKUP(D6,廠價表!$C$1:$E$43,3,0) -> 49.14 | G6: 5197 | H6: =F6*G6 -> 255380.58 | J6: =VLOOKUP(D6,產線配置圖!$A$3:$C$38,2,0) -> 13 | K6: =VLOOKUP(D6,產線配置圖!$A$3:$C$38,3,0) -> 2118 | L6: =K6/J6 -> 162.92308 | M6: 13 | N6: =G6/W6*60 -> 2092.7517 | O6: =N6/M6 -> 160.9809 | P6: =M6-J6 -> 0 | Q6: =O6-L6 -> -1.9421786 | R6: =O6/L6 -> 0.98807917 | T6: 0.375 | U6: 0.47847222 | V6: =(T6-U5)*24*60 -> 10 | W6: =(U6-T6)*24*60 -> 149 | AF6: =N6-K6 -> -25.248322 | AG6: =N6/K6 -> 0.98807917
B7: 義大利麵 | D7: 奶油培根義大利麵 | F7: =VLOOKUP(D7,廠價表!$C$1:$E$43,3,0) -> 49.14 | G7: 853 | H7: =F7*G7 -> 41916.42 | J7: =VLOOKUP(D7,產線配置圖!$A$3:$C$38,2,0) -> 13 | K7: =VLOOKUP(D7,產線配置圖!$A$3:$C$38,3,0) -> 2118 | L7: =K7/J7 -> 162.92308 | M7: 13 | N7: =G7/W7*60 -> 2047.2 | O7: =N7/M7 -> 157.47692 | P7: =M7-J7 -> 0 | Q7: =O7-L7 -> -5.4461538 | R7: =O7/L7 -> 0.96657224 | T7: 0.54375 | U7: 0.56111111 | V7: =(T7-U6)*24*60 -> 94 | W7: =(U7-T7)*24*60 -> 25 | AF7: =N7-K7 -> -70.8 | AG7: =N7/K7 -> 0.96657224
W8: =(U8-T8)*24*60 -> 0 | X8: 0.48611111 | Y8: 0.52777778 | AF8: =N8-K8 -> 0 | AG8: =N8/K8 -> #DIV/0!
W9: =(U9-T9)*24*60 -> 0 | AF9: =N9-K9 -> 0 | AG9: =N9/K9 -> #DIV/0!
W10: =(U10-T10)*24*60 -> 0 | AF10: =N10-K10 -> 0 | AG10: =N10/K10 -> #DIV/0!
W11: =(U11-T11)*24*60 -> 0 | AF11: =N11-K11 -> 0 | AG11: =N11/K11 -> #DIV/0!
W12: =(U12-T12)*24*60 -> 0
W13: =(U13-T13)*24*60 -> 0
W14: =(U14-T14)*24*60 -> 0
C15: 4度一組 | D15: 平均 | J15: =AVERAGE(J5:J14) -> 13.333333 | K15: =AVERAGE(K5:K14) -> 2118 | L15: =AVERAGE(L5:L14) -> 159.04396 | M15: =AVERAGE(M5:M14) -> 13.333333 | N15: =AVERAGE(N5:N14) -> 2044.3475 | O15: =AVERAGE(O5:O14) -> 153.60715 | P15: =M15-J15 -> 0 | Q15: =O15-L15 -> -5.4368035 | R15: =O15/L15 -> 0.96581572 | Z15: =SUM(Z5:Z14) -> 0 | AA15: =SUM(AA5:AA14) -> 0 | AD15: =SUM(AD5:AD14) -> 0 | AE15: =SUM(AE5:AE14) -> 0 | AF15: =N15-K15 -> -73.652471 | AG15: =N15/K15 -> 0.96522546
A16: 自動二線 (ET-600) | B16: 義大利麵 | D16: 辣味香菜雞肉義大利麵 | F16: =VLOOKUP(D16,廠價表!$C$1:$E$43,3,0) -> 56.28 | G16: 717 | H16: =F16*G16 -> 40352.76 | J16: =VLOOKUP(D16,產線配置圖!$A$3:$C$38,2,0) -> 15 | K16: =VLOOKUP(D16,產線配置圖!$A$3:$C$38,3,0) -> 1800 | L16: =K16/J16 -> 120 | M16: 15 | N16: =G16/W16*60 -> 1483.4483 | O16: =N16/M16 -> 98.896552 | P16: =M16-J16 -> 0 | Q16: =O16-L16 -> -21.103448 | R16: =O16/L16 -> 0.82413793 | S16: =R26 -> 0.92106866 | T16: 0.29027778 | U16: 0.31041667 | W16: =(U16-T16)*24*60 -> 29 | AF16: =N16-K16 -> -316.55172 | AG16: =N16/K16 -> 0.82413793 | AH16: =AG26 -> 0.9160624
B17: 義大利麵 | D17: 青醬蛤蜊義大利麵 | F17: =VLOOKUP(D17,廠價表!$C$1:$E$43,3,0) -> 50.67 | G17: 3803 | H17: =F17*G17 -> 192698.01 | J17: =VLOOKUP(D17,產線配置圖!$A$3:$C$38,2,0) -> 12 | K17: =VLOOKUP(D17,產線配置圖!$A$3:$C$38,3,0) -> 2118 | L17: =K17/J17 -> 176.5 | M17: 12 | N17: =G17/W17*60 -> 2019.292 | O17: =N17/M17 -> 168.27434 | P17: =M17-J17 -> 0 | Q17: =O17-L17 -> -8.2256637 | R17: =O17/L17 -> 0.95339567 | T17: 0.31736111 | U17: 0.39583333 | V17: =(T17-U16)*24*60 -> 10 | W17: =(U17-T17)*24*60 -> 113 | AF17: =N17-K17 -> -98.707965 | AG17: =N17/K17 -> 0.95339567
B18: 義大利麵 | D18: 義式蕃茄起司義大利麵 | F18: =VLOOKUP(D18,廠價表!$C$1:$E$43,3,0) -> 50.39 | G18: 3712 | H18: =F18*G18 -> 187047.68 | J18: =VLOOKUP(D18,產線配置圖!$A$3:$C$38,2,0) -> 11 | K18: =VLOOKUP(D18,產線配置圖!$A$3:$C$38,3,0) -> 2118 | L18: =K18/J18 -> 192.54545 | M18: 11 | N18: =G18/W18*60 -> 2024.7273 | O18: =N18/M18 -> 184.06612 | P18: =M18-J18 -> 0 | Q18: =O18-L18 -> -8.4793388 | R18: =O18/L18 -> 0.95596189 | T18: 0.40277778 | U18: 0.47916667 | V18: =(T18-U17)*24*60 -> 10 | W18: =(U18-T18)*24*60 -> 110 | X18: 0.48611111 | Y18: 0.52777778 | AF18: =N18-K18 -> -93.272727 | AG18: =N18/K18 -> 0.95596189
B19: 義大利麵 | D19: 義式蕃茄起司義大利麵 | F19: =VLOOKUP(D19,廠價表!$C$1:$E$43,3,0) -> 50.39 | G19: 1230 | H19: =F19*G19 -> 61979.7 | J19: =VLOOKUP(D19,產線配置圖!$A$3:$C$38,2,0) -> 11 | K19: =VLOOKUP(D19,產線配置圖!$A$3:$C$38,3,0) -> 2118 | L19: =K19/J19 -> 192.54545 | M19: 11 | N19: =G19/W19*60 -> 1942.1053 | O19: =N19/M19 -> 176.55502 | P19: =M19-J19 -> 0 | Q19: =O19-L19 -> -15.990431 | R19: =O19/L19 -> 0.91695244 | T19: 0.54166667 | U19: 0.56805556 | V19: =(T19-U18)*24*60 -> 90 | W19: =(U19-T19)*24*60 -> 38 | AF19: =N19-K19 -> -175.89474 | AG19: =N19/K19 -> 0.91695244
W20: =(U20-T20)*24*60 -> 0
W21: =(U21-T21)*24*60 -> 0
W22: 0
W23: =(U23-T23)*24*60 -> 0
H24: =F24*G24 -> 0 | W24: =(U24-T24)*24*60 -> 0
H25: =F25*G25 -> 0 | W25: =(U25-T25)*24*60 -> 0
C26: 4度二組A | D26: 平均 | J26: =AVERAGE(J16:J25) -> 12.25 | K26: =AVERAGE(K16:K25) -> 2038.5 | L26: =AVERAGE(L16:L25) -> 170.39773 | M26: =AVERAGE(M16:M25) -> 12.25 | N26: =AVERAGE(N16:N25) -> 1867.3932 | O26: =AVERAGE(O16:O25) -> 156.94801 | P26: =M26-J26 -> 0 | Q26: =O26-L26 -> -13.44972 | R26: =O26/L26 -> 0.92106866 | Z26: =SUM(Z16:Z25) -> 0 | AA26: =SUM(AA16:AA25) -> 0 | AD26: =SUM(AD16:AD25) -> 0 | AE26: =SUM(AE16:AE25) -> 0 | AF26: =N26-K26 -> -171.10679 | AG26: =N26/K26 -> 0.9160624
A27: 手工三線 (ET-55) | B27: 熱乾麵 | D27: 沙茶豬肉炒麵 | F27: =VLOOKUP(D27,廠價表!$C$1:$E$43,3,0) -> 49.52 | G27: 2250 | H27: =F27*G27 -> 111420 | J27: =VLOOKUP(D27,產線配置圖!$A$3:$C$38,2,0) -> 17 | K27: =VLOOKUP(D27,產線配置圖!$A$3:$C$38,3,0) -> 1440 | L27: =K27/J27 -> 84.705882 | M27: 16 | N27: =G27/W27*60 -> 1323.5294 | O27: =N27/M27 -> 82.720588 | P27: =M27-J27 -> -1 | Q27: =O27-L27 -> -1.9852941 | R27: =O27/L27 -> 0.9765625 | S27: =R37 -> 0.70622152 | T27: 0.29166667 | U27: 0.3625 | W27: =(U27-T27)*24*60 -> 102 | AF27: =N27-K27 -> -116.47059 | AG27: =N27/K27 -> 0.91911765 | AH27: =AG37 -> 0.69603303
B28: 義大利麵 | D28: 焗烤起司肉醬筆尖麵 | F28: =VLOOKUP(D28,廠價表!$C$1:$E$43,3,0) -> 50.67 | G28: 1390 | H28: =F28*G28 -> 70431.3 | J28: =VLOOKUP(D28,產線配置圖!$A$3:$C$38,2,0) -> 13 | K28: =VLOOKUP(D28,產線配置圖!$A$3:$C$38,3,0) -> 1440 | L28: =K28/J28 -> 110.76923 | M28: 13 | N28: =G28/W28*60 -> 981.17647 | O28: =N28/M28 -> 75.475113 | P28: =M28-J28 -> 0 | Q28: =O28-L28 -> -35.294118 | R28: =O28/L28 -> 0.68137255 | T28: 0.375 | U28: 0.43402778 | V28: =(T28-U27)*24*60 -> 18 | W28: =(U28-T28)*24*60 -> 85 | Z28: 3 | AA28: 15 | AB28: L型封膜異常 | AF28: =N28-K28 -> -458.82353 | AG28: =N28/K28 -> 0.68137255
B29: 義大利麵 | D29: 濃拿坡里義大利麵 | F29: =VLOOKUP(D29,廠價表!$C$1:$E$43,3,0) -> 56.43 | G29: 1145 | H29: =F29*G29 -> 64612.35 | J29: =VLOOKUP(D29,產線配置圖!$A$3:$C$38,2,0) -> 16 | K29: =VLOOKUP(D29,產線配置圖!$A$3:$C$38,3,0) -> 1406 | L29: =K29/J29 -> 87.875 | M29: 15 | N29: =G29/W29*60 -> 892.20779 | O29: =N29/M29 -> 59.480519 | P29: =M29-J29 -> -1 | Q29: =O29-L29 -> -28.394481 | R29: =O29/L29 -> 0.67687647 | T29: 0.43958333 | U29: 0.49305556 | V29: =(T29-U28)*24*60 -> 8 | W29: =(U29-T29)*24*60 -> 77 | AB29: L型封膜異常 | AF29: =N29-K29 -> -513.79221 | AG29: =N29/K29 -> 0.63457169
B30: 義大利麵 | D30: 焗烤起司肉醬筆尖麵 | F30: =VLOOKUP(D30,廠價表!$C$1:$E$43,3,0) -> 50.67 | G30: 920 | H30: =F30*G30 -> 46616.4 | J30: =VLOOKUP(D30,產線配置圖!$A$3:$C$38,2,0) -> 13 | K30: =VLOOKUP(D30,產線配置圖!$A$3:$C$38,3,0) -> 1440 | L30: =K30/J30 -> 110.76923 | M30: 13 | N30: =G30/W30*60 -> 788.57143 | O30: =N30/M30 -> 60.659341 | P30: =M30-J30 -> 0 | Q30: =O30-L30 -> -50.10989 | R30: =O30/L30 -> 0.54761905 | T30: 0.55347222 | U30: 0.60208333 | V30: =(T30-U29)*24*60 -> 87 | W30: =(U30-T30)*24*60 -> 70 | X30: 0.49652778 | Y30: 0.53819444 | Z30: 1 | AA30: 8 | AB30: L型封膜異常 | AF30: =N30-K30 -> -651.42857 | AG30: =N30/K30 -> 0.54761905
W31: =(U31-T31)*24*60 -> 0 | AF31: =N31-K31 -> 0 | AG31: =N31/K31 -> #DIV/0!
W32: =(U32-T32)*24*60 -> 0
W33: =(U33-T33)*24*60 -> 0
W34: =(U34-T34)*24*60 -> 0
W35: =(U35-T35)*24*60 -> 0
H36: =F36*G36 -> 0 | W36: =(U36-T36)*24*60 -> 0
C37: 4度二組B | D37: 平均 | J37: =AVERAGE(J27:J36) -> 14.75 | K37: =AVERAGE(K27:K36) -> 1431.5 | L37: =AVERAGE(L27:L36) -> 98.529836 | M37: =AVERAGE(M27:M36) -> 14.25 | N37: =AVERAGE(N27:N36) -> 996.37128 | O37: =AVERAGE(O27:O36) -> 69.58389 | P37: =M37-J37 -> -0.5 | Q37: =N37-K37 -> -435.12872 | R37: =O37/L37 -> 0.70622152 | Z37: =SUM(Z27:Z36) -> 4 | AA37: =SUM(AA27:AA36) -> 23 | AD37: =SUM(AD27:AD36) -> 0 | AE37: =SUM(AE27:AE36) -> 0 | AF37: =N37-K37 -> -435.12872 | AG37: =N37/K37 -> 0.69603303
A38: 手工四線 (ET-55) | B38: 熱乾麵 | D38: 青花椒麻雞肉拌麵 | F38: =VLOOKUP(D38,廠價表!$C$1:$E$43,3,0) -> 49.91 | G38: 2453 | H38: =F38*G38 -> 122429.23 | J38: =VLOOKUP(D38,產線配置圖!$A$3:$C$38,2,0) -> 15 | K38: =VLOOKUP(D38,產線配置圖!$A$3:$C$38,3,0) -> 1714 | L38: =K38/J38 -> 114.26667 | M38: 15 | N38: =G38/W38*60 -> 1401.7143 | O38: =N38/M38 -> 93.447619 | P38: =M38-J38 -> 0 | Q38: =O38-L38 -> -20.819048 | R38: =O38/L38 -> 0.81780297 | S38: =R48 -> 0.8804055 | T38: 0.33333333 | U38: 0.40625 | W38: =(U38-T38)*24*60 -> 105 | AF38: =N38-K38 -> -312.28571 | AG38: =N38/K38 -> 0.81780297 | AH38: =AG48 -> 0.88483576
B39: 熱乾麵 | D39: 府城鹽水意麵 | F39: =VLOOKUP(D39,廠價表!$C$1:$E$43,3,0) -> 44.3 | G39: 2557 | H39: =F39*G39 -> 113275.1 | J39: =VLOOKUP(D39,產線配置圖!$A$3:$C$38,2,0) -> 18 | K39: =VLOOKUP(D39,產線配置圖!$A$3:$C$38,3,0) -> 1565 | L39: =K39/J39 -> 86.944444 | M39: 18 | N39: =G39/W39*60 -> 1369.8214 | O39: =N39/M39 -> 76.10119 | P39: =M39-J39 -> 0 | Q39: =O39-L39 -> -10.843254 | R39: =O39/L39 -> 0.87528526 | T39: 0.41180556 | U39: 0.48958333 | V39: =(T39-U38)*24*60 -> 8 | W39: =(U39-T39)*24*60 -> 112 | AF39: =N39-K39 -> -195.17857 | AG39: =N39/K39 -> 0.87528526
B40: 熱乾麵 | D40: 府城鹽水意麵 | F40: =VLOOKUP(D40,廠價表!$C$1:$E$43,3,0) -> 44.3 | G40: 2903 | H40: =F40*G40 -> 128602.9 | J40: =VLOOKUP(D40,產線配置圖!$A$3:$C$38,2,0) -> 18 | K40: =VLOOKUP(D40,產線配置圖!$A$3:$C$38,3,0) -> 1565 | L40: =K40/J40 -> 86.944444 | M40: 18 | N40: =G40/W40*60 -> 1514.6087 | O40: =N40/M40 -> 84.144928 | P40: =M40-J40 -> 0 | Q40: =O40-L40 -> -2.7995169 | R40: =O40/L40 -> 0.96780108 | T40: 0.55208333 | U40: 0.63194444 | V40: =(T40-U39)*24*60 -> 90 | W40: =(U40-T40)*24*60 -> 115 | AF40: =N40-K40 -> -50.391304 | AG40: =N40/K40 -> 0.96780108
W41: =(U41-T41)*24*60 -> 0 | AF41: =N41-K41 -> 0 | AG41: =N41/K41 -> #DIV/0!
W42: =(U42-T42)*24*60 -> 0
W43: =(U43-T43)*24*60 -> 0
W44: =(U44-T44)*24*60 -> 0
W45: =(U45-T45)*24*60 -> 0
W46: =(U46-T46)*24*60 -> 0
H47: =F47*G47 -> 0 | W47: =(U47-T47)*24*60 -> 0
C48: 4度二組C1 | D48: 平均 | J48: =AVERAGE(J38:J47) -> 17 | K48: =AVERAGE(K38:K47) -> 1614.6667 | L48: =AVERAGE(L38:L47) -> 96.051852 | M48: =AVERAGE(M38:M47) -> 17 | N48: =AVERAGE(N38:N47) -> 1428.7148 | O48: =AVERAGE(O38:O47) -> 84.564579 | P48: =M48-J48 -> 0 | Q48: =N48-K48 -> -185.95186 | R48: =O48/L48 -> 0.8804055 | W48: =(U48-T48)*24*60 -> 0 | Z48: =SUM(Z38:Z47) -> 0 | AA48: =SUM(AA38:AA47) -> 0 | AD48: =SUM(AD38:AD47) -> 0 | AE48: =SUM(AE38:AE47) -> 0 | AF48: =N48-K48 -> -185.95186 | AG48: =N48/K48 -> 0.88483576
A49: 手工五線 (ET-55) | B49: 義大利麵 | D49: 白酒蛤蜊義大利麵 | F49: =VLOOKUP(D49,廠價表!$C$1:$E$43,3,0) -> 57.21 | G49: 3165 | H49: =F49*G49 -> 181069.65 | J49: =VLOOKUP(D49,產線配置圖!$A$3:$C$38,2,0) -> 15 | K49: =VLOOKUP(D49,產線配置圖!$A$3:$C$38,3,0) -> 1565 | L49: =K49/J49 -> 104.33333 | M49: 15 | N49: =G49/W49*60 -> 1543.9024 | O49: =N49/M49 -> 102.92683 | P49: =M49-J49 -> 0 | Q49: =O49-L49 -> -1.4065041 | R49: =O49/L49 -> 0.98651913 | S49: =R58 -> 0.9484007 | T49: 0.29166667 | U49: 0.37708333 | W49: =(U49-T49)*24*60 -> 123 | AF49: =N49-K49 -> -21.097561 | AG49: =N49/K49 -> 0.98651913 | AH49: =AG58 -> 0.94763071
B50: 義大利麵 | D50: 焗烤起司雙饗筆尖麵 | F50: =VLOOKUP(D50,廠價表!$C$1:$E$43,3,0) -> 49.97 | G50: 3376 | H50: =F50*G50 -> 168698.72 | J50: =VLOOKUP(D50,產線配置圖!$A$3:$C$38,2,0) -> 16 | K50: =VLOOKUP(D50,產線配置圖!$A$3:$C$38,3,0) -> 1800 | L50: =K50/J50 -> 112.5 | M50: 16 | N50: =G50/W50*60 -> 1716.6102 | O50: =N50/M50 -> 107.28814 | P50: =M50-J50 -> 0 | Q50: =O50-L50 -> -5.2118644 | R50: =O50/L50 -> 0.95367232 | T50: 0.38333333 | U50: 0.46527778 | V50: =(T50-U49)*24*60 -> 9 | W50: =(U50-T50)*24*60 -> 118 | AF50: =N50-K50 -> -83.389831 | AG50: =N50/K50 -> 0.95367232
B51: 義大利麵 | D51: 焗烤起司雙饗筆尖麵 | F51: =VLOOKUP(D51,廠價表!$C$1:$E$43,3,0) -> 49.97 | G51: 2451 | H51: =F51*G51 -> 122476.47 | J51: =VLOOKUP(D51,產線配置圖!$A$3:$C$38,2,0) -> 16 | K51: =VLOOKUP(D51,產線配置圖!$A$3:$C$38,3,0) -> 1800 | L51: =K51/J51 -> 112.5 | M51: 16 | N51: =G51/W51*60 -> 1634 | O51: =N51/M51 -> 102.125 | P51: =M51-J51 -> 0 | Q51: =O51-L51 -> -10.375 | R51: =O51/L51 -> 0.90777778 | T51: 0.52777778 | U51: 0.59027778 | V51: =(T51-U50)*24*60 -> 90 | W51: =(U51-T51)*24*60 -> 90 | AB51: 14:10-14:39試產 | AF51: =N51-K51 -> -166 | AG51: =N51/K51 -> 0.90777778
W52: =(U52-T52)*24*60 -> 0 | X52: 0.47916667 | Y52: 0.52083333 | AF52: =N52-K52 -> 0 | AG52: =N52/K52 -> #DIV/0!
W53: =(U53-T53)*24*60 -> 0 | AF53: =N53-K53 -> 0 | AG53: =N53/K53 -> #DIV/0!
W54: =(U54-T54)*24*60 -> 0
W55: =(U55-T55)*24*60 -> 0
W56: =(U56-T56)*24*60 -> 0
W57: =(U57-T57)*24*60 -> 0
C58: 4度二組C2 | D58: 平均 | J58: =AVERAGE(J49:J57) -> 15.666667 | K58: =AVERAGE(K49:K57) -> 1721.6667 | L58: =AVERAGE(L49:L57) -> 109.77778 | M58: =AVERAGE(M49:M57) -> 15.666667 | N58: =AVERAGE(N49:N57) -> 1631.5042 | O58: =AVERAGE(O49:O57) -> 104.11332 | P58: =M58-J58 -> 0 | Q58: =N58-K58 -> -90.162464 | R58: =O58/L58 -> 0.9484007 | Z58: =SUM(Z49:Z57) -> 0 | AA58: =SUM(AA49:AA57) -> 0 | AD58: =SUM(AD49:AD57) -> 0 | AE58: =SUM(AE49:AE57) -> 0 | AF58: =N58-K58 -> -90.162464 | AG58: =N58/K58 -> 0.94763071
A59: 調理包一線 (八爪機) | B59: 小吃、微波 | D59: 小滷青蔬 | F59: =VLOOKUP(D59,廠價表!$C$1:$E$43,3,0) -> 26.99 | G59: 3215 | H59: =F59*G59 -> 86772.85 | J59: =VLOOKUP(D59,產線配置圖!$A$3:$C$38,2,0) -> 13 | K59: =VLOOKUP(D59,產線配置圖!$A$3:$C$38,3,0) -> 1565 | L59: =K59/J59 -> 120.38462 | M59: 13 | N59: =G59/W59*60 -> 1483.8462 | O59: =N59/M59 -> 114.14201 | P59: =M59-J59 -> 0 | Q59: =O59-L59 -> -6.2426036 | R59: =O59/L59 -> 0.94814451 | S59: =R69 -> 0.7897287 | T59: 0.29166667 | U59: 0.38194444 | W59: =(U59-T59)*24*60 -> 130 | AF59: =N59-K59 -> -81.153846 | AG59: =N59/K59 -> 0.94814451 | AH59: =AG69 -> 0.88801276
B60: 小吃、微波 | D60: 起司馬鈴薯 | F60: =VLOOKUP(D60,廠價表!$C$1:$E$43,3,0) -> 28.26 | G60: 1558 | H60: =F60*G60 -> 44029.08 | J60: =VLOOKUP(D60,產線配置圖!$A$3:$C$38,2,0) -> 12 | K60: =VLOOKUP(D60,產線配置圖!$A$3:$C$38,3,0) -> 1565 | L60: =K60/J60 -> 130.41667 | M60: 12 | N60: =G60/W60*60 -> 1438.1538 | O60: =N60/M60 -> 119.84615 | P60: =M60-J60 -> 0 | Q60: =O60-L60 -> -10.570513 | R60: =O60/L60 -> 0.91894814 | T60: 0.39236111 | U60: 0.4375 | V60: =(T60-U59)*24*60 -> 15 | W60: =(U60-T60)*24*60 -> 65 | AF60: =N60-K60 -> -126.84615 | AG60: =N60/K60 -> 0.91894814
B61: 小吃、微波 | D61: 麻辣雞心 | F61: =VLOOKUP(D61,廠價表!$C$1:$E$43,3,0) -> 28.26 | G61: 1769 | H61: =F61*G61 -> 49991.94 | J61: =VLOOKUP(D61,產線配置圖!$A$3:$C$38,2,0) -> 9 | K61: =VLOOKUP(D61,產線配置圖!$A$3:$C$38,3,0) -> 1636 | L61: =K61/J61 -> 181.77778 | M61: 11 | N61: =G61/W61*60 -> 1326.75 | O61: =N61/M61 -> 120.61364 | P61: =M61-J61 -> 2 | Q61: =O61-L61 -> -61.164141 | R61: =O61/L61 -> 0.66352245 | T61: 0.44791667 | U61: 0.50347222 | V61: =(T61-U60)*24*60 -> 15 | W61: =(U61-T61)*24*60 -> 80 | AB61: 雞毛挑揀增加2人 | AF61: =N61-K61 -> -309.25 | AG61: =N61/K61 -> 0.81097188
B62: 小吃、微波 | D62: 麻辣雞心 | F62: =VLOOKUP(D62,廠價表!$C$1:$E$43,3,0) -> 28.26 | G62: 1556 | H62: =F62*G62 -> 43972.56 | J62: =VLOOKUP(D62,產線配置圖!$A$3:$C$38,2,0) -> 9 | K62: =VLOOKUP(D62,產線配置圖!$A$3:$C$38,3,0) -> 1636 | L62: =K62/J62 -> 181.77778 | M62: 11 | N62: =G62/W62*60 -> 1436.3077 | O62: =N62/M62 -> 130.57343 | P62: =M62-J62 -> 2 | Q62: =O62-L62 -> -51.204351 | R62: =O62/L62 -> 0.71831347 | T62: 0.55555556 | U62: 0.60069444 | W62: =(U62-T62)*24*60 -> 65 | X62: 0.50347222 | Y62: 0.54513889 | AB62: 雞毛挑揀增加2人 | AF62: =N62-K62 -> -199.69231 | AG62: =N62/K62 -> 0.87793869
T63: 0.61458333 | U63: 0.66666667 | W63: =(U63-T63)*24*60 -> 75
W64: =(U64-T64)*24*60 -> 0
W65: =(U65-T65)*24*60 -> 0
W66: =(U66-T66)*24*60 -> 0
W67: =(U67-T67)*24*60 -> 0
H68: =F68*G68 -> 0 | W68: =(U68-T68)*24*60 -> 0
C69: 4度三組 | D69: 平均 | J69: =AVERAGE(J59:J68) -> 10.75 | K69: =AVERAGE(K59:K68) -> 1600.5 | L69: =AVERAGE(L59:L68) -> 153.58921 | M69: =AVERAGE(M59:M68) -> 11.75 | N69: =AVERAGE(N59:N68) -> 1421.2644 | O69: =AVERAGE(O59:O68) -> 121.29381 | P69: =M69-J69 -> 1 | Q69: =N69-K69 -> -179.23558 | R69: =O69/L69 -> 0.7897287 | Z69: =SUM(Z59:Z68) -> 0 | AA69: =SUM(AA59:AA68) -> 0 | AD69: =SUM(AD59:AD68) -> 0 | AE69: =SUM(AE59:AE68) -> 0 | AF69: =N69-K69 -> -179.23558 | AG69: =N69/K69 -> 0.88801276
A70: 調理包二線 (手工) | S70: =R79 -> 0 | W70: =(U70-T70)*24*60 -> 0 | AF70: =N70-K70 -> 0 | AG70: =N70/K70 -> #DIV/0! | AH70: =AG79 -> #DIV/0!
W71: =(U71-T71)*24*60 -> 0 | AF71: -300.3125 | AG71: 0.80810703
W72: =(U72-T72)*24*60 -> 0 | AF72: -130.33333 | AG72: 0.91671991
W73: =(U73-T73)*24*60 -> 0
W74: =(U74-T74)*24*60 -> 0
H75: =F75*G75 -> 0 | W75: =(U75-T75)*24*60 -> 0
H76: =F76*G76 -> 0 | W76: =(U76-T76)*24*60 -> 0
H77: =F77*G77 -> 0 | W77: =(U77-T77)*24*60 -> 0
H78: =F78*G78 -> 0 | W78: =(U78-T78)*24*60 -> 0
C79: 4度四組 | D79: 平均 | Z79: =SUM(Z70:Z78) -> 0 | AA79: =SUM(AA70:AA78) -> 0 | AD79: =SUM(AD70:AD78) -> 0 | AE79: =SUM(AE70:AE78) -> 0 | AF79: =N79-K79 -> 0 | AG79: =N79/K79 -> #DIV/0!
AJ80: 1.當日出勤人數較多
AJ81: 2.當日出勤人數較少
AJ82: 3.當日出勤熟手較少
AJ83: 4.當日出勤新人較多
AJ84: 5.機台夾盒
AJ85: 6.封膜不順
AJ86: 7.更換膠膜
AJ87: 8.更換碳帶
AJ88: 9.當日熱轉印碳帶異常
AJ89: 10.訂單量過少
AJ90: 11.新品上市，尚未熟悉
AJ91: 12.商品結構，產能較低
AJ92: 13.區域出貨，分段生產

Sheet 0402總
B1: 長家廠組合室生產人時性分析
B3: 日期 | D3: 46114 | F3: 訂單量 | G3: ='0402'!E1 -> 45514 | I3: 營業額 | J3: ='0402'!G1 -> 2150791.6
B4: 項目 | D4: 3 | F4: ➀ | H4: ➁ | J4: ③ | L4: 異常停線 | N4: 短暫停線
B5: 人時性 | D5: 組合室 | F5: 全溫層 | H5: 義大利麵 | J5: 袋裝小吃、義麵 | L5: 合計次數 | M5: 時間 | N5: 合計次數 | O5: 設備次數
D6: 排關平均 | F6: =AVERAGE(D13:I13) -> 130.44767 | H6: =AVERAGE(D13:H13) -> 125.81936 | J6: =AVERAGE(I13) -> 153.58921 | L6: =SUM(D18:J18) -> 2 | M6: =SUM(D19:J19) -> 20 | N6: =SUM(D20:J20) -> 0 | O6: =SUM(D20:J20) -> 0
D7: 實績平均 | F7: =AVERAGE(D14:I14) -> 112.93395 | H7: =AVERAGE(D14:H14) -> 111.55095 | J7: =AVERAGE(I14) -> 119.84895 | L7: =AVERAGE(K14:L14) -> #DIV/0! | M7: =AVERAGE(L14:M14) -> #DIV/0! | N7: =AVERAGE(M14:N14) -> #DIV/0! | O7: =AVERAGE(N14:O14) -> #DIV/0!
D8: 達成率平均 | F8: =F7/F6 -> 0.86574141 | H8: =H7/H6 -> 0.88659605 | J8: =J7/J6 -> 0.78032145 | L8: =AVERAGE(K15:L15) -> #DIV/0! | M8: =AVERAGE(L15:M15) -> #DIV/0! | N8: =AVERAGE(M15:N15) -> #DIV/0! | O8: =AVERAGE(N15:O15) -> #DIV/0!
J9: ※現行日本鮮食廠以達成率80%為基本(即為現行KPI)
B10: 溫層 | D10: 4度C-各編組展開
B11: 編組 | D11: 1 | E11: 2 | F11: 3 | G11: 4 | H11: 5 | I11: 6 | J11: 7
D12: 自動1線 | E12: 自動2線 | F12: 手工3線 | G12: 手工4線 | H12: 手工5線 | I12: 調理包1線 | J12: 調理包2線
B13: 人時性 | C13: 排關 | D13: =VALUE('0402'!L15) -> 157.1044 | E13: =VALUE('0402'!L26) -> 170.39773 | F13: =VALUE('0402'!L37) -> 95.765045 | G13: =VALUE('0402'!L48) -> 96.051852 | H13: =VALUE('0402'!L58) -> 109.77778 | I13: =VALUE('0402'!L69) -> 153.58921 | J13: ='0402'!L79 -> 0
C14: 實績 | D14: =VALUE('0402'!O15) -> 148.61614 | E14: =VALUE('0402'!O26) -> 147.61267 | F14: =VALUE('0402'!O37) -> 76.987958 | G14: =VALUE('0402'!O48) -> 86.465383 | H14: =VALUE('0402'!O58) -> 98.072586 | I14: =VALUE('0402'!O69) -> 119.84895 | J14: ='0402'!O79 -> 0
C15: 達成率 | D15: =D14/D13 -> 0.94597063 | E15: =E14/E13 -> 0.86628307 | F15: =F14/F13 -> 0.80392545 | G15: =G14/G13 -> 0.90019486 | H15: =H14/H13 -> 0.89337376 | I15: =I14/I13 -> 0.78032145 | J15: ='0402'!S70 -> 0
B16: 作業 時間 | C16: 開始 | D16: ='0402'!T5 -> 0.29166667 | E16: ='0402'!T16 -> 0.29236111 | F16: ='0402'!T27 -> 0.3125 | G16: ='0402'!T38 -> 0.33333333 | H16: ='0402'!T49 -> 0.29097222 | I16: ='0402'!T59 -> 0.29166667 | J16: ='0402'!T70 -> 0
C17: 結束 | D17: 0.48611111 | E17: 0.56527778 | F17: 0.61319444 | G17: 0.61458333 | H17: 0.59305556 | I17: 0.57291667 | J17: 0
B18: 產線異常 (5分鐘以上) | C18: 次數 | D18: ='0402'!Z15 -> 0 | E18: ='0402'!Z26 -> 0 | F18: ='0402'!Z37 -> 2 | G18: ='0402'!Z48 -> 0 | H18: ='0402'!Z58 -> 0 | I18: ='0402'!Z69 -> 0 | J18: ='0402'!AA79 -> 0
C19: 時間/分 | D19: ='0402'!AA15 -> 0 | E19: ='0402'!AA26 -> 0 | F19: ='0402'!AA37 -> 20 | G19: ='0402'!AA48 -> 0 | H19: ='0402'!AA58 -> 0 | I19: ='0402'!AA69 -> 0 | J19: ='0402'!AB79 -> 0
B20: 短暫停線 (5分鐘以下) | C20: 次數 | D20: ='0402'!AD15 -> 0 | E20: ='0402'!AD26 -> 0 | F20: ='0402'!AD37 -> 0 | G20: ='0402'!AD48 -> 0 | H20: ='0402'!AD58 -> 0 | I20: ='0402'!AD69 -> 0 | J20: ='0402'!AD79 -> 0
C21: 設備次數 | D21: ='0402'!AE15 -> 0 | E21: ='0402'!AE26 -> 0 | F21: ='0402'!AE37 -> 0 | G21: ='0402'!AE48 -> 0 | H21: ='0402'!AE58 -> 0 | I21: ='0402'!AE69 -> 0 | J21: ='0402'!AE79 -> 0
B22: 配置人數 | D22: =VALUE('0402'!M15) -> 13 | E22: =VALUE('0402'!M26) -> 12.25 | F22: =VALUE('0402'!M37) -> 14.2 | G22: =VALUE('0402'!M48) -> 16.333333 | H22: =VALUE('0402'!M58) -> 15 | I22: =VALUE('0402'!M69) -> 11.75 | J22: ='0402'!M79 -> 0
B23: 主要應用設備 | D23: ET-600 | E23: ET-600 | F23: ET-55 | G23: ET-55 | H23: ET-55 | I23: 八爪機 | J23: 八爪機
B24: 次要應用設備 | H24: 封口機 | J24: 封口機
B25: 備註

Sheet 0402
A1: 長家廠4度C日報分析 | D1: 總生產量 | E1: =SUM(G5:G79) -> 45514 | F1: 營業額 | G1: =SUM(H5:H79) -> 2150791.6 | H1: 出勤人數 | I1: =M15+M26+M48+M58+M69+M79+M37 -> 82.533333 | J1: 產線配置圖 | M1: 生產實績 | P1: 人時性差異分析 | T1: 日報登錄 | Z1: 合計 次數 | AA1: 合計 時間/分 | AB1: 分析說明 | AD1: 合計 次數 | AE1: 合計 設備次數 | AF1: 產能差異分析
A2: 04月02日 星期四 | D2: 人時性 | E2: =AVERAGE(O15,O26,O37,O48,O58,O69,O79) -> 112.93395 | F2: 平均廠價 | G2: =G1/E1 -> 47.255606 | H2: 多次生產數 | I2: =COUNT(I5:I79) -> 0 | Z2: =Z15+Z26+Z37+Z48+Z58+Z69+Z79 -> 2 | AA2: =AA15+AA26+AA37+AA48+AA58+AA69+AA79 -> 20 | AD2: =AD15+AD26+AD37+AD48+AD58+AD69+AD79 -> 0 | AE2: =AE15+AE26+AE37+AE48+AE58+AE69+AE79 -> 0
A3: 線別 | B3: 品類 | D3: 品名 | F3: 廠價 | G3: 生產量 | H3: 營收 | I3: 多次 生產 | J3: 人數 | K3: 產能/時 | L3: 人時性 | M3: 人數 | N3: 產能/時 | O3: 人時性 | P3: 人數 | Q3: 人時性 | R3: 達成率 | S3: 達成率平均 | T3: 生產時間 | V3: 前置、換線時間/分 | W3: 稼動時間/分 | X3: 休息時間 | Z3: 產線異常統計 (5分鐘以上) | AD3: 短暫停線統計 (5分鐘以下) | AF3: 產能/時 | AG3: 達成率 | AH3: 達成率平均
T4: 開始 | U4: 結束 | X4: 開始 | Y4: 結束 | Z4: 次數 | AA4: 時間/分 | AD4: 總次數 | AE4: 設備因素(次數)
A5: 自動一線 (ET-600) | B5: 義大利麵 | D5: 蒜香奶油蝦蝦義大利麵 | F5: =VLOOKUP(D5,廠價表!$C$1:$E$43,3,0) -> 57.21 | G5: 2988 | H5: =F5*G5 -> 170943.48 | J5: =VLOOKUP(D5,產線配置圖!$A$3:$C$38,2,0) -> 14 | K5: =VLOOKUP(D5,產線配置圖!$A$3:$C$38,3,0) -> 2118 | L5: =K5/J5 -> 151.28571 | M5: 13 | N5: =G5/W5*60 -> 1907.234 | O5: =N5/M5 -> 146.71031 | P5: =M5-J5 -> -1 | Q5: =O5-L5 -> -4.5754033 | R5: =O5/L5 -> 0.96975654 | S5: =R15 -> 0.94597063 | T5: 0.29166667 | U5: 0.35694444 | W5: =(U5-T5)*24*60 -> 94 | AF5: =N5-K5 -> -210.76596 | AG5: =N5/K5 -> 0.90048822 | AH5: =AG15 -> 0.91218597
B6: 義大利麵 | D6: 奶油培根義大利麵 | F6: =VLOOKUP(D6,廠價表!$C$1:$E$43,3,0) -> 49.14 | G6: 5479 | H6: =F6*G6 -> 269238.06 | J6: =VLOOKUP(D6,產線配置圖!$A$3:$C$38,2,0) -> 13 | K6: =VLOOKUP(D6,產線配置圖!$A$3:$C$38,3,0) -> 2118 | L6: =K6/J6 -> 162.92308 | M6: 13 | N6: =G6/W6*60 -> 1956.7857 | O6: =N6/M6 -> 150.52198 | P6: =M6-J6 -> 0 | Q6: =O6-L6 -> -12.401099 | R6: =O6/L6 -> 0.92388372 | T6: 0.36944444 | U6: 0.48611111 | V6: =(T6-U5)*24*60 -> 18 | W6: =(U6-T6)*24*60 -> 168 | AF6: =N6-K6 -> -161.21429 | AG6: =N6/K6 -> 0.92388372
W7: =(U7-T7)*24*60 -> 0 | AF7: =N7-K7 -> 0 | AG7: =N7/K7 -> #DIV/0!
W8: =(U8-T8)*24*60 -> 0 | X8: 0.48611111 | Y8: 0.52777778 | AF8: =N8-K8 -> 0 | AG8: =N8/K8 -> #DIV/0!
W9: =(U9-T9)*24*60 -> 0 | AF9: =N9-K9 -> 0 | AG9: =N9/K9 -> #DIV/0!
W10: =(U10-T10)*24*60 -> 0 | AF10: =N10-K10 -> 0 | AG10: =N10/K10 -> #DIV/0!
W11: =(U11-T11)*24*60 -> 0 | AF11: =N11-K11 -> 0 | AG11: =N11/K11 -> #DIV/0!
W12: =(U12-T12)*24*60 -> 0
W13: =(U13-T13)*24*60 -> 0
W14: =(U14-T14)*24*60 -> 0
C15: 4度一組 | D15: 平均 | J15: =AVERAGE(J5:J14) -> 13.5 | K15: =AVERAGE(K5:K14) -> 2118 | L15: =AVERAGE(L5:L14) -> 157.1044 | M15: =AVERAGE(M5:M14) -> 13 | N15: =AVERAGE(N5:N14) -> 1932.0099 | O15: =AVERAGE(O5:O14) -> 148.61614 | P15: =M15-J15 -> -0.5 | Q15: =O15-L15 -> -8.4882511 | R15: =O15/L15 -> 0.94597063 | Z15: =SUM(Z5:Z14) -> 0 | AA15: =SUM(AA5:AA14) -> 0 | AD15: =SUM(AD5:AD14) -> 0 | AE15: =SUM(AE5:AE14) -> 0 | AF15: =N15-K15 -> -185.99012 | AG15: =N15/K15 -> 0.91218597
A16: 自動二線 (ET-600) | B16: 義大利麵 | D16: 辣味香菜雞肉義大利麵 | F16: =VLOOKUP(D16,廠價表!$C$1:$E$43,3,0) -> 56.28 | G16: 631 | H16: =F16*G16 -> 35512.68 | J16: =VLOOKUP(D16,產線配置圖!$A$3:$C$38,2,0) -> 15 | K16: =VLOOKUP(D16,產線配置圖!$A$3:$C$38,3,0) -> 1800 | L16: =K16/J16 -> 120 | M16: 15 | N16: =G16/W16*60 -> 1305.5172 | O16: =N16/M16 -> 87.034483 | P16: =M16-J16 -> 0 | Q16: =O16-L16 -> -32.965517 | R16: =O16/L16 -> 0.72528736 | S16: =R26 -> 0.86628307 | T16: 0.29236111 | U16: 0.3125 | W16: =(U16-T16)*24*60 -> 29 | AB16: 生產數量少 | AF16: =N16-K16 -> -494.48276 | AG16: =N16/K16 -> 0.72528736 | AH16: =AG26 -> 0.85773151
B17: 義大利麵 | D17: 青醬蛤蜊義大利麵 | F17: =VLOOKUP(D17,廠價表!$C$1:$E$43,3,0) -> 50.67 | G17: 3560 | H17: =F17*G17 -> 180385.2 | J17: =VLOOKUP(D17,產線配置圖!$A$3:$C$38,2,0) -> 12 | K17: =VLOOKUP(D17,產線配置圖!$A$3:$C$38,3,0) -> 2118 | L17: =K17/J17 -> 176.5 | M17: 12 | N17: =G17/W17*60 -> 1810.1695 | O17: =N17/M17 -> 150.84746 | P17: =M17-J17 -> 0 | Q17: =O17-L17 -> -25.652542 | R17: =O17/L17 -> 0.85465982 | T17: 0.31805556 | U17: 0.4 | V17: =(T17-U16)*24*60 -> 8 | W17: =(U17-T17)*24*60 -> 118 | AF17: =N17-K17 -> -307.83051 | AG17: =N17/K17 -> 0.85465982
B18: 義大利麵 | D18: 義式蕃茄起司義大利麵 | F18: =VLOOKUP(D18,廠價表!$C$1:$E$43,3,0) -> 50.39 | G18: 3631 | H18: =F18*G18 -> 182966.09 | J18: =VLOOKUP(D18,產線配置圖!$A$3:$C$38,2,0) -> 11 | K18: =VLOOKUP(D18,產線配置圖!$A$3:$C$38,3,0) -> 2118 | L18: =K18/J18 -> 192.54545 | M18: 11 | N18: =G18/W18*60 -> 2094.8077 | O18: =N18/M18 -> 190.43706 | P18: =M18-J18 -> 0 | Q18: =O18-L18 -> -2.1083916 | R18: =O18/L18 -> 0.9890499 | T18: 0.40694444 | U18: 0.47916667 | V18: =(T18-U17)*24*60 -> 10 | W18: =(U18-T18)*24*60 -> 104 | X18: 0.48611111 | Y18: 0.52777778 | AF18: =N18-K18 -> -23.192308 | AG18: =N18/K18 -> 0.9890499
B19: 義大利麵 | D19: 義式蕃茄起司義大利麵 | F19: =VLOOKUP(D19,廠價表!$C$1:$E$43,3,0) -> 50.39 | G19: 862 | H19: =F19*G19 -> 43436.18 | J19: =VLOOKUP(D19,產線配置圖!$A$3:$C$38,2,0) -> 11 | K19: =VLOOKUP(D19,產線配置圖!$A$3:$C$38,3,0) -> 2118 | L19: =K19/J19 -> 192.54545 | M19: 11 | N19: =G19/W19*60 -> 1783.4483 | O19: =N19/M19 -> 162.13166 | P19: =M19-J19 -> 0 | Q19: =O19-L19 -> -30.413793 | R19: =O19/L19 -> 0.84204357 | T19: 0.54513889 | U19: 0.56527778 | V19: =(T19-U18)*24*60 -> 95 | W19: =(U19-T19)*24*60 -> 29 | AF19: =N19-K19 -> -334.55172 | AG19: =N19/K19 -> 0.84204357
W20: =(U20-T20)*24*60 -> 0
W21: =(U21-T21)*24*60 -> 0
W22: 0
W23: =(U23-T23)*24*60 -> 0
H24: =F24*G24 -> 0 | W24: =(U24-T24)*24*60 -> 0
H25: =F25*G25 -> 0 | W25: =(U25-T25)*24*60 -> 0
C26: 4度二組A | D26: 平均 | J26: =AVERAGE(J16:J25) -> 12.25 | K26: =AVERAGE(K16:K25) -> 2038.5 | L26: =AVERAGE(L16:L25) -> 170.39773 | M26: =AVERAGE(M16:M25) -> 12.25 | N26: =AVERAGE(N16:N25) -> 1748.4857 | O26: =AVERAGE(O16:O25) -> 147.61267 | P26: =M26-J26 -> 0 | Q26: =O26-L26 -> -22.785061 | R26: =O26/L26 -> 0.86628307 | Z26: =SUM(Z16:Z25) -> 0 | AA26: =SUM(AA16:AA25) -> 0 | AD26: =SUM(AD16:AD25) -> 0 | AE26: =SUM(AE16:AE25) -> 0 | AF26: =N26-K26 -> -290.01432 | AG26: =N26/K26 -> 0.85773151
A27: 手工三線 (ET-55) | B27: 義大利麵 | D27: 濃拿坡里義大利麵 | F27: =VLOOKUP(D27,廠價表!$C$1:$E$43,3,0) -> 56.43 | G27: 1164 | H27: =F27*G27 -> 65684.52 | J27: =VLOOKUP(D27,產線配置圖!$A$3:$C$38,2,0) -> 16 | K27: =VLOOKUP(D27,產線配置圖!$A$3:$C$38,3,0) -> 1406 | L27: =K27/J27 -> 87.875 | M27: 15 | N27: =G27/W27*60 -> 1027.0588 | O27: =N27/M27 -> 68.470588 | P27: =M27-J27 -> -1 | Q27: =O27-L27 -> -19.404412 | R27: =O27/L27 -> 0.77918166 | S27: =R37 -> 0.80392545 | T27: 0.3125 | U27: 0.35972222 | W27: =(U27-T27)*24*60 -> 68 | Z27: 1 | AA27: 10 | AB27: L型封膜異常 | AF27: =N27-K27 -> -378.94118 | AG27: =N27/K27 -> 0.7304828 | AH27: =AG37 -> 0.76248144
B28: 義大利麵 | D28: 焗烤起司肉醬筆尖麵 | F28: =VLOOKUP(D28,廠價表!$C$1:$E$43,3,0) -> 50.67 | G28: 1327 | H28: =F28*G28 -> 67239.09 | J28: =VLOOKUP(D28,產線配置圖!$A$3:$C$38,2,0) -> 13 | K28: =VLOOKUP(D28,產線配置圖!$A$3:$C$38,3,0) -> 1440 | L28: =K28/J28 -> 110.76923 | M28: 13 | N28: =G28/W28*60 -> 982.96296 | O28: =N28/M28 -> 75.612536 | P28: =M28-J28 -> 0 | Q28: =O28-L28 -> -35.156695 | R28: =O28/L28 -> 0.68261317 | T28: 0.36805556 | U28: 0.42430556 | V28: =(T28-U27)*24*60 -> 12 | W28: =(U28-T28)*24*60 -> 81 | Z28: 1 | AA28: 10 | AB28: L型封膜異常 | AF28: =N28-K28 -> -457.03704 | AG28: =N28/K28 -> 0.68261317
B29: 熱乾麵 | D29: 沙茶豬肉炒麵 | F29: =VLOOKUP(D29,廠價表!$C$1:$E$43,3,0) -> 49.52 | G29: 891 | H29: =F29*G29 -> 44122.32 | J29: =VLOOKUP(D29,產線配置圖!$A$3:$C$38,2,0) -> 17 | K29: =VLOOKUP(D29,產線配置圖!$A$3:$C$38,3,0) -> 1440 | L29: =K29/J29 -> 84.705882 | M29: 15 | N29: =G29/W29*60 -> 1188 | O29: =N29/M29 -> 79.2 | P29: =M29-J29 -> -2 | Q29: =O29-L29 -> -5.5058824 | R29: =O29/L29 -> 0.935 | T29: 0.43055556 | U29: 0.46180556 | V29: =(T29-U28)*24*60 -> 9 | W29: =(U29-T29)*24*60 -> 45 | AF29: =N29-K29 -> -252 | AG29: =N29/K29 -> 0.825
B30: 義大利麵 | D30: 焗烤起司肉醬筆尖麵 | F30: =VLOOKUP(D30,廠價表!$C$1:$E$43,3,0) -> 50.67 | G30: 792 | H30: =F30*G30 -> 40130.64 | J30: =VLOOKUP(D30,產線配置圖!$A$3:$C$38,2,0) -> 13 | K30: =VLOOKUP(D30,產線配置圖!$A$3:$C$38,3,0) -> 1440 | L30: =K30/J30 -> 110.76923 | M30: 13 | N30: =G30/W30*60 -> 1033.0435 | O30: =N30/M30 -> 79.464883 | P30: =M30-J30 -> 0 | Q30: =O30-L30 -> -31.304348 | R30: =O30/L30 -> 0.7173913 | T30: 0.52430556 | U30: 0.55625 | V30: =(T30-U29)*24*60 -> 90 | W30: =(U30-T30)*24*60 -> 46 | X30: 0.49652778 | Y30: 0.53819444 | AB30: L型封膜異常 | AF30: =N30-K30 -> -406.95652 | AG30: =N30/K30 -> 0.7173913
B31: 熱乾麵 | D31: 沙茶豬肉炒麵 | F31: =VLOOKUP(D31,廠價表!$C$1:$E$43,3,0) -> 49.52 | G31: 1500 | H31: =F31*G31 -> 74280 | J31: =VLOOKUP(D31,產線配置圖!$A$3:$C$38,2,0) -> 17 | K31: =VLOOKUP(D31,產線配置圖!$A$3:$C$38,3,0) -> 1440 | L31: =K31/J31 -> 84.705882 | M31: 15 | N31: =G31/W31*60 -> 1232.8767 | O31: =N31/M31 -> 82.191781 | P31: =M31-J31 -> -2 | Q31: =O31-L31 -> -2.5141015 | R31: =O31/L31 -> 0.97031963 | T31: 0.5625 | U31: 0.61319444 | V31: =(T31-U30)*24*60 -> 9 | W31: =(U31-T31)*24*60 -> 73 | AF31: =N31-K31 -> -207.12329 | AG31: =N31/K31 -> 0.85616438
W32: =(U32-T32)*24*60 -> 0
W33: =(U33-T33)*24*60 -> 0
W34: =(U34-T34)*24*60 -> 0
W35: =(U35-T35)*24*60 -> 0
H36: =F36*G36 -> 0 | W36: =(U36-T36)*24*60 -> 0
C37: 4度二組B | D37: 平均 | J37: =AVERAGE(J27:J36) -> 15.2 | K37: =AVERAGE(K27:K36) -> 1433.2 | L37: =AVERAGE(L27:L36) -> 95.765045 | M37: =AVERAGE(M27:M36) -> 14.2 | N37: =AVERAGE(N27:N36) -> 1092.7884 | O37: =AVERAGE(O27:O36) -> 76.987958 | P37: =M37-J37 -> -1 | Q37: =N37-K37 -> -340.4116 | R37: =O37/L37 -> 0.80392545 | Z37: =SUM(Z27:Z36) -> 2 | AA37: =SUM(AA27:AA36) -> 20 | AD37: =SUM(AD27:AD36) -> 0 | AE37: =SUM(AE27:AE36) -> 0 | AF37: =N37-K37 -> -340.4116 | AG37: =N37/K37 -> 0.76248144
A38: 手工四線 (ET-55) | B38: 熱乾麵 | D38: 青花椒麻雞肉拌麵 | F38: =VLOOKUP(D38,廠價表!$C$1:$E$43,3,0) -> 49.91 | G38: 2516 | H38: =F38*G38 -> 125573.56 | J38: =VLOOKUP(D38,產線配置圖!$A$3:$C$38,2,0) -> 15 | K38: =VLOOKUP(D38,產線配置圖!$A$3:$C$38,3,0) -> 1714 | L38: =K38/J38 -> 114.26667 | M38: 15 | N38: =G38/W38*60 -> 1509.6 | O38: =N38/M38 -> 100.64 | P38: =M38-J38 -> 0 | Q38: =O38-L38 -> -13.626667 | R38: =O38/L38 -> 0.88074679 | S38: =R48 -> 0.90019486 | T38: 0.33333333 | U38: 0.40277778 | W38: =(U38-T38)*24*60 -> 100 | AF38: =N38-K38 -> -204.4 | AG38: =N38/K38 -> 0.88074679 | AH38: =AG48 -> 0.86879739
B39: 熱乾麵 | D39: 府城鹽水意麵 | F39: =VLOOKUP(D39,廠價表!$C$1:$E$43,3,0) -> 44.3 | G39: 2562 | H39: =F39*G39 -> 113496.6 | J39: =VLOOKUP(D39,產線配置圖!$A$3:$C$38,2,0) -> 18 | K39: =VLOOKUP(D39,產線配置圖!$A$3:$C$38,3,0) -> 1565 | L39: =K39/J39 -> 86.944444 | M39: 17 | N39: =G39/W39*60 -> 1397.4545 | O39: =N39/M39 -> 82.203209 | P39: =M39-J39 -> -1 | Q39: =O39-L39 -> -4.7412359 | R39: =O39/L39 -> 0.94546821 | T39: 0.41111111 | U39: 0.4875 | V39: =(T39-U38)*24*60 -> 12 | W39: =(U39-T39)*24*60 -> 110 | AF39: =N39-K39 -> -167.54545 | AG39: =N39/K39 -> 0.8929422
B40: 熱乾麵 | D40: 府城鹽水意麵 | F40: =VLOOKUP(D40,廠價表!$C$1:$E$43,3,0) -> 44.3 | G40: 2169 | H40: =F40*G40 -> 96086.7 | J40: =VLOOKUP(D40,產線配置圖!$A$3:$C$38,2,0) -> 18 | K40: =VLOOKUP(D40,產線配置圖!$A$3:$C$38,3,0) -> 1565 | L40: =K40/J40 -> 86.944444 | M40: 17 | N40: =G40/W40*60 -> 1301.4 | O40: =N40/M40 -> 76.552941 | P40: =M40-J40 -> -1 | Q40: =O40-L40 -> -10.391503 | R40: =O40/L40 -> 0.88048111 | T40: 0.54513889 | U40: 0.61458333 | V40: =(T40-U39)*24*60 -> 83 | W40: =(U40-T40)*24*60 -> 100 | AF40: =N40-K40 -> -263.6 | AG40: =N40/K40 -> 0.8315655
W41: =(U41-T41)*24*60 -> 0 | AF41: =N41-K41 -> 0 | AG41: =N41/K41 -> #DIV/0!
W42: =(U42-T42)*24*60 -> 0
W43: =(U43-T43)*24*60 -> 0
W44: =(U44-T44)*24*60 -> 0
W45: =(U45-T45)*24*60 -> 0
W46: =(U46-T46)*24*60 -> 0
H47: =F47*G47 -> 0 | W47: =(U47-T47)*24*60 -> 0
C48: 4度二組C1 | D48: 平均 | J48: =AVERAGE(J38:J47) -> 17 | K48: =AVERAGE(K38:K47) -> 1614.6667 | L48: =AVERAGE(L38:L47) -> 96.051852 | M48: =AVERAGE(M38:M47) -> 16.333333 | N48: =AVERAGE(N38:N47) -> 1402.8182 | O48: =AVERAGE(O38:O47) -> 86.465383 | P48: =M48-J48 -> -0.66666667 | Q48: =N48-K48 -> -211.84848 | R48: =O48/L48 -> 0.90019486 | W48: =(U48-T48)*24*60 -> 0 | Z48: =SUM(Z38:Z47) -> 0 | AA48: =SUM(AA38:AA47) -> 0 | AD48: =SUM(AD38:AD47) -> 0 | AE48: =SUM(AE38:AE47) -> 0 | AF48: =N48-K48 -> -211.84848 | AG48: =N48/K48 -> 0.86879739
A49: 手工五線 (ET-55) | B49: 義大利麵 | D49: 白酒蛤蜊義大利麵 | F49: =VLOOKUP(D49,廠價表!$C$1:$E$43,3,0) -> 57.21 | G49: 3319 | H49: =F49*G49 -> 189879.99 | J49: =VLOOKUP(D49,產線配置圖!$A$3:$C$38,2,0) -> 15 | K49: =VLOOKUP(D49,產線配置圖!$A$3:$C$38,3,0) -> 1565 | L49: =K49/J49 -> 104.33333 | M49: 15 | N49: =G49/W49*60 -> 1363.9726 | O49: =N49/M49 -> 90.931507 | P49: =M49-J49 -> 0 | Q49: =O49-L49 -> -13.401826 | R49: =O49/L49 -> 0.87154799 | S49: =R58 -> 0.89337376 | T49: 0.29097222 | U49: 0.39236111 | W49: =(U49-T49)*24*60 -> 146 | AF49: =N49-K49 -> -201.0274 | AG49: =N49/K49 -> 0.87154799 | AH49: =AG58 -> 0.85445622
B50: 義大利麵 | D50: 焗烤起司雙饗筆尖麵 | F50: =VLOOKUP(D50,廠價表!$C$1:$E$43,3,0) -> 49.97 | G50: 2903 | H50: =F50*G50 -> 145062.91 | J50: =VLOOKUP(D50,產線配置圖!$A$3:$C$38,2,0) -> 16 | K50: =VLOOKUP(D50,產線配置圖!$A$3:$C$38,3,0) -> 1800 | L50: =K50/J50 -> 112.5 | M50: 15 | N50: =G50/W50*60 -> 1627.8505 | O50: =N50/M50 -> 108.52336 | P50: =M50-J50 -> -1 | Q50: =O50-L50 -> -3.9766355 | R50: =O50/L50 -> 0.96465213 | T50: 0.39791667 | U50: 0.47222222 | V50: =(T50-U49)*24*60 -> 8 | W50: =(U50-T50)*24*60 -> 107 | AF50: =N50-K50 -> -172.14953 | AG50: =N50/K50 -> 0.90436137
B51: 義大利麵 | D51: 焗烤起司雙饗筆尖麵 | F51: =VLOOKUP(D51,廠價表!$C$1:$E$43,3,0) -> 49.97 | G51: 2298 | H51: =F51*G51 -> 114831.06 | J51: =VLOOKUP(D51,產線配置圖!$A$3:$C$38,2,0) -> 16 | K51: =VLOOKUP(D51,產線配置圖!$A$3:$C$38,3,0) -> 1800 | L51: =K51/J51 -> 112.5 | M51: 15 | N51: =G51/W51*60 -> 1421.4433 | O51: =N51/M51 -> 94.762887 | P51: =M51-J51 -> -1 | Q51: =O51-L51 -> -17.737113 | R51: =O51/L51 -> 0.84233677 | T51: 0.52569444 | U51: 0.59305556 | V51: =(T51-U50)*24*60 -> 77 | W51: =(U51-T51)*24*60 -> 97 | AF51: =N51-K51 -> -378.5567 | AG51: =N51/K51 -> 0.78969072
W52: =(U52-T52)*24*60 -> 0 | X52: 0.47916667 | Y52: 0.52083333 | AF52: =N52-K52 -> 0 | AG52: =N52/K52 -> #DIV/0!
W53: =(U53-T53)*24*60 -> 0 | AF53: =N53-K53 -> 0 | AG53: =N53/K53 -> #DIV/0!
W54: =(U54-T54)*24*60 -> 0
W55: =(U55-T55)*24*60 -> 0
W56: =(U56-T56)*24*60 -> 0
W57: =(U57-T57)*24*60 -> 0
C58: 4度二組C2 | D58: 平均 | J58: =AVERAGE(J49:J57) -> 15.666667 | K58: =AVERAGE(K49:K57) -> 1721.6667 | L58: =AVERAGE(L49:L57) -> 109.77778 | M58: =AVERAGE(M49:M57) -> 15 | N58: =AVERAGE(N49:N57) -> 1471.0888 | O58: =AVERAGE(O49:O57) -> 98.072586 | P58: =M58-J58 -> -0.66666667 | Q58: =N58-K58 -> -250.57788 | R58: =O58/L58 -> 0.89337376 | Z58: =SUM(Z49:Z57) -> 0 | AA58: =SUM(AA49:AA57) -> 0 | AD58: =SUM(AD49:AD57) -> 0 | AE58: =SUM(AE49:AE57) -> 0 | AF58: =N58-K58 -> -250.57788 | AG58: =N58/K58 -> 0.85445622
A59: 調理包一線 (八爪機) | B59: 小吃、微波 | D59: 小滷青蔬 | F59: =VLOOKUP(D59,廠價表!$C$1:$E$43,3,0) -> 26.99 | G59: 2908 | H59: =F59*G59 -> 78486.92 | J59: =VLOOKUP(D59,產線配置圖!$A$3:$C$38,2,0) -> 13 | K59: =VLOOKUP(D59,產線配置圖!$A$3:$C$38,3,0) -> 1565 | L59: =K59/J59 -> 120.38462 | M59: 13 | N59: =G59/W59*60 -> 1478.6441 | O59: =N59/M59 -> 113.74185 | P59: =M59-J59 -> 0 | Q59: =O59-L59 -> -6.642764 | R59: =O59/L59 -> 0.94482049 | S59: =R69 -> 0.78032145 | T59: 0.29166667 | U59: 0.37361111 | W59: =(U59-T59)*24*60 -> 118 | AF59: =N59-K59 -> -86.355932 | AG59: =N59/K59 -> 0.94482049 | AH59: =AG69 -> 0.8781214
B60: 小吃、微波 | D60: 起司馬鈴薯 | F60: =VLOOKUP(D60,廠價表!$C$1:$E$43,3,0) -> 28.26 | G60: 1620 | H60: =F60*G60 -> 45781.2 | J60: =VLOOKUP(D60,產線配置圖!$A$3:$C$38,2,0) -> 12 | K60: =VLOOKUP(D60,產線配置圖!$A$3:$C$38,3,0) -> 1565 | L60: =K60/J60 -> 130.41667 | M60: 12 | N60: =G60/W60*60 -> 1450.7463 | O60: =N60/M60 -> 120.89552 | P60: =M60-J60 -> 0 | Q60: =O60-L60 -> -9.5211443 | R60: =O60/L60 -> 0.92699442 | T60: 0.39097222 | U60: 0.4375 | V60: =(T60-U59)*24*60 -> 25 | W60: =(U60-T60)*24*60 -> 67 | AF60: =N60-K60 -> -114.25373 | AG60: =N60/K60 -> 0.92699442
B61: 小吃、微波 | D61: 麻辣雞心 | F61: =VLOOKUP(D61,廠價表!$C$1:$E$43,3,0) -> 28.26 | G61: 1544 | H61: =F61*G61 -> 43633.44 | J61: =VLOOKUP(D61,產線配置圖!$A$3:$C$38,2,0) -> 9 | K61: =VLOOKUP(D61,產線配置圖!$A$3:$C$38,3,0) -> 1636 | L61: =K61/J61 -> 181.77778 | M61: 11 | N61: =G61/W61*60 -> 1235.2 | O61: =N61/M61 -> 112.29091 | P61: =M61-J61 -> 2 | Q61: =O61-L61 -> -69.486869 | R61: =O61/L61 -> 0.61773727 | T61: 0.44444444 | U61: 0.49652778 | V61: =(T61-U60)*24*60 -> 10 | W61: =(U61-T61)*24*60 -> 75 | AB61: 雞毛挑揀增加2人 | AF61: =N61-K61 -> -400.8 | AG61: =N61/K61 -> 0.75501222
B62: 小吃、微波 | D62: 麻辣雞心 | F62: =VLOOKUP(D62,廠價表!$C$1:$E$43,3,0) -> 28.26 | G62: 850 | H62: =F62*G62 -> 24021 | J62: =VLOOKUP(D62,產線配置圖!$A$3:$C$38,2,0) -> 9 | K62: =VLOOKUP(D62,產線配置圖!$A$3:$C$38,3,0) -> 1636 | L62: =K62/J62 -> 181.77778 | M62: 11 | N62: =G62/W62*60 -> 1457.1429 | O62: =N62/M62 -> 132.46753 | P62: =M62-J62 -> 2 | Q62: =O62-L62 -> -49.310245 | R62: =O62/L62 -> 0.72873337 | T62: 0.54861111 | U62: 0.57291667 | V62: =(T62-U61)*24*60 -> 75 | W62: =(U62-T62)*24*60 -> 35 | X62: 0.50347222 | Y62: 0.54513889 | AB62: 雞毛挑揀增加2人 | AF62: =N62-K62 -> -178.85714 | AG62: =N62/K62 -> 0.89067412
W63: =(U63-T63)*24*60 -> 0
W64: =(U64-T64)*24*60 -> 0
W65: =(U65-T65)*24*60 -> 0
W66: =(U66-T66)*24*60 -> 0
W67: =(U67-T67)*24*60 -> 0
H68: =F68*G68 -> 0 | W68: =(U68-T68)*24*60 -> 0
C69: 4度三組 | D69: 平均 | J69: =AVERAGE(J59:J68) -> 10.75 | K69: =AVERAGE(K59:K68) -> 1600.5 | L69: =AVERAGE(L59:L68) -> 153.58921 | M69: =AVERAGE(M59:M68) -> 11.75 | N69: =AVERAGE(N59:N68) -> 1405.4333 | O69: =AVERAGE(O59:O68) -> 119.84895 | P69: =M69-J69 -> 1 | Q69: =N69-K69 -> -195.0667 | R69: =O69/L69 -> 0.78032145 | Z69: =SUM(Z59:Z68) -> 0 | AA69: =SUM(AA59:AA68) -> 0 | AD69: =SUM(AD59:AD68) -> 0 | AE69: =SUM(AE59:AE68) -> 0 | AF69: =N69-K69 -> -195.0667 | AG69: =N69/K69 -> 0.8781214
A70: 調理包二線 (手工) | S70: =R79 -> 0 | W70: =(U70-T70)*24*60 -> 0 | AF70: =N70-K70 -> 0 | AG70: =N70/K70 -> #DIV/0! | AH70: =AG79 -> #DIV/0!
W71: =(U71-T71)*24*60 -> 0 | AF71: -300.3125 | AG71: 0.80810703
W72: =(U72-T72)*24*60 -> 0 | AF72: -130.33333 | AG72: 0.91671991
W73: =(U73-T73)*24*60 -> 0
W74: =(U74-T74)*24*60 -> 0
H75: =F75*G75 -> 0 | W75: =(U75-T75)*24*60 -> 0
H76: =F76*G76 -> 0 | W76: =(U76-T76)*24*60 -> 0
H77: =F77*G77 -> 0 | W77: =(U77-T77)*24*60 -> 0
H78: =F78*G78 -> 0 | W78: =(U78-T78)*24*60 -> 0
C79: 4度四組 | D79: 平均 | Z79: =SUM(Z70:Z78) -> 0 | AA79: =SUM(AA70:AA78) -> 0 | AD79: =SUM(AD70:AD78) -> 0 | AE79: =SUM(AE70:AE78) -> 0 | AF79: =N79-K79 -> 0 | AG79: =N79/K79 -> #DIV/0!
AJ80: 1.當日出勤人數較多
AJ81: 2.當日出勤人數較少
AJ82: 3.當日出勤熟手較少
AJ83: 4.當日出勤新人較多
AJ84: 5.機台夾盒
AJ85: 6.封膜不順
AJ86: 7.更換膠膜
AJ87: 8.更換碳帶
AJ88: 9.當日熱轉印碳帶異常
AJ89: 10.訂單量過少
AJ90: 11.新品上市，尚未熟悉
AJ91: 12.商品結構，產能較低
AJ92: 13.區域出貨，分段生產

Sheet 0403總
B1: 長家廠組合室生產人時性分析
B3: 日期 | D3: 46115 | F3: 訂單量 | G3: ='0403'!E1 -> 43154 | I3: 營業額 | J3: ='0403'!G1 -> 2050535.5
B4: 項目 | D4: 3 | F4: ➀ | H4: ➁ | J4: ③ | L4: 異常停線 | N4: 短暫停線
B5: 人時性 | D5: 組合室 | F5: 全溫層 | H5: 義大利麵 | J5: 袋裝小吃、義麵 | L5: 合計次數 | M5: 時間 | N5: 合計次數 | O5: 設備次數
D6: 排關平均 | F6: =AVERAGE(D13:I13) -> 131.20662 | H6: =AVERAGE(D13:H13) -> 126.7301 | J6: =AVERAGE(I13) -> 153.58921 | L6: =SUM(D18:J18) -> 4 | M6: =SUM(D19:J19) -> 17 | N6: =SUM(D20:J20) -> 0 | O6: =SUM(D20:J20) -> 0
D7: 實績平均 | F7: =AVERAGE(D14:I14) -> 110.42054 | H7: =AVERAGE(D14:H14) -> 110.26536 | J7: =AVERAGE(I14) -> 111.1964 | L7: =AVERAGE(K14:L14) -> #DIV/0! | M7: =AVERAGE(L14:M14) -> #DIV/0! | N7: =AVERAGE(M14:N14) -> #DIV/0! | O7: =AVERAGE(N14:O14) -> #DIV/0!
D8: 達成率平均 | F8: =F7/F6 -> 0.84157749 | H8: =H7/H6 -> 0.87008029 | J8: =J7/J6 -> 0.72398578 | L8: =AVERAGE(K15:L15) -> #DIV/0! | M8: =AVERAGE(L15:M15) -> #DIV/0! | N8: =AVERAGE(M15:N15) -> #DIV/0! | O8: =AVERAGE(N15:O15) -> #DIV/0!
J9: ※現行日本鮮食廠以達成率80%為基本(即為現行KPI)
B10: 溫層 | D10: 4度C-各編組展開
B11: 編組 | D11: 1 | E11: 2 | F11: 3 | G11: 4 | H11: 5 | I11: 6 | J11: 7
D12: 自動1線 | E12: 自動2線 | F12: 手工3線 | G12: 手工4線 | H12: 手工5線 | I12: 調理包1線 | J12: 調理包2線
B13: 人時性 | C13: 排關 | D13: =VALUE('0403'!L15) -> 157.1044 | E13: =VALUE('0403'!L26) -> 170.39773 | F13: =VALUE('0403'!L37) -> 95.765045 | G13: =VALUE('0403'!L48) -> 100.60556 | H13: =VALUE('0403'!L58) -> 109.77778 | I13: =VALUE('0403'!L69) -> 153.58921 | J13: ='0403'!L79 -> 0
C14: 實績 | D14: =VALUE('0403'!O15) -> 143.16145 | E14: =VALUE('0403'!O26) -> 143.58312 | F14: =VALUE('0403'!O37) -> 66.581404 | G14: =VALUE('0403'!O48) -> 90.403801 | H14: =VALUE('0403'!O58) -> 107.59704 | I14: =VALUE('0403'!O69) -> 111.1964 | J14: ='0403'!O79 -> 0
C15: 達成率 | D15: =D14/D13 -> 0.91125047 | E15: =E14/E13 -> 0.84263516 | F15: =F14/F13 -> 0.6952579 | G15: =G14/G13 -> 0.89859651 | H15: =H14/H13 -> 0.98013496 | I15: =I14/I13 -> 0.72398578 | J15: ='0403'!S70 -> 0
B16: 作業 時間 | C16: 開始 | D16: ='0403'!T5 -> 0.29166667 | E16: ='0403'!T16 -> 0.29236111 | F16: ='0403'!T27 -> 0.29930556 | G16: ='0403'!T38 -> 0.33333333 | H16: ='0403'!T49 -> 0.29166667 | I16: ='0403'!T59 -> 0.29166667 | J16: ='0403'!T70 -> 0
C17: 結束 | D17: 0.49305556 | E17: 0.56666667 | F17: 0.625 | G17: 0.49305556 | H17: 0.64583333 | I17: 0.58333333 | J17: 0
B18: 產線異常 (5分鐘以上) | C18: 次數 | D18: ='0403'!Z15 -> 0 | E18: ='0403'!Z26 -> 0 | F18: ='0403'!Z37 -> 4 | G18: ='0403'!Z48 -> 0 | H18: ='0403'!Z58 -> 0 | I18: ='0403'!Z69 -> 0 | J18: ='0403'!AA79 -> 0
C19: 時間/分 | D19: ='0403'!AA15 -> 0 | E19: ='0403'!AA26 -> 0 | F19: ='0403'!AA37 -> 17 | G19: ='0403'!AA48 -> 0 | H19: ='0403'!AA58 -> 0 | I19: ='0403'!AA69 -> 0 | J19: ='0403'!AB79 -> 0
B20: 短暫停線 (5分鐘以下) | C20: 次數 | D20: ='0403'!AD15 -> 0 | E20: ='0403'!AD26 -> 0 | F20: ='0403'!AD37 -> 0 | G20: ='0403'!AD48 -> 0 | H20: ='0403'!AD58 -> 0 | I20: ='0403'!AD69 -> 0 | J20: ='0403'!AD79 -> 0
C21: 設備次數 | D21: ='0403'!AE15 -> 0 | E21: ='0403'!AE26 -> 0 | F21: ='0403'!AE37 -> 0 | G21: ='0403'!AE48 -> 0 | H21: ='0403'!AE58 -> 0 | I21: ='0403'!AE69 -> 0 | J21: ='0403'!AE79 -> 0
B22: 配置人數 | D22: =VALUE('0403'!M15) -> 13 | E22: =VALUE('0403'!M26) -> 12.25 | F22: =VALUE('0403'!M37) -> 14 | G22: =VALUE('0403'!M48) -> 16 | H22: =VALUE('0403'!M58) -> 15 | I22: =VALUE('0403'!M69) -> 11.5 | J22: ='0403'!M79 -> 0
B23: 主要應用設備 | D23: ET-600 | E23: ET-600 | F23: ET-55 | G23: ET-55 | H23: ET-55 | I23: 八爪機 | J23: 八爪機
B24: 次要應用設備 | H24: 封口機 | J24: 封口機
B25: 備註

Sheet 0403
A1: 長家廠4度C日報分析 | D1: 總生產量 | E1: =SUM(G5:G79) -> 43154 | F1: 營業額 | G1: =SUM(H5:H79) -> 2050535.5 | H1: 出勤人數 | I1: =M15+M26+M48+M58+M69+M79+M37 -> 81.75 | J1: 產線配置圖 | M1: 生產實績 | P1: 人時性差異分析 | T1: 日報登錄 | Z1: 合計 次數 | AA1: 合計 時間/分 | AB1: 分析說明 | AD1: 合計 次數 | AE1: 合計 設備次數 | AF1: 產能差異分析
A2: 04月03日 星期五 | D2: 人時性 | E2: =AVERAGE(O15,O26,O37,O48,O58,O69,O79) -> 110.42054 | F2: 平均廠價 | G2: =G1/E1 -> 47.516696 | H2: 多次生產數 | I2: =COUNT(I5:I79) -> 0 | Z2: =Z15+Z26+Z37+Z48+Z58+Z69+Z79 -> 4 | AA2: =AA15+AA26+AA37+AA48+AA58+AA69+AA79 -> 17 | AD2: =AD15+AD26+AD37+AD48+AD58+AD69+AD79 -> 0 | AE2: =AE15+AE26+AE37+AE48+AE58+AE69+AE79 -> 0
A3: 線別 | B3: 品類 | D3: 品名 | F3: 廠價 | G3: 生產量 | H3: 營收 | I3: 多次 生產 | J3: 人數 | K3: 產能/時 | L3: 人時性 | M3: 人數 | N3: 產能/時 | O3: 人時性 | P3: 人數 | Q3: 人時性 | R3: 達成率 | S3: 達成率平均 | T3: 生產時間 | V3: 前置、換線時間/分 | W3: 稼動時間/分 | X3: 休息時間 | Z3: 產線異常統計 (5分鐘以上) | AD3: 短暫停線統計 (5分鐘以下) | AF3: 產能/時 | AG3: 達成率 | AH3: 達成率平均
T4: 開始 | U4: 結束 | X4: 開始 | Y4: 結束 | Z4: 次數 | AA4: 時間/分 | AD4: 總次數 | AE4: 設備因素(次數)
A5: 自動一線 (ET-600) | B5: 義大利麵 | D5: 蒜香奶油蝦蝦義大利麵 | F5: =VLOOKUP(D5,廠價表!$C$1:$E$43,3,0) -> 57.21 | G5: 3182 | H5: =F5*G5 -> 182042.22 | J5: =VLOOKUP(D5,產線配置圖!$A$3:$C$38,2,0) -> 14 | K5: =VLOOKUP(D5,產線配置圖!$A$3:$C$38,3,0) -> 2118 | L5: =K5/J5 -> 151.28571 | M5: 13 | N5: =G5/W5*60 -> 1835.7692 | O5: =N5/M5 -> 141.21302 | P5: =M5-J5 -> -1 | Q5: =O5-L5 -> -10.072697 | R5: =O5/L5 -> 0.93341938 | S5: =R15 -> 0.91125047 | T5: 0.29166667 | U5: 0.36388889 | W5: =(U5-T5)*24*60 -> 104 | AF5: =N5-K5 -> -282.23077 | AG5: =N5/K5 -> 0.86674657 | AH5: =AG15 -> 0.87870581
B6: 義大利麵 | D6: 奶油培根義大利麵 | F6: =VLOOKUP(D6,廠價表!$C$1:$E$43,3,0) -> 49.14 | G6: 5282 | H6: =F6*G6 -> 259557.48 | J6: =VLOOKUP(D6,產線配置圖!$A$3:$C$38,2,0) -> 13 | K6: =VLOOKUP(D6,產線配置圖!$A$3:$C$38,3,0) -> 2118 | L6: =K6/J6 -> 162.92308 | M6: 13 | N6: =G6/W6*60 -> 1886.4286 | O6: =N6/M6 -> 145.10989 | P6: =M6-J6 -> 0 | Q6: =O6-L6 -> -17.813187 | R6: =O6/L6 -> 0.89066505 | T6: 0.37638889 | U6: 0.49305556 | V6: =(T6-U5)*24*60 -> 18 | W6: =(U6-T6)*24*60 -> 168 | AF6: =N6-K6 -> -231.57143 | AG6: =N6/K6 -> 0.89066505
W7: =(U7-T7)*24*60 -> 0 | AF7: =N7-K7 -> 0 | AG7: =N7/K7 -> #DIV/0!
W8: =(U8-T8)*24*60 -> 0 | X8: 0.48611111 | Y8: 0.52777778 | AF8: =N8-K8 -> 0 | AG8: =N8/K8 -> #DIV/0!
W9: =(U9-T9)*24*60 -> 0 | AF9: =N9-K9 -> 0 | AG9: =N9/K9 -> #DIV/0!
W10: =(U10-T10)*24*60 -> 0 | AF10: =N10-K10 -> 0 | AG10: =N10/K10 -> #DIV/0!
W11: =(U11-T11)*24*60 -> 0 | AF11: =N11-K11 -> 0 | AG11: =N11/K11 -> #DIV/0!
W12: =(U12-T12)*24*60 -> 0
W13: =(U13-T13)*24*60 -> 0
W14: =(U14-T14)*24*60 -> 0
C15: 4度一組 | D15: 平均 | J15: =AVERAGE(J5:J14) -> 13.5 | K15: =AVERAGE(K5:K14) -> 2118 | L15: =AVERAGE(L5:L14) -> 157.1044 | M15: =AVERAGE(M5:M14) -> 13 | N15: =AVERAGE(N5:N14) -> 1861.0989 | O15: =AVERAGE(O5:O14) -> 143.16145 | P15: =M15-J15 -> -0.5 | Q15: =O15-L15 -> -13.942942 | R15: =O15/L15 -> 0.91125047 | Z15: =SUM(Z5:Z14) -> 0 | AA15: =SUM(AA5:AA14) -> 0 | AD15: =SUM(AD5:AD14) -> 0 | AE15: =SUM(AE5:AE14) -> 0 | AF15: =N15-K15 -> -256.9011 | AG15: =N15/K15 -> 0.87870581
A16: 自動二線 (ET-600) | B16: 義大利麵 | D16: 辣味香菜雞肉義大利麵 | F16: =VLOOKUP(D16,廠價表!$C$1:$E$43,3,0) -> 56.28 | G16: 729 | H16: =F16*G16 -> 41028.12 | J16: =VLOOKUP(D16,產線配置圖!$A$3:$C$38,2,0) -> 15 | K16: =VLOOKUP(D16,產線配置圖!$A$3:$C$38,3,0) -> 1800 | L16: =K16/J16 -> 120 | M16: 15 | N16: =G16/W16*60 -> 1041.4286 | O16: =N16/M16 -> 69.428571 | P16: =M16-J16 -> 0 | Q16: =O16-L16 -> -50.571429 | R16: =O16/L16 -> 0.57857143 | S16: =R26 -> 0.84263516 | T16: 0.29236111 | U16: 0.32152778 | W16: =(U16-T16)*24*60 -> 42 | AB16: 生產數量少 | AF16: =N16-K16 -> -758.57143 | AG16: =N16/K16 -> 0.57857143 | AH16: =AG26 -> 0.82920331
B17: 義大利麵 | D17: 青醬蛤蜊義大利麵 | F17: =VLOOKUP(D17,廠價表!$C$1:$E$43,3,0) -> 50.67 | G17: 3485 | H17: =F17*G17 -> 176584.95 | J17: =VLOOKUP(D17,產線配置圖!$A$3:$C$38,2,0) -> 12 | K17: =VLOOKUP(D17,產線配置圖!$A$3:$C$38,3,0) -> 2118 | L17: =K17/J17 -> 176.5 | M17: 12 | N17: =G17/W17*60 -> 1991.4286 | O17: =N17/M17 -> 165.95238 | P17: =M17-J17 -> 0 | Q17: =O17-L17 -> -10.547619 | R17: =O17/L17 -> 0.94024012 | T17: 0.32777778 | U17: 0.40069444 | V17: =(T17-U16)*24*60 -> 9 | W17: =(U17-T17)*24*60 -> 105 | AF17: =N17-K17 -> -126.57143 | AG17: =N17/K17 -> 0.94024012
B18: 義大利麵 | D18: 義式蕃茄起司義大利麵 | F18: =VLOOKUP(D18,廠價表!$C$1:$E$43,3,0) -> 50.39 | G18: 3228 | H18: =F18*G18 -> 162658.92 | J18: =VLOOKUP(D18,產線配置圖!$A$3:$C$38,2,0) -> 11 | K18: =VLOOKUP(D18,產線配置圖!$A$3:$C$38,3,0) -> 2118 | L18: =K18/J18 -> 192.54545 | M18: 11 | N18: =G18/W18*60 -> 1936.8 | O18: =N18/M18 -> 176.07273 | P18: =M18-J18 -> 0 | Q18: =O18-L18 -> -16.472727 | R18: =O18/L18 -> 0.91444759 | T18: 0.40972222 | U18: 0.47916667 | V18: =(T18-U17)*24*60 -> 13 | W18: =(U18-T18)*24*60 -> 100 | X18: 0.48611111 | Y18: 0.52777778 | AF18: =N18-K18 -> -181.2 | AG18: =N18/K18 -> 0.91444759
B19: 義大利麵 | D19: 義式蕃茄起司義大利麵 | F19: =VLOOKUP(D19,廠價表!$C$1:$E$43,3,0) -> 50.39 | G19: 1075 | H19: =F19*G19 -> 54169.25 | J19: =VLOOKUP(D19,產線配置圖!$A$3:$C$38,2,0) -> 11 | K19: =VLOOKUP(D19,產線配置圖!$A$3:$C$38,3,0) -> 2118 | L19: =K19/J19 -> 192.54545 | M19: 11 | N19: =G19/W19*60 -> 1791.6667 | O19: =N19/M19 -> 162.87879 | P19: =M19-J19 -> 0 | Q19: =O19-L19 -> -29.666667 | R19: =O19/L19 -> 0.84592383 | T19: 0.54166667 | U19: 0.56666667 | V19: =(T19-U18)*24*60 -> 90 | W19: =(U19-T19)*24*60 -> 36 | AF19: =N19-K19 -> -326.33333 | AG19: =N19/K19 -> 0.84592383
W20: =(U20-T20)*24*60 -> 0
W21: =(U21-T21)*24*60 -> 0
W22: 0
W23: =(U23-T23)*24*60 -> 0
H24: =F24*G24 -> 0 | W24: =(U24-T24)*24*60 -> 0
H25: =F25*G25 -> 0 | W25: =(U25-T25)*24*60 -> 0
C26: 4度二組A | D26: 平均 | J26: =AVERAGE(J16:J25) -> 12.25 | K26: =AVERAGE(K16:K25) -> 2038.5 | L26: =AVERAGE(L16:L25) -> 170.39773 | M26: =AVERAGE(M16:M25) -> 12.25 | N26: =AVERAGE(N16:N25) -> 1690.331 | O26: =AVERAGE(O16:O25) -> 143.58312 | P26: =M26-J26 -> 0 | Q26: =O26-L26 -> -26.81461 | R26: =O26/L26 -> 0.84263516 | Z26: =SUM(Z16:Z25) -> 0 | AA26: =SUM(AA16:AA25) -> 0 | AD26: =SUM(AD16:AD25) -> 0 | AE26: =SUM(AE16:AE25) -> 0 | AF26: =N26-K26 -> -348.16905 | AG26: =N26/K26 -> 0.82920331
A27: 手工三線 (ET-55) | B27: 義大利麵 | D27: 濃拿坡里義大利麵 | F27: =VLOOKUP(D27,廠價表!$C$1:$E$43,3,0) -> 56.43 | G27: 1150 | H27: =F27*G27 -> 64894.5 | J27: =VLOOKUP(D27,產線配置圖!$A$3:$C$38,2,0) -> 16 | K27: =VLOOKUP(D27,產線配置圖!$A$3:$C$38,3,0) -> 1406 | L27: =K27/J27 -> 87.875 | M27: 14 | N27: =G27/W27*60 -> 1029.8507 | O27: =N27/M27 -> 73.560768 | P27: =M27-J27 -> -2 | Q27: =O27-L27 -> -14.314232 | R27: =O27/L27 -> 0.83710689 | S27: =R37 -> 0.6952579 | T27: 0.29930556 | U27: 0.34583333 | W27: =(U27-T27)*24*60 -> 67 | AF27: =N27-K27 -> -376.14925 | AG27: =N27/K27 -> 0.73246853 | AH27: =AG37 -> 0.65387872
B28: 義大利麵 | D28: 焗烤起司肉醬筆尖麵 | F28: =VLOOKUP(D28,廠價表!$C$1:$E$43,3,0) -> 50.67 | G28: 1316 | H28: =F28*G28 -> 66681.72 | J28: =VLOOKUP(D28,產線配置圖!$A$3:$C$38,2,0) -> 13 | K28: =VLOOKUP(D28,產線配置圖!$A$3:$C$38,3,0) -> 1440 | L28: =K28/J28 -> 110.76923 | M28: 13 | N28: =G28/W28*60 -> 560 | O28: =N28/M28 -> 43.076923 | P28: =M28-J28 -> 0 | Q28: =O28-L28 -> -67.692308 | R28: =O28/L28 -> 0.38888889 | T28: 0.35277778 | U28: 0.45069444 | V28: =(T28-U27)*24*60 -> 10 | W28: =(U28-T28)*24*60 -> 141 | AB28: 9:45-10:49封膜異常全檢 | AF28: =N28-K28 -> -880 | AG28: =N28/K28 -> 0.38888889
B29: 熱乾麵 | D29: 沙茶豬肉炒麵 | F29: =VLOOKUP(D29,廠價表!$C$1:$E$43,3,0) -> 49.52 | G29: 1196 | H29: =F29*G29 -> 59225.92 | J29: =VLOOKUP(D29,產線配置圖!$A$3:$C$38,2,0) -> 17 | K29: =VLOOKUP(D29,產線配置圖!$A$3:$C$38,3,0) -> 1440 | L29: =K29/J29 -> 84.705882 | M29: 15 | N29: =G29/W29*60 -> 1104 | O29: =N29/M29 -> 73.6 | P29: =M29-J29 -> -2 | Q29: =O29-L29 -> -11.105882 | R29: =O29/L29 -> 0.86888889 | T29: 0.42361111 | U29: 0.46875 | V29: =(T29-U28)*24*60 -> -39 | W29: =(U29-T29)*24*60 -> 65 | AB29: 沙茶先開線 | AF29: =N29-K29 -> -336 | AG29: =N29/K29 -> 0.76666667
B30: 義大利麵 | D30: 焗烤起司肉醬筆尖麵 | F30: =VLOOKUP(D30,廠價表!$C$1:$E$43,3,0) -> 50.67 | G30: 883 | H30: =F30*G30 -> 44741.61 | J30: =VLOOKUP(D30,產線配置圖!$A$3:$C$38,2,0) -> 13 | K30: =VLOOKUP(D30,產線配置圖!$A$3:$C$38,3,0) -> 1440 | L30: =K30/J30 -> 110.76923 | M30: 13 | N30: =G30/W30*60 -> 963.27273 | O30: =N30/M30 -> 74.097902 | P30: =M30-J30 -> 0 | Q30: =O30-L30 -> -36.671329 | R30: =O30/L30 -> 0.66893939 | T30: 0.53125 | U30: 0.56944444 | V30: =(T30-U29)*24*60 -> 90 | W30: =(U30-T30)*24*60 -> 55 | X30: 0.49652778 | Y30: 0.53819444 | Z30: 4 | AA30: 17 | AB30: L型封膜異常 | AF30: =N30-K30 -> -476.72727 | AG30: =N30/K30 -> 0.66893939
B31: 熱乾麵 | D31: 沙茶豬肉炒麵 | F31: =VLOOKUP(D31,廠價表!$C$1:$E$43,3,0) -> 49.52 | G31: 1200 | H31: =F31*G31 -> 59424 | J31: =VLOOKUP(D31,產線配置圖!$A$3:$C$38,2,0) -> 17 | K31: =VLOOKUP(D31,產線配置圖!$A$3:$C$38,3,0) -> 1440 | L31: =K31/J31 -> 84.705882 | M31: 15 | N31: =G31/W31*60 -> 1028.5714 | O31: =N31/M31 -> 68.571429 | P31: =M31-J31 -> -2 | Q31: =O31-L31 -> -16.134454 | R31: =O31/L31 -> 0.80952381 | T31: 0.57638889 | U31: 0.625 | V31: =(T31-U30)*24*60 -> 10 | W31: =(U31-T31)*24*60 -> 70 | AF31: =N31-K31 -> -411.42857 | AG31: =N31/K31 -> 0.71428571
W32: =(U32-T32)*24*60 -> 0
W33: =(U33-T33)*24*60 -> 0
W34: =(U34-T34)*24*60 -> 0
W35: =(U35-T35)*24*60 -> 0
H36: =F36*G36 -> 0 | W36: =(U36-T36)*24*60 -> 0
C37: 4度二組B | D37: 平均 | J37: =AVERAGE(J27:J36) -> 15.2 | K37: =AVERAGE(K27:K36) -> 1433.2 | L37: =AVERAGE(L27:L36) -> 95.765045 | M37: =AVERAGE(M27:M36) -> 14 | N37: =AVERAGE(N27:N36) -> 937.13898 | O37: =AVERAGE(O27:O36) -> 66.581404 | P37: =M37-J37 -> -1.2 | Q37: =N37-K37 -> -496.06102 | R37: =O37/L37 -> 0.6952579 | Z37: =SUM(Z27:Z36) -> 4 | AA37: =SUM(AA27:AA36) -> 17 | AD37: =SUM(AD27:AD36) -> 0 | AE37: =SUM(AE27:AE36) -> 0 | AF37: =N37-K37 -> -496.06102 | AG37: =N37/K37 -> 0.65387872
A38: 手工四線 (ET-55) | B38: 熱乾麵 | D38: 青花椒麻雞肉拌麵 | F38: =VLOOKUP(D38,廠價表!$C$1:$E$43,3,0) -> 49.91 | G38: 2609 | H38: =F38*G38 -> 130215.19 | J38: =VLOOKUP(D38,產線配置圖!$A$3:$C$38,2,0) -> 15 | K38: =VLOOKUP(D38,產線配置圖!$A$3:$C$38,3,0) -> 1714 | L38: =K38/J38 -> 114.26667 | M38: 15 | N38: =G38/W38*60 -> 1423.0909 | O38: =N38/M38 -> 94.872727 | P38: =M38-J38 -> 0 | Q38: =O38-L38 -> -19.393939 | R38: =O38/L38 -> 0.83027474 | S38: =R48 -> 0.89859651 | T38: 0.33333333 | U38: 0.40972222 | W38: =(U38-T38)*24*60 -> 110 | AF38: =N38-K38 -> -290.90909 | AG38: =N38/K38 -> 0.83027474 | AH38: =AG48 -> 0.87953149
B39: 熱乾麵 | D39: 府城鹽水意麵 | F39: =VLOOKUP(D39,廠價表!$C$1:$E$43,3,0) -> 44.3 | G39: 2727 | H39: =F39*G39 -> 120806.1 | J39: =VLOOKUP(D39,產線配置圖!$A$3:$C$38,2,0) -> 18 | K39: =VLOOKUP(D39,產線配置圖!$A$3:$C$38,3,0) -> 1565 | L39: =K39/J39 -> 86.944444 | M39: 17 | N39: =G39/W39*60 -> 1460.8929 | O39: =N39/M39 -> 85.934874 | P39: =M39-J39 -> -1 | Q39: =O39-L39 -> -1.0095705 | R39: =O39/L39 -> 0.98838833 | T39: 0.41527778 | U39: 0.49305556 | V39: =(T39-U38)*24*60 -> 8 | W39: =(U39-T39)*24*60 -> 112 | AF39: =N39-K39 -> -104.10714 | AG39: =N39/K39 -> 0.93347786
W40: =(U40-T40)*24*60 -> 0 | AF40: =N40-K40 -> 0 | AG40: =N40/K40 -> #DIV/0!
W41: =(U41-T41)*24*60 -> 0 | AF41: =N41-K41 -> 0 | AG41: =N41/K41 -> #DIV/0!
W42: =(U42-T42)*24*60 -> 0
W43: =(U43-T43)*24*60 -> 0
W44: =(U44-T44)*24*60 -> 0
W45: =(U45-T45)*24*60 -> 0
W46: =(U46-T46)*24*60 -> 0
H47: =F47*G47 -> 0 | W47: =(U47-T47)*24*60 -> 0
C48: 4度二組C1 | D48: 平均 | J48: =AVERAGE(J38:J47) -> 16.5 | K48: =AVERAGE(K38:K47) -> 1639.5 | L48: =AVERAGE(L38:L47) -> 100.60556 | M48: =AVERAGE(M38:M47) -> 16 | N48: =AVERAGE(N38:N47) -> 1441.9919 | O48: =AVERAGE(O38:O47) -> 90.403801 | P48: =M48-J48 -> -0.5 | Q48: =N48-K48 -> -197.50812 | R48: =O48/L48 -> 0.89859651 | W48: =(U48-T48)*24*60 -> 0 | Z48: =SUM(Z38:Z47) -> 0 | AA48: =SUM(AA38:AA47) -> 0 | AD48: =SUM(AD38:AD47) -> 0 | AE48: =SUM(AE38:AE47) -> 0 | AF48: =N48-K48 -> -197.50812 | AG48: =N48/K48 -> 0.87953149
A49: 手工五線 (ET-55) | B49: 義大利麵 | D49: 白酒蛤蜊義大利麵 | F49: =VLOOKUP(D49,廠價表!$C$1:$E$43,3,0) -> 57.21 | G49: 3353 | H49: =F49*G49 -> 191825.13 | J49: =VLOOKUP(D49,產線配置圖!$A$3:$C$38,2,0) -> 15 | K49: =VLOOKUP(D49,產線配置圖!$A$3:$C$38,3,0) -> 1565 | L49: =K49/J49 -> 104.33333 | M49: 15 | N49: =G49/W49*60 -> 1547.5385 | O49: =N49/M49 -> 103.16923 | P49: =M49-J49 -> 0 | Q49: =O49-L49 -> -1.1641026 | R49: =O49/L49 -> 0.98884247 | S49: =R58 -> 0.98013496 | T49: 0.29166667 | U49: 0.38194444 | W49: =(U49-T49)*24*60 -> 130 | AF49: =N49-K49 -> -17.461538 | AG49: =N49/K49 -> 0.98884247 | AH49: =AG58 -> 0.93743789
B50: 義大利麵 | D50: 焗烤起司雙饗筆尖麵 | F50: =VLOOKUP(D50,廠價表!$C$1:$E$43,3,0) -> 49.97 | G50: 3374 | H50: =F50*G50 -> 168598.78 | J50: =VLOOKUP(D50,產線配置圖!$A$3:$C$38,2,0) -> 16 | K50: =VLOOKUP(D50,產線配置圖!$A$3:$C$38,3,0) -> 1800 | L50: =K50/J50 -> 112.5 | M50: 15 | N50: =G50/W50*60 -> 1645.8537 | O50: =N50/M50 -> 109.72358 | P50: =M50-J50 -> -1 | Q50: =O50-L50 -> -2.7764228 | R50: =O50/L50 -> 0.97532069 | T50: 0.39027778 | U50: 0.47569444 | V50: =(T50-U49)*24*60 -> 12 | W50: =(U50-T50)*24*60 -> 123 | AF50: =N50-K50 -> -154.14634 | AG50: =N50/K50 -> 0.91436314
B51: 義大利麵 | D51: 焗烤起司雙饗筆尖麵 | F51: =VLOOKUP(D51,廠價表!$C$1:$E$43,3,0) -> 49.97 | G51: 1621 | H51: =F51*G51 -> 81001.37 | J51: =VLOOKUP(D51,產線配置圖!$A$3:$C$38,2,0) -> 16 | K51: =VLOOKUP(D51,產線配置圖!$A$3:$C$38,3,0) -> 1800 | L51: =K51/J51 -> 112.5 | M51: 15 | N51: =G51/W51*60 -> 1648.4746 | O51: =N51/M51 -> 109.89831 | P51: =M51-J51 -> -1 | Q51: =O51-L51 -> -2.6016949 | R51: =O51/L51 -> 0.97687382 | T51: 0.53541667 | U51: 0.57638889 | V51: =(T51-U50)*24*60 -> 86 | W51: =(U51-T51)*24*60 -> 59 | AF51: =N51-K51 -> -151.52542 | AG51: =N51/K51 -> 0.91581921
T52: 0.59930556 | U52: 0.64583333 | V52: =(T52-U51)*24*60 -> 33 | W52: =(U52-T52)*24*60 -> 67 | X52: 0.47916667 | Y52: 0.52083333 | AF52: =N52-K52 -> 0 | AG52: =N52/K52 -> #DIV/0!
W53: =(U53-T53)*24*60 -> 0 | AF53: =N53-K53 -> 0 | AG53: =N53/K53 -> #DIV/0!
W54: =(U54-T54)*24*60 -> 0
W55: =(U55-T55)*24*60 -> 0
W56: =(U56-T56)*24*60 -> 0
W57: =(U57-T57)*24*60 -> 0
C58: 4度二組C2 | D58: 平均 | J58: =AVERAGE(J49:J57) -> 15.666667 | K58: =AVERAGE(K49:K57) -> 1721.6667 | L58: =AVERAGE(L49:L57) -> 109.77778 | M58: =AVERAGE(M49:M57) -> 15 | N58: =AVERAGE(N49:N57) -> 1613.9556 | O58: =AVERAGE(O49:O57) -> 107.59704 | P58: =M58-J58 -> -0.66666667 | Q58: =N58-K58 -> -107.7111 | R58: =O58/L58 -> 0.98013496 | Z58: =SUM(Z49:Z57) -> 0 | AA58: =SUM(AA49:AA57) -> 0 | AD58: =SUM(AD49:AD57) -> 0 | AE58: =SUM(AE49:AE57) -> 0 | AF58: =N58-K58 -> -107.7111 | AG58: =N58/K58 -> 0.93743789
A59: 調理包一線 (八爪機) | B59: 小吃、微波 | D59: 小滷青蔬 | F59: =VLOOKUP(D59,廠價表!$C$1:$E$43,3,0) -> 26.99 | G59: 2760 | H59: =F59*G59 -> 74492.4 | J59: =VLOOKUP(D59,產線配置圖!$A$3:$C$38,2,0) -> 13 | K59: =VLOOKUP(D59,產線配置圖!$A$3:$C$38,3,0) -> 1565 | L59: =K59/J59 -> 120.38462 | M59: 12 | N59: =G59/W59*60 -> 1273.8462 | O59: =N59/M59 -> 106.15385 | P59: =M59-J59 -> -1 | Q59: =O59-L59 -> -14.230769 | R59: =O59/L59 -> 0.88178914 | S59: =R69 -> 0.72398578 | T59: 0.29166667 | U59: 0.38194444 | W59: =(U59-T59)*24*60 -> 130 | AF59: =N59-K59 -> -291.15385 | AG59: =N59/K59 -> 0.8139592 | AH59: =AG69 -> 0.80052319
B60: 小吃、微波 | D60: 起司馬鈴薯 | F60: =VLOOKUP(D60,廠價表!$C$1:$E$43,3,0) -> 28.26 | G60: 1640 | H60: =F60*G60 -> 46346.4 | J60: =VLOOKUP(D60,產線配置圖!$A$3:$C$38,2,0) -> 12 | K60: =VLOOKUP(D60,產線配置圖!$A$3:$C$38,3,0) -> 1565 | L60: =K60/J60 -> 130.41667 | M60: 12 | N60: =G60/W60*60 -> 1513.8462 | O60: =N60/M60 -> 126.15385 | P60: =M60-J60 -> 0 | Q60: =O60-L60 -> -4.2628205 | R60: =O60/L60 -> 0.96731384 | T60: 0.39236111 | U60: 0.4375 | V60: =(T60-U59)*24*60 -> 15 | W60: =(U60-T60)*24*60 -> 65 | AF60: =N60-K60 -> -51.153846 | AG60: =N60/K60 -> 0.96731384
B61: 小吃、微波 | D61: 麻辣雞心 | F61: =VLOOKUP(D61,廠價表!$C$1:$E$43,3,0) -> 28.26 | G61: 1387 | H61: =F61*G61 -> 39196.62 | J61: =VLOOKUP(D61,產線配置圖!$A$3:$C$38,2,0) -> 9 | K61: =VLOOKUP(D61,產線配置圖!$A$3:$C$38,3,0) -> 1636 | L61: =K61/J61 -> 181.77778 | M61: 11 | N61: =G61/W61*60 -> 1188.8571 | O61: =N61/M61 -> 108.07792 | P61: =M61-J61 -> 2 | Q61: =O61-L61 -> -73.699856 | R61: =O61/L61 -> 0.5945607 | T61: 0.44791667 | U61: 0.49652778 | V61: =(T61-U60)*24*60 -> 15 | W61: =(U61-T61)*24*60 -> 70 | AB61: 雞毛挑揀增加2人 | AF61: =N61-K61 -> -447.14286 | AG61: =N61/K61 -> 0.7266853
B62: 小吃、微波 | D62: 麻辣雞心 | F62: =VLOOKUP(D62,廠價表!$C$1:$E$43,3,0) -> 28.26 | G62: 957 | H62: =F62*G62 -> 27044.82 | J62: =VLOOKUP(D62,產線配置圖!$A$3:$C$38,2,0) -> 9 | K62: =VLOOKUP(D62,產線配置圖!$A$3:$C$38,3,0) -> 1636 | L62: =K62/J62 -> 181.77778 | M62: 11 | N62: =G62/W62*60 -> 1148.4 | O62: =N62/M62 -> 104.4 | P62: =M62-J62 -> 2 | Q62: =O62-L62 -> -77.377778 | R62: =O62/L62 -> 0.57432763 | T62: 0.54861111 | U62: 0.58333333 | W62: =(U62-T62)*24*60 -> 50 | X62: 0.50347222 | Y62: 0.54513889 | AB62: 雞毛挑揀增加2人 | AF62: =N62-K62 -> -487.6 | AG62: =N62/K62 -> 0.70195599
W63: =(U63-T63)*24*60 -> 0
W64: =(U64-T64)*24*60 -> 0
W65: =(U65-T65)*24*60 -> 0
W66: =(U66-T66)*24*60 -> 0
W67: =(U67-T67)*24*60 -> 0
H68: =F68*G68 -> 0 | W68: =(U68-T68)*24*60 -> 0
C69: 4度三組 | D69: 平均 | J69: =AVERAGE(J59:J68) -> 10.75 | K69: =AVERAGE(K59:K68) -> 1600.5 | L69: =AVERAGE(L59:L68) -> 153.58921 | M69: =AVERAGE(M59:M68) -> 11.5 | N69: =AVERAGE(N59:N68) -> 1281.2374 | O69: =AVERAGE(O59:O68) -> 111.1964 | P69: =M69-J69 -> 0.75 | Q69: =N69-K69 -> -319.26264 | R69: =O69/L69 -> 0.72398578 | Z69: =SUM(Z59:Z68) -> 0 | AA69: =SUM(AA59:AA68) -> 0 | AD69: =SUM(AD59:AD68) -> 0 | AE69: =SUM(AE59:AE68) -> 0 | AF69: =N69-K69 -> -319.26264 | AG69: =N69/K69 -> 0.80052319
A70: 調理包二線 (手工) | S70: =R79 -> 0 | W70: =(U70-T70)*24*60 -> 0 | AF70: =N70-K70 -> 0 | AG70: =N70/K70 -> #DIV/0! | AH70: =AG79 -> #DIV/0!
W71: =(U71-T71)*24*60 -> 0 | AF71: -300.3125 | AG71: 0.80810703
W72: =(U72-T72)*24*60 -> 0 | AF72: -130.33333 | AG72: 0.91671991
W73: =(U73-T73)*24*60 -> 0
W74: =(U74-T74)*24*60 -> 0
H75: =F75*G75 -> 0 | W75: =(U75-T75)*24*60 -> 0
H76: =F76*G76 -> 0 | W76: =(U76-T76)*24*60 -> 0
H77: =F77*G77 -> 0 | W77: =(U77-T77)*24*60 -> 0
H78: =F78*G78 -> 0 | W78: =(U78-T78)*24*60 -> 0
C79: 4度四組 | D79: 平均 | Z79: =SUM(Z70:Z78) -> 0 | AA79: =SUM(AA70:AA78) -> 0 | AD79: =SUM(AD70:AD78) -> 0 | AE79: =SUM(AE70:AE78) -> 0 | AF79: =N79-K79 -> 0 | AG79: =N79/K79 -> #DIV/0!
AJ80: 1.當日出勤人數較多
AJ81: 2.當日出勤人數較少
AJ82: 3.當日出勤熟手較少
AJ83: 4.當日出勤新人較多
AJ84: 5.機台夾盒
AJ85: 6.封膜不順
AJ86: 7.更換膠膜
AJ87: 8.更換碳帶
AJ88: 9.當日熱轉印碳帶異常
AJ89: 10.訂單量過少
AJ90: 11.新品上市，尚未熟悉
AJ91: 12.商品結構，產能較低
AJ92: 13.區域出貨，分段生產

Sheet 0404總
B1: 長家廠組合室生產人時性分析
B3: 日期 | D3: 46116 | F3: 訂單量 | G3: ='0404'!E1 -> 43984 | I3: 營業額 | J3: ='0404'!G1 -> 2083766.3
B4: 項目 | D4: 3 | F4: ➀ | H4: ➁ | J4: ③ | L4: 異常停線 | N4: 短暫停線
B5: 人時性 | D5: 組合室 | F5: 全溫層 | H5: 義大利麵 | J5: 袋裝小吃、義麵 | L5: 合計次數 | M5: 時間 | N5: 合計次數 | O5: 設備次數
D6: 排關平均 | F6: =AVERAGE(D13:I13) -> 129.64059 | H6: =AVERAGE(D13:H13) -> 126.7301 | J6: =AVERAGE(I13) -> 144.19302 | L6: =SUM(D18:J18) -> 0 | M6: =SUM(D19:J19) -> 0 | N6: =SUM(D20:J20) -> 0 | O6: =SUM(D20:J20) -> 0
D7: 實績平均 | F7: =AVERAGE(D14:I14) -> 116.61973 | H7: =AVERAGE(D14:H14) -> 113.63426 | J7: =AVERAGE(I14) -> 131.54708 | L7: =AVERAGE(K14:L14) -> #DIV/0! | M7: =AVERAGE(L14:M14) -> #DIV/0! | N7: =AVERAGE(M14:N14) -> #DIV/0! | O7: =AVERAGE(N14:O14) -> #DIV/0!
D8: 達成率平均 | F8: =F7/F6 -> 0.89956186 | H8: =H7/H6 -> 0.89666351 | J8: =J7/J6 -> 0.91229855 | L8: =AVERAGE(K15:L15) -> #DIV/0! | M8: =AVERAGE(L15:M15) -> #DIV/0! | N8: =AVERAGE(M15:N15) -> #DIV/0! | O8: =AVERAGE(N15:O15) -> #DIV/0!
J9: ※現行日本鮮食廠以達成率80%為基本(即為現行KPI)
B10: 溫層 | D10: 4度C-各編組展開
B11: 編組 | D11: 1 | E11: 2 | F11: 3 | G11: 4 | H11: 5 | I11: 6 | J11: 7
D12: 自動1線 | E12: 自動2線 | F12: 手工3線 | G12: 手工4線 | H12: 手工5線 | I12: 調理包1線 | J12: 調理包2線
B13: 人時性 | C13: 排關 | D13: =VALUE('0404'!L15) -> 157.1044 | E13: =VALUE('0404'!L26) -> 170.39773 | F13: =VALUE('0404'!L37) -> 95.765045 | G13: =VALUE('0404'!L48) -> 100.60556 | H13: =VALUE('0404'!L58) -> 109.77778 | I13: =VALUE('0404'!L69) -> 144.19302 | J13: ='0404'!L79 -> 0
C14: 實績 | D14: =VALUE('0404'!O15) -> 149.68906 | E14: =VALUE('0404'!O26) -> 150.75449 | F14: =VALUE('0404'!O37) -> 72.907864 | G14: =VALUE('0404'!O48) -> 91.124359 | H14: =VALUE('0404'!O58) -> 103.69551 | I14: =VALUE('0404'!O69) -> 131.54708 | J14: ='0404'!O79 -> 0
C15: 達成率 | D15: =D14/D13 -> 0.95279995 | E15: =E14/E13 -> 0.88472124 | F15: =F14/F13 -> 0.76132021 | G15: =G14/G13 -> 0.90575872 | H15: =H14/H13 -> 0.94459471 | I15: =I14/I13 -> 0.91229855 | J15: ='0404'!S70 -> 0
B16: 作業 時間 | C16: 開始 | D16: ='0404'!T5 -> 0.30208333 | E16: ='0404'!T16 -> 0.30208333 | F16: ='0404'!T27 -> 0.29166667 | G16: ='0404'!T38 -> 0.33333333 | H16: ='0404'!T49 -> 0.29166667 | I16: ='0404'!T59 -> 0.29166667 | J16: ='0404'!T70 -> 0
C17: 結束 | D17: 0.47916667 | E17: 0.57708333 | F17: 0.63333333 | G17: 0.5 | H17: 0.58125 | I17: 0.50347222 | J17: 0
B18: 產線異常 (5分鐘以上) | C18: 次數 | D18: ='0404'!Z15 -> 0 | E18: ='0404'!Z26 -> 0 | F18: ='0404'!Z37 -> 0 | G18: ='0404'!Z48 -> 0 | H18: ='0404'!Z58 -> 0 | I18: ='0404'!Z69 -> 0 | J18: ='0404'!AA79 -> 0
C19: 時間/分 | D19: ='0404'!AA15 -> 0 | E19: ='0404'!AA26 -> 0 | F19: ='0404'!AA37 -> 0 | G19: ='0404'!AA48 -> 0 | H19: ='0404'!AA58 -> 0 | I19: ='0404'!AA69 -> 0 | J19: ='0404'!AB79 -> 0
B20: 短暫停線 (5分鐘以下) | C20: 次數 | D20: ='0404'!AD15 -> 0 | E20: ='0404'!AD26 -> 0 | F20: ='0404'!AD37 -> 0 | G20: ='0404'!AD48 -> 0 | H20: ='0404'!AD58 -> 0 | I20: ='0404'!AD69 -> 0 | J20: ='0404'!AD79 -> 0
C21: 設備次數 | D21: ='0404'!AE15 -> 0 | E21: ='0404'!AE26 -> 0 | F21: ='0404'!AE37 -> 0 | G21: ='0404'!AE48 -> 0 | H21: ='0404'!AE58 -> 0 | I21: ='0404'!AE69 -> 0 | J21: ='0404'!AE79 -> 0
B22: 配置人數 | D22: =VALUE('0404'!M15) -> 13.5 | E22: =VALUE('0404'!M26) -> 12.25 | F22: =VALUE('0404'!M37) -> 13.4 | G22: =VALUE('0404'!M48) -> 16.5 | H22: =VALUE('0404'!M58) -> 15 | I22: =VALUE('0404'!M69) -> 11.666667 | J22: ='0404'!M79 -> 0
B23: 主要應用設備 | D23: ET-600 | E23: ET-600 | F23: ET-55 | G23: ET-55 | H23: ET-55 | I23: 八爪機 | J23: 八爪機
B24: 次要應用設備 | H24: 封口機 | J24: 封口機
B25: 備註

Sheet 0404
A1: 長家廠4度C日報分析 | D1: 總生產量 | E1: =SUM(G5:G79) -> 43984 | F1: 營業額 | G1: =SUM(H5:H79) -> 2083766.3 | H1: 出勤人數 | I1: =M15+M26+M48+M58+M69+M79+M37 -> 82.316667 | J1: 產線配置圖 | M1: 生產實績 | P1: 人時性差異分析 | T1: 日報登錄 | Z1: 合計 次數 | AA1: 合計 時間/分 | AB1: 分析說明 | AD1: 合計 次數 | AE1: 合計 設備次數 | AF1: 產能差異分析
A2: 04月04日 星期六 | D2: 人時性 | E2: =AVERAGE(O15,O26,O37,O48,O58,O69,O79) -> 116.61973 | F2: 平均廠價 | G2: =G1/E1 -> 47.375552 | H2: 多次生產數 | I2: =COUNT(I5:I79) -> 0 | Z2: =Z15+Z26+Z37+Z48+Z58+Z69+Z79 -> 0 | AA2: =AA15+AA26+AA37+AA48+AA58+AA69+AA79 -> 0 | AD2: =AD15+AD26+AD37+AD48+AD58+AD69+AD79 -> 0 | AE2: =AE15+AE26+AE37+AE48+AE58+AE69+AE79 -> 0
A3: 線別 | B3: 品類 | D3: 品名 | F3: 廠價 | G3: 生產量 | H3: 營收 | I3: 多次 生產 | J3: 人數 | K3: 產能/時 | L3: 人時性 | M3: 人數 | N3: 產能/時 | O3: 人時性 | P3: 人數 | Q3: 人時性 | R3: 達成率 | S3: 達成率平均 | T3: 生產時間 | V3: 前置、換線時間/分 | W3: 稼動時間/分 | X3: 休息時間 | Z3: 產線異常統計 (5分鐘以上) | AD3: 短暫停線統計 (5分鐘以下) | AF3: 產能/時 | AG3: 達成率 | AH3: 達成率平均
T4: 開始 | U4: 結束 | X4: 開始 | Y4: 結束 | Z4: 次數 | AA4: 時間/分 | AD4: 總次數 | AE4: 設備因素(次數)
A5: 自動一線 (ET-600) | B5: 義大利麵 | D5: 蒜香奶油蝦蝦義大利麵 | F5: =VLOOKUP(D5,廠價表!$C$1:$E$43,3,0) -> 57.21 | G5: 2854 | H5: =F5*G5 -> 163277.34 | J5: =VLOOKUP(D5,產線配置圖!$A$3:$C$38,2,0) -> 14 | K5: =VLOOKUP(D5,產線配置圖!$A$3:$C$38,3,0) -> 2118 | L5: =K5/J5 -> 151.28571 | M5: 14 | N5: =G5/W5*60 -> 1945.9091 | O5: =N5/M5 -> 138.99351 | P5: =M5-J5 -> 0 | Q5: =O5-L5 -> -12.292208 | R5: =O5/L5 -> 0.91874839 | S5: =R15 -> 0.95279995 | T5: 0.30208333 | U5: 0.36319444 | W5: =(U5-T5)*24*60 -> 88 | AF5: =N5-K5 -> -172.09091 | AG5: =N5/K5 -> 0.91874839 | AH5: =AG15 -> 0.95158383
B6: 義大利麵 | D6: 奶油培根義大利麵 | F6: =VLOOKUP(D6,廠價表!$C$1:$E$43,3,0) -> 49.14 | G6: 5421 | H6: =F6*G6 -> 266387.94 | J6: =VLOOKUP(D6,產線配置圖!$A$3:$C$38,2,0) -> 13 | K6: =VLOOKUP(D6,產線配置圖!$A$3:$C$38,3,0) -> 2118 | L6: =K6/J6 -> 162.92308 | M6: 13 | N6: =G6/W6*60 -> 2085 | O6: =N6/M6 -> 160.38462 | P6: =M6-J6 -> 0 | Q6: =O6-L6 -> -2.5384615 | R6: =O6/L6 -> 0.98441926 | T6: 0.37083333 | U6: 0.47916667 | V6: =(T6-U5)*24*60 -> 11 | W6: =(U6-T6)*24*60 -> 156 | AF6: =N6-K6 -> -33 | AG6: =N6/K6 -> 0.98441926
W7: =(U7-T7)*24*60 -> 0 | AF7: =N7-K7 -> 0 | AG7: =N7/K7 -> #DIV/0!
W8: =(U8-T8)*24*60 -> 0 | AF8: =N8-K8 -> 0 | AG8: =N8/K8 -> #DIV/0!
W9: =(U9-T9)*24*60 -> 0 | AF9: =N9-K9 -> 0 | AG9: =N9/K9 -> #DIV/0!
W10: =(U10-T10)*24*60 -> 0 | AF10: =N10-K10 -> 0 | AG10: =N10/K10 -> #DIV/0!
W11: =(U11-T11)*24*60 -> 0 | AF11: =N11-K11 -> 0 | AG11: =N11/K11 -> #DIV/0!
W12: =(U12-T12)*24*60 -> 0
W13: =(U13-T13)*24*60 -> 0
W14: =(U14-T14)*24*60 -> 0
C15: 4度一組 | D15: 平均 | J15: =AVERAGE(J5:J14) -> 13.5 | K15: =AVERAGE(K5:K14) -> 2118 | L15: =AVERAGE(L5:L14) -> 157.1044 | M15: =AVERAGE(M5:M14) -> 13.5 | N15: =AVERAGE(N5:N14) -> 2015.4545 | O15: =AVERAGE(O5:O14) -> 149.68906 | P15: =M15-J15 -> 0 | Q15: =O15-L15 -> -7.4153347 | R15: =O15/L15 -> 0.95279995 | Z15: =SUM(Z5:Z14) -> 0 | AA15: =SUM(AA5:AA14) -> 0 | AD15: =SUM(AD5:AD14) -> 0 | AE15: =SUM(AE5:AE14) -> 0 | AF15: =N15-K15 -> -102.54545 | AG15: =N15/K15 -> 0.95158383
A16: 自動二線 (ET-600) | B16: 義大利麵 | D16: 辣味香菜雞肉義大利麵 | F16: =VLOOKUP(D16,廠價表!$C$1:$E$43,3,0) -> 56.28 | G16: 805 | H16: =F16*G16 -> 45305.4 | J16: =VLOOKUP(D16,產線配置圖!$A$3:$C$38,2,0) -> 15 | K16: =VLOOKUP(D16,產線配置圖!$A$3:$C$38,3,0) -> 1800 | L16: =K16/J16 -> 120 | M16: 15 | N16: =G16/W16*60 -> 1420.5882 | O16: =N16/M16 -> 94.705882 | P16: =M16-J16 -> 0 | Q16: =O16-L16 -> -25.294118 | R16: =O16/L16 -> 0.78921569 | S16: =R26 -> 0.88472124 | T16: 0.30208333 | U16: 0.32569444 | W16: =(U16-T16)*24*60 -> 34 | AB16: 生產數量少 | AF16: =N16-K16 -> -379.41176 | AG16: =N16/K16 -> 0.78921569 | AH16: =AG26 -> 0.87963277
B17: 義大利麵 | D17: 青醬蛤蜊義大利麵 | F17: =VLOOKUP(D17,廠價表!$C$1:$E$43,3,0) -> 50.67 | G17: 3499 | H17: =F17*G17 -> 177294.33 | J17: =VLOOKUP(D17,產線配置圖!$A$3:$C$38,2,0) -> 12 | K17: =VLOOKUP(D17,產線配置圖!$A$3:$C$38,3,0) -> 2118 | L17: =K17/J17 -> 176.5 | M17: 12 | N17: =G17/W17*60 -> 1926.055 | O17: =N17/M17 -> 160.50459 | P17: =M17-J17 -> 0 | Q17: =O17-L17 -> -15.995413 | R17: =O17/L17 -> 0.90937443 | T17: 0.33333333 | U17: 0.40902778 | W17: =(U17-T17)*24*60 -> 109 | AF17: =N17-K17 -> -191.94495 | AG17: =N17/K17 -> 0.90937443
B18: 義大利麵 | D18: 義式蕃茄起司義大利麵 | F18: =VLOOKUP(D18,廠價表!$C$1:$E$43,3,0) -> 50.39 | G18: 2790 | H18: =F18*G18 -> 140588.1 | J18: =VLOOKUP(D18,產線配置圖!$A$3:$C$38,2,0) -> 11 | K18: =VLOOKUP(D18,產線配置圖!$A$3:$C$38,3,0) -> 2118 | L18: =K18/J18 -> 192.54545 | M18: 11 | N18: =G18/W18*60 -> 1860 | O18: =N18/M18 -> 169.09091 | P18: =M18-J18 -> 0 | Q18: =O18-L18 -> -23.454545 | R18: =O18/L18 -> 0.87818697 | T18: 0.41666667 | U18: 0.47916667 | V18: =(T18-U17)*24*60 -> 11 | W18: =(U18-T18)*24*60 -> 90 | X18: 0.48611111 | Y18: 0.52777778 | AF18: =N18-K18 -> -258 | AG18: =N18/K18 -> 0.87818697
B19: 義大利麵 | D19: 義式蕃茄起司義大利麵 | F19: =VLOOKUP(D19,廠價表!$C$1:$E$43,3,0) -> 50.39 | G19: 1671 | H19: =F19*G19 -> 84201.69 | J19: =VLOOKUP(D19,產線配置圖!$A$3:$C$38,2,0) -> 11 | K19: =VLOOKUP(D19,產線配置圖!$A$3:$C$38,3,0) -> 2118 | L19: =K19/J19 -> 192.54545 | M19: 11 | N19: =G19/W19*60 -> 1965.8824 | O19: =N19/M19 -> 178.71658 | P19: =M19-J19 -> 0 | Q19: =O19-L19 -> -13.828877 | R19: =O19/L19 -> 0.92817864 | T19: 0.54166667 | U19: 0.57708333 | V19: =(T19-U18)*24*60 -> 90 | W19: =(U19-T19)*24*60 -> 51 | AF19: =N19-K19 -> -152.11765 | AG19: =N19/K19 -> 0.92817864
W20: =(U20-T20)*24*60 -> 0
W21: =(U21-T21)*24*60 -> 0
W22: 0
W23: =(U23-T23)*24*60 -> 0
H24: =F24*G24 -> 0 | W24: =(U24-T24)*24*60 -> 0
H25: =F25*G25 -> 0 | W25: =(U25-T25)*24*60 -> 0
C26: 4度二組A | D26: 平均 | J26: =AVERAGE(J16:J25) -> 12.25 | K26: =AVERAGE(K16:K25) -> 2038.5 | L26: =AVERAGE(L16:L25) -> 170.39773 | M26: =AVERAGE(M16:M25) -> 12.25 | N26: =AVERAGE(N16:N25) -> 1793.1314 | O26: =AVERAGE(O16:O25) -> 150.75449 | P26: =M26-J26 -> 0 | Q26: =O26-L26 -> -19.643238 | R26: =O26/L26 -> 0.88472124 | Z26: =SUM(Z16:Z25) -> 0 | AA26: =SUM(AA16:AA25) -> 0 | AD26: =SUM(AD16:AD25) -> 0 | AE26: =SUM(AE16:AE25) -> 0 | AF26: =N26-K26 -> -245.36859 | AG26: =N26/K26 -> 0.87963277
A27: 手工三線 (ET-55) | B27: 熱乾麵 | D27: 沙茶豬肉炒麵 | F27: =VLOOKUP(D27,廠價表!$C$1:$E$43,3,0) -> 49.52 | G27: 1554 | H27: =F27*G27 -> 76954.08 | J27: =VLOOKUP(D27,產線配置圖!$A$3:$C$38,2,0) -> 17 | K27: =VLOOKUP(D27,產線配置圖!$A$3:$C$38,3,0) -> 1440 | L27: =K27/J27 -> 84.705882 | M27: 14 | N27: =G27/W27*60 -> 1137.0732 | O27: =N27/M27 -> 81.219512 | P27: =M27-J27 -> -3 | Q27: =O27-L27 -> -3.4863702 | R27: =O27/L27 -> 0.95884146 | S27: =R37 -> 0.76132021 | T27: 0.29166667 | U27: 0.34861111 | W27: =(U27-T27)*24*60 -> 82 | AF27: =N27-K27 -> -302.92683 | AG27: =N27/K27 -> 0.78963415 | AH27: =AG37 -> 0.6826206
B28: 義大利麵 | D28: 焗烤起司肉醬筆尖麵 | F28: =VLOOKUP(D28,廠價表!$C$1:$E$43,3,0) -> 50.67 | G28: 1286 | H28: =F28*G28 -> 65161.62 | J28: =VLOOKUP(D28,產線配置圖!$A$3:$C$38,2,0) -> 13 | K28: =VLOOKUP(D28,產線配置圖!$A$3:$C$38,3,0) -> 1440 | L28: =K28/J28 -> 110.76923 | M28: 13 | N28: =G28/W28*60 -> 857.33333 | O28: =N28/M28 -> 65.948718 | P28: =M28-J28 -> 0 | Q28: =O28-L28 -> -44.820513 | R28: =O28/L28 -> 0.59537037 | T28: 0.35416667 | U28: 0.41666667 | V28: =(T28-U27)*24*60 -> 8 | W28: =(U28-T28)*24*60 -> 90 | AB28: L型封膜異常 | AF28: =N28-K28 -> -582.66667 | AG28: =N28/K28 -> 0.59537037
B29: 義大利麵 | D29: 濃拿坡里義大利麵 | F29: =VLOOKUP(D29,廠價表!$C$1:$E$43,3,0) -> 56.43 | G29: 1350 | H29: =F29*G29 -> 76180.5 | J29: =VLOOKUP(D29,產線配置圖!$A$3:$C$38,2,0) -> 16 | K29: =VLOOKUP(D29,產線配置圖!$A$3:$C$38,3,0) -> 1406 | L29: =K29/J29 -> 87.875 | M29: 13 | N29: =G29/W29*60 -> 890.10989 | O29: =N29/M29 -> 68.469992 | P29: =M29-J29 -> -3 | Q29: =O29-L29 -> -19.405008 | R29: =O29/L29 -> 0.77917487 | T29: 0.42013889 | U29: 0.48333333 | V29: =(T29-U28)*24*60 -> 5 | W29: =(U29-T29)*24*60 -> 91 | AB29: L型封膜異常 | AF29: =N29-K29 -> -515.89011 | AG29: =N29/K29 -> 0.63307958
B30: 義大利麵 | D30: 焗烤起司肉醬筆尖麵 | F30: =VLOOKUP(D30,廠價表!$C$1:$E$43,3,0) -> 50.67 | G30: 940 | H30: =F30*G30 -> 47629.8 | J30: =VLOOKUP(D30,產線配置圖!$A$3:$C$38,2,0) -> 13 | K30: =VLOOKUP(D30,產線配置圖!$A$3:$C$38,3,0) -> 1440 | L30: =K30/J30 -> 110.76923 | M30: 13 | N30: =G30/W30*60 -> 1007.1429 | O30: =N30/M30 -> 77.472527 | P30: =M30-J30 -> 0 | Q30: =O30-L30 -> -33.296703 | R30: =O30/L30 -> 0.69940476 | T30: 0.54513889 | U30: 0.58402778 | V30: =(T30-U29)*24*60 -> 89 | W30: =(U30-T30)*24*60 -> 56 | X30: 0.49652778 | Y30: 0.53819444 | AB30: L型封膜異常 | AF30: =N30-K30 -> -432.85714 | AG30: =N30/K30 -> 0.69940476
B31: 熱乾麵 | D31: 沙茶豬肉炒麵 | F31: =VLOOKUP(D31,廠價表!$C$1:$E$43,3,0) -> 49.52 | G31: 900 | H31: =F31*G31 -> 44568 | J31: =VLOOKUP(D31,產線配置圖!$A$3:$C$38,2,0) -> 17 | K31: =VLOOKUP(D31,產線配置圖!$A$3:$C$38,3,0) -> 1440 | L31: =K31/J31 -> 84.705882 | M31: 14 | N31: =G31/W31*60 -> 1000 | O31: =N31/M31 -> 71.428571 | P31: =M31-J31 -> -3 | Q31: =O31-L31 -> -13.277311 | R31: =O31/L31 -> 0.84325397 | T31: 0.59583333 | U31: 0.63333333 | V31: =(T31-U30)*24*60 -> 17 | W31: =(U31-T31)*24*60 -> 54 | AF31: =N31-K31 -> -440 | AG31: =N31/K31 -> 0.69444444
W32: =(U32-T32)*24*60 -> 0
W33: =(U33-T33)*24*60 -> 0
W34: =(U34-T34)*24*60 -> 0
W35: =(U35-T35)*24*60 -> 0
H36: =F36*G36 -> 0 | W36: =(U36-T36)*24*60 -> 0
C37: 4度二組B | D37: 平均 | J37: =AVERAGE(J27:J36) -> 15.2 | K37: =AVERAGE(K27:K36) -> 1433.2 | L37: =AVERAGE(L27:L36) -> 95.765045 | M37: =AVERAGE(M27:M36) -> 13.4 | N37: =AVERAGE(N27:N36) -> 978.33185 | O37: =AVERAGE(O27:O36) -> 72.907864 | P37: =M37-J37 -> -1.8 | Q37: =N37-K37 -> -454.86815 | R37: =O37/L37 -> 0.76132021 | Z37: =SUM(Z27:Z36) -> 0 | AA37: =SUM(AA27:AA36) -> 0 | AD37: =SUM(AD27:AD36) -> 0 | AE37: =SUM(AE27:AE36) -> 0 | AF37: =N37-K37 -> -454.86815 | AG37: =N37/K37 -> 0.6826206
A38: 手工四線 (ET-55) | B38: 熱乾麵 | D38: 青花椒麻雞肉拌麵 | F38: =VLOOKUP(D38,廠價表!$C$1:$E$43,3,0) -> 49.91 | G38: 2622 | H38: =F38*G38 -> 130864.02 | J38: =VLOOKUP(D38,產線配置圖!$A$3:$C$38,2,0) -> 15 | K38: =VLOOKUP(D38,產線配置圖!$A$3:$C$38,3,0) -> 1714 | L38: =K38/J38 -> 114.26667 | M38: 15 | N38: =G38/W38*60 -> 1484.1509 | O38: =N38/M38 -> 98.943396 | P38: =M38-J38 -> 0 | Q38: =O38-L38 -> -15.32327 | R38: =O38/L38 -> 0.86589903 | S38: =R48 -> 0.90575872 | T38: 0.33333333 | U38: 0.40694444 | W38: =(U38-T38)*24*60 -> 106 | AF38: =N38-K38 -> -229.84906 | AG38: =N38/K38 -> 0.86589903 | AH38: =AG48 -> 0.90992581
B39: 熱乾麵 | D39: 府城鹽水意麵 | F39: =VLOOKUP(D39,廠價表!$C$1:$E$43,3,0) -> 44.3 | G39: 2974 | H39: =F39*G39 -> 131748.2 | J39: =VLOOKUP(D39,產線配置圖!$A$3:$C$38,2,0) -> 18 | K39: =VLOOKUP(D39,產線配置圖!$A$3:$C$38,3,0) -> 1565 | L39: =K39/J39 -> 86.944444 | M39: 18 | N39: =G39/W39*60 -> 1499.4958 | O39: =N39/M39 -> 83.305322 | P39: =M39-J39 -> 0 | Q39: =O39-L39 -> -3.6391223 | R39: =O39/L39 -> 0.95814428 | T39: 0.41736111 | U39: 0.5 | V39: =(T39-U38)*24*60 -> 15 | W39: =(U39-T39)*24*60 -> 119 | AF39: =N39-K39 -> -65.504202 | AG39: =N39/K39 -> 0.95814428
W40: =(U40-T40)*24*60 -> 0 | AF40: =N40-K40 -> 0 | AG40: =N40/K40 -> #DIV/0!
W41: =(U41-T41)*24*60 -> 0 | AF41: =N41-K41 -> 0 | AG41: =N41/K41 -> #DIV/0!
W42: =(U42-T42)*24*60 -> 0
W43: =(U43-T43)*24*60 -> 0
W44: =(U44-T44)*24*60 -> 0
W45: =(U45-T45)*24*60 -> 0
W46: =(U46-T46)*24*60 -> 0
H47: =F47*G47 -> 0 | W47: =(U47-T47)*24*60 -> 0
C48: 4度二組C1 | D48: 平均 | J48: =AVERAGE(J38:J47) -> 16.5 | K48: =AVERAGE(K38:K47) -> 1639.5 | L48: =AVERAGE(L38:L47) -> 100.60556 | M48: =AVERAGE(M38:M47) -> 16.5 | N48: =AVERAGE(N38:N47) -> 1491.8234 | O48: =AVERAGE(O38:O47) -> 91.124359 | P48: =M48-J48 -> 0 | Q48: =N48-K48 -> -147.67663 | R48: =O48/L48 -> 0.90575872 | W48: =(U48-T48)*24*60 -> 0 | Z48: =SUM(Z38:Z47) -> 0 | AA48: =SUM(AA38:AA47) -> 0 | AD48: =SUM(AD38:AD47) -> 0 | AE48: =SUM(AE38:AE47) -> 0 | AF48: =N48-K48 -> -147.67663 | AG48: =N48/K48 -> 0.90992581
A49: 手工五線 (ET-55) | B49: 義大利麵 | D49: 白酒蛤蜊義大利麵 | F49: =VLOOKUP(D49,廠價表!$C$1:$E$43,3,0) -> 57.21 | G49: 3269 | H49: =F49*G49 -> 187019.49 | J49: =VLOOKUP(D49,產線配置圖!$A$3:$C$38,2,0) -> 15 | K49: =VLOOKUP(D49,產線配置圖!$A$3:$C$38,3,0) -> 1565 | L49: =K49/J49 -> 104.33333 | M49: 15 | N49: =G49/W49*60 -> 1520.4651 | O49: =N49/M49 -> 101.36434 | P49: =M49-J49 -> 0 | Q49: =O49-L49 -> -2.9689922 | R49: =O49/L49 -> 0.97154321 | S49: =R58 -> 0.94459471 | T49: 0.29166667 | U49: 0.38125 | W49: =(U49-T49)*24*60 -> 129 | AF49: =N49-K49 -> -44.534884 | AG49: =N49/K49 -> 0.97154321 | AH49: =AG58 -> 0.90344586
B50: 義大利麵 | D50: 焗烤起司雙饗筆尖麵 | F50: =VLOOKUP(D50,廠價表!$C$1:$E$43,3,0) -> 49.97 | G50: 3372 | H50: =F50*G50 -> 168498.84 | J50: =VLOOKUP(D50,產線配置圖!$A$3:$C$38,2,0) -> 16 | K50: =VLOOKUP(D50,產線配置圖!$A$3:$C$38,3,0) -> 1800 | L50: =K50/J50 -> 112.5 | M50: 15 | N50: =G50/W50*60 -> 1618.56 | O50: =N50/M50 -> 107.904 | P50: =M50-J50 -> -1 | Q50: =O50-L50 -> -4.596 | R50: =O50/L50 -> 0.95914667 | T50: 0.39027778 | U50: 0.47708333 | V50: =(T50-U49)*24*60 -> 13 | W50: =(U50-T50)*24*60 -> 125 | AF50: =N50-K50 -> -181.44 | AG50: =N50/K50 -> 0.8992
B51: 義大利麵 | D51: 焗烤起司雙饗筆尖麵 | F51: =VLOOKUP(D51,廠價表!$C$1:$E$43,3,0) -> 49.97 | G51: 1680 | H51: =F51*G51 -> 83949.6 | J51: =VLOOKUP(D51,產線配置圖!$A$3:$C$38,2,0) -> 16 | K51: =VLOOKUP(D51,產線配置圖!$A$3:$C$38,3,0) -> 1800 | L51: =K51/J51 -> 112.5 | M51: 15 | N51: =G51/W51*60 -> 1527.2727 | O51: =N51/M51 -> 101.81818 | P51: =M51-J51 -> -1 | Q51: =O51-L51 -> -10.681818 | R51: =O51/L51 -> 0.90505051 | T51: 0.53541667 | U51: 0.58125 | V51: =(T51-U50)*24*60 -> 84 | W51: =(U51-T51)*24*60 -> 66 | AF51: =N51-K51 -> -272.72727 | AG51: =N51/K51 -> 0.84848485
W52: =(U52-T52)*24*60 -> 0 | X52: 0.47916667 | Y52: 0.52083333 | AF52: =N52-K52 -> 0 | AG52: =N52/K52 -> #DIV/0!
W53: =(U53-T53)*24*60 -> 0 | AF53: =N53-K53 -> 0 | AG53: =N53/K53 -> #DIV/0!
W54: =(U54-T54)*24*60 -> 0
W55: =(U55-T55)*24*60 -> 0
W56: =(U56-T56)*24*60 -> 0
W57: =(U57-T57)*24*60 -> 0
C58: 4度二組C2 | D58: 平均 | J58: =AVERAGE(J49:J57) -> 15.666667 | K58: =AVERAGE(K49:K57) -> 1721.6667 | L58: =AVERAGE(L49:L57) -> 109.77778 | M58: =AVERAGE(M49:M57) -> 15 | N58: =AVERAGE(N49:N57) -> 1555.4326 | O58: =AVERAGE(O49:O57) -> 103.69551 | P58: =M58-J58 -> -0.66666667 | Q58: =N58-K58 -> -166.23405 | R58: =O58/L58 -> 0.94459471 | Z58: =SUM(Z49:Z57) -> 0 | AA58: =SUM(AA49:AA57) -> 0 | AD58: =SUM(AD49:AD57) -> 0 | AE58: =SUM(AE49:AE57) -> 0 | AF58: =N58-K58 -> -166.23405 | AG58: =N58/K58 -> 0.90344586
A59: 調理包一線 (八爪機) | B59: 小吃、微波 | D59: 小滷青蔬 | F59: =VLOOKUP(D59,廠價表!$C$1:$E$43,3,0) -> 26.99 | G59: 2833 | H59: =F59*G59 -> 76462.67 | J59: =VLOOKUP(D59,產線配置圖!$A$3:$C$38,2,0) -> 13 | K59: =VLOOKUP(D59,產線配置圖!$A$3:$C$38,3,0) -> 1565 | L59: =K59/J59 -> 120.38462 | M59: 13 | N59: =G59/W59*60 -> 1545.2727 | O59: =N59/M59 -> 118.86713 | P59: =M59-J59 -> 0 | Q59: =O59-L59 -> -1.5174825 | R59: =O59/L59 -> 0.98739471 | S59: =R69 -> 0.91229855 | T59: 0.29166667 | U59: 0.36805556 | W59: =(U59-T59)*24*60 -> 110 | AF59: =N59-K59 -> -19.727273 | AG59: =N59/K59 -> 0.98739471 | AH59: =AG69 -> 0.95747615
B60: 小吃、微波 | D60: 起司馬鈴薯 | F60: =VLOOKUP(D60,廠價表!$C$1:$E$43,3,0) -> 28.26 | G60: 1640 | H60: =F60*G60 -> 46346.4 | J60: =VLOOKUP(D60,產線配置圖!$A$3:$C$38,2,0) -> 12 | K60: =VLOOKUP(D60,產線配置圖!$A$3:$C$38,3,0) -> 1565 | L60: =K60/J60 -> 130.41667 | M60: 12 | N60: =G60/W60*60 -> 1561.9048 | O60: =N60/M60 -> 130.15873 | P60: =M60-J60 -> 0 | Q60: =O60-L60 -> -0.25793651 | R60: =O60/L60 -> 0.99802221 | T60: 0.37777778 | U60: 0.42152778 | V60: =(T60-U59)*24*60 -> 14 | W60: =(U60-T60)*24*60 -> 63 | AF60: =N60-K60 -> -3.0952381 | AG60: =N60/K60 -> 0.99802221
B61: 小吃、微波 | D61: 麻辣雞心 | F61: =VLOOKUP(D61,廠價表!$C$1:$E$43,3,0) -> 28.26 | G61: 2524 | H61: =F61*G61 -> 71328.24 | J61: =VLOOKUP(D61,產線配置圖!$A$3:$C$38,2,0) -> 9 | K61: =VLOOKUP(D61,產線配置圖!$A$3:$C$38,3,0) -> 1636 | L61: =K61/J61 -> 181.77778 | M61: 10 | N61: =G61/W61*60 -> 1456.1538 | O61: =N61/M61 -> 145.61538 | P61: =M61-J61 -> 1 | Q61: =O61-L61 -> -36.162393 | R61: =O61/L61 -> 0.80106263 | T61: 0.43125 | U61: 0.50347222 | V61: =(T61-U60)*24*60 -> 14 | W61: =(U61-T61)*24*60 -> 104 | AB61: 雞毛挑揀增加1人 | AF61: =N61-K61 -> -179.84615 | AG61: =N61/K61 -> 0.89006959
W62: =(U62-T62)*24*60 -> 0 | X62: 0.50347222 | Y62: 0.54513889 | AF62: =N62-K62 -> 0 | AG62: =N62/K62 -> #DIV/0!
W63: =(U63-T63)*24*60 -> 0
W64: =(U64-T64)*24*60 -> 0
W65: =(U65-T65)*24*60 -> 0
W66: =(U66-T66)*24*60 -> 0
W67: =(U67-T67)*24*60 -> 0
H68: =F68*G68 -> 0 | W68: =(U68-T68)*24*60 -> 0
C69: 4度三組 | D69: 平均 | J69: =AVERAGE(J59:J68) -> 11.333333 | K69: =AVERAGE(K59:K68) -> 1588.6667 | L69: =AVERAGE(L59:L68) -> 144.19302 | M69: =AVERAGE(M59:M68) -> 11.666667 | N69: =AVERAGE(N59:N68) -> 1521.1104 | O69: =AVERAGE(O59:O68) -> 131.54708 | P69: =M69-J69 -> 0.33333333 | Q69: =N69-K69 -> -67.556222 | R69: =O69/L69 -> 0.91229855 | Z69: =SUM(Z59:Z68) -> 0 | AA69: =SUM(AA59:AA68) -> 0 | AD69: =SUM(AD59:AD68) -> 0 | AE69: =SUM(AE59:AE68) -> 0 | AF69: =N69-K69 -> -67.556222 | AG69: =N69/K69 -> 0.95747615
A70: 調理包二線 (手工) | S70: =R79 -> 0 | W70: =(U70-T70)*24*60 -> 0 | AF70: =N70-K70 -> 0 | AG70: =N70/K70 -> #DIV/0! | AH70: =AG79 -> #DIV/0!
W71: =(U71-T71)*24*60 -> 0 | AF71: -300.3125 | AG71: 0.80810703
W72: =(U72-T72)*24*60 -> 0 | AF72: -130.33333 | AG72: 0.91671991
W73: =(U73-T73)*24*60 -> 0
W74: =(U74-T74)*24*60 -> 0
H75: =F75*G75 -> 0 | W75: =(U75-T75)*24*60 -> 0
H76: =F76*G76 -> 0 | W76: =(U76-T76)*24*60 -> 0
H77: =F77*G77 -> 0 | W77: =(U77-T77)*24*60 -> 0
H78: =F78*G78 -> 0 | W78: =(U78-T78)*24*60 -> 0
C79: 4度四組 | D79: 平均 | Z79: =SUM(Z70:Z78) -> 0 | AA79: =SUM(AA70:AA78) -> 0 | AD79: =SUM(AD70:AD78) -> 0 | AE79: =SUM(AE70:AE78) -> 0 | AF79: =N79-K79 -> 0 | AG79: =N79/K79 -> #DIV/0!
AJ80: 1.當日出勤人數較多
AJ81: 2.當日出勤人數較少
AJ82: 3.當日出勤熟手較少
AJ83: 4.當日出勤新人較多
AJ84: 5.機台夾盒
AJ85: 6.封膜不順
AJ86: 7.更換膠膜
AJ87: 8.更換碳帶
AJ88: 9.當日熱轉印碳帶異常
AJ89: 10.訂單量過少
AJ90: 11.新品上市，尚未熟悉
AJ91: 12.商品結構，產能較低
AJ92: 13.區域出貨，分段生產

Sheet 0405總
B1: 長家廠組合室生產人時性分析
B3: 日期 | D3: 46117 | F3: 訂單量 | G3: ='0405'!E1 -> 47822 | I3: 營業額 | J3: ='0405'!G1 -> 2252429.3
B4: 項目 | D4: 3 | F4: ➀ | H4: ➁ | J4: ③ | L4: 異常停線 | N4: 短暫停線
B5: 人時性 | D5: 組合室 | F5: 全溫層 | H5: 義大利麵 | J5: 袋裝小吃、義麵 | L5: 合計次數 | M5: 時間 | N5: 合計次數 | O5: 設備次數
D6: 排關平均 | F6: =AVERAGE(D13:I13) -> 130.77093 | H6: =AVERAGE(D13:H13) -> 126.20727 | J6: =AVERAGE(I13) -> 153.58921 | L6: =SUM(D18:J18) -> 5 | M6: =SUM(D19:J19) -> 68 | N6: =SUM(D20:J20) -> 0 | O6: =SUM(D20:J20) -> 0
D7: 實績平均 | F7: =AVERAGE(D14:I14) -> 112.14449 | H7: =AVERAGE(D14:H14) -> 112.03568 | J7: =AVERAGE(I14) -> 112.68856 | L7: =AVERAGE(K14:L14) -> #DIV/0! | M7: =AVERAGE(L14:M14) -> #DIV/0! | N7: =AVERAGE(M14:N14) -> #DIV/0! | O7: =AVERAGE(N14:O14) -> #DIV/0!
D8: 達成率平均 | F8: =F7/F6 -> 0.85756438 | H8: =H7/H6 -> 0.88771173 | J8: =J7/J6 -> 0.73370103 | L8: =AVERAGE(K15:L15) -> #DIV/0! | M8: =AVERAGE(L15:M15) -> #DIV/0! | N8: =AVERAGE(M15:N15) -> #DIV/0! | O8: =AVERAGE(N15:O15) -> #DIV/0!
J9: ※現行日本鮮食廠以達成率80%為基本(即為現行KPI)
B10: 溫層 | D10: 4度C-各編組展開
B11: 編組 | D11: 1 | E11: 2 | F11: 3 | G11: 4 | H11: 5 | I11: 6 | J11: 7
D12: 自動1線 | E12: 自動2線 | F12: 手工3線 | G12: 手工4線 | H12: 手工5線 | I12: 調理包1線 | J12: 調理包2線
B13: 人時性 | C13: 排關 | D13: =VALUE('0405'!L15) -> 159.04396 | E13: =VALUE('0405'!L26) -> 170.39773 | F13: =VALUE('0405'!L37) -> 95.765045 | G13: =VALUE('0405'!L48) -> 96.051852 | H13: =VALUE('0405'!L58) -> 109.77778 | I13: =VALUE('0405'!L69) -> 153.58921 | J13: ='0405'!L79 -> 0
C14: 實績 | D14: =VALUE('0405'!O15) -> 137.01626 | E14: =VALUE('0405'!O26) -> 159.19098 | F14: =VALUE('0405'!O37) -> 71.665112 | G14: =VALUE('0405'!O48) -> 86.631338 | H14: =VALUE('0405'!O58) -> 105.67469 | I14: =VALUE('0405'!O69) -> 112.68856 | J14: ='0405'!O79 -> 0
C15: 達成率 | D15: =D14/D13 -> 0.86149933 | E15: =E14/E13 -> 0.93423181 | F15: =F14/F13 -> 0.74834311 | G15: =G14/G13 -> 0.90192262 | H15: =H14/H13 -> 0.96262368 | I15: =I14/I13 -> 0.73370103 | J15: ='0405'!S70 -> 0
B16: 作業 時間 | C16: 開始 | D16: ='0405'!T5 -> 0.29166667 | E16: ='0405'!T16 -> 0.29097222 | F16: ='0405'!T27 -> 0.29166667 | G16: ='0405'!T38 -> 0.33333333 | H16: ='0405'!T49 -> 0.28819444 | I16: ='0405'!T59 -> 0.29166667 | J16: ='0405'!T70 -> 0
C17: 結束 | D17: 0.58680556 | E17: 0.55902778 | F17: 0.62847222 | G17: 0.62847222 | H17: 0.5875 | I17: 0.60416667 | J17: 0
B18: 產線異常 (5分鐘以上) | C18: 次數 | D18: ='0405'!Z15 -> 2 | E18: ='0405'!Z26 -> 0 | F18: ='0405'!Z37 -> 3 | G18: ='0405'!Z48 -> 0 | H18: ='0405'!Z58 -> 0 | I18: ='0405'!Z69 -> 0 | J18: ='0405'!AA79 -> 0
C19: 時間/分 | D19: ='0405'!AA15 -> 55 | E19: ='0405'!AA26 -> 0 | F19: ='0405'!AA37 -> 13 | G19: ='0405'!AA48 -> 0 | H19: ='0405'!AA58 -> 0 | I19: ='0405'!AA69 -> 0 | J19: ='0405'!AB79 -> 0
B20: 短暫停線 (5分鐘以下) | C20: 次數 | D20: ='0405'!AD15 -> 0 | E20: ='0405'!AD26 -> 0 | F20: ='0405'!AD37 -> 0 | G20: ='0405'!AD48 -> 0 | H20: ='0405'!AD58 -> 0 | I20: ='0405'!AD69 -> 0 | J20: ='0405'!AD79 -> 0
C21: 設備次數 | D21: ='0405'!AE15 -> 0 | E21: ='0405'!AE26 -> 0 | F21: ='0405'!AE37 -> 0 | G21: ='0405'!AE48 -> 0 | H21: ='0405'!AE58 -> 0 | I21: ='0405'!AE69 -> 0 | J21: ='0405'!AE79 -> 0
B22: 配置人數 | D22: =VALUE('0405'!M15) -> 13.333333 | E22: =VALUE('0405'!M26) -> 12.25 | F22: =VALUE('0405'!M37) -> 13.8 | G22: =VALUE('0405'!M48) -> 16.333333 | H22: =VALUE('0405'!M58) -> 15 | I22: =VALUE('0405'!M69) -> 11.75 | J22: ='0405'!M79 -> 0
B23: 主要應用設備 | D23: ET-600 | E23: ET-600 | F23: ET-55 | G23: ET-55 | H23: ET-55 | I23: 八爪機 | J23: 八爪機
B24: 次要應用設備 | H24: 封口機 | J24: 封口機
B25: 備註

Sheet 0405
A1: 長家廠4度C日報分析 | D1: 總生產量 | E1: =SUM(G5:G79) -> 47822 | F1: 營業額 | G1: =SUM(H5:H79) -> 2252429.3 | H1: 出勤人數 | I1: =M15+M26+M48+M58+M69+M79+M37 -> 82.466667 | J1: 產線配置圖 | M1: 生產實績 | P1: 人時性差異分析 | T1: 日報登錄 | Z1: 合計 次數 | AA1: 合計 時間/分 | AB1: 分析說明 | AD1: 合計 次數 | AE1: 合計 設備次數 | AF1: 產能差異分析
A2: 04月05日 星期六 | D2: 人時性 | E2: =AVERAGE(O15,O26,O37,O48,O58,O69,O79) -> 112.14449 | F2: 平均廠價 | G2: =G1/E1 -> 47.100275 | H2: 多次生產數 | I2: =COUNT(I5:I79) -> 0 | Z2: =Z15+Z26+Z37+Z48+Z58+Z69+Z79 -> 5 | AA2: =AA15+AA26+AA37+AA48+AA58+AA69+AA79 -> 68 | AD2: =AD15+AD26+AD37+AD48+AD58+AD69+AD79 -> 0 | AE2: =AE15+AE26+AE37+AE48+AE58+AE69+AE79 -> 0
A3: 線別 | B3: 品類 | D3: 品名 | F3: 廠價 | G3: 生產量 | H3: 營收 | I3: 多次 生產 | J3: 人數 | K3: 產能/時 | L3: 人時性 | M3: 人數 | N3: 產能/時 | O3: 人時性 | P3: 人數 | Q3: 人時性 | R3: 達成率 | S3: 達成率平均 | T3: 生產時間 | V3: 前置、換線時間/分 | W3: 稼動時間/分 | X3: 休息時間 | Z3: 產線異常統計 (5分鐘以上) | AD3: 短暫停線統計 (5分鐘以下) | AF3: 產能/時 | AG3: 達成率 | AH3: 達成率平均
T4: 開始 | U4: 結束 | X4: 開始 | Y4: 結束 | Z4: 次數 | AA4: 時間/分 | AD4: 總次數 | AE4: 設備因素(次數)
A5: 自動一線 (ET-600) | B5: 義大利麵 | D5: 蒜香奶油蝦蝦義大利麵 | F5: =VLOOKUP(D5,廠價表!$C$1:$E$43,3,0) -> 57.21 | G5: 3011 | H5: =F5*G5 -> 172259.31 | J5: =VLOOKUP(D5,產線配置圖!$A$3:$C$38,2,0) -> 14 | K5: =VLOOKUP(D5,產線配置圖!$A$3:$C$38,3,0) -> 2118 | L5: =K5/J5 -> 151.28571 | M5: 14 | N5: =G5/W5*60 -> 1433.8095 | O5: =N5/M5 -> 102.41497 | P5: =M5-J5 -> 0 | Q5: =O5-L5 -> -48.870748 | R5: =O5/L5 -> 0.67696389 | S5: =R15 -> 0.86149933 | T5: 0.29166667 | U5: 0.37916667 | W5: =(U5-T5)*24*60 -> 126 | Z5: 2 | AA5: 55 | AB5: 封膜夾具異常 | AF5: =N5-K5 -> -684.19048 | AG5: =N5/K5 -> 0.67696389 | AH5: =AG15 -> 0.85710563
B6: 義大利麵 | D6: 奶油培根義大利麵 | F6: =VLOOKUP(D6,廠價表!$C$1:$E$43,3,0) -> 49.14 | G6: 3810 | H6: =F6*G6 -> 187223.4 | J6: =VLOOKUP(D6,產線配置圖!$A$3:$C$38,2,0) -> 13 | K6: =VLOOKUP(D6,產線配置圖!$A$3:$C$38,3,0) -> 2118 | L6: =K6/J6 -> 162.92308 | M6: 13 | N6: =G6/W6*60 -> 2023.0088 | O6: =N6/M6 -> 155.61607 | P6: =M6-J6 -> 0 | Q6: =O6-L6 -> -7.3070116 | R6: =O6/L6 -> 0.95515054 | T6: 0.39930556 | U6: 0.47777778 | V6: =(T6-U5)*24*60 -> 29 | W6: =(U6-T6)*24*60 -> 113 | AF6: =N6-K6 -> -94.99115 | AG6: =N6/K6 -> 0.95515054
B7: 義大利麵 | D7: 奶油培根義大利麵 | F7: =VLOOKUP(D7,廠價表!$C$1:$E$43,3,0) -> 49.14 | G7: 2155 | H7: =F7*G7 -> 105896.7 | J7: =VLOOKUP(D7,產線配置圖!$A$3:$C$38,2,0) -> 13 | K7: =VLOOKUP(D7,產線配置圖!$A$3:$C$38,3,0) -> 2118 | L7: =K7/J7 -> 162.92308 | M7: 13 | N7: =G7/W7*60 -> 1989.2308 | O7: =N7/M7 -> 153.01775 | P7: =M7-J7 -> 0 | Q7: =O7-L7 -> -9.9053254 | R7: =O7/L7 -> 0.93920244 | T7: 0.54166667 | U7: 0.58680556 | V7: =(T7-U6)*24*60 -> 92 | W7: =(U7-T7)*24*60 -> 65 | AF7: =N7-K7 -> -128.76923 | AG7: =N7/K7 -> 0.93920244
W8: =(U8-T8)*24*60 -> 0 | X8: 0.48611111 | Y8: 0.52777778 | AF8: =N8-K8 -> 0 | AG8: =N8/K8 -> #DIV/0!
W9: =(U9-T9)*24*60 -> 0 | AF9: =N9-K9 -> 0 | AG9: =N9/K9 -> #DIV/0!
W10: =(U10-T10)*24*60 -> 0 | AF10: =N10-K10 -> 0 | AG10: =N10/K10 -> #DIV/0!
W11: =(U11-T11)*24*60 -> 0 | AF11: =N11-K11 -> 0 | AG11: =N11/K11 -> #DIV/0!
W12: =(U12-T12)*24*60 -> 0
W13: =(U13-T13)*24*60 -> 0
W14: =(U14-T14)*24*60 -> 0
C15: 4度一組 | D15: 平均 | J15: =AVERAGE(J5:J14) -> 13.333333 | K15: =AVERAGE(K5:K14) -> 2118 | L15: =AVERAGE(L5:L14) -> 159.04396 | M15: =AVERAGE(M5:M14) -> 13.333333 | N15: =AVERAGE(N5:N14) -> 1815.3497 | O15: =AVERAGE(O5:O14) -> 137.01626 | P15: =M15-J15 -> 0 | Q15: =O15-L15 -> -22.027695 | R15: =O15/L15 -> 0.86149933 | Z15: =SUM(Z5:Z14) -> 2 | AA15: =SUM(AA5:AA14) -> 55 | AD15: =SUM(AD5:AD14) -> 0 | AE15: =SUM(AE5:AE14) -> 0 | AF15: =N15-K15 -> -302.65029 | AG15: =N15/K15 -> 0.85710563
A16: 自動二線 (ET-600) | B16: 義大利麵 | D16: 辣味香菜雞肉義大利麵 | F16: =VLOOKUP(D16,廠價表!$C$1:$E$43,3,0) -> 56.28 | G16: 592 | H16: =F16*G16 -> 33317.76 | J16: =VLOOKUP(D16,產線配置圖!$A$3:$C$38,2,0) -> 15 | K16: =VLOOKUP(D16,產線配置圖!$A$3:$C$38,3,0) -> 1800 | L16: =K16/J16 -> 120 | M16: 15 | N16: =G16/W16*60 -> 1480 | O16: =N16/M16 -> 98.666667 | P16: =M16-J16 -> 0 | Q16: =O16-L16 -> -21.333333 | R16: =O16/L16 -> 0.82222222 | S16: =R26 -> 0.93423181 | T16: 0.29097222 | U16: 0.30763889 | W16: =(U16-T16)*24*60 -> 24 | AF16: =N16-K16 -> -320 | AG16: =N16/K16 -> 0.82222222 | AH16: =AG26 -> 0.92855418
B17: 義大利麵 | D17: 青醬蛤蜊義大利麵 | F17: =VLOOKUP(D17,廠價表!$C$1:$E$43,3,0) -> 50.67 | G17: 3723 | H17: =F17*G17 -> 188644.41 | J17: =VLOOKUP(D17,產線配置圖!$A$3:$C$38,2,0) -> 12 | K17: =VLOOKUP(D17,產線配置圖!$A$3:$C$38,3,0) -> 2118 | L17: =K17/J17 -> 176.5 | M17: 12 | N17: =G17/W17*60 -> 2068.3333 | O17: =N17/M17 -> 172.36111 | P17: =M17-J17 -> 0 | Q17: =O17-L17 -> -4.1388889 | R17: =O17/L17 -> 0.9765502 | T17: 0.31527778 | U17: 0.39027778 | V17: =(T17-U16)*24*60 -> 11 | W17: =(U17-T17)*24*60 -> 108 | AF17: =N17-K17 -> -49.666667 | AG17: =N17/K17 -> 0.9765502
B18: 義大利麵 | D18: 義式蕃茄起司義大利麵 | F18: =VLOOKUP(D18,廠價表!$C$1:$E$43,3,0) -> 50.39 | G18: 3970 | H18: =F18*G18 -> 200048.3 | J18: =VLOOKUP(D18,產線配置圖!$A$3:$C$38,2,0) -> 11 | K18: =VLOOKUP(D18,產線配置圖!$A$3:$C$38,3,0) -> 2118 | L18: =K18/J18 -> 192.54545 | M18: 11 | N18: =G18/W18*60 -> 2035.8974 | O18: =N18/M18 -> 185.08159 | P18: =M18-J18 -> 0 | Q18: =O18-L18 -> -7.4638695 | R18: =O18/L18 -> 0.96123581 | T18: 0.39791667 | U18: 0.47916667 | V18: =(T18-U17)*24*60 -> 11 | W18: =(U18-T18)*24*60 -> 117 | X18: 0.48611111 | Y18: 0.52777778 | AF18: =N18-K18 -> -82.102564 | AG18: =N18/K18 -> 0.96123581
B19: 義大利麵 | D19: 義式蕃茄起司義大利麵 | F19: =VLOOKUP(D19,廠價表!$C$1:$E$43,3,0) -> 50.39 | G19: 828 | H19: =F19*G19 -> 41722.92 | J19: =VLOOKUP(D19,產線配置圖!$A$3:$C$38,2,0) -> 11 | K19: =VLOOKUP(D19,產線配置圖!$A$3:$C$38,3,0) -> 2118 | L19: =K19/J19 -> 192.54545 | M19: 11 | N19: =G19/W19*60 -> 1987.2 | O19: =N19/M19 -> 180.65455 | P19: =M19-J19 -> 0 | Q19: =O19-L19 -> -11.890909 | R19: =O19/L19 -> 0.93824363 | T19: 0.54166667 | U19: 0.55902778 | V19: =(T19-U18)*24*60 -> 90 | W19: =(U19-T19)*24*60 -> 25 | AF19: =N19-K19 -> -130.8 | AG19: =N19/K19 -> 0.93824363
W20: =(U20-T20)*24*60 -> 0
W21: =(U21-T21)*24*60 -> 0
W22: 0
W23: =(U23-T23)*24*60 -> 0
H24: =F24*G24 -> 0 | W24: =(U24-T24)*24*60 -> 0
H25: =F25*G25 -> 0 | W25: =(U25-T25)*24*60 -> 0
C26: 4度二組A | D26: 平均 | J26: =AVERAGE(J16:J25) -> 12.25 | K26: =AVERAGE(K16:K25) -> 2038.5 | L26: =AVERAGE(L16:L25) -> 170.39773 | M26: =AVERAGE(M16:M25) -> 12.25 | N26: =AVERAGE(N16:N25) -> 1892.8577 | O26: =AVERAGE(O16:O25) -> 159.19098 | P26: =M26-J26 -> 0 | Q26: =O26-L26 -> -11.20675 | R26: =O26/L26 -> 0.93423181 | Z26: =SUM(Z16:Z25) -> 0 | AA26: =SUM(AA16:AA25) -> 0 | AD26: =SUM(AD16:AD25) -> 0 | AE26: =SUM(AE16:AE25) -> 0 | AF26: =N26-K26 -> -145.64231 | AG26: =N26/K26 -> 0.92855418
A27: 手工三線 (ET-55) | B27: 熱乾麵 | D27: 沙茶豬肉炒麵 | F27: =VLOOKUP(D27,廠價表!$C$1:$E$43,3,0) -> 49.52 | G27: 984 | H27: =F27*G27 -> 48727.68 | J27: =VLOOKUP(D27,產線配置圖!$A$3:$C$38,2,0) -> 17 | K27: =VLOOKUP(D27,產線配置圖!$A$3:$C$38,3,0) -> 1440 | L27: =K27/J27 -> 84.705882 | M27: 13 | N27: =G27/W27*60 -> 1093.3333 | O27: =N27/M27 -> 84.102564 | P27: =M27-J27 -> -4 | Q27: =O27-L27 -> -0.60331825 | R27: =O27/L27 -> 0.99287749 | S27: =R37 -> 0.74834311 | T27: 0.29166667 | U27: 0.32916667 | W27: =(U27-T27)*24*60 -> 54 | AF27: =N27-K27 -> -346.66667 | AG27: =N27/K27 -> 0.75925926 | AH27: =AG37 -> 0.68434937
B28: 義大利麵 | D28: 濃拿坡里義大利麵 | F28: =VLOOKUP(D28,廠價表!$C$1:$E$43,3,0) -> 56.43 | G28: 1156 | H28: =F28*G28 -> 65233.08 | J28: =VLOOKUP(D28,產線配置圖!$A$3:$C$38,2,0) -> 16 | K28: =VLOOKUP(D28,產線配置圖!$A$3:$C$38,3,0) -> 1406 | L28: =K28/J28 -> 87.875 | M28: 15 | N28: =G28/W28*60 -> 624.86486 | O28: =N28/M28 -> 41.657658 | P28: =M28-J28 -> -1 | Q28: =O28-L28 -> -46.217342 | R28: =O28/L28 -> 0.47405585 | T28: 0.33611111 | U28: 0.41319444 | V28: =(T28-U27)*24*60 -> 10 | W28: =(U28-T28)*24*60 -> 111 | Z28: 2 | AA28: 8 | AB28: L型封膜異常 | AF28: =N28-K28 -> -781.13514 | AG28: =N28/K28 -> 0.44442736
B29: 義大利麵 | D29: 焗烤起司肉醬筆尖麵 | F29: =VLOOKUP(D29,廠價表!$C$1:$E$43,3,0) -> 50.67 | G29: 1317 | H29: =F29*G29 -> 66732.39 | J29: =VLOOKUP(D29,產線配置圖!$A$3:$C$38,2,0) -> 13 | K29: =VLOOKUP(D29,產線配置圖!$A$3:$C$38,3,0) -> 1440 | L29: =K29/J29 -> 110.76923 | M29: 13 | N29: =G29/W29*60 -> 908.27586 | O29: =N29/M29 -> 69.867374 | P29: =M29-J29 -> 0 | Q29: =O29-L29 -> -40.901857 | R29: =O29/L29 -> 0.63074713 | T29: 0.42013889 | U29: 0.48055556 | V29: =(T29-U28)*24*60 -> 10 | W29: =(U29-T29)*24*60 -> 87 | Z29: 1 | AA29: 5 | AB29: L型封膜異常 | AF29: =N29-K29 -> -531.72414 | AG29: =N29/K29 -> 0.63074713
B30: 義大利麵 | D30: 焗烤起司肉醬筆尖麵 | F30: =VLOOKUP(D30,廠價表!$C$1:$E$43,3,0) -> 50.67 | G30: 900 | H30: =F30*G30 -> 45603 | J30: =VLOOKUP(D30,產線配置圖!$A$3:$C$38,2,0) -> 13 | K30: =VLOOKUP(D30,產線配置圖!$A$3:$C$38,3,0) -> 1440 | L30: =K30/J30 -> 110.76923 | M30: 13 | N30: =G30/W30*60 -> 1058.8235 | O30: =N30/M30 -> 81.447964 | P30: =M30-J30 -> 0 | Q30: =O30-L30 -> -29.321267 | R30: =O30/L30 -> 0.73529412 | T30: 0.54166667 | U30: 0.57708333 | V30: =(T30-U29)*24*60 -> 88 | W30: =(U30-T30)*24*60 -> 51 | X30: 0.49652778 | Y30: 0.53819444 | AB30: L型封膜異常 | AF30: =N30-K30 -> -381.17647 | AG30: =N30/K30 -> 0.73529412
B31: 熱乾麵 | D31: 沙茶豬肉炒麵 | F31: =VLOOKUP(D31,廠價表!$C$1:$E$43,3,0) -> 49.52 | G31: 1300 | H31: =F31*G31 -> 64376 | J31: =VLOOKUP(D31,產線配置圖!$A$3:$C$38,2,0) -> 17 | K31: =VLOOKUP(D31,產線配置圖!$A$3:$C$38,3,0) -> 1440 | L31: =K31/J31 -> 84.705882 | M31: 15 | N31: =G31/W31*60 -> 1218.75 | O31: =N31/M31 -> 81.25 | P31: =M31-J31 -> -2 | Q31: =O31-L31 -> -3.4558824 | R31: =O31/L31 -> 0.95920139 | T31: 0.58402778 | U31: 0.62847222 | V31: =(T31-U30)*24*60 -> 10 | W31: =(U31-T31)*24*60 -> 64 | AF31: =N31-K31 -> -221.25 | AG31: =N31/K31 -> 0.84635417
W32: =(U32-T32)*24*60 -> 0
W33: =(U33-T33)*24*60 -> 0
W34: =(U34-T34)*24*60 -> 0
W35: =(U35-T35)*24*60 -> 0
H36: =F36*G36 -> 0 | W36: =(U36-T36)*24*60 -> 0
C37: 4度二組B | D37: 平均 | J37: =AVERAGE(J27:J36) -> 15.2 | K37: =AVERAGE(K27:K36) -> 1433.2 | L37: =AVERAGE(L27:L36) -> 95.765045 | M37: =AVERAGE(M27:M36) -> 13.8 | N37: =AVERAGE(N27:N36) -> 980.80952 | O37: =AVERAGE(O27:O36) -> 71.665112 | P37: =M37-J37 -> -1.4 | Q37: =N37-K37 -> -452.39048 | R37: =O37/L37 -> 0.74834311 | Z37: =SUM(Z27:Z36) -> 3 | AA37: =SUM(AA27:AA36) -> 13 | AD37: =SUM(AD27:AD36) -> 0 | AE37: =SUM(AE27:AE36) -> 0 | AF37: =N37-K37 -> -452.39048 | AG37: =N37/K37 -> 0.68434937
A38: 手工四線 (ET-55) | B38: 熱乾麵 | D38: 青花椒麻雞肉拌麵 | F38: =VLOOKUP(D38,廠價表!$C$1:$E$43,3,0) -> 49.91 | G38: 2519 | H38: =F38*G38 -> 125723.29 | J38: =VLOOKUP(D38,產線配置圖!$A$3:$C$38,2,0) -> 15 | K38: =VLOOKUP(D38,產線配置圖!$A$3:$C$38,3,0) -> 1714 | L38: =K38/J38 -> 114.26667 | M38: 15 | N38: =G38/W38*60 -> 1439.4286 | O38: =N38/M38 -> 95.961905 | P38: =M38-J38 -> 0 | Q38: =O38-L38 -> -18.304762 | R38: =O38/L38 -> 0.83980663 | S38: =R48 -> 0.90192262 | T38: 0.33333333 | U38: 0.40625 | W38: =(U38-T38)*24*60 -> 105 | AF38: =N38-K38 -> -274.57143 | AG38: =N38/K38 -> 0.83980663 | AH38: =AG48 -> 0.87247614
B39: 熱乾麵 | D39: 府城鹽水意麵 | F39: =VLOOKUP(D39,廠價表!$C$1:$E$43,3,0) -> 44.3 | G39: 2606 | H39: =F39*G39 -> 115445.8 | J39: =VLOOKUP(D39,產線配置圖!$A$3:$C$38,2,0) -> 18 | K39: =VLOOKUP(D39,產線配置圖!$A$3:$C$38,3,0) -> 1565 | L39: =K39/J39 -> 86.944444 | M39: 17 | N39: =G39/W39*60 -> 1421.4545 | O39: =N39/M39 -> 83.614973 | P39: =M39-J39 -> -1 | Q39: =O39-L39 -> -3.3294712 | R39: =O39/L39 -> 0.96170576 | T39: 0.41319444 | U39: 0.48958333 | V39: =(T39-U38)*24*60 -> 10 | W39: =(U39-T39)*24*60 -> 110 | AF39: =N39-K39 -> -143.54545 | AG39: =N39/K39 -> 0.90827766
B40: 熱乾麵 | D40: 府城鹽水意麵 | F40: =VLOOKUP(D40,廠價表!$C$1:$E$43,3,0) -> 44.3 | G40: 2617 | H40: =F40*G40 -> 115933.1 | J40: =VLOOKUP(D40,產線配置圖!$A$3:$C$38,2,0) -> 18 | K40: =VLOOKUP(D40,產線配置圖!$A$3:$C$38,3,0) -> 1565 | L40: =K40/J40 -> 86.944444 | M40: 17 | N40: =G40/W40*60 -> 1365.3913 | O40: =N40/M40 -> 80.317136 | P40: =M40-J40 -> -1 | Q40: =O40-L40 -> -6.6273089 | R40: =O40/L40 -> 0.92377536 | T40: 0.54861111 | U40: 0.62847222 | V40: =(T40-U39)*24*60 -> 85 | W40: =(U40-T40)*24*60 -> 115 | AF40: =N40-K40 -> -199.6087 | AG40: =N40/K40 -> 0.87245451
W41: =(U41-T41)*24*60 -> 0 | AF41: =N41-K41 -> 0 | AG41: =N41/K41 -> #DIV/0!
W42: =(U42-T42)*24*60 -> 0
W43: =(U43-T43)*24*60 -> 0
W44: =(U44-T44)*24*60 -> 0
W45: =(U45-T45)*24*60 -> 0
W46: =(U46-T46)*24*60 -> 0
H47: =F47*G47 -> 0 | W47: =(U47-T47)*24*60 -> 0
C48: 4度二組C1 | D48: 平均 | J48: =AVERAGE(J38:J47) -> 17 | K48: =AVERAGE(K38:K47) -> 1614.6667 | L48: =AVERAGE(L38:L47) -> 96.051852 | M48: =AVERAGE(M38:M47) -> 16.333333 | N48: =AVERAGE(N38:N47) -> 1408.7581 | O48: =AVERAGE(O38:O47) -> 86.631338 | P48: =M48-J48 -> -0.66666667 | Q48: =N48-K48 -> -205.90853 | R48: =O48/L48 -> 0.90192262 | W48: =(U48-T48)*24*60 -> 0 | Z48: =SUM(Z38:Z47) -> 0 | AA48: =SUM(AA38:AA47) -> 0 | AD48: =SUM(AD38:AD47) -> 0 | AE48: =SUM(AE38:AE47) -> 0 | AF48: =N48-K48 -> -205.90853 | AG48: =N48/K48 -> 0.87247614
A49: 手工五線 (ET-55) | B49: 義大利麵 | D49: 白酒蛤蜊義大利麵 | F49: =VLOOKUP(D49,廠價表!$C$1:$E$43,3,0) -> 57.21 | G49: 3196 | H49: =F49*G49 -> 182843.16 | J49: =VLOOKUP(D49,產線配置圖!$A$3:$C$38,2,0) -> 15 | K49: =VLOOKUP(D49,產線配置圖!$A$3:$C$38,3,0) -> 1565 | L49: =K49/J49 -> 104.33333 | M49: 15 | N49: =G49/W49*60 -> 1546.4516 | O49: =N49/M49 -> 103.09677 | P49: =M49-J49 -> 0 | Q49: =O49-L49 -> -1.2365591 | R49: =O49/L49 -> 0.988148 | S49: =R58 -> 0.96262368 | T49: 0.28819444 | U49: 0.37430556 | W49: =(U49-T49)*24*60 -> 124 | AF49: =N49-K49 -> -18.548387 | AG49: =N49/K49 -> 0.988148 | AH49: =AG58 -> 0.92068944
B50: 義大利麵 | D50: 焗烤起司雙饗筆尖麵 | F50: =VLOOKUP(D50,廠價表!$C$1:$E$43,3,0) -> 49.97 | G50: 3807 | H50: =F50*G50 -> 190235.79 | J50: =VLOOKUP(D50,產線配置圖!$A$3:$C$38,2,0) -> 16 | K50: =VLOOKUP(D50,產線配置圖!$A$3:$C$38,3,0) -> 1800 | L50: =K50/J50 -> 112.5 | M50: 15 | N50: =G50/W50*60 -> 1643.3094 | O50: =N50/M50 -> 109.55396 | P50: =M50-J50 -> -1 | Q50: =O50-L50 -> -2.9460432 | R50: =O50/L50 -> 0.97381295 | T50: 0.38125 | U50: 0.47777778 | V50: =(T50-U49)*24*60 -> 10 | W50: =(U50-T50)*24*60 -> 139 | AF50: =N50-K50 -> -156.69065 | AG50: =N50/K50 -> 0.91294964
B51: 義大利麵 | D51: 焗烤起司雙饗筆尖麵 | F51: =VLOOKUP(D51,廠價表!$C$1:$E$43,3,0) -> 49.97 | G51: 1957 | H51: =F51*G51 -> 97791.29 | J51: =VLOOKUP(D51,產線配置圖!$A$3:$C$38,2,0) -> 16 | K51: =VLOOKUP(D51,產線配置圖!$A$3:$C$38,3,0) -> 1800 | L51: =K51/J51 -> 112.5 | M51: 15 | N51: =G51/W51*60 -> 1565.6 | O51: =N51/M51 -> 104.37333 | P51: =M51-J51 -> -1 | Q51: =O51-L51 -> -8.1266667 | R51: =O51/L51 -> 0.92776296 | T51: 0.53541667 | U51: 0.5875 | V51: =(T51-U50)*24*60 -> 83 | W51: =(U51-T51)*24*60 -> 75 | AF51: =N51-K51 -> -234.4 | AG51: =N51/K51 -> 0.86977778
W52: =(U52-T52)*24*60 -> 0 | X52: 0.47916667 | Y52: 0.52083333 | AF52: =N52-K52 -> 0 | AG52: =N52/K52 -> #DIV/0!
W53: =(U53-T53)*24*60 -> 0 | AF53: =N53-K53 -> 0 | AG53: =N53/K53 -> #DIV/0!
W54: =(U54-T54)*24*60 -> 0
W55: =(U55-T55)*24*60 -> 0
W56: =(U56-T56)*24*60 -> 0
W57: =(U57-T57)*24*60 -> 0
C58: 4度二組C2 | D58: 平均 | J58: =AVERAGE(J49:J57) -> 15.666667 | K58: =AVERAGE(K49:K57) -> 1721.6667 | L58: =AVERAGE(L49:L57) -> 109.77778 | M58: =AVERAGE(M49:M57) -> 15 | N58: =AVERAGE(N49:N57) -> 1585.1203 | O58: =AVERAGE(O49:O57) -> 105.67469 | P58: =M58-J58 -> -0.66666667 | Q58: =N58-K58 -> -136.54634 | R58: =O58/L58 -> 0.96262368 | Z58: =SUM(Z49:Z57) -> 0 | AA58: =SUM(AA49:AA57) -> 0 | AD58: =SUM(AD49:AD57) -> 0 | AE58: =SUM(AE49:AE57) -> 0 | AF58: =N58-K58 -> -136.54634 | AG58: =N58/K58 -> 0.92068944
A59: 調理包一線 (八爪機) | B59: 小吃、微波 | D59: 小滷青蔬 | F59: =VLOOKUP(D59,廠價表!$C$1:$E$43,3,0) -> 26.99 | G59: 2927 | H59: =F59*G59 -> 78999.73 | J59: =VLOOKUP(D59,產線配置圖!$A$3:$C$38,2,0) -> 13 | K59: =VLOOKUP(D59,產線配置圖!$A$3:$C$38,3,0) -> 1565 | L59: =K59/J59 -> 120.38462 | M59: 13 | N59: =G59/W59*60 -> 1254.4286 | O59: =N59/M59 -> 96.494505 | P59: =M59-J59 -> 0 | Q59: =O59-L59 -> -23.89011 | R59: =O59/L59 -> 0.8015518 | S59: =R69 -> 0.73370103 | T59: 0.29166667 | U59: 0.38888889 | W59: =(U59-T59)*24*60 -> 140 | AF59: =N59-K59 -> -310.57143 | AG59: =N59/K59 -> 0.8015518 | AH59: =AG69 -> 0.82181907
B60: 小吃、微波 | D60: 起司馬鈴薯 | F60: =VLOOKUP(D60,廠價表!$C$1:$E$43,3,0) -> 28.26 | G60: 1540 | H60: =F60*G60 -> 43520.4 | J60: =VLOOKUP(D60,產線配置圖!$A$3:$C$38,2,0) -> 12 | K60: =VLOOKUP(D60,產線配置圖!$A$3:$C$38,3,0) -> 1565 | L60: =K60/J60 -> 130.41667 | M60: 12 | N60: =G60/W60*60 -> 1320 | O60: =N60/M60 -> 110 | P60: =M60-J60 -> 0 | Q60: =O60-L60 -> -20.416667 | R60: =O60/L60 -> 0.84345048 | T60: 0.39930556 | U60: 0.44791667 | V60: =(T60-U59)*24*60 -> 15 | W60: =(U60-T60)*24*60 -> 70 | AF60: =N60-K60 -> -245 | AG60: =N60/K60 -> 0.84345048
B61: 小吃、微波 | D61: 麻辣雞心 | F61: =VLOOKUP(D61,廠價表!$C$1:$E$43,3,0) -> 28.26 | G61: 1366 | H61: =F61*G61 -> 38603.16 | J61: =VLOOKUP(D61,產線配置圖!$A$3:$C$38,2,0) -> 9 | K61: =VLOOKUP(D61,產線配置圖!$A$3:$C$38,3,0) -> 1636 | L61: =K61/J61 -> 181.77778 | M61: 11 | N61: =G61/W61*60 -> 1366 | O61: =N61/M61 -> 124.18182 | P61: =M61-J61 -> 2 | Q61: =O61-L61 -> -57.59596 | R61: =O61/L61 -> 0.68315181 | T61: 0.45833333 | U61: 0.5 | V61: =(T61-U60)*24*60 -> 15 | W61: =(U61-T61)*24*60 -> 60 | AB61: 雞毛挑揀增加2人 | AF61: =N61-K61 -> -270 | AG61: =N61/K61 -> 0.83496333
B62: 小吃、微波 | D62: 麻辣雞心 | F62: =VLOOKUP(D62,廠價表!$C$1:$E$43,3,0) -> 28.26 | G62: 1541 | H62: =F62*G62 -> 43548.66 | J62: =VLOOKUP(D62,產線配置圖!$A$3:$C$38,2,0) -> 9 | K62: =VLOOKUP(D62,產線配置圖!$A$3:$C$38,3,0) -> 1636 | L62: =K62/J62 -> 181.77778 | M62: 11 | N62: =G62/W62*60 -> 1320.8571 | O62: =N62/M62 -> 120.07792 | P62: =M62-J62 -> 2 | Q62: =O62-L62 -> -61.699856 | R62: =O62/L62 -> 0.66057537 | T62: 0.55555556 | U62: 0.60416667 | W62: =(U62-T62)*24*60 -> 70 | X62: 0.50347222 | Y62: 0.54513889 | AB62: 雞毛挑揀增加2人 | AF62: =N62-K62 -> -315.14286 | AG62: =N62/K62 -> 0.80736989
W63: =(U63-T63)*24*60 -> 0
W64: =(U64-T64)*24*60 -> 0
W65: =(U65-T65)*24*60 -> 0
W66: =(U66-T66)*24*60 -> 0
W67: =(U67-T67)*24*60 -> 0
H68: =F68*G68 -> 0 | W68: =(U68-T68)*24*60 -> 0
C69: 4度三組 | D69: 平均 | J69: =AVERAGE(J59:J68) -> 10.75 | K69: =AVERAGE(K59:K68) -> 1600.5 | L69: =AVERAGE(L59:L68) -> 153.58921 | M69: =AVERAGE(M59:M68) -> 11.75 | N69: =AVERAGE(N59:N68) -> 1315.3214 | O69: =AVERAGE(O59:O68) -> 112.68856 | P69: =M69-J69 -> 1 | Q69: =N69-K69 -> -285.17857 | R69: =O69/L69 -> 0.73370103 | Z69: =SUM(Z59:Z68) -> 0 | AA69: =SUM(AA59:AA68) -> 0 | AD69: =SUM(AD59:AD68) -> 0 | AE69: =SUM(AE59:AE68) -> 0 | AF69: =N69-K69 -> -285.17857 | AG69: =N69/K69 -> 0.82181907
A70: 調理包二線 (手工) | S70: =R79 -> 0 | W70: =(U70-T70)*24*60 -> 0 | AF70: =N70-K70 -> 0 | AG70: =N70/K70 -> #DIV/0! | AH70: =AG79 -> #DIV/0!
W71: =(U71-T71)*24*60 -> 0 | AF71: -300.3125 | AG71: 0.80810703
W72: =(U72-T72)*24*60 -> 0 | AF72: -130.33333 | AG72: 0.91671991
W73: =(U73-T73)*24*60 -> 0
W74: =(U74-T74)*24*60 -> 0
H75: =F75*G75 -> 0 | W75: =(U75-T75)*24*60 -> 0
H76: =F76*G76 -> 0 | W76: =(U76-T76)*24*60 -> 0
H77: =F77*G77 -> 0 | W77: =(U77-T77)*24*60 -> 0
H78: =F78*G78 -> 0 | W78: =(U78-T78)*24*60 -> 0
C79: 4度四組 | D79: 平均 | Z79: =SUM(Z70:Z78) -> 0 | AA79: =SUM(AA70:AA78) -> 0 | AD79: =SUM(AD70:AD78) -> 0 | AE79: =SUM(AE70:AE78) -> 0 | AF79: =N79-K79 -> 0 | AG79: =N79/K79 -> #DIV/0!
AJ80: 1.當日出勤人數較多
AJ81: 2.當日出勤人數較少
AJ82: 3.當日出勤熟手較少
AJ83: 4.當日出勤新人較多
AJ84: 5.機台夾盒
AJ85: 6.封膜不順
AJ86: 7.更換膠膜
AJ87: 8.更換碳帶
AJ88: 9.當日熱轉印碳帶異常
AJ89: 10.訂單量過少
AJ90: 11.新品上市，尚未熟悉
AJ91: 12.商品結構，產能較低
AJ92: 13.區域出貨，分段生產

Sheet 0406總
B1: 長家廠組合室生產人時性分析
B3: 日期 | D3: 46118 | F3: 訂單量 | G3: ='0406'!E1 -> 56938 | I3: 營業額 | J3: ='0406'!G1 -> 2628232.8
B4: 項目 | D4: 3 | F4: ➀ | H4: ➁ | J4: ③ | L4: 異常停線 | N4: 短暫停線
B5: 人時性 | D5: 組合室 | F5: 全溫層 | H5: 義大利麵 | J5: 袋裝小吃、義麵 | L5: 合計次數 | M5: 時間 | N5: 合計次數 | O5: 設備次數
D6: 排關平均 | F6: =AVERAGE(D13:I13) -> 132.60038 | H6: =AVERAGE(D13:H13) -> 129.7308 | J6: =AVERAGE(I13) -> 146.94829 | L6: =SUM(D18:J18) -> 4 | M6: =SUM(D19:J19) -> 40 | N6: =SUM(D20:J20) -> 1 | O6: =SUM(D20:J20) -> 1
D7: 實績平均 | F7: =AVERAGE(D14:I14) -> 117.13653 | H7: =AVERAGE(D14:H14) -> 116.03087 | J7: =AVERAGE(I14) -> 122.66483 | L7: =AVERAGE(K14:L14) -> #DIV/0! | M7: =AVERAGE(L14:M14) -> #DIV/0! | N7: =AVERAGE(M14:N14) -> #DIV/0! | O7: =AVERAGE(N14:O14) -> #DIV/0!
D8: 達成率平均 | F8: =F7/F6 -> 0.88338006 | H8: =H7/H6 -> 0.89439727 | J8: =J7/J6 -> 0.83474825 | L8: =AVERAGE(K15:L15) -> #DIV/0! | M8: =AVERAGE(L15:M15) -> #DIV/0! | N8: =AVERAGE(M15:N15) -> #DIV/0! | O8: =AVERAGE(N15:O15) -> #DIV/0!
J9: ※現行日本鮮食廠以達成率80%為基本(即為現行KPI)
B10: 溫層 | D10: 4度C-各編組展開
B11: 編組 | D11: 1 | E11: 2 | F11: 3 | G11: 4 | H11: 5 | I11: 6 | J11: 7
D12: 自動1線 | E12: 自動2線 | F12: 手工3線 | G12: 手工4線 | H12: 手工5線 | I12: 調理包1線 | J12: 調理包2線
B13: 人時性 | C13: 排關 | D13: =VALUE('0406'!L15) -> 159.04396 | E13: =VALUE('0406'!L26) -> 187.19697 | F13: =VALUE('0406'!L37) -> 98.529836 | G13: =VALUE('0406'!L48) -> 96.051852 | H13: =VALUE('0406'!L58) -> 107.83137 | I13: =VALUE('0406'!L69) -> 146.94829 | J13: ='0406'!L79 -> 0
C14: 實績 | D14: =VALUE('0406'!O15) -> 154.47665 | E14: =VALUE('0406'!O26) -> 177.89279 | F14: =VALUE('0406'!O37) -> 64.416106 | G14: =VALUE('0406'!O48) -> 89.094368 | H14: =VALUE('0406'!O58) -> 94.274447 | I14: =VALUE('0406'!O69) -> 122.66483 | J14: ='0406'!O79 -> 0
C15: 達成率 | D15: =D14/D13 -> 0.97128272 | E15: =E14/E13 -> 0.95029737 | F15: =F14/F13 -> 0.65377259 | G15: =G14/G13 -> 0.92756534 | H15: =H14/H13 -> 0.87427661 | I15: =I14/I13 -> 0.83474825 | J15: ='0406'!S70 -> 0
B16: 作業 時間 | C16: 開始 | D16: ='0406'!T5 -> 0.29166667 | E16: ='0406'!T16 -> 0.29166667 | F16: ='0406'!T27 -> 0.28819444 | G16: ='0406'!T38 -> 0.33333333 | H16: ='0406'!T49 -> 0.29166667 | I16: ='0406'!T59 -> 0.29166667 | J16: ='0406'!T70 -> 0
C17: 結束 | D17: 0.60069444 | E17: 0.59027778 | F17: 0.65694444 | G17: 0.64722222 | H17: 0.60277778 | I17: 0.67361111 | J17: 0
B18: 產線異常 (5分鐘以上) | C18: 次數 | D18: ='0406'!Z15 -> 0 | E18: ='0406'!Z26 -> 0 | F18: ='0406'!Z37 -> 4 | G18: ='0406'!Z48 -> 0 | H18: ='0406'!Z58 -> 0 | I18: ='0406'!Z69 -> 0 | J18: ='0406'!AA79 -> 0
C19: 時間/分 | D19: ='0406'!AA15 -> 0 | E19: ='0406'!AA26 -> 0 | F19: ='0406'!AA37 -> 40 | G19: ='0406'!AA48 -> 0 | H19: ='0406'!AA58 -> 0 | I19: ='0406'!AA69 -> 0 | J19: ='0406'!AB79 -> 0
B20: 短暫停線 (5分鐘以下) | C20: 次數 | D20: ='0406'!AD15 -> 1 | E20: ='0406'!AD26 -> 0 | F20: ='0406'!AD37 -> 0 | G20: ='0406'!AD48 -> 0 | H20: ='0406'!AD58 -> 0 | I20: ='0406'!AD69 -> 0 | J20: ='0406'!AD79 -> 0
C21: 設備次數 | D21: ='0406'!AE15 -> 1 | E21: ='0406'!AE26 -> 0 | F21: ='0406'!AE37 -> 0 | G21: ='0406'!AE48 -> 0 | H21: ='0406'!AE58 -> 0 | I21: ='0406'!AE69 -> 0 | J21: ='0406'!AE79 -> 0
B22: 配置人數 | D22: =VALUE('0406'!M15) -> 13.333333 | E22: =VALUE('0406'!M26) -> 11.333333 | F22: =VALUE('0406'!M37) -> 14.75 | G22: =VALUE('0406'!M48) -> 17 | H22: =VALUE('0406'!M58) -> 16 | I22: =VALUE('0406'!M69) -> 12 | J22: ='0406'!M79 -> 0
B23: 主要應用設備 | D23: ET-600 | E23: ET-600 | F23: ET-55 | G23: ET-55 | H23: ET-55 | I23: 八爪機 | J23: 八爪機
B24: 次要應用設備 | H24: 封口機 | J24: 封口機
B25: 備註

Sheet 0406
A1: 長家廠4度C日報分析 | D1: 總生產量 | E1: =SUM(G5:G79) -> 56938 | F1: 營業額 | G1: =SUM(H5:H79) -> 2628232.8 | H1: 出勤人數 | I1: =M15+M26+M48+M58+M69+M79+M37 -> 84.416667 | J1: 產線配置圖 | M1: 生產實績 | P1: 人時性差異分析 | T1: 日報登錄 | Z1: 合計 次數 | AA1: 合計 時間/分 | AB1: 分析說明 | AD1: 合計 次數 | AE1: 合計 設備次數 | AF1: 產能差異分析
A2: 04月06日 星期一 | D2: 人時性 | E2: =AVERAGE(O15,O26,O37,O48,O58,O69,O79) -> 117.13653 | F2: 平均廠價 | G2: =G1/E1 -> 46.159556 | H2: 多次生產數 | I2: =COUNT(I5:I79) -> 0 | Z2: =Z15+Z26+Z37+Z48+Z58+Z69+Z79 -> 4 | AA2: =AA15+AA26+AA37+AA48+AA58+AA69+AA79 -> 40 | AD2: =AD15+AD26+AD37+AD48+AD58+AD69+AD79 -> 1 | AE2: =AE15+AE26+AE37+AE48+AE58+AE69+AE79 -> 1
A3: 線別 | B3: 品類 | D3: 品名 | F3: 廠價 | G3: 生產量 | H3: 營收 | I3: 多次 生產 | J3: 人數 | K3: 產能/時 | L3: 人時性 | M3: 人數 | N3: 產能/時 | O3: 人時性 | P3: 人數 | Q3: 人時性 | R3: 達成率 | S3: 達成率平均 | T3: 生產時間 | V3: 前置、換線時間/分 | W3: 稼動時間/分 | X3: 休息時間 | Z3: 產線異常統計 (5分鐘以上) | AD3: 短暫停線統計 (5分鐘以下) | AF3: 產能/時 | AG3: 達成率 | AH3: 達成率平均
T4: 開始 | U4: 結束 | X4: 開始 | Y4: 結束 | Z4: 次數 | AA4: 時間/分 | AD4: 總次數 | AE4: 設備因素(次數)
A5: 自動一線 (ET-600) | B5: 義大利麵 | D5: 蒜香奶油蝦蝦義大利麵 | F5: =VLOOKUP(D5,廠價表!$C$1:$E$43,3,0) -> 57.21 | G5: 4193 | H5: =F5*G5 -> 239881.53 | J5: =VLOOKUP(D5,產線配置圖!$A$3:$C$38,2,0) -> 14 | K5: =VLOOKUP(D5,產線配置圖!$A$3:$C$38,3,0) -> 2118 | L5: =K5/J5 -> 151.28571 | M5: 14 | N5: =G5/W5*60 -> 2028.871 | O5: =N5/M5 -> 144.91935 | P5: =M5-J5 -> 0 | Q5: =O5-L5 -> -6.3663594 | R5: =O5/L5 -> 0.9579183 | S5: =R15 -> 0.97128272 | T5: 0.29166667 | U5: 0.37777778 | W5: =(U5-T5)*24*60 -> 124 | AB5: 玉取機停麵3分 | AD5: 1 | AE5: 1 | AF5: =N5-K5 -> -89.129032 | AG5: =N5/K5 -> 0.9579183 | AH5: =AG15 -> 0.97096452
B6: 義大利麵 | D6: 奶油培根義大利麵 | F6: =VLOOKUP(D6,廠價表!$C$1:$E$43,3,0) -> 49.14 | G6: 4264 | H6: =F6*G6 -> 209532.96 | J6: =VLOOKUP(D6,產線配置圖!$A$3:$C$38,2,0) -> 13 | K6: =VLOOKUP(D6,產線配置圖!$A$3:$C$38,3,0) -> 2118 | L6: =K6/J6 -> 162.92308 | M6: 13 | N6: =G6/W6*60 -> 2063.2258 | O6: =N6/M6 -> 158.70968 | P6: =M6-J6 -> 0 | Q6: =O6-L6 -> -4.2133995 | R6: =O6/L6 -> 0.97413872 | T6: 0.39166667 | U6: 0.47777778 | V6: =(T6-U5)*24*60 -> 20 | W6: =(U6-T6)*24*60 -> 124 | AF6: =N6-K6 -> -54.774194 | AG6: =N6/K6 -> 0.97413872
B7: 義大利麵 | D7: 奶油培根義大利麵 | F7: =VLOOKUP(D7,廠價表!$C$1:$E$43,3,0) -> 49.14 | G7: 2943 | H7: =F7*G7 -> 144619.02 | J7: =VLOOKUP(D7,產線配置圖!$A$3:$C$38,2,0) -> 13 | K7: =VLOOKUP(D7,產線配置圖!$A$3:$C$38,3,0) -> 2118 | L7: =K7/J7 -> 162.92308 | M7: 13 | N7: =G7/W7*60 -> 2077.4118 | O7: =N7/M7 -> 159.8009 | P7: =M7-J7 -> 0 | Q7: =O7-L7 -> -3.1221719 | R7: =O7/L7 -> 0.98083653 | T7: 0.54166667 | U7: 0.60069444 | V7: =(T7-U6)*24*60 -> 92 | W7: =(U7-T7)*24*60 -> 85 | AF7: =N7-K7 -> -40.588235 | AG7: =N7/K7 -> 0.98083653
W8: =(U8-T8)*24*60 -> 0 | X8: 0.48611111 | Y8: 0.52777778 | AF8: =N8-K8 -> 0 | AG8: =N8/K8 -> #DIV/0!
W9: =(U9-T9)*24*60 -> 0 | AF9: =N9-K9 -> 0 | AG9: =N9/K9 -> #DIV/0!
W10: =(U10-T10)*24*60 -> 0 | AF10: =N10-K10 -> 0 | AG10: =N10/K10 -> #DIV/0!
W11: =(U11-T11)*24*60 -> 0 | AF11: =N11-K11 -> 0 | AG11: =N11/K11 -> #DIV/0!
W12: =(U12-T12)*24*60 -> 0
W13: =(U13-T13)*24*60 -> 0
W14: =(U14-T14)*24*60 -> 0
C15: 4度一組 | D15: 平均 | J15: =AVERAGE(J5:J14) -> 13.333333 | K15: =AVERAGE(K5:K14) -> 2118 | L15: =AVERAGE(L5:L14) -> 159.04396 | M15: =AVERAGE(M5:M14) -> 13.333333 | N15: =AVERAGE(N5:N14) -> 2056.5028 | O15: =AVERAGE(O5:O14) -> 154.47665 | P15: =M15-J15 -> 0 | Q15: =O15-L15 -> -4.5673103 | R15: =O15/L15 -> 0.97128272 | Z15: =SUM(Z5:Z14) -> 0 | AA15: =SUM(AA5:AA14) -> 0 | AD15: =SUM(AD5:AD14) -> 1 | AE15: =SUM(AE5:AE14) -> 1 | AF15: =N15-K15 -> -61.497154 | AG15: =N15/K15 -> 0.97096452
A16: 自動二線 (ET-600) | B16: 義大利麵 | D16: 青醬蛤蜊義大利麵 | F16: =VLOOKUP(D16,廠價表!$C$1:$E$43,3,0) -> 50.67 | G16: 4667 | H16: =F16*G16 -> 236476.89 | J16: =VLOOKUP(D16,產線配置圖!$A$3:$C$38,2,0) -> 12 | K16: =VLOOKUP(D16,產線配置圖!$A$3:$C$38,3,0) -> 2118 | L16: =K16/J16 -> 176.5 | M16: 12 | N16: =G16/W16*60 -> 1892.027 | O16: =N16/M16 -> 157.66892 | P16: =M16-J16 -> 0 | Q16: =O16-L16 -> -18.831081 | R16: =O16/L16 -> 0.89330832 | S16: =R26 -> 0.95029737 | T16: 0.29166667 | U16: 0.39444444 | W16: =(U16-T16)*24*60 -> 148 | AF16: =N16-K16 -> -225.97297 | AG16: =N16/K16 -> 0.89330832 | AH16: =AG26 -> 0.94871434
B17: 義大利麵 | D17: 義式蕃茄起司義大利麵 | F17: =VLOOKUP(D17,廠價表!$C$1:$E$43,3,0) -> 50.39 | G17: 3813 | H17: =F17*G17 -> 192137.07 | J17: =VLOOKUP(D17,產線配置圖!$A$3:$C$38,2,0) -> 11 | K17: =VLOOKUP(D17,產線配置圖!$A$3:$C$38,3,0) -> 2118 | L17: =K17/J17 -> 192.54545 | M17: 11 | N17: =G17/W17*60 -> 2079.8182 | O17: =N17/M17 -> 189.07438 | P17: =M17-J17 -> 0 | Q17: =O17-L17 -> -3.4710744 | R17: =O17/L17 -> 0.9819727 | T17: 0.40277778 | U17: 0.47916667 | V17: =(T17-U16)*24*60 -> 12 | W17: =(U17-T17)*24*60 -> 110 | AF17: =N17-K17 -> -38.181818 | AG17: =N17/K17 -> 0.9819727
B18: 義大利麵 | D18: 義式蕃茄起司義大利麵 | F18: =VLOOKUP(D18,廠價表!$C$1:$E$43,3,0) -> 50.39 | G18: 2399 | H18: =F18*G18 -> 120885.61 | J18: =VLOOKUP(D18,產線配置圖!$A$3:$C$38,2,0) -> 11 | K18: =VLOOKUP(D18,產線配置圖!$A$3:$C$38,3,0) -> 2118 | L18: =K18/J18 -> 192.54545 | M18: 11 | N18: =G18/W18*60 -> 2056.2857 | O18: =N18/M18 -> 186.93506 | P18: =M18-J18 -> 0 | Q18: =O18-L18 -> -5.6103896 | R18: =O18/L18 -> 0.970862 | T18: 0.54166667 | U18: 0.59027778 | V18: =(T18-U17)*24*60 -> 90 | W18: =(U18-T18)*24*60 -> 70 | X18: 0.48611111 | Y18: 0.52777778 | AF18: =N18-K18 -> -61.714286 | AG18: =N18/K18 -> 0.970862
W19: =(U19-T19)*24*60 -> 0 | AF19: =N19-K19 -> 0 | AG19: =N19/K19 -> #DIV/0!
W20: =(U20-T20)*24*60 -> 0
W21: =(U21-T21)*24*60 -> 0
W22: 0
W23: =(U23-T23)*24*60 -> 0
H24: =F24*G24 -> 0 | W24: =(U24-T24)*24*60 -> 0
H25: =F25*G25 -> 0 | W25: =(U25-T25)*24*60 -> 0
C26: 4度二組A | D26: 平均 | J26: =AVERAGE(J16:J25) -> 11.333333 | K26: =AVERAGE(K16:K25) -> 2118 | L26: =AVERAGE(L16:L25) -> 187.19697 | M26: =AVERAGE(M16:M25) -> 11.333333 | N26: =AVERAGE(N16:N25) -> 2009.377 | O26: =AVERAGE(O16:O25) -> 177.89279 | P26: =M26-J26 -> 0 | Q26: =O26-L26 -> -9.3041817 | R26: =O26/L26 -> 0.95029737 | Z26: =SUM(Z16:Z25) -> 0 | AA26: =SUM(AA16:AA25) -> 0 | AD26: =SUM(AD16:AD25) -> 0 | AE26: =SUM(AE16:AE25) -> 0 | AF26: =N26-K26 -> -108.62303 | AG26: =N26/K26 -> 0.94871434
A27: 手工三線 (ET-55) | B27: 熱乾麵 | D27: 沙茶豬肉炒麵 | F27: =VLOOKUP(D27,廠價表!$C$1:$E$43,3,0) -> 49.52 | G27: 2672 | H27: =F27*G27 -> 132317.44 | J27: =VLOOKUP(D27,產線配置圖!$A$3:$C$38,2,0) -> 17 | K27: =VLOOKUP(D27,產線配置圖!$A$3:$C$38,3,0) -> 1440 | L27: =K27/J27 -> 84.705882 | M27: 17 | N27: =G27/W27*60 -> 1431.4286 | O27: =N27/M27 -> 84.201681 | P27: =M27-J27 -> 0 | Q27: =O27-L27 -> -0.50420168 | R27: =O27/L27 -> 0.99404762 | S27: =R37 -> 0.65377259 | T27: 0.28819444 | U27: 0.36597222 | W27: =(U27-T27)*24*60 -> 112 | AF27: =N27-K27 -> -8.5714286 | AG27: =N27/K27 -> 0.99404762 | AH27: =AG37 -> 0.67073946
B28: 義大利麵 | D28: 濃拿坡里義大利麵 | F28: =VLOOKUP(D28,廠價表!$C$1:$E$43,3,0) -> 56.43 | G28: 1453 | H28: =F28*G28 -> 81992.79 | J28: =VLOOKUP(D28,產線配置圖!$A$3:$C$38,2,0) -> 16 | K28: =VLOOKUP(D28,產線配置圖!$A$3:$C$38,3,0) -> 1406 | L28: =K28/J28 -> 87.875 | M28: 16 | N28: =G28/W28*60 -> 822.45283 | O28: =N28/M28 -> 51.403302 | P28: =M28-J28 -> 0 | Q28: =O28-L28 -> -36.471698 | R28: =O28/L28 -> 0.58495934 | T28: 0.37291667 | U28: 0.44652778 | V28: =(T28-U27)*24*60 -> 10 | W28: =(U28-T28)*24*60 -> 106 | Z28: 2 | AA28: 20 | AB28: L型封膜異常 | AF28: =N28-K28 -> -583.54717 | AG28: =N28/K28 -> 0.58495934
B29: 義大利麵 | D29: 焗烤起司肉醬筆尖麵 | F29: =VLOOKUP(D29,廠價表!$C$1:$E$43,3,0) -> 50.67 | G29: 1026 | H29: =F29*G29 -> 51987.42 | J29: =VLOOKUP(D29,產線配置圖!$A$3:$C$38,2,0) -> 13 | K29: =VLOOKUP(D29,產線配置圖!$A$3:$C$38,3,0) -> 1440 | L29: =K29/J29 -> 110.76923 | M29: 13 | N29: =G29/W29*60 -> 769.5 | O29: =N29/M29 -> 59.192308 | P29: =M29-J29 -> 0 | Q29: =O29-L29 -> -51.576923 | R29: =O29/L29 -> 0.534375 | T29: 0.45347222 | U29: 0.50902778 | V29: =(T29-U28)*24*60 -> 10 | W29: =(U29-T29)*24*60 -> 80 | Z29: 2 | AA29: 20 | AB29: L型封膜異常、11:50-12:13補封膜342盒 | AF29: =N29-K29 -> -670.5 | AG29: =N29/K29 -> 0.534375
B30: 義大利麵 | D30: 焗烤起司肉醬筆尖麵 | F30: =VLOOKUP(D30,廠價表!$C$1:$E$43,3,0) -> 50.67 | G30: 1798 | H30: =F30*G30 -> 91104.66 | J30: =VLOOKUP(D30,產線配置圖!$A$3:$C$38,2,0) -> 13 | K30: =VLOOKUP(D30,產線配置圖!$A$3:$C$38,3,0) -> 1440 | L30: =K30/J30 -> 110.76923 | M30: 13 | N30: =G30/W30*60 -> 817.27273 | O30: =N30/M30 -> 62.867133 | P30: =M30-J30 -> 0 | Q30: =O30-L30 -> -47.902098 | R30: =O30/L30 -> 0.56755051 | T30: 0.56527778 | U30: 0.65694444 | V30: =(T30-U29)*24*60 -> 81 | W30: =(U30-T30)*24*60 -> 132 | X30: 0.49652778 | Y30: 0.53819444 | AB30: L型封膜異常、15:00-15:46補封膜1000盒 | AF30: =N30-K30 -> -622.72727 | AG30: =N30/K30 -> 0.56755051
W31: =(U31-T31)*24*60 -> 0 | AF31: =N31-K31 -> 0 | AG31: =N31/K31 -> #DIV/0!
W32: =(U32-T32)*24*60 -> 0
W33: =(U33-T33)*24*60 -> 0
W34: =(U34-T34)*24*60 -> 0
W35: =(U35-T35)*24*60 -> 0
H36: =F36*G36 -> 0 | W36: =(U36-T36)*24*60 -> 0
C37: 4度二組B | D37: 平均 | J37: =AVERAGE(J27:J36) -> 14.75 | K37: =AVERAGE(K27:K36) -> 1431.5 | L37: =AVERAGE(L27:L36) -> 98.529836 | M37: =AVERAGE(M27:M36) -> 14.75 | N37: =AVERAGE(N27:N36) -> 960.16353 | O37: =AVERAGE(O27:O36) -> 64.416106 | P37: =M37-J37 -> 0 | Q37: =N37-K37 -> -471.33647 | R37: =O37/L37 -> 0.65377259 | Z37: =SUM(Z27:Z36) -> 4 | AA37: =SUM(AA27:AA36) -> 40 | AD37: =SUM(AD27:AD36) -> 0 | AE37: =SUM(AE27:AE36) -> 0 | AF37: =N37-K37 -> -471.33647 | AG37: =N37/K37 -> 0.67073946
A38: 手工四線 (ET-55) | B38: 熱乾麵 | D38: 青花椒麻雞肉拌麵 | F38: =VLOOKUP(D38,廠價表!$C$1:$E$43,3,0) -> 49.91 | G38: 2283 | H38: =F38*G38 -> 113944.53 | J38: =VLOOKUP(D38,產線配置圖!$A$3:$C$38,2,0) -> 15 | K38: =VLOOKUP(D38,產線配置圖!$A$3:$C$38,3,0) -> 1714 | L38: =K38/J38 -> 114.26667 | M38: 15 | N38: =G38/W38*60 -> 1592.7907 | O38: =N38/M38 -> 106.18605 | P38: =M38-J38 -> 0 | Q38: =O38-L38 -> -8.0806202 | R38: =O38/L38 -> 0.92928279 | S38: =R48 -> 0.92756534 | T38: 0.33333333 | U38: 0.39305556 | W38: =(U38-T38)*24*60 -> 86 | AF38: =N38-K38 -> -121.2093 | AG38: =N38/K38 -> 0.92928279 | AH38: =AG48 -> 0.9274438
B39: 熱乾麵 | D39: 府城鹽水意麵 | F39: =VLOOKUP(D39,廠價表!$C$1:$E$43,3,0) -> 44.3 | G39: 3583 | H39: =F39*G39 -> 158726.9 | J39: =VLOOKUP(D39,產線配置圖!$A$3:$C$38,2,0) -> 18 | K39: =VLOOKUP(D39,產線配置圖!$A$3:$C$38,3,0) -> 1565 | L39: =K39/J39 -> 86.944444 | M39: 18 | N39: =G39/W39*60 -> 1452.5676 | O39: =N39/M39 -> 80.698198 | P39: =M39-J39 -> 0 | Q39: =O39-L39 -> -6.2462462 | R39: =O39/L39 -> 0.92815819 | T39: 0.40555556 | U39: 0.50833333 | V39: =(T39-U38)*24*60 -> 18 | W39: =(U39-T39)*24*60 -> 148 | AF39: =N39-K39 -> -112.43243 | AG39: =N39/K39 -> 0.92815819
B40: 熱乾麵 | D40: 府城鹽水意麵 | F40: =VLOOKUP(D40,廠價表!$C$1:$E$43,3,0) -> 44.3 | G40: 2822 | H40: =F40*G40 -> 125014.6 | J40: =VLOOKUP(D40,產線配置圖!$A$3:$C$38,2,0) -> 18 | K40: =VLOOKUP(D40,產線配置圖!$A$3:$C$38,3,0) -> 1565 | L40: =K40/J40 -> 86.944444 | M40: 18 | N40: =G40/W40*60 -> 1447.1795 | O40: =N40/M40 -> 80.39886 | P40: =M40-J40 -> 0 | Q40: =O40-L40 -> -6.545584 | R40: =O40/L40 -> 0.92471533 | T40: 0.56597222 | U40: 0.64722222 | V40: =(T40-U39)*24*60 -> 83 | W40: =(U40-T40)*24*60 -> 117 | AF40: =N40-K40 -> -117.82051 | AG40: =N40/K40 -> 0.92471533
W41: =(U41-T41)*24*60 -> 0 | AF41: =N41-K41 -> 0 | AG41: =N41/K41 -> #DIV/0!
W42: =(U42-T42)*24*60 -> 0
W43: =(U43-T43)*24*60 -> 0
W44: =(U44-T44)*24*60 -> 0
W45: =(U45-T45)*24*60 -> 0
W46: =(U46-T46)*24*60 -> 0
H47: =F47*G47 -> 0 | W47: =(U47-T47)*24*60 -> 0
C48: 4度二組C1 | D48: 平均 | J48: =AVERAGE(J38:J47) -> 17 | K48: =AVERAGE(K38:K47) -> 1614.6667 | L48: =AVERAGE(L38:L47) -> 96.051852 | M48: =AVERAGE(M38:M47) -> 17 | N48: =AVERAGE(N38:N47) -> 1497.5126 | O48: =AVERAGE(O38:O47) -> 89.094368 | P48: =M48-J48 -> 0 | Q48: =N48-K48 -> -117.15408 | R48: =O48/L48 -> 0.92756534 | W48: =(U48-T48)*24*60 -> 0 | Z48: =SUM(Z38:Z47) -> 0 | AA48: =SUM(AA38:AA47) -> 0 | AD48: =SUM(AD38:AD47) -> 0 | AE48: =SUM(AE38:AE47) -> 0 | AF48: =N48-K48 -> -117.15408 | AG48: =N48/K48 -> 0.9274438
A49: 手工五線 (ET-55) | B49: 義大利麵 | D49: 焗烤起司雙饗筆尖麵 | F49: =VLOOKUP(D49,廠價表!$C$1:$E$43,3,0) -> 49.97 | G49: 5679 | H49: =F49*G49 -> 283779.63 | J49: =VLOOKUP(D49,產線配置圖!$A$3:$C$38,2,0) -> 16 | K49: =VLOOKUP(D49,產線配置圖!$A$3:$C$38,3,0) -> 1800 | L49: =K49/J49 -> 112.5 | M49: 16 | N49: =G49/W49*60 -> 1614.8815 | O49: =N49/M49 -> 100.93009 | P49: =M49-J49 -> 0 | Q49: =O49-L49 -> -11.569905 | R49: =O49/L49 -> 0.8971564 | S49: =R58 -> 0.87427661 | T49: 0.29166667 | U49: 0.43819444 | W49: =(U49-T49)*24*60 -> 211 | AF49: =N49-K49 -> -185.11848 | AG49: =N49/K49 -> 0.8971564 | AH49: =AG58 -> 0.87516008
B50: 義大利麵 | D50: 辣味香菜雞肉義大利麵 | F50: =VLOOKUP(D50,廠價表!$C$1:$E$43,3,0) -> 56.28 | G50: 988 | H50: =F50*G50 -> 55604.64 | J50: 17 | K50: 1565 | L50: =K50/J50 -> 92.058824 | M50: 17 | N50: =G50/W50*60 -> 1411.4286 | O50: =N50/M50 -> 83.02521 | P50: =M50-J50 -> 0 | Q50: =O50-L50 -> -9.0336134 | R50: =O50/L50 -> 0.90187129 | T50: 0.44652778 | U50: 0.47569444 | V50: =(T50-U49)*24*60 -> 12 | W50: =(U50-T50)*24*60 -> 42 | AF50: =N50-K50 -> -153.57143 | AG50: =N50/K50 -> 0.90187129
B51: 義大利麵 | D51: 焗烤起司雙饗筆尖麵 | F51: =VLOOKUP(D51,廠價表!$C$1:$E$43,3,0) -> 49.97 | G51: 1342 | H51: =F51*G51 -> 67059.74 | J51: =VLOOKUP(D51,產線配置圖!$A$3:$C$38,2,0) -> 16 | K51: =VLOOKUP(D51,產線配置圖!$A$3:$C$38,3,0) -> 1800 | L51: =K51/J51 -> 112.5 | M51: 16 | N51: =G51/W51*60 -> 1548.4615 | O51: =N51/M51 -> 96.778846 | P51: =M51-J51 -> 0 | Q51: =O51-L51 -> -15.721154 | R51: =O51/L51 -> 0.86025641 | T51: 0.53819444 | U51: 0.57430556 | V51: =(T51-U50)*24*60 -> 90 | W51: =(U51-T51)*24*60 -> 52 | AF51: =N51-K51 -> -251.53846 | AG51: =N51/K51 -> 0.86025641
B52: 熱乾麵 | D52: 青花椒麻雞肉拌麵 | F52: =VLOOKUP(D52,廠價表!$C$1:$E$43,3,0) -> 49.91 | G52: 795 | H52: =F52*G52 -> 39678.45 | J52: =VLOOKUP(D52,產線配置圖!$A$3:$C$38,2,0) -> 15 | K52: =VLOOKUP(D52,產線配置圖!$A$3:$C$38,3,0) -> 1714 | L52: =K52/J52 -> 114.26667 | M52: 15 | N52: =G52/W52*60 -> 1445.4545 | O52: =N52/M52 -> 96.363636 | P52: =M52-J52 -> 0 | Q52: =O52-L52 -> -17.90303 | R52: =O52/L52 -> 0.84332237 | T52: 0.57986111 | U52: 0.60277778 | V52: =(T52-U51)*24*60 -> 8 | W52: =(U52-T52)*24*60 -> 33 | X52: 0.47916667 | Y52: 0.52083333 | AF52: =N52-K52 -> -268.54545 | AG52: =N52/K52 -> 0.84332237
W53: =(U53-T53)*24*60 -> 0 | AF53: =N53-K53 -> 0 | AG53: =N53/K53 -> #DIV/0!
W54: =(U54-T54)*24*60 -> 0
W55: =(U55-T55)*24*60 -> 0
W56: =(U56-T56)*24*60 -> 0
W57: =(U57-T57)*24*60 -> 0
C58: 4度二組C2 | D58: 平均 | J58: =AVERAGE(J49:J57) -> 16 | K58: =AVERAGE(K49:K57) -> 1719.75 | L58: =AVERAGE(L49:L57) -> 107.83137 | M58: =AVERAGE(M49:M57) -> 16 | N58: =AVERAGE(N49:N57) -> 1505.0565 | O58: =AVERAGE(O49:O57) -> 94.274447 | P58: =M58-J58 -> 0 | Q58: =N58-K58 -> -214.69346 | R58: =O58/L58 -> 0.87427661 | Z58: =SUM(Z49:Z57) -> 0 | AA58: =SUM(AA49:AA57) -> 0 | AD58: =SUM(AD49:AD57) -> 0 | AE58: =SUM(AE49:AE57) -> 0 | AF58: =N58-K58 -> -214.69346 | AG58: =N58/K58 -> 0.87516008
A59: 調理包一線 (八爪機) | B59: 小吃、微波 | D59: 小滷青蔬 | F59: =VLOOKUP(D59,廠價表!$C$1:$E$43,3,0) -> 26.99 | G59: 2577 | H59: =F59*G59 -> 69553.23 | J59: =VLOOKUP(D59,產線配置圖!$A$3:$C$38,2,0) -> 13 | K59: =VLOOKUP(D59,產線配置圖!$A$3:$C$38,3,0) -> 1565 | L59: =K59/J59 -> 120.38462 | M59: 13 | N59: =G59/W59*60 -> 1472.5714 | O59: =N59/M59 -> 113.27473 | P59: =M59-J59 -> 0 | Q59: =O59-L59 -> -7.1098901 | R59: =O59/L59 -> 0.94094021 | S59: =R69 -> 0.83474825 | T59: 0.29166667 | U59: 0.36458333 | W59: =(U59-T59)*24*60 -> 105 | AF59: =N59-K59 -> -92.428571 | AG59: =N59/K59 -> 0.94094021 | AH59: =AG69 -> 0.91507946
B60: 小吃、微波 | D60: 起司馬鈴薯 | F60: =VLOOKUP(D60,廠價表!$C$1:$E$43,3,0) -> 28.26 | G60: 1854 | H60: =F60*G60 -> 52394.04 | J60: =VLOOKUP(D60,產線配置圖!$A$3:$C$38,2,0) -> 12 | K60: =VLOOKUP(D60,產線配置圖!$A$3:$C$38,3,0) -> 1565 | L60: =K60/J60 -> 130.41667 | M60: 12 | N60: =G60/W60*60 -> 1483.2 | O60: =N60/M60 -> 123.6 | P60: =M60-J60 -> 0 | Q60: =O60-L60 -> -6.8166667 | R60: =O60/L60 -> 0.94773163 | T60: 0.38194444 | U60: 0.43402778 | V60: =(T60-U59)*24*60 -> 25 | W60: =(U60-T60)*24*60 -> 75 | AF60: =N60-K60 -> -81.8 | AG60: =N60/K60 -> 0.94773163
B61: 小吃、微波 | D61: 麻辣雞心 | F61: =VLOOKUP(D61,廠價表!$C$1:$E$43,3,0) -> 28.26 | G61: 2212 | H61: =F61*G61 -> 62511.12 | J61: =VLOOKUP(D61,產線配置圖!$A$3:$C$38,2,0) -> 9 | K61: =VLOOKUP(D61,產線配置圖!$A$3:$C$38,3,0) -> 1636 | L61: =K61/J61 -> 181.77778 | M61: 11 | N61: =G61/W61*60 -> 1474.6667 | O61: =N61/M61 -> 134.06061 | P61: =M61-J61 -> 2 | Q61: =O61-L61 -> -47.717172 | R61: =O61/L61 -> 0.73749722 | T61: 0.44444444 | U61: 0.50694444 | V61: =(T61-U60)*24*60 -> 15 | W61: =(U61-T61)*24*60 -> 90 | AB61: 雞毛挑揀增加2人 | AF61: =N61-K61 -> -161.33333 | AG61: =N61/K61 -> 0.90138549
B62: 小吃、微波 | D62: 麻辣雞心 | F62: =VLOOKUP(D62,廠價表!$C$1:$E$43,3,0) -> 28.26 | G62: 2001 | H62: =F62*G62 -> 56548.26 | J62: =VLOOKUP(D62,產線配置圖!$A$3:$C$38,2,0) -> 9 | K62: =VLOOKUP(D62,產線配置圖!$A$3:$C$38,3,0) -> 1636 | L62: =K62/J62 -> 181.77778 | M62: 11 | N62: =G62/W62*60 -> 1600.8 | O62: =N62/M62 -> 145.52727 | P62: =M62-J62 -> 2 | Q62: =O62-L62 -> -36.250505 | R62: =O62/L62 -> 0.80057791 | T62: 0.55902778 | U62: 0.61111111 | V62: =(T62-U61)*24*60 -> 75 | W62: =(U62-T62)*24*60 -> 75 | X62: 0.50347222 | Y62: 0.54513889 | AB62: 雞毛挑揀增加2人 | AF62: =N62-K62 -> -35.2 | AG62: =N62/K62 -> 0.97848411
B63: 小吃、微波 | D63: 小滷青蔬 | F63: =VLOOKUP(D63,廠價表!$C$1:$E$43,3,0) -> 26.99 | G63: 1574 | H63: =F63*G63 -> 42482.26 | J63: =VLOOKUP(D63,產線配置圖!$A$3:$C$38,2,0) -> 13 | K63: =VLOOKUP(D63,產線配置圖!$A$3:$C$38,3,0) -> 1565 | L63: =K63/J63 -> 120.38462 | M63: 13 | N63: =G63/W63*60 -> 1259.2 | O63: =N63/M63 -> 96.861538 | P63: =M63-J63 -> 0 | Q63: =O63-L63 -> -23.523077 | R63: =O63/L63 -> 0.80460064 | T63: 0.62152778 | U63: 0.67361111 | V63: =(T63-U62)*24*60 -> 15 | W63: =(U63-T63)*24*60 -> 75
W64: =(U64-T64)*24*60 -> 0
W65: =(U65-T65)*24*60 -> 0
W66: =(U66-T66)*24*60 -> 0
W67: =(U67-T67)*24*60 -> 0
H68: =F68*G68 -> 0 | W68: =(U68-T68)*24*60 -> 0
C69: 4度三組 | D69: 平均 | J69: =AVERAGE(J59:J68) -> 11.2 | K69: =AVERAGE(K59:K68) -> 1593.4 | L69: =AVERAGE(L59:L68) -> 146.94829 | M69: =AVERAGE(M59:M68) -> 12 | N69: =AVERAGE(N59:N68) -> 1458.0876 | O69: =AVERAGE(O59:O68) -> 122.66483 | P69: =M69-J69 -> 0.8 | Q69: =N69-K69 -> -135.31238 | R69: =O69/L69 -> 0.83474825 | Z69: =SUM(Z59:Z68) -> 0 | AA69: =SUM(AA59:AA68) -> 0 | AD69: =SUM(AD59:AD68) -> 0 | AE69: =SUM(AE59:AE68) -> 0 | AF69: =N69-K69 -> -135.31238 | AG69: =N69/K69 -> 0.91507946
A70: 調理包二線 (手工) | S70: =R79 -> 0 | W70: =(U70-T70)*24*60 -> 0 | AF70: =N70-K70 -> 0 | AG70: =N70/K70 -> #DIV/0! | AH70: =AG79 -> #DIV/0!
W71: =(U71-T71)*24*60 -> 0 | AF71: -300.3125 | AG71: 0.80810703
W72: =(U72-T72)*24*60 -> 0 | AF72: -130.33333 | AG72: 0.91671991
W73: =(U73-T73)*24*60 -> 0
W74: =(U74-T74)*24*60 -> 0
H75: =F75*G75 -> 0 | W75: =(U75-T75)*24*60 -> 0
H76: =F76*G76 -> 0 | W76: =(U76-T76)*24*60 -> 0
H77: =F77*G77 -> 0 | W77: =(U77-T77)*24*60 -> 0
H78: =F78*G78 -> 0 | W78: =(U78-T78)*24*60 -> 0
C79: 4度四組 | D79: 平均 | Z79: =SUM(Z70:Z78) -> 0 | AA79: =SUM(AA70:AA78) -> 0 | AD79: =SUM(AD70:AD78) -> 0 | AE79: =SUM(AE70:AE78) -> 0 | AF79: =N79-K79 -> 0 | AG79: =N79/K79 -> #DIV/0!
AJ80: 1.當日出勤人數較多
AJ81: 2.當日出勤人數較少
AJ82: 3.當日出勤熟手較少
AJ83: 4.當日出勤新人較多
AJ84: 5.機台夾盒
AJ85: 6.封膜不順
AJ86: 7.更換膠膜
AJ87: 8.更換碳帶
AJ88: 9.當日熱轉印碳帶異常
AJ89: 10.訂單量過少
AJ90: 11.新品上市，尚未熟悉
AJ91: 12.商品結構，產能較低
AJ92: 13.區域出貨，分段生產

Sheet 0407總
B1: 長家廠組合室生產人時性分析
B3: 日期 | D3: 46119 | F3: 訂單量 | G3: ='0407'!E1 -> 61852 | I3: 營業額 | J3: ='0407'!G1 -> 2947999.1
B4: 項目 | D4: 3 | F4: ➀ | H4: ➁ | J4: ③ | L4: 異常停線 | N4: 短暫停線
B5: 人時性 | D5: 組合室 | F5: 全溫層 | H5: 義大利麵 | J5: 袋裝小吃、義麵 | L5: 合計次數 | M5: 時間 | N5: 合計次數 | O5: 設備次數
D6: 排關平均 | F6: =AVERAGE(D13:I13) -> 130.88799 | H6: =AVERAGE(D13:H13) -> 127.67593 | J6: =AVERAGE(I13) -> 146.94829 | L6: =SUM(D18:J18) -> 2 | M6: =SUM(D19:J19) -> 16 | N6: =SUM(D20:J20) -> 0 | O6: =SUM(D20:J20) -> 0
D7: 實績平均 | F7: =AVERAGE(D14:I14) -> 116.41527 | H7: =AVERAGE(D14:H14) -> 114.48075 | J7: =AVERAGE(I14) -> 126.08789 | L7: =AVERAGE(K14:L14) -> #DIV/0! | M7: =AVERAGE(L14:M14) -> #DIV/0! | N7: =AVERAGE(M14:N14) -> #DIV/0! | O7: =AVERAGE(N14:O14) -> #DIV/0!
D8: 達成率平均 | F8: =F7/F6 -> 0.88942671 | H8: =H7/H6 -> 0.89665101 | J8: =J7/J6 -> 0.85804256 | L8: =AVERAGE(K15:L15) -> #DIV/0! | M8: =AVERAGE(L15:M15) -> #DIV/0! | N8: =AVERAGE(M15:N15) -> #DIV/0! | O8: =AVERAGE(N15:O15) -> #DIV/0!
J9: ※現行日本鮮食廠以達成率80%為基本(即為現行KPI)
B10: 溫層 | D10: 4度C-各編組展開
B11: 編組 | D11: 1 | E11: 2 | F11: 3 | G11: 4 | H11: 5 | I11: 6 | J11: 7
D12: 自動1線 | E12: 自動2線 | F12: 手工3線 | G12: 手工4線 | H12: 手工5線 | I12: 調理包1線 | J12: 調理包2線
B13: 人時性 | C13: 排關 | D13: =VALUE('0407'!L15) -> 160.98352 | E13: =VALUE('0407'!L26) -> 171.91558 | F13: =VALUE('0407'!L37) -> 96.398869 | G13: =VALUE('0407'!L48) -> 96.051852 | H13: =VALUE('0407'!L58) -> 113.0298 | I13: =VALUE('0407'!L69) -> 146.94829 | J13: ='0407'!L79 -> 0
C14: 實績 | D14: =VALUE('0407'!O15) -> 154.88048 | E14: =VALUE('0407'!O26) -> 163.5225 | F14: =VALUE('0407'!O37) -> 67.772825 | G14: =VALUE('0407'!O48) -> 86.149717 | H14: =VALUE('0407'!O58) -> 100.07821 | I14: =VALUE('0407'!O69) -> 126.08789 | J14: ='0407'!O79 -> 0
C15: 達成率 | D15: =D14/D13 -> 0.96208908 | E15: =E14/E13 -> 0.95117902 | F15: =F14/F13 -> 0.70304585 | G15: =G14/G13 -> 0.89690844 | H15: =H14/H13 -> 0.88541438 | I15: =I14/I13 -> 0.85804256 | J15: ='0407'!S70 -> 0
B16: 作業 時間 | C16: 開始 | D16: ='0407'!T5 -> 0.29166667 | E16: ='0407'!T16 -> 0.29166667 | F16: ='0407'!T27 -> 0.29166667 | G16: ='0407'!T38 -> 0.33333333 | H16: ='0407'!T49 -> 0.29027778 | I16: ='0407'!T59 -> 0.29166667 | J16: ='0407'!T70 -> 0
C17: 結束 | D17: 0.65833333 | E17: 0.66041667 | F17: 0.625 | G17: 0.64236111 | H17: 0.63194444 | I17: 0.64930556 | J17: 0
B18: 產線異常 (5分鐘以上) | C18: 次數 | D18: ='0407'!Z15 -> 0 | E18: ='0407'!Z26 -> 0 | F18: ='0407'!Z37 -> 2 | G18: ='0407'!Z48 -> 0 | H18: ='0407'!Z58 -> 0 | I18: ='0407'!Z69 -> 0 | J18: ='0407'!AA79 -> 0
C19: 時間/分 | D19: ='0407'!AA15 -> 0 | E19: ='0407'!AA26 -> 0 | F19: ='0407'!AA37 -> 16 | G19: ='0407'!AA48 -> 0 | H19: ='0407'!AA58 -> 0 | I19: ='0407'!AA69 -> 0 | J19: ='0407'!AB79 -> 0
B20: 短暫停線 (5分鐘以下) | C20: 次數 | D20: ='0407'!AD15 -> 0 | E20: ='0407'!AD26 -> 0 | F20: ='0407'!AD37 -> 0 | G20: ='0407'!AD48 -> 0 | H20: ='0407'!AD58 -> 0 | I20: ='0407'!AD69 -> 0 | J20: ='0407'!AD79 -> 0
C21: 設備次數 | D21: ='0407'!AE15 -> 0 | E21: ='0407'!AE26 -> 0 | F21: ='0407'!AE37 -> 0 | G21: ='0407'!AE48 -> 0 | H21: ='0407'!AE58 -> 0 | I21: ='0407'!AE69 -> 0 | J21: ='0407'!AE79 -> 0
B22: 配置人數 | D22: =VALUE('0407'!M15) -> 13.2 | E22: =VALUE('0407'!M26) -> 12.5 | F22: =VALUE('0407'!M37) -> 14.6 | G22: =VALUE('0407'!M48) -> 16.333333 | H22: =VALUE('0407'!M58) -> 15.4 | I22: =VALUE('0407'!M69) -> 12 | J22: ='0407'!M79 -> 0
B23: 主要應用設備 | D23: ET-600 | E23: ET-600 | F23: ET-55 | G23: ET-55 | H23: ET-55 | I23: 八爪機 | J23: 八爪機
B24: 次要應用設備 | H24: 封口機 | J24: 封口機
B25: 備註

Sheet 0407
A1: 長家廠4度C日報分析 | D1: 總生產量 | E1: =SUM(G5:G79) -> 61852 | F1: 營業額 | G1: =SUM(H5:H79) -> 2947999.1 | H1: 出勤人數 | I1: =M15+M26+M48+M58+M69+M79+M37 -> 84.033333 | J1: 產線配置圖 | M1: 生產實績 | P1: 人時性差異分析 | T1: 日報登錄 | Z1: 合計 次數 | AA1: 合計 時間/分 | AB1: 分析說明 | AD1: 合計 次數 | AE1: 合計 設備次數 | AF1: 產能差異分析
A2: 04月07日 星期二 | D2: 人時性 | E2: =AVERAGE(O15,O26,O37,O48,O58,O69,O79) -> 116.41527 | F2: 平均廠價 | G2: =G1/E1 -> 47.662147 | H2: 多次生產數 | I2: =COUNT(I5:I79) -> 0 | Z2: =Z15+Z26+Z37+Z48+Z58+Z69+Z79 -> 2 | AA2: =AA15+AA26+AA37+AA48+AA58+AA69+AA79 -> 16 | AD2: =AD15+AD26+AD37+AD48+AD58+AD69+AD79 -> 0 | AE2: =AE15+AE26+AE37+AE48+AE58+AE69+AE79 -> 0
A3: 線別 | B3: 品類 | D3: 品名 | F3: 廠價 | G3: 生產量 | H3: 營收 | I3: 多次 生產 | J3: 人數 | K3: 產能/時 | L3: 人時性 | M3: 人數 | N3: 產能/時 | O3: 人時性 | P3: 人數 | Q3: 人時性 | R3: 達成率 | S3: 達成率平均 | T3: 生產時間 | V3: 前置、換線時間/分 | W3: 稼動時間/分 | X3: 休息時間 | Z3: 產線異常統計 (5分鐘以上) | AD3: 短暫停線統計 (5分鐘以下) | AF3: 產能/時 | AG3: 達成率 | AH3: 達成率平均
T4: 開始 | U4: 結束 | X4: 開始 | Y4: 結束 | Z4: 次數 | AA4: 時間/分 | AD4: 總次數 | AE4: 設備因素(次數)
A5: 自動一線 (ET-600) | B5: 義大利麵 | D5: 蒜香奶油蝦蝦義大利麵 | F5: =VLOOKUP(D5,廠價表!$C$1:$E$43,3,0) -> 57.21 | G5: 3698 | H5: =F5*G5 -> 211562.58 | J5: =VLOOKUP(D5,產線配置圖!$A$3:$C$38,2,0) -> 14 | K5: =VLOOKUP(D5,產線配置圖!$A$3:$C$38,3,0) -> 2118 | L5: =K5/J5 -> 151.28571 | M5: 14 | N5: =G5/W5*60 -> 2017.0909 | O5: =N5/M5 -> 144.07792 | P5: =M5-J5 -> 0 | Q5: =O5-L5 -> -7.2077922 | R5: =O5/L5 -> 0.95235643 | S5: =R15 -> 0.96208908 | T5: 0.29166667 | U5: 0.36805556 | W5: =(U5-T5)*24*60 -> 110 | AF5: =N5-K5 -> -100.90909 | AG5: =N5/K5 -> 0.95235643 | AH5: =AG15 -> 0.96202234
B6: 義大利麵 | D6: 青醬蛤蜊義大利麵 | F6: =VLOOKUP(D6,廠價表!$C$1:$E$43,3,0) -> 50.67 | G6: 2507 | H6: =F6*G6 -> 127029.69 | J6: =VLOOKUP(D6,產線配置圖!$A$3:$C$38,2,0) -> 12 | K6: =VLOOKUP(D6,產線配置圖!$A$3:$C$38,3,0) -> 2118 | L6: =K6/J6 -> 176.5 | M6: 12 | N6: =G6/W6*60 -> 2005.6 | O6: =N6/M6 -> 167.13333 | P6: =M6-J6 -> 0 | Q6: =O6-L6 -> -9.3666667 | R6: =O6/L6 -> 0.94693107 | T6: 0.375 | U6: 0.42708333 | V6: =(T6-U5)*24*60 -> 10 | W6: =(U6-T6)*24*60 -> 75 | AF6: =N6-K6 -> -112.4 | AG6: =N6/K6 -> 0.94693107
B7: 義大利麵 | D7: 奶油培根義大利麵 | F7: =VLOOKUP(D7,廠價表!$C$1:$E$43,3,0) -> 49.14 | G7: 2111 | H7: =F7*G7 -> 103734.54 | J7: =VLOOKUP(D7,產線配置圖!$A$3:$C$38,2,0) -> 13 | K7: =VLOOKUP(D7,產線配置圖!$A$3:$C$38,3,0) -> 2118 | L7: =K7/J7 -> 162.92308 | M7: 13 | N7: =G7/W7*60 -> 2111 | O7: =N7/M7 -> 162.38462 | P7: =M7-J7 -> 0 | Q7: =O7-L7 -> -0.53846154 | R7: =O7/L7 -> 0.996695 | T7: 0.4375 | U7: 0.47916667 | V7: =(T7-U6)*24*60 -> 15 | W7: =(U7-T7)*24*60 -> 60 | AF7: =N7-K7 -> -7 | AG7: =N7/K7 -> 0.996695
B8: 義大利麵 | D8: 奶油培根義大利麵 | F8: =VLOOKUP(D8,廠價表!$C$1:$E$43,3,0) -> 49.14 | G8: 4529 | H8: =F8*G8 -> 222555.06 | J8: =VLOOKUP(D8,產線配置圖!$A$3:$C$38,2,0) -> 13 | K8: =VLOOKUP(D8,產線配置圖!$A$3:$C$38,3,0) -> 2118 | L8: =K8/J8 -> 162.92308 | M8: 13 | N8: =G8/W8*60 -> 2043.1579 | O8: =N8/M8 -> 157.16599 | P8: =M8-J8 -> 0 | Q8: =O8-L8 -> -5.757085 | R8: =O8/L8 -> 0.96466378 | T8: 0.53819444 | U8: 0.63055556 | V8: =(T8-U7)*24*60 -> 85 | W8: =(U8-T8)*24*60 -> 133 | X8: 0.48611111 | Y8: 0.52777778 | AF8: =N8-K8 -> -74.842105 | AG8: =N8/K8 -> 0.96466378
B9: 義大利麵 | D9: 白酒清炒鮮蛤義大利麵 | F9: =VLOOKUP(D9,廠價表!$C$1:$E$43,3,0) -> 56.87 | G9: 1039 | H9: =F9*G9 -> 59087.93 | J9: =VLOOKUP(D9,產線配置圖!$A$3:$C$38,2,0) -> 14 | K9: =VLOOKUP(D9,產線配置圖!$A$3:$C$38,3,0) -> 2118 | L9: =K9/J9 -> 151.28571 | M9: 14 | N9: =G9/W9*60 -> 2010.9677 | O9: =N9/M9 -> 143.64055 | P9: =M9-J9 -> 0 | Q9: =O9-L9 -> -7.6451613 | R9: =O9/L9 -> 0.94946541 | T9: 0.63680556 | U9: 0.65833333 | V9: =(T9-U8)*24*60 -> 9 | W9: =(U9-T9)*24*60 -> 31 | AF9: =N9-K9 -> -107.03226 | AG9: =N9/K9 -> 0.94946541
W10: =(U10-T10)*24*60 -> 0 | AF10: =N10-K10 -> 0 | AG10: =N10/K10 -> #DIV/0!
W11: =(U11-T11)*24*60 -> 0 | AF11: =N11-K11 -> 0 | AG11: =N11/K11 -> #DIV/0!
W12: =(U12-T12)*24*60 -> 0
W13: =(U13-T13)*24*60 -> 0
W14: =(U14-T14)*24*60 -> 0
C15: 4度一組 | D15: 平均 | J15: =AVERAGE(J5:J14) -> 13.2 | K15: =AVERAGE(K5:K14) -> 2118 | L15: =AVERAGE(L5:L14) -> 160.98352 | M15: =AVERAGE(M5:M14) -> 13.2 | N15: =AVERAGE(N5:N14) -> 2037.5633 | O15: =AVERAGE(O5:O14) -> 154.88048 | P15: =M15-J15 -> 0 | Q15: =O15-L15 -> -6.1030333 | R15: =O15/L15 -> 0.96208908 | Z15: =SUM(Z5:Z14) -> 0 | AA15: =SUM(AA5:AA14) -> 0 | AD15: =SUM(AD5:AD14) -> 0 | AE15: =SUM(AE5:AE14) -> 0 | AF15: =N15-K15 -> -80.436691 | AG15: =N15/K15 -> 0.96202234
A16: 自動二線 (ET-600) | B16: 義大利麵 | D16: 白酒清炒鮮蛤義大利麵 | F16: =VLOOKUP(D16,廠價表!$C$1:$E$43,3,0) -> 56.87 | G16: 6070 | H16: =F16*G16 -> 345200.9 | J16: =VLOOKUP(D16,產線配置圖!$A$3:$C$38,2,0) -> 14 | K16: =VLOOKUP(D16,產線配置圖!$A$3:$C$38,3,0) -> 2118 | L16: =K16/J16 -> 151.28571 | M16: 14 | N16: =G16/W16*60 -> 2012.1547 | O16: =N16/M16 -> 143.72534 | P16: =M16-J16 -> 0 | Q16: =O16-L16 -> -7.5603788 | R16: =O16/L16 -> 0.95002582 | S16: =R26 -> 0.95117902 | T16: 0.29166667 | U16: 0.41736111 | W16: =(U16-T16)*24*60 -> 181 | AF16: =N16-K16 -> -105.8453 | AG16: =N16/K16 -> 0.95002582 | AH16: =AG26 -> 0.949037
B17: 義大利麵 | D17: 義式蕃茄起司義大利麵 | F17: =VLOOKUP(D17,廠價表!$C$1:$E$43,3,0) -> 50.39 | G17: 2522 | H17: =F17*G17 -> 127083.58 | J17: =VLOOKUP(D17,產線配置圖!$A$3:$C$38,2,0) -> 11 | K17: =VLOOKUP(D17,產線配置圖!$A$3:$C$38,3,0) -> 2118 | L17: =K17/J17 -> 192.54545 | M17: 11 | N17: =G17/W17*60 -> 2072.8767 | O17: =N17/M17 -> 188.44334 | P17: =M17-J17 -> 0 | Q17: =O17-L17 -> -4.1021171 | R17: =O17/L17 -> 0.97869533 | T17: 0.42847222 | U17: 0.47916667 | V17: =(T17-U16)*24*60 -> 16 | W17: =(U17-T17)*24*60 -> 73 | AF17: =N17-K17 -> -45.123288 | AG17: =N17/K17 -> 0.97869533
B18: 義大利麵 | D18: 義式蕃茄起司義大利麵 | F18: =VLOOKUP(D18,廠價表!$C$1:$E$43,3,0) -> 50.39 | G18: 3304 | H18: =F18*G18 -> 166488.56 | J18: =VLOOKUP(D18,產線配置圖!$A$3:$C$38,2,0) -> 11 | K18: =VLOOKUP(D18,產線配置圖!$A$3:$C$38,3,0) -> 2118 | L18: =K18/J18 -> 192.54545 | M18: 11 | N18: =G18/W18*60 -> 2022.8571 | O18: =N18/M18 -> 183.8961 | P18: =M18-J18 -> 0 | Q18: =O18-L18 -> -8.6493506 | R18: =O18/L18 -> 0.95507892 | T18: 0.53819444 | U18: 0.60625 | V18: =(T18-U17)*24*60 -> 85 | W18: =(U18-T18)*24*60 -> 98 | X18: 0.48611111 | Y18: 0.52777778 | AF18: =N18-K18 -> -95.142857 | AG18: =N18/K18 -> 0.95507892
B19: 義大利麵 | D19: 白酒清炒鮮蛤義大利麵 | F19: =VLOOKUP(D19,廠價表!$C$1:$E$43,3,0) -> 56.87 | G19: 2190 | H19: =F19*G19 -> 124545.3 | J19: =VLOOKUP(D19,產線配置圖!$A$3:$C$38,2,0) -> 14 | K19: =VLOOKUP(D19,產線配置圖!$A$3:$C$38,3,0) -> 2118 | L19: =K19/J19 -> 151.28571 | M19: 14 | N19: =G19/W19*60 -> 1932.3529 | O19: =N19/M19 -> 138.02521 | P19: =M19-J19 -> 0 | Q19: =O19-L19 -> -13.260504 | R19: =O19/L19 -> 0.91234794 | T19: 0.61319444 | U19: 0.66041667 | V19: =(T19-U18)*24*60 -> 10 | W19: =(U19-T19)*24*60 -> 68 | AF19: =N19-K19 -> -185.64706 | AG19: =N19/K19 -> 0.91234794
W20: =(U20-T20)*24*60 -> 0
W21: =(U21-T21)*24*60 -> 0
W22: 0
W23: =(U23-T23)*24*60 -> 0
H24: =F24*G24 -> 0 | W24: =(U24-T24)*24*60 -> 0
H25: =F25*G25 -> 0 | W25: =(U25-T25)*24*60 -> 0
C26: 4度二組A | D26: 平均 | J26: =AVERAGE(J16:J25) -> 12.5 | K26: =AVERAGE(K16:K25) -> 2118 | L26: =AVERAGE(L16:L25) -> 171.91558 | M26: =AVERAGE(M16:M25) -> 12.5 | N26: =AVERAGE(N16:N25) -> 2010.0604 | O26: =AVERAGE(O16:O25) -> 163.5225 | P26: =M26-J26 -> 0 | Q26: =O26-L26 -> -8.3930877 | R26: =O26/L26 -> 0.95117902 | Z26: =SUM(Z16:Z25) -> 0 | AA26: =SUM(AA16:AA25) -> 0 | AD26: =SUM(AD16:AD25) -> 0 | AE26: =SUM(AE16:AE25) -> 0 | AF26: =N26-K26 -> -107.93963 | AG26: =N26/K26 -> 0.949037
A27: 手工三線 (ET-55) | B27: 熱乾麵 | D27: 沙茶豬肉炒麵 | F27: =VLOOKUP(D27,廠價表!$C$1:$E$43,3,0) -> 49.52 | G27: 2513 | H27: =F27*G27 -> 124443.76 | J27: =VLOOKUP(D27,產線配置圖!$A$3:$C$38,2,0) -> 17 | K27: =VLOOKUP(D27,產線配置圖!$A$3:$C$38,3,0) -> 1440 | L27: =K27/J27 -> 84.705882 | M27: 17 | N27: =G27/W27*60 -> 1370.7273 | O27: =N27/M27 -> 80.631016 | P27: =M27-J27 -> 0 | Q27: =O27-L27 -> -4.0748663 | R27: =O27/L27 -> 0.95189394 | S27: =R37 -> 0.70304585 | T27: 0.29166667 | U27: 0.36805556 | W27: =(U27-T27)*24*60 -> 110 | AF27: =N27-K27 -> -69.272727 | AG27: =N27/K27 -> 0.95189394 | AH27: =AG37 -> 0.69466269
B28: 義大利麵 | D28: 焗烤起司肉醬筆尖麵 | F28: =VLOOKUP(D28,廠價表!$C$1:$E$43,3,0) -> 50.67 | G28: 1391 | H28: =F28*G28 -> 70481.97 | J28: =VLOOKUP(D28,產線配置圖!$A$3:$C$38,2,0) -> 13 | K28: =VLOOKUP(D28,產線配置圖!$A$3:$C$38,3,0) -> 1440 | L28: =K28/J28 -> 110.76923 | M28: 13 | N28: =G28/W28*60 -> 981.88235 | O28: =N28/M28 -> 75.529412 | P28: =M28-J28 -> 0 | Q28: =O28-L28 -> -35.239819 | R28: =O28/L28 -> 0.68186275 | T28: 0.375 | U28: 0.43402778 | V28: =(T28-U27)*24*60 -> 10 | W28: =(U28-T28)*24*60 -> 85 | AB28: L型封膜異常 | AF28: =N28-K28 -> -458.11765 | AG28: =N28/K28 -> 0.68186275
B29: 義大利麵 | D29: 濃拿坡里義大利麵 | F29: =VLOOKUP(D29,廠價表!$C$1:$E$43,3,0) -> 56.43 | G29: 772 | H29: =F29*G29 -> 43563.96 | J29: =VLOOKUP(D29,產線配置圖!$A$3:$C$38,2,0) -> 16 | K29: =VLOOKUP(D29,產線配置圖!$A$3:$C$38,3,0) -> 1406 | L29: =K29/J29 -> 87.875 | M29: 15 | N29: =G29/W29*60 -> 842.18182 | O29: =N29/M29 -> 56.145455 | P29: =M29-J29 -> -1 | Q29: =O29-L29 -> -31.729545 | R29: =O29/L29 -> 0.63892409 | T29: 0.44097222 | U29: 0.47916667 | V29: =(T29-U28)*24*60 -> 10 | W29: =(U29-T29)*24*60 -> 55 | Z29: 2 | AA29: 16 | AB29: 10:35-10:46、10:55-11:00 L型封膜異常 | AF29: =N29-K29 -> -563.81818 | AG29: =N29/K29 -> 0.59899134
B30: 義大利麵 | D30: 濃拿坡里義大利麵 | F30: =VLOOKUP(D30,廠價表!$C$1:$E$43,3,0) -> 56.43 | G30: 500 | H30: =F30*G30 -> 28215 | J30: =VLOOKUP(D30,產線配置圖!$A$3:$C$38,2,0) -> 16 | K30: =VLOOKUP(D30,產線配置圖!$A$3:$C$38,3,0) -> 1406 | L30: =K30/J30 -> 87.875 | M30: 15 | N30: =G30/W30*60 -> 857.14286 | O30: =N30/M30 -> 57.142857 | P30: =M30-J30 -> -1 | Q30: =O30-L30 -> -30.732143 | R30: =O30/L30 -> 0.65027433 | T30: 0.54027778 | U30: 0.56458333 | V30: =(T30-U29)*24*60 -> 88 | W30: =(U30-T30)*24*60 -> 35 | X30: 0.49652778 | Y30: 0.53819444 | AB30: L型封膜異常 | AF30: =N30-K30 -> -548.85714 | AG30: =N30/K30 -> 0.60963219
B31: 義大利麵 | D31: 焗烤起司肉醬筆尖麵 | F31: =VLOOKUP(D31,廠價表!$C$1:$E$43,3,0) -> 50.67 | G31: 1128 | H31: =F31*G31 -> 57155.76 | J31: =VLOOKUP(D31,產線配置圖!$A$3:$C$38,2,0) -> 13 | K31: =VLOOKUP(D31,產線配置圖!$A$3:$C$38,3,0) -> 1440 | L31: =K31/J31 -> 110.76923 | M31: 13 | N31: =G31/W31*60 -> 902.4 | O31: =N31/M31 -> 69.415385 | P31: =M31-J31 -> 0 | Q31: =O31-L31 -> -41.353846 | R31: =O31/L31 -> 0.62666667 | T31: 0.57291667 | U31: 0.625 | V31: =(T31-U30)*24*60 -> 12 | W31: =(U31-T31)*24*60 -> 75 | AB31: L型封膜異常 | AF31: =N31-K31 -> -537.6 | AG31: =N31/K31 -> 0.62666667
W32: =(U32-T32)*24*60 -> 0
W33: =(U33-T33)*24*60 -> 0
W34: =(U34-T34)*24*60 -> 0
W35: =(U35-T35)*24*60 -> 0
H36: =F36*G36 -> 0 | W36: =(U36-T36)*24*60 -> 0
C37: 4度二組B | D37: 平均 | J37: =AVERAGE(J27:J36) -> 15 | K37: =AVERAGE(K27:K36) -> 1426.4 | L37: =AVERAGE(L27:L36) -> 96.398869 | M37: =AVERAGE(M27:M36) -> 14.6 | N37: =AVERAGE(N27:N36) -> 990.86686 | O37: =AVERAGE(O27:O36) -> 67.772825 | P37: =M37-J37 -> -0.4 | Q37: =N37-K37 -> -435.53314 | R37: =O37/L37 -> 0.70304585 | Z37: =SUM(Z27:Z36) -> 2 | AA37: =SUM(AA27:AA36) -> 16 | AD37: =SUM(AD27:AD36) -> 0 | AE37: =SUM(AE27:AE36) -> 0 | AF37: =N37-K37 -> -435.53314 | AG37: =N37/K37 -> 0.69466269
A38: 手工四線 (ET-55) | B38: 熱乾麵 | D38: 青花椒麻雞肉拌麵 | F38: =VLOOKUP(D38,廠價表!$C$1:$E$43,3,0) -> 49.91 | G38: 2071 | H38: =F38*G38 -> 103363.61 | J38: =VLOOKUP(D38,產線配置圖!$A$3:$C$38,2,0) -> 15 | K38: =VLOOKUP(D38,產線配置圖!$A$3:$C$38,3,0) -> 1714 | L38: =K38/J38 -> 114.26667 | M38: 15 | N38: =G38/W38*60 -> 1380.6667 | O38: =N38/M38 -> 92.044444 | P38: =M38-J38 -> 0 | Q38: =O38-L38 -> -22.222222 | R38: =O38/L38 -> 0.80552314 | S38: =R48 -> 0.89690844 | T38: 0.33333333 | U38: 0.39583333 | W38: =(U38-T38)*24*60 -> 90 | AF38: =N38-K38 -> -333.33333 | AG38: =N38/K38 -> 0.80552314 | AH38: =AG48 -> 0.86902285
B39: 熱乾麵 | D39: 府城鹽水意麵 | F39: =VLOOKUP(D39,廠價表!$C$1:$E$43,3,0) -> 44.3 | G39: 3346 | H39: =F39*G39 -> 148227.8 | J39: =VLOOKUP(D39,產線配置圖!$A$3:$C$38,2,0) -> 18 | K39: =VLOOKUP(D39,產線配置圖!$A$3:$C$38,3,0) -> 1565 | L39: =K39/J39 -> 86.944444 | M39: 17 | N39: =G39/W39*60 -> 1434 | O39: =N39/M39 -> 84.352941 | P39: =M39-J39 -> -1 | Q39: =O39-L39 -> -2.5915033 | R39: =O39/L39 -> 0.97019357 | T39: 0.40277778 | U39: 0.5 | V39: =(T39-U38)*24*60 -> 10 | W39: =(U39-T39)*24*60 -> 140 | AF39: =N39-K39 -> -131 | AG39: =N39/K39 -> 0.91629393
B40: 熱乾麵 | D40: 府城鹽水意麵 | F40: =VLOOKUP(D40,廠價表!$C$1:$E$43,3,0) -> 44.3 | G40: 2906 | H40: =F40*G40 -> 128735.8 | J40: =VLOOKUP(D40,產線配置圖!$A$3:$C$38,2,0) -> 18 | K40: =VLOOKUP(D40,產線配置圖!$A$3:$C$38,3,0) -> 1565 | L40: =K40/J40 -> 86.944444 | M40: 17 | N40: =G40/W40*60 -> 1394.88 | O40: =N40/M40 -> 82.051765 | P40: =M40-J40 -> -1 | Q40: =O40-L40 -> -4.8926797 | R40: =O40/L40 -> 0.94372637 | T40: 0.55555556 | U40: 0.64236111 | V40: =(T40-U39)*24*60 -> 80 | W40: =(U40-T40)*24*60 -> 125 | AF40: =N40-K40 -> -170.12 | AG40: =N40/K40 -> 0.89129712
W41: =(U41-T41)*24*60 -> 0 | AF41: =N41-K41 -> 0 | AG41: =N41/K41 -> #DIV/0!
W42: =(U42-T42)*24*60 -> 0
W43: =(U43-T43)*24*60 -> 0
W44: =(U44-T44)*24*60 -> 0
W45: =(U45-T45)*24*60 -> 0
W46: =(U46-T46)*24*60 -> 0
H47: =F47*G47 -> 0 | W47: =(U47-T47)*24*60 -> 0
C48: 4度二組C1 | D48: 平均 | J48: =AVERAGE(J38:J47) -> 17 | K48: =AVERAGE(K38:K47) -> 1614.6667 | L48: =AVERAGE(L38:L47) -> 96.051852 | M48: =AVERAGE(M38:M47) -> 16.333333 | N48: =AVERAGE(N38:N47) -> 1403.1822 | O48: =AVERAGE(O38:O47) -> 86.149717 | P48: =M48-J48 -> -0.66666667 | Q48: =N48-K48 -> -211.48444 | R48: =O48/L48 -> 0.89690844 | W48: =(U48-T48)*24*60 -> 0 | Z48: =SUM(Z38:Z47) -> 0 | AA48: =SUM(AA38:AA47) -> 0 | AD48: =SUM(AD38:AD47) -> 0 | AE48: =SUM(AE38:AE47) -> 0 | AF48: =N48-K48 -> -211.48444 | AG48: =N48/K48 -> 0.86902285
A49: 手工五線 (ET-55) | B49: 義大利麵 | D49: 辣味香菜雞肉義大利麵 | F49: =VLOOKUP(D49,廠價表!$C$1:$E$43,3,0) -> 56.28 | G49: 763 | H49: =F49*G49 -> 42941.64 | J49: 17 | K49: 1800 | L49: =K49/J49 -> 105.88235 | M49: 17 | N49: =G49/W49*60 -> 1526 | O49: =N49/M49 -> 89.764706 | P49: =M49-J49 -> 0 | Q49: =O49-L49 -> -16.117647 | R49: =O49/L49 -> 0.84777778 | S49: =R58 -> 0.88541438 | T49: 0.29027778 | U49: 0.31111111 | W49: =(U49-T49)*24*60 -> 30 | AF49: =N49-K49 -> -274 | AG49: =N49/K49 -> 0.84777778 | AH49: =AG58 -> 0.86217135
B50: 義大利麵 | D50: 焗烤起司雙饗筆尖麵 | F50: =VLOOKUP(D50,廠價表!$C$1:$E$43,3,0) -> 49.97 | G50: 5588 | H50: =F50*G50 -> 279232.36 | J50: =VLOOKUP(D50,產線配置圖!$A$3:$C$38,2,0) -> 16 | K50: =VLOOKUP(D50,產線配置圖!$A$3:$C$38,3,0) -> 1800 | L50: =K50/J50 -> 112.5 | M50: 15 | N50: =G50/W50*60 -> 1574.0845 | O50: =N50/M50 -> 104.93897 | P50: =M50-J50 -> -1 | Q50: =O50-L50 -> -7.5610329 | R50: =O50/L50 -> 0.93279082 | T50: 0.31736111 | U50: 0.46527778 | V50: =(T50-U49)*24*60 -> 9 | W50: =(U50-T50)*24*60 -> 213 | AF50: =N50-K50 -> -225.91549 | AG50: =N50/K50 -> 0.87449139
B51: 義大利麵 | D51: 焗烤起司雙饗筆尖麵 | F51: =VLOOKUP(D51,廠價表!$C$1:$E$43,3,0) -> 49.97 | G51: 893 | H51: =F51*G51 -> 44623.21 | J51: =VLOOKUP(D51,產線配置圖!$A$3:$C$38,2,0) -> 16 | K51: =VLOOKUP(D51,產線配置圖!$A$3:$C$38,3,0) -> 1800 | L51: =K51/J51 -> 112.5 | M51: 15 | N51: =G51/W51*60 -> 1575.8824 | O51: =N51/M51 -> 105.05882 | P51: =M51-J51 -> -1 | Q51: =O51-L51 -> -7.4411765 | R51: =O51/L51 -> 0.93385621 | T51: 0.52152778 | U51: 0.54513889 | V51: =(T51-U50)*24*60 -> 81 | W51: =(U51-T51)*24*60 -> 34 | AF51: =N51-K51 -> -224.11765 | AG51: =N51/K51 -> 0.8754902
B52: 熱乾麵 | D52: 青花椒麻雞肉拌麵 | F52: =VLOOKUP(D52,廠價表!$C$1:$E$43,3,0) -> 49.91 | G52: 765 | H52: =F52*G52 -> 38181.15 | J52: =VLOOKUP(D52,產線配置圖!$A$3:$C$38,2,0) -> 15 | K52: =VLOOKUP(D52,產線配置圖!$A$3:$C$38,3,0) -> 1714 | L52: =K52/J52 -> 114.26667 | M52: 15 | N52: =G52/W52*60 -> 1530 | O52: =N52/M52 -> 102 | P52: =M52-J52 -> 0 | Q52: =O52-L52 -> -12.266667 | R52: =O52/L52 -> 0.89264877 | T52: 0.55208333 | U52: 0.57291667 | V52: =(T52-U51)*24*60 -> 10 | W52: =(U52-T52)*24*60 -> 30 | X52: 0.47916667 | Y52: 0.52083333 | AF52: =N52-K52 -> -184 | AG52: =N52/K52 -> 0.89264877
B53: 義大利麵 | D53: 青醬蛤蜊義大利麵 | F53: =VLOOKUP(D53,廠價表!$C$1:$E$43,3,0) -> 50.67 | G53: 1726 | H53: =F53*G53 -> 87456.42 | J53: 15 | K53: 1800 | L53: =K53/J53 -> 120 | M53: 15 | N53: =G53/W53*60 -> 1479.4286 | O53: =N53/M53 -> 98.628571 | P53: =M53-J53 -> 0 | Q53: =O53-L53 -> -21.371429 | R53: =O53/L53 -> 0.82190476 | T53: 0.58333333 | U53: 0.63194444 | W53: =(U53-T53)*24*60 -> 70 | AB53: 支援自動線製作 | AF53: =N53-K53 -> -320.57143 | AG53: =N53/K53 -> 0.82190476
W54: =(U54-T54)*24*60 -> 0
W55: =(U55-T55)*24*60 -> 0
W56: =(U56-T56)*24*60 -> 0
W57: =(U57-T57)*24*60 -> 0
C58: 4度二組C2 | D58: 平均 | J58: =AVERAGE(J49:J57) -> 15.8 | K58: =AVERAGE(K49:K57) -> 1782.8 | L58: =AVERAGE(L49:L57) -> 113.0298 | M58: =AVERAGE(M49:M57) -> 15.4 | N58: =AVERAGE(N49:N57) -> 1537.0791 | O58: =AVERAGE(O49:O57) -> 100.07821 | P58: =M58-J58 -> -0.4 | Q58: =N58-K58 -> -245.72091 | R58: =O58/L58 -> 0.88541438 | Z58: =SUM(Z49:Z57) -> 0 | AA58: =SUM(AA49:AA57) -> 0 | AD58: =SUM(AD49:AD57) -> 0 | AE58: =SUM(AE49:AE57) -> 0 | AF58: =N58-K58 -> -245.72091 | AG58: =N58/K58 -> 0.86217135
A59: 調理包一線 (八爪機) | B59: 小吃、微波 | D59: 小滷青蔬 | F59: =VLOOKUP(D59,廠價表!$C$1:$E$43,3,0) -> 26.99 | G59: 3003 | H59: =F59*G59 -> 81050.97 | J59: =VLOOKUP(D59,產線配置圖!$A$3:$C$38,2,0) -> 13 | K59: =VLOOKUP(D59,產線配置圖!$A$3:$C$38,3,0) -> 1565 | L59: =K59/J59 -> 120.38462 | M59: 13 | N59: =G59/W59*60 -> 1441.44 | O59: =N59/M59 -> 110.88 | P59: =M59-J59 -> 0 | Q59: =O59-L59 -> -9.5046154 | R59: =O59/L59 -> 0.92104792 | S59: =R69 -> 0.85804256 | T59: 0.29166667 | U59: 0.37847222 | W59: =(U59-T59)*24*60 -> 125 | AF59: =N59-K59 -> -123.56 | AG59: =N59/K59 -> 0.92104792 | AH59: =AG69 -> 0.93880256
B60: 小吃、微波 | D60: 麻辣雞心 | F60: =VLOOKUP(D60,廠價表!$C$1:$E$43,3,0) -> 28.26 | G60: 1862 | H60: =F60*G60 -> 52620.12 | J60: =VLOOKUP(D60,產線配置圖!$A$3:$C$38,2,0) -> 9 | K60: =VLOOKUP(D60,產線配置圖!$A$3:$C$38,3,0) -> 1636 | L60: =K60/J60 -> 181.77778 | M60: 11 | N60: =G60/W60*60 -> 1596 | O60: =N60/M60 -> 145.09091 | P60: =M60-J60 -> 2 | Q60: =O60-L60 -> -36.686869 | R60: =O60/L60 -> 0.79817737 | T60: 0.39930556 | U60: 0.44791667 | V60: =(T60-U59)*24*60 -> 30 | W60: =(U60-T60)*24*60 -> 70 | AB60: 雞毛挑揀增加2人 | AF60: =N60-K60 -> -40 | AG60: =N60/K60 -> 0.97555012
B61: 小吃、微波 | D61: 起司馬鈴薯 | F61: =VLOOKUP(D61,廠價表!$C$1:$E$43,3,0) -> 28.26 | G61: 1638 | H61: =F61*G61 -> 46289.88 | J61: =VLOOKUP(D61,產線配置圖!$A$3:$C$38,2,0) -> 12 | K61: =VLOOKUP(D61,產線配置圖!$A$3:$C$38,3,0) -> 1565 | L61: =K61/J61 -> 130.41667 | M61: 12 | N61: =G61/W61*60 -> 1404 | O61: =N61/M61 -> 117 | P61: =M61-J61 -> 0 | Q61: =O61-L61 -> -13.416667 | R61: =O61/L61 -> 0.8971246 | T61: 0.45833333 | U61: 0.50694444 | V61: =(T61-U60)*24*60 -> 15 | W61: =(U61-T61)*24*60 -> 70 | AF61: =N61-K61 -> -161 | AG61: =N61/K61 -> 0.8971246
B62: 小吃、微波 | D62: 麻辣雞心 | F62: =VLOOKUP(D62,廠價表!$C$1:$E$43,3,0) -> 28.26 | G62: 2125 | H62: =F62*G62 -> 60052.5 | J62: =VLOOKUP(D62,產線配置圖!$A$3:$C$38,2,0) -> 9 | K62: =VLOOKUP(D62,產線配置圖!$A$3:$C$38,3,0) -> 1636 | L62: =K62/J62 -> 181.77778 | M62: 11 | N62: =G62/W62*60 -> 1700 | O62: =N62/M62 -> 154.54545 | P62: =M62-J62 -> 2 | Q62: =O62-L62 -> -27.232323 | R62: =O62/L62 -> 0.85018893 | T62: 0.55902778 | U62: 0.61111111 | V62: =(T62-U61)*24*60 -> 75 | W62: =(U62-T62)*24*60 -> 75 | X62: 0.50347222 | Y62: 0.54513889 | AB62: 雞毛挑揀增加2人 | AF62: =N62-K62 -> 64 | AG62: =N62/K62 -> 1.0391198
B63: 小吃、微波 | D63: 小滷青蔬 | F63: =VLOOKUP(D63,廠價表!$C$1:$E$43,3,0) -> 26.99 | G63: 892 | H63: =F63*G63 -> 24075.08 | J63: =VLOOKUP(D63,產線配置圖!$A$3:$C$38,2,0) -> 13 | K63: =VLOOKUP(D63,產線配置圖!$A$3:$C$38,3,0) -> 1565 | L63: =K63/J63 -> 120.38462 | M63: 13 | N63: =G63/W63*60 -> 1338 | O63: =N63/M63 -> 102.92308 | P63: =M63-J63 -> 0 | Q63: =O63-L63 -> -17.461538 | R63: =O63/L63 -> 0.85495208 | T63: 0.62152778 | U63: 0.64930556 | V63: =(T63-U62)*24*60 -> 15 | W63: =(U63-T63)*24*60 -> 40
W64: =(U64-T64)*24*60 -> 0
W65: =(U65-T65)*24*60 -> 0
W66: =(U66-T66)*24*60 -> 0
W67: =(U67-T67)*24*60 -> 0
H68: =F68*G68 -> 0 | W68: =(U68-T68)*24*60 -> 0
C69: 4度三組 | D69: 平均 | J69: =AVERAGE(J59:J68) -> 11.2 | K69: =AVERAGE(K59:K68) -> 1593.4 | L69: =AVERAGE(L59:L68) -> 146.94829 | M69: =AVERAGE(M59:M68) -> 12 | N69: =AVERAGE(N59:N68) -> 1495.888 | O69: =AVERAGE(O59:O68) -> 126.08789 | P69: =M69-J69 -> 0.8 | Q69: =N69-K69 -> -97.512 | R69: =O69/L69 -> 0.85804256 | Z69: =SUM(Z59:Z68) -> 0 | AA69: =SUM(AA59:AA68) -> 0 | AD69: =SUM(AD59:AD68) -> 0 | AE69: =SUM(AE59:AE68) -> 0 | AF69: =N69-K69 -> -97.512 | AG69: =N69/K69 -> 0.93880256
A70: 調理包二線 (手工) | S70: =R79 -> 0 | W70: =(U70-T70)*24*60 -> 0 | AF70: =N70-K70 -> 0 | AG70: =N70/K70 -> #DIV/0! | AH70: =AG79 -> #DIV/0!
W71: =(U71-T71)*24*60 -> 0 | AF71: -300.3125 | AG71: 0.80810703
W72: =(U72-T72)*24*60 -> 0 | AF72: -130.33333 | AG72: 0.91671991
W73: =(U73-T73)*24*60 -> 0
W74: =(U74-T74)*24*60 -> 0
H75: =F75*G75 -> 0 | W75: =(U75-T75)*24*60 -> 0
H76: =F76*G76 -> 0 | W76: =(U76-T76)*24*60 -> 0
H77: =F77*G77 -> 0 | W77: =(U77-T77)*24*60 -> 0
H78: =F78*G78 -> 0 | W78: =(U78-T78)*24*60 -> 0
C79: 4度四組 | D79: 平均 | Z79: =SUM(Z70:Z78) -> 0 | AA79: =SUM(AA70:AA78) -> 0 | AD79: =SUM(AD70:AD78) -> 0 | AE79: =SUM(AE70:AE78) -> 0 | AF79: =N79-K79 -> 0 | AG79: =N79/K79 -> #DIV/0!
AJ80: 1.當日出勤人數較多
AJ81: 2.當日出勤人數較少
AJ82: 3.當日出勤熟手較少
AJ83: 4.當日出勤新人較多
AJ84: 5.機台夾盒
AJ85: 6.封膜不順
AJ86: 7.更換膠膜
AJ87: 8.更換碳帶
AJ88: 9.當日熱轉印碳帶異常
AJ89: 10.訂單量過少
AJ90: 11.新品上市，尚未熟悉
AJ91: 12.商品結構，產能較低
AJ92: 13.區域出貨，分段生產

Sheet 0408總 
B1: 長家廠組合室生產人時性分析
B3: 日期 | D3: 46120 | F3: 訂單量 | G3: ='0408'!E1 -> 55758 | I3: 營業額 | J3: ='0408'!G1 -> 2627364.1
B4: 項目 | D4: 3 | F4: ➀ | H4: ➁ | J4: ③ | L4: 異常停線 | N4: 短暫停線
B5: 人時性 | D5: 組合室 | F5: 全溫層 | H5: 義大利麵 | J5: 袋裝小吃、義麵 | L5: 合計次數 | M5: 時間 | N5: 合計次數 | O5: 設備次數
D6: 排關平均 | F6: =AVERAGE(D13:I13) -> 133.78448 | H6: =AVERAGE(D13:H13) -> 129.99074 | J6: =AVERAGE(I13) -> 152.75321 | L6: =SUM(D18:J18) -> 2 | M6: =SUM(D19:J19) -> 13 | N6: =SUM(D20:J20) -> 0 | O6: =SUM(D20:J20) -> 0
D7: 實績平均 | F7: =AVERAGE(D14:I14) -> 115.95806 | H7: =AVERAGE(D14:H14) -> 117.87692 | J7: =AVERAGE(I14) -> 106.36377 | L7: =AVERAGE(K14:L14) -> #DIV/0! | M7: =AVERAGE(L14:M14) -> #DIV/0! | N7: =AVERAGE(M14:N14) -> #DIV/0! | O7: =AVERAGE(N14:O14) -> #DIV/0!
D8: 達成率平均 | F8: =F7/F6 -> 0.86675269 | H8: =H7/H6 -> 0.90681013 | J8: =J7/J6 -> 0.6963112 | L8: =AVERAGE(K15:L15) -> #DIV/0! | M8: =AVERAGE(L15:M15) -> #DIV/0! | N8: =AVERAGE(M15:N15) -> #DIV/0! | O8: =AVERAGE(N15:O15) -> #DIV/0!
J9: ※現行日本鮮食廠以達成率80%為基本(即為現行KPI)
B10: 溫層 | D10: 4度C-各編組展開
B11: 編組 | D11: 1 | E11: 2 | F11: 3 | G11: 4 | H11: 5 | I11: 6 | J11: 7
D12: 自動1線 | E12: 自動2線 | F12: 手工3線 | G12: 手工4線 | H12: 手工5線 | I12: 調理包1線 | J12: 調理包2線
B13: 人時性 | C13: 排關 | D13: =VALUE('0408'!L15) -> 163.40797 | E13: =VALUE('0408'!L26) -> 178.21916 | F13: =VALUE('0408'!L37) -> 98.529836 | G13: =VALUE('0408'!L48) -> 100.60556 | H13: =VALUE('0408'!L58) -> 109.19118 | I13: =VALUE('0408'!L69) -> 152.75321 | J13: ='0408'!L79 -> 0
C14: 實績 | D14: =VALUE('0408'!O15) -> 159.67851 | E14: =VALUE('0408'!O26) -> 163.39889 | F14: =VALUE('0408'!O37) -> 72.066061 | G14: =VALUE('0408'!O48) -> 89.390043 | H14: =VALUE('0408'!O58) -> 104.85109 | I14: =VALUE('0408'!O69) -> 106.36377 | J14: ='0408'!O79 -> 0
C15: 達成率 | D15: =D14/D13 -> 0.97717703 | E15: =E14/E13 -> 0.91684244 | F15: =F14/F13 -> 0.73141359 | G15: =G14/G13 -> 0.88851995 | H15: =H14/H13 -> 0.96025241 | I15: =I14/I13 -> 0.6963112 | J15: ='0408'!S70 -> 0
B16: 作業 時間 | C16: 開始 | D16: ='0408'!T5 -> 0.29166667 | E16: ='0408'!T16 -> 0.29097222 | F16: ='0408'!T27 -> 0.29027778 | G16: ='0408'!T38 -> 0.33333333 | H16: ='0408'!T49 -> 0.29166667 | I16: ='0408'!T59 -> 0.29166667 | J16: ='0408'!T70 -> 0
C17: 結束 | D17: 0.63680556 | E17: 0.65972222 | F17: 0.59583333 | G17: 0.66319444 | H17: 0.47569444 | I17: 0.66666667 | J17: 0
B18: 產線異常 (5分鐘以上) | C18: 次數 | D18: ='0408'!Z15 -> 0 | E18: ='0408'!Z26 -> 0 | F18: ='0408'!Z37 -> 2 | G18: ='0408'!Z48 -> 0 | H18: ='0408'!Z58 -> 0 | I18: ='0408'!Z69 -> 0 | J18: ='0408'!AA79 -> 0
C19: 時間/分 | D19: ='0408'!AA15 -> 0 | E19: ='0408'!AA26 -> 0 | F19: ='0408'!AA37 -> 13 | G19: ='0408'!AA48 -> 0 | H19: ='0408'!AA58 -> 0 | I19: ='0408'!AA69 -> 0 | J19: ='0408'!AB79 -> 0
B20: 短暫停線 (5分鐘以下) | C20: 次數 | D20: ='0408'!AD15 -> 0 | E20: ='0408'!AD26 -> 0 | F20: ='0408'!AD37 -> 0 | G20: ='0408'!AD48 -> 0 | H20: ='0408'!AD58 -> 0 | I20: ='0408'!AD69 -> 0 | J20: ='0408'!AD79 -> 0
C21: 設備次數 | D21: ='0408'!AE15 -> 0 | E21: ='0408'!AE26 -> 0 | F21: ='0408'!AE37 -> 0 | G21: ='0408'!AE48 -> 0 | H21: ='0408'!AE58 -> 0 | I21: ='0408'!AE69 -> 0 | J21: ='0408'!AE79 -> 0
B22: 配置人數 | D22: =VALUE('0408'!M15) -> 12.75 | E22: =VALUE('0408'!M26) -> 12 | F22: =VALUE('0408'!M37) -> 14.5 | G22: =VALUE('0408'!M48) -> 15.5 | H22: =VALUE('0408'!M58) -> 16 | I22: =VALUE('0408'!M69) -> 11.833333 | J22: ='0408'!M79 -> 0
B23: 主要應用設備 | D23: ET-600 | E23: ET-600 | F23: ET-55 | G23: ET-55 | H23: ET-55 | I23: 八爪機 | J23: 八爪機
B24: 次要應用設備 | H24: 封口機 | J24: 封口機
B25: 備註

Sheet 0408
A1: 長家廠4度C日報分析 | D1: 總生產量 | E1: =SUM(G5:G79) -> 55758 | F1: 營業額 | G1: =SUM(H5:H79) -> 2627364.1 | H1: 出勤人數 | I1: =M15+M26+M48+M58+M69+M79+M37 -> 82.583333 | J1: 產線配置圖 | M1: 生產實績 | P1: 人時性差異分析 | T1: 日報登錄 | Z1: 合計 次數 | AA1: 合計 時間/分 | AB1: 分析說明 | AD1: 合計 次數 | AE1: 合計 設備次數 | AF1: 產能差異分析
A2: 04月08日 星期三 | D2: 人時性 | E2: =AVERAGE(O15,O26,O37,O48,O58,O69,O79) -> 115.95806 | F2: 平均廠價 | G2: =G1/E1 -> 47.120845 | H2: 多次生產數 | I2: =COUNT(I5:I79) -> 0 | Z2: =Z15+Z26+Z37+Z48+Z58+Z69+Z79 -> 2 | AA2: =AA15+AA26+AA37+AA48+AA58+AA69+AA79 -> 13 | AD2: =AD15+AD26+AD37+AD48+AD58+AD69+AD79 -> 0 | AE2: =AE15+AE26+AE37+AE48+AE58+AE69+AE79 -> 0
A3: 線別 | B3: 品類 | D3: 品名 | F3: 廠價 | G3: 生產量 | H3: 營收 | I3: 多次 生產 | J3: 人數 | K3: 產能/時 | L3: 人時性 | M3: 人數 | N3: 產能/時 | O3: 人時性 | P3: 人數 | Q3: 人時性 | R3: 達成率 | S3: 達成率平均 | T3: 生產時間 | V3: 前置、換線時間/分 | W3: 稼動時間/分 | X3: 休息時間 | Z3: 產線異常統計 (5分鐘以上) | AD3: 短暫停線統計 (5分鐘以下) | AF3: 產能/時 | AG3: 達成率 | AH3: 達成率平均
T4: 開始 | U4: 結束 | X4: 開始 | Y4: 結束 | Z4: 次數 | AA4: 時間/分 | AD4: 總次數 | AE4: 設備因素(次數)
A5: 自動一線 (ET-600) | B5: 義大利麵 | D5: 蒜香奶油蝦蝦義大利麵 | F5: =VLOOKUP(D5,廠價表!$C$1:$E$43,3,0) -> 57.21 | G5: 3668 | H5: =F5*G5 -> 209846.28 | J5: =VLOOKUP(D5,產線配置圖!$A$3:$C$38,2,0) -> 14 | K5: =VLOOKUP(D5,產線配置圖!$A$3:$C$38,3,0) -> 2118 | L5: =K5/J5 -> 151.28571 | M5: 13 | N5: =G5/W5*60 -> 1965 | O5: =N5/M5 -> 151.15385 | P5: =M5-J5 -> -1 | Q5: =O5-L5 -> -0.13186813 | R5: =O5/L5 -> 0.99912835 | S5: =R15 -> 0.97717703 | T5: 0.29166667 | U5: 0.36944444 | W5: =(U5-T5)*24*60 -> 112 | AF5: =N5-K5 -> -153 | AG5: =N5/K5 -> 0.92776204 | AH5: =AG15 -> 0.95988901
B6: 義大利麵 | D6: 青醬蛤蜊義大利麵 | F6: =VLOOKUP(D6,廠價表!$C$1:$E$43,3,0) -> 50.67 | G6: 2327 | H6: =F6*G6 -> 117909.09 | J6: =VLOOKUP(D6,產線配置圖!$A$3:$C$38,2,0) -> 12 | K6: =VLOOKUP(D6,產線配置圖!$A$3:$C$38,3,0) -> 2118 | L6: =K6/J6 -> 176.5 | M6: 12 | N6: =G6/W6*60 -> 2053.2353 | O6: =N6/M6 -> 171.10294 | P6: =M6-J6 -> 0 | Q6: =O6-L6 -> -5.3970588 | R6: =O6/L6 -> 0.96942176 | T6: 0.37638889 | U6: 0.42361111 | V6: =(T6-U5)*24*60 -> 10 | W6: =(U6-T6)*24*60 -> 68 | AF6: =N6-K6 -> -64.764706 | AG6: =N6/K6 -> 0.96942176
B7: 義大利麵 | D7: 奶油培根義大利麵 | F7: =VLOOKUP(D7,廠價表!$C$1:$E$43,3,0) -> 49.14 | G7: 2375 | H7: =F7*G7 -> 116707.5 | J7: =VLOOKUP(D7,產線配置圖!$A$3:$C$38,2,0) -> 13 | K7: =VLOOKUP(D7,產線配置圖!$A$3:$C$38,3,0) -> 2118 | L7: =K7/J7 -> 162.92308 | M7: 13 | N7: =G7/W7*60 -> 2035.7143 | O7: =N7/M7 -> 156.59341 | P7: =M7-J7 -> 0 | Q7: =O7-L7 -> -6.3296703 | R7: =O7/L7 -> 0.96114933 | T7: 0.43055556 | U7: 0.47916667 | V7: =(T7-U6)*24*60 -> 10 | W7: =(U7-T7)*24*60 -> 70 | AF7: =N7-K7 -> -82.285714 | AG7: =N7/K7 -> 0.96114933
B8: 義大利麵 | D8: 奶油培根義大利麵 | F8: =VLOOKUP(D8,廠價表!$C$1:$E$43,3,0) -> 49.14 | G8: 3914 | H8: =F8*G8 -> 192333.96 | J8: =VLOOKUP(D8,產線配置圖!$A$3:$C$38,2,0) -> 13 | K8: =VLOOKUP(D8,產線配置圖!$A$3:$C$38,3,0) -> 2118 | L8: =K8/J8 -> 162.92308 | M8: 13 | N8: =G8/W8*60 -> 2078.2301 | O8: =N8/M8 -> 159.86385 | P8: =M8-J8 -> 0 | Q8: =O8-L8 -> -3.059224 | R8: =O8/L8 -> 0.98122289 | T8: 0.55833333 | U8: 0.63680556 | V8: =(T8-U7)*24*60 -> 114 | W8: =(U8-T8)*24*60 -> 113 | X8: 0.48611111 | Y8: 0.52777778 | AB8: 13:00-13:15試產 | AF8: =N8-K8 -> -39.769912 | AG8: =N8/K8 -> 0.98122289
W9: =(U9-T9)*24*60 -> 0 | AF9: =N9-K9 -> 0 | AG9: =N9/K9 -> #DIV/0!
W10: =(U10-T10)*24*60 -> 0 | AF10: =N10-K10 -> 0 | AG10: =N10/K10 -> #DIV/0!
W11: =(U11-T11)*24*60 -> 0 | AF11: =N11-K11 -> 0 | AG11: =N11/K11 -> #DIV/0!
W12: =(U12-T12)*24*60 -> 0
W13: =(U13-T13)*24*60 -> 0
W14: =(U14-T14)*24*60 -> 0
C15: 4度一組 | D15: 平均 | J15: =AVERAGE(J5:J14) -> 13 | K15: =AVERAGE(K5:K14) -> 2118 | L15: =AVERAGE(L5:L14) -> 163.40797 | M15: =AVERAGE(M5:M14) -> 12.75 | N15: =AVERAGE(N5:N14) -> 2033.0449 | O15: =AVERAGE(O5:O14) -> 159.67851 | P15: =M15-J15 -> -0.25 | Q15: =O15-L15 -> -3.7294553 | R15: =O15/L15 -> 0.97717703 | Z15: =SUM(Z5:Z14) -> 0 | AA15: =SUM(AA5:AA14) -> 0 | AD15: =SUM(AD5:AD14) -> 0 | AE15: =SUM(AE5:AE14) -> 0 | AF15: =N15-K15 -> -84.955083 | AG15: =N15/K15 -> 0.95988901
A16: 自動二線 (ET-600) | B16: 義大利麵 | D16: 白酒清炒鮮蛤義大利麵 | F16: =VLOOKUP(D16,廠價表!$C$1:$E$43,3,0) -> 56.87 | G16: 5812 | H16: =F16*G16 -> 330528.44 | J16: =VLOOKUP(D16,產線配置圖!$A$3:$C$38,2,0) -> 14 | K16: =VLOOKUP(D16,產線配置圖!$A$3:$C$38,3,0) -> 2118 | L16: =K16/J16 -> 151.28571 | M16: 14 | N16: =G16/W16*60 -> 2051.2941 | O16: =N16/M16 -> 146.52101 | P16: =M16-J16 -> 0 | Q16: =O16-L16 -> -4.7647059 | R16: =O16/L16 -> 0.96850525 | S16: =R26 -> 0.91684244 | T16: 0.29097222 | U16: 0.40902778 | W16: =(U16-T16)*24*60 -> 170 | AF16: =N16-K16 -> -66.705882 | AG16: =N16/K16 -> 0.96850525 | AH16: =AG26 -> 0.91778249
B17: 義大利麵 | D17: 義式蕃茄起司義大利麵 | F17: =VLOOKUP(D17,廠價表!$C$1:$E$43,3,0) -> 50.39 | G17: 3052 | H17: =F17*G17 -> 153790.28 | J17: =VLOOKUP(D17,產線配置圖!$A$3:$C$38,2,0) -> 11 | K17: =VLOOKUP(D17,產線配置圖!$A$3:$C$38,3,0) -> 2118 | L17: =K17/J17 -> 192.54545 | M17: 11 | N17: =G17/W17*60 -> 2034.6667 | O17: =N17/M17 -> 184.9697 | P17: =M17-J17 -> 0 | Q17: =O17-L17 -> -7.5757576 | R17: =O17/L17 -> 0.96065471 | T17: 0.41666667 | U17: 0.47916667 | V17: =(T17-U16)*24*60 -> 11 | W17: =(U17-T17)*24*60 -> 90 | AF17: =N17-K17 -> -83.333333 | AG17: =N17/K17 -> 0.96065471
B18: 義大利麵 | D18: 義式蕃茄起司義大利麵 | F18: =VLOOKUP(D18,廠價表!$C$1:$E$43,3,0) -> 50.39 | G18: 2449 | H18: =F18*G18 -> 123405.11 | J18: =VLOOKUP(D18,產線配置圖!$A$3:$C$38,2,0) -> 11 | K18: =VLOOKUP(D18,產線配置圖!$A$3:$C$38,3,0) -> 2118 | L18: =K18/J18 -> 192.54545 | M18: 11 | N18: =G18/W18*60 -> 1933.4211 | O18: =N18/M18 -> 175.76555 | P18: =M18-J18 -> 0 | Q18: =O18-L18 -> -16.779904 | R18: =O18/L18 -> 0.91285224 | T18: 0.56111111 | U18: 0.61388889 | V18: =(T18-U17)*24*60 -> 118 | W18: =(U18-T18)*24*60 -> 76 | X18: 0.48611111 | Y18: 0.52777778 | AB18: 13:00-13:23試產 | AF18: =N18-K18 -> -184.57895 | AG18: =N18/K18 -> 0.91285224
B19: 義大利麵 | D19: 青醬蛤蜊義大利麵 | F19: =VLOOKUP(D19,廠價表!$C$1:$E$43,3,0) -> 50.67 | G19: 1639 | H19: =F19*G19 -> 83048.13 | J19: =VLOOKUP(D19,產線配置圖!$A$3:$C$38,2,0) -> 12 | K19: =VLOOKUP(D19,產線配置圖!$A$3:$C$38,3,0) -> 2118 | L19: =K19/J19 -> 176.5 | M19: 12 | N19: =G19/W19*60 -> 1756.0714 | O19: =N19/M19 -> 146.33929 | P19: =M19-J19 -> 0 | Q19: =O19-L19 -> -30.160714 | R19: =O19/L19 -> 0.82911777 | T19: 0.62083333 | U19: 0.65972222 | V19: =(T19-U18)*24*60 -> 10 | W19: =(U19-T19)*24*60 -> 56 | AF19: =N19-K19 -> -361.92857 | AG19: =N19/K19 -> 0.82911777
W20: =(U20-T20)*24*60 -> 0
W21: =(U21-T21)*24*60 -> 0
W22: 0
W23: =(U23-T23)*24*60 -> 0
H24: =F24*G24 -> 0 | W24: =(U24-T24)*24*60 -> 0
H25: =F25*G25 -> 0 | W25: =(U25-T25)*24*60 -> 0
C26: 4度二組A | D26: 平均 | J26: =AVERAGE(J16:J25) -> 12 | K26: =AVERAGE(K16:K25) -> 2118 | L26: =AVERAGE(L16:L25) -> 178.21916 | M26: =AVERAGE(M16:M25) -> 12 | N26: =AVERAGE(N16:N25) -> 1943.8633 | O26: =AVERAGE(O16:O25) -> 163.39889 | P26: =M26-J26 -> 0 | Q26: =O26-L26 -> -14.820271 | R26: =O26/L26 -> 0.91684244 | Z26: =SUM(Z16:Z25) -> 0 | AA26: =SUM(AA16:AA25) -> 0 | AD26: =SUM(AD16:AD25) -> 0 | AE26: =SUM(AE16:AE25) -> 0 | AF26: =N26-K26 -> -174.13668 | AG26: =N26/K26 -> 0.91778249
A27: 手工三線 (ET-55) | B27: 熱乾麵 | D27: 沙茶豬肉炒麵 | F27: =VLOOKUP(D27,廠價表!$C$1:$E$43,3,0) -> 49.52 | G27: 2505 | H27: =F27*G27 -> 124047.6 | J27: =VLOOKUP(D27,產線配置圖!$A$3:$C$38,2,0) -> 17 | K27: =VLOOKUP(D27,產線配置圖!$A$3:$C$38,3,0) -> 1440 | L27: =K27/J27 -> 84.705882 | M27: 17 | N27: =G27/W27*60 -> 1354.0541 | O27: =N27/M27 -> 79.650238 | P27: =M27-J27 -> 0 | Q27: =O27-L27 -> -5.0556439 | R27: =O27/L27 -> 0.94031532 | S27: =R37 -> 0.73141359 | T27: 0.29027778 | U27: 0.36736111 | W27: =(U27-T27)*24*60 -> 111 | AF27: =N27-K27 -> -85.945946 | AG27: =N27/K27 -> 0.94031532 | AH27: =AG37 -> 0.73048017
B28: 義大利麵 | D28: 濃拿坡里義大利麵 | F28: =VLOOKUP(D28,廠價表!$C$1:$E$43,3,0) -> 56.43 | G28: 1094 | H28: =F28*G28 -> 61734.42 | J28: =VLOOKUP(D28,產線配置圖!$A$3:$C$38,2,0) -> 16 | K28: =VLOOKUP(D28,產線配置圖!$A$3:$C$38,3,0) -> 1406 | L28: =K28/J28 -> 87.875 | M28: 15 | N28: =G28/W28*60 -> 875.2 | O28: =N28/M28 -> 58.346667 | P28: =M28-J28 -> -1 | Q28: =O28-L28 -> -29.528333 | R28: =O28/L28 -> 0.66397345 | T28: 0.37430556 | U28: 0.42638889 | V28: =(T28-U27)*24*60 -> 10 | W28: =(U28-T28)*24*60 -> 75 | AB28: L型封膜異常 | AF28: =N28-K28 -> -530.8 | AG28: =N28/K28 -> 0.62247511
B29: 義大利麵 | D29: 焗烤起司肉醬筆尖麵 | F29: =VLOOKUP(D29,廠價表!$C$1:$E$43,3,0) -> 50.67 | G29: 1400 | H29: =F29*G29 -> 70938 | J29: =VLOOKUP(D29,產線配置圖!$A$3:$C$38,2,0) -> 13 | K29: =VLOOKUP(D29,產線配置圖!$A$3:$C$38,3,0) -> 1440 | L29: =K29/J29 -> 110.76923 | M29: 13 | N29: =G29/W29*60 -> 943.82022 | O29: =N29/M29 -> 72.601556 | P29: =M29-J29 -> 0 | Q29: =O29-L29 -> -38.167675 | R29: =O29/L29 -> 0.65543071 | T29: 0.43333333 | U29: 0.49513889 | V29: =(T29-U28)*24*60 -> 10 | W29: =(U29-T29)*24*60 -> 89 | Z29: 2 | AA29: 13 | AB29: 10:32-10:37注餡機異常、11:10-11:18 L型封膜異常、11:36-11:53補封膜350盒 | AF29: =N29-K29 -> -496.17978 | AG29: =N29/K29 -> 0.65543071
B30: 義大利麵 | D30: 焗烤起司肉醬筆尖麵 | F30: =VLOOKUP(D30,廠價表!$C$1:$E$43,3,0) -> 50.67 | G30: 976 | H30: =F30*G30 -> 49453.92 | J30: =VLOOKUP(D30,產線配置圖!$A$3:$C$38,2,0) -> 13 | K30: =VLOOKUP(D30,產線配置圖!$A$3:$C$38,3,0) -> 1440 | L30: =K30/J30 -> 110.76923 | M30: 13 | N30: =G30/W30*60 -> 1009.6552 | O30: =N30/M30 -> 77.665782 | P30: =M30-J30 -> 0 | Q30: =O30-L30 -> -33.103448 | R30: =O30/L30 -> 0.70114943 | T30: 0.55555556 | U30: 0.59583333 | V30: =(T30-U29)*24*60 -> 87 | W30: =(U30-T30)*24*60 -> 58 | X30: 0.49652778 | Y30: 0.53819444 | AB30: L型封膜異常 | AF30: =N30-K30 -> -430.34483 | AG30: =N30/K30 -> 0.70114943
W31: =(U31-T31)*24*60 -> 0 | AF31: =N31-K31 -> 0 | AG31: =N31/K31 -> #DIV/0!
W32: =(U32-T32)*24*60 -> 0
W33: =(U33-T33)*24*60 -> 0
W34: =(U34-T34)*24*60 -> 0
W35: =(U35-T35)*24*60 -> 0
H36: =F36*G36 -> 0 | W36: =(U36-T36)*24*60 -> 0
C37: 4度二組B | D37: 平均 | J37: =AVERAGE(J27:J36) -> 14.75 | K37: =AVERAGE(K27:K36) -> 1431.5 | L37: =AVERAGE(L27:L36) -> 98.529836 | M37: =AVERAGE(M27:M36) -> 14.5 | N37: =AVERAGE(N27:N36) -> 1045.6824 | O37: =AVERAGE(O27:O36) -> 72.066061 | P37: =M37-J37 -> -0.25 | Q37: =N37-K37 -> -385.81764 | R37: =O37/L37 -> 0.73141359 | Z37: =SUM(Z27:Z36) -> 2 | AA37: =SUM(AA27:AA36) -> 13 | AD37: =SUM(AD27:AD36) -> 0 | AE37: =SUM(AE27:AE36) -> 0 | AF37: =N37-K37 -> -385.81764 | AG37: =N37/K37 -> 0.73048017
A38: 手工四線 (ET-55) | B38: 熱乾麵 | D38: 青花椒麻雞肉拌麵 | F38: =VLOOKUP(D38,廠價表!$C$1:$E$43,3,0) -> 49.91 | G38: 2025 | H38: =F38*G38 -> 101067.75 | J38: =VLOOKUP(D38,產線配置圖!$A$3:$C$38,2,0) -> 15 | K38: =VLOOKUP(D38,產線配置圖!$A$3:$C$38,3,0) -> 1714 | L38: =K38/J38 -> 114.26667 | M38: 15 | N38: =G38/W38*60 -> 1380.6818 | O38: =N38/M38 -> 92.045455 | P38: =M38-J38 -> 0 | Q38: =O38-L38 -> -22.221212 | R38: =O38/L38 -> 0.80553198 | S38: =R48 -> 0.88851995 | T38: 0.33333333 | U38: 0.39444444 | W38: =(U38-T38)*24*60 -> 88 | AF38: =N38-K38 -> -333.31818 | AG38: =N38/K38 -> 0.80553198 | AH38: =AG48 -> 0.84367007
B39: 熱乾麵 | D39: 府城鹽水意麵 | F39: =VLOOKUP(D39,廠價表!$C$1:$E$43,3,0) -> 44.3 | G39: 3345 | H39: =F39*G39 -> 148183.5 | J39: =VLOOKUP(D39,產線配置圖!$A$3:$C$38,2,0) -> 18 | K39: =VLOOKUP(D39,產線配置圖!$A$3:$C$38,3,0) -> 1565 | L39: =K39/J39 -> 86.944444 | M39: 16 | N39: =G39/W39*60 -> 1365.3061 | O39: =N39/M39 -> 85.331633 | P39: =M39-J39 -> -2 | Q39: =O39-L39 -> -1.6128118 | R39: =O39/L39 -> 0.98145009 | T39: 0.40138889 | U39: 0.50347222 | V39: =(T39-U38)*24*60 -> 10 | W39: =(U39-T39)*24*60 -> 147 | AF39: =N39-K39 -> -199.69388 | AG39: =N39/K39 -> 0.87240008
B40: 熱乾麵 | D40: 青花椒麻雞肉拌麵 | F40: =VLOOKUP(D40,廠價表!$C$1:$E$43,3,0) -> 49.91 | G40: 745 | H40: =F40*G40 -> 37182.95 | J40: =VLOOKUP(D40,產線配置圖!$A$3:$C$38,2,0) -> 15 | K40: =VLOOKUP(D40,產線配置圖!$A$3:$C$38,3,0) -> 1714 | L40: =K40/J40 -> 114.26667 | M40: 15 | N40: =G40/W40*60 -> 1441.9355 | O40: =N40/M40 -> 96.129032 | P40: =M40-J40 -> 0 | Q40: =O40-L40 -> -18.137634 | R40: =O40/L40 -> 0.84126924 | T40: 0.55486111 | U40: 0.57638889 | V40: =(T40-U39)*24*60 -> 74 | W40: =(U40-T40)*24*60 -> 31 | AF40: =N40-K40 -> -272.06452 | AG40: =N40/K40 -> 0.84126924
B41: 熱乾麵 | D41: 府城鹽水意麵 | F41: =VLOOKUP(D41,廠價表!$C$1:$E$43,3,0) -> 44.3 | G41: 2488 | H41: =F41*G41 -> 110218.4 | J41: =VLOOKUP(D41,產線配置圖!$A$3:$C$38,2,0) -> 18 | K41: =VLOOKUP(D41,產線配置圖!$A$3:$C$38,3,0) -> 1565 | L41: =K41/J41 -> 86.944444 | M41: 16 | N41: =G41/W41*60 -> 1344.8649 | O41: =N41/M41 -> 84.054054 | P41: =M41-J41 -> -2 | Q41: =O41-L41 -> -2.8903904 | R41: =O41/L41 -> 0.96675589 | T41: 0.58611111 | U41: 0.66319444 | V41: =(T41-U40)*24*60 -> 14 | W41: =(U41-T41)*24*60 -> 111 | AF41: =N41-K41 -> -220.13514 | AG41: =N41/K41 -> 0.85933857
W42: =(U42-T42)*24*60 -> 0
W43: =(U43-T43)*24*60 -> 0
W44: =(U44-T44)*24*60 -> 0
W45: =(U45-T45)*24*60 -> 0
W46: =(U46-T46)*24*60 -> 0
H47: =F47*G47 -> 0 | W47: =(U47-T47)*24*60 -> 0
C48: 4度二組C1 | D48: 平均 | J48: =AVERAGE(J38:J47) -> 16.5 | K48: =AVERAGE(K38:K47) -> 1639.5 | L48: =AVERAGE(L38:L47) -> 100.60556 | M48: =AVERAGE(M38:M47) -> 15.5 | N48: =AVERAGE(N38:N47) -> 1383.1971 | O48: =AVERAGE(O38:O47) -> 89.390043 | P48: =M48-J48 -> -1 | Q48: =N48-K48 -> -256.30293 | R48: =O48/L48 -> 0.88851995 | W48: =(U48-T48)*24*60 -> 0 | Z48: =SUM(Z38:Z47) -> 0 | AA48: =SUM(AA38:AA47) -> 0 | AD48: =SUM(AD38:AD47) -> 0 | AE48: =SUM(AE38:AE47) -> 0 | AF48: =N48-K48 -> -256.30293 | AG48: =N48/K48 -> 0.84367007
A49: 手工五線 (ET-55) | B49: 義大利麵 | D49: 辣味香菜雞肉義大利麵 | F49: =VLOOKUP(D49,廠價表!$C$1:$E$43,3,0) -> 56.28 | G49: 656 | H49: =F49*G49 -> 36919.68 | J49: 17 | K49: 1800 | L49: =K49/J49 -> 105.88235 | M49: 17 | N49: =G49/W49*60 -> 1789.0909 | O49: =N49/M49 -> 105.24064 | P49: =M49-J49 -> 0 | Q49: =O49-L49 -> -0.64171123 | R49: =O49/L49 -> 0.99393939 | S49: =R58 -> 0.96025241 | T49: 0.29166667 | U49: 0.30694444 | W49: =(U49-T49)*24*60 -> 22 | AF49: =N49-K49 -> -10.909091 | AG49: =N49/K49 -> 0.99393939 | AH49: =AG58 -> 0.93222611
B50: 義大利麵 | D50: 焗烤起司雙饗筆尖麵 | F50: =VLOOKUP(D50,廠價表!$C$1:$E$43,3,0) -> 49.97 | G50: 6111 | H50: =F50*G50 -> 305366.67 | J50: =VLOOKUP(D50,產線配置圖!$A$3:$C$38,2,0) -> 16 | K50: =VLOOKUP(D50,產線配置圖!$A$3:$C$38,3,0) -> 1800 | L50: =K50/J50 -> 112.5 | M50: 15 | N50: =G50/W50*60 -> 1566.9231 | O50: =N50/M50 -> 104.46154 | P50: =M50-J50 -> -1 | Q50: =O50-L50 -> -8.0384615 | R50: =O50/L50 -> 0.92854701 | T50: 0.31319444 | U50: 0.47569444 | V50: =(T50-U49)*24*60 -> 9 | W50: =(U50-T50)*24*60 -> 234 | AF50: =N50-K50 -> -233.07692 | AG50: =N50/K50 -> 0.87051282
W51: =(U51-T51)*24*60 -> 0 | AF51: =N51-K51 -> 0 | AG51: =N51/K51 -> #DIV/0!
W52: =(U52-T52)*24*60 -> 0 | X52: 0.47916667 | Y52: 0.52083333 | AF52: =N52-K52 -> 0 | AG52: =N52/K52 -> #DIV/0!
W53: =(U53-T53)*24*60 -> 0 | AF53: =N53-K53 -> 0 | AG53: =N53/K53 -> #DIV/0!
W54: =(U54-T54)*24*60 -> 0
W55: =(U55-T55)*24*60 -> 0
W56: =(U56-T56)*24*60 -> 0
W57: =(U57-T57)*24*60 -> 0
C58: 4度二組C2 | D58: 平均 | J58: =AVERAGE(J49:J57) -> 16.5 | K58: =AVERAGE(K49:K57) -> 1800 | L58: =AVERAGE(L49:L57) -> 109.19118 | M58: =AVERAGE(M49:M57) -> 16 | N58: =AVERAGE(N49:N57) -> 1678.007 | O58: =AVERAGE(O49:O57) -> 104.85109 | P58: =M58-J58 -> -0.5 | Q58: =N58-K58 -> -121.99301 | R58: =O58/L58 -> 0.96025241 | Z58: =SUM(Z49:Z57) -> 0 | AA58: =SUM(AA49:AA57) -> 0 | AD58: =SUM(AD49:AD57) -> 0 | AE58: =SUM(AE49:AE57) -> 0 | AF58: =N58-K58 -> -121.99301 | AG58: =N58/K58 -> 0.93222611
A59: 調理包一線 (八爪機) | B59: 小吃、微波 | D59: 小滷青蔬 | F59: =VLOOKUP(D59,廠價表!$C$1:$E$43,3,0) -> 26.99 | G59: 2883 | H59: =F59*G59 -> 77812.17 | J59: =VLOOKUP(D59,產線配置圖!$A$3:$C$38,2,0) -> 13 | K59: =VLOOKUP(D59,產線配置圖!$A$3:$C$38,3,0) -> 1565 | L59: =K59/J59 -> 120.38462 | M59: 13 | N59: =G59/W59*60 -> 1504.1739 | O59: =N59/M59 -> 115.70569 | P59: =M59-J59 -> 0 | Q59: =O59-L59 -> -4.6789298 | R59: =O59/L59 -> 0.96113349 | S59: =R69 -> 0.6963112 | T59: 0.29166667 | U59: 0.37152778 | W59: =(U59-T59)*24*60 -> 115 | AF59: =N59-K59 -> -60.826087 | AG59: =N59/K59 -> 0.96113349 | AH59: =AG69 -> 0.78358414
B60: 小吃、微波 | D60: 起司馬鈴薯 | F60: =VLOOKUP(D60,廠價表!$C$1:$E$43,3,0) -> 28.26 | G60: 1667 | H60: =F60*G60 -> 47109.42 | J60: =VLOOKUP(D60,產線配置圖!$A$3:$C$38,2,0) -> 12 | K60: =VLOOKUP(D60,產線配置圖!$A$3:$C$38,3,0) -> 1565 | L60: =K60/J60 -> 130.41667 | M60: 12 | N60: =G60/W60*60 -> 1538.7692 | O60: =N60/M60 -> 128.23077 | P60: =M60-J60 -> 0 | Q60: =O60-L60 -> -2.1858974 | R60: =O60/L60 -> 0.98323913 | T60: 0.38194444 | U60: 0.42708333 | V60: =(T60-U59)*24*60 -> 15 | W60: =(U60-T60)*24*60 -> 65 | AF60: =N60-K60 -> -26.230769 | AG60: =N60/K60 -> 0.98323913
B61: 小吃、微波 | D61: 麻辣雞心 | F61: =VLOOKUP(D61,廠價表!$C$1:$E$43,3,0) -> 28.26 | G61: 2050 | H61: =F61*G61 -> 57933 | J61: =VLOOKUP(D61,產線配置圖!$A$3:$C$38,2,0) -> 9 | K61: =VLOOKUP(D61,產線配置圖!$A$3:$C$38,3,0) -> 1636 | L61: =K61/J61 -> 181.77778 | M61: 11 | N61: =G61/W61*60 -> 1230 | O61: =N61/M61 -> 111.81818 | P61: =M61-J61 -> 2 | Q61: =O61-L61 -> -69.959596 | R61: =O61/L61 -> 0.6151367 | T61: 0.43402778 | U61: 0.50347222 | V61: =(T61-U60)*24*60 -> 10 | W61: =(U61-T61)*24*60 -> 100 | AB61: 雞毛挑揀增加2人 | AF61: =N61-K61 -> -406 | AG61: =N61/K61 -> 0.75183374
B62: 小吃、微波 | D62: 麻辣雞心 | F62: =VLOOKUP(D62,廠價表!$C$1:$E$43,3,0) -> 28.26 | G62: 1578 | H62: =F62*G62 -> 44594.28 | J62: =VLOOKUP(D62,產線配置圖!$A$3:$C$38,2,0) -> 9 | K62: =VLOOKUP(D62,產線配置圖!$A$3:$C$38,3,0) -> 1636 | L62: =K62/J62 -> 181.77778 | M62: 11 | N62: =G62/W62*60 -> 1456.6154 | O62: =N62/M62 -> 132.41958 | P62: =M62-J62 -> 2 | Q62: =O62-L62 -> -49.358197 | R62: =O62/L62 -> 0.72846957 | T62: 0.55555556 | U62: 0.60069444 | V62: =(T62-U61)*24*60 -> 75 | W62: =(U62-T62)*24*60 -> 65 | X62: 0.50347222 | Y62: 0.54513889 | AB62: 雞毛挑揀增加2人 | AF62: =N62-K62 -> -179.38462 | AG62: =N62/K62 -> 0.8903517
B63: 小吃、微波 | D63: 小滷青蔬 | F63: =VLOOKUP(D63,廠價表!$C$1:$E$43,3,0) -> 26.99 | G63: 786 | H63: =F63*G63 -> 21214.14 | J63: =VLOOKUP(D63,產線配置圖!$A$3:$C$38,2,0) -> 13 | K63: =VLOOKUP(D63,產線配置圖!$A$3:$C$38,3,0) -> 1565 | L63: =K63/J63 -> 120.38462 | M63: 13 | N63: =G63/W63*60 -> 943.2 | O63: =N63/M63 -> 72.553846 | P63: =M63-J63 -> 0 | Q63: =O63-L63 -> -47.830769 | R63: =O63/L63 -> 0.60268371 | T63: 0.60763889 | U63: 0.64236111 | V63: =(T63-U62)*24*60 -> 10 | W63: =(U63-T63)*24*60 -> 50 | AB63: 手工挖醬作業
B64: 小吃、微波 | D64: 麻辣雞心 | F64: =VLOOKUP(D64,廠價表!$C$1:$E$43,3,0) -> 28.26 | G64: 213 | H64: =F64*G64 -> 6019.38 | J64: =VLOOKUP(D64,產線配置圖!$A$3:$C$38,2,0) -> 9 | K64: =VLOOKUP(D64,產線配置圖!$A$3:$C$38,3,0) -> 1636 | L64: =K64/J64 -> 181.77778 | M64: 11 | N64: =G64/W64*60 -> 852 | O64: =N64/M64 -> 77.454545 | P64: =M64-J64 -> 2 | Q64: =O64-L64 -> -104.32323 | R64: =O64/L64 -> 0.42609469 | T64: 0.65625 | U64: 0.66666667 | V64: =(T64-U63)*24*60 -> 20 | W64: =(U64-T64)*24*60 -> 15 | AB64: 雞毛挑揀增加2人
W65: =(U65-T65)*24*60 -> 0
W66: =(U66-T66)*24*60 -> 0
W67: =(U67-T67)*24*60 -> 0
H68: =F68*G68 -> 0 | W68: =(U68-T68)*24*60 -> 0
C69: 4度三組 | D69: 平均 | J69: =AVERAGE(J59:J68) -> 10.833333 | K69: =AVERAGE(K59:K68) -> 1600.5 | L69: =AVERAGE(L59:L68) -> 152.75321 | M69: =AVERAGE(M59:M68) -> 11.833333 | N69: =AVERAGE(N59:N68) -> 1254.1264 | O69: =AVERAGE(O59:O68) -> 106.36377 | P69: =M69-J69 -> 1 | Q69: =N69-K69 -> -346.37358 | R69: =O69/L69 -> 0.6963112 | Z69: =SUM(Z59:Z68) -> 0 | AA69: =SUM(AA59:AA68) -> 0 | AD69: =SUM(AD59:AD68) -> 0 | AE69: =SUM(AE59:AE68) -> 0 | AF69: =N69-K69 -> -346.37358 | AG69: =N69/K69 -> 0.78358414
A70: 調理包二線 (手工) | S70: =R79 -> 0 | W70: =(U70-T70)*24*60 -> 0 | AF70: =N70-K70 -> 0 | AG70: =N70/K70 -> #DIV/0! | AH70: =AG79 -> #DIV/0!
W71: =(U71-T71)*24*60 -> 0 | AF71: -300.3125 | AG71: 0.80810703
W72: =(U72-T72)*24*60 -> 0 | AF72: -130.33333 | AG72: 0.91671991
W73: =(U73-T73)*24*60 -> 0
W74: =(U74-T74)*24*60 -> 0
H75: =F75*G75 -> 0 | W75: =(U75-T75)*24*60 -> 0
H76: =F76*G76 -> 0 | W76: =(U76-T76)*24*60 -> 0
H77: =F77*G77 -> 0 | W77: =(U77-T77)*24*60 -> 0
H78: =F78*G78 -> 0 | W78: =(U78-T78)*24*60 -> 0
C79: 4度四組 | D79: 平均 | Z79: =SUM(Z70:Z78) -> 0 | AA79: =SUM(AA70:AA78) -> 0 | AD79: =SUM(AD70:AD78) -> 0 | AE79: =SUM(AE70:AE78) -> 0 | AF79: =N79-K79 -> 0 | AG79: =N79/K79 -> #DIV/0!
AJ80: 1.當日出勤人數較多
AJ81: 2.當日出勤人數較少
AJ82: 3.當日出勤熟手較少
AJ83: 4.當日出勤新人較多
AJ84: 5.機台夾盒
AJ85: 6.封膜不順
AJ86: 7.更換膠膜
AJ87: 8.更換碳帶
AJ88: 9.當日熱轉印碳帶異常
AJ89: 10.訂單量過少
AJ90: 11.新品上市，尚未熟悉
AJ91: 12.商品結構，產能較低
AJ92: 13.區域出貨，分段生產

Sheet 0409總
B1: 長家廠組合室生產人時性分析
B3: 日期 | D3: 46121 | F3: 訂單量 | G3: ='0409'!E1 -> 49964 | I3: 營業額 | J3: ='0409'!G1 -> 2358407.8
B4: 項目 | D4: 3 | F4: ➀ | H4: ➁ | J4: ③ | L4: 異常停線 | N4: 短暫停線
