Workbook

Sheet 廠價表
A1: check | B1: 溫層 | C1: 品名 | D1: 類別 | E1: 廠價
B2: 4度C | C2: 奶油鮮蝦明太子細扁麵 | D2: 義大利麵 | E2: 57.21
B3: 4度C | C3: 白酒清炒鮮蛤義大利麵 | D3: 義大利麵 | E3: 56.87
B4: 4度C | C4: 義式蕃茄起司義大利麵 | D4: 義大利麵 | E4: 50.39
B5: 4度C | C5: 焗烤起司雙饗筆尖麵 | D5: 義大利麵 | E5: 49.97
B6: 4度C | C6: 奶油培根義大利麵 | D6: 義大利麵 | E6: 49.14
B7: 4度C | C7: 香煎魚排佐檸檬奶油義大利麵 | D7: 義大利麵 | E7: 58.17
B8: 4度C | C8: 青醬蛤蜊義大利麵 | D8: 義大利麵 | E8: 50.67
B9: 4度C | C9: 金沙豆腐義大利麵 | D9: 義大利麵 | E9: 49.91
B10: 4度C | C10: 黑松露野菇義大利麵 | D10: 義大利麵 | E10: 50.289
B11: 4度C | C11: 蒜香奶油蝦蝦義大利麵 | D11: 義大利麵 | E11: 57.21
B12: 4度C | C12: 鱈魚粉紅青醬筆尖麵 | D12: 義大利麵 | E12: 43.89
B13: 4度C | C13: 羅馬黑胡椒起司義大利麵 | D13: 義大利麵 | E13: 50.67
... B19: 4度C | C19: 番茄蘑菇義大利麵 | D19: 義大利麵 | E19: 43.89
B20: 4度C | D20: 義大利麵
B21: 4度C | D21: 義大利麵
B22: 4度C | D22: 義大利麵
B23: 4度C | C23: 韓式炒冬粉 | D23: 小吃、微波 | E23: 28.26
B24: 4度C | C24: 小滷青蔬 | D24: 小吃、微波 | E24: 26.99
B25: 4度C | C25: 起司馬鈴薯 | D25: 小吃、微波 | E25: 28.26
B26: 4度C | C26: 麻辣雞心 | D26: 小吃、微波 | E26: 28.26
B46: 冷凍 | C46: 青醬蛤蜊義大利麵 | D46: 冷凍調理麵 | E46: 29.38
B47: 冷凍 | C47: 經典肉醬義大利麵 | D47: 冷凍調理麵 | E47: 29.38
B48: 冷凍 | C48: 奶油蘑菇培根義大利麵 | D48: 冷凍調理麵 | E48: 29.38
B49: 冷凍 | C49: 清炒蛤蜊義大利麵 | D49: 冷凍調理麵 | E49: 29.38
B50: 冷凍 | C50: 青醬乳酪筆尖麵 | D50: 冷凍調理麵 | E50: 29.38
B51: 冷凍 | C51: 辣蕃茄義大利麵 | D51: 冷凍調理麵 | E51: 29.38
B52: 冷凍 | D52: 冷凍調理麵
B53: 冷凍 | C53: 韓式起司義大利麵 | D53: 冷凍調理麵 | E53: 29.38
B54: 冷凍 | D54: 冷凍調理麵
B55: 冷凍 | C55: 和風明太子細扁麵 | D55: 冷凍調理麵 | E55: 29.38

Sheet 產線配置圖
A1: 品項 | B1: 人數 | C1: 產能 | E1: 人時 | G1: 備註
A2: 義大利麵
A3: 白酒清炒鮮蛤義大利麵 | B3: 15 | C3: 2250 | D3: ET-600 | E3: =C3/B3 -> 150
A4: 白酒清炒鮮蛤義大利麵-手 | B4: 15 | C4: 1716 | D4: ET-55 | E4: =C4/B4 -> 114.4
A5: 青醬蛤蜊義大利麵 | B5: 13 | C5: 2250 | E5: =C5/B5 -> 173.07692
A6: 青醬蛤蜊義大利麵-手 | B6: 16 | C6: 1714 | E6: =C6/B6 -> 107.125
A7: 義式蕃茄起司義大利麵 | B7: 12 | C7: 2250 | E7: =C7/B7 -> 187.5
A8: 奶油培根義大利麵 | B8: 15 | C8: 2250 | E8: =C8/B8 -> 150
A9: 蒜香奶油蝦蝦義大利麵 | B9: 17 | C9: 2250 | E9: =C9/B9 -> 132.35294
A10: 蒜香奶油蝦蝦義大利麵-手 | B10: 17 | C10: 1716 | E10: =C10/B10 -> 100.94118
A11: 鱈魚粉紅青醬筆尖麵 | B11: 14 | C11: 1565 | E11: =C11/B11 -> 111.78571
A12: 香煎魚排佐檸檬奶油義大利麵 | B12: 13 | C12: 2250 | E12: =C12/B12 -> 173.07692
A13: 黑松露野菇義大利麵 | B13: 17 | C13: 1636 | E13: =C13/B13 -> 96.235294 | J13: 黑松露野菇義大利麵 | K13: 17 | L13: 1565 | N13: =L13/K13 -> 92.058824
A14: 青花椒麻雞肉拌麵 | B14: 16 | C14: 1714 | E14: =C14/B14 -> 107.125 | J14: 青花椒麻雞肉拌麵 | K14: 14 | L14: 1714 | N14: =L14/K14 -> 122.42857
A15: 焗烤起司雙饗筆尖麵 | B15: 16 | C15: 1800 | E15: =C15/B15 -> 112.5 | G15: 目前使用手工 | J15: 焗烤起司雙饗筆尖麵 | K15: 15 | L15: 1800 | N15: =L15/K15 -> 120
A16: 沙茶豬肉炒麵 | B16: 17 | C16: 1800 | E16: =C16/B16 -> 105.88235 | J16: 沙茶豬肉炒麵 | K16: 16 | L16: 1500 | N16: =L16/K16 -> 93.75
A17: 府城鹽水意麵 | B17: 18 | C17: 1636 | E17: =C17/B17 -> 90.888889 | J17: 府城鹽水意麵 | K17: 16 | L17: 1636 | N17: =L17/K17 -> 102.25
A18: 羅馬黑胡椒起司義大利麵 | B18: 17 | C18: 2250 | E18: =C18/B18 -> 132.35294 | J18: 焗烤起司肉醬筆尖麵 | K18: 12 | L18: 1440 | N18: =L18/K18 -> 120
A19: 羅馬黑胡椒起司義大利麵-自動 | B19: 14 | C19: 2250 | E19: =C19/B19 -> 160.71429 | G19: 目前使用雙排 | J19: 整條德式香腸義大利麵 | K19: 16 | L19: 1565 | N19: =L19/K19 -> 97.8125
A20: 義式蛋蛋青醬鮪魚冷義大利麵 | B20: 17 | C20: 1636 | E20: =C20/B20 -> 96.235294
A21: 蕃茄莎莎海鮮冷義大利麵 | B21: 16 | C21: 1636 | E21: =C21/B21 -> 102.25
A22: 金沙豆腐義大利麵 | B22: 18 | C22: 2250 | E22: =C22/B22 -> 125
A23: 奶油鮮蝦明太子細扁麵 | B23: 18 | C23: 1636
A24: 番茄蘑菇義大利麵 | B24: 13 | C24: 1565
A26: 調理包
A27: 小滷青蔬 | B27: 15 | C27: 1636 | E27: =C27/B27 -> 109.06667 | G27: 夏季+1人補料
A28: 起司馬鈴薯 | B28: 11 | C28: 1636 | E28: =C28/B28 -> 148.72727
A29: 麻辣雞心 | B29: 11 | C29: 1636 | E29: =C29/B29 -> 148.72727
A30: 韓式炒冬粉 | B30: 11 | C30: 1636 | E30: =C30/B30 -> 148.72727
E34: 更新日期07/03

Sheet 範本總
B1: 長家廠組合室生產人時性分析
B3: 日期 | D3: 46015 | F3: 訂單量 | G3: =範本!E1 -> 43309 | I3: 營業額 | J3: =範本!G1 -> #N/A
B4: 項目 | D4: 3 | F4: ➀ | H4: ➁ | J4: ③ | L4: 異常停線 | N4: 短暫停線
B5: 人時性 | D5: 組合室 | F5: 全溫層 | H5: 義大利麵 | J5: 袋裝小吃、義麵 | L5: 合計次數 | M5: 時間 | N5: 合計次數 | O5: 設備次數
D6: 排關平均 | F6: =AVERAGE(D13:J13) -> #N/A | H6: =AVERAGE(D13:H13) -> #N/A | J6: =AVERAGE(I13:J13) -> #N/A | L6: =範本!Z2 -> 0 | M6: =範本!AA2 -> 0 | N6: =範本!AD2 -> 0 | O6: =範本!AE2 -> 0
D7: 實績平均 | F7: =AVERAGE(D14:J14) -> 116.11475 | H7: =AVERAGE(D14:H14) -> 117.36075 | J7: =AVERAGE(I14:J14) -> 112.99975
D8: 達成率平均 | F8: =AVERAGE(D15:J15) -> #N/A | H8: =AVERAGE(D15:H15) -> #N/A | J8: =AVERAGE(I15:J15) -> #N/A
J9: ※現行日本鮮食廠以達成率80%為基本(即為現行KPI)
B10: 溫層 | D10: 4度C-各編組展開
B11: 編組 | D11: 1 | E11: 2 | F11: 3 | G11: 4 | H11: 5 | I11: 6 | J11: 7
D12: 自動1線 | E12: 自動2線 | F12: 手工3線 | G12: 手工4線 | H12: 手工5線 | I12: 調理包1線 | J12: 調理包2線
B13: 人時性 | C13: 排關 | D13: =VALUE(範本!L15) -> #N/A | E13: =VALUE(範本!L26) -> #N/A | F13: =VALUE(範本!L37) -> #N/A | G13: =VALUE(範本!L48) -> #N/A | H13: =VALUE(範本!L58) -> #N/A | I13: =VALUE(範本!L69) -> #N/A | J13: =範本!L79 -> #N/A
C14: 實績 | D14: =VALUE(範本!O15) -> 113.91637 | E14: =VALUE(範本!O26) -> 132.12003 | F14: =VALUE(範本!O37) -> 126.23842 | G14: =VALUE(範本!O48) -> 112.0543 | H14: =VALUE(範本!O58) -> 102.47462 | I14: =VALUE(範本!O69) -> 155.46443 | J14: =範本!O79 -> 70.535065
C15: 達成率 | D15: =D14/D13 -> #N/A | E15: =E14/E13 -> #N/A | F15: =F14/F13 -> #N/A | G15: =G14/G13 -> #N/A | H15: =H14/H13 -> #N/A | I15: =I14/I13 -> #N/A | J15: =範本!S70 -> #N/A
B16: 作業 時間 | C16: 開始 | D16: =範本!T5 -> 0.29097222 | E16: =範本!T16 -> 0.29097222 | F16: =範本!T27 -> 0.29166667 | G16: =範本!T38 -> 0.33333333 | H16: =範本!T49 -> 0.29166667 | I16: =範本!T59 -> 0.29166667 | J16: =範本!T70 -> 0.34722222
C17: 結束 | D17: 0.47361111 | E17: 0.48263889 | F17: 0.56944444 | G17: 0.60416667 | H17: 0.58333333 | I17: 0.48819444 | J17: 0.46875
B18: 產線異常 (5分鐘以上) | C18: 次數
C19: 時間/分
B20: 短暫停線 (5分鐘以下) | C20: 次數
C21: 設備次數
B22: 配置人數 | D22: =VALUE(範本!M15) -> 15 | E22: =VALUE(範本!M26) -> 12.666667 | F22: =VALUE(範本!M37) -> 14.666667 | G22: =VALUE(範本!M48) -> 14 | H22: =VALUE(範本!M58) -> 17.666667 | I22: =VALUE(範本!M69) -> 12.333333 | J22: =範本!M79 -> 11
B23: 主要應用設備 | D23: ET-600 | E23: ET-600 | F23: ET-55 | G23: ET-55 | H23: ET-55 | I23: 八爪機
B24: 次要應用設備 | H24: 封口機
B25: 備註

Sheet 範本
A1: 長家廠4度C日報分析 | D1: 總生產量 | E1: =SUM(G5:G79) -> 43309 | F1: 營業額 | G1: =SUM(H5:H79) -> #N/A | H1: 出勤人數 | I1: =M15+M26+M48+M58+M69+M79+M37 -> 97.333333 | J1: 產線配置圖 | M1: 生產實績 | P1: 人時性差異分析 | T1: 日報登錄 | Z1: 合計 次數 | AA1: 合計 時間/分 | AB1: 分析說明 | AD1: 合計 次數 | AE1: 合計 設備次數 | AF1: 產能差異分析
A2: 12月24日 星期三 | D2: 人時性 | E2: =AVERAGE(O15,O26,O37,O48,O58,O69,O79) -> 116.11475 | F2: 平均廠價 | G2: =G1/E1 -> #N/A | H2: 多次生產數 | I2: =COUNT(I5:I79) -> 0 | Z2: =Z15+Z26+Z37+Z48+Z58+Z69+Z79 -> 0 | AA2: =AA15+AA26+AA37+AA48+AA58+AA69+AA79 -> 0 | AD2: =AD15+AD26+AD37+AD48+AD58+AD69+AD79 -> 0 | AE2: =AE15+AE26+AE37+AE48+AE58+AE69+AE79 -> 0
A3: 線別 | B3: 品類 | D3: 品名 | F3: 廠價 | G3: 生產量 | H3: 營收 | I3: 多次 生產 | J3: 人數 | K3: 產能/時 | L3: 人時性 | M3: 人數 | N3: 產能/時 | O3: 人時性 | P3: 人數 | Q3: 人時性 | R3: 達成率 | S3: 達成率平均 | T3: 生產時間 | V3: 前置、換線時間/分 | W3: 稼動時間/分 | X3: 休息時間 | Z3: 產線異常統計 (5分鐘以上) | AD3: 短暫停線統計 (5分鐘以下) | AF3: 產能/時 | AG3: 達成率 | AH3: 達成率平均
T4: 開始 | U4: 結束 | X4: 開始 | Y4: 結束 | Z4: 次數 | AA4: 時間/分 | AD4: 總次數 | AE4: 設備因素(次數)
A5: 自動一線 (ET-600) | B5: =VLOOKUP(D5,廠價表!$C$1:$E$43,2,0) -> #N/A | F5: =VLOOKUP(D5,廠價表!$C$1:$E$43,3,0) -> #N/A | G5: 2263 | H5: =F5*G5 -> #N/A | J5: =VLOOKUP(D5,產線配置圖!$A$3:$C$40,2,0) -> #N/A | K5: =VLOOKUP(D5,產線配置圖!$A$3:$C$40,3,0) -> #N/A | L5: =K5/J5 -> #N/A | M5: 15 | N5: =G5/W5*60 -> 1444.4681 | O5: =N5/M5 -> 96.297872 | P5: =M5-J5 -> #N/A | Q5: =O5-L5 -> #N/A | R5: =O5/L5 -> #N/A | S5: =R15 -> #N/A | T5: 0.29097222 | U5: 0.35625 | W5: =(U5-T5)*24*60 -> 94 | AF5: =N5-K5 -> #N/A | AG5: =N5/K5 -> #N/A | AH5: =AG15 -> #N/A
B6: =VLOOKUP(D6,廠價表!$C$1:$E$43,2,0) -> #N/A | F6: =VLOOKUP(D6,廠價表!$C$1:$E$43,3,0) -> #N/A | G6: 1180 | H6: =F6*G6 -> #N/A | J6: =VLOOKUP(D6,產線配置圖!$A$3:$C$40,2,0) -> #N/A | K6: =VLOOKUP(D6,產線配置圖!$A$3:$C$40,3,0) -> #N/A | L6: =K6/J6 -> #N/A | M6: 17 | N6: =G6/W6*60 -> 1609.0909 | O6: =N6/M6 -> 94.652406 | P6: =M6-J6 -> #N/A | Q6: =O6-L6 -> #N/A | R6: =O6/L6 -> #N/A | T6: 0.36458333 | U6: 0.39513889 | V6: =(T6-U5)*24*60 -> 12 | W6: =(U6-T6)*24*60 -> 44 | AF6: =N6-K6 -> #N/A | AG6: =N6/K6 -> #N/A
B7: =VLOOKUP(D7,廠價表!$C$1:$E$43,2,0) -> #N/A | F7: =VLOOKUP(D7,廠價表!$C$1:$E$43,3,0) -> #N/A | G7: 3398 | H7: =F7*G7 -> #N/A | J7: =VLOOKUP(D7,產線配置圖!$A$3:$C$40,2,0) -> #N/A | K7: =VLOOKUP(D7,產線配置圖!$A$3:$C$40,3,0) -> #N/A | L7: =K7/J7 -> #N/A | M7: 13 | N7: =G7/W7*60 -> 1960.3846 | O7: =N7/M7 -> 150.79882 | P7: =M7-J7 -> #N/A | Q7: =O7-L7 -> #N/A | R7: =O7/L7 -> #N/A | T7: 0.40138889 | U7: 0.47361111 | V7: =(T7-U6)*24*60 -> 9 | W7: =(U7-T7)*24*60 -> 104 | AF7: =N7-K7 -> #N/A | AG7: =N7/K7 -> #N/A
W8: =(U8-T8)*24*60 -> 0 | X8: 0.48611111 | Y8: 0.52777778 | AF8: =N8-K8 -> 0 | AG8: =N8/K8 -> #DIV/0!
W9: =(U9-T9)*24*60 -> 0 | AF9: =N9-K9 -> 0 | AG9: =N9/K9 -> #DIV/0!
W10: =(U10-T10)*24*60 -> 0 | AF10: =N10-K10 -> 0 | AG10: =N10/K10 -> #DIV/0!
W11: =(U11-T11)*24*60 -> 0 | AF11: =N11-K11 -> 0 | AG11: =N11/K11 -> #DIV/0!
W12: =(U12-T12)*24*60 -> 0
W13: =(U13-T13)*24*60 -> 0
W14: =(U14-T14)*24*60 -> 0
C15: 4度一組 | D15: 平均 | J15: =AVERAGE(J5:J14) -> #N/A | K15: =AVERAGE(K5:K14) -> #N/A | L15: =AVERAGE(L5:L14) -> #N/A | M15: =AVERAGE(M5:M14) -> 15 | N15: =AVERAGE(N5:N14) -> 1671.3145 | O15: =AVERAGE(O5:O14) -> 113.91637 | P15: =M15-J15 -> #N/A | Q15: =O15-L15 -> #N/A | R15: =O15/L15 -> #N/A | Z15: =SUM(Z5:Z14) -> 0 | AA15: =SUM(AA5:AA14) -> 0 | AD15: =SUM(AD5:AD14) -> 0 | AE15: =SUM(AE5:AE14) -> 0 | AF15: =N15-K15 -> #N/A | AG15: =N15/K15 -> #N/A
A16: 自動二線 (ET-600) | B16: =VLOOKUP(D16,廠價表!$C$1:$E$43,2,0) -> #N/A | F16: =VLOOKUP(D16,廠價表!$C$1:$E$43,3,0) -> #N/A | G16: 2263 | H16: =F16*G16 -> #N/A | J16: =VLOOKUP(D16,產線配置圖!$A$3:$C$40,2,0) -> #N/A | K16: =VLOOKUP(D16,產線配置圖!$A$3:$C$40,3,0) -> #N/A | L16: =K16/J16 -> #N/A | M16: 13 | N16: =G16/W16*60 -> 2225.9016 | O16: =N16/M16 -> 171.2232 | P16: =M16-J16 -> #N/A | Q16: =O16-L16 -> #N/A | R16: =O16/L16 -> #N/A | S16: =R26 -> #N/A | T16: 0.29097222 | U16: 0.33333333 | W16: =(U16-T16)*24*60 -> 61 | AF16: =N16-K16 -> #N/A | AG16: =N16/K16 -> #N/A | AH16: =AG26 -> #N/A
B17: =VLOOKUP(D17,廠價表!$C$1:$E$43,2,0) -> #N/A | F17: =VLOOKUP(D17,廠價表!$C$1:$E$43,3,0) -> #N/A | G17: 1180 | H17: =F17*G17 -> #N/A | J17: =VLOOKUP(D17,產線配置圖!$A$3:$C$40,2,0) -> #N/A | K17: =VLOOKUP(D17,產線配置圖!$A$3:$C$40,3,0) -> #N/A | L17: =K17/J17 -> #N/A | M17: 13 | N17: =G17/W17*60 -> 823.25581 | O17: =N17/M17 -> 63.32737 | P17: =M17-J17 -> #N/A | Q17: =O17-L17 -> #N/A | R17: =O17/L17 -> #N/A | T17: 0.34166667 | U17: 0.40138889 | V17: =(T17-U16)*24*60 -> 12 | W17: =(U17-T17)*24*60 -> 86 | AF17: =N17-K17 -> #N/A | AG17: =N17/K17 -> #N/A
B18: =VLOOKUP(D18,廠價表!$C$1:$E$43,2,0) -> #N/A | F18: =VLOOKUP(D18,廠價表!$C$1:$E$43,3,0) -> #N/A | G18: 3398 | H18: =F18*G18 -> #N/A | J18: =VLOOKUP(D18,產線配置圖!$A$3:$C$40,2,0) -> #N/A | K18: =VLOOKUP(D18,產線配置圖!$A$3:$C$40,3,0) -> #N/A | L18: =K18/J18 -> #N/A | M18: 12 | N18: =G18/W18*60 -> 1941.7143 | O18: =N18/M18 -> 161.80952 | P18: =M18-J18 -> #N/A | Q18: =O18-L18 -> #N/A | R18: =O18/L18 -> #N/A | T18: 0.40972222 | U18: 0.48263889 | V18: =(T18-U17)*24*60 -> 12 | W18: =(U18-T18)*24*60 -> 105 | X18: 0.48611111 | Y18: 0.52777778 | AF18: =N18-K18 -> #N/A | AG18: =N18/K18 -> #N/A
V19: =(T19-U18)*24*60 -> -695 | W19: =(U19-T19)*24*60 -> 0 | AF19: =N19-K19 -> 0 | AG19: =N19/K19 -> #DIV/0!
V20: =(T20-U19)*24*60 -> 0 | W20: =(U20-T20)*24*60 -> 0
W21: =(U21-T21)*24*60 -> 0
W22: 0
W23: =(U23-T23)*24*60 -> 0
H24: =F24*G24 -> 0 | W24: =(U24-T24)*24*60 -> 0
H25: =F25*G25 -> 0 | W25: =(U25-T25)*24*60 -> 0
C26: 4度二組A | D26: 平均 | J26: =AVERAGE(J16:J25) -> #N/A | K26: =AVERAGE(K16:K25) -> #N/A | L26: =AVERAGE(L16:L25) -> #N/A | M26: =AVERAGE(M16:M25) -> 12.666667 | N26: =AVERAGE(N16:N25) -> 1663.6239 | O26: =AVERAGE(O16:O25) -> 132.12003 | P26: =M26-J26 -> #N/A | Q26: =O26-L26 -> #N/A | R26: =O26/L26 -> #N/A | Z26: =SUM(Z16:Z25) -> 0 | AA26: =SUM(AA16:AA25) -> 0 | AD26: =SUM(AD16:AD25) -> 0 | AE26: =SUM(AE16:AE25) -> 0 | AF26: =N26-K26 -> #N/A | AG26: =N26/K26 -> #N/A
A27: 手工三線 (ET-55) | B27: =VLOOKUP(D27,廠價表!$C$1:$E$43,2,0) -> #N/A | F27: =VLOOKUP(D27,廠價表!$C$1:$E$43,3,0) -> #N/A | G27: 2263 | H27: =F27*G27 -> #N/A | J27: =VLOOKUP(D27,產線配置圖!$A$3:$C$40,2,0) -> #N/A | K27: =VLOOKUP(D27,產線配置圖!$A$3:$C$40,3,0) -> #N/A | L27: =K27/J27 -> #N/A | M27: 14 | N27: =G27/W27*60 -> 1212.3214 | O27: =N27/M27 -> 86.594388 | P27: =M27-J27 -> #N/A | Q27: =O27-L27 -> #N/A | R27: =O27/L27 -> #N/A | S27: =R37 -> #N/A | T27: 0.29166667 | U27: 0.36944444 | W27: =(U27-T27)*24*60 -> 112 | AF27: =N27-K27 -> #N/A | AG27: =N27/K27 -> #N/A | AH27: =AG37 -> #N/A
B28: =VLOOKUP(D28,廠價表!$C$1:$E$43,2,0) -> #N/A | F28: =VLOOKUP(D28,廠價表!$C$1:$E$43,3,0) -> #N/A | G28: 1180 | H28: =F28*G28 -> #N/A | J28: =VLOOKUP(D28,產線配置圖!$A$3:$C$40,2,0) -> #N/A | K28: =VLOOKUP(D28,產線配置圖!$A$3:$C$40,3,0) -> #N/A | L28: =K28/J28 -> #N/A | M28: 16 | N28: =G28/W28*60 -> 1089.2308 | O28: =N28/M28 -> 68.076923 | P28: =M28-J28 -> #N/A | Q28: =O28-L28 -> #N/A | R28: =O28/L28 -> #N/A | T28: 0.375 | U28: 0.42013889 | V28: =(T28-U27)*24*60 -> 8 | W28: =(U28-T28)*24*60 -> 65 | AF28: =N28-K28 -> #N/A | AG28: =N28/K28 -> #N/A
B29: =VLOOKUP(D29,廠價表!$C$1:$E$43,2,0) -> #N/A | F29: =VLOOKUP(D29,廠價表!$C$1:$E$43,3,0) -> #N/A | G29: 3398 | H29: =F29*G29 -> #N/A | J29: =VLOOKUP(D29,產線配置圖!$A$3:$C$40,2,0) -> #N/A | K29: =VLOOKUP(D29,產線配置圖!$A$3:$C$40,3,0) -> #N/A | L29: =K29/J29 -> #N/A | M29: 14 | N29: =G29/W29*60 -> 3136.6154 | O29: =N29/M29 -> 224.04396 | P29: =M29-J29 -> #N/A | Q29: =O29-L29 -> #N/A | R29: =O29/L29 -> #N/A | T29: 0.43055556 | U29: 0.47569444 | V29: =(T29-U28)*24*60 -> 15 | W29: =(U29-T29)*24*60 -> 65 | AF29: =N29-K29 -> #N/A | AG29: =N29/K29 -> #N/A
T30: 0.53958333 | U30: 0.56944444 | V30: =(T30-U29)*24*60 -> 92 | W30: =(U30-T30)*24*60 -> 43 | X30: 0.49652778 | Y30: 0.53819444 | AF30: =N30-K30 -> 0 | AG30: =N30/K30 -> #DIV/0!
W31: =(U31-T31)*24*60 -> 0 | AF31: =N31-K31 -> 0 | AG31: =N31/K31 -> #DIV/0!
W32: =(U32-T32)*24*60 -> 0
W33: =(U33-T33)*24*60 -> 0
W34: =(U34-T34)*24*60 -> 0
W35: =(U35-T35)*24*60 -> 0
H36: =F36*G36 -> 0 | W36: =(U36-T36)*24*60 -> 0
C37: 4度二組B | D37: 平均 | J37: =AVERAGE(J27:J36) -> #N/A | K37: =AVERAGE(K27:K36) -> #N/A | L37: =AVERAGE(L27:L36) -> #N/A | M37: =AVERAGE(M27:M36) -> 14.666667 | N37: =AVERAGE(N27:N36) -> 1812.7225 | O37: =AVERAGE(O27:O36) -> 126.23842 | P37: =M37-J37 -> #N/A | Q37: =N37-K37 -> #N/A | R37: =O37/L37 -> #N/A | Z37: =SUM(Z27:Z36) -> 0 | AA37: =SUM(AA27:AA36) -> 0 | AD37: =SUM(AD27:AD36) -> 0 | AE37: =SUM(AE27:AE36) -> 0 | AF37: =N37-K37 -> #N/A | AG37: =N37/K37 -> #N/A
A38: 手工四線 (ET-55) | B38: =VLOOKUP(D38,廠價表!$C$1:$E$43,2,0) -> #N/A | F38: =VLOOKUP(D38,廠價表!$C$1:$E$43,3,0) -> #N/A | G38: 2263 | H38: =F38*G38 -> #N/A | J38: =VLOOKUP(D38,產線配置圖!$A$3:$C$40,2,0) -> #N/A | K38: =VLOOKUP(D38,產線配置圖!$A$3:$C$40,3,0) -> #N/A | L38: =K38/J38 -> #N/A | M38: 14 | N38: =G38/W38*60 -> 1967.8261 | O38: =N38/M38 -> 140.55901 | P38: =M38-J38 -> #N/A | Q38: =O38-L38 -> #N/A | R38: =O38/L38 -> #N/A | S38: =R48 -> #N/A | T38: 0.33333333 | U38: 0.38125 | W38: =(U38-T38)*24*60 -> 69 | AF38: =N38-K38 -> #N/A | AG38: =N38/K38 -> #N/A | AH38: =AG48 -> #N/A
B39: =VLOOKUP(D39,廠價表!$C$1:$E$43,2,0) -> #N/A | F39: =VLOOKUP(D39,廠價表!$C$1:$E$43,3,0) -> #N/A | G39: 1180 | H39: =F39*G39 -> #N/A | J39: =VLOOKUP(D39,產線配置圖!$A$3:$C$40,2,0) -> #N/A | K39: =VLOOKUP(D39,產線配置圖!$A$3:$C$40,3,0) -> #N/A | L39: =K39/J39 -> #N/A | M39: 14 | N39: =G39/W39*60 -> 885 | O39: =N39/M39 -> 63.214286 | P39: =M39-J39 -> #N/A | Q39: =O39-L39 -> #N/A | R39: =O39/L39 -> #N/A | T39: 0.38888889 | U39: 0.44444444 | V39: =(T39-U38)*24*60 -> 11 | W39: =(U39-T39)*24*60 -> 80 | AF39: =N39-K39 -> #N/A | AG39: =N39/K39 -> #N/A
B40: =VLOOKUP(D40,廠價表!$C$1:$E$43,2,0) -> #N/A | F40: =VLOOKUP(D40,廠價表!$C$1:$E$43,3,0) -> #N/A | G40: 3398 | H40: =F40*G40 -> #N/A | J40: =VLOOKUP(D40,產線配置圖!$A$3:$C$40,2,0) -> #N/A | K40: =VLOOKUP(D40,產線配置圖!$A$3:$C$40,3,0) -> #N/A | L40: =K40/J40 -> #N/A | M40: 14 | N40: =G40/W40*60 -> 1853.4545 | O40: =N40/M40 -> 132.38961 | P40: =M40-J40 -> #N/A | Q40: =O40-L40 -> #N/A | R40: =O40/L40 -> #N/A | T40: 0.52777778 | U40: 0.60416667 | V40: =(T40-U39)*24*60 -> 120 | W40: =(U40-T40)*24*60 -> 110 | AF40: =N40-K40 -> #N/A | AG40: =N40/K40 -> #N/A
W41: =(U41-T41)*24*60 -> 0 | AF41: =N41-K41 -> 0 | AG41: =N41/K41 -> #DIV/0!
W42: =(U42-T42)*24*60 -> 0
W43: =(U43-T43)*24*60 -> 0
W44: =(U44-T44)*24*60 -> 0
W45: =(U45-T45)*24*60 -> 0
W46: =(U46-T46)*24*60 -> 0
H47: =F47*G47 -> 0 | W47: =(U47-T47)*24*60 -> 0
C48: 4度二組C1 | D48: 平均 | J48: =AVERAGE(J38:J47) -> #N/A | K48: =AVERAGE(K38:K47) -> #N/A | L48: =AVERAGE(L38:L47) -> #N/A | M48: =AVERAGE(M38:M47) -> 14 | N48: =AVERAGE(N38:N47) -> 1568.7602 | O48: =AVERAGE(O38:O47) -> 112.0543 | P48: =M48-J48 -> #N/A | Q48: =N48-K48 -> #N/A | R48: =O48/L48 -> #N/A | W48: =(U48-T48)*24*60 -> 0 | Z48: =SUM(Z38:Z47) -> 0 | AA48: =SUM(AA38:AA47) -> 0 | AD48: =SUM(AD38:AD47) -> 0 | AE48: =SUM(AE38:AE47) -> 0 | AF48: =N48-K48 -> #N/A | AG48: =N48/K48 -> #N/A
A49: 手工五線 (ET-55) | B49: =VLOOKUP(D49,廠價表!$C$1:$E$43,2,0) -> #N/A | F49: =VLOOKUP(D49,廠價表!$C$1:$E$43,3,0) -> #N/A | G49: 2263 | H49: =F49*G49 -> #N/A | J49: =VLOOKUP(D49,產線配置圖!$A$3:$C$40,2,0) -> #N/A | K49: =VLOOKUP(D49,產線配置圖!$A$3:$C$40,3,0) -> #N/A | L49: =K49/J49 -> #N/A | M49: 18 | N49: =G49/W49*60 -> 1996.7647 | O49: =N49/M49 -> 110.93137 | P49: =M49-J49 -> #N/A | Q49: =O49-L49 -> #N/A | R49: =O49/L49 -> #N/A | S49: =R58 -> #N/A | T49: 0.29166667 | U49: 0.33888889 | W49: =(U49-T49)*24*60 -> 68 | AF49: =N49-K49 -> #N/A | AG49: =N49/K49 -> #N/A | AH49: =AG58 -> #N/A
B50: =VLOOKUP(D50,廠價表!$C$1:$E$43,2,0) -> #N/A | F50: =VLOOKUP(D50,廠價表!$C$1:$E$43,3,0) -> #N/A | G50: 1180 | H50: =F50*G50 -> #N/A | J50: =VLOOKUP(D50,產線配置圖!$A$3:$C$40,2,0) -> #N/A | K50: =VLOOKUP(D50,產線配置圖!$A$3:$C$40,3,0) -> #N/A | L50: =K50/J50 -> #N/A | M50: 18 | N50: =G50/W50*60 -> 997.1831 | O50: =N50/M50 -> 55.399061 | P50: =M50-J50 -> #N/A | Q50: =O50-L50 -> #N/A | R50: =O50/L50 -> #N/A | T50: 0.34513889 | U50: 0.39444444 | V50: =(T50-U49)*24*60 -> 9 | W50: =(U50-T50)*24*60 -> 71 | AF50: =N50-K50 -> #N/A | AG50: =N50/K50 -> #N/A
B51: =VLOOKUP(D51,廠價表!$C$1:$E$43,2,0) -> #N/A | F51: =VLOOKUP(D51,廠價表!$C$1:$E$43,3,0) -> #N/A | G51: 3398 | H51: =F51*G51 -> #N/A | J51: =VLOOKUP(D51,產線配置圖!$A$3:$C$40,2,0) -> #N/A | K51: =VLOOKUP(D51,產線配置圖!$A$3:$C$40,3,0) -> #N/A | L51: =K51/J51 -> #N/A | M51: 17 | N51: =G51/W51*60 -> 2398.5882 | O51: =N51/M51 -> 141.09343 | P51: =M51-J51 -> #N/A | Q51: =O51-L51 -> #N/A | R51: =O51/L51 -> #N/A | T51: 0.40138889 | U51: 0.46041667 | V51: =(T51-U50)*24*60 -> 10 | W51: =(U51-T51)*24*60 -> 85 | AF51: =N51-K51 -> #N/A | AG51: =N51/K51 -> #N/A
T52: 0.52986111 | U52: 0.58333333 | V52: =(T52-U51)*24*60 -> 100 | W52: =(U52-T52)*24*60 -> 77 | X52: 0.47916667 | Y52: 0.52083333 | AF52: =N52-K52 -> 0 | AG52: =N52/K52 -> #DIV/0!
W53: =(U53-T53)*24*60 -> 0 | AF53: =N53-K53 -> 0 | AG53: =N53/K53 -> #DIV/0!
W54: =(U54-T54)*24*60 -> 0
W55: =(U55-T55)*24*60 -> 0
W56: =(U56-T56)*24*60 -> 0
W57: =(U57-T57)*24*60 -> 0
C58: 4度二組C2 | D58: 平均 | J58: =AVERAGE(J49:J57) -> #N/A | K58: =AVERAGE(K49:K57) -> #N/A | L58: =AVERAGE(L49:L57) -> #N/A | M58: =AVERAGE(M49:M57) -> 17.666667 | N58: =AVERAGE(N49:N57) -> 1797.512 | O58: =AVERAGE(O49:O57) -> 102.47462 | P58: =M58-J58 -> #N/A | Q58: =N58-K58 -> #N/A | R58: =O58/L58 -> #N/A | Z58: =SUM(Z49:Z57) -> 0 | AA58: =SUM(AA49:AA57) -> 0 | AD58: =SUM(AD49:AD57) -> 0 | AE58: =SUM(AE49:AE57) -> 0 | AF58: =N58-K58 -> #N/A | AG58: =N58/K58 -> #N/A
A59: 調理包一線 (八爪機) | B59: =VLOOKUP(D59,廠價表!$C$1:$E$43,2,0) -> #N/A | F59: =VLOOKUP(D59,廠價表!$C$1:$E$43,3,0) -> #N/A | G59: 2263 | H59: =F59*G59 -> #N/A | J59: =VLOOKUP(D59,產線配置圖!$A$3:$C$40,2,0) -> #N/A | K59: =VLOOKUP(D59,產線配置圖!$A$3:$C$40,3,0) -> #N/A | L59: =K59/J59 -> #N/A | M59: 13 | N59: =G59/W59*60 -> 1131.5 | O59: =N59/M59 -> 87.038462 | P59: =M59-J59 -> #N/A | Q59: =O59-L59 -> #N/A | R59: =O59/L59 -> #N/A | S59: =R69 -> #N/A | T59: 0.29166667 | U59: 0.375 | W59: =(U59-T59)*24*60 -> 120 | AF59: =N59-K59 -> #N/A | AG59: =N59/K59 -> #N/A | AH59: =AG69 -> #N/A
B60: =VLOOKUP(D60,廠價表!$C$1:$E$43,2,0) -> #N/A | F60: =VLOOKUP(D60,廠價表!$C$1:$E$43,3,0) -> #N/A | G60: 1180 | H60: =F60*G60 -> #N/A | J60: =VLOOKUP(D60,產線配置圖!$A$3:$C$40,2,0) -> #N/A | K60: =VLOOKUP(D60,產線配置圖!$A$3:$C$40,3,0) -> #N/A | L60: =K60/J60 -> #N/A | M60: 12 | N60: =G60/W60*60 -> 2360 | O60: =N60/M60 -> 196.66667 | P60: =M60-J60 -> #N/A | Q60: =O60-L60 -> #N/A | R60: =O60/L60 -> #N/A | T60: 0.38541667 | U60: 0.40625 | V60: =(T60-U59)*24*60 -> 15 | W60: =(U60-T60)*24*60 -> 30 | AF60: =N60-K60 -> #N/A | AG60: =N60/K60 -> #N/A
B61: =VLOOKUP(D61,廠價表!$C$1:$E$43,2,0) -> #N/A | F61: =VLOOKUP(D61,廠價表!$C$1:$E$43,3,0) -> #N/A | G61: 3398 | H61: =F61*G61 -> #N/A | J61: =VLOOKUP(D61,產線配置圖!$A$3:$C$40,2,0) -> #N/A | K61: =VLOOKUP(D61,產線配置圖!$A$3:$C$40,3,0) -> #N/A | L61: =K61/J61 -> #N/A | M61: 12 | N61: =G61/W61*60 -> 2192.2581 | O61: =N61/M61 -> 182.68817 | P61: =M61-J61 -> #N/A | Q61: =O61-L61 -> #N/A | R61: =O61/L61 -> #N/A | T61: 0.42361111 | U61: 0.48819444 | V61: =(T61-U60)*24*60 -> 25 | W61: =(U61-T61)*24*60 -> 93 | AF61: =N61-K61 -> #N/A | AG61: =N61/K61 -> #N/A
W62: =(U62-T62)*24*60 -> 0 | X62: 0.50347222 | Y62: 0.54513889 | AF62: =N62-K62 -> 0 | AG62: =N62/K62 -> #DIV/0!
W63: =(U63-T63)*24*60 -> 0
W64: =(U64-T64)*24*60 -> 0
W65: =(U65-T65)*24*60 -> 0
W66: =(U66-T66)*24*60 -> 0
W67: =(U67-T67)*24*60 -> 0
H68: =F68*G68 -> 0 | W68: =(U68-T68)*24*60 -> 0
C69: 4度三組 | D69: 平均 | J69: =AVERAGE(J59:J68) -> #N/A | K69: =AVERAGE(K59:K68) -> #N/A | L69: =AVERAGE(L59:L68) -> #N/A | M69: =AVERAGE(M59:M68) -> 12.333333 | N69: =AVERAGE(N59:N68) -> 1894.586 | O69: =AVERAGE(O59:O68) -> 155.46443 | P69: =M69-J69 -> #N/A | Q69: =N69-K69 -> #N/A | R69: =O69/L69 -> #N/A | Z69: =SUM(Z59:Z68) -> 0 | AA69: =SUM(AA59:AA68) -> 0 | AD69: =SUM(AD59:AD68) -> 0 | AE69: =SUM(AE59:AE68) -> 0 | AF69: =N69-K69 -> #N/A | AG69: =N69/K69 -> #N/A
A70: 調理包二線 (手工) | B70: =VLOOKUP(D70,廠價表!$C$1:$E$43,2,0) -> #N/A | F70: =VLOOKUP(D70,廠價表!$C$1:$E$43,3,0) -> #N/A | G70: 2263 | H70: =F70*G70 -> #N/A | J70: =VLOOKUP(D70,產線配置圖!$A$3:$C$40,2,0) -> #N/A | K70: =VLOOKUP(D70,產線配置圖!$A$3:$C$40,3,0) -> #N/A | L70: =K70/J70 -> #N/A | M70: 11 | N70: =G70/W70*60 -> 775.88571 | O70: =N70/M70 -> 70.535065 | P70: =M70-J70 -> #N/A | Q70: =O70-L70 -> #N/A | R70: =O70/L70 -> #N/A | S70: =R79 -> #N/A | T70: 0.34722222 | U70: 0.46875 | W70: =(U70-T70)*24*60 -> 175 | AF70: =N70-K70 -> #N/A | AG70: =N70/K70 -> #N/A | AH70: =AG79 -> #N/A
W71: =(U71-T71)*24*60 -> 0 | AF71: -300.3125 | AG71: 0.80810703
W72: =(U72-T72)*24*60 -> 0 | AF72: -130.33333 | AG72: 0.91671991
W73: =(U73-T73)*24*60 -> 0
W74: =(U74-T74)*24*60 -> 0
H75: =F75*G75 -> 0 | W75: =(U75-T75)*24*60 -> 0
H76: =F76*G76 -> 0 | W76: =(U76-T76)*24*60 -> 0
H77: =F77*G77 -> 0 | W77: =(U77-T77)*24*60 -> 0
H78: =F78*G78 -> 0 | W78: =(U78-T78)*24*60 -> 0
C79: 4度四組 | D79: 平均 | J79: =AVERAGE(J70:J78) -> #N/A | K79: =AVERAGE(K70:K78) -> #N/A | L79: =AVERAGE(L70:L78) -> #N/A | M79: =AVERAGE(M70:M78) -> 11 | N79: =AVERAGE(N70:N78) -> 775.88571 | O79: =AVERAGE(O70:O78) -> 70.535065 | P79: =M79-J79 -> #N/A | Q79: =N79-K79 -> #N/A | R79: =O79/L79 -> #N/A | Z79: =SUM(Z70:Z78) -> 0 | AA79: =SUM(AA70:AA78) -> 0 | AD79: =SUM(AD70:AD78) -> 0 | AE79: =SUM(AE70:AE78) -> 0 | AF79: =N79-K79 -> #N/A | AG79: =N79/K79 -> #N/A
AJ80: 1.當日出勤人數較多
AJ81: 2.當日出勤人數較少
AJ82: 3.當日出勤熟手較少
AJ83: 4.當日出勤新人較多
AJ84: 5.機台夾盒
AJ85: 6.封膜不順
AJ86: 7.更換膠膜
AJ87: 8.更換碳帶
AJ88: 9.當日熱轉印碳帶異常
AJ89: 10.訂單量過少
AJ90: 11.新品上市，尚未熟悉
AJ91: 12.商品結構，產能較低
AJ92: 13.區域出貨，分段生產

Sheet 0801總
B1: 長家廠組合室生產人時性分析
B3: 日期 | D3: 46235 | F3: 訂單量 | G3: ='0801'!E1 -> 50157 | I3: 營業額 | J3: ='0801'!G1 -> 2315009
B4: 項目 | D4: 3 | F4: ➀ | H4: ➁ | J4: ③ | L4: 異常停線 | N4: 短暫停線
B5: 人時性 | D5: 組合室 | F5: 全溫層 | H5: 義大利麵 | J5: 袋裝小吃、義麵 | L5: 合計次數 | M5: 時間 | N5: 合計次數 | O5: 設備次數
D6: 排關平均 | F6: =AVERAGE(D13:J13) -> 125.3878 | H6: =AVERAGE(D13:H13) -> 122.39021 | J6: =AVERAGE(I13:J13) -> 132.88178 | L6: =SUM(D18:J18) -> 2 | M6: =SUM(D19:J19) -> 32 | N6: =SUM(D20:J20) -> 0 | O6: =SUM(D20:J20) -> 0
D7: 實績平均 | F7: =AVERAGE(D14:J14) -> 112.77518 | H7: =AVERAGE(D14:H14) -> 108.65322 | J7: =AVERAGE(I14:J14) -> 123.08009 | L7: =AVERAGE(K14:L14) -> #DIV/0! | M7: =AVERAGE(L14:M14) -> #DIV/0! | N7: =AVERAGE(M14:N14) -> #DIV/0! | O7: =AVERAGE(N14:O14) -> #DIV/0!
D8: 達成率平均 | F8: =F7/F6 -> 0.89941113 | H8: =H7/H6 -> 0.88776072 | J8: =J7/J6 -> 0.92623753 | L8: =AVERAGE(K15:L15) -> #DIV/0! | M8: =AVERAGE(L15:M15) -> #DIV/0! | N8: =AVERAGE(M15:N15) -> #DIV/0! | O8: =AVERAGE(N15:O15) -> #DIV/0!
J9: ※現行日本鮮食廠以達成率80%為基本(即為現行KPI)
B10: 溫層 | D10: 4度C-各編組展開
B11: 編組 | D11: 1 | E11: 2 | F11: 3 | G11: 4 | H11: 5 | I11: 6 | J11: 7
D12: 自動1線 | E12: 自動2線 | F12: 手工3線 | G12: 手工4線 | H12: 手工5線 | I12: 調理包1線 | J12: 調理包2線
B13: 人時性 | C13: 排關 | D13: =VALUE('0801'!L15) -> 136.57969 | E13: =VALUE('0801'!L26) -> 174.51923 | F13: =VALUE('0801'!L37) -> 95.065768 | G13: =VALUE('0801'!L48) -> 99.006944 | H13: =VALUE('0801'!L58) -> 106.77941 | I13: =VALUE('0801'!L69) -> 135.50707 | J13: ='0801'!L79 -> 130.25649
C14: 實績 | D14: =VALUE('0801'!O15) -> 117.50436 | E14: =VALUE('0801'!O26) -> 160.65282 | F14: =VALUE('0801'!O37) -> 84.648002 | G14: =VALUE('0801'!O48) -> 85.922143 | H14: =VALUE('0801'!O58) -> 94.538775 | I14: =VALUE('0801'!O69) -> 130.03636 | J14: ='0801'!O79 -> 116.12382
C15: 達成率 | D15: =D14/D13 -> 0.86033554 | E15: =E14/E13 -> 0.92054508 | F15: =F14/F13 -> 0.89041517 | G15: =G14/G13 -> 0.86783956 | H15: =H14/H13 -> 0.8853652 | I15: =I14/I13 -> 0.95962788 | J15: ='0801'!S70 -> 0.89150122
B16: 作業 時間 | C16: 開始 | D16: ='0801'!T5 -> 0.29236111 | E16: ='0801'!T16 -> 0.29166667 | F16: ='0801'!T27 -> 0.28819444 | G16: ='0801'!T38 -> 0.33333333 | H16: ='0801'!T49 -> 0.29166667 | I16: ='0801'!T59 -> 0.29166667 | J16: ='0801'!T70 -> 0.29305556
C17: 結束 | D17: 0.61458333 | E17: 0.575 | F17: 0.5 | G17: 0.48958333 | H17: 0.61180556 | I17: 0.45486111 | J17: 0.44097222
B18: 產線異常 (5分鐘以上) | C18: 次數 | D18: ='0801'!Z15 -> 2 | E18: ='0801'!Z26 -> 0 | F18: ='0801'!Z37 -> 0 | G18: ='0801'!Z48 -> 0 | H18: ='0801'!Z58 -> 0 | I18: ='0801'!Z69 -> 0 | J18: ='0801'!AA79 -> 0
C19: 時間/分 | D19: ='0801'!AA15 -> 32 | E19: ='0801'!AA26 -> 0 | F19: ='0801'!AA37 -> 0 | G19: ='0801'!AA48 -> 0 | H19: ='0801'!AA58 -> 0 | I19: ='0801'!AA69 -> 0 | J19: ='0801'!AB79 -> 0
B20: 短暫停線 (5分鐘以下) | C20: 次數 | D20: ='0801'!AD15 -> 0 | E20: ='0801'!AD26 -> 0 | F20: ='0801'!AD37 -> 0 | G20: ='0801'!AD48 -> 0 | H20: ='0801'!AD58 -> 0 | I20: ='0801'!AD69 -> 0 | J20: ='0801'!AD79 -> 0
C21: 設備次數 | D21: ='0801'!AE15 -> 0 | E21: ='0801'!AE26 -> 0 | F21: ='0801'!AE37 -> 0 | G21: ='0801'!AE48 -> 0 | H21: ='0801'!AE58 -> 0 | I21: ='0801'!AE69 -> 0 | J21: ='0801'!AE79 -> 0
B22: 配置人數 | D22: =VALUE('0801'!M15) -> 15.75 | E22: =VALUE('0801'!M26) -> 13 | F22: =VALUE('0801'!M37) -> 17.25 | G22: =VALUE('0801'!M48) -> 17 | H22: =VALUE('0801'!M58) -> 16.25 | I22: =VALUE('0801'!M69) -> 12.333333 | J22: ='0801'!M79 -> 8.5
B23: 主要應用設備 | D23: ET-600 | E23: ET-600 | F23: ET-55 | G23: ET-55 | H23: ET-55 | I23: 八爪機 | J23: 八爪機
B24: 次要應用設備 | H24: 封口機 | J24: 封口機
B25: 備註

Sheet 0801
A1: 長家廠4度C日報分析 | D1: 總生產量 | E1: =SUM(G5:G79) -> 50157 | F1: 營業額 | G1: =SUM(H5:H79) -> 2315009 | H1: 出勤人數 | I1: =M15+M26+M48+M58+M69+M79+M37 -> 100.08333 | J1: 產線配置圖 | M1: 生產實績 | P1: 人時性差異分析 | T1: 日報登錄 | Z1: 合計 次數 | AA1: 合計 時間/分 | AB1: 分析說明 | AD1: 合計 次數 | AE1: 合計 設備次數 | AF1: 產能差異分析
A2: 8月1日 星期六 | D2: 人時性 | E2: =AVERAGE(O15,O26,O37,O48,O58,O69,O79) -> 112.77518 | F2: 平均廠價 | G2: =G1/E1 -> 46.155253 | H2: 多次生產數 | I2: =COUNT(I5:I79) -> 0 | Z2: =Z15+Z26+Z37+Z48+Z58+Z69+Z79 -> 2 | AA2: =AA15+AA26+AA37+AA48+AA58+AA69+AA79 -> 32 | AD2: =AD15+AD26+AD37+AD48+AD58+AD69+AD79 -> 0 | AE2: =AE15+AE26+AE37+AE48+AE58+AE69+AE79 -> 0
A3: 線別 | B3: 品類 | D3: 品名 | F3: 廠價 | G3: 生產量 | H3: 營收 | I3: 多次 生產 | J3: 人數 | K3: 產能/時 | L3: 人時性 | M3: 人數 | N3: 產能/時 | O3: 人時性 | P3: 人數 | Q3: 人時性 | R3: 達成率 | S3: 達成率平均 | T3: 生產時間 | V3: 前置、換線時間/分 | W3: 稼動時間/分 | X3: 休息時間 | Z3: 產線異常統計 (5分鐘以上) | AD3: 短暫停線統計 (5分鐘以下) | AF3: 產能/時 | AG3: 達成率 | AH3: 達成率平均
T4: 開始 | U4: 結束 | X4: 開始 | Y4: 結束 | Z4: 次數 | AA4: 時間/分 | AD4: 總次數 | AE4: 設備因素(次數)
A5: 自動一線 (ET-600) | B5: 義大利麵 | D5: 羅馬黑胡椒起司義大利麵 | F5: =VLOOKUP(D5,廠價表!$C$1:$E$43,3,0) -> 50.67 | G5: 1467 | H5: =F5*G5 -> 74332.89 | J5: =VLOOKUP(D5,產線配置圖!$A$3:$C$40,2,0) -> 17 | K5: =VLOOKUP(D5,產線配置圖!$A$3:$C$40,3,0) -> 2250 | L5: =K5/J5 -> 132.35294 | M5: 17 | N5: =G5/W5*60 -> 2000.4545 | O5: =N5/M5 -> 117.6738 | P5: =M5-J5 -> 0 | Q5: =O5-L5 -> -14.679144 | R5: =O5/L5 -> 0.88909091 | S5: =R15 -> 0.86033554 | T5: 0.29236111 | U5: 0.32291667 | W5: =(U5-T5)*24*60 -> 44 | AF5: =N5-K5 -> -249.54545 | AG5: =N5/K5 -> 0.88909091 | AH5: =AG15 -> 0.85727317
B6: 義大利麵 | D6: 香煎魚排佐檸檬奶油義大利麵 | F6: =VLOOKUP(D6,廠價表!$C$1:$E$43,3,0) -> 58.17 | G6: 1217 | H6: =F6*G6 -> 70792.89 | J6: =VLOOKUP(D6,產線配置圖!$A$3:$C$40,2,0) -> 13 | K6: =VLOOKUP(D6,產線配置圖!$A$3:$C$40,3,0) -> 2250 | L6: =K6/J6 -> 173.07692 | M6: 13 | N6: =G6/W6*60 -> 1921.5789 | O6: =N6/M6 -> 147.81377 | P6: =M6-J6 -> 0 | Q6: =O6-L6 -> -25.263158 | R6: =O6/L6 -> 0.85403509 | T6: 0.33125 | U6: 0.35763889 | V6: =(T6-U5)*24*60 -> 12 | W6: =(U6-T6)*24*60 -> 38 | AF6: =N6-K6 -> -328.42105 | AG6: =N6/K6 -> 0.85403509
B7: 義大利麵 | D7: 奶油培根義大利麵 | F7: =VLOOKUP(D7,廠價表!$C$1:$E$43,3,0) -> 49.14 | G7: 5630 | H7: =F7*G7 -> 276658.2 | J7: =VLOOKUP(D7,產線配置圖!$A$3:$C$40,2,0) -> 15 | K7: =VLOOKUP(D7,產線配置圖!$A$3:$C$40,3,0) -> 2250 | L7: =K7/J7 -> 150 | M7: 15 | N7: =G7/W7*60 -> 2072.3926 | O7: =N7/M7 -> 138.15951 | P7: =M7-J7 -> 0 | Q7: =O7-L7 -> -11.840491 | R7: =O7/L7 -> 0.92106339 | T7: 0.36527778 | U7: 0.47847222 | V7: =(T7-U6)*24*60 -> 11 | W7: =(U7-T7)*24*60 -> 163 | AF7: =N7-K7 -> -177.60736 | AG7: =N7/K7 -> 0.92106339
B8: 熱乾麵 | D8: 府城鹽水意麵 | F8: =VLOOKUP(D8,廠價表!$C$1:$E$43,3,0) -> 44.3 | G8: 1792 | H8: =F8*G8 -> 79385.6 | J8: =VLOOKUP(D8,產線配置圖!$A$3:$C$40,2,0) -> 18 | K8: =VLOOKUP(D8,產線配置圖!$A$3:$C$40,3,0) -> 1636 | L8: =K8/J8 -> 90.888889 | M8: 18 | N8: =G8/W8*60 -> 1194.6667 | O8: =N8/M8 -> 66.37037 | P8: =M8-J8 -> 0 | Q8: =O8-L8 -> -24.518519 | R8: =O8/L8 -> 0.73023635 | T8: 0.55208333 | U8: 0.61458333 | V8: =(T8-U7)*24*60 -> 106 | W8: =(U8-T8)*24*60 -> 90 | X8: 0.48611111 | Y8: 0.52777778 | Z8: 2 | AA8: 32 | AB8: 13:30-14:02封膜異常+重檢機異常 | AF8: =N8-K8 -> -441.33333 | AG8: =N8/K8 -> 0.73023635
W9: =(U9-T9)*24*60 -> 0 | AF9: =N9-K9 -> 0 | AG9: =N9/K9 -> #DIV/0!
W10: =(U10-T10)*24*60 -> 0 | AF10: =N10-K10 -> 0 | AG10: =N10/K10 -> #DIV/0!
W11: =(U11-T11)*24*60 -> 0 | AF11: =N11-K11 -> 0 | AG11: =N11/K11 -> #DIV/0!
W12: =(U12-T12)*24*60 -> 0
W13: =(U13-T13)*24*60 -> 0
W14: =(U14-T14)*24*60 -> 0
C15: 4度一組 | D15: 平均 | J15: =AVERAGE(J5:J14) -> 15.75 | K15: =AVERAGE(K5:K14) -> 2096.5 | L15: =AVERAGE(L5:L14) -> 136.57969 | M15: =AVERAGE(M5:M14) -> 15.75 | N15: =AVERAGE(N5:N14) -> 1797.2732 | O15: =AVERAGE(O5:O14) -> 117.50436 | P15: =M15-J15 -> 0 | Q15: =O15-L15 -> -19.075328 | R15: =O15/L15 -> 0.86033554 | Z15: =SUM(Z5:Z14) -> 2 | AA15: =SUM(AA5:AA14) -> 32 | AD15: =SUM(AD5:AD14) -> 0 | AE15: =SUM(AE5:AE14) -> 0 | AF15: =N15-K15 -> -299.2268 | AG15: =N15/K15 -> 0.85727317
A16: 自動二線 (ET-600) | B16: 義大利麵 | D16: 青醬蛤蜊義大利麵 | F16: =VLOOKUP(D16,廠價表!$C$1:$E$43,3,0) -> 50.67 | G16: 3444 | H16: =F16*G16 -> 174507.48 | J16: =VLOOKUP(D16,產線配置圖!$A$3:$C$40,2,0) -> 13 | K16: =VLOOKUP(D16,產線配置圖!$A$3:$C$40,3,0) -> 2250 | L16: =K16/J16 -> 173.07692 | M16: 13 | N16: =G16/W16*60 -> 2108.5714 | O16: =N16/M16 -> 162.1978 | P16: =M16-J16 -> 0 | Q16: =O16-L16 -> -10.879121 | R16: =O16/L16 -> 0.93714286 | S16: =R26 -> 0.92054508 | T16: 0.29166667 | U16: 0.35972222 | W16: =(U16-T16)*24*60 -> 98 | AF16: =N16-K16 -> -141.42857 | AG16: =N16/K16 -> 0.93714286 | AH16: =AG26 -> 0.92026294
B17: 義大利麵 | D17: 白酒清炒鮮蛤義大利麵 | F17: =VLOOKUP(D17,廠價表!$C$1:$E$43,3,0) -> 56.87 | G17: 2453 | H17: =F17*G17 -> 139502.11 | J17: =VLOOKUP(D17,產線配置圖!$A$3:$C$40,2,0) -> 15 | K17: =VLOOKUP(D17,產線配置圖!$A$3:$C$40,3,0) -> 2250 | L17: =K17/J17 -> 150 | M17: 15 | N17: =G17/W17*60 -> 2044.1667 | O17: =N17/M17 -> 136.27778 | P17: =M17-J17 -> 0 | Q17: =O17-L17 -> -13.722222 | R17: =O17/L17 -> 0.90851852 | T17: 0.36597222 | U17: 0.41597222 | V17: =(T17-U16)*24*60 -> 9 | W17: =(U17-T17)*24*60 -> 72 | AF17: =N17-K17 -> -205.83333 | AG17: =N17/K17 -> 0.90851852
B18: 義大利麵 | D18: 義式蕃茄起司義大利麵 | F18: =VLOOKUP(D18,廠價表!$C$1:$E$43,3,0) -> 50.39 | G18: 2588 | H18: =F18*G18 -> 130409.32 | J18: =VLOOKUP(D18,產線配置圖!$A$3:$C$40,2,0) -> 12 | K18: =VLOOKUP(D18,產線配置圖!$A$3:$C$40,3,0) -> 2250 | L18: =K18/J18 -> 187.5 | M18: 12 | N18: =G18/W18*60 -> 2098.3784 | O18: =N18/M18 -> 174.86486 | P18: =M18-J18 -> 0 | Q18: =O18-L18 -> -12.635135 | R18: =O18/L18 -> 0.93261261 | T18: 0.42222222 | U18: 0.47361111 | V18: =(T18-U17)*24*60 -> 9 | W18: =(U18-T18)*24*60 -> 74 | X18: 0.48611111 | Y18: 0.52777778 | AF18: =N18-K18 -> -151.62162 | AG18: =N18/K18 -> 0.93261261
B19: 義大利麵 | D19: 義式蕃茄起司義大利麵 | F19: =VLOOKUP(D19,廠價表!$C$1:$E$43,3,0) -> 50.39 | G19: 1625 | H19: =F19*G19 -> 81883.75 | J19: =VLOOKUP(D19,產線配置圖!$A$3:$C$40,2,0) -> 12 | K19: =VLOOKUP(D19,產線配置圖!$A$3:$C$40,3,0) -> 2250 | L19: =K19/J19 -> 187.5 | M19: 12 | N19: =G19/W19*60 -> 2031.25 | O19: =N19/M19 -> 169.27083 | P19: =M19-J19 -> 0 | Q19: =O19-L19 -> -18.229167 | R19: =O19/L19 -> 0.90277778 | T19: 0.54166667 | U19: 0.575 | V19: =(T19-U18)*24*60 -> 98 | W19: =(U19-T19)*24*60 -> 48 | AF19: =N19-K19 -> -218.75 | AG19: =N19/K19 -> 0.90277778
W20: =(U20-T20)*24*60 -> 0
W21: =(U21-T21)*24*60 -> 0
W22: 0
W23: =(U23-T23)*24*60 -> 0
H24: =F24*G24 -> 0 | W24: =(U24-T24)*24*60 -> 0
H25: =F25*G25 -> 0 | W25: =(U25-T25)*24*60 -> 0
C26: 4度二組A | D26: 平均 | J26: =AVERAGE(J16:J25) -> 13 | K26: =AVERAGE(K16:K25) -> 2250 | L26: =AVERAGE(L16:L25) -> 174.51923 | M26: =AVERAGE(M16:M25) -> 13 | N26: =AVERAGE(N16:N25) -> 2070.5916 | O26: =AVERAGE(O16:O25) -> 160.65282 | P26: =M26-J26 -> 0 | Q26: =O26-L26 -> -13.866411 | R26: =O26/L26 -> 0.92054508 | Z26: =SUM(Z16:Z25) -> 0 | AA26: =SUM(AA16:AA25) -> 0 | AD26: =SUM(AD16:AD25) -> 0 | AE26: =SUM(AE16:AE25) -> 0 | AF26: =N26-K26 -> -179.40838 | AG26: =N26/K26 -> 0.92026294
A27: 手工三線 (ET-55) | B27: 義大利麵 | D27: 蕃茄莎莎海鮮冷義大利麵 | F27: =VLOOKUP(D27,廠價表!$C$1:$E$43,3,0) -> 46.34 | G27: 1960 | H27: =F27*G27 -> 90826.4 | J27: =VLOOKUP(D27,產線配置圖!$A$3:$C$40,2,0) -> 16 | K27: =VLOOKUP(D27,產線配置圖!$A$3:$C$40,3,0) -> 1636 | L27: =K27/J27 -> 102.25 | M27: 16 | N27: =G27/W27*60 -> 1383.5294 | O27: =N27/M27 -> 86.470588 | P27: =M27-J27 -> 0 | Q27: =O27-L27 -> -15.779412 | R27: =O27/L27 -> 0.84567812 | S27: =R37 -> 0.89041517 | T27: 0.28819444 | U27: 0.34722222 | W27: =(U27-T27)*24*60 -> 85 | AF27: =N27-K27 -> -252.47059 | AG27: =N27/K27 -> 0.84567812 | AH27: =AG37 -> 0.89100467
B28: 義大利麵 | D28: 金沙豆腐義大利麵 | F28: =VLOOKUP(D28,廠價表!$C$1:$E$43,3,0) -> 49.91 | G28: 2568 | H28: =F28*G28 -> 128168.88 | J28: =VLOOKUP(D28,產線配置圖!$A$3:$C$40,2,0) -> 18 | K28: 1636 | L28: =K28/J28 -> 90.888889 | M28: 18 | N28: =G28/W28*60 -> 1481.5385 | O28: =N28/M28 -> 82.307692 | P28: =M28-J28 -> 0 | Q28: =O28-L28 -> -8.5811966 | R28: =O28/L28 -> 0.90558586 | T28: 0.35277778 | U28: 0.425 | V28: =(T28-U27)*24*60 -> 8 | W28: =(U28-T28)*24*60 -> 104 | AF28: =N28-K28 -> -154.46154 | AG28: =N28/K28 -> 0.90558586
B29: 義大利麵 | D29: 奶油鮮蝦明太子細扁麵 | F29: =VLOOKUP(D29,廠價表!$C$1:$E$43,3,0) -> 57.21 | G29: 946 | H29: =F29*G29 -> 54120.66 | J29: =VLOOKUP(D29,產線配置圖!$A$3:$C$40,2,0) -> 18 | K29: =VLOOKUP(D29,產線配置圖!$A$3:$C$40,3,0) -> 1636 | L29: =K29/J29 -> 90.888889 | M29: 18 | N29: =G29/W29*60 -> 1419 | O29: =N29/M29 -> 78.833333 | P29: =M29-J29 -> 0 | Q29: =O29-L29 -> -12.055556 | R29: =O29/L29 -> 0.86735941 | T29: 0.43055556 | U29: 0.45833333 | V29: =(T29-U28)*24*60 -> 8 | W29: =(U29-T29)*24*60 -> 40 | AF29: =N29-K29 -> -217 | AG29: =N29/K29 -> 0.86735941
B30: 義大利麵 | D30: 義式蛋蛋青醬鮪魚冷義大利麵 | F30: =VLOOKUP(D30,廠價表!$C$1:$E$43,3,0) -> 45.66 | G30: 1160 | H30: =F30*G30 -> 52965.6 | J30: =VLOOKUP(D30,產線配置圖!$A$3:$C$40,2,0) -> 17 | K30: =VLOOKUP(D30,產線配置圖!$A$3:$C$40,3,0) -> 1636 | L30: =K30/J30 -> 96.235294 | M30: 17 | N30: =G30/W30*60 -> 1546.6667 | O30: =N30/M30 -> 90.980392 | P30: =M30-J30 -> 0 | Q30: =O30-L30 -> -5.254902 | R30: =O30/L30 -> 0.94539527 | T30: 0.46875 | U30: 0.5 | V30: =(T30-U29)*24*60 -> 15 | W30: =(U30-T30)*24*60 -> 45 | X30: 0.49652778 | Y30: 0.53819444 | AF30: =N30-K30 -> -89.333333 | AG30: =N30/K30 -> 0.94539527
W31: =(U31-T31)*24*60 -> 0 | AF31: =N31-K31 -> 0 | AG31: =N31/K31 -> #DIV/0!
W32: =(U32-T32)*24*60 -> 0
W33: =(U33-T33)*24*60 -> 0
W34: =(U34-T34)*24*60 -> 0
W35: =(U35-T35)*24*60 -> 0
H36: =F36*G36 -> 0 | W36: =(U36-T36)*24*60 -> 0
C37: 4度二組B | D37: 平均 | J37: =AVERAGE(J27:J36) -> 17.25 | K37: =AVERAGE(K27:K36) -> 1636 | L37: =AVERAGE(L27:L36) -> 95.065768 | M37: =AVERAGE(M27:M36) -> 17.25 | N37: =AVERAGE(N27:N36) -> 1457.6836 | O37: =AVERAGE(O27:O36) -> 84.648002 | P37: =M37-J37 -> 0 | Q37: =N37-K37 -> -178.31637 | R37: =O37/L37 -> 0.89041517 | Z37: =SUM(Z27:Z36) -> 0 | AA37: =SUM(AA27:AA36) -> 0 | AD37: =SUM(AD27:AD36) -> 0 | AE37: =SUM(AE27:AE36) -> 0 | AF37: =N37-K37 -> -178.31637 | AG37: =N37/K37 -> 0.89100467
A38: 手工四線 (ET-55) | B38: 熱乾麵 | D38: 青花椒麻雞肉拌麵 | F38: =VLOOKUP(D38,廠價表!$C$1:$E$43,3,0) -> 49.91 | G38: 2172 | H38: =F38*G38 -> 108404.52 | J38: =VLOOKUP(D38,產線配置圖!$A$3:$C$40,2,0) -> 16 | K38: =VLOOKUP(D38,產線配置圖!$A$3:$C$40,3,0) -> 1714 | L38: =K38/J38 -> 107.125 | M38: 16 | N38: =G38/W38*60 -> 1551.4286 | O38: =N38/M38 -> 96.964286 | P38: =M38-J38 -> 0 | Q38: =O38-L38 -> -10.160714 | R38: =O38/L38 -> 0.90515086 | S38: =R48 -> 0.86783956 | T38: 0.33333333 | U38: 0.39166667 | W38: =(U38-T38)*24*60 -> 84 | AF38: =N38-K38 -> -162.57143 | AG38: =N38/K38 -> 0.90515086 | AH38: =AG48 -> 0.8654533
B39: 熱乾麵 | D39: 府城鹽水意麵 | F39: =VLOOKUP(D39,廠價表!$C$1:$E$43,3,0) -> 44.3 | G39: 2808 | H39: =F39*G39 -> 124394.4 | J39: =VLOOKUP(D39,產線配置圖!$A$3:$C$40,2,0) -> 18 | K39: =VLOOKUP(D39,產線配置圖!$A$3:$C$40,3,0) -> 1636 | L39: =K39/J39 -> 90.888889 | M39: 18 | N39: =G39/W39*60 -> 1347.84 | O39: =N39/M39 -> 74.88 | P39: =M39-J39 -> 0 | Q39: =O39-L39 -> -16.008889 | R39: =O39/L39 -> 0.82386308 | T39: 0.40277778 | U39: 0.48958333 | V39: =(T39-U38)*24*60 -> 16 | W39: =(U39-T39)*24*60 -> 125 | AF39: =N39-K39 -> -288.16 | AG39: =N39/K39 -> 0.82386308
W40: =(U40-T40)*24*60 -> 0 | AF40: =N40-K40 -> 0 | AG40: =N40/K40 -> #DIV/0!
W41: =(U41-T41)*24*60 -> 0 | AF41: =N41-K41 -> 0 | AG41: =N41/K41 -> #DIV/0!
W42: =(U42-T42)*24*60 -> 0
W43: =(U43-T43)*24*60 -> 0
W44: =(U44-T44)*24*60 -> 0
W45: =(U45-T45)*24*60 -> 0
W46: =(U46-T46)*24*60 -> 0
H47: =F47*G47 -> 0 | W47: =(U47-T47)*24*60 -> 0
C48: 4度二組C1 | D48: 平均 | J48: =AVERAGE(J38:J47) -> 17 | K48: =AVERAGE(K38:K47) -> 1675 | L48: =AVERAGE(L38:L47) -> 99.006944 | M48: =AVERAGE(M38:M47) -> 17 | N48: =AVERAGE(N38:N47) -> 1449.6343 | O48: =AVERAGE(O38:O47) -> 85.922143 | P48: =M48-J48 -> 0 | Q48: =N48-K48 -> -225.36571 | R48: =O48/L48 -> 0.86783956 | W48: =(U48-T48)*24*60 -> 0 | Z48: =SUM(Z38:Z47) -> 0 | AA48: =SUM(AA38:AA47) -> 0 | AD48: =SUM(AD38:AD47) -> 0 | AE48: =SUM(AE38:AE47) -> 0 | AF48: =N48-K48 -> -225.36571 | AG48: =N48/K48 -> 0.8654533
A49: 手工五線 (ET-55) | B49: 熱乾麵 | D49: 沙茶豬肉炒麵 | F49: =VLOOKUP(D49,廠價表!$C$1:$E$43,3,0) -> 49.52 | G49: 1855 | H49: =F49*G49 -> 91859.6 | J49: =VLOOKUP(D49,產線配置圖!$A$3:$C$40,2,0) -> 17 | K49: =VLOOKUP(D49,產線配置圖!$A$3:$C$40,3,0) -> 1800 | L49: =K49/J49 -> 105.88235 | M49: 17 | N49: =G49/W49*60 -> 1636.7647 | O49: =N49/M49 -> 96.280277 | P49: =M49-J49 -> 0 | Q49: =O49-L49 -> -9.6020761 | R49: =O49/L49 -> 0.90931373 | S49: =R58 -> 0.8853652 | T49: 0.29166667 | U49: 0.33888889 | W49: =(U49-T49)*24*60 -> 68 | AF49: =N49-K49 -> -163.23529 | AG49: =N49/K49 -> 0.90931373 | AH49: =AG58 -> 0.87361596
B50: 義大利麵 | D50: 黑松露野菇義大利麵 | F50: =VLOOKUP(D50,廠價表!$C$1:$E$43,3,0) -> 50.289 | G50: 1909 | H50: =F50*G50 -> 96001.701 | J50: =VLOOKUP(D50,產線配置圖!$A$3:$C$40,2,0) -> 17 | K50: =VLOOKUP(D50,產線配置圖!$A$3:$C$40,3,0) -> 1636 | L50: =K50/J50 -> 96.235294 | M50: 16 | N50: =G50/W50*60 -> 1380 | O50: =N50/M50 -> 86.25 | P50: =M50-J50 -> -1 | Q50: =O50-L50 -> -9.9852941 | R50: =O50/L50 -> 0.89624083 | T50: 0.34305556 | U50: 0.40069444 | V50: =(T50-U49)*24*60 -> 6 | W50: =(U50-T50)*24*60 -> 83 | AF50: =N50-K50 -> -256 | AG50: =N50/K50 -> 0.84352078
B51: 義大利麵 | D51: 焗烤起司雙饗筆尖麵 | F51: =VLOOKUP(D51,廠價表!$C$1:$E$43,3,0) -> 49.97 | G51: 2015 | H51: =F51*G51 -> 100689.55 | J51: =VLOOKUP(D51,產線配置圖!$A$3:$C$40,2,0) -> 16 | K51: =VLOOKUP(D51,產線配置圖!$A$3:$C$40,3,0) -> 1800 | L51: =K51/J51 -> 112.5 | M51: 16 | N51: =G51/W51*60 -> 1492.5926 | O51: =N51/M51 -> 93.287037 | P51: =M51-J51 -> 0 | Q51: =O51-L51 -> -19.212963 | R51: =O51/L51 -> 0.82921811 | T51: 0.40555556 | U51: 0.46180556 | V51: =(T51-U50)*24*60 -> 7 | W51: =(U51-T51)*24*60 -> 81 | AF51: =N51-K51 -> -307.40741 | AG51: =N51/K51 -> 0.82921811
B52: 義大利麵 | D52: 焗烤起司雙饗筆尖麵 | F52: =VLOOKUP(D52,廠價表!$C$1:$E$43,3,0) -> 49.97 | G52: 3575 | H52: =F52*G52 -> 178642.75 | J52: =VLOOKUP(D52,產線配置圖!$A$3:$C$40,2,0) -> 16 | K52: =VLOOKUP(D52,產線配置圖!$A$3:$C$40,3,0) -> 1800 | L52: =K52/J52 -> 112.5 | M52: 16 | N52: =G52/W52*60 -> 1637.4046 | O52: =N52/M52 -> 102.33779 | P52: =M52-J52 -> 0 | Q52: =O52-L52 -> -10.162214 | R52: =O52/L52 -> 0.90966921 | T52: 0.52083333 | U52: 0.61180556 | V52: =(T52-U51)*24*60 -> 85 | W52: =(U52-T52)*24*60 -> 131 | X52: 0.47916667 | Y52: 0.52083333 | AF52: =N52-K52 -> -162.59542 | AG52: =N52/K52 -> 0.90966921
W53: =(U53-T53)*24*60 -> 0 | AF53: =N53-K53 -> 0 | AG53: =N53/K53 -> #DIV/0!
W54: =(U54-T54)*24*60 -> 0
W55: =(U55-T55)*24*60 -> 0
W56: =(U56-T56)*24*60 -> 0
W57: =(U57-T57)*24*60 -> 0
C58: 4度二組C2 | D58: 平均 | J58: =AVERAGE(J49:J57) -> 16.5 | K58: =AVERAGE(K49:K57) -> 1759 | L58: =AVERAGE(L49:L57) -> 106.77941 | M58: =AVERAGE(M49:M57) -> 16.25 | N58: =AVERAGE(N49:N57) -> 1536.6905 | O58: =AVERAGE(O49:O57) -> 94.538775 | P58: =M58-J58 -> -0.25 | Q58: =N58-K58 -> -222.30953 | R58: =O58/L58 -> 0.8853652 | Z58: =SUM(Z49:Z57) -> 0 | AA58: =SUM(AA49:AA57) -> 0 | AD58: =SUM(AD49:AD57) -> 0 | AE58: =SUM(AE49:AE57) -> 0 | AF58: =N58-K58 -> -222.30953 | AG58: =N58/K58 -> 0.87361596
A59: 調理包一線 (八爪機) | B59: 小吃、微波 | D59: 小滷青蔬 | F59: =VLOOKUP(D59,廠價表!$C$1:$E$43,3,0) -> 26.99 | G59: 2898 | H59: =F59*G59 -> 78217.02 | J59: =VLOOKUP(D59,產線配置圖!$A$3:$C$40,2,0) -> 15 | K59: =VLOOKUP(D59,產線配置圖!$A$3:$C$40,3,0) -> 1636 | L59: =K59/J59 -> 109.06667 | M59: 15 | N59: =G59/W59*60 -> 1512 | O59: =N59/M59 -> 100.8 | P59: =M59-J59 -> 0 | Q59: =O59-L59 -> -8.2666667 | R59: =O59/L59 -> 0.92420538 | S59: =R69 -> 0.95962788 | T59: 0.29166667 | U59: 0.37152778 | W59: =(U59-T59)*24*60 -> 115 | AF59: =N59-K59 -> -124 | AG59: =N59/K59 -> 0.92420538 | AH59: =AG69 -> 0.95647922
B60: 小吃、微波 | D60: 起司馬鈴薯 | F60: =VLOOKUP(D60,廠價表!$C$1:$E$43,3,0) -> 28.26 | G60: 1352 | H60: =F60*G60 -> 38207.52 | J60: =VLOOKUP(D60,產線配置圖!$A$3:$C$40,2,0) -> 11 | K60: =VLOOKUP(D60,產線配置圖!$A$3:$C$40,3,0) -> 1636 | L60: =K60/J60 -> 148.72727 | M60: 11 | N60: =G60/W60*60 -> 1622.4 | O60: =N60/M60 -> 147.49091 | P60: =M60-J60 -> 0 | Q60: =O60-L60 -> -1.2363636 | R60: =O60/L60 -> 0.99168704 | T60: 0.37847222 | U60: 0.41319444 | V60: =(T60-U59)*24*60 -> 10 | W60: =(U60-T60)*24*60 -> 50 | AF60: =N60-K60 -> -13.6 | AG60: =N60/K60 -> 0.99168704
B61: 小吃、微波 | D61: 韓式炒冬粉 | F61: =VLOOKUP(D61,廠價表!$C$1:$E$43,3,0) -> 28.26 | G61: 1170 | H61: =F61*G61 -> 33064.2 | J61: =VLOOKUP(D61,產線配置圖!$A$3:$C$40,2,0) -> 11 | K61: =VLOOKUP(D61,產線配置圖!$A$3:$C$40,3,0) -> 1636 | L61: =K61/J61 -> 148.72727 | M61: 11 | N61: =G61/W61*60 -> 1560 | O61: =N61/M61 -> 141.81818 | P61: =M61-J61 -> 0 | Q61: =O61-L61 -> -6.9090909 | R61: =O61/L61 -> 0.95354523 | T61: 0.42361111 | U61: 0.45486111 | V61: =(T61-U60)*24*60 -> 15 | W61: =(U61-T61)*24*60 -> 45 | AF61: =N61-K61 -> -76 | AG61: =N61/K61 -> 0.95354523
W62: =(U62-T62)*24*60 -> 0 | X62: 0.50347222 | Y62: 0.54513889 | AF62: =N62-K62 -> 0 | AG62: =N62/K62 -> #DIV/0!
W63: =(U63-T63)*24*60 -> 0
W64: =(U64-T64)*24*60 -> 0
W65: =(U65-T65)*24*60 -> 0
W66: =(U66-T66)*24*60 -> 0
W67: =(U67-T67)*24*60 -> 0
H68: =F68*G68 -> 0 | W68: =(U68-T68)*24*60 -> 0
C69: 4度三組 | D69: 平均 | J69: =AVERAGE(J59:J68) -> 12.333333 | K69: =AVERAGE(K59:K68) -> 1636 | L69: =AVERAGE(L59:L68) -> 135.50707 | M69: =AVERAGE(M59:M68) -> 12.333333 | N69: =AVERAGE(N59:N68) -> 1564.8 | O69: =AVERAGE(O59:O68) -> 130.03636 | P69: =M69-J69 -> 0 | Q69: =N69-K69 -> -71.2 | R69: =O69/L69 -> 0.95962788 | Z69: =SUM(Z59:Z68) -> 0 | AA69: =SUM(AA59:AA68) -> 0 | AD69: =SUM(AD59:AD68) -> 0 | AE69: =SUM(AE59:AE68) -> 0 | AF69: =N69-K69 -> -71.2 | AG69: =N69/K69 -> 0.95647922
A70: 調理包二線 (手工) | B70: 小吃、微波 | D70: 麻辣雞心 | F70: =VLOOKUP(D70,廠價表!$C$1:$E$43,3,0) -> 28.26 | G70: 2813 | H70: =F70*G70 -> 79495.38 | J70: =VLOOKUP(D70,產線配置圖!$A$3:$C$40,2,0) -> 11 | K70: =VLOOKUP(D70,產線配置圖!$A$3:$C$40,3,0) -> 1636 | L70: =K70/J70 -> 148.72727 | M70: 8 | N70: =G70/W70*60 -> 1140.4054 | O70: =N70/M70 -> 142.55068 | P70: =M70-J70 -> -3 | Q70: =O70-L70 -> -6.1765971 | R70: =O70/L70 -> 0.95847031 | S70: =R79 -> 0.89150122 | T70: 0.29305556 | U70: 0.39583333 | W70: =(U70-T70)*24*60 -> 148 | AF70: =N70-K70 -> -495.59459 | AG70: =N70/K70 -> 0.69706932 | AH70: =AG79 -> 0.60845927
B71: 義大利麵 | D71: 鱈魚粉紅青醬筆尖麵 | F71: =VLOOKUP(D71,廠價表!$C$1:$E$43,3,0) -> 43.89 | G71: 740 | H71: =F71*G71 -> 32478.6 | J71: =VLOOKUP(D71,產線配置圖!$A$3:$C$40,2,0) -> 14 | K71: =VLOOKUP(D71,產線配置圖!$A$3:$C$40,3,0) -> 1565 | L71: =K71/J71 -> 111.78571 | M71: 9 | N71: =G71/W71*60 -> 807.27273 | O71: =N71/M71 -> 89.69697 | P71: =M71-J71 -> -5 | Q71: =O71-L71 -> -22.088745 | R71: =O71/L71 -> 0.80240101 | T71: 0.40277778 | U71: 0.44097222 | V71: =(T71-U70)*24*60 -> 10 | W71: =(U71-T71)*24*60 -> 55 | AB71: 單排生產 | AF71: -300.3125 | AG71: 0.80810703
W72: =(U72-T72)*24*60 -> 0 | AF72: -130.33333 | AG72: 0.91671991
W73: =(U73-T73)*24*60 -> 0
W74: =(U74-T74)*24*60 -> 0
H75: =F75*G75 -> 0 | W75: =(U75-T75)*24*60 -> 0
H76: =F76*G76 -> 0 | W76: =(U76-T76)*24*60 -> 0
H77: =F77*G77 -> 0 | W77: =(U77-T77)*24*60 -> 0
H78: =F78*G78 -> 0 | W78: =(U78-T78)*24*60 -> 0
C79: 4度四組 | D79: 平均 | J79: =AVERAGE(J70:J78) -> 12.5 | K79: =AVERAGE(K70:K78) -> 1600.5 | L79: =AVERAGE(L70:L78) -> 130.25649 | M79: =AVERAGE(M70:M78) -> 8.5 | N79: =AVERAGE(N70:N78) -> 973.83907 | O79: =AVERAGE(O70:O78) -> 116.12382 | P79: =M79-J79 -> -4 | Q79: =N79-K79 -> -626.66093 | R79: =O79/L79 -> 0.89150122 | Z79: =SUM(Z70:Z78) -> 0 | AA79: =SUM(AA70:AA78) -> 0 | AD79: =SUM(AD70:AD78) -> 0 | AE79: =SUM(AE70:AE78) -> 0 | AF79: =N79-K79 -> -626.66093 | AG79: =N79/K79 -> 0.60845927
AJ80: 1.當日出勤人數較多
AJ81: 2.當日出勤人數較少
AJ82: 3.當日出勤熟手較少
AJ83: 4.當日出勤新人較多
AJ84: 5.機台夾盒
AJ85: 6.封膜不順
AJ86: 7.更換膠膜
AJ87: 8.更換碳帶
AJ88: 9.當日熱轉印碳帶異常
AJ89: 10.訂單量過少
AJ90: 11.新品上市，尚未熟悉
AJ91: 12.商品結構，產能較低
AJ92: 13.區域出貨，分段生產

Sheet 0802總
B1: 長家廠組合室生產人時性分析
B3: 日期 | D3: 46236 | F3: 訂單量 | G3: ='0802'!E1 -> 65177 | I3: 營業額 | J3: ='0802'!G1 -> 3016872.8
B4: 項目 | D4: 3 | F4: ➀ | H4: ➁ | J4: ③ | L4: 異常停線 | N4: 短暫停線
B5: 人時性 | D5: 組合室 | F5: 全溫層 | H5: 義大利麵 | J5: 袋裝小吃、義麵 | L5: 合計次數 | M5: 時間 | N5: 合計次數 | O5: 設備次數
D6: 排關平均 | F6: =AVERAGE(D13:J13) -> 126.28367 | H6: =AVERAGE(D13:H13) -> 124.65002 | J6: =AVERAGE(I13:J13) -> 130.3678 | L6: =SUM(D18:J18) -> 7 | M6: =SUM(D19:J19) -> 0 | N6: =SUM(D20:J20) -> 0 | O6: =SUM(D20:J20) -> 0
D7: 實績平均 | F7: =AVERAGE(D14:J14) -> 115.23476 | H7: =AVERAGE(D14:H14) -> 114.93918 | J7: =AVERAGE(I14:J14) -> 115.97372 | L7: =AVERAGE(K14:L14) -> #DIV/0! | M7: =AVERAGE(L14:M14) -> #DIV/0! | N7: =AVERAGE(M14:N14) -> #DIV/0! | O7: =AVERAGE(N14:O14) -> #DIV/0!
D8: 達成率平均 | F8: =F7/F6 -> 0.91250722 | H8: =H7/H6 -> 0.92209515 | J8: =J7/J6 -> 0.88958867 | L8: =AVERAGE(K15:L15) -> #DIV/0! | M8: =AVERAGE(L15:M15) -> #DIV/0! | N8: =AVERAGE(M15:N15) -> #DIV/0! | O8: =AVERAGE(N15:O15) -> #DIV/0!
J9: ※現行日本鮮食廠以達成率80%為基本(即為現行KPI)
B10: 溫層 | D10: 4度C-各編組展開
B11: 編組 | D11: 1 | E11: 2 | F11: 3 | G11: 4 | H11: 5 | I11: 6 | J11: 7
D12: 自動1線 | E12: 自動2線 | F12: 手工3線 | G12: 手工4線 | H12: 手工5線 | I12: 調理包1線 | J12: 調理包2線
B13: 人時性 | C13: 排關 | D13: =VALUE('0802'!L15) -> 151.08597 | E13: =VALUE('0802'!L26) -> 174.51923 | F13: =VALUE('0802'!L37) -> 94.564542 | G13: =VALUE('0802'!L48) -> 96.300926 | H13: =VALUE('0802'!L58) -> 106.77941 | I13: =VALUE('0802'!L69) -> 132.86303 | J13: ='0802'!L79 -> 127.87256
C14: 實績 | D14: =VALUE('0802'!O15) -> 141.27181 | E14: =VALUE('0802'!O26) -> 167.503 | F14: =VALUE('0802'!O37) -> 86.926868 | G14: =VALUE('0802'!O48) -> 86.461162 | H14: =VALUE('0802'!O58) -> 92.533041 | I14: =VALUE('0802'!O69) -> 122.67368 | J14: ='0802'!O79 -> 109.27375
C15: 達成率 | D15: =D14/D13 -> 0.9350425 | E15: =E14/E13 -> 0.95979682 | F15: =F14/F13 -> 0.91923321 | G15: =G14/G13 -> 0.89782275 | H15: =H14/H13 -> 0.8665813 | I15: =I14/I13 -> 0.92330936 | J15: ='0802'!S70 -> 0.85455197
B16: 作業 時間 | C16: 開始 | D16: ='0802'!T5 -> 0.29444444 | E16: ='0802'!T16 -> 0.28819444 | F16: ='0802'!T27 -> 0.29166667 | G16: ='0802'!T38 -> 0.33333333 | H16: ='0802'!T49 -> 0.29166667 | I16: ='0802'!T59 -> 0.28819444 | J16: ='0802'!T70 -> 0.29444444
C17: 結束 | D17: 0.61458333 | E17: 0.575 | F17: 0.5 | G17: 0.48958333 | H17: 0.61180556 | I17: 0.45486111 | J17: 0.44097222
B18: 產線異常 (5分鐘以上) | C18: 次數 | D18: ='0802'!Z15 -> 0 | E18: ='0802'!Z26 -> 0 | F18: ='0802'!Z37 -> 0 | G18: ='0802'!Z48 -> 0 | H18: ='0802'!Z58 -> 0 | I18: ='0802'!Z69 -> 0 | J18: ='0802'!AA79 -> 7
C19: 時間/分 | D19: ='0802'!AA15 -> 0 | E19: ='0802'!AA26 -> 0 | F19: ='0802'!AA37 -> 0 | G19: ='0802'!AA48 -> 0 | H19: ='0802'!AA58 -> 0 | I19: ='0802'!AA69 -> 0 | J19: ='0802'!AB79 -> 0
B20: 短暫停線 (5分鐘以下) | C20: 次數 | D20: ='0802'!AD15 -> 0 | E20: ='0802'!AD26 -> 0 | F20: ='0802'!AD37 -> 0 | G20: ='0802'!AD48 -> 0 | H20: ='0802'!AD58 -> 0 | I20: ='0802'!AD69 -> 0 | J20: ='0802'!AD79 -> 0
C21: 設備次數 | D21: ='0802'!AE15 -> 0 | E21: ='0802'!AE26 -> 0 | F21: ='0802'!AE37 -> 0 | G21: ='0802'!AE48 -> 0 | H21: ='0802'!AE58 -> 0 | I21: ='0802'!AE69 -> 0 | J21: ='0802'!AE79 -> 0
B22: 配置人數 | D22: =VALUE('0802'!M15) -> 15 | E22: =VALUE('0802'!M26) -> 13 | F22: =VALUE('0802'!M37) -> 17.166667 | G22: =VALUE('0802'!M48) -> 17.333333 | H22: =VALUE('0802'!M58) -> 16.5 | I22: =VALUE('0802'!M69) -> 12.6 | J22: ='0802'!M79 -> 12
B23: 主要應用設備 | D23: ET-600 | E23: ET-600 | F23: ET-55 | G23: ET-55 | H23: ET-55 | I23: 八爪機 | J23: 八爪機
B24: 次要應用設備 | H24: 封口機 | J24: 封口機
B25: 備註

Sheet 0802
A1: 長家廠4度C日報分析 | D1: 總生產量 | E1: =SUM(G5:G79) -> 65177 | F1: 營業額 | G1: =SUM(H5:H79) -> 3016872.8 | H1: 出勤人數 | I1: =M15+M26+M48+M58+M69+M79+M37 -> 103.6 | J1: 產線配置圖 | M1: 生產實績 | P1: 人時性差異分析 | T1: 日報登錄 | Z1: 合計 次數 | AA1: 合計 時間/分 | AB1: 分析說明 | AD1: 合計 次數 | AE1: 合計 設備次數 | AF1: 產能差異分析
A2: 8月2日 星期日 | D2: 人時性 | E2: =AVERAGE(O15,O26,O37,O48,O58,O69,O79) -> 115.23476 | F2: 平均廠價 | G2: =G1/E1 -> 46.287383 | H2: 多次生產數 | I2: =COUNT(I5:I79) -> 0 | Z2: =Z15+Z26+Z37+Z48+Z58+Z69+Z79 -> 1 | AA2: =AA15+AA26+AA37+AA48+AA58+AA69+AA79 -> 7 | AD2: =AD15+AD26+AD37+AD48+AD58+AD69+AD79 -> 0 | AE2: =AE15+AE26+AE37+AE48+AE58+AE69+AE79 -> 0
A3: 線別 | B3: 品類 | D3: 品名 | F3: 廠價 | G3: 生產量 | H3: 營收 | I3: 多次 生產 | J3: 人數 | K3: 產能/時 | L3: 人時性 | M3: 人數 | N3: 產能/時 | O3: 人時性 | P3: 人數 | Q3: 人時性 | R3: 達成率 | S3: 達成率平均 | T3: 生產時間 | V3: 前置、換線時間/分 | W3: 稼動時間/分 | X3: 休息時間 | Z3: 產線異常統計 (5分鐘以上) | AD3: 短暫停線統計 (5分鐘以下) | AF3: 產能/時 | AG3: 達成率 | AH3: 達成率平均
T4: 開始 | U4: 結束 | X4: 開始 | Y4: 結束 | Z4: 次數 | AA4: 時間/分 | AD4: 總次數 | AE4: 設備因素(次數)
A5: 自動一線 (ET-600) | B5: 義大利麵 | D5: 羅馬黑胡椒起司義大利麵 | F5: =VLOOKUP(D5,廠價表!$C$1:$E$43,3,0) -> 50.67 | G5: 1991 | H5: =F5*G5 -> 100883.97 | J5: =VLOOKUP(D5,產線配置圖!$A$3:$C$40,2,0) -> 17 | K5: =VLOOKUP(D5,產線配置圖!$A$3:$C$40,3,0) -> 2250 | L5: =K5/J5 -> 132.35294 | M5: 17 | N5: =G5/W5*60 -> 2024.7458 | O5: =N5/M5 -> 119.10269 | P5: =M5-J5 -> 0 | Q5: =O5-L5 -> -13.250249 | R5: =O5/L5 -> 0.89988701 | S5: =R15 -> 0.9350425 | T5: 0.29444444 | U5: 0.33541667 | W5: =(U5-T5)*24*60 -> 59 | AB5: 8:10-8:15注醬機異常 | AF5: =N5-K5 -> -225.25424 | AG5: =N5/K5 -> 0.89988701 | AH5: =AG15 -> 0.93352032
B6: 義大利麵 | D6: 香煎魚排佐檸檬奶油義大利麵 | F6: =VLOOKUP(D6,廠價表!$C$1:$E$43,3,0) -> 58.17 | G6: 1616 | H6: =F6*G6 -> 94002.72 | J6: =VLOOKUP(D6,產線配置圖!$A$3:$C$40,2,0) -> 13 | K6: =VLOOKUP(D6,產線配置圖!$A$3:$C$40,3,0) -> 2250 | L6: =K6/J6 -> 173.07692 | M6: 13 | N6: =G6/W6*60 -> 2154.6667 | O6: =N6/M6 -> 165.74359 | P6: =M6-J6 -> 0 | Q6: =O6-L6 -> -7.3333333 | R6: =O6/L6 -> 0.95762963 | T6: 0.34375 | U6: 0.375 | V6: =(T6-U5)*24*60 -> 12 | W6: =(U6-T6)*24*60 -> 45 | AF6: =N6-K6 -> -95.333333 | AG6: =N6/K6 -> 0.95762963
B7: 義大利麵 | D7: 奶油培根義大利麵 | F7: =VLOOKUP(D7,廠價表!$C$1:$E$43,3,0) -> 49.14 | G7: 4914 | H7: =F7*G7 -> 241473.96 | J7: =VLOOKUP(D7,產線配置圖!$A$3:$C$40,2,0) -> 15 | K7: =VLOOKUP(D7,產線配置圖!$A$3:$C$40,3,0) -> 2250 | L7: =K7/J7 -> 150 | M7: 15 | N7: =G7/W7*60 -> 2167.9412 | O7: =N7/M7 -> 144.52941 | P7: =M7-J7 -> 0 | Q7: =O7-L7 -> -5.4705882 | R7: =O7/L7 -> 0.96352941 | T7: 0.38263889 | U7: 0.47708333 | V7: =(T7-U6)*24*60 -> 11 | W7: =(U7-T7)*24*60 -> 136 | AF7: =N7-K7 -> -82.058824 | AG7: =N7/K7 -> 0.96352941
B8: 義大利麵 | D8: 奶油培根義大利麵 | F8: =VLOOKUP(D8,廠價表!$C$1:$E$43,3,0) -> 49.14 | G8: 1657 | H8: =F8*G8 -> 81424.98 | J8: =VLOOKUP(D8,產線配置圖!$A$3:$C$40,2,0) -> 15 | K8: =VLOOKUP(D8,產線配置圖!$A$3:$C$40,3,0) -> 2250 | L8: =K8/J8 -> 150 | M8: 15 | N8: =G8/W8*60 -> 2071.25 | O8: =N8/M8 -> 138.08333 | P8: =M8-J8 -> 0 | Q8: =O8-L8 -> -11.916667 | R8: =O8/L8 -> 0.92055556 | T8: 0.54513889 | U8: 0.57847222 | V8: =(T8-U7)*24*60 -> 98 | W8: =(U8-T8)*24*60 -> 48 | AF8: =N8-K8 -> -178.75 | AG8: =N8/K8 -> 0.92055556
B9: 義大利麵 | D9: 白酒清炒鮮蛤義大利麵 | F9: =VLOOKUP(D9,廠價表!$C$1:$E$43,3,0) -> 56.87 | G9: 1389 | H9: =F9*G9 -> 78992.43 | J9: =VLOOKUP(D9,產線配置圖!$A$3:$C$40,2,0) -> 15 | K9: =VLOOKUP(D9,產線配置圖!$A$3:$C$40,3,0) -> 2250 | L9: =K9/J9 -> 150 | M9: 15 | N9: =G9/W9*60 -> 2083.5 | O9: =N9/M9 -> 138.9 | P9: =M9-J9 -> 0 | Q9: =O9-L9 -> -11.1 | R9: =O9/L9 -> 0.926 | T9: 0.58541667 | U9: 0.61319444 | V9: =(T9-U8)*24*60 -> 10 | W9: =(U9-T9)*24*60 -> 40 | AF9: =N9-K9 -> -166.5 | AG9: =N9/K9 -> 0.926
W10: =(U10-T10)*24*60 -> 0 | AF10: =N10-K10 -> 0 | AG10: =N10/K10 -> #DIV/0!
W11: =(U11-T11)*24*60 -> 0 | AF11: =N11-K11 -> 0 | AG11: =N11/K11 -> #DIV/0!
W12: =(U12-T12)*24*60 -> 0
W13: =(U13-T13)*24*60 -> 0
W14: =(U14-T14)*24*60 -> 0
C15: 4度一組 | D15: 平均 | J15: =AVERAGE(J5:J14) -> 15 | K15: =AVERAGE(K5:K14) -> 2250 | L15: =AVERAGE(L5:L14) -> 151.08597 | M15: =AVERAGE(M5:M14) -> 15 | N15: =AVERAGE(N5:N14) -> 2100.4207 | O15: =AVERAGE(O5:O14) -> 141.27181 | P15: =M15-J15 -> 0 | Q15: =O15-L15 -> -9.8141675 | R15: =O15/L15 -> 0.9350425 | Z15: =SUM(Z5:Z14) -> 0 | AA15: =SUM(AA5:AA14) -> 0 | AD15: =SUM(AD5:AD14) -> 0 | AE15: =SUM(AE5:AE14) -> 0 | AF15: =N15-K15 -> -149.57928 | AG15: =N15/K15 -> 0.93352032
A16: 自動二線 (ET-600) | B16: 義大利麵 | D16: 青醬蛤蜊義大利麵 | F16: =VLOOKUP(D16,廠價表!$C$1:$E$43,3,0) -> 50.67 | G16: 4037 | H16: =F16*G16 -> 204554.79 | J16: =VLOOKUP(D16,產線配置圖!$A$3:$C$40,2,0) -> 13 | K16: =VLOOKUP(D16,產線配置圖!$A$3:$C$40,3,0) -> 2250 | L16: =K16/J16 -> 173.07692 | M16: 13 | N16: =G16/W16*60 -> 2202 | O16: =N16/M16 -> 169.38462 | P16: =M16-J16 -> 0 | Q16: =O16-L16 -> -3.6923077 | R16: =O16/L16 -> 0.97866667 | S16: =R26 -> 0.95979682 | T16: 0.28819444 | U16: 0.36458333 | W16: =(U16-T16)*24*60 -> 110 | AF16: =N16-K16 -> -48 | AG16: =N16/K16 -> 0.97866667 | AH16: =AG26 -> 0.95957727
B17: 義大利麵 | D17: 白酒清炒鮮蛤義大利麵 | F17: =VLOOKUP(D17,廠價表!$C$1:$E$43,3,0) -> 56.87 | G17: 1920 | H17: =F17*G17 -> 109190.4 | J17: =VLOOKUP(D17,產線配置圖!$A$3:$C$40,2,0) -> 15 | K17: =VLOOKUP(D17,產線配置圖!$A$3:$C$40,3,0) -> 2250 | L17: =K17/J17 -> 150 | M17: 15 | N17: =G17/W17*60 -> 2133.3333 | O17: =N17/M17 -> 142.22222 | P17: =M17-J17 -> 0 | Q17: =O17-L17 -> -7.7777778 | R17: =O17/L17 -> 0.94814815 | T17: 0.37013889 | U17: 0.40763889 | V17: =(T17-U16)*24*60 -> 8 | W17: =(U17-T17)*24*60 -> 54 | AF17: =N17-K17 -> -116.66667 | AG17: =N17/K17 -> 0.94814815
B18: 義大利麵 | D18: 義式蕃茄起司義大利麵 | F18: =VLOOKUP(D18,廠價表!$C$1:$E$43,3,0) -> 50.39 | G18: 3420 | H18: =F18*G18 -> 172333.8 | J18: =VLOOKUP(D18,產線配置圖!$A$3:$C$40,2,0) -> 12 | K18: =VLOOKUP(D18,產線配置圖!$A$3:$C$40,3,0) -> 2250 | L18: =K18/J18 -> 187.5 | M18: 12 | N18: =G18/W18*60 -> 2160 | O18: =N18/M18 -> 180 | P18: =M18-J18 -> 0 | Q18: =O18-L18 -> -7.5 | R18: =O18/L18 -> 0.96 | T18: 0.41319444 | U18: 0.47916667 | V18: =(T18-U17)*24*60 -> 8 | W18: =(U18-T18)*24*60 -> 95 | AF18: =N18-K18 -> -90 | AG18: =N18/K18 -> 0.96
B19: 義大利麵 | D19: 義式蕃茄起司義大利麵 | F19: =VLOOKUP(D19,廠價表!$C$1:$E$43,3,0) -> 50.39 | G19: 4139 | H19: =F19*G19 -> 208564.21 | J19: =VLOOKUP(D19,產線配置圖!$A$3:$C$40,2,0) -> 12 | K19: =VLOOKUP(D19,產線配置圖!$A$3:$C$40,3,0) -> 2250 | L19: =K19/J19 -> 187.5 | M19: 12 | N19: =G19/W19*60 -> 2140.8621 | O19: =N19/M19 -> 178.40517 | P19: =M19-J19 -> 0 | Q19: =O19-L19 -> -9.0948276 | R19: =O19/L19 -> 0.95149425 | T19: 0.54166667 | U19: 0.62222222 | V19: =(T19-U18)*24*60 -> 90 | W19: =(U19-T19)*24*60 -> 116 | AF19: =N19-K19 -> -109.13793 | AG19: =N19/K19 -> 0.95149425
W20: =(U20-T20)*24*60 -> 0
W21: =(U21-T21)*24*60 -> 0
W22: 0
W23: =(U23-T23)*24*60 -> 0
H24: =F24*G24 -> 0 | W24: =(U24-T24)*24*60 -> 0
H25: =F25*G25 -> 0 | W25: =(U25-T25)*24*60 -> 0
C26: 4度二組A | D26: 平均 | J26: =AVERAGE(J16:J25) -> 13 | K26: =AVERAGE(K16:K25) -> 2250 | L26: =AVERAGE(L16:L25) -> 174.51923 | M26: =AVERAGE(M16:M25) -> 13 | N26: =AVERAGE(N16:N25) -> 2159.0489 | O26: =AVERAGE(O16:O25) -> 167.503 | P26: =M26-J26 -> 0 | Q26: =O26-L26 -> -7.0162283 | R26: =O26/L26 -> 0.95979682 | Z26: =SUM(Z16:Z25) -> 0 | AA26: =SUM(AA16:AA25) -> 0 | AD26: =SUM(AD16:AD25) -> 0 | AE26: =SUM(AE16:AE25) -> 0 | AF26: =N26-K26 -> -90.951149 | AG26: =N26/K26 -> 0.95957727
A27: 手工三線 (ET-55) | B27: 義大利麵 | D27: 蕃茄莎莎海鮮冷義大利麵 | F27: =VLOOKUP(D27,廠價表!$C$1:$E$43,3,0) -> 46.34 | G27: 1327 | H27: =F27*G27 -> 61493.18 | J27: =VLOOKUP(D27,產線配置圖!$A$3:$C$40,2,0) -> 16 | K27: =VLOOKUP(D27,產線配置圖!$A$3:$C$40,3,0) -> 1636 | L27: =K27/J27 -> 102.25 | M27: 16 | N27: =G27/W27*60 -> 1561.1765 | O27: =N27/M27 -> 97.573529 | P27: =M27-J27 -> 0 | Q27: =O27-L27 -> -4.6764706 | R27: =O27/L27 -> 0.95426435 | S27: =R37 -> 0.91923321 | T27: 0.29166667 | U27: 0.32708333 | W27: =(U27-T27)*24*60 -> 51 | AF27: =N27-K27 -> -74.823529 | AG27: =N27/K27 -> 0.95426435 | AH27: =AG37 -> 0.91014
B28: 義大利麵 | D28: 義式蛋蛋青醬鮪魚冷義大利麵 | F28: =VLOOKUP(D28,廠價表!$C$1:$E$43,3,0) -> 45.66 | G28: 1440 | H28: =F28*G28 -> 65750.4 | J28: =VLOOKUP(D28,產線配置圖!$A$3:$C$40,2,0) -> 17 | K28: =VLOOKUP(D28,產線配置圖!$A$3:$C$40,3,0) -> 1636 | L28: =K28/J28 -> 96.235294 | M28: 17 | N28: =G28/W28*60 -> 1515.7895 | O28: =N28/M28 -> 89.164087 | P28: =M28-J28 -> 0 | Q28: =O28-L28 -> -7.0712074 | R28: =O28/L28 -> 0.92652168 | T28: 0.33194444 | U28: 0.37152778 | V28: =(T28-U27)*24*60 -> 7 | W28: =(U28-T28)*24*60 -> 57 | AF28: =N28-K28 -> -120.21053 | AG28: =N28/K28 -> 0.92652168
B29: 義大利麵 | D29: 奶油鮮蝦明太子細扁麵 | F29: =VLOOKUP(D29,廠價表!$C$1:$E$43,3,0) -> 57.21 | G29: 1323 | H29: =F29*G29 -> 75688.83 | J29: =VLOOKUP(D29,產線配置圖!$A$3:$C$40,2,0) -> 18 | K29: =VLOOKUP(D29,產線配置圖!$A$3:$C$40,3,0) -> 1636 | L29: =K29/J29 -> 90.888889 | M29: 17 | N29: =G29/W29*60 -> 1443.2727 | O29: =N29/M29 -> 84.898396 | P29: =M29-J29 -> -1 | Q29: =O29-L29 -> -5.9904932 | R29: =O29/L29 -> 0.93408993 | T29: 0.37847222 | U29: 0.41666667 | V29: =(T29-U28)*24*60 -> 10 | W29: =(U29-T29)*24*60 -> 55 | AF29: =N29-K29 -> -192.72727 | AG29: =N29/K29 -> 0.88219604
B30: 義大利麵 | D30: 金沙豆腐義大利麵 | F30: =VLOOKUP(D30,廠價表!$C$1:$E$43,3,0) -> 49.91 | G30: 1494 | H30: =F30*G30 -> 74565.54 | J30: =VLOOKUP(D30,產線配置圖!$A$3:$C$40,2,0) -> 18 | K30: 1636 | L30: =K30/J30 -> 90.888889 | M30: 18 | N30: =G30/W30*60 -> 1494 | O30: =N30/M30 -> 83 | P30: =M30-J30 -> 0 | Q30: =O30-L30 -> -7.8888889 | R30: =O30/L30 -> 0.91320293 | T30: 0.42361111 | U30: 0.46527778 | V30: =(T30-U29)*24*60 -> 10 | W30: =(U30-T30)*24*60 -> 60 | AF30: =N30-K30 -> -142 | AG30: =N30/K30 -> 0.91320293
B31: 義大利麵 | D31: 金沙豆腐義大利麵 | F31: =VLOOKUP(D31,廠價表!$C$1:$E$43,3,0) -> 49.91 | G31: 1500 | H31: =F31*G31 -> 74865 | J31: =VLOOKUP(D31,產線配置圖!$A$3:$C$40,2,0) -> 18 | K31: 1636 | L31: =K31/J31 -> 90.888889 | M31: 18 | N31: =G31/W31*60 -> 1475.4098 | O31: =N31/M31 -> 81.967213 | P31: =M31-J31 -> 0 | Q31: =O31-L31 -> -8.9216758 | R31: =O31/L31 -> 0.90183975 | T31: 0.52777778 | U31: 0.57013889 | V31: =(T31-U30)*24*60 -> 90 | W31: =(U31-T31)*24*60 -> 61 | AF31: =N31-K31 -> -160.59016 | AG31: =N31/K31 -> 0.90183975
B32: 義大利麵 | D32: 黑松露野菇義大利麵 | F32: =VLOOKUP(D32,廠價表!$C$1:$E$43,3,0) -> 50.289 | G32: 1011 | H32: =F32*G32 -> 50842.179 | J32: =VLOOKUP(D32,產線配置圖!$A$3:$C$40,2,0) -> 17 | K32: =VLOOKUP(D32,產線配置圖!$A$3:$C$40,3,0) -> 1636 | L32: =K32/J32 -> 96.235294 | M32: 17 | N32: =G32/W32*60 -> 1444.2857 | O32: =N32/M32 -> 84.957983 | P32: =M32-J32 -> 0 | Q32: =O32-L32 -> -11.277311 | R32: =O32/L32 -> 0.88281523 | T32: 0.57708333 | U32: 0.60625 | V32: =(T32-U31)*24*60 -> 10 | W32: =(U32-T32)*24*60 -> 42
W33: =(U33-T33)*24*60 -> 0
W34: =(U34-T34)*24*60 -> 0
W35: =(U35-T35)*24*60 -> 0
W36: =(U36-T36)*24*60 -> 0
C37: 4度二組B | D37: 平均 | J37: =AVERAGE(J27:J36) -> 17.333333 | K37: =AVERAGE(K27:K36) -> 1636 | L37: =AVERAGE(L27:L36) -> 94.564542 | M37: =AVERAGE(M27:M36) -> 17.166667 | N37: =AVERAGE(N27:N36) -> 1488.989 | O37: =AVERAGE(O27:O36) -> 86.926868 | P37: =M37-J37 -> -0.16666667 | Q37: =N37-K37 -> -147.01096 | R37: =O37/L37 -> 0.91923321 | Z37: =SUM(Z27:Z36) -> 0 | AA37: =SUM(AA27:AA36) -> 0 | AD37: =SUM(AD27:AD36) -> 0 | AE37: =SUM(AE27:AE36) -> 0 | AF37: =N37-K37 -> -147.01096 | AG37: =N37/K37 -> 0.91014
A38: 手工四線 (ET-55) | B38: 熱乾麵 | D38: 青花椒麻雞肉拌麵 | F38: =VLOOKUP(D38,廠價表!$C$1:$E$43,3,0) -> 49.91 | G38: 2974 | H38: =F38*G38 -> 148432.34 | J38: =VLOOKUP(D38,產線配置圖!$A$3:$C$40,2,0) -> 16 | K38: =VLOOKUP(D38,產線配置圖!$A$3:$C$40,3,0) -> 1714 | L38: =K38/J38 -> 107.125 | M38: 16 | N38: =G38/W38*60 -> 1487 | O38: =N38/M38 -> 92.9375 | P38: =M38-J38 -> 0 | Q38: =O38-L38 -> -14.1875 | R38: =O38/L38 -> 0.86756126 | S38: =R48 -> 0.89782275 | T38: 0.33333333 | U38: 0.41666667 | W38: =(U38-T38)*24*60 -> 120 | AF38: =N38-K38 -> -227 | AG38: =N38/K38 -> 0.86756126 | AH38: =AG48 -> 0.8991231
B39: 熱乾麵 | D39: 府城鹽水意麵 | F39: =VLOOKUP(D39,廠價表!$C$1:$E$43,3,0) -> 44.3 | G39: 2169 | H39: =F39*G39 -> 96086.7 | J39: =VLOOKUP(D39,產線配置圖!$A$3:$C$40,2,0) -> 18 | K39: =VLOOKUP(D39,產線配置圖!$A$3:$C$40,3,0) -> 1636 | L39: =K39/J39 -> 90.888889 | M39: 18 | N39: =G39/W39*60 -> 1531.0588 | O39: =N39/M39 -> 85.058824 | P39: =M39-J39 -> 0 | Q39: =O39-L39 -> -5.8300654 | R39: =O39/L39 -> 0.93585503 | T39: 0.42708333 | U39: 0.48611111 | V39: =(T39-U38)*24*60 -> 15 | W39: =(U39-T39)*24*60 -> 85 | AF39: =N39-K39 -> -104.94118 | AG39: =N39/K39 -> 0.93585503
B40: 熱乾麵 | D40: 府城鹽水意麵 | F40: =VLOOKUP(D40,廠價表!$C$1:$E$43,3,0) -> 44.3 | G40: 3931 | H40: =F40*G40 -> 174143.3 | J40: =VLOOKUP(D40,產線配置圖!$A$3:$C$40,2,0) -> 18 | K40: =VLOOKUP(D40,產線配置圖!$A$3:$C$40,3,0) -> 1636 | L40: =K40/J40 -> 90.888889 | M40: 18 | N40: =G40/W40*60 -> 1464.9689 | O40: =N40/M40 -> 81.387164 | P40: =M40-J40 -> 0 | Q40: =O40-L40 -> -9.5017253 | R40: =O40/L40 -> 0.89545779 | T40: 0.54513889 | U40: 0.65694444 | V40: =(T40-U39)*24*60 -> 85 | W40: =(U40-T40)*24*60 -> 161 | AF40: =N40-K40 -> -171.03106 | AG40: =N40/K40 -> 0.89545779
W41: =(U41-T41)*24*60 -> 0 | AF41: =N41-K41 -> 0 | AG41: =N41/K41 -> #DIV/0!
W42: =(U42-T42)*24*60 -> 0
W43: =(U43-T43)*24*60 -> 0
W44: =(U44-T44)*24*60 -> 0
W45: =(U45-T45)*24*60 -> 0
W46: =(U46-T46)*24*60 -> 0
H47: =F47*G47 -> 0 | W47: =(U47-T47)*24*60 -> 0
C48: 4度二組C1 | D48: 平均 | J48: =AVERAGE(J38:J47) -> 17.333333 | K48: =AVERAGE(K38:K47) -> 1662 | L48: =AVERAGE(L38:L47) -> 96.300926 | M48: =AVERAGE(M38:M47) -> 17.333333 | N48: =AVERAGE(N38:N47) -> 1494.3426 | O48: =AVERAGE(O38:O47) -> 86.461162 | P48: =M48-J48 -> 0 | Q48: =N48-K48 -> -167.65741 | R48: =O48/L48 -> 0.89782275 | W48: =(U48-T48)*24*60 -> 0 | Z48: =SUM(Z38:Z47) -> 0 | AA48: =SUM(AA38:AA47) -> 0 | AD48: =SUM(AD38:AD47) -> 0 | AE48: =SUM(AE38:AE47) -> 0 | AF48: =N48-K48 -> -167.65741 | AG48: =N48/K48 -> 0.8991231
A49: 手工五線 (ET-55) | B49: 熱乾麵 | D49: 沙茶豬肉炒麵 | F49: =VLOOKUP(D49,廠價表!$C$1:$E$43,3,0) -> 49.52 | G49: 2428 | H49: =F49*G49 -> 120234.56 | J49: =VLOOKUP(D49,產線配置圖!$A$3:$C$40,2,0) -> 17 | K49: =VLOOKUP(D49,產線配置圖!$A$3:$C$40,3,0) -> 1800 | L49: =K49/J49 -> 105.88235 | M49: 17 | N49: =G49/W49*60 -> 1636.8539 | O49: =N49/M49 -> 96.285525 | P49: =M49-J49 -> 0 | Q49: =O49-L49 -> -9.5968275 | R49: =O49/L49 -> 0.9093633 | S49: =R58 -> 0.8665813 | T49: 0.29166667 | U49: 0.35347222 | W49: =(U49-T49)*24*60 -> 89 | AF49: =N49-K49 -> -163.14607 | AG49: =N49/K49 -> 0.9093633 | AH49: =AG58 -> 0.86688581
B50: 義大利麵 | D50: 黑松露野菇義大利麵 | F50: =VLOOKUP(D50,廠價表!$C$1:$E$43,3,0) -> 50.289 | G50: 1446 | H50: =F50*G50 -> 72717.894 | J50: =VLOOKUP(D50,產線配置圖!$A$3:$C$40,2,0) -> 17 | K50: =VLOOKUP(D50,產線配置圖!$A$3:$C$40,3,0) -> 1636 | L50: =K50/J50 -> 96.235294 | M50: 17 | N50: =G50/W50*60 -> 1377.1429 | O50: =N50/M50 -> 81.008403 | P50: =M50-J50 -> 0 | Q50: =O50-L50 -> -15.226891 | R50: =O50/L50 -> 0.84177436 | T50: 0.36041667 | U50: 0.40416667 | V50: =(T50-U49)*24*60 -> 10 | W50: =(U50-T50)*24*60 -> 63 | AF50: =N50-K50 -> -258.85714 | AG50: =N50/K50 -> 0.84177436
B51: 義大利麵 | D51: 焗烤起司雙饗筆尖麵 | F51: =VLOOKUP(D51,廠價表!$C$1:$E$43,3,0) -> 49.97 | G51: 1976 | H51: =F51*G51 -> 98740.72 | J51: =VLOOKUP(D51,產線配置圖!$A$3:$C$40,2,0) -> 16 | K51: =VLOOKUP(D51,產線配置圖!$A$3:$C$40,3,0) -> 1800 | L51: =K51/J51 -> 112.5 | M51: 16 | N51: =G51/W51*60 -> 1482 | O51: =N51/M51 -> 92.625 | P51: =M51-J51 -> 0 | Q51: =O51-L51 -> -19.875 | R51: =O51/L51 -> 0.82333333 | T51: 0.40972222 | U51: 0.46527778 | V51: =(T51-U50)*24*60 -> 8 | W51: =(U51-T51)*24*60 -> 80 | AF51: =N51-K51 -> -318 | AG51: =N51/K51 -> 0.82333333
B52: 義大利麵 | D52: 焗烤起司雙饗筆尖麵 | F52: =VLOOKUP(D52,廠價表!$C$1:$E$43,3,0) -> 49.97 | G52: 4543 | H52: =F52*G52 -> 227013.71 | J52: =VLOOKUP(D52,產線配置圖!$A$3:$C$40,2,0) -> 16 | K52: =VLOOKUP(D52,產線配置圖!$A$3:$C$40,3,0) -> 1800 | L52: =K52/J52 -> 112.5 | M52: 16 | N52: =G52/W52*60 -> 1603.4118 | O52: =N52/M52 -> 100.21324 | P52: =M52-J52 -> 0 | Q52: =O52-L52 -> -12.286765 | R52: =O52/L52 -> 0.89078431 | T52: 0.52430556 | U52: 0.64236111 | V52: =(T52-U51)*24*60 -> 85 | W52: =(U52-T52)*24*60 -> 170 | X52: 0.47916667 | Y52: 0.52083333 | AF52: =N52-K52 -> -196.58824 | AG52: =N52/K52 -> 0.89078431
W53: =(U53-T53)*24*60 -> 0 | AF53: =N53-K53 -> 0 | AG53: =N53/K53 -> #DIV/0!
W54: =(U54-T54)*24*60 -> 0
W55: =(U55-T55)*24*60 -> 0
W56: =(U56-T56)*24*60 -> 0
W57: =(U57-T57)*24*60 -> 0
C58: 4度二組C2 | D58: 平均 | J58: =AVERAGE(J49:J57) -> 16.5 | K58: =AVERAGE(K49:K57) -> 1759 | L58: =AVERAGE(L49:L57) -> 106.77941 | M58: =AVERAGE(M49:M57) -> 16.5 | N58: =AVERAGE(N49:N57) -> 1524.8521 | O58: =AVERAGE(O49:O57) -> 92.533041 | P58: =M58-J58 -> 0 | Q58: =N58-K58 -> -234.14786 | R58: =O58/L58 -> 0.8665813 | Z58: =SUM(Z49:Z57) -> 0 | AA58: =SUM(AA49:AA57) -> 0 | AD58: =SUM(AD49:AD57) -> 0 | AE58: =SUM(AE49:AE57) -> 0 | AF58: =N58-K58 -> -234.14786 | AG58: =N58/K58 -> 0.86688581
A59: 調理包一線 (八爪機) | B59: 小吃、微波 | D59: 小滷青蔬 | F59: =VLOOKUP(D59,廠價表!$C$1:$E$43,3,0) -> 26.99 | G59: 2529 | H59: =F59*G59 -> 68257.71 | J59: =VLOOKUP(D59,產線配置圖!$A$3:$C$40,2,0) -> 15 | K59: =VLOOKUP(D59,產線配置圖!$A$3:$C$40,3,0) -> 1636 | L59: =K59/J59 -> 109.06667 | M59: 15 | N59: =G59/W59*60 -> 1517.4 | O59: =N59/M59 -> 101.16 | P59: =M59-J59 -> 0 | Q59: =O59-L59 -> -7.9066667 | R59: =O59/L59 -> 0.92750611 | S59: =R69 -> 0.92330936 | T59: 0.28819444 | U59: 0.35763889 | W59: =(U59-T59)*24*60 -> 100 | AF59: =N59-K59 -> -118.6 | AG59: =N59/K59 -> 0.92750611 | AH59: =AG69 -> 0.92389393
B60: 小吃、微波 | D60: 起司馬鈴薯 | F60: =VLOOKUP(D60,廠價表!$C$1:$E$43,3,0) -> 28.26 | G60: 1005 | H60: =F60*G60 -> 28401.3 | J60: =VLOOKUP(D60,產線配置圖!$A$3:$C$40,2,0) -> 11 | K60: =VLOOKUP(D60,產線配置圖!$A$3:$C$40,3,0) -> 1636 | L60: =K60/J60 -> 148.72727 | M60: 11 | N60: =G60/W60*60 -> 1507.5 | O60: =N60/M60 -> 137.04545 | P60: =M60-J60 -> 0 | Q60: =O60-L60 -> -11.681818 | R60: =O60/L60 -> 0.92145477 | T60: 0.36458333 | U60: 0.39236111 | V60: =(T60-U59)*24*60 -> 10 | W60: =(U60-T60)*24*60 -> 40 | AF60: =N60-K60 -> -128.5 | AG60: =N60/K60 -> 0.92145477
B61: 小吃、微波 | D61: 起司馬鈴薯 | F61: =VLOOKUP(D61,廠價表!$C$1:$E$43,3,0) -> 28.26 | G61: 726 | H61: =F61*G61 -> 20516.76 | J61: =VLOOKUP(D61,產線配置圖!$A$3:$C$40,2,0) -> 11 | K61: =VLOOKUP(D61,產線配置圖!$A$3:$C$40,3,0) -> 1636 | L61: =K61/J61 -> 148.72727 | M61: 11 | N61: =G61/W61*60 -> 1555.7143 | O61: =N61/M61 -> 141.42857 | P61: =M61-J61 -> 0 | Q61: =O61-L61 -> -7.2987013 | R61: =O61/L61 -> 0.9509256 | T61: 0.40277778 | U61: 0.42222222 | V61: =(T61-U60)*24*60 -> 15 | W61: =(U61-T61)*24*60 -> 28 | AF61: =N61-K61 -> -80.285714 | AG61: =N61/K61 -> 0.9509256
B62: 小吃、微波 | D62: 韓式炒冬粉 | F62: =VLOOKUP(D62,廠價表!$C$1:$E$43,3,0) -> 28.26 | G62: 1528 | H62: =F62*G62 -> 43181.28 | J62: =VLOOKUP(D62,產線配置圖!$A$3:$C$40,2,0) -> 11 | K62: =VLOOKUP(D62,產線配置圖!$A$3:$C$40,3,0) -> 1636 | L62: =K62/J62 -> 148.72727 | M62: 11 | N62: =G62/W62*60 -> 1455.2381 | O62: =N62/M62 -> 132.29437 | P62: =M62-J62 -> 0 | Q62: =O62-L62 -> -16.4329 | R62: =O62/L62 -> 0.88950984 | T62: 0.43194444 | U62: 0.47569444 | V62: =(T62-U61)*24*60 -> 14 | W62: =(U62-T62)*24*60 -> 63 | X62: 0.50347222 | Y62: 0.54513889 | AF62: =N62-K62 -> -180.7619 | AG62: =N62/K62 -> 0.88950984
B63: 小吃、微波 | D63: 小滷青蔬 | F63: =VLOOKUP(D63,廠價表!$C$1:$E$43,3,0) -> 26.99 | G63: 1268 | H63: =F63*G63 -> 34223.32 | J63: =VLOOKUP(D63,產線配置圖!$A$3:$C$40,2,0) -> 15 | K63: =VLOOKUP(D63,產線配置圖!$A$3:$C$40,3,0) -> 1636 | L63: =K63/J63 -> 109.06667 | M63: 15 | N63: =G63/W63*60 -> 1521.6 | O63: =N63/M63 -> 101.44 | P63: =M63-J63 -> 0 | Q63: =O63-L63 -> -7.6266667 | R63: =O63/L63 -> 0.93007335 | T63: 0.53472222 | U63: 0.56944444 | V63: =(T63-U62)*24*60 -> 85 | W63: =(U63-T63)*24*60 -> 50
W64: =(U64-T64)*24*60 -> 0
W65: =(U65-T65)*24*60 -> 0
W66: =(U66-T66)*24*60 -> 0
W67: =(U67-T67)*24*60 -> 0
H68: =F68*G68 -> 0 | W68: =(U68-T68)*24*60 -> 0
C69: 4度三組 | D69: 平均 | J69: =AVERAGE(J59:J68) -> 12.6 | K69: =AVERAGE(K59:K68) -> 1636 | L69: =AVERAGE(L59:L68) -> 132.86303 | M69: =AVERAGE(M59:M68) -> 12.6 | N69: =AVERAGE(N59:N68) -> 1511.4905 | O69: =AVERAGE(O59:O68) -> 122.67368 | P69: =M69-J69 -> 0 | Q69: =N69-K69 -> -124.50952 | R69: =O69/L69 -> 0.92330936 | Z69: =SUM(Z59:Z68) -> 0 | AA69: =SUM(AA59:AA68) -> 0 | AD69: =SUM(AD59:AD68) -> 0 | AE69: =SUM(AE59:AE68) -> 0 | AF69: =N69-K69 -> -124.50952 | AG69: =N69/K69 -> 0.92389393
A70: 調理包二線 (手工) | B70: 小吃、微波 | D70: 麻辣雞心 | F70: =VLOOKUP(D70,廠價表!$C$1:$E$43,3,0) -> 28.26 | G70: 1497 | H70: =F70*G70 -> 42305.22 | J70: =VLOOKUP(D70,產線配置圖!$A$3:$C$40,2,0) -> 11 | K70: =VLOOKUP(D70,產線配置圖!$A$3:$C$40,3,0) -> 1636 | L70: =K70/J70 -> 148.72727 | M70: 9 | N70: =G70/W70*60 -> 1283.1429 | O70: =N70/M70 -> 142.57143 | P70: =M70-J70 -> -2 | Q70: =O70-L70 -> -6.1558442 | R70: =O70/L70 -> 0.95860985 | S70: =R79 -> 0.85455197 | T70: 0.29444444 | U70: 0.34305556 | W70: =(U70-T70)*24*60 -> 70 | AF70: =N70-K70 -> -352.85714 | AG70: =N70/K70 -> 0.78431715 | AH70: =AG79 -> 0.77114234
B71: 義大利麵 | D71: 鱈魚粉紅青醬筆尖麵 | F71: =VLOOKUP(D71,廠價表!$C$1:$E$43,3,0) -> 43.89 | G71: 1048 | H71: =F71*G71 -> 45996.72 | J71: =VLOOKUP(D71,產線配置圖!$A$3:$C$40,2,0) -> 14 | K71: =VLOOKUP(D71,產線配置圖!$A$3:$C$40,3,0) -> 1565 | L71: =K71/J71 -> 111.78571 | M71: 13 | N71: =G71/W71*60 -> 1209.2308 | O71: =N71/M71 -> 93.017751 | P71: =M71-J71 -> -1 | Q71: =O71-L71 -> -18.767963 | R71: =O71/L71 -> 0.83210768 | T71: 0.3625 | U71: 0.39861111 | V71: =(T71-U70)*24*60 -> 28 | W71: =(U71-T71)*24*60 -> 52 | AF71: -300.3125 | AG71: 0.80810703
B72: 義大利麵 | D72: 蕃茄莎莎海鮮冷義大利麵 | F72: =VLOOKUP(D72,廠價表!$C$1:$E$43,3,0) -> 46.34 | G72: 1060 | H72: =F72*G72 -> 49120.4 | J72: =VLOOKUP(D72,產線配置圖!$A$3:$C$40,2,0) -> 16 | K72: =VLOOKUP(D72,產線配置圖!$A$3:$C$40,3,0) -> 1636 | L72: =K72/J72 -> 102.25 | M72: 15 | N72: =G72/W72*60 -> 1060 | O72: =N72/M72 -> 70.666667 | P72: =M72-J72 -> -1 | Q72: =O72-L72 -> -31.583333 | R72: =O72/L72 -> 0.69111654 | T72: 0.40486111 | U72: 0.44652778 | V72: =(T72-U71)*24*60 -> 9 | W72: =(U72-T72)*24*60 -> 60 | Z72: 1 | AA72: 7 | AB72: 9:56-10:03熱轉印異常 | AF72: -130.33333 | AG72: 0.91671991
B73: 小吃、微波 | D73: 麻辣雞心 | F73: =VLOOKUP(D73,廠價表!$C$1:$E$43,3,0) -> 28.26 | G73: 1871 | H73: =F73*G73 -> 52874.46 | J73: =VLOOKUP(D73,產線配置圖!$A$3:$C$40,2,0) -> 11 | K73: =VLOOKUP(D73,產線配置圖!$A$3:$C$40,3,0) -> 1636 | L73: =K73/J73 -> 148.72727 | M73: 11 | N73: =G73/W73*60 -> 1439.2308 | O73: =N73/M73 -> 130.83916 | P73: =M73-J73 -> 0 | Q73: =O73-L73 -> -17.888112 | R73: =O73/L73 -> 0.87972541 | T73: 0.51875 | U73: 0.57291667 | V73: =(T73-U72)*24*60 -> 104 | W73: =(U73-T73)*24*60 -> 78
W74: =(U74-T74)*24*60 -> 0
W75: =(U75-T75)*24*60 -> 0
W76: =(U76-T76)*24*60 -> 0
H77: =F77*G77 -> 0 | W77: =(U77-T77)*24*60 -> 0
H78: =F78*G78 -> 0 | W78: =(U78-T78)*24*60 -> 0
C79: 4度四組 | D79: 平均 | J79: =AVERAGE(J70:J78) -> 13 | K79: =AVERAGE(K70:K78) -> 1618.25 | L79: =AVERAGE(L70:L78) -> 127.87256 | M79: =AVERAGE(M70:M78) -> 12 | N79: =AVERAGE(N70:N78) -> 1247.9011 | O79: =AVERAGE(O70:O78) -> 109.27375 | P79: =M79-J79 -> -1 | Q79: =N79-K79 -> -370.3489 | R79: =O79/L79 -> 0.85455197 | Z79: =SUM(Z70:Z78) -> 1 | AA79: =SUM(AA70:AA78) -> 7 | AD79: =SUM(AD70:AD78) -> 0 | AE79: =SUM(AE70:AE78) -> 0 | AF79: =N79-K79 -> -370.3489 | AG79: =N79/K79 -> 0.77114234
AJ80: 1.當日出勤人數較多
AJ81: 2.當日出勤人數較少
AJ82: 3.當日出勤熟手較少
AJ83: 4.當日出勤新人較多
AJ84: 5.機台夾盒
AJ85: 6.封膜不順
AJ86: 7.更換膠膜
AJ87: 8.更換碳帶
AJ88: 9.當日熱轉印碳帶異常
AJ89: 10.訂單量過少
AJ90: 11.新品上市，尚未熟悉
AJ91: 12.商品結構，產能較低
AJ92: 13.區域出貨，分段生產

Sheet 0803總
B1: 長家廠組合室生產人時性分析
B3: 日期 | D3: 46237 | F3: 訂單量 | G3: ='0803'!E1 -> 65714 | I3: 營業額 | J3: ='0803'!G1 -> 3028007.2
B4: 項目 | D4: 3 | F4: ➀ | H4: ➁ | J4: ③ | L4: 異常停線 | N4: 短暫停線
B5: 人時性 | D5: 組合室 | F5: 全溫層 | H5: 義大利麵 | J5: 袋裝小吃、義麵 | L5: 合計次數 | M5: 時間 | N5: 合計次數 | O5: 設備次數
D6: 排關平均 | F6: =AVERAGE(D13:J13) -> 126.99526 | H6: =AVERAGE(D13:H13) -> 124.64065 | J6: =AVERAGE(I13:J13) -> 132.88178 | L6: =SUM(D18:J18) -> 0 | M6: =SUM(D19:J19) -> 0 | N6: =SUM(D20:J20) -> 0 | O6: =SUM(D20:J20) -> 0
D7: 實績平均 | F7: =AVERAGE(D14:J14) -> 114.26601 | H7: =AVERAGE(D14:H14) -> 113.97518 | J7: =AVERAGE(I14:J14) -> 114.99308 | L7: =AVERAGE(K14:L14) -> #DIV/0! | M7: =AVERAGE(L14:M14) -> #DIV/0! | N7: =AVERAGE(M14:N14) -> #DIV/0! | O7: =AVERAGE(N14:O14) -> #DIV/0!
D8: 達成率平均 | F8: =F7/F6 -> 0.89976597 | H8: =H7/H6 -> 0.91443031 | J8: =J7/J6 -> 0.86537879 | L8: =AVERAGE(K15:L15) -> #DIV/0! | M8: =AVERAGE(L15:M15) -> #DIV/0! | N8: =AVERAGE(M15:N15) -> #DIV/0! | O8: =AVERAGE(N15:O15) -> #DIV/0!
J9: ※現行日本鮮食廠以達成率80%為基本(即為現行KPI)
B10: 溫層 | D10: 4度C-各編組展開
B11: 編組 | D11: 1 | E11: 2 | F11: 3 | G11: 4 | H11: 5 | I11: 6 | J11: 7
D12: 自動1線 | E12: 自動2線 | F12: 手工3線 | G12: 手工4線 | H12: 手工5線 | I12: 調理包1線 | J12: 調理包2線
B13: 人時性 | C13: 排關 | D13: =VALUE('0803'!L15) -> 151.35747 | E13: =VALUE('0803'!L26) -> 174.23077 | F13: =VALUE('0803'!L37) -> 94.551062 | G13: =VALUE('0803'!L48) -> 96.284518 | H13: =VALUE('0803'!L58) -> 106.77941 | I13: =VALUE('0803'!L69) -> 135.50707 | J13: ='0803'!L79 -> 130.25649
C14: 實績 | D14: =VALUE('0803'!O15) -> 138.93629 | E14: =VALUE('0803'!O26) -> 163.76634 | F14: =VALUE('0803'!O37) -> 83.53162 | G14: =VALUE('0803'!O48) -> 90.0093 | H14: =VALUE('0803'!O58) -> 93.632375 | I14: =VALUE('0803'!O69) -> 121.82747 | J14: ='0803'!O79 -> 108.15868
C15: 達成率 | D15: =D14/D13 -> 0.91793481 | E15: =E14/E13 -> 0.93993924 | F15: =F14/F13 -> 0.88345512 | G15: =G14/G13 -> 0.9348263 | H15: =H14/H13 -> 0.87687667 | I15: =I14/I13 -> 0.89904884 | J15: ='0803'!S70 -> 0.83035152
B16: 作業 時間 | C16: 開始 | D16: ='0803'!T5 -> 0.29305556 | E16: ='0803'!T16 -> 0.28819444 | F16: ='0803'!T27 -> 0.29513889 | G16: ='0803'!T38 -> 0.33333333 | H16: ='0803'!T49 -> 0.29097222 | I16: ='0803'!T59 -> 0.28819444 | J16: ='0803'!T70 -> 0.29166667
C17: 結束 | D17: 0.57777778 | E17: 0.63888889 | F17: 0.65625 | G17: 0.6875 | H17: 0.64930556 | I17: 0.51388889 | J17: 0.46527778
B18: 產線異常 (5分鐘以上) | C18: 次數 | D18: ='0803'!Z15 -> 0 | E18: ='0803'!Z26 -> 0 | F18: ='0803'!Z37 -> 0 | G18: ='0803'!Z48 -> 0 | H18: ='0803'!Z58 -> 0 | I18: ='0803'!Z69 -> 0 | J18: ='0803'!AA79 -> 0
C19: 時間/分 | D19: ='0803'!AA15 -> 0 | E19: ='0803'!AA26 -> 0 | F19: ='0803'!AA37 -> 0 | G19: ='0803'!AA48 -> 0 | H19: ='0803'!AA58 -> 0 | I19: ='0803'!AA69 -> 0 | J19: ='0803'!AB79 -> 0
B20: 短暫停線 (5分鐘以下) | C20: 次數 | D20: ='0803'!AD15 -> 0 | E20: ='0803'!AD26 -> 0 | F20: ='0803'!AD37 -> 0 | G20: ='0803'!AD48 -> 0 | H20: ='0803'!AD58 -> 0 | I20: ='0803'!AD69 -> 0 | J20: ='0803'!AD79 -> 0
C21: 設備次數 | D21: ='0803'!AE15 -> 0 | E21: ='0803'!AE26 -> 0 | F21: ='0803'!AE37 -> 0 | G21: ='0803'!AE48 -> 0 | H21: ='0803'!AE58 -> 0 | I21: ='0803'!AE69 -> 0 | J21: ='0803'!AE79 -> 0
B22: 配置人數 | D22: =VALUE('0803'!M15) -> 15 | E22: =VALUE('0803'!M26) -> 13 | F22: =VALUE('0803'!M37) -> 16.875 | G22: =VALUE('0803'!M48) -> 16 | H22: =VALUE('0803'!M58) -> 16.5 | I22: =VALUE('0803'!M69) -> 12.333333 | J22: ='0803'!M79 -> 11
B23: 主要應用設備 | D23: ET-600 | E23: ET-600 | F23: ET-55 | G23: ET-55 | H23: ET-55 | I23: 八爪機 | J23: 八爪機
B24: 次要應用設備 | H24: 封口機 | J24: 封口機
B25: 備註

Sheet 0803
A1: 長家廠4度C日報分析 | D1: 總生產量 | E1: =SUM(G5:G79) -> 65714 | F1: 營業額 | G1: =SUM(H5:H79) -> 3028007.2 | H1: 出勤人數 | I1: =M15+M26+M48+M58+M69+M79+M37 -> 100.70833 | J1: 產線配置圖 | M1: 生產實績 | P1: 人時性差異分析 | T1: 日報登錄 | Z1: 合計 次數 | AA1: 合計 時間/分 | AB1: 分析說明 | AD1: 合計 次數 | AE1: 合計 設備次數 | AF1: 產能差異分析
A2: 8月3日 星期一 | D2: 人時性 | E2: =AVERAGE(O15,O26,O37,O48,O58,O69,O79) -> 114.26601 | F2: 平均廠價 | G2: =G1/E1 -> 46.07857 | H2: 多次生產數 | I2: =COUNT(I5:I79) -> 0 | Z2: =Z15+Z26+Z37+Z48+Z58+Z69+Z79 -> 0 | AA2: =AA15+AA26+AA37+AA48+AA58+AA69+AA79 -> 0 | AD2: =AD15+AD26+AD37+AD48+AD58+AD69+AD79 -> 0 | AE2: =AE15+AE26+AE37+AE48+AE58+AE69+AE79 -> 0
A3: 線別 | B3: 品類 | D3: 品名 | F3: 廠價 | G3: 生產量 | H3: 營收 | I3: 多次 生產 | J3: 人數 | K3: 產能/時 | L3: 人時性 | M3: 人數 | N3: 產能/時 | O3: 人時性 | P3: 人數 | Q3: 人時性 | R3: 達成率 | S3: 達成率平均 | T3: 生產時間 | V3: 前置、換線時間/分 | W3: 稼動時間/分 | X3: 休息時間 | Z3: 產線異常統計 (5分鐘以上) | AD3: 短暫停線統計 (5分鐘以下) | AF3: 產能/時 | AG3: 達成率 | AH3: 達成率平均
T4: 開始 | U4: 結束 | X4: 開始 | Y4: 結束 | Z4: 次數 | AA4: 時間/分 | AD4: 總次數 | AE4: 設備因素(次數)
A5: 自動一線 (ET-600) | B5: 義大利麵 | D5: 羅馬黑胡椒起司義大利麵 | F5: =VLOOKUP(D5,廠價表!$C$1:$E$43,3,0) -> 50.67 | G5: 2188 | H5: =F5*G5 -> 110865.96 | J5: =VLOOKUP(D5,產線配置圖!$A$3:$C$40,2,0) -> 17 | K5: =VLOOKUP(D5,產線配置圖!$A$3:$C$40,3,0) -> 2250 | L5: =K5/J5 -> 132.35294 | M5: 17 | N5: =G5/W5*60 -> 2051.25 | O5: =N5/M5 -> 120.66176 | P5: =M5-J5 -> 0 | Q5: =O5-L5 -> -11.691176 | R5: =O5/L5 -> 0.91166667 | S5: =R15 -> 0.91793481 | T5: 0.29305556 | U5: 0.3375 | W5: =(U5-T5)*24*60 -> 64 | AB5: 8:10-8:15注醬機異常 | AF5: =N5-K5 -> -198.75 | AG5: =N5/K5 -> 0.91166667 | AH5: =AG15 -> 0.91950252
B6: 義大利麵 | D6: 香煎魚排佐檸檬奶油義大利麵 | F6: =VLOOKUP(D6,廠價表!$C$1:$E$43,3,0) -> 58.17 | G6: 1832 | H6: =F6*G6 -> 106567.44 | J6: =VLOOKUP(D6,產線配置圖!$A$3:$C$40,2,0) -> 13 | K6: =VLOOKUP(D6,產線配置圖!$A$3:$C$40,3,0) -> 2250 | L6: =K6/J6 -> 173.07692 | M6: 13 | N6: =G6/W6*60 -> 1962.8571 | O6: =N6/M6 -> 150.98901 | P6: =M6-J6 -> 0 | Q6: =O6-L6 -> -22.087912 | R6: =O6/L6 -> 0.87238095 | T6: 0.34513889 | U6: 0.38402778 | V6: =(T6-U5)*24*60 -> 11 | W6: =(U6-T6)*24*60 -> 56 | AF6: =N6-K6 -> -287.14286 | AG6: =N6/K6 -> 0.87238095
B7: 義大利麵 | D7: 奶油培根義大利麵 | F7: =VLOOKUP(D7,廠價表!$C$1:$E$43,3,0) -> 49.14 | G7: 4619 | H7: =F7*G7 -> 226977.66 | J7: =VLOOKUP(D7,產線配置圖!$A$3:$C$40,2,0) -> 15 | K7: =VLOOKUP(D7,產線配置圖!$A$3:$C$40,3,0) -> 2250 | L7: =K7/J7 -> 150 | M7: 15 | N7: =G7/W7*60 -> 2148.3721 | O7: =N7/M7 -> 143.22481 | P7: =M7-J7 -> 0 | Q7: =O7-L7 -> -6.7751938 | R7: =O7/L7 -> 0.95483204 | T7: 0.38958333 | U7: 0.47916667 | V7: =(T7-U6)*24*60 -> 8 | W7: =(U7-T7)*24*60 -> 129 | AF7: =N7-K7 -> -101.62791 | AG7: =N7/K7 -> 0.95483204
B8: 義大利麵 | D8: 奶油培根義大利麵 | F8: =VLOOKUP(D8,廠價表!$C$1:$E$43,3,0) -> 49.14 | G8: 1620 | H8: =F8*G8 -> 79606.8 | J8: =VLOOKUP(D8,產線配置圖!$A$3:$C$40,2,0) -> 15 | K8: =VLOOKUP(D8,產線配置圖!$A$3:$C$40,3,0) -> 2250 | L8: =K8/J8 -> 150 | M8: 15 | N8: =G8/W8*60 -> 2113.0435 | O8: =N8/M8 -> 140.86957 | P8: =M8-J8 -> 0 | Q8: =O8-L8 -> -9.1304348 | R8: =O8/L8 -> 0.93913043 | T8: 0.54583333 | U8: 0.57777778 | V8: =(T8-U7)*24*60 -> 96 | W8: =(U8-T8)*24*60 -> 46 | AF8: =N8-K8 -> -136.95652 | AG8: =N8/K8 -> 0.93913043
W9: =(U9-T9)*24*60 -> 0 | AF9: =N9-K9 -> 0 | AG9: =N9/K9 -> #DIV/0!
W10: =(U10-T10)*24*60 -> 0 | AF10: =N10-K10 -> 0 | AG10: =N10/K10 -> #DIV/0!
W11: =(U11-T11)*24*60 -> 0 | AF11: =N11-K11 -> 0 | AG11: =N11/K11 -> #DIV/0!
W12: =(U12-T12)*24*60 -> 0
W13: =(U13-T13)*24*60 -> 0
W14: =(U14-T14)*24*60 -> 0
C15: 4度一組 | D15: 平均 | J15: =AVERAGE(J5:J14) -> 15 | K15: =AVERAGE(K5:K14) -> 2250 | L15: =AVERAGE(L5:L14) -> 151.35747 | M15: =AVERAGE(M5:M14) -> 15 | N15: =AVERAGE(N5:N14) -> 2068.8807 | O15: =AVERAGE(O5:O14) -> 138.93629 | P15: =M15-J15 -> 0 | Q15: =O15-L15 -> -12.421179 | R15: =O15/L15 -> 0.91793481 | Z15: =SUM(Z5:Z14) -> 0 | AA15: =SUM(AA5:AA14) -> 0 | AD15: =SUM(AD5:AD14) -> 0 | AE15: =SUM(AE5:AE14) -> 0 | AF15: =N15-K15 -> -181.11932 | AG15: =N15/K15 -> 0.91950252
A16: 自動二線 (ET-600) | B16: 義大利麵 | D16: 青醬蛤蜊義大利麵 | F16: =VLOOKUP(D16,廠價表!$C$1:$E$43,3,0) -> 50.67 | G16: 2510 | H16: =F16*G16 -> 127181.7 | J16: =VLOOKUP(D16,產線配置圖!$A$3:$C$40,2,0) -> 13 | K16: =VLOOKUP(D16,產線配置圖!$A$3:$C$40,3,0) -> 2250 | L16: =K16/J16 -> 173.07692 | M16: 13 | N16: =G16/W16*60 -> 2151.4286 | O16: =N16/M16 -> 165.49451 | P16: =M16-J16 -> 0 | Q16: =O16-L16 -> -7.5824176 | R16: =O16/L16 -> 0.95619048 | S16: =R26 -> 0.93993924 | T16: 0.28819444 | U16: 0.33680556 | W16: =(U16-T16)*24*60 -> 70 | AF16: =N16-K16 -> -98.571429 | AG16: =N16/K16 -> 0.95619048 | AH16: =AG26 -> 0.94144371
B17: 義大利麵 | D17: 白酒清炒鮮蛤義大利麵 | F17: =VLOOKUP(D17,廠價表!$C$1:$E$43,3,0) -> 56.87 | G17: 3400 | H17: =F17*G17 -> 193358 | J17: =VLOOKUP(D17,產線配置圖!$A$3:$C$40,2,0) -> 15 | K17: =VLOOKUP(D17,產線配置圖!$A$3:$C$40,3,0) -> 2250 | L17: =K17/J17 -> 150 | M17: 15 | N17: =G17/W17*60 -> 2170.2128 | O17: =N17/M17 -> 144.68085 | P17: =M17-J17 -> 0 | Q17: =O17-L17 -> -5.3191489 | R17: =O17/L17 -> 0.96453901 | T17: 0.34236111 | U17: 0.40763889 | V17: =(T17-U16)*24*60 -> 8 | W17: =(U17-T17)*24*60 -> 94 | AF17: =N17-K17 -> -79.787234 | AG17: =N17/K17 -> 0.96453901
B18: 義大利麵 | D18: 義式蕃茄起司義大利麵 | F18: =VLOOKUP(D18,廠價表!$C$1:$E$43,3,0) -> 50.39 | G18: 3123 | H18: =F18*G18 -> 157367.97 | J18: =VLOOKUP(D18,產線配置圖!$A$3:$C$40,2,0) -> 12 | K18: =VLOOKUP(D18,產線配置圖!$A$3:$C$40,3,0) -> 2250 | L18: =K18/J18 -> 187.5 | M18: 12 | N18: =G18/W18*60 -> 2082 | O18: =N18/M18 -> 173.5 | P18: =M18-J18 -> 0 | Q18: =O18-L18 -> -14 | R18: =O18/L18 -> 0.92533333 | T18: 0.41319444 | U18: 0.47569444 | V18: =(T18-U17)*24*60 -> 8 | W18: =(U18-T18)*24*60 -> 90 | AF18: =N18-K18 -> -168 | AG18: =N18/K18 -> 0.92533333
B19: 義大利麵 | D19: 義式蕃茄起司義大利麵 | F19: =VLOOKUP(D19,廠價表!$C$1:$E$43,3,0) -> 50.39 | G19: 2982 | H19: =F19*G19 -> 150262.98 | J19: =VLOOKUP(D19,產線配置圖!$A$3:$C$40,2,0) -> 12 | K19: =VLOOKUP(D19,產線配置圖!$A$3:$C$40,3,0) -> 2250 | L19: =K19/J19 -> 187.5 | M19: 12 | N19: =G19/W19*60 -> 2033.1818 | O19: =N19/M19 -> 169.43182 | P19: =M19-J19 -> 0 | Q19: =O19-L19 -> -18.068182 | R19: =O19/L19 -> 0.90363636 | T19: 0.54166667 | U19: 0.60277778 | V19: =(T19-U18)*24*60 -> 95 | W19: =(U19-T19)*24*60 -> 88 | AF19: =N19-K19 -> -216.81818 | AG19: =N19/K19 -> 0.90363636
B20: 義大利麵 | D20: 青醬蛤蜊義大利麵 | F20: =VLOOKUP(D20,廠價表!$C$1:$E$43,3,0) -> 50.67 | G20: 1544 | H20: =F20*G20 -> 78234.48 | J20: =VLOOKUP(D20,產線配置圖!$A$3:$C$40,2,0) -> 13 | K20: =VLOOKUP(D20,產線配置圖!$A$3:$C$40,3,0) -> 2250 | L20: =K20/J20 -> 173.07692 | M20: 13 | N20: =G20/W20*60 -> 2154.4186 | O20: =N20/M20 -> 165.72451 | P20: =M20-J20 -> 0 | Q20: =O20-L20 -> -7.352415 | R20: =O20/L20 -> 0.95751938 | T20: 0.60902778 | U20: 0.63888889 | V20: =(T20-U19)*24*60 -> 9 | W20: =(U20-T20)*24*60 -> 43
W21: =(U21-T21)*24*60 -> 0
W22: 0
W23: =(U23-T23)*24*60 -> 0
H24: =F24*G24 -> 0 | W24: =(U24-T24)*24*60 -> 0
H25: =F25*G25 -> 0 | W25: =(U25-T25)*24*60 -> 0
C26: 4度二組A | D26: 平均 | J26: =AVERAGE(J16:J25) -> 13 | K26: =AVERAGE(K16:K25) -> 2250 | L26: =AVERAGE(L16:L25) -> 174.23077 | M26: =AVERAGE(M16:M25) -> 13 | N26: =AVERAGE(N16:N25) -> 2118.2484 | O26: =AVERAGE(O16:O25) -> 163.76634 | P26: =M26-J26 -> 0 | Q26: =O26-L26 -> -10.464433 | R26: =O26/L26 -> 0.93993924 | Z26: =SUM(Z16:Z25) -> 0 | AA26: =SUM(AA16:AA25) -> 0 | AD26: =SUM(AD16:AD25) -> 0 | AE26: =SUM(AE16:AE25) -> 0 | AF26: =N26-K26 -> -131.75165 | AG26: =N26/K26 -> 0.94144371
A27: 手工三線 (ET-55) | B27: 義大利麵 | D27: 蕃茄莎莎海鮮冷義大利麵 | F27: =VLOOKUP(D27,廠價表!$C$1:$E$43,3,0) -> 46.34 | G27: 1531 | H27: =F27*G27 -> 70946.54 | J27: =VLOOKUP(D27,產線配置圖!$A$3:$C$40,2,0) -> 16 | K27: =VLOOKUP(D27,產線配置圖!$A$3:$C$40,3,0) -> 1636 | L27: =K27/J27 -> 102.25 | M27: 16 | N27: =G27/W27*60 -> 1391.8182 | O27: =N27/M27 -> 86.988636 | P27: =M27-J27 -> 0 | Q27: =O27-L27 -> -15.261364 | R27: =O27/L27 -> 0.85074461 | S27: =R37 -> 0.88345512 | T27: 0.29513889 | U27: 0.34097222 | W27: =(U27-T27)*24*60 -> 66 | AF27: =N27-K27 -> -244.18182 | AG27: =N27/K27 -> 0.85074461 | AH27: =AG37 -> 0.8650739
B28: 義大利麵 | D28: 義式蛋蛋青醬鮪魚冷義大利麵 | F28: =VLOOKUP(D28,廠價表!$C$1:$E$43,3,0) -> 45.66 | G28: 1308 | H28: =F28*G28 -> 59723.28 | J28: =VLOOKUP(D28,產線配置圖!$A$3:$C$40,2,0) -> 17 | K28: =VLOOKUP(D28,產線配置圖!$A$3:$C$40,3,0) -> 1636 | L28: =K28/J28 -> 96.235294 | M28: 16 | N28: =G28/W28*60 -> 1376.8421 | O28: =N28/M28 -> 86.052632 | P28: =M28-J28 -> -1 | Q28: =O28-L28 -> -10.182663 | R28: =O28/L28 -> 0.89418994 | T28: 0.34791667 | U28: 0.3875 | V28: =(T28-U27)*24*60 -> 10 | W28: =(U28-T28)*24*60 -> 57 | AF28: =N28-K28 -> -259.15789 | AG28: =N28/K28 -> 0.84159053
B29: 義大利麵 | D29: 奶油鮮蝦明太子細扁麵 | F29: =VLOOKUP(D29,廠價表!$C$1:$E$43,3,0) -> 57.21 | G29: 942 | H29: =F29*G29 -> 53891.82 | J29: =VLOOKUP(D29,產線配置圖!$A$3:$C$40,2,0) -> 18 | K29: =VLOOKUP(D29,產線配置圖!$A$3:$C$40,3,0) -> 1636 | L29: =K29/J29 -> 90.888889 | M29: 17 | N29: =G29/W29*60 -> 1487.3684 | O29: =N29/M29 -> 87.49226 | P29: =M29-J29 -> -1 | Q29: =O29-L29 -> -3.3966288 | R29: =O29/L29 -> 0.96262878 | T29: 0.39236111 | U29: 0.41875 | V29: =(T29-U28)*24*60 -> 7 | W29: =(U29-T29)*24*60 -> 38 | AF29: =N29-K29 -> -148.63158 | AG29: =N29/K29 -> 0.9091494
B30: 義大利麵 | D30: 金沙豆腐義大利麵 | F30: =VLOOKUP(D30,廠價表!$C$1:$E$43,3,0) -> 49.91 | G30: 1672 | H30: =F30*G30 -> 83449.52 | J30: =VLOOKUP(D30,產線配置圖!$A$3:$C$40,2,0) -> 18 | K30: 1636 | L30: =K30/J30 -> 90.888889 | M30: 18 | N30: =G30/W30*60 -> 1433.1429 | O30: =N30/M30 -> 79.619048 | P30: =M30-J30 -> 0 | Q30: =O30-L30 -> -11.269841 | R30: =O30/L30 -> 0.87600419 | T30: 0.42361111 | U30: 0.47222222 | V30: =(T30-U29)*24*60 -> 7 | W30: =(U30-T30)*24*60 -> 70 | AF30: =N30-K30 -> -202.85714 | AG30: =N30/K30 -> 0.87600419
B31: 義大利麵 | D31: 金沙豆腐義大利麵 | F31: =VLOOKUP(D31,廠價表!$C$1:$E$43,3,0) -> 49.91 | G31: 1516 | H31: =F31*G31 -> 75663.56 | J31: =VLOOKUP(D31,產線配置圖!$A$3:$C$40,2,0) -> 18 | K31: 1636 | L31: =K31/J31 -> 90.888889 | M31: 18 | N31: =G31/W31*60 -> 1467.0968 | O31: =N31/M31 -> 81.505376 | P31: =M31-J31 -> 0 | Q31: =O31-L31 -> -9.3835125 | R31: =O31/L31 -> 0.89675842 | T31: 0.53333333 | U31: 0.57638889 | V31: =(T31-U30)*24*60 -> 88 | W31: =(U31-T31)*24*60 -> 62 | AF31: =N31-K31 -> -168.90323 | AG31: =N31/K31 -> 0.89675842
B32: 義大利麵 | D32: 奶油鮮蝦明太子細扁麵 | F32: =VLOOKUP(D32,廠價表!$C$1:$E$43,3,0) -> 57.21 | G32: 623 | H32: =F32*G32 -> 35641.83 | J32: =VLOOKUP(D32,產線配置圖!$A$3:$C$40,2,0) -> 18 | K32: =VLOOKUP(D32,產線配置圖!$A$3:$C$40,3,0) -> 1636 | L32: =K32/J32 -> 90.888889 | M32: 18 | N32: =G32/W32*60 -> 1437.6923 | O32: =N32/M32 -> 79.871795 | P32: =M32-J32 -> 0 | Q32: =O32-L32 -> -11.017094 | R32: =O32/L32 -> 0.87878503 | T32: 0.58125 | U32: 0.59930556 | V32: =(T32-U31)*24*60 -> 7 | W32: =(U32-T32)*24*60 -> 26
B33: 義大利麵 | D33: 義式蛋蛋青醬鮪魚冷義大利麵 | F33: =VLOOKUP(D33,廠價表!$C$1:$E$43,3,0) -> 45.66 | G33: 433 | H33: =F33*G33 -> 19770.78 | J33: =VLOOKUP(D33,產線配置圖!$A$3:$C$40,2,0) -> 17 | K33: 1566 | L33: =K33/J33 -> 92.117647 | M33: 16 | N33: =G33/W33*60 -> 1299 | O33: =N33/M33 -> 81.1875 | P33: =M33-J33 -> -1 | Q33: =O33-L33 -> -10.930147 | R33: =O33/L33 -> 0.88134579 | T33: 0.60625 | U33: 0.62013889 | V33: =(T33-U32)*24*60 -> 10 | W33: =(U33-T33)*24*60 -> 20
B34: 義大利麵 | D34: 蕃茄莎莎海鮮冷義大利麵 | F34: =VLOOKUP(D34,廠價表!$C$1:$E$43,3,0) -> 46.34 | G34: 958 | H34: =F34*G34 -> 44393.72 | J34: =VLOOKUP(D34,產線配置圖!$A$3:$C$40,2,0) -> 16 | K34: =VLOOKUP(D34,產線配置圖!$A$3:$C$40,3,0) -> 1636 | L34: =K34/J34 -> 102.25 | M34: 16 | N34: =G34/W34*60 -> 1368.5714 | O34: =N34/M34 -> 85.535714 | P34: =M34-J34 -> 0 | Q34: =O34-L34 -> -16.714286 | R34: =O34/L34 -> 0.8365351 | T34: 0.62708333 | U34: 0.65625 | V34: =(T34-U33)*24*60 -> 10 | W34: =(U34-T34)*24*60 -> 42
W35: =(U35-T35)*24*60 -> 0
W36: =(U36-T36)*24*60 -> 0
C37: 4度二組B | D37: 平均 | J37: =AVERAGE(J27:J36) -> 17.25 | K37: =AVERAGE(K27:K36) -> 1627.25 | L37: =AVERAGE(L27:L36) -> 94.551062 | M37: =AVERAGE(M27:M36) -> 16.875 | N37: =AVERAGE(N27:N36) -> 1407.6915 | O37: =AVERAGE(O27:O36) -> 83.53162 | P37: =M37-J37 -> -0.375 | Q37: =N37-K37 -> -219.55849 | R37: =O37/L37 -> 0.88345512 | Z37: =SUM(Z27:Z36) -> 0 | AA37: =SUM(AA27:AA36) -> 0 | AD37: =SUM(AD27:AD36) -> 0 | AE37: =SUM(AE27:AE36) -> 0 | AF37: =N37-K37 -> -219.55849 | AG37: =N37/K37 -> 0.8650739
A38: 手工四線 (ET-55) | B38: 熱乾麵 | D38: 青花椒麻雞肉拌麵 | F38: =VLOOKUP(D38,廠價表!$C$1:$E$43,3,0) -> 49.91 | G38: 3069 | H38: =F38*G38 -> 153173.79 | J38: =VLOOKUP(D38,產線配置圖!$A$3:$C$40,2,0) -> 16 | K38: =VLOOKUP(D38,產線配置圖!$A$3:$C$40,3,0) -> 1714 | L38: =K38/J38 -> 107.125 | M38: 16 | N38: =G38/W38*60 -> 1601.2174 | O38: =N38/M38 -> 100.07609 | P38: =M38-J38 -> 0 | Q38: =O38-L38 -> -7.048913 | R38: =O38/L38 -> 0.93419918 | S38: =R48 -> 0.9348263 | T38: 0.33333333 | U38: 0.41319444 | W38: =(U38-T38)*24*60 -> 115 | AF38: =N38-K38 -> -112.78261 | AG38: =N38/K38 -> 0.93419918 | AH38: =AG48 -> 0.86991772
B39: 熱乾麵 | D39: 府城鹽水意麵 | F39: =VLOOKUP(D39,廠價表!$C$1:$E$43,3,0) -> 44.3 | G39: 2443 | H39: =F39*G39 -> 108224.9 | J39: =VLOOKUP(D39,產線配置圖!$A$3:$C$40,2,0) -> 18 | K39: =VLOOKUP(D39,產線配置圖!$A$3:$C$40,3,0) -> 1636 | L39: =K39/J39 -> 90.888889 | M39: 16 | N39: =G39/W39*60 -> 1396 | O39: =N39/M39 -> 87.25 | P39: =M39-J39 -> -2 | Q39: =O39-L39 -> -3.6388889 | R39: =O39/L39 -> 0.95996333 | T39: 0.42013889 | U39: 0.49305556 | V39: =(T39-U38)*24*60 -> 10 | W39: =(U39-T39)*24*60 -> 105 | AF39: =N39-K39 -> -240 | AG39: =N39/K39 -> 0.85330073
B40: 熱乾麵 | D40: 府城鹽水意麵 | F40: =VLOOKUP(D40,廠價表!$C$1:$E$43,3,0) -> 44.3 | G40: 3314 | H40: =F40*G40 -> 146810.2 | J40: =VLOOKUP(D40,產線配置圖!$A$3:$C$40,2,0) -> 18 | K40: =VLOOKUP(D40,產線配置圖!$A$3:$C$40,3,0) -> 1636 | L40: =K40/J40 -> 90.888889 | M40: 16 | N40: =G40/W40*60 -> 1325.6 | O40: =N40/M40 -> 82.85 | P40: =M40-J40 -> -2 | Q40: =O40-L40 -> -8.0388889 | R40: =O40/L40 -> 0.91155257 | T40: 0.55555556 | U40: 0.65972222 | V40: =(T40-U39)*24*60 -> 90 | W40: =(U40-T40)*24*60 -> 150 | AF40: =N40-K40 -> -310.4 | AG40: =N40/K40 -> 0.81026895
B41: 義大利麵 | D41: 黑松露野菇義大利麵 | F41: =VLOOKUP(D41,廠價表!$C$1:$E$43,3,0) -> 50.289 | G41: 647 | H41: =F41*G41 -> 32536.983 | J41: =VLOOKUP(D41,產線配置圖!$A$3:$C$40,2,0) -> 17 | K41: =VLOOKUP(D41,產線配置圖!$A$3:$C$40,3,0) -> 1636 | L41: =K41/J41 -> 96.235294 | M41: 16 | N41: =G41/W41*60 -> 1437.7778 | O41: =N41/M41 -> 89.861111 | P41: =M41-J41 -> -1 | Q41: =O41-L41 -> -6.374183 | R41: =O41/L41 -> 0.9337646 | T41: 0.66875 | U41: 0.6875 | V41: =(T41-U40)*24*60 -> 13 | W41: =(U41-T41)*24*60 -> 27 | AF41: =N41-K41 -> -198.22222 | AG41: =N41/K41 -> 0.87883727
W42: =(U42-T42)*24*60 -> 0
W43: =(U43-T43)*24*60 -> 0
W44: =(U44-T44)*24*60 -> 0
W45: =(U45-T45)*24*60 -> 0
W46: =(U46-T46)*24*60 -> 0
H47: =F47*G47 -> 0 | W47: =(U47-T47)*24*60 -> 0
C48: 4度二組C1 | D48: 平均 | J48: =AVERAGE(J38:J47) -> 17.25 | K48: =AVERAGE(K38:K47) -> 1655.5 | L48: =AVERAGE(L38:L47) -> 96.284518 | M48: =AVERAGE(M38:M47) -> 16 | N48: =AVERAGE(N38:N47) -> 1440.1488 | O48: =AVERAGE(O38:O47) -> 90.0093 | P48: =M48-J48 -> -1.25 | Q48: =N48-K48 -> -215.35121 | R48: =O48/L48 -> 0.9348263 | W48: =(U48-T48)*24*60 -> 0 | Z48: =SUM(Z38:Z47) -> 0 | AA48: =SUM(AA38:AA47) -> 0 | AD48: =SUM(AD38:AD47) -> 0 | AE48: =SUM(AE38:AE47) -> 0 | AF48: =N48-K48 -> -215.35121 | AG48: =N48/K48 -> 0.86991772
A49: 手工五線 (ET-55) | B49: 熱乾麵 | D49: 沙茶豬肉炒麵 | F49: =VLOOKUP(D49,廠價表!$C$1:$E$43,3,0) -> 49.52 | G49: 2631 | H49: =F49*G49 -> 130287.12 | J49: =VLOOKUP(D49,產線配置圖!$A$3:$C$40,2,0) -> 17 | K49: =VLOOKUP(D49,產線配置圖!$A$3:$C$40,3,0) -> 1800 | L49: =K49/J49 -> 105.88235 | M49: 17 | N49: =G49/W49*60 -> 1547.6471 | O49: =N49/M49 -> 91.038062 | P49: =M49-J49 -> 0 | Q49: =O49-L49 -> -14.844291 | R49: =O49/L49 -> 0.85980392 | S49: =R58 -> 0.87687667 | T49: 0.29097222 | U49: 0.36180556 | W49: =(U49-T49)*24*60 -> 102 | AF49: =N49-K49 -> -252.35294 | AG49: =N49/K49 -> 0.85980392 | AH49: =AG58 -> 0.87719934
B50: 義大利麵 | D50: 黑松露野菇義大利麵 | F50: =VLOOKUP(D50,廠價表!$C$1:$E$43,3,0) -> 50.289 | G50: 1930 | H50: =F50*G50 -> 97057.77 | J50: =VLOOKUP(D50,產線配置圖!$A$3:$C$40,2,0) -> 17 | K50: =VLOOKUP(D50,產線配置圖!$A$3:$C$40,3,0) -> 1636 | L50: =K50/J50 -> 96.235294 | M50: 17 | N50: =G50/W50*60 -> 1503.8961 | O50: =N50/M50 -> 88.464477 | P50: =M50-J50 -> 0 | Q50: =O50-L50 -> -7.7708174 | R50: =O50/L50 -> 0.9192519 | T50: 0.36875 | U50: 0.42222222 | V50: =(T50-U49)*24*60 -> 10 | W50: =(U50-T50)*24*60 -> 77 | AF50: =N50-K50 -> -132.1039 | AG50: =N50/K50 -> 0.9192519
B51: 義大利麵 | D51: 焗烤起司雙饗筆尖麵 | F51: =VLOOKUP(D51,廠價表!$C$1:$E$43,3,0) -> 49.97 | G51: 1856 | H51: =F51*G51 -> 92744.32 | J51: =VLOOKUP(D51,產線配置圖!$A$3:$C$40,2,0) -> 16 | K51: =VLOOKUP(D51,產線配置圖!$A$3:$C$40,3,0) -> 1800 | L51: =K51/J51 -> 112.5 | M51: 16 | N51: =G51/W51*60 -> 1546.6667 | O51: =N51/M51 -> 96.666667 | P51: =M51-J51 -> 0 | Q51: =O51-L51 -> -15.833333 | R51: =O51/L51 -> 0.85925926 | T51: 0.42638889 | U51: 0.47638889 | V51: =(T51-U50)*24*60 -> 6 | W51: =(U51-T51)*24*60 -> 72 | AF51: =N51-K51 -> -253.33333 | AG51: =N51/K51 -> 0.85925926
B52: 義大利麵 | D52: 焗烤起司雙饗筆尖麵 | F52: =VLOOKUP(D52,廠價表!$C$1:$E$43,3,0) -> 49.97 | G52: 4459 | H52: =F52*G52 -> 222816.23 | J52: =VLOOKUP(D52,產線配置圖!$A$3:$C$40,2,0) -> 16 | K52: =VLOOKUP(D52,產線配置圖!$A$3:$C$40,3,0) -> 1800 | L52: =K52/J52 -> 112.5 | M52: 16 | N52: =G52/W52*60 -> 1573.7647 | O52: =N52/M52 -> 98.360294 | P52: =M52-J52 -> 0 | Q52: =O52-L52 -> -14.139706 | R52: =O52/L52 -> 0.87431373 | T52: 0.53125 | U52: 0.64930556 | V52: =(T52-U51)*24*60 -> 79 | W52: =(U52-T52)*24*60 -> 170 | X52: 0.47916667 | Y52: 0.52083333 | AF52: =N52-K52 -> -226.23529 | AG52: =N52/K52 -> 0.87431373
W53: =(U53-T53)*24*60 -> 0 | AF53: =N53-K53 -> 0 | AG53: =N53/K53 -> #DIV/0!
W54: =(U54-T54)*24*60 -> 0
W55: =(U55-T55)*24*60 -> 0
W56: =(U56-T56)*24*60 -> 0
W57: =(U57-T57)*24*60 -> 0
C58: 4度二組C2 | D58: 平均 | J58: =AVERAGE(J49:J57) -> 16.5 | K58: =AVERAGE(K49:K57) -> 1759 | L58: =AVERAGE(L49:L57) -> 106.77941 | M58: =AVERAGE(M49:M57) -> 16.5 | N58: =AVERAGE(N49:N57) -> 1542.9936 | O58: =AVERAGE(O49:O57) -> 93.632375 | P58: =M58-J58 -> 0 | Q58: =N58-K58 -> -216.00637 | R58: =O58/L58 -> 0.87687667 | Z58: =SUM(Z49:Z57) -> 0 | AA58: =SUM(AA49:AA57) -> 0 | AD58: =SUM(AD49:AD57) -> 0 | AE58: =SUM(AE49:AE57) -> 0 | AF58: =N58-K58 -> -216.00637 | AG58: =N58/K58 -> 0.87719934
A59: 調理包一線 (八爪機) | B59: 小吃、微波 | D59: 小滷青蔬 | F59: =VLOOKUP(D59,廠價表!$C$1:$E$43,3,0) -> 26.99 | G59: 3854 | H59: =F59*G59 -> 104019.46 | J59: =VLOOKUP(D59,產線配置圖!$A$3:$C$40,2,0) -> 15 | K59: =VLOOKUP(D59,產線配置圖!$A$3:$C$40,3,0) -> 1636 | L59: =K59/J59 -> 109.06667 | M59: 15 | N59: =G59/W59*60 -> 1541.6 | O59: =N59/M59 -> 102.77333 | P59: =M59-J59 -> 0 | Q59: =O59-L59 -> -6.2933333 | R59: =O59/L59 -> 0.94229829 | S59: =R69 -> 0.89904884 | T59: 0.28819444 | U59: 0.39236111 | W59: =(U59-T59)*24*60 -> 150 | AF59: =N59-K59 -> -94.4 | AG59: =N59/K59 -> 0.94229829 | AH59: =AG69 -> 0.90289324
B60: 小吃、微波 | D60: 起司馬鈴薯 | F60: =VLOOKUP(D60,廠價表!$C$1:$E$43,3,0) -> 28.26 | G60: 1936 | H60: =F60*G60 -> 54711.36 | J60: =VLOOKUP(D60,產線配置圖!$A$3:$C$40,2,0) -> 11 | K60: =VLOOKUP(D60,產線配置圖!$A$3:$C$40,3,0) -> 1636 | L60: =K60/J60 -> 148.72727 | M60: 11 | N60: =G60/W60*60 -> 1548.8 | O60: =N60/M60 -> 140.8 | P60: =M60-J60 -> 0 | Q60: =O60-L60 -> -7.9272727 | R60: =O60/L60 -> 0.94669927 | T60: 0.39930556 | U60: 0.45138889 | V60: =(T60-U59)*24*60 -> 10 | W60: =(U60-T60)*24*60 -> 75 | AF60: =N60-K60 -> -87.2 | AG60: =N60/K60 -> 0.94669927
B61: 小吃、微波 | D61: 韓式炒冬粉 | F61: =VLOOKUP(D61,廠價表!$C$1:$E$43,3,0) -> 28.26 | G61: 1788 | H61: =F61*G61 -> 50528.88 | J61: =VLOOKUP(D61,產線配置圖!$A$3:$C$40,2,0) -> 11 | K61: =VLOOKUP(D61,產線配置圖!$A$3:$C$40,3,0) -> 1636 | L61: =K61/J61 -> 148.72727 | M61: 11 | N61: =G61/W61*60 -> 1341 | O61: =N61/M61 -> 121.90909 | P61: =M61-J61 -> 0 | Q61: =O61-L61 -> -26.818182 | R61: =O61/L61 -> 0.81968215 | T61: 0.45833333 | U61: 0.51388889 | V61: =(T61-U60)*24*60 -> 10 | W61: =(U61-T61)*24*60 -> 80 | AF61: =N61-K61 -> -295 | AG61: =N61/K61 -> 0.81968215
W62: =(U62-T62)*24*60 -> 0 | X62: 0.50347222 | Y62: 0.54513889 | AF62: =N62-K62 -> 0 | AG62: =N62/K62 -> #DIV/0!
W63: =(U63-T63)*24*60 -> 0
W64: =(U64-T64)*24*60 -> 0
W65: =(U65-T65)*24*60 -> 0
W66: =(U66-T66)*24*60 -> 0
W67: =(U67-T67)*24*60 -> 0
H68: =F68*G68 -> 0 | W68: =(U68-T68)*24*60 -> 0
C69: 4度三組 | D69: 平均 | J69: =AVERAGE(J59:J68) -> 12.333333 | K69: =AVERAGE(K59:K68) -> 1636 | L69: =AVERAGE(L59:L68) -> 135.50707 | M69: =AVERAGE(M59:M68) -> 12.333333 | N69: =AVERAGE(N59:N68) -> 1477.1333 | O69: =AVERAGE(O59:O68) -> 121.82747 | P69: =M69-J69 -> 0 | Q69: =N69-K69 -> -158.86667 | R69: =O69/L69 -> 0.89904884 | Z69: =SUM(Z59:Z68) -> 0 | AA69: =SUM(AA59:AA68) -> 0 | AD69: =SUM(AD59:AD68) -> 0 | AE69: =SUM(AE59:AE68) -> 0 | AF69: =N69-K69 -> -158.86667 | AG69: =N69/K69 -> 0.90289324
A70: 調理包二線 (手工) | B70: 小吃、微波 | D70: 麻辣雞心 | F70: =VLOOKUP(D70,廠價表!$C$1:$E$43,3,0) -> 28.26 | G70: 3688 | H70: =F70*G70 -> 104222.88 | J70: =VLOOKUP(D70,產線配置圖!$A$3:$C$40,2,0) -> 11 | K70: =VLOOKUP(D70,產線配置圖!$A$3:$C$40,3,0) -> 1636 | L70: =K70/J70 -> 148.72727 | M70: 11 | N70: =G70/W70*60 -> 1341.0909 | O70: =N70/M70 -> 121.91736 | P70: =M70-J70 -> 0 | Q70: =O70-L70 -> -26.809917 | R70: =O70/L70 -> 0.81973772 | S70: =R79 -> 0.83035152 | T70: 0.29166667 | U70: 0.40625 | W70: =(U70-T70)*24*60 -> 165 | AF70: =N70-K70 -> -294.90909 | AG70: =N70/K70 -> 0.81973772 | AH70: =AG79 -> 0.74335861
B71: 義大利麵 | D71: 鱈魚粉紅青醬筆尖麵 | F71: =VLOOKUP(D71,廠價表!$C$1:$E$43,3,0) -> 43.89 | G71: 1298 | H71: =F71*G71 -> 56969.22 | J71: =VLOOKUP(D71,產線配置圖!$A$3:$C$40,2,0) -> 14 | K71: =VLOOKUP(D71,產線配置圖!$A$3:$C$40,3,0) -> 1565 | L71: =K71/J71 -> 111.78571 | M71: 11 | N71: =G71/W71*60 -> 1038.4 | O71: =N71/M71 -> 94.4 | P71: =M71-J71 -> -3 | Q71: =O71-L71 -> -17.385714 | R71: =O71/L71 -> 0.84447284 | T71: 0.41319444 | U71: 0.46527778 | V71: =(T71-U70)*24*60 -> 10 | W71: =(U71-T71)*24*60 -> 75 | AF71: -300.3125 | AG71: 0.80810703
W72: =(U72-T72)*24*60 -> 0 | AF72: -130.33333 | AG72: 0.91671991
W73: =(U73-T73)*24*60 -> 0
W74: =(U74-T74)*24*60 -> 0
W75: =(U75-T75)*24*60 -> 0
W76: =(U76-T76)*24*60 -> 0
H77: =F77*G77 -> 0 | W77: =(U77-T77)*24*60 -> 0
H78: =F78*G78 -> 0 | W78: =(U78-T78)*24*60 -> 0
C79: 4度四組 | D79: 平均 | J79: =AVERAGE(J70:J78) -> 12.5 | K79: =AVERAGE(K70:K78) -> 1600.5 | L79: =AVERAGE(L70:L78) -> 130.25649 | M79: =AVERAGE(M70:M78) -> 11 | N79: =AVERAGE(N70:N78) -> 1189.7455 | O79: =AVERAGE(O70:O78) -> 108.15868 | P79: =M79-J79 -> -1.5 | Q79: =N79-K79 -> -410.75455 | R79: =O79/L79 -> 0.83035152 | Z79: =SUM(Z70:Z78) -> 0 | AA79: =SUM(AA70:AA78) -> 0 | AD79: =SUM(AD70:AD78) -> 0 | AE79: =SUM(AE70:AE78) -> 0 | AF79: =N79-K79 -> -410.75455 | AG79: =N79/K79 -> 0.74335861
AJ80: 1.當日出勤人數較多
AJ81: 2.當日出勤人數較少
AJ82: 3.當日出勤熟手較少
AJ83: 4.當日出勤新人較多
AJ84: 5.機台夾盒
AJ85: 6.封膜不順
AJ86: 7.更換膠膜
AJ87: 8.更換碳帶
AJ88: 9.當日熱轉印碳帶異常
AJ89: 10.訂單量過少
AJ90: 11.新品上市，尚未熟悉
AJ91: 12.商品結構，產能較低
AJ92: 13.區域出貨，分段生產

Sheet 0804總
B1: 長家廠組合室生產人時性分析
B3: 日期 | D3: =DATE(2026,8,4) -> 46238 | F3: 訂單量 | G3: ='0804'!E1 -> 60136 | I3: 營業額 | J3: ='0804'!G1 -> 2741053.6
B4: 項目 | D4: 3 | F4: ➀ | H4: ➁ | J4: ③ | L4: 異常停線 | N4: 短暫停線
B5: 人時性 | D5: 組合室 | F5: 全溫層 | H5: 義大利麵 | J5: 袋裝小吃、義麵 | L5: 合計次數 | M5: 時間 | N5: 合計次數 | O5: 設備次數
D6: 排關平均 | F6: =AVERAGE(D13:J13) -> 126.71881 | H6: =AVERAGE(D13:H13) -> 124.57979 | J6: =AVERAGE(I13:J13) -> 132.06634 | L6: ='0804'!Z2 -> 0 | M6: ='0804'!AA2 -> 0 | N6: ='0804'!AD2 -> 0 | O6: ='0804'!AE2 -> 0
D7: 實績平均 | F7: =AVERAGE(D14:J14) -> 114.75743 | H7: =AVERAGE(D14:H14) -> 113.19434 | J7: =AVERAGE(I14:J14) -> 118.66515
D8: 達成率平均 | F8: =AVERAGE(D15:J15) -> 0.9043198 | H8: =AVERAGE(D15:H15) -> 0.90678491 | J8: =AVERAGE(I15:J15) -> 0.89815702
J9: ※現行日本鮮食廠以達成率80%為基本(即為現行KPI)
B10: 溫層 | D10: 4度C-各編組展開
B11: 編組 | D11: 1 | E11: 2 | F11: 3 | G11: 4 | H11: 5 | I11: 6 | J11: 7
D12: 自動1線 | E12: 自動2線 | F12: 手工3線 | G12: 手工4線 | H12: 手工5線 | I12: 調理包1線 | J12: 調理包2線
B13: 人時性 | C13: 排關 | D13: =VALUE('0804'!L15) -> 151.35747 | E13: =VALUE('0804'!L26) -> 174.23077 | F13: =VALUE('0804'!L37) -> 94.230392 | G13: =VALUE('0804'!L48) -> 96.300926 | H13: =VALUE('0804'!L58) -> 106.77941 | I13: =VALUE('0804'!L69) -> 138.81212 | J13: ='0804'!L79 -> 125.32055
C14: 實績 | D14: =VALUE('0804'!O15) -> 139.38154 | E14: =VALUE('0804'!O26) -> 158.24367 | F14: =VALUE('0804'!O37) -> 86.625102 | G14: =VALUE('0804'!O48) -> 82.115107 | H14: =VALUE('0804'!O58) -> 99.60628 | I14: =VALUE('0804'!O69) -> 125.68004 | J14: ='0804'!O79 -> 111.65025
C15: 達成率 | D15: =D14/D13 -> 0.92087653 | E15: =E14/E13 -> 0.90824181 | F15: =F14/F13 -> 0.91929048 | G15: =G14/G13 -> 0.8526928 | H15: =H14/H13 -> 0.9328229 | I15: =I14/I13 -> 0.90539676 | J15: ='0804'!S70 -> 0.89091729
B16: 作業 時間 | C16: 開始 | D16: ='0804'!T5 -> 0.30138889 | E16: ='0804'!T16 -> 0.29861111 | F16: ='0804'!T27 -> 0.29166667 | G16: ='0804'!T38 -> 0.33333333 | H16: ='0804'!T49 -> 0.29166667 | I16: ='0804'!T59 -> 0.29166667 | J16: ='0804'!T70 -> 0.29513889
C17: 結束 | D17: 0.55902778 | E17: 0.61180556 | F17: 0.54513889 | G17: 0.64930556 | H17: 0.63194444 | I17: 0.56597222 | J17: 0.64236111
B18: 產線異常 (5分鐘以上) | C18: 次數 | D18: ='0804'!Z15 -> 0 | E18: ='0804'!Z26 -> 0 | F18: ='0804'!Z37 -> 0 | G18: ='0804'!Z48 -> 0 | H18: ='0804'!Z58 -> 0 | I18: ='0804'!Z69 -> 0 | J18: ='0804'!AA79 -> 0
C19: 時間/分 | D19: ='0804'!AA15 -> 0 | E19: ='0804'!AA26 -> 0 | F19: ='0804'!AA37 -> 0 | G19: ='0804'!AA48 -> 0 | H19: ='0804'!AA58 -> 0 | I19: ='0804'!AA69 -> 0 | J19: ='0804'!AB79 -> 0
B20: 短暫停線 (5分鐘以下) | C20: 次數 | D20: ='0804'!AD15 -> 0 | E20: ='0804'!AD26 -> 0 | F20: ='0804'!AD37 -> 0 | G20: ='0804'!AD48 -> 0 | H20: ='0804'!AD58 -> 0 | I20: ='0804'!AD69 -> 0 | J20: ='0804'!AD79 -> 0
C21: 設備次數 | D21: ='0804'!AE15 -> 0 | E21: ='0804'!AE26 -> 0 | F21: ='0804'!AE37 -> 0 | G21: ='0804'!AE48 -> 0 | H21: ='0804'!AE58 -> 0 | I21: ='0804'!AE69 -> 0 | J21: ='0804'!AE79 -> 0
B22: 配置人數 | D22: =VALUE('0804'!M15) -> 15 | E22: =VALUE('0804'!M26) -> 12.8 | F22: =VALUE('0804'!M37) -> 16.2 | G22: =VALUE('0804'!M48) -> 17 | H22: =VALUE('0804'!M58) -> 16 | I22: =VALUE('0804'!M69) -> 12 | J22: ='0804'!M79 -> 10.5
B23: 主要應用設備 | D23: ET-600 | E23: ET-600 | F23: ET-55 | G23: ET-55 | H23: ET-55 | I23: 八爪機
B24: 次要應用設備 | H24: 封口機
B25: 備註

Sheet 0804
A1: 長家廠4度C日報分析 | D1: 總生產量 | E1: =SUM(G5:G79) -> 60136 | F1: 營業額 | G1: =SUM(H5:H79) -> 2741053.6 | H1: 出勤人數 | I1: =M15+M26+M48+M58+M69+M79+M37 -> 99.5 | J1: 產線配置圖 | M1: 生產實績 | P1: 人時性差異分析 | T1: 日報登錄 | Z1: 合計 次數 | AA1: 合計 時間/分 | AB1: 分析說明 | AD1: 合計 次數 | AE1: 合計 設備次數 | AF1: 產能差異分析
A2: 8月4日 星期二 | D2: 人時性 | E2: =AVERAGE(O15,O26,O37,O48,O58,O69,O79) -> 114.75743 | F2: 平均廠價 | G2: =G1/E1 -> 45.58091 | H2: 多次生產數 | I2: =COUNT(I5:I79) -> 0 | Z2: =Z15+Z26+Z37+Z48+Z58+Z69+Z79 -> 0 | AA2: =AA15+AA26+AA37+AA48+AA58+AA69+AA79 -> 0 | AD2: =AD15+AD26+AD37+AD48+AD58+AD69+AD79 -> 0 | AE2: =AE15+AE26+AE37+AE48+AE58+AE69+AE79 -> 0
A3: 線別 | B3: 品類 | D3: 品名 | F3: 廠價 | G3: 生產量 | H3: 營收 | I3: 多次 生產 | J3: 人數 | K3: 產能/時 | L3: 人時性 | M3: 人數 | N3: 產能/時 | O3: 人時性 | P3: 人數 | Q3: 人時性 | R3: 達成率 | S3: 達成率平均 | T3: 生產時間 | V3: 前置、換線時間/分 | W3: 稼動時間/分 | X3: 休息時間 | Z3: 產線異常統計 (5分鐘以上) | AD3: 短暫停線統計 (5分鐘以下) | AF3: 產能/時 | AG3: 達成率 | AH3: 達成率平均
T4: 開始 | U4: 結束 | X4: 開始 | Y4: 結束 | Z4: 次數 | AA4: 時間/分 | AD4: 總次數 | AE4: 設備因素(次數)
A5: 自動一線 (ET-600) | B5: 義大利麵 | D5: 羅馬黑胡椒起司義大利麵 | F5: =VLOOKUP(D5,廠價表!$C$1:$E$43,3,0) -> 50.67 | G5: 1525 | H5: =F5*G5 -> 77271.75 | J5: =VLOOKUP(D5,產線配置圖!$A$3:$C$40,2,0) -> 17 | K5: =VLOOKUP(D5,產線配置圖!$A$3:$C$40,3,0) -> 2250 | L5: =K5/J5 -> 132.35294 | M5: 17 | N5: =G5/W5*60 -> 1989.1304 | O5: =N5/M5 -> 117.00767 | P5: =M5-J5 -> 0 | Q5: =O5-L5 -> -15.345269 | R5: =O5/L5 -> 0.88405797 | S5: =R15 -> 0.92087653 | T5: 0.30138889 | U5: 0.33333333 | W5: =(U5-T5)*24*60 -> 46 | AF5: =N5-K5 -> -260.86957 | AG5: =N5/K5 -> 0.88405797 | AH5: =AG15 -> 0.91890967
B6: 義大利麵 | D6: 香煎魚排佐檸檬奶油義大利麵 | F6: =VLOOKUP(D6,廠價表!$C$1:$E$43,3,0) -> 58.17 | G6: 1345 | H6: =F6*G6 -> 78238.65 | J6: =VLOOKUP(D6,產線配置圖!$A$3:$C$40,2,0) -> 13 | K6: =VLOOKUP(D6,產線配置圖!$A$3:$C$40,3,0) -> 2250 | L6: =K6/J6 -> 173.07692 | M6: 13 | N6: =G6/W6*60 -> 2123.6842 | O6: =N6/M6 -> 163.36032 | P6: =M6-J6 -> 0 | Q6: =O6-L6 -> -9.7165992 | R6: =O6/L6 -> 0.94385965 | T6: 0.34236111 | U6: 0.36875 | V6: =(T6-U5)*24*60 -> 13 | W6: =(U6-T6)*24*60 -> 38 | AF6: =N6-K6 -> -126.31579 | AG6: =N6/K6 -> 0.94385965
B7: 義大利麵 | D7: 奶油培根義大利麵 | F7: =VLOOKUP(D7,廠價表!$C$1:$E$43,3,0) -> 49.14 | G7: 5212 | H7: =F7*G7 -> 256117.68 | J7: =VLOOKUP(D7,產線配置圖!$A$3:$C$40,2,0) -> 15 | K7: =VLOOKUP(D7,產線配置圖!$A$3:$C$40,3,0) -> 2250 | L7: =K7/J7 -> 150 | M7: 15 | N7: =G7/W7*60 -> 2141.9178 | O7: =N7/M7 -> 142.79452 | P7: =M7-J7 -> 0 | Q7: =O7-L7 -> -7.2054795 | R7: =O7/L7 -> 0.95196347 | T7: 0.375 | U7: 0.47638889 | V7: =(T7-U6)*24*60 -> 9 | W7: =(U7-T7)*24*60 -> 146 | AF7: =N7-K7 -> -108.08219 | AG7: =N7/K7 -> 0.95196347
B8: 義大利麵 | D8: 奶油培根義大利麵 | F8: =VLOOKUP(D8,廠價表!$C$1:$E$43,3,0) -> 49.14 | G8: 739 | H8: =F8*G8 -> 36314.46 | J8: =VLOOKUP(D8,產線配置圖!$A$3:$C$40,2,0) -> 15 | K8: =VLOOKUP(D8,產線配置圖!$A$3:$C$40,3,0) -> 2250 | L8: =K8/J8 -> 150 | M8: 15 | N8: =G8/W8*60 -> 2015.4545 | O8: =N8/M8 -> 134.36364 | P8: =M8-J8 -> 0 | Q8: =O8-L8 -> -15.636364 | R8: =O8/L8 -> 0.89575758 | T8: 0.54375 | U8: 0.55902778 | V8: =(T8-U7)*24*60 -> 97 | W8: =(U8-T8)*24*60 -> 22 | X8: 0.48611111 | Y8: 0.52777778 | AF8: =N8-K8 -> -234.54545 | AG8: =N8/K8 -> 0.89575758
W9: =(U9-T9)*24*60 -> 0 | AF9: =N9-K9 -> 0 | AG9: =N9/K9 -> #DIV/0!
W10: =(U10-T10)*24*60 -> 0 | AF10: =N10-K10 -> 0 | AG10: =N10/K10 -> #DIV/0!
W11: =(U11-T11)*24*60 -> 0 | AF11: =N11-K11 -> 0 | AG11: =N11/K11 -> #DIV/0!
W12: =(U12-T12)*24*60 -> 0
W13: =(U13-T13)*24*60 -> 0
W14: =(U14-T14)*24*60 -> 0
C15: 4度一組 | D15: 平均 | J15: =AVERAGE(J5:J14) -> 15 | K15: =AVERAGE(K5:K14) -> 2250 | L15: =AVERAGE(L5:L14) -> 151.35747 | M15: =AVERAGE(M5:M14) -> 15 | N15: =AVERAGE(N5:N14) -> 2067.5467 | O15: =AVERAGE(O5:O14) -> 139.38154 | P15: =M15-J15 -> 0 | Q15: =O15-L15 -> -11.975928 | R15: =O15/L15 -> 0.92087653 | Z15: =SUM(Z5:Z14) -> 0 | AA15: =SUM(AA5:AA14) -> 0 | AD15: =SUM(AD5:AD14) -> 0 | AE15: =SUM(AE5:AE14) -> 0 | AF15: =N15-K15 -> -182.45325 | AG15: =N15/K15 -> 0.91890967
A16: 自動二線 (ET-600) | B16: 義大利麵 | D16: 青醬蛤蜊義大利麵 | F16: =VLOOKUP(D16,廠價表!$C$1:$E$43,3,0) -> 50.67 | G16: 1880 | H16: =F16*G16 -> 95259.6 | J16: =VLOOKUP(D16,產線配置圖!$A$3:$C$40,2,0) -> 13 | K16: =VLOOKUP(D16,產線配置圖!$A$3:$C$40,3,0) -> 2250 | L16: =K16/J16 -> 173.07692 | M16: 13 | N16: =G16/W16*60 -> 2169.2308 | O16: =N16/M16 -> 166.86391 | P16: =M16-J16 -> 0 | Q16: =O16-L16 -> -6.2130178 | R16: =O16/L16 -> 0.96410256 | S16: =R26 -> 0.90824181 | T16: 0.29861111 | U16: 0.33472222 | W16: =(U16-T16)*24*60 -> 52 | AF16: =N16-K16 -> -80.769231 | AG16: =N16/K16 -> 0.96410256 | AH16: =AG26 -> 0.89832684
B17: 義大利麵 | D17: 白酒清炒鮮蛤義大利麵 | F17: =VLOOKUP(D17,廠價表!$C$1:$E$43,3,0) -> 56.87 | G17: 2792 | H17: =F17*G17 -> 158781.04 | J17: =VLOOKUP(D17,產線配置圖!$A$3:$C$40,2,0) -> 15 | K17: =VLOOKUP(D17,產線配置圖!$A$3:$C$40,3,0) -> 2250 | L17: =K17/J17 -> 150 | M17: 14 | N17: =G17/W17*60 -> 1994.2857 | O17: =N17/M17 -> 142.44898 | P17: =M17-J17 -> -1 | Q17: =O17-L17 -> -7.5510204 | R17: =O17/L17 -> 0.94965986 | T17: 0.34097222 | U17: 0.39930556 | V17: =(T17-U16)*24*60 -> 9 | W17: =(U17-T17)*24*60 -> 84 | AF17: =N17-K17 -> -255.71429 | AG17: =N17/K17 -> 0.88634921
B18: 義大利麵 | D18: 義式蕃茄起司義大利麵 | F18: =VLOOKUP(D18,廠價表!$C$1:$E$43,3,0) -> 50.39 | G18: 3594 | H18: =F18*G18 -> 181101.66 | J18: =VLOOKUP(D18,產線配置圖!$A$3:$C$40,2,0) -> 12 | K18: =VLOOKUP(D18,產線配置圖!$A$3:$C$40,3,0) -> 2250 | L18: =K18/J18 -> 187.5 | M18: 12 | N18: =G18/W18*60 -> 2015.3271 | O18: =N18/M18 -> 167.94393 | P18: =M18-J18 -> 0 | Q18: =O18-L18 -> -19.556075 | R18: =O18/L18 -> 0.89570093 | T18: 0.40486111 | U18: 0.47916667 | V18: =(T18-U17)*24*60 -> 8 | W18: =(U18-T18)*24*60 -> 107 | X18: 0.48611111 | Y18: 0.52777778 | AF18: =N18-K18 -> -234.6729 | AG18: =N18/K18 -> 0.89570093
B19: 義大利麵 | D19: 義式蕃茄起司義大利麵 | F19: =VLOOKUP(D19,廠價表!$C$1:$E$43,3,0) -> 50.39 | G19: 1295 | H19: =F19*G19 -> 65255.05 | J19: =VLOOKUP(D19,產線配置圖!$A$3:$C$40,2,0) -> 12 | K19: =VLOOKUP(D19,產線配置圖!$A$3:$C$40,3,0) -> 2250 | L19: =K19/J19 -> 187.5 | M19: 12 | N19: =G19/W19*60 -> 1850 | O19: =N19/M19 -> 154.16667 | P19: =M19-J19 -> 0 | Q19: =O19-L19 -> -33.333333 | R19: =O19/L19 -> 0.82222222 | T19: 0.54166667 | U19: 0.57083333 | V19: =(T19-U18)*24*60 -> 90 | W19: =(U19-T19)*24*60 -> 42 | AF19: =N19-K19 -> -400 | AG19: =N19/K19 -> 0.82222222
B20: 義大利麵 | D20: 青醬蛤蜊義大利麵 | F20: =VLOOKUP(D20,廠價表!$C$1:$E$43,3,0) -> 50.67 | G20: 1558 | H20: =F20*G20 -> 78943.86 | J20: =VLOOKUP(D20,產線配置圖!$A$3:$C$40,2,0) -> 13 | K20: =VLOOKUP(D20,產線配置圖!$A$3:$C$40,3,0) -> 2250 | L20: =K20/J20 -> 173.07692 | M20: 13 | N20: =G20/W20*60 -> 2077.3333 | O20: =N20/M20 -> 159.79487 | P20: =M20-J20 -> 0 | Q20: =O20-L20 -> -13.282051 | R20: =O20/L20 -> 0.92325926 | T20: 0.58055556 | U20: 0.61180556 | V20: =(T20-U19)*24*60 -> 14 | W20: =(U20-T20)*24*60 -> 45
W21: =(U21-T21)*24*60 -> 0
W22: 0
W23: =(U23-T23)*24*60 -> 0
H24: =F24*G24 -> 0 | W24: =(U24-T24)*24*60 -> 0
H25: =F25*G25 -> 0 | W25: =(U25-T25)*24*60 -> 0
C26: 4度二組A | D26: 平均 | J26: =AVERAGE(J16:J25) -> 13 | K26: =AVERAGE(K16:K25) -> 2250 | L26: =AVERAGE(L16:L25) -> 174.23077 | M26: =AVERAGE(M16:M25) -> 12.8 | N26: =AVERAGE(N16:N25) -> 2021.2354 | O26: =AVERAGE(O16:O25) -> 158.24367 | P26: =M26-J26 -> -0.2 | Q26: =O26-L26 -> -15.9871 | R26: =O26/L26 -> 0.90824181 | Z26: =SUM(Z16:Z25) -> 0 | AA26: =SUM(AA16:AA25) -> 0 | AD26: =SUM(AD16:AD25) -> 0 | AE26: =SUM(AE16:AE25) -> 0 | AF26: =N26-K26 -> -228.76462 | AG26: =N26/K26 -> 0.89832684
A27: 手工三線 (ET-55) | B27: 義大利麵 | D27: 蕃茄莎莎海鮮冷義大利麵 | F27: =VLOOKUP(D27,廠價表!$C$1:$E$43,3,0) -> 46.34 | G27: 1883 | H27: =F27*G27 -> 87258.22 | J27: =VLOOKUP(D27,產線配置圖!$A$3:$C$40,2,0) -> 16 | K27: =VLOOKUP(D27,產線配置圖!$A$3:$C$40,3,0) -> 1636 | L27: =K27/J27 -> 102.25 | M27: 16 | N27: =G27/W27*60 -> 1486.5789 | O27: =N27/M27 -> 92.911184 | P27: =M27-J27 -> 0 | Q27: =O27-L27 -> -9.3388158 | R27: =O27/L27 -> 0.90866684 | S27: =R37 -> 0.91929048 | T27: 0.29166667 | U27: 0.34444444 | W27: =(U27-T27)*24*60 -> 76 | AF27: =N27-K27 -> -149.42105 | AG27: =N27/K27 -> 0.90866684 | AH27: =AG37 -> 0.8571787
B28: 義大利麵 | D28: 奶油鮮蝦明太子細扁麵 | F28: =VLOOKUP(D28,廠價表!$C$1:$E$43,3,0) -> 57.21 | G28: 1065 | H28: =F28*G28 -> 60928.65 | J28: =VLOOKUP(D28,產線配置圖!$A$3:$C$40,2,0) -> 18 | K28: =VLOOKUP(D28,產線配置圖!$A$3:$C$40,3,0) -> 1636 | L28: =K28/J28 -> 90.888889 | M28: 17 | N28: =G28/W28*60 -> 1389.1304 | O28: =N28/M28 -> 81.713555 | P28: =M28-J28 -> -1 | Q28: =O28-L28 -> -9.1753339 | R28: =O28/L28 -> 0.89904889 | T28: 0.35138889 | U28: 0.38333333 | V28: =(T28-U27)*24*60 -> 10 | W28: =(U28-T28)*24*60 -> 46 | AF28: =N28-K28 -> -246.86957 | AG28: =N28/K28 -> 0.84910173
B29: 義大利麵 | D29: 金沙豆腐義大利麵 | F29: =VLOOKUP(D29,廠價表!$C$1:$E$43,3,0) -> 49.91 | G29: 1248 | H29: =F29*G29 -> 62287.68 | J29: =VLOOKUP(D29,產線配置圖!$A$3:$C$40,2,0) -> 18 | K29: 1636 | L29: =K29/J29 -> 90.888889 | M29: 16 | N29: =G29/W29*60 -> 1361.4545 | O29: =N29/M29 -> 85.090909 | P29: =M29-J29 -> -2 | Q29: =O29-L29 -> -5.7979798 | R29: =O29/L29 -> 0.93620805 | T29: 0.38888889 | U29: 0.42708333 | V29: =(T29-U28)*24*60 -> 8 | W29: =(U29-T29)*24*60 -> 55 | AF29: =N29-K29 -> -274.54545 | AG29: =N29/K29 -> 0.83218493
B30: 義大利麵 | D30: 義式蛋蛋青醬鮪魚冷義大利麵 | F30: =VLOOKUP(D30,廠價表!$C$1:$E$43,3,0) -> 45.66 | G30: 1177 | H30: =F30*G30 -> 53741.82 | J30: =VLOOKUP(D30,產線配置圖!$A$3:$C$40,2,0) -> 17 | K30: =VLOOKUP(D30,產線配置圖!$A$3:$C$40,3,0) -> 1636 | L30: =K30/J30 -> 96.235294 | M30: 16 | N30: =G30/W30*60 -> 1441.2245 | O30: =N30/M30 -> 90.076531 | P30: =M30-J30 -> -1 | Q30: =O30-L30 -> -6.1587635 | R30: =O30/L30 -> 0.93600307 | T30: 0.43263889 | U30: 0.46666667 | V30: =(T30-U29)*24*60 -> 8 | W30: =(U30-T30)*24*60 -> 49 | X30: 0.49652778 | Y30: 0.53819444 | AF30: =N30-K30 -> -194.77551 | AG30: =N30/K30 -> 0.88094406
B31: 義大利麵 | D31: 金沙豆腐義大利麵 | F31: =VLOOKUP(D31,廠價表!$C$1:$E$43,3,0) -> 49.91 | G31: 600 | H31: =F31*G31 -> 29946 | J31: =VLOOKUP(D31,產線配置圖!$A$3:$C$40,2,0) -> 18 | K31: 1636 | L31: =K31/J31 -> 90.888889 | M31: 16 | N31: =G31/W31*60 -> 1333.3333 | O31: =N31/M31 -> 83.333333 | P31: =M31-J31 -> -2 | Q31: =O31-L31 -> -7.5555556 | R31: =O31/L31 -> 0.91687042 | T31: 0.52638889 | U31: 0.54513889 | V31: =(T31-U30)*24*60 -> 86 | W31: =(U31-T31)*24*60 -> 27 | AF31: =N31-K31 -> -302.66667 | AG31: =N31/K31 -> 0.81499593
W32: =(U32-T32)*24*60 -> 0
W33: =(U33-T33)*24*60 -> 0
W34: =(U34-T34)*24*60 -> 0
W35: =(U35-T35)*24*60 -> 0
H36: =F36*G36 -> 0 | W36: =(U36-T36)*24*60 -> 0
C37: 4度二組B | D37: 平均 | J37: =AVERAGE(J27:J36) -> 17.4 | K37: =AVERAGE(K27:K36) -> 1636 | L37: =AVERAGE(L27:L36) -> 94.230392 | M37: =AVERAGE(M27:M36) -> 16.2 | N37: =AVERAGE(N27:N36) -> 1402.3444 | O37: =AVERAGE(O27:O36) -> 86.625102 | P37: =M37-J37 -> -1.2 | Q37: =N37-K37 -> -233.65565 | R37: =O37/L37 -> 0.91929048 | Z37: =SUM(Z27:Z36) -> 0 | AA37: =SUM(AA27:AA36) -> 0 | AD37: =SUM(AD27:AD36) -> 0 | AE37: =SUM(AE27:AE36) -> 0 | AF37: =N37-K37 -> -233.65565 | AG37: =N37/K37 -> 0.8571787
A38: 手工四線 (ET-55) | B38: 熱乾麵 | D38: 青花椒麻雞肉拌麵 | F38: =VLOOKUP(D38,廠價表!$C$1:$E$43,3,0) -> 49.91 | G38: 2720 | H38: =F38*G38 -> 135755.2 | J38: =VLOOKUP(D38,產線配置圖!$A$3:$C$40,2,0) -> 16 | K38: =VLOOKUP(D38,產線配置圖!$A$3:$C$40,3,0) -> 1714 | L38: =K38/J38 -> 107.125 | M38: 16 | N38: =G38/W38*60 -> 1431.5789 | O38: =N38/M38 -> 89.473684 | P38: =M38-J38 -> 0 | Q38: =O38-L38 -> -17.651316 | R38: =O38/L38 -> 0.83522692 | S38: =R48 -> 0.8526928 | T38: 0.33333333 | U38: 0.4125 | W38: =(U38-T38)*24*60 -> 114 | AF38: =N38-K38 -> -282.42105 | AG38: =N38/K38 -> 0.83522692 | AH38: =AG48 -> 0.83702592
B39: 熱乾麵 | D39: 府城鹽水意麵 | F39: =VLOOKUP(D39,廠價表!$C$1:$E$43,3,0) -> 44.3 | G39: 2588 | H39: =F39*G39 -> 114648.4 | J39: =VLOOKUP(D39,產線配置圖!$A$3:$C$40,2,0) -> 18 | K39: =VLOOKUP(D39,產線配置圖!$A$3:$C$40,3,0) -> 1636 | L39: =K39/J39 -> 90.888889 | M39: 18 | N39: =G39/W39*60 -> 1350.2609 | O39: =N39/M39 -> 75.014493 | P39: =M39-J39 -> 0 | Q39: =O39-L39 -> -15.874396 | R39: =O39/L39 -> 0.82534283 | T39: 0.42013889 | U39: 0.5 | V39: =(T39-U38)*24*60 -> 11 | W39: =(U39-T39)*24*60 -> 115 | AF39: =N39-K39 -> -285.73913 | AG39: =N39/K39 -> 0.82534283
B40: 熱乾麵 | D40: 府城鹽水意麵 | F40: =VLOOKUP(D40,廠價表!$C$1:$E$43,3,0) -> 44.3 | G40: 3247 | H40: =F40*G40 -> 143842.1 | J40: =VLOOKUP(D40,產線配置圖!$A$3:$C$40,2,0) -> 18 | K40: =VLOOKUP(D40,產線配置圖!$A$3:$C$40,3,0) -> 1636 | L40: =K40/J40 -> 90.888889 | M40: 17 | N40: =G40/W40*60 -> 1391.5714 | O40: =N40/M40 -> 81.857143 | P40: =M40-J40 -> -1 | Q40: =O40-L40 -> -9.031746 | R40: =O40/L40 -> 0.90062871 | T40: 0.55208333 | U40: 0.64930556 | V40: =(T40-U39)*24*60 -> 75 | W40: =(U40-T40)*24*60 -> 140 | AF40: =N40-K40 -> -244.42857 | AG40: =N40/K40 -> 0.85059378
W41: =(U41-T41)*24*60 -> 0 | AF41: =N41-K41 -> 0 | AG41: =N41/K41 -> #DIV/0!
W42: =(U42-T42)*24*60 -> 0
W43: =(U43-T43)*24*60 -> 0
W44: =(U44-T44)*24*60 -> 0
W45: =(U45-T45)*24*60 -> 0
W46: =(U46-T46)*24*60 -> 0
H47: =F47*G47 -> 0 | W47: =(U47-T47)*24*60 -> 0
C48: 4度二組C1 | D48: 平均 | J48: =AVERAGE(J38:J47) -> 17.333333 | K48: =AVERAGE(K38:K47) -> 1662 | L48: =AVERAGE(L38:L47) -> 96.300926 | M48: =AVERAGE(M38:M47) -> 17 | N48: =AVERAGE(N38:N47) -> 1391.1371 | O48: =AVERAGE(O38:O47) -> 82.115107 | P48: =M48-J48 -> -0.33333333 | Q48: =N48-K48 -> -270.86292 | R48: =O48/L48 -> 0.8526928 | W48: =(U48-T48)*24*60 -> 0 | Z48: =SUM(Z38:Z47) -> 0 | AA48: =SUM(AA38:AA47) -> 0 | AD48: =SUM(AD38:AD47) -> 0 | AE48: =SUM(AE38:AE47) -> 0 | AF48: =N48-K48 -> -270.86292 | AG48: =N48/K48 -> 0.83702592
A49: 手工五線 (ET-55) | B49: 熱乾麵 | D49: 沙茶豬肉炒麵 | F49: =VLOOKUP(D49,廠價表!$C$1:$E$43,3,0) -> 49.52 | G49: 2302 | H49: =F49*G49 -> 113995.04 | J49: =VLOOKUP(D49,產線配置圖!$A$3:$C$40,2,0) -> 17 | K49: =VLOOKUP(D49,產線配置圖!$A$3:$C$40,3,0) -> 1800 | L49: =K49/J49 -> 105.88235 | M49: 17 | N49: =G49/W49*60 -> 1684.3902 | O49: =N49/M49 -> 99.081779 | P49: =M49-J49 -> 0 | Q49: =O49-L49 -> -6.8005739 | R49: =O49/L49 -> 0.93577236 | S49: =R58 -> 0.9328229 | T49: 0.29166667 | U49: 0.34861111 | W49: =(U49-T49)*24*60 -> 82 | AF49: =N49-K49 -> -115.60976 | AG49: =N49/K49 -> 0.93577236 | AH49: =AG58 -> 0.90352136
B50: 義大利麵 | D50: 黑松露野菇義大利麵 | F50: =VLOOKUP(D50,廠價表!$C$1:$E$43,3,0) -> 50.289 | G50: 2044 | H50: =F50*G50 -> 102790.72 | J50: =VLOOKUP(D50,產線配置圖!$A$3:$C$40,2,0) -> 17 | K50: =VLOOKUP(D50,產線配置圖!$A$3:$C$40,3,0) -> 1636 | L50: =K50/J50 -> 96.235294 | M50: 17 | N50: =G50/W50*60 -> 1552.4051 | O50: =N50/M50 -> 91.317945 | P50: =M50-J50 -> 0 | Q50: =O50-L50 -> -4.9173492 | R50: =O50/L50 -> 0.94890285 | T50: 0.35347222 | U50: 0.40833333 | V50: =(T50-U49)*24*60 -> 7 | W50: =(U50-T50)*24*60 -> 79 | AF50: =N50-K50 -> -83.594937 | AG50: =N50/K50 -> 0.94890285
B51: 義大利麵 | D51: 焗烤起司雙饗筆尖麵 | F51: =VLOOKUP(D51,廠價表!$C$1:$E$43,3,0) -> 49.97 | G51: 1836 | H51: =F51*G51 -> 91744.92 | J51: =VLOOKUP(D51,產線配置圖!$A$3:$C$40,2,0) -> 16 | K51: =VLOOKUP(D51,產線配置圖!$A$3:$C$40,3,0) -> 1800 | L51: =K51/J51 -> 112.5 | M51: 15 | N51: =G51/W51*60 -> 1573.7143 | O51: =N51/M51 -> 104.91429 | P51: =M51-J51 -> -1 | Q51: =O51-L51 -> -7.5857143 | R51: =O51/L51 -> 0.93257143 | T51: 0.41319444 | U51: 0.46180556 | V51: =(T51-U50)*24*60 -> 7 | W51: =(U51-T51)*24*60 -> 70 | AF51: =N51-K51 -> -226.28571 | AG51: =N51/K51 -> 0.87428571
B52: 義大利麵 | D52: 焗烤起司雙饗筆尖麵 | F52: =VLOOKUP(D52,廠價表!$C$1:$E$43,3,0) -> 49.97 | G52: 4176 | H52: =F52*G52 -> 208674.72 | J52: =VLOOKUP(D52,產線配置圖!$A$3:$C$40,2,0) -> 16 | K52: =VLOOKUP(D52,產線配置圖!$A$3:$C$40,3,0) -> 1800 | L52: =K52/J52 -> 112.5 | M52: 15 | N52: =G52/W52*60 -> 1546.6667 | O52: =N52/M52 -> 103.11111 | P52: =M52-J52 -> -1 | Q52: =O52-L52 -> -9.3888889 | R52: =O52/L52 -> 0.91654321 | T52: 0.51944444 | U52: 0.63194444 | V52: =(T52-U51)*24*60 -> 83 | W52: =(U52-T52)*24*60 -> 162 | X52: 0.47916667 | Y52: 0.52083333 | AF52: =N52-K52 -> -253.33333 | AG52: =N52/K52 -> 0.85925926
W53: =(U53-T53)*24*60 -> 0 | AF53: =N53-K53 -> 0 | AG53: =N53/K53 -> #DIV/0!
W54: =(U54-T54)*24*60 -> 0
W55: =(U55-T55)*24*60 -> 0
W56: =(U56-T56)*24*60 -> 0
W57: =(U57-T57)*24*60 -> 0
C58: 4度二組C2 | D58: 平均 | J58: =AVERAGE(J49:J57) -> 16.5 | K58: =AVERAGE(K49:K57) -> 1759 | L58: =AVERAGE(L49:L57) -> 106.77941 | M58: =AVERAGE(M49:M57) -> 16 | N58: =AVERAGE(N49:N57) -> 1589.2941 | O58: =AVERAGE(O49:O57) -> 99.60628 | P58: =M58-J58 -> -0.5 | Q58: =N58-K58 -> -169.70594 | R58: =O58/L58 -> 0.9328229 | Z58: =SUM(Z49:Z57) -> 0 | AA58: =SUM(AA49:AA57) -> 0 | AD58: =SUM(AD49:AD57) -> 0 | AE58: =SUM(AE49:AE57) -> 0 | AF58: =N58-K58 -> -169.70594 | AG58: =N58/K58 -> 0.90352136
A59: 調理包一線 (八爪機) | B59: 小吃、微波 | D59: 小滷青蔬 | F59: =VLOOKUP(D59,廠價表!$C$1:$E$43,3,0) -> 26.99 | G59: 3616 | H59: =F59*G59 -> 97595.84 | J59: =VLOOKUP(D59,產線配置圖!$A$3:$C$40,2,0) -> 15 | K59: =VLOOKUP(D59,產線配置圖!$A$3:$C$40,3,0) -> 1636 | L59: =K59/J59 -> 109.06667 | M59: 15 | N59: =G59/W59*60 -> 1549.7143 | O59: =N59/M59 -> 103.31429 | P59: =M59-J59 -> 0 | Q59: =O59-L59 -> -5.752381 | R59: =O59/L59 -> 0.94725812 | S59: =R69 -> 0.90539676 | T59: 0.29166667 | U59: 0.38888889 | W59: =(U59-T59)*24*60 -> 140 | AF59: =N59-K59 -> -86.285714 | AG59: =N59/K59 -> 0.94725812 | AH59: =AG69 -> 0.90818752
B60: 小吃、微波 | D60: 韓式炒冬粉 | F60: =VLOOKUP(D60,廠價表!$C$1:$E$43,3,0) -> 28.26 | G60: 1515 | H60: =F60*G60 -> 42813.9 | J60: =VLOOKUP(D60,產線配置圖!$A$3:$C$40,2,0) -> 11 | K60: =VLOOKUP(D60,產線配置圖!$A$3:$C$40,3,0) -> 1636 | L60: =K60/J60 -> 148.72727 | M60: 11 | N60: =G60/W60*60 -> 1515 | O60: =N60/M60 -> 137.72727 | P60: =M60-J60 -> 0 | Q60: =O60-L60 -> -11 | R60: =O60/L60 -> 0.92603912 | T60: 0.39583333 | U60: 0.4375 | V60: =(T60-U59)*24*60 -> 10 | W60: =(U60-T60)*24*60 -> 60 | AF60: =N60-K60 -> -121 | AG60: =N60/K60 -> 0.92603912
B61: 小吃、微波 | D61: 起司馬鈴薯 | F61: =VLOOKUP(D61,廠價表!$C$1:$E$43,3,0) -> 28.26 | G61: 1568 | H61: =F61*G61 -> 44311.68 | J61: =VLOOKUP(D61,產線配置圖!$A$3:$C$40,2,0) -> 11 | K61: =VLOOKUP(D61,產線配置圖!$A$3:$C$40,3,0) -> 1636 | L61: =K61/J61 -> 148.72727 | M61: 11 | N61: =G61/W61*60 -> 1404.1791 | O61: =N61/M61 -> 127.65265 | P61: =M61-J61 -> 0 | Q61: =O61-L61 -> -21.074627 | R61: =O61/L61 -> 0.85830019 | T61: 0.44305556 | U61: 0.48958333 | V61: =(T61-U60)*24*60 -> 8 | W61: =(U61-T61)*24*60 -> 67 | AF61: =N61-K61 -> -231.8209 | AG61: =N61/K61 -> 0.85830019
B62: 小吃、微波 | D62: 麻辣雞心 | F62: =VLOOKUP(D62,廠價表!$C$1:$E$43,3,0) -> 28.26 | G62: 860 | H62: =F62*G62 -> 24303.6 | J62: =VLOOKUP(D62,產線配置圖!$A$3:$C$40,2,0) -> 11 | K62: =VLOOKUP(D62,產線配置圖!$A$3:$C$40,3,0) -> 1636 | L62: =K62/J62 -> 148.72727 | M62: 11 | N62: =G62/W62*60 -> 1474.2857 | O62: =N62/M62 -> 134.02597 | P62: =M62-J62 -> 0 | Q62: =O62-L62 -> -14.701299 | R62: =O62/L62 -> 0.90115264 | T62: 0.54166667 | U62: 0.56597222 | V62: =(T62-U61)*24*60 -> 75 | W62: =(U62-T62)*24*60 -> 35 | X62: 0.50347222 | Y62: 0.54513889 | AF62: =N62-K62 -> -161.71429 | AG62: =N62/K62 -> 0.90115264
W63: =(U63-T63)*24*60 -> 0
W64: =(U64-T64)*24*60 -> 0
W65: =(U65-T65)*24*60 -> 0
W66: =(U66-T66)*24*60 -> 0
W67: =(U67-T67)*24*60 -> 0
H68: =F68*G68 -> 0 | W68: =(U68-T68)*24*60 -> 0
C69: 4度三組 | D69: 平均 | J69: =AVERAGE(J59:J68) -> 12 | K69: =AVERAGE(K59:K68) -> 1636 | L69: =AVERAGE(L59:L68) -> 138.81212 | M69: =AVERAGE(M59:M68) -> 12 | N69: =AVERAGE(N59:N68) -> 1485.7948 | O69: =AVERAGE(O59:O68) -> 125.68004 | P69: =M69-J69 -> 0 | Q69: =N69-K69 -> -150.20522 | R69: =O69/L69 -> 0.90539676 | Z69: =SUM(Z59:Z68) -> 0 | AA69: =SUM(AA59:AA68) -> 0 | AD69: =SUM(AD59:AD68) -> 0 | AE69: =SUM(AE59:AE68) -> 0 | AF69: =N69-K69 -> -150.20522 | AG69: =N69/K69 -> 0.90818752
A70: 調理包二線 (手工) | B70: 小吃、微波 | D70: 麻辣雞心 | F70: =VLOOKUP(D70,廠價表!$C$1:$E$43,3,0) -> 28.26 | G70: 2627 | H70: =F70*G70 -> 74239.02 | J70: =VLOOKUP(D70,產線配置圖!$A$3:$C$40,2,0) -> 11 | K70: =VLOOKUP(D70,產線配置圖!$A$3:$C$40,3,0) -> 1636 | L70: =K70/J70 -> 148.72727 | M70: 8 | N70: =G70/W70*60 -> 1150.5109 | O70: =N70/M70 -> 143.81387 | P70: =M70-J70 -> -3 | Q70: =O70-L70 -> -4.9134041 | R70: =O70/L70 -> 0.96696366 | S70: =R79 -> 0.89091729 | T70: 0.29513889 | U70: 0.39027778 | W70: =(U70-T70)*24*60 -> 137 | AF70: =N70-K70 -> -485.48905 | AG70: =N70/K70 -> 0.7032463 | AH70: =AG79 -> 0.72341686
B71: 義大利麵 | D71: 鱈魚粉紅青醬筆尖麵 | F71: =VLOOKUP(D71,廠價表!$C$1:$E$43,3,0) -> 43.89 | G71: 711 | H71: =F71*G71 -> 31205.79 | J71: =VLOOKUP(D71,產線配置圖!$A$3:$C$40,2,0) -> 14 | K71: =VLOOKUP(D71,產線配置圖!$A$3:$C$40,3,0) -> 1565 | L71: =K71/J71 -> 111.78571 | M71: 11 | N71: =G71/W71*60 -> 1066.5 | O71: =N71/M71 -> 96.954545 | P71: =M71-J71 -> -3 | Q71: =O71-L71 -> -14.831169 | R71: =O71/L71 -> 0.86732501 | T71: 0.39583333 | U71: 0.42361111 | V71: =(T71-U70)*24*60 -> 8 | W71: =(U71-T71)*24*60 -> 40 | AF71: -300.3125 | AG71: 0.80810703
B72: 義大利麵 | D72: 番茄蘑菇義大利麵 | F72: =VLOOKUP(D72,廠價表!$C$1:$E$43,3,0) -> 43.89 | G72: 1773 | H72: =F72*G72 -> 77816.97 | J72: =VLOOKUP(D72,產線配置圖!$A$3:$C$40,2,0) -> 13 | K72: =VLOOKUP(D72,產線配置圖!$A$3:$C$40,3,0) -> 1565 | L72: =K72/J72 -> 120.38462 | M72: 10 | N72: =G72/W72*60 -> 1042.9412 | O72: =N72/M72 -> 104.29412 | P72: =M72-J72 -> -3 | Q72: =O72-L72 -> -16.090498 | R72: =O72/L72 -> 0.86634091 | T72: 0.43611111 | U72: 0.50694444 | V72: =(T72-U71)*24*60 -> 18 | W72: =(U72-T72)*24*60 -> 102 | AF72: -130.33333 | AG72: 0.91671991
B73: 義大利麵 | D73: 番茄蘑菇義大利麵 | F73: =VLOOKUP(D73,廠價表!$C$1:$E$43,3,0) -> 43.89 | G73: 2640 | H73: =F73*G73 -> 115869.6 | J73: =VLOOKUP(D73,產線配置圖!$A$3:$C$40,2,0) -> 13 | K73: =VLOOKUP(D73,產線配置圖!$A$3:$C$40,3,0) -> 1565 | L73: =K73/J73 -> 120.38462 | M73: 13 | N73: =G73/W73*60 -> 1320 | O73: =N73/M73 -> 101.53846 | P73: =M73-J73 -> 0 | Q73: =O73-L73 -> -18.846154 | R73: =O73/L73 -> 0.84345048 | T73: 0.55902778 | U73: 0.64236111 | V73: =(T73-U72)*24*60 -> 75 | W73: =(U73-T73)*24*60 -> 120
H74: =F74*G74 -> 0 | W74: =(U74-T74)*24*60 -> 0
H75: =F75*G75 -> 0 | W75: =(U75-T75)*24*60 -> 0
H76: =F76*G76 -> 0 | W76: =(U76-T76)*24*60 -> 0
H77: =F77*G77 -> 0 | W77: =(U77-T77)*24*60 -> 0
H78: =F78*G78 -> 0 | W78: =(U78-T78)*24*60 -> 0
C79: 4度四組 | D79: 平均 | J79: =AVERAGE(J70:J78) -> 12.75 | K79: =AVERAGE(K70:K78) -> 1582.75 | L79: =AVERAGE(L70:L78) -> 125.32055 | M79: =AVERAGE(M70:M78) -> 10.5 | N79: =AVERAGE(N70:N78) -> 1144.988 | O79: =AVERAGE(O70:O78) -> 111.65025 | P79: =M79-J79 -> -2.25 | Q79: =N79-K79 -> -437.76197 | R79: =O79/L79 -> 0.89091729 | Z79: =SUM(Z70:Z78) -> 0 | AA79: =SUM(AA70:AA78) -> 0 | AD79: =SUM(AD70:AD78) -> 0 | AE79: =SUM(AE70:AE78) -> 0 | AF79: =N79-K79 -> -437.76197 | AG79: =N79/K79 -> 0.72341686
AJ80: 1.當日出勤人數較多
AJ81: 2.當日出勤人數較少
AJ82: 3.當日出勤熟手較少
AJ83: 4.當日出勤新人較多
AJ84: 5.機台夾盒
AJ85: 6.封膜不順
AJ86: 7.更換膠膜
AJ87: 8.更換碳帶
AJ88: 9.當日熱轉印碳帶異常
AJ89: 10.訂單量過少
AJ90: 11.新品上市，尚未熟悉
AJ91: 12.商品結構，產能較低
AJ92: 13.區域出貨，分段生產

Sheet 0805總
B1: 長家廠組合室生產人時性分析
B3: 日期 | D3: =DATE(2026,8,5) -> 46239 | F3: 訂單量 | G3: ='0805'!E1 -> 55976 | I3: 營業額 | J3: ='0805'!G1 -> 2563762.3
B4: 項目 | D4: 3 | F4: ➀ | H4: ➁ | J4: ③ | L4: 異常停線 | N4: 短暫停線
B5: 人時性 | D5: 組合室 | F5: 全溫層 | H5: 義大利麵 | J5: 袋裝小吃、義麵 | L5: 合計次數 | M5: 時間 | N5: 合計次數 | O5: 設備次數
D6: 排關平均 | F6: =AVERAGE(D13:J13) -> 127.78985 | H6: =AVERAGE(D13:H13) -> 124.67029 | J6: =AVERAGE(I13:J13) -> 135.58875 | L6: ='0805'!Z2 -> 0 | M6: ='0805'!AA2 -> 0 | N6: ='0805'!AD2 -> 0 | O6: ='0805'!AE2 -> 0
D7: 實績平均 | F7: =AVERAGE(D14:J14) -> 116.16976 | H7: =AVERAGE(D14:H14) -> 113.54606 | J7: =AVERAGE(I14:J14) -> 122.72901
D8: 達成率平均 | F8: =AVERAGE(D15:J15) -> 0.90711008 | H8: =AVERAGE(D15:H15) -> 0.90789392 | J8: =AVERAGE(I15:J15) -> 0.90515046
J9: ※現行日本鮮食廠以達成率80%為基本(即為現行KPI)
B10: 溫層 | D10: 4度C-各編組展開
B11: 編組 | D11: 1 | E11: 2 | F11: 3 | G11: 4 | H11: 5 | I11: 6 | J11: 7
D12: 自動1線 | E12: 自動2線 | F12: 手工3線 | G12: 手工4線 | H12: 手工5線 | I12: 調理包1線 | J12: 調理包2線
B13: 人時性 | C13: 排關 | D13: =VALUE('0805'!L15) -> 151.80995 | E13: =VALUE('0805'!L26) -> 174.23077 | F13: =VALUE('0805'!L37) -> 94.230392 | G13: =VALUE('0805'!L48) -> 96.300926 | H13: =VALUE('0805'!L58) -> 106.77941 | I13: =VALUE('0805'!L69) -> 135.50707 | J13: ='0805'!L79 -> 135.67043
C14: 實績 | D14: =VALUE('0805'!O15) -> 140.83052 | E14: =VALUE('0805'!O26) -> 160.57525 | F14: =VALUE('0805'!O37) -> 82.727736 | G14: =VALUE('0805'!O48) -> 91.103988 | H14: =VALUE('0805'!O58) -> 92.492787 | I14: =VALUE('0805'!O69) -> 121.34212 | J14: ='0805'!O79 -> 124.11591
C15: 達成率 | D15: =D14/D13 -> 0.92767647 | E15: =E14/E13 -> 0.92162394 | F15: =F14/F13 -> 0.87793051 | G15: =G14/G13 -> 0.94603439 | H15: =H14/H13 -> 0.86620431 | I15: =I14/I13 -> 0.89546704 | J15: ='0805'!S70 -> 0.91483388
B16: 作業 時間 | C16: 開始 | D16: ='0805'!T5 -> 0.29166667 | E16: ='0805'!T16 -> 0.29166667 | F16: ='0805'!T27 -> 0.29166667 | G16: ='0805'!T38 -> 0.32986111 | H16: ='0805'!T49 -> 0.29166667 | I16: ='0805'!T59 -> 0.28819444 | J16: ='0805'!T70 -> 0.31458333
C17: 結束 | D17: 0.47638889 | E17: 0.58402778 | F17: 0.56527778 | G17: 0.61111111 | H17: 0.62152778 | I17: 0.47083333 | J17: 0.64236111
B18: 產線異常 (5分鐘以上) | C18: 次數 | D18: ='0805'!Z15 -> 0 | E18: ='0805'!Z26 -> 0 | F18: ='0805'!Z37 -> 0 | G18: ='0805'!Z48 -> 0 | H18: ='0805'!Z58 -> 0 | I18: ='0805'!Z69 -> 0 | J18: ='0805'!AA79 -> 0
C19: 時間/分 | D19: ='0805'!AA15 -> 0 | E19: ='0805'!AA26 -> 0 | F19: ='0805'!AA37 -> 0 | G19: ='0805'!AA48 -> 0 | H19: ='0805'!AA58 -> 0 | I19: ='0805'!AA69 -> 0 | J19: ='0805'!AB79 -> 0
B20: 短暫停線 (5分鐘以下) | C20: 次數 | D20: ='0805'!AD15 -> 0 | E20: ='0805'!AD26 -> 0 | F20: ='0805'!AD37 -> 0 | G20: ='0805'!AD48 -> 0 | H20: ='0805'!AD58 -> 0 | I20: ='0805'!AD69 -> 0 | J20: ='0805'!AD79 -> 0
C21: 設備次數 | D21: ='0805'!AE15 -> 0 | E21: ='0805'!AE26 -> 0 | F21: ='0805'!AE37 -> 0 | G21: ='0805'!AE48 -> 0 | H21: ='0805'!AE58 -> 0 | I21: ='0805'!AE69 -> 0 | J21: ='0805'!AE79 -> 0
B22: 配置人數 | D22: =VALUE('0805'!M15) -> 14.333333 | E22: =VALUE('0805'!M26) -> 12.8 | F22: =VALUE('0805'!M37) -> 16.8 | G22: =VALUE('0805'!M48) -> 16.333333 | H22: =VALUE('0805'!M58) -> 16.5 | I22: =VALUE('0805'!M69) -> 12.333333 | J22: ='0805'!M79 -> 11.2
B23: 主要應用設備 | D23: ET-600 | E23: ET-600 | F23: ET-55 | G23: ET-55 | H23: ET-55 | I23: 八爪機
B24: 次要應用設備 | H24: 封口機
B25: 備註

Sheet 0805
A1: 長家廠4度C日報分析 | D1: 總生產量 | E1: =SUM(G5:G79) -> 55976 | F1: 營業額 | G1: =SUM(H5:H79) -> 2563762.3 | H1: 出勤人數 | I1: =M15+M26+M48+M58+M69+M79+M37 -> 100.3 | J1: 產線配置圖 | M1: 生產實績 | P1: 人時性差異分析 | T1: 日報登錄 | Z1: 合計 次數 | AA1: 合計 時間/分 | AB1: 分析說明 | AD1: 合計 次數 | AE1: 合計 設備次數 | AF1: 產能差異分析
A2: 8月5日 星期三 | D2: 人時性 | E2: =AVERAGE(O15,O26,O37,O48,O58,O69,O79) -> 116.16976 | F2: 平均廠價 | G2: =G1/E1 -> 45.801099 | H2: 多次生產數 | I2: =COUNT(I5:I79) -> 0 | Z2: =Z15+Z26+Z37+Z48+Z58+Z69+Z79 -> 0 | AA2: =AA15+AA26+AA37+AA48+AA58+AA69+AA79 -> 0 | AD2: =AD15+AD26+AD37+AD48+AD58+AD69+AD79 -> 0 | AE2: =AE15+AE26+AE37+AE48+AE58+AE69+AE79 -> 0
A3: 線別 | B3: 品類 | D3: 品名 | F3: 廠價 | G3: 生產量 | H3: 營收 | I3: 多次 生產 | J3: 人數 | K3: 產能/時 | L3: 人時性 | M3: 人數 | N3: 產能/時 | O3: 人時性 | P3: 人數 | Q3: 人時性 | R3: 達成率 | S3: 達成率平均 | T3: 生產時間 | V3: 前置、換線時間/分 | W3: 稼動時間/分 | X3: 休息時間 | Z3: 產線異常統計 (5分鐘以上) | AD3: 短暫停線統計 (5分鐘以下) | AF3: 產能/時 | AG3: 達成率 | AH3: 達成率平均
T4: 開始 | U4: 結束 | X4: 開始 | Y4: 結束 | Z4: 次數 | AA4: 時間/分 | AD4: 總次數 | AE4: 設備因素(次數)
A5: 自動一線 (ET-600) | B5: 義大利麵 | D5: 羅馬黑胡椒起司義大利麵 | F5: =VLOOKUP(D5,廠價表!$C$1:$E$43,3,0) -> 50.67 | G5: 1592 | H5: =F5*G5 -> 80666.64 | J5: =VLOOKUP(D5,產線配置圖!$A$3:$C$40,2,0) -> 17 | K5: =VLOOKUP(D5,產線配置圖!$A$3:$C$40,3,0) -> 2250 | L5: =K5/J5 -> 132.35294 | M5: 16 | N5: =G5/W5*60 -> 1990 | O5: =N5/M5 -> 124.375 | P5: =M5-J5 -> -1 | Q5: =O5-L5 -> -7.9779412 | R5: =O5/L5 -> 0.93972222 | S5: =R15 -> 0.92767647 | T5: 0.29166667 | U5: 0.325 | W5: =(U5-T5)*24*60 -> 48 | AF5: =N5-K5 -> -260 | AG5: =N5/K5 -> 0.88444444 | AH5: =AG15 -> 0.89009443
B6: 義大利麵 | D6: 香煎魚排佐檸檬奶油義大利麵 | F6: =VLOOKUP(D6,廠價表!$C$1:$E$43,3,0) -> 58.17 | G6: 1415 | H6: =F6*G6 -> 82310.55 | J6: =VLOOKUP(D6,產線配置圖!$A$3:$C$40,2,0) -> 13 | K6: =VLOOKUP(D6,產線配置圖!$A$3:$C$40,3,0) -> 2250 | L6: =K6/J6 -> 173.07692 | M6: 13 | N6: =G6/W6*60 -> 2021.4286 | O6: =N6/M6 -> 155.49451 | P6: =M6-J6 -> 0 | Q6: =O6-L6 -> -17.582418 | R6: =O6/L6 -> 0.8984127 | T6: 0.33055556 | U6: 0.35972222 | V6: =(T6-U5)*24*60 -> 8 | W6: =(U6-T6)*24*60 -> 42 | AF6: =N6-K6 -> -228.57143 | AG6: =N6/K6 -> 0.8984127
B7: 義大利麵 | D7: 奶油培根義大利麵 | F7: =VLOOKUP(D7,廠價表!$C$1:$E$43,3,0) -> 49.14 | G7: 5258 | H7: =F7*G7 -> 258378.12 | J7: =VLOOKUP(D7,產線配置圖!$A$3:$C$40,2,0) -> 15 | K7: =VLOOKUP(D7,產線配置圖!$A$3:$C$40,3,0) -> 2250 | L7: =K7/J7 -> 150 | M7: 14 | N7: =G7/W7*60 -> 1996.7089 | O7: =N7/M7 -> 142.62206 | P7: =M7-J7 -> -1 | Q7: =O7-L7 -> -7.3779385 | R7: =O7/L7 -> 0.95081374 | T7: 0.36666667 | U7: 0.47638889 | V7: =(T7-U6)*24*60 -> 10 | W7: =(U7-T7)*24*60 -> 158 | AF7: =N7-K7 -> -253.29114 | AG7: =N7/K7 -> 0.88742616
W8: =(U8-T8)*24*60 -> 0 | AF8: =N8-K8 -> 0 | AG8: =N8/K8 -> #DIV/0!
W9: =(U9-T9)*24*60 -> 0 | AF9: =N9-K9 -> 0 | AG9: =N9/K9 -> #DIV/0!
W10: =(U10-T10)*24*60 -> 0 | AF10: =N10-K10 -> 0 | AG10: =N10/K10 -> #DIV/0!
W11: =(U11-T11)*24*60 -> 0 | AF11: =N11-K11 -> 0 | AG11: =N11/K11 -> #DIV/0!
W12: =(U12-T12)*24*60 -> 0
W13: =(U13-T13)*24*60 -> 0
W14: =(U14-T14)*24*60 -> 0
C15: 4度一組 | D15: 平均 | J15: =AVERAGE(J5:J14) -> 15 | K15: =AVERAGE(K5:K14) -> 2250 | L15: =AVERAGE(L5:L14) -> 151.80995 | M15: =AVERAGE(M5:M14) -> 14.333333 | N15: =AVERAGE(N5:N14) -> 2002.7125 | O15: =AVERAGE(O5:O14) -> 140.83052 | P15: =M15-J15 -> -0.66666667 | Q15: =O15-L15 -> -10.979432 | R15: =O15/L15 -> 0.92767647 | Z15: =SUM(Z5:Z14) -> 0 | AA15: =SUM(AA5:AA14) -> 0 | AD15: =SUM(AD5:AD14) -> 0 | AE15: =SUM(AE5:AE14) -> 0 | AF15: =N15-K15 -> -247.28752 | AG15: =N15/K15 -> 0.89009443
A16: 自動二線 (ET-600) | B16: 義大利麵 | D16: 青醬蛤蜊義大利麵 | F16: =VLOOKUP(D16,廠價表!$C$1:$E$43,3,0) -> 50.67 | G16: 2003 | H16: =F16*G16 -> 101492.01 | J16: =VLOOKUP(D16,產線配置圖!$A$3:$C$40,2,0) -> 13 | K16: =VLOOKUP(D16,產線配置圖!$A$3:$C$40,3,0) -> 2250 | L16: =K16/J16 -> 173.07692 | M16: 13 | N16: =G16/W16*60 -> 2146.0714 | O16: =N16/M16 -> 165.08242 | P16: =M16-J16 -> 0 | Q16: =O16-L16 -> -7.9945055 | R16: =O16/L16 -> 0.95380952 | S16: =R26 -> 0.92162394 | T16: 0.29166667 | U16: 0.33055556 | W16: =(U16-T16)*24*60 -> 56 | AF16: =N16-K16 -> -103.92857 | AG16: =N16/K16 -> 0.95380952 | AH16: =AG26 -> 0.91044546
B17: 義大利麵 | D17: 白酒清炒鮮蛤義大利麵 | F17: =VLOOKUP(D17,廠價表!$C$1:$E$43,3,0) -> 56.87 | G17: 2722 | H17: =F17*G17 -> 154800.14 | J17: =VLOOKUP(D17,產線配置圖!$A$3:$C$40,2,0) -> 15 | K17: =VLOOKUP(D17,產線配置圖!$A$3:$C$40,3,0) -> 2250 | L17: =K17/J17 -> 150 | M17: 14 | N17: =G17/W17*60 -> 2016.2963 | O17: =N17/M17 -> 144.02116 | P17: =M17-J17 -> -1 | Q17: =O17-L17 -> -5.978836 | R17: =O17/L17 -> 0.96014109 | T17: 0.33611111 | U17: 0.39236111 | V17: =(T17-U16)*24*60 -> 8 | W17: =(U17-T17)*24*60 -> 81 | AF17: =N17-K17 -> -233.7037 | AG17: =N17/K17 -> 0.89613169
B18: 義大利麵 | D18: 義式蕃茄起司義大利麵 | F18: =VLOOKUP(D18,廠價表!$C$1:$E$43,3,0) -> 50.39 | G18: 4107 | H18: =F18*G18 -> 206951.73 | J18: =VLOOKUP(D18,產線配置圖!$A$3:$C$40,2,0) -> 12 | K18: =VLOOKUP(D18,產線配置圖!$A$3:$C$40,3,0) -> 2250 | L18: =K18/J18 -> 187.5 | M18: 12 | N18: =G18/W18*60 -> 2124.3103 | O18: =N18/M18 -> 177.02586 | P18: =M18-J18 -> 0 | Q18: =O18-L18 -> -10.474138 | R18: =O18/L18 -> 0.94413793 | T18: 0.39861111 | U18: 0.47916667 | V18: =(T18-U17)*24*60 -> 9 | W18: =(U18-T18)*24*60 -> 116 | AF18: =N18-K18 -> -125.68966 | AG18: =N18/K18 -> 0.94413793
B19: 義大利麵 | D19: 義式蕃茄起司義大利麵 | F19: =VLOOKUP(D19,廠價表!$C$1:$E$43,3,0) -> 50.39 | G19: 518 | H19: =F19*G19 -> 26102.02 | J19: =VLOOKUP(D19,產線配置圖!$A$3:$C$40,2,0) -> 12 | K19: =VLOOKUP(D19,產線配置圖!$A$3:$C$40,3,0) -> 2250 | L19: =K19/J19 -> 187.5 | M19: 12 | N19: =G19/W19*60 -> 1942.5 | O19: =N19/M19 -> 161.875 | P19: =M19-J19 -> 0 | Q19: =O19-L19 -> -25.625 | R19: =O19/L19 -> 0.86333333 | T19: 0.54166667 | U19: 0.55277778 | V19: =(T19-U18)*24*60 -> 90 | W19: =(U19-T19)*24*60 -> 16 | AF19: =N19-K19 -> -307.5 | AG19: =N19/K19 -> 0.86333333
B20: 義大利麵 | D20: 青醬蛤蜊義大利麵 | F20: =VLOOKUP(D20,廠價表!$C$1:$E$43,3,0) -> 50.67 | G20: 1208 | H20: =F20*G20 -> 61209.36 | J20: =VLOOKUP(D20,產線配置圖!$A$3:$C$40,2,0) -> 13 | K20: =VLOOKUP(D20,產線配置圖!$A$3:$C$40,3,0) -> 2250 | L20: =K20/J20 -> 173.07692 | M20: 13 | N20: =G20/W20*60 -> 2013.3333 | O20: =N20/M20 -> 154.87179 | P20: =M20-J20 -> 0 | Q20: =O20-L20 -> -18.205128 | R20: =O20/L20 -> 0.89481481 | T20: 0.55902778 | U20: 0.58402778 | V20: =(T20-U19)*24*60 -> 9 | W20: =(U20-T20)*24*60 -> 36
W21: =(U21-T21)*24*60 -> 0
W22: 0
W23: =(U23-T23)*24*60 -> 0
H24: =F24*G24 -> 0 | W24: =(U24-T24)*24*60 -> 0
H25: =F25*G25 -> 0 | W25: =(U25-T25)*24*60 -> 0
C26: 4度二組A | D26: 平均 | J26: =AVERAGE(J16:J25) -> 13 | K26: =AVERAGE(K16:K25) -> 2250 | L26: =AVERAGE(L16:L25) -> 174.23077 | M26: =AVERAGE(M16:M25) -> 12.8 | N26: =AVERAGE(N16:N25) -> 2048.5023 | O26: =AVERAGE(O16:O25) -> 160.57525 | P26: =M26-J26 -> -0.2 | Q26: =O26-L26 -> -13.655522 | R26: =O26/L26 -> 0.92162394 | Z26: =SUM(Z16:Z25) -> 0 | AA26: =SUM(AA16:AA25) -> 0 | AD26: =SUM(AD16:AD25) -> 0 | AE26: =SUM(AE16:AE25) -> 0 | AF26: =N26-K26 -> -201.49772 | AG26: =N26/K26 -> 0.91044546
A27: 手工三線 (ET-55) | B27: 義大利麵 | D27: 蕃茄莎莎海鮮冷義大利麵 | F27: =VLOOKUP(D27,廠價表!$C$1:$E$43,3,0) -> 46.34 | G27: 1940 | H27: =F27*G27 -> 89899.6 | J27: =VLOOKUP(D27,產線配置圖!$A$3:$C$40,2,0) -> 16 | K27: =VLOOKUP(D27,產線配置圖!$A$3:$C$40,3,0) -> 1636 | L27: =K27/J27 -> 102.25 | M27: 16 | N27: =G27/W27*60 -> 1385.7143 | O27: =N27/M27 -> 86.607143 | P27: =M27-J27 -> 0 | Q27: =O27-L27 -> -15.642857 | R27: =O27/L27 -> 0.84701362 | S27: =R37 -> 0.87793051 | T27: 0.29166667 | U27: 0.35 | W27: =(U27-T27)*24*60 -> 84 | AF27: =N27-K27 -> -250.28571 | AG27: =N27/K27 -> 0.84701362 | AH27: =AG37 -> 0.84736097
B28: 義大利麵 | D28: 義式蛋蛋青醬鮪魚冷義大利麵 | F28: =VLOOKUP(D28,廠價表!$C$1:$E$43,3,0) -> 45.66 | G28: 1294 | H28: =F28*G28 -> 59084.04 | J28: =VLOOKUP(D28,產線配置圖!$A$3:$C$40,2,0) -> 17 | K28: =VLOOKUP(D28,產線配置圖!$A$3:$C$40,3,0) -> 1636 | L28: =K28/J28 -> 96.235294 | M28: 16 | N28: =G28/W28*60 -> 1437.7778 | O28: =N28/M28 -> 89.861111 | P28: =M28-J28 -> -1 | Q28: =O28-L28 -> -6.374183 | R28: =O28/L28 -> 0.9337646 | T28: 0.35486111 | U28: 0.39236111 | V28: =(T28-U27)*24*60 -> 7 | W28: =(U28-T28)*24*60 -> 54 | AF28: =N28-K28 -> -198.22222 | AG28: =N28/K28 -> 0.87883727
B29: 義大利麵 | D29: 奶油鮮蝦明太子細扁麵 | F29: =VLOOKUP(D29,廠價表!$C$1:$E$43,3,0) -> 57.21 | G29: 1232 | H29: =F29*G29 -> 70482.72 | J29: =VLOOKUP(D29,產線配置圖!$A$3:$C$40,2,0) -> 18 | K29: =VLOOKUP(D29,產線配置圖!$A$3:$C$40,3,0) -> 1636 | L29: =K29/J29 -> 90.888889 | M29: 17 | N29: =G29/W29*60 -> 1394.717 | O29: =N29/M29 -> 82.042175 | P29: =M29-J29 -> -1 | Q29: =O29-L29 -> -8.8467135 | R29: =O29/L29 -> 0.90266452 | T29: 0.39722222 | U29: 0.43402778 | V29: =(T29-U28)*24*60 -> 7 | W29: =(U29-T29)*24*60 -> 53 | AF29: =N29-K29 -> -241.28302 | AG29: =N29/K29 -> 0.85251649
B30: 義大利麵 | D30: 金沙豆腐義大利麵 | F30: =VLOOKUP(D30,廠價表!$C$1:$E$43,3,0) -> 49.91 | G30: 1031 | H30: =F30*G30 -> 51457.21 | J30: =VLOOKUP(D30,產線配置圖!$A$3:$C$40,2,0) -> 18 | K30: 1636 | L30: =K30/J30 -> 90.888889 | M30: 17 | N30: =G30/W30*60 -> 1344.7826 | O30: =N30/M30 -> 79.104859 | P30: =M30-J30 -> -1 | Q30: =O30-L30 -> -11.78403 | R30: =O30/L30 -> 0.87034686 | T30: 0.4375 | U30: 0.46944444 | V30: =(T30-U29)*24*60 -> 5 | W30: =(U30-T30)*24*60 -> 46 | AF30: =N30-K30 -> -291.21739 | AG30: =N30/K30 -> 0.82199426
B31: 義大利麵 | D31: 金沙豆腐義大利麵 | F31: =VLOOKUP(D31,廠價表!$C$1:$E$43,3,0) -> 49.91 | G31: 1300 | H31: =F31*G31 -> 64883 | J31: =VLOOKUP(D31,產線配置圖!$A$3:$C$40,2,0) -> 18 | K31: 1636 | L31: =K31/J31 -> 90.888889 | M31: 18 | N31: =G31/W31*60 -> 1368.4211 | O31: =N31/M31 -> 76.023392 | P31: =M31-J31 -> 0 | Q31: =O31-L31 -> -14.865497 | R31: =O31/L31 -> 0.83644319 | T31: 0.52569444 | U31: 0.56527778 | V31: =(T31-U30)*24*60 -> 81 | W31: =(U31-T31)*24*60 -> 57 | AF31: =N31-K31 -> -267.57895 | AG31: =N31/K31 -> 0.83644319
W32: =(U32-T32)*24*60 -> 0
W33: =(U33-T33)*24*60 -> 0
W34: =(U34-T34)*24*60 -> 0
W35: =(U35-T35)*24*60 -> 0
H36: =F36*G36 -> 0 | W36: =(U36-T36)*24*60 -> 0
C37: 4度二組B | D37: 平均 | J37: =AVERAGE(J27:J36) -> 17.4 | K37: =AVERAGE(K27:K36) -> 1636 | L37: =AVERAGE(L27:L36) -> 94.230392 | M37: =AVERAGE(M27:M36) -> 16.8 | N37: =AVERAGE(N27:N36) -> 1386.2825 | O37: =AVERAGE(O27:O36) -> 82.727736 | P37: =M37-J37 -> -0.6 | Q37: =N37-K37 -> -249.71746 | R37: =O37/L37 -> 0.87793051 | Z37: =SUM(Z27:Z36) -> 0 | AA37: =SUM(AA27:AA36) -> 0 | AD37: =SUM(AD27:AD36) -> 0 | AE37: =SUM(AE27:AE36) -> 0 | AF37: =N37-K37 -> -249.71746 | AG37: =N37/K37 -> 0.84736097
A38: 手工四線 (ET-55) | B38: 熱乾麵 | D38: 青花椒麻雞肉拌麵 | F38: =VLOOKUP(D38,廠價表!$C$1:$E$43,3,0) -> 49.91 | G38: 2456 | H38: =F38*G38 -> 122578.96 | J38: =VLOOKUP(D38,產線配置圖!$A$3:$C$40,2,0) -> 16 | K38: =VLOOKUP(D38,產線配置圖!$A$3:$C$40,3,0) -> 1714 | L38: =K38/J38 -> 107.125 | M38: 15 | N38: =G38/W38*60 -> 1519.1753 | O38: =N38/M38 -> 101.27835 | P38: =M38-J38 -> -1 | Q38: =O38-L38 -> -5.8466495 | R38: =O38/L38 -> 0.94542218 | S38: =R48 -> 0.94603439 | T38: 0.32986111 | U38: 0.39722222 | W38: =(U38-T38)*24*60 -> 97 | AF38: =N38-K38 -> -194.82474 | AG38: =N38/K38 -> 0.88633329 | AH38: =AG48 -> 0.89124482
B39: 熱乾麵 | D39: 府城鹽水意麵 | F39: =VLOOKUP(D39,廠價表!$C$1:$E$43,3,0) -> 44.3 | G39: 2706 | H39: =F39*G39 -> 119875.8 | J39: =VLOOKUP(D39,產線配置圖!$A$3:$C$40,2,0) -> 18 | K39: =VLOOKUP(D39,產線配置圖!$A$3:$C$40,3,0) -> 1636 | L39: =K39/J39 -> 90.888889 | M39: 17 | N39: =G39/W39*60 -> 1476 | O39: =N39/M39 -> 86.823529 | P39: =M39-J39 -> -1 | Q39: =O39-L39 -> -4.0653595 | R39: =O39/L39 -> 0.95527111 | T39: 0.40277778 | U39: 0.47916667 | V39: =(T39-U38)*24*60 -> 8 | W39: =(U39-T39)*24*60 -> 110 | AF39: =N39-K39 -> -160 | AG39: =N39/K39 -> 0.90220049
B40: 熱乾麵 | D40: 府城鹽水意麵 | F40: =VLOOKUP(D40,廠價表!$C$1:$E$43,3,0) -> 44.3 | G40: 2535 | H40: =F40*G40 -> 112300.5 | J40: =VLOOKUP(D40,產線配置圖!$A$3:$C$40,2,0) -> 18 | K40: =VLOOKUP(D40,產線配置圖!$A$3:$C$40,3,0) -> 1636 | L40: =K40/J40 -> 90.888889 | M40: 17 | N40: =G40/W40*60 -> 1448.5714 | O40: =N40/M40 -> 85.210084 | P40: =M40-J40 -> -1 | Q40: =O40-L40 -> -5.6788049 | R40: =O40/L40 -> 0.93751926 | T40: 0.53819444 | U40: 0.61111111 | V40: =(T40-U39)*24*60 -> 85 | W40: =(U40-T40)*24*60 -> 105 | AF40: =N40-K40 -> -187.42857 | AG40: =N40/K40 -> 0.88543486
W41: =(U41-T41)*24*60 -> 0 | AF41: =N41-K41 -> 0 | AG41: =N41/K41 -> #DIV/0!
W42: =(U42-T42)*24*60 -> 0
W43: =(U43-T43)*24*60 -> 0
W44: =(U44-T44)*24*60 -> 0
W45: =(U45-T45)*24*60 -> 0
W46: =(U46-T46)*24*60 -> 0
H47: =F47*G47 -> 0 | W47: =(U47-T47)*24*60 -> 0
C48: 4度二組C1 | D48: 平均 | J48: =AVERAGE(J38:J47) -> 17.333333 | K48: =AVERAGE(K38:K47) -> 1662 | L48: =AVERAGE(L38:L47) -> 96.300926 | M48: =AVERAGE(M38:M47) -> 16.333333 | N48: =AVERAGE(N38:N47) -> 1481.2489 | O48: =AVERAGE(O38:O47) -> 91.103988 | P48: =M48-J48 -> -1 | Q48: =N48-K48 -> -180.7511 | R48: =O48/L48 -> 0.94603439 | W48: =(U48-T48)*24*60 -> 0 | Z48: =SUM(Z38:Z47) -> 0 | AA48: =SUM(AA38:AA47) -> 0 | AD48: =SUM(AD38:AD47) -> 0 | AE48: =SUM(AE38:AE47) -> 0 | AF48: =N48-K48 -> -180.7511 | AG48: =N48/K48 -> 0.89124482
A49: 手工五線 (ET-55) | B49: 熱乾麵 | D49: 沙茶豬肉炒麵 | F49: =VLOOKUP(D49,廠價表!$C$1:$E$43,3,0) -> 49.52 | G49: 2271 | H49: =F49*G49 -> 112459.92 | J49: =VLOOKUP(D49,產線配置圖!$A$3:$C$40,2,0) -> 17 | K49: =VLOOKUP(D49,產線配置圖!$A$3:$C$40,3,0) -> 1800 | L49: =K49/J49 -> 105.88235 | M49: 17 | N49: =G49/W49*60 -> 1703.25 | O49: =N49/M49 -> 100.19118 | P49: =M49-J49 -> 0 | Q49: =O49-L49 -> -5.6911765 | R49: =O49/L49 -> 0.94625 | S49: =R58 -> 0.86620431 | T49: 0.29166667 | U49: 0.34722222 | W49: =(U49-T49)*24*60 -> 80 | AF49: =N49-K49 -> -96.75 | AG49: =N49/K49 -> 0.94625 | AH49: =AG58 -> 0.86680737
B50: 義大利麵 | D50: 黑松露野菇義大利麵 | F50: =VLOOKUP(D50,廠價表!$C$1:$E$43,3,0) -> 50.289 | G50: 2085 | H50: =F50*G50 -> 104852.57 | J50: =VLOOKUP(D50,產線配置圖!$A$3:$C$40,2,0) -> 17 | K50: =VLOOKUP(D50,產線配置圖!$A$3:$C$40,3,0) -> 1636 | L50: =K50/J50 -> 96.235294 | M50: 17 | N50: =G50/W50*60 -> 1345.1613 | O50: =N50/M50 -> 79.127135 | P50: =M50-J50 -> 0 | Q50: =O50-L50 -> -17.108159 | R50: =O50/L50 -> 0.82222573 | T50: 0.35208333 | U50: 0.41666667 | V50: =(T50-U49)*24*60 -> 7 | W50: =(U50-T50)*24*60 -> 93 | AF50: =N50-K50 -> -290.83871 | AG50: =N50/K50 -> 0.82222573
B51: 義大利麵 | D51: 焗烤起司雙饗筆尖麵 | F51: =VLOOKUP(D51,廠價表!$C$1:$E$43,3,0) -> 49.97 | G51: 1695 | H51: =F51*G51 -> 84699.15 | J51: =VLOOKUP(D51,產線配置圖!$A$3:$C$40,2,0) -> 16 | K51: =VLOOKUP(D51,產線配置圖!$A$3:$C$40,3,0) -> 1800 | L51: =K51/J51 -> 112.5 | M51: 16 | N51: =G51/W51*60 -> 1495.5882 | O51: =N51/M51 -> 93.474265 | P51: =M51-J51 -> 0 | Q51: =O51-L51 -> -19.025735 | R51: =O51/L51 -> 0.83088235 | T51: 0.42152778 | U51: 0.46875 | V51: =(T51-U50)*24*60 -> 7 | W51: =(U51-T51)*24*60 -> 68 | AF51: =N51-K51 -> -304.41176 | AG51: =N51/K51 -> 0.83088235
B52: 義大利麵 | D52: 焗烤起司雙饗筆尖麵 | F52: =VLOOKUP(D52,廠價表!$C$1:$E$43,3,0) -> 49.97 | G52: 3628 | H52: =F52*G52 -> 181291.16 | J52: =VLOOKUP(D52,產線配置圖!$A$3:$C$40,2,0) -> 16 | K52: =VLOOKUP(D52,產線配置圖!$A$3:$C$40,3,0) -> 1800 | L52: =K52/J52 -> 112.5 | M52: 16 | N52: =G52/W52*60 -> 1554.8571 | O52: =N52/M52 -> 97.178571 | P52: =M52-J52 -> 0 | Q52: =O52-L52 -> -15.321429 | R52: =O52/L52 -> 0.86380952 | T52: 0.52430556 | U52: 0.62152778 | V52: =(T52-U51)*24*60 -> 80 | W52: =(U52-T52)*24*60 -> 140 | AF52: =N52-K52 -> -245.14286 | AG52: =N52/K52 -> 0.86380952
W53: =(U53-T53)*24*60 -> 0 | AF53: =N53-K53 -> 0 | AG53: =N53/K53 -> #DIV/0!
W54: =(U54-T54)*24*60 -> 0
W55: =(U55-T55)*24*60 -> 0
W56: =(U56-T56)*24*60 -> 0
W57: =(U57-T57)*24*60 -> 0
C58: 4度二組C2 | D58: 平均 | J58: =AVERAGE(J49:J57) -> 16.5 | K58: =AVERAGE(K49:K57) -> 1759 | L58: =AVERAGE(L49:L57) -> 106.77941 | M58: =AVERAGE(M49:M57) -> 16.5 | N58: =AVERAGE(N49:N57) -> 1524.7142 | O58: =AVERAGE(O49:O57) -> 92.492787 | P58: =M58-J58 -> 0 | Q58: =N58-K58 -> -234.28583 | R58: =O58/L58 -> 0.86620431 | Z58: =SUM(Z49:Z57) -> 0 | AA58: =SUM(AA49:AA57) -> 0 | AD58: =SUM(AD49:AD57) -> 0 | AE58: =SUM(AE49:AE57) -> 0 | AF58: =N58-K58 -> -234.28583 | AG58: =N58/K58 -> 0.86680737
A59: 調理包一線 (八爪機) | B59: 小吃、微波 | D59: 小滷青蔬 | F59: =VLOOKUP(D59,廠價表!$C$1:$E$43,3,0) -> 26.99 | G59: 3237 | H59: =F59*G59 -> 87366.63 | J59: =VLOOKUP(D59,產線配置圖!$A$3:$C$40,2,0) -> 15 | K59: =VLOOKUP(D59,產線配置圖!$A$3:$C$40,3,0) -> 1636 | L59: =K59/J59 -> 109.06667 | M59: 15 | N59: =G59/W59*60 -> 1553.76 | O59: =N59/M59 -> 103.584 | P59: =M59-J59 -> 0 | Q59: =O59-L59 -> -5.4826667 | R59: =O59/L59 -> 0.94973105 | S59: =R69 -> 0.89546704 | T59: 0.28819444 | U59: 0.375 | W59: =(U59-T59)*24*60 -> 125 | AF59: =N59-K59 -> -82.24 | AG59: =N59/K59 -> 0.94973105 | AH59: =AG69 -> 0.90029051
B60: 小吃、微波 | D60: 起司馬鈴薯 | F60: =VLOOKUP(D60,廠價表!$C$1:$E$43,3,0) -> 28.26 | G60: 1417 | H60: =F60*G60 -> 40044.42 | J60: =VLOOKUP(D60,產線配置圖!$A$3:$C$40,2,0) -> 11 | K60: =VLOOKUP(D60,產線配置圖!$A$3:$C$40,3,0) -> 1636 | L60: =K60/J60 -> 148.72727 | M60: 11 | N60: =G60/W60*60 -> 1545.8182 | O60: =N60/M60 -> 140.52893 | P60: =M60-J60 -> 0 | Q60: =O60-L60 -> -8.1983471 | R60: =O60/L60 -> 0.94487664 | T60: 0.38194444 | U60: 0.42013889 | V60: =(T60-U59)*24*60 -> 10 | W60: =(U60-T60)*24*60 -> 55 | AF60: =N60-K60 -> -90.181818 | AG60: =N60/K60 -> 0.94487664
B61: 小吃、微波 | D61: 韓式炒冬粉 | F61: =VLOOKUP(D61,廠價表!$C$1:$E$43,3,0) -> 28.26 | G61: 1385 | H61: =F61*G61 -> 39140.1 | J61: =VLOOKUP(D61,產線配置圖!$A$3:$C$40,2,0) -> 11 | K61: =VLOOKUP(D61,產線配置圖!$A$3:$C$40,3,0) -> 1636 | L61: =K61/J61 -> 148.72727 | M61: 11 | N61: =G61/W61*60 -> 1319.0476 | O61: =N61/M61 -> 119.91342 | P61: =M61-J61 -> 0 | Q61: =O61-L61 -> -28.813853 | R61: =O61/L61 -> 0.80626383 | T61: 0.42708333 | U61: 0.47083333 | V61: =(T61-U60)*24*60 -> 10 | W61: =(U61-T61)*24*60 -> 63 | AF61: =N61-K61 -> -316.95238 | AG61: =N61/K61 -> 0.80626383
W62: =(U62-T62)*24*60 -> 0 | AF62: =N62-K62 -> 0 | AG62: =N62/K62 -> #DIV/0!
W63: =(U63-T63)*24*60 -> 0
W64: =(U64-T64)*24*60 -> 0
W65: =(U65-T65)*24*60 -> 0
W66: =(U66-T66)*24*60 -> 0
W67: =(U67-T67)*24*60 -> 0
H68: =F68*G68 -> 0 | W68: =(U68-T68)*24*60 -> 0
C69: 4度三組 | D69: 平均 | J69: =AVERAGE(J59:J68) -> 12.333333 | K69: =AVERAGE(K59:K68) -> 1636 | L69: =AVERAGE(L59:L68) -> 135.50707 | M69: =AVERAGE(M59:M68) -> 12.333333 | N69: =AVERAGE(N59:N68) -> 1472.8753 | O69: =AVERAGE(O59:O68) -> 121.34212 | P69: =M69-J69 -> 0 | Q69: =N69-K69 -> -163.12473 | R69: =O69/L69 -> 0.89546704 | Z69: =SUM(Z59:Z68) -> 0 | AA69: =SUM(AA59:AA68) -> 0 | AD69: =SUM(AD59:AD68) -> 0 | AE69: =SUM(AE59:AE68) -> 0 | AF69: =N69-K69 -> -163.12473 | AG69: =N69/K69 -> 0.90029051
A70: 調理包二線 (手工) | B70: 義大利麵 | D70: 鱈魚粉紅青醬筆尖麵 | F70: =VLOOKUP(D70,廠價表!$C$1:$E$43,3,0) -> 43.89 | G70: 898 | H70: =F70*G70 -> 39413.22 | J70: =VLOOKUP(D70,產線配置圖!$A$3:$C$40,2,0) -> 14 | K70: =VLOOKUP(D70,產線配置圖!$A$3:$C$40,3,0) -> 1565 | L70: =K70/J70 -> 111.78571 | M70: 11 | N70: =G70/W70*60 -> 1197.3333 | O70: =N70/M70 -> 108.84848 | P70: =M70-J70 -> -3 | Q70: =O70-L70 -> -2.9372294 | R70: =O70/L70 -> 0.97372447 | S70: =R79 -> 0.91483388 | T70: 0.31458333 | U70: 0.34583333 | W70: =(U70-T70)*24*60 -> 45 | AF70: =N70-K70 -> -367.66667 | AG70: =N70/K70 -> 0.76506922 | AH70: =AG79 -> 0.85693256
B71: 小吃、微波 | D71: 麻辣雞心 | F71: =VLOOKUP(D71,廠價表!$C$1:$E$43,3,0) -> 28.26 | G71: 417 | H71: =F71*G71 -> 11784.42 | J71: =VLOOKUP(D71,產線配置圖!$A$3:$C$40,2,0) -> 11 | K71: =VLOOKUP(D71,產線配置圖!$A$3:$C$40,3,0) -> 1636 | L71: =K71/J71 -> 148.72727 | M71: 10 | N71: =G71/W71*60 -> 1316.8421 | O71: =N71/M71 -> 131.68421 | P71: =M71-J71 -> -1 | Q71: =O71-L71 -> -17.043062 | R71: =O71/L71 -> 0.88540728 | T71: 0.35277778 | U71: 0.36597222 | V71: =(T71-U70)*24*60 -> 10 | W71: =(U71-T71)*24*60 -> 19 | AF71: -300.3125 | AG71: 0.80810703
B72: 義大利麵 | D72: 番茄蘑菇義大利麵 | F72: =VLOOKUP(D72,廠價表!$C$1:$E$43,3,0) -> 43.89 | G72: 2639 | H72: =F72*G72 -> 115825.71 | J72: =VLOOKUP(D72,產線配置圖!$A$3:$C$40,2,0) -> 13 | K72: =VLOOKUP(D72,產線配置圖!$A$3:$C$40,3,0) -> 1565 | L72: =K72/J72 -> 120.38462 | M72: 13 | N72: =G72/W72*60 -> 1256.6667 | O72: =N72/M72 -> 96.666667 | P72: =M72-J72 -> 0 | Q72: =O72-L72 -> -23.717949 | R72: =O72/L72 -> 0.8029819 | T72: 0.37291667 | U72: 0.46041667 | V72: =(T72-U71)*24*60 -> 10 | W72: =(U72-T72)*24*60 -> 126 | AF72: -130.33333 | AG72: 0.91671991
B73: 小吃、微波 | D73: 麻辣雞心 | F73: =VLOOKUP(D73,廠價表!$C$1:$E$43,3,0) -> 28.26 | G73: 1555 | H73: =F73*G73 -> 43944.3 | J73: =VLOOKUP(D73,產線配置圖!$A$3:$C$40,2,0) -> 11 | K73: =VLOOKUP(D73,產線配置圖!$A$3:$C$40,3,0) -> 1636 | L73: =K73/J73 -> 148.72727 | M73: 11 | N73: =G73/W73*60 -> 1555 | O73: =N73/M73 -> 141.36364 | P73: =M73-J73 -> 0 | Q73: =O73-L73 -> -7.3636364 | R73: =O73/L73 -> 0.950489 | T73: 0.53472222 | U73: 0.57638889 | V73: =(T73-U72)*24*60 -> 107 | W73: =(U73-T73)*24*60 -> 60
B74: 小吃、微波 | D74: 麻辣雞心 | F74: =VLOOKUP(D74,廠價表!$C$1:$E$43,3,0) -> 28.26 | G74: 1432 | H74: =F74*G74 -> 40468.32 | J74: =VLOOKUP(D74,產線配置圖!$A$3:$C$40,2,0) -> 11 | K74: =VLOOKUP(D74,產線配置圖!$A$3:$C$40,3,0) -> 1636 | L74: =K74/J74 -> 148.72727 | M74: 11 | N74: =G74/W74*60 -> 1562.1818 | O74: =N74/M74 -> 142.01653 | P74: =M74-J74 -> 0 | Q74: =O74-L74 -> -6.7107438 | R74: =O74/L74 -> 0.95487886 | T74: 0.60416667 | U74: 0.64236111 | V74: =(T74-U73)*24*60 -> 40 | W74: =(U74-T74)*24*60 -> 55 | AB74: 14:05-14:25試產
W75: =(U75-T75)*24*60 -> 0
W76: =(U76-T76)*24*60 -> 0
W77: =(U77-T77)*24*60 -> 0
H78: =F78*G78 -> 0 | W78: =(U78-T78)*24*60 -> 0
C79: 4度四組 | D79: 平均 | J79: =AVERAGE(J70:J78) -> 12 | K79: =AVERAGE(K70:K78) -> 1607.6 | L79: =AVERAGE(L70:L78) -> 135.67043 | M79: =AVERAGE(M70:M78) -> 11.2 | N79: =AVERAGE(N70:N78) -> 1377.6048 | O79: =AVERAGE(O70:O78) -> 124.11591 | P79: =M79-J79 -> -0.8 | Q79: =N79-K79 -> -229.99522 | R79: =O79/L79 -> 0.91483388 | Z79: =SUM(Z70:Z78) -> 0 | AA79: =SUM(AA70:AA78) -> 0 | AD79: =SUM(AD70:AD78) -> 0 | AE79: =SUM(AE70:AE78) -> 0 | AF79: =N79-K79 -> -229.99522 | AG79: =N79/K79 -> 0.85693256
AJ80: 1.當日出勤人數較多
AJ81: 2.當日出勤人數較少
AJ82: 3.當日出勤熟手較少
AJ83: 4.當日出勤新人較多
AJ84: 5.機台夾盒
AJ85: 6.封膜不順
AJ86: 7.更換膠膜
AJ87: 8.更換碳帶
AJ88: 9.當日熱轉印碳帶異常
AJ89: 10.訂單量過少
AJ90: 11.新品上市，尚未熟悉
AJ91: 12.商品結構，產能較低
AJ92: 13.區域出貨，分段生產

Sheet 0806總
B1: 長家廠組合室生產人時性分析
B3: 日期 | D3: =DATE(2026,8,6) -> 46240 | F3: 訂單量 | G3: ='0806'!E1 -> 54231 | I3: 營業額 | J3: ='0806'!G1 -> 2525631.3
B4: 項目 | D4: 3 | F4: ➀ | H4: ➁ | J4: ③ | L4: 異常停線 | N4: 短暫停線
B5: 人時性 | D5: 組合室 | F5: 全溫層 | H5: 義大利麵 | J5: 袋裝小吃、義麵 | L5: 合計次數 | M5: 時間 | N5: 合計次數 | O5: 設備次數
D6: 排關平均 | F6: =AVERAGE(D13:J13) -> 125.85086 | H6: =AVERAGE(D13:H13) -> 124.57979 | J6: =AVERAGE(I13:J13) -> 129.02853 | L6: ='0806'!Z2 -> 0 | M6: ='0806'!AA2 -> 0 | N6: ='0806'!AD2 -> 0 | O6: ='0806'!AE2 -> 0
D7: 實績平均 | F7: =AVERAGE(D14:J14) -> 113.41223 | H7: =AVERAGE(D14:H14) -> 112.83139 | J7: =AVERAGE(I14:J14) -> 114.86434
D8: 達成率平均 | F8: =AVERAGE(D15:J15) -> 0.90039454 | H8: =AVERAGE(D15:H15) -> 0.90563861 | J8: =AVERAGE(I15:J15) -> 0.88728438
J9: ※現行日本鮮食廠以達成率80%為基本(即為現行KPI)
B10: 溫層 | D10: 4度C-各編組展開
B11: 編組 | D11: 1 | E11: 2 | F11: 3 | G11: 4 | H11: 5 | I11: 6 | J11: 7
D12: 自動1線 | E12: 自動2線 | F12: 手工3線 | G12: 手工4線 | H12: 手工5線 | I12: 調理包1線 | J12: 調理包2線
B13: 人時性 | C13: 排關 | D13: =VALUE('0806'!L15) -> 151.35747 | E13: =VALUE('0806'!L26) -> 174.23077 | F13: =VALUE('0806'!L37) -> 94.230392 | G13: =VALUE('0806'!L48) -> 96.300926 | H13: =VALUE('0806'!L58) -> 106.77941 | I13: =VALUE('0806'!L69) -> 140.79515 | J13: ='0806'!L79 -> 117.2619
C14: 實績 | D14: =VALUE('0806'!O15) -> 141.08331 | E14: =VALUE('0806'!O26) -> 154.10813 | F14: =VALUE('0806'!O37) -> 83.946806 | G14: =VALUE('0806'!O48) -> 86.339052 | H14: =VALUE('0806'!O58) -> 98.67965 | I14: =VALUE('0806'!O69) -> 129.46446 | J14: ='0806'!O79 -> 100.26422
C15: 達成率 | D15: =D14/D13 -> 0.93211992 | E15: =E14/E13 -> 0.88450583 | F15: =F14/F13 -> 0.89086762 | G15: =G14/G13 -> 0.89655475 | H15: =H14/H13 -> 0.92414492 | I15: =I14/I13 -> 0.91952359 | J15: ='0806'!S70 -> 0.85504516
B16: 作業 時間 | C16: 開始 | D16: ='0806'!T5 -> 0.29305556 | E16: ='0806'!T16 -> 0.29166667 | F16: ='0806'!T27 -> 0.29166667 | G16: ='0806'!T38 -> 0.33333333 | H16: ='0806'!T49 -> 0.29166667 | I16: ='0806'!T59 -> 0.29861111 | J16: ='0806'!T70 -> 0.38194444
C17: 結束 | D17: 0.57361111 | E17: 0.59375 | F17: 0.59722222 | G17: 0.58541667 | H17: 0.56944444 | I17: 0.62152778 | J17: 0.59375
B18: 產線異常 (5分鐘以上) | C18: 次數 | D18: ='0806'!Z15 -> 0 | E18: ='0806'!Z26 -> 0 | F18: ='0806'!Z37 -> 0 | G18: ='0806'!Z48 -> 0 | H18: ='0806'!Z58 -> 0 | I18: ='0806'!Z69 -> 0 | J18: ='0806'!AA79 -> 0
C19: 時間/分 | D19: ='0806'!AA15 -> 0 | E19: ='0806'!AA26 -> 0 | F19: ='0806'!AA37 -> 0 | G19: ='0806'!AA48 -> 0 | H19: ='0806'!AA58 -> 0 | I19: ='0806'!AA69 -> 0 | J19: ='0806'!AB79 -> 0
B20: 短暫停線 (5分鐘以下) | C20: 次數 | D20: ='0806'!AD15 -> 0 | E20: ='0806'!AD26 -> 0 | F20: ='0806'!AD37 -> 0 | G20: ='0806'!AD48 -> 0 | H20: ='0806'!AD58 -> 0 | I20: ='0806'!AD69 -> 0 | J20: ='0806'!AD79 -> 0
C21: 設備次數 | D21: ='0806'!AE15 -> 0 | E21: ='0806'!AE26 -> 0 | F21: ='0806'!AE37 -> 0 | G21: ='0806'!AE48 -> 0 | H21: ='0806'!AE58 -> 0 | I21: ='0806'!AE69 -> 0 | J21: ='0806'!AE79 -> 0
B22: 配置人數 | D22: =VALUE('0806'!M15) -> 15 | E22: =VALUE('0806'!M26) -> 13 | F22: =VALUE('0806'!M37) -> 16.4 | G22: =VALUE('0806'!M48) -> 16.666667 | H22: =VALUE('0806'!M58) -> 16.5 | I22: =VALUE('0806'!M69) -> 11.8 | J22: ='0806'!M79 -> 9.6666667
B23: 主要應用設備 | D23: ET-600 | E23: ET-600 | F23: ET-55 | G23: ET-55 | H23: ET-55 | I23: 八爪機
B24: 次要應用設備 | H24: 封口機
B25: 備註

Sheet 0806
A1: 長家廠4度C日報分析 | D1: 總生產量 | E1: =SUM(G5:G79) -> 54231 | F1: 營業額 | G1: =SUM(H5:H79) -> 2525631.3 | H1: 出勤人數 | I1: =M15+M26+M48+M58+M69+M79+M37 -> 99.033333 | J1: 產線配置圖 | M1: 生產實績 | P1: 人時性差異分析 | T1: 日報登錄 | Z1: 合計 次數 | AA1: 合計 時間/分 | AB1: 分析說明 | AD1: 合計 次數 | AE1: 合計 設備次數 | AF1: 產能差異分析
A2: 8月6日 星期四 | D2: 人時性 | E2: =AVERAGE(O15,O26,O37,O48,O58,O69,O79) -> 113.41223 | F2: 平均廠價 | G2: =G1/E1 -> 46.571727 | H2: 多次生產數 | I2: =COUNT(I5:I79) -> 0 | Z2: =Z15+Z26+Z37+Z48+Z58+Z69+Z79 -> 0 | AA2: =AA15+AA26+AA37+AA48+AA58+AA69+AA79 -> 0 | AD2: =AD15+AD26+AD37+AD48+AD58+AD69+AD79 -> 0 | AE2: =AE15+AE26+AE37+AE48+AE58+AE69+AE79 -> 0
A3: 線別 | B3: 品類 | D3: 品名 | F3: 廠價 | G3: 生產量 | H3: 營收 | I3: 多次 生產 | J3: 人數 | K3: 產能/時 | L3: 人時性 | M3: 人數 | N3: 產能/時 | O3: 人時性 | P3: 人數 | Q3: 人時性 | R3: 達成率 | S3: 達成率平均 | T3: 生產時間 | V3: 前置、換線時間/分 | W3: 稼動時間/分 | X3: 休息時間 | Z3: 產線異常統計 (5分鐘以上) | AD3: 短暫停線統計 (5分鐘以下) | AF3: 產能/時 | AG3: 達成率 | AH3: 達成率平均
T4: 開始 | U4: 結束 | X4: 開始 | Y4: 結束 | Z4: 次數 | AA4: 時間/分 | AD4: 總次數 | AE4: 設備因素(次數)
A5: 自動一線 (ET-600) | B5: 義大利麵 | D5: 羅馬黑胡椒起司義大利麵 | F5: =VLOOKUP(D5,廠價表!$C$1:$E$43,3,0) -> 50.67 | G5: 1613 | H5: =F5*G5 -> 81730.71 | J5: =VLOOKUP(D5,產線配置圖!$A$3:$C$40,2,0) -> 17 | K5: =VLOOKUP(D5,產線配置圖!$A$3:$C$40,3,0) -> 2250 | L5: =K5/J5 -> 132.35294 | M5: 17 | N5: =G5/W5*60 -> 2016.25 | O5: =N5/M5 -> 118.60294 | P5: =M5-J5 -> 0 | Q5: =O5-L5 -> -13.75 | R5: =O5/L5 -> 0.89611111 | S5: =R15 -> 0.93211992 | T5: 0.29305556 | U5: 0.32638889 | W5: =(U5-T5)*24*60 -> 48 | AF5: =N5-K5 -> -233.75 | AG5: =N5/K5 -> 0.89611111 | AH5: =AG15 -> 0.92971025
B6: 義大利麵 | D6: 香煎魚排佐檸檬奶油義大利麵 | F6: =VLOOKUP(D6,廠價表!$C$1:$E$43,3,0) -> 58.17 | G6: 4679 | H6: =F6*G6 -> 272177.43 | J6: =VLOOKUP(D6,產線配置圖!$A$3:$C$40,2,0) -> 13 | K6: =VLOOKUP(D6,產線配置圖!$A$3:$C$40,3,0) -> 2250 | L6: =K6/J6 -> 173.07692 | M6: 13 | N6: =G6/W6*60 -> 2176.2791 | O6: =N6/M6 -> 167.40608 | P6: =M6-J6 -> 0 | Q6: =O6-L6 -> -5.6708408 | R6: =O6/L6 -> 0.96723514 | T6: 0.33402778 | U6: 0.42361111 | V6: =(T6-U5)*24*60 -> 11 | W6: =(U6-T6)*24*60 -> 129 | AF6: =N6-K6 -> -73.72093 | AG6: =N6/K6 -> 0.96723514
B7: 義大利麵 | D7: 奶油培根義大利麵 | F7: =VLOOKUP(D7,廠價表!$C$1:$E$43,3,0) -> 49.14 | G7: 2361 | H7: =F7*G7 -> 116019.54 | J7: =VLOOKUP(D7,產線配置圖!$A$3:$C$40,2,0) -> 15 | K7: =VLOOKUP(D7,產線配置圖!$A$3:$C$40,3,0) -> 2250 | L7: =K7/J7 -> 150 | M7: 15 | N7: =G7/W7*60 -> 2083.2353 | O7: =N7/M7 -> 138.88235 | P7: =M7-J7 -> 0 | Q7: =O7-L7 -> -11.117647 | R7: =O7/L7 -> 0.92588235 | T7: 0.42986111 | U7: 0.47708333 | V7: =(T7-U6)*24*60 -> 9 | W7: =(U7-T7)*24*60 -> 68 | AF7: =N7-K7 -> -166.76471 | AG7: =N7/K7 -> 0.92588235
B8: 義大利麵 | D8: 奶油培根義大利麵 | F8: =VLOOKUP(D8,廠價表!$C$1:$E$43,3,0) -> 49.14 | G8: 1499 | H8: =F8*G8 -> 73660.86 | J8: =VLOOKUP(D8,產線配置圖!$A$3:$C$40,2,0) -> 15 | K8: =VLOOKUP(D8,產線配置圖!$A$3:$C$40,3,0) -> 2250 | L8: =K8/J8 -> 150 | M8: 15 | N8: =G8/W8*60 -> 2091.6279 | O8: =N8/M8 -> 139.44186 | P8: =M8-J8 -> 0 | Q8: =O8-L8 -> -10.55814 | R8: =O8/L8 -> 0.9296124 | T8: 0.54375 | U8: 0.57361111 | V8: =(T8-U7)*24*60 -> 96 | W8: =(U8-T8)*24*60 -> 43 | AF8: =N8-K8 -> -158.37209 | AG8: =N8/K8 -> 0.9296124
W9: =(U9-T9)*24*60 -> 0 | AF9: =N9-K9 -> 0 | AG9: =N9/K9 -> #DIV/0!
W10: =(U10-T10)*24*60 -> 0 | AF10: =N10-K10 -> 0 | AG10: =N10/K10 -> #DIV/0!
W11: =(U11-T11)*24*60 -> 0 | AF11: =N11-K11 -> 0 | AG11: =N11/K11 -> #DIV/0!
W12: =(U12-T12)*24*60 -> 0
W13: =(U13-T13)*24*60 -> 0
W14: =(U14-T14)*24*60 -> 0
C15: 4度一組 | D15: 平均 | J15: =AVERAGE(J5:J14) -> 15 | K15: =AVERAGE(K5:K14) -> 2250 | L15: =AVERAGE(L5:L14) -> 151.35747 | M15: =AVERAGE(M5:M14) -> 15 | N15: =AVERAGE(N5:N14) -> 2091.8481 | O15: =AVERAGE(O5:O14) -> 141.08331 | P15: =M15-J15 -> 0 | Q15: =O15-L15 -> -10.274157 | R15: =O15/L15 -> 0.93211992 | Z15: =SUM(Z5:Z14) -> 0 | AA15: =SUM(AA5:AA14) -> 0 | AD15: =SUM(AD5:AD14) -> 0 | AE15: =SUM(AE5:AE14) -> 0 | AF15: =N15-K15 -> -158.15193 | AG15: =N15/K15 -> 0.92971025
A16: 自動二線 (ET-600) | B16: 義大利麵 | D16: 青醬蛤蜊義大利麵 | F16: =VLOOKUP(D16,廠價表!$C$1:$E$43,3,0) -> 50.67 | G16: 2441 | H16: =F16*G16 -> 123685.47 | J16: =VLOOKUP(D16,產線配置圖!$A$3:$C$40,2,0) -> 13 | K16: =VLOOKUP(D16,產線配置圖!$A$3:$C$40,3,0) -> 2250 | L16: =K16/J16 -> 173.07692 | M16: 13 | N16: =G16/W16*60 -> 2092.2857 | O16: =N16/M16 -> 160.94505 | P16: =M16-J16 -> 0 | Q16: =O16-L16 -> -12.131868 | R16: =O16/L16 -> 0.92990476 | S16: =R26 -> 0.88450583 | T16: 0.29166667 | U16: 0.34027778 | W16: =(U16-T16)*24*60 -> 70 | AF16: =N16-K16 -> -157.71429 | AG16: =N16/K16 -> 0.92990476 | AH16: =AG26 -> 0.88539267
B17: 義大利麵 | D17: 白酒清炒鮮蛤義大利麵 | F17: =VLOOKUP(D17,廠價表!$C$1:$E$43,3,0) -> 56.87 | G17: 2719 | H17: =F17*G17 -> 154629.53 | J17: =VLOOKUP(D17,產線配置圖!$A$3:$C$40,2,0) -> 15 | K17: =VLOOKUP(D17,產線配置圖!$A$3:$C$40,3,0) -> 2250 | L17: =K17/J17 -> 150 | M17: 15 | N17: =G17/W17*60 -> 2039.25 | O17: =N17/M17 -> 135.95 | P17: =M17-J17 -> 0 | Q17: =O17-L17 -> -14.05 | R17: =O17/L17 -> 0.90633333 | T17: 0.34583333 | U17: 0.40138889 | V17: =(T17-U16)*24*60 -> 8 | W17: =(U17-T17)*24*60 -> 80 | AF17: =N17-K17 -> -210.75 | AG17: =N17/K17 -> 0.90633333
B18: 義大利麵 | D18: 義式蕃茄起司義大利麵 | F18: =VLOOKUP(D18,廠價表!$C$1:$E$43,3,0) -> 50.39 | G18: 3460 | H18: =F18*G18 -> 174349.4 | J18: =VLOOKUP(D18,產線配置圖!$A$3:$C$40,2,0) -> 12 | K18: =VLOOKUP(D18,產線配置圖!$A$3:$C$40,3,0) -> 2250 | L18: =K18/J18 -> 187.5 | M18: 12 | N18: =G18/W18*60 -> 2096.9697 | O18: =N18/M18 -> 174.74747 | P18: =M18-J18 -> 0 | Q18: =O18-L18 -> -12.752525 | R18: =O18/L18 -> 0.93198653 | T18: 0.40763889 | U18: 0.47638889 | V18: =(T18-U17)*24*60 -> 9 | W18: =(U18-T18)*24*60 -> 99 | AF18: =N18-K18 -> -153.0303 | AG18: =N18/K18 -> 0.93198653
B19: 義大利麵 | D19: 義式蕃茄起司義大利麵 | F19: =VLOOKUP(D19,廠價表!$C$1:$E$43,3,0) -> 50.39 | G19: 1136 | H19: =F19*G19 -> 57243.04 | J19: =VLOOKUP(D19,產線配置圖!$A$3:$C$40,2,0) -> 12 | K19: =VLOOKUP(D19,產線配置圖!$A$3:$C$40,3,0) -> 2250 | L19: =K19/J19 -> 187.5 | M19: 12 | N19: =G19/W19*60 -> 1842.1622 | O19: =N19/M19 -> 153.51351 | P19: =M19-J19 -> 0 | Q19: =O19-L19 -> -33.986486 | R19: =O19/L19 -> 0.81873874 | T19: 0.54166667 | U19: 0.56736111 | V19: =(T19-U18)*24*60 -> 94 | W19: =(U19-T19)*24*60 -> 37 | AF19: =N19-K19 -> -407.83784 | AG19: =N19/K19 -> 0.81873874
B20: 義大利麵 | D20: 青醬蛤蜊義大利麵 | F20: =VLOOKUP(D20,廠價表!$C$1:$E$43,3,0) -> 50.67 | G20: 819 | H20: =F20*G20 -> 41498.73 | J20: =VLOOKUP(D20,產線配置圖!$A$3:$C$40,2,0) -> 13 | K20: =VLOOKUP(D20,產線配置圖!$A$3:$C$40,3,0) -> 2250 | L20: =K20/J20 -> 173.07692 | M20: 13 | N20: =G20/W20*60 -> 1890 | O20: =N20/M20 -> 145.38462 | P20: =M20-J20 -> 0 | Q20: =O20-L20 -> -27.692308 | R20: =O20/L20 -> 0.84 | T20: 0.57569444 | U20: 0.59375 | V20: =(T20-U19)*24*60 -> 12 | W20: =(U20-T20)*24*60 -> 26
W21: =(U21-T21)*24*60 -> 0
W22: 0
W23: =(U23-T23)*24*60 -> 0
H24: =F24*G24 -> 0 | W24: =(U24-T24)*24*60 -> 0
H25: =F25*G25 -> 0 | W25: =(U25-T25)*24*60 -> 0
C26: 4度二組A | D26: 平均 | J26: =AVERAGE(J16:J25) -> 13 | K26: =AVERAGE(K16:K25) -> 2250 | L26: =AVERAGE(L16:L25) -> 174.23077 | M26: =AVERAGE(M16:M25) -> 13 | N26: =AVERAGE(N16:N25) -> 1992.1335 | O26: =AVERAGE(O16:O25) -> 154.10813 | P26: =M26-J26 -> 0 | Q26: =O26-L26 -> -20.122638 | R26: =O26/L26 -> 0.88450583 | Z26: =SUM(Z16:Z25) -> 0 | AA26: =SUM(AA16:AA25) -> 0 | AD26: =SUM(AD16:AD25) -> 0 | AE26: =SUM(AE16:AE25) -> 0 | AF26: =N26-K26 -> -257.86649 | AG26: =N26/K26 -> 0.88539267
A27: 手工三線 (ET-55) | B27: 義大利麵 | D27: 蕃茄莎莎海鮮冷義大利麵 | F27: =VLOOKUP(D27,廠價表!$C$1:$E$43,3,0) -> 46.34 | G27: 1897 | H27: =F27*G27 -> 87906.98 | J27: =VLOOKUP(D27,產線配置圖!$A$3:$C$40,2,0) -> 16 | K27: =VLOOKUP(D27,產線配置圖!$A$3:$C$40,3,0) -> 1636 | L27: =K27/J27 -> 102.25 | M27: 16 | N27: =G27/W27*60 -> 1459.2308 | O27: =N27/M27 -> 91.201923 | P27: =M27-J27 -> 0 | Q27: =O27-L27 -> -11.048077 | R27: =O27/L27 -> 0.89195035 | S27: =R37 -> 0.89086762 | T27: 0.29166667 | U27: 0.34583333 | W27: =(U27-T27)*24*60 -> 78 | AF27: =N27-K27 -> -176.76923 | AG27: =N27/K27 -> 0.89195035 | AH27: =AG37 -> 0.84113356
B28: 義大利麵 | D28: 義式蛋蛋青醬鮪魚冷義大利麵 | F28: =VLOOKUP(D28,廠價表!$C$1:$E$43,3,0) -> 45.66 | G28: 1485 | H28: =F28*G28 -> 67805.1 | J28: =VLOOKUP(D28,產線配置圖!$A$3:$C$40,2,0) -> 17 | K28: =VLOOKUP(D28,產線配置圖!$A$3:$C$40,3,0) -> 1636 | L28: =K28/J28 -> 96.235294 | M28: 15 | N28: =G28/W28*60 -> 1272.8571 | O28: =N28/M28 -> 84.857143 | P28: =M28-J28 -> -2 | Q28: =O28-L28 -> -11.378151 | R28: =O28/L28 -> 0.88176738 | T28: 0.35416667 | U28: 0.40277778 | V28: =(T28-U27)*24*60 -> 12 | W28: =(U28-T28)*24*60 -> 70 | AF28: =N28-K28 -> -363.14286 | AG28: =N28/K28 -> 0.77803004
B29: 義大利麵 | D29: 奶油鮮蝦明太子細扁麵 | F29: =VLOOKUP(D29,廠價表!$C$1:$E$43,3,0) -> 57.21 | G29: 1288 | H29: =F29*G29 -> 73686.48 | J29: =VLOOKUP(D29,產線配置圖!$A$3:$C$40,2,0) -> 18 | K29: =VLOOKUP(D29,產線配置圖!$A$3:$C$40,3,0) -> 1636 | L29: =K29/J29 -> 90.888889 | M29: 16 | N29: =G29/W29*60 -> 1288 | O29: =N29/M29 -> 80.5 | P29: =M29-J29 -> -2 | Q29: =O29-L29 -> -10.388889 | R29: =O29/L29 -> 0.88569682 | T29: 0.40972222 | U29: 0.45138889 | V29: =(T29-U28)*24*60 -> 10 | W29: =(U29-T29)*24*60 -> 60 | AF29: =N29-K29 -> -348 | AG29: =N29/K29 -> 0.78728606
B30: 義大利麵 | D30: 金沙豆腐義大利麵 | F30: =VLOOKUP(D30,廠價表!$C$1:$E$43,3,0) -> 49.91 | G30: 696 | H30: =F30*G30 -> 34737.36 | J30: =VLOOKUP(D30,產線配置圖!$A$3:$C$40,2,0) -> 18 | K30: 1636 | L30: =K30/J30 -> 90.888889 | M30: 17 | N30: =G30/W30*60 -> 1305 | O30: =N30/M30 -> 76.764706 | P30: =M30-J30 -> -1 | Q30: =O30-L30 -> -14.124183 | R30: =O30/L30 -> 0.84459945 | T30: 0.4625 | U30: 0.48472222 | V30: =(T30-U29)*24*60 -> 16 | W30: =(U30-T30)*24*60 -> 32 | AF30: =N30-K30 -> -331 | AG30: =N30/K30 -> 0.79767726
B31: 義大利麵 | D31: 金沙豆腐義大利麵 | F31: =VLOOKUP(D31,廠價表!$C$1:$E$43,3,0) -> 49.91 | G31: 1685 | H31: =F31*G31 -> 84098.35 | J31: =VLOOKUP(D31,產線配置圖!$A$3:$C$40,2,0) -> 18 | K31: 1636 | L31: =K31/J31 -> 90.888889 | M31: 18 | N31: =G31/W31*60 -> 1555.3846 | O31: =N31/M31 -> 86.410256 | P31: =M31-J31 -> 0 | Q31: =O31-L31 -> -4.4786325 | R31: =O31/L31 -> 0.95072409 | T31: 0.55208333 | U31: 0.59722222 | V31: =(T31-U30)*24*60 -> 97 | W31: =(U31-T31)*24*60 -> 65 | AF31: =N31-K31 -> -80.615385 | AG31: =N31/K31 -> 0.95072409
W32: =(U32-T32)*24*60 -> 0
W33: =(U33-T33)*24*60 -> 0
W34: =(U34-T34)*24*60 -> 0
W35: =(U35-T35)*24*60 -> 0
W36: =(U36-T36)*24*60 -> 0
C37: 4度二組B | D37: 平均 | J37: =AVERAGE(J27:J36) -> 17.4 | K37: =AVERAGE(K27:K36) -> 1636 | L37: =AVERAGE(L27:L36) -> 94.230392 | M37: =AVERAGE(M27:M36) -> 16.4 | N37: =AVERAGE(N27:N36) -> 1376.0945 | O37: =AVERAGE(O27:O36) -> 83.946806 | P37: =M37-J37 -> -1 | Q37: =N37-K37 -> -259.90549 | R37: =O37/L37 -> 0.89086762 | Z37: =SUM(Z27:Z36) -> 0 | AA37: =SUM(AA27:AA36) -> 0 | AD37: =SUM(AD27:AD36) -> 0 | AE37: =SUM(AE27:AE36) -> 0 | AF37: =N37-K37 -> -259.90549 | AG37: =N37/K37 -> 0.84113356
A38: 手工四線 (ET-55) | B38: 熱乾麵 | D38: 青花椒麻雞肉拌麵 | F38: =VLOOKUP(D38,廠價表!$C$1:$E$43,3,0) -> 49.91 | G38: 2447 | H38: =F38*G38 -> 122129.77 | J38: =VLOOKUP(D38,產線配置圖!$A$3:$C$40,2,0) -> 16 | K38: =VLOOKUP(D38,產線配置圖!$A$3:$C$40,3,0) -> 1714 | L38: =K38/J38 -> 107.125 | M38: 16 | N38: =G38/W38*60 -> 1631.3333 | O38: =N38/M38 -> 101.95833 | P38: =M38-J38 -> 0 | Q38: =O38-L38 -> -5.1666667 | R38: =O38/L38 -> 0.95176974 | S38: =R48 -> 0.89655475 | T38: 0.33333333 | U38: 0.39583333 | W38: =(U38-T38)*24*60 -> 90 | AF38: =N38-K38 -> -82.666667 | AG38: =N38/K38 -> 0.95176974 | AH38: =AG48 -> 0.86268218
B39: 熱乾麵 | D39: 府城鹽水意麵 | F39: =VLOOKUP(D39,廠價表!$C$1:$E$43,3,0) -> 44.3 | G39: 2300 | H39: =F39*G39 -> 101890 | J39: =VLOOKUP(D39,產線配置圖!$A$3:$C$40,2,0) -> 18 | K39: =VLOOKUP(D39,產線配置圖!$A$3:$C$40,3,0) -> 1636 | L39: =K39/J39 -> 90.888889 | M39: 17 | N39: =G39/W39*60 -> 1380 | O39: =N39/M39 -> 81.176471 | P39: =M39-J39 -> -1 | Q39: =O39-L39 -> -9.7124183 | R39: =O39/L39 -> 0.89313965 | T39: 0.40625 | U39: 0.47569444 | V39: =(T39-U38)*24*60 -> 15 | W39: =(U39-T39)*24*60 -> 100 | AF39: =N39-K39 -> -256 | AG39: =N39/K39 -> 0.84352078
B40: 熱乾麵 | D40: 府城鹽水意麵 | F40: =VLOOKUP(D40,廠價表!$C$1:$E$43,3,0) -> 44.3 | G40: 1462 | H40: =F40*G40 -> 64766.6 | J40: =VLOOKUP(D40,產線配置圖!$A$3:$C$40,2,0) -> 18 | K40: =VLOOKUP(D40,產線配置圖!$A$3:$C$40,3,0) -> 1636 | L40: =K40/J40 -> 90.888889 | M40: 17 | N40: =G40/W40*60 -> 1290 | O40: =N40/M40 -> 75.882353 | P40: =M40-J40 -> -1 | Q40: =O40-L40 -> -15.006536 | R40: =O40/L40 -> 0.83489141 | T40: 0.53819444 | U40: 0.58541667 | V40: =(T40-U39)*24*60 -> 90 | W40: =(U40-T40)*24*60 -> 68 | AF40: =N40-K40 -> -346 | AG40: =N40/K40 -> 0.78850856
W41: =(U41-T41)*24*60 -> 0 | AF41: =N41-K41 -> 0 | AG41: =N41/K41 -> #DIV/0!
W42: =(U42-T42)*24*60 -> 0
W43: =(U43-T43)*24*60 -> 0
W44: =(U44-T44)*24*60 -> 0
W45: =(U45-T45)*24*60 -> 0
W46: =(U46-T46)*24*60 -> 0
H47: =F47*G47 -> 0 | W47: =(U47-T47)*24*60 -> 0
C48: 4度二組C1 | D48: 平均 | J48: =AVERAGE(J38:J47) -> 17.333333 | K48: =AVERAGE(K38:K47) -> 1662 | L48: =AVERAGE(L38:L47) -> 96.300926 | M48: =AVERAGE(M38:M47) -> 16.666667 | N48: =AVERAGE(N38:N47) -> 1433.7778 | O48: =AVERAGE(O38:O47) -> 86.339052 | P48: =M48-J48 -> -0.66666667 | Q48: =N48-K48 -> -228.22222 | R48: =O48/L48 -> 0.89655475 | W48: =(U48-T48)*24*60 -> 0 | Z48: =SUM(Z38:Z47) -> 0 | AA48: =SUM(AA38:AA47) -> 0 | AD48: =SUM(AD38:AD47) -> 0 | AE48: =SUM(AE38:AE47) -> 0 | AF48: =N48-K48 -> -228.22222 | AG48: =N48/K48 -> 0.86268218
A49: 手工五線 (ET-55) | B49: 熱乾麵 | D49: 沙茶豬肉炒麵 | F49: =VLOOKUP(D49,廠價表!$C$1:$E$43,3,0) -> 49.52 | G49: 2136 | H49: =F49*G49 -> 105774.72 | J49: =VLOOKUP(D49,產線配置圖!$A$3:$C$40,2,0) -> 17 | K49: =VLOOKUP(D49,產線配置圖!$A$3:$C$40,3,0) -> 1800 | L49: =K49/J49 -> 105.88235 | M49: 17 | N49: =G49/W49*60 -> 1708.8 | O49: =N49/M49 -> 100.51765 | P49: =M49-J49 -> 0 | Q49: =O49-L49 -> -5.3647059 | R49: =O49/L49 -> 0.94933333 | S49: =R58 -> 0.92414492 | T49: 0.29166667 | U49: 0.34375 | W49: =(U49-T49)*24*60 -> 75 | AF49: =N49-K49 -> -91.2 | AG49: =N49/K49 -> 0.94933333 | AH49: =AG58 -> 0.9248332
B50: 義大利麵 | D50: 黑松露野菇義大利麵 | F50: =VLOOKUP(D50,廠價表!$C$1:$E$43,3,0) -> 50.289 | G50: 2091 | H50: =F50*G50 -> 105154.3 | J50: =VLOOKUP(D50,產線配置圖!$A$3:$C$40,2,0) -> 17 | K50: =VLOOKUP(D50,產線配置圖!$A$3:$C$40,3,0) -> 1636 | L50: =K50/J50 -> 96.235294 | M50: 17 | N50: =G50/W50*60 -> 1548.8889 | O50: =N50/M50 -> 91.111111 | P50: =M50-J50 -> 0 | Q50: =O50-L50 -> -5.124183 | R50: =O50/L50 -> 0.9467536 | T50: 0.35069444 | U50: 0.40694444 | V50: =(T50-U49)*24*60 -> 10 | W50: =(U50-T50)*24*60 -> 81 | AF50: =N50-K50 -> -87.111111 | AG50: =N50/K50 -> 0.9467536
B51: 義大利麵 | D51: 焗烤起司雙饗筆尖麵 | F51: =VLOOKUP(D51,廠價表!$C$1:$E$43,3,0) -> 49.97 | G51: 1657 | H51: =F51*G51 -> 82800.29 | J51: =VLOOKUP(D51,產線配置圖!$A$3:$C$40,2,0) -> 16 | K51: =VLOOKUP(D51,產線配置圖!$A$3:$C$40,3,0) -> 1800 | L51: =K51/J51 -> 112.5 | M51: 16 | N51: =G51/W51*60 -> 1553.4375 | O51: =N51/M51 -> 97.089844 | P51: =M51-J51 -> 0 | Q51: =O51-L51 -> -15.410156 | R51: =O51/L51 -> 0.86302083 | T51: 0.41388889 | U51: 0.45833333 | V51: =(T51-U50)*24*60 -> 10 | W51: =(U51-T51)*24*60 -> 64 | AF51: =N51-K51 -> -246.5625 | AG51: =N51/K51 -> 0.86302083
B52: 義大利麵 | D52: 焗烤起司雙饗筆尖麵 | F52: =VLOOKUP(D52,廠價表!$C$1:$E$43,3,0) -> 49.97 | G52: 2120 | H52: =F52*G52 -> 105936.4 | J52: =VLOOKUP(D52,產線配置圖!$A$3:$C$40,2,0) -> 16 | K52: =VLOOKUP(D52,產線配置圖!$A$3:$C$40,3,0) -> 1800 | L52: =K52/J52 -> 112.5 | M52: 16 | N52: =G52/W52*60 -> 1696 | O52: =N52/M52 -> 106 | P52: =M52-J52 -> 0 | Q52: =O52-L52 -> -6.5 | R52: =O52/L52 -> 0.94222222 | T52: 0.51736111 | U52: 0.56944444 | V52: =(T52-U51)*24*60 -> 85 | W52: =(U52-T52)*24*60 -> 75 | AF52: =N52-K52 -> -104 | AG52: =N52/K52 -> 0.94222222
W53: =(U53-T53)*24*60 -> 0 | AF53: =N53-K53 -> 0 | AG53: =N53/K53 -> #DIV/0!
W54: =(U54-T54)*24*60 -> 0
W55: =(U55-T55)*24*60 -> 0
W56: =(U56-T56)*24*60 -> 0
W57: =(U57-T57)*24*60 -> 0
C58: 4度二組C2 | D58: 平均 | J58: =AVERAGE(J49:J57) -> 16.5 | K58: =AVERAGE(K49:K57) -> 1759 | L58: =AVERAGE(L49:L57) -> 106.77941 | M58: =AVERAGE(M49:M57) -> 16.5 | N58: =AVERAGE(N49:N57) -> 1626.7816 | O58: =AVERAGE(O49:O57) -> 98.67965 | P58: =M58-J58 -> 0 | Q58: =N58-K58 -> -132.2184 | R58: =O58/L58 -> 0.92414492 | Z58: =SUM(Z49:Z57) -> 0 | AA58: =SUM(AA49:AA57) -> 0 | AD58: =SUM(AD49:AD57) -> 0 | AE58: =SUM(AE49:AE57) -> 0 | AF58: =N58-K58 -> -132.2184 | AG58: =N58/K58 -> 0.9248332
A59: 調理包一線 (八爪機) | B59: 小吃、微波 | D59: 小滷青蔬 | F59: =VLOOKUP(D59,廠價表!$C$1:$E$43,3,0) -> 26.99 | G59: 3125 | H59: =F59*G59 -> 84343.75 | J59: =VLOOKUP(D59,產線配置圖!$A$3:$C$40,2,0) -> 15 | K59: =VLOOKUP(D59,產線配置圖!$A$3:$C$40,3,0) -> 1636 | L59: =K59/J59 -> 109.06667 | M59: 15 | N59: =G59/W59*60 -> 1500 | O59: =N59/M59 -> 100 | P59: =M59-J59 -> 0 | Q59: =O59-L59 -> -9.0666667 | R59: =O59/L59 -> 0.91687042 | S59: =R69 -> 0.91952359 | T59: 0.29861111 | U59: 0.38541667 | W59: =(U59-T59)*24*60 -> 125 | AF59: =N59-K59 -> -136 | AG59: =N59/K59 -> 0.91687042 | AH59: =AG69 -> 0.91938208
B60: 小吃、微波 | D60: 起司馬鈴薯 | F60: =VLOOKUP(D60,廠價表!$C$1:$E$43,3,0) -> 28.26 | G60: 1403 | H60: =F60*G60 -> 39648.78 | J60: =VLOOKUP(D60,產線配置圖!$A$3:$C$40,2,0) -> 11 | K60: =VLOOKUP(D60,產線配置圖!$A$3:$C$40,3,0) -> 1636 | L60: =K60/J60 -> 148.72727 | M60: 11 | N60: =G60/W60*60 -> 1530.5455 | O60: =N60/M60 -> 139.1405 | P60: =M60-J60 -> 0 | Q60: =O60-L60 -> -9.5867769 | R60: =O60/L60 -> 0.93554123 | T60: 0.39236111 | U60: 0.43055556 | V60: =(T60-U59)*24*60 -> 10 | W60: =(U60-T60)*24*60 -> 55 | AF60: =N60-K60 -> -105.45455 | AG60: =N60/K60 -> 0.93554123
B61: 小吃、微波 | D61: 韓式炒冬粉 | F61: =VLOOKUP(D61,廠價表!$C$1:$E$43,3,0) -> 28.26 | G61: 1251 | H61: =F61*G61 -> 35353.26 | J61: =VLOOKUP(D61,產線配置圖!$A$3:$C$40,2,0) -> 11 | K61: =VLOOKUP(D61,產線配置圖!$A$3:$C$40,3,0) -> 1636 | L61: =K61/J61 -> 148.72727 | M61: 11 | N61: =G61/W61*60 -> 1501.2 | O61: =N61/M61 -> 136.47273 | P61: =M61-J61 -> 0 | Q61: =O61-L61 -> -12.254545 | R61: =O61/L61 -> 0.91760391 | T61: 0.4375 | U61: 0.47222222 | V61: =(T61-U60)*24*60 -> 10 | W61: =(U61-T61)*24*60 -> 50 | AF61: =N61-K61 -> -134.8 | AG61: =N61/K61 -> 0.91760391
B62: 小吃、微波 | D62: 麻辣雞心 | F62: =VLOOKUP(D62,廠價表!$C$1:$E$43,3,0) -> 28.26 | G62: 1206 | H62: =F62*G62 -> 34081.56 | J62: =VLOOKUP(D62,產線配置圖!$A$3:$C$40,2,0) -> 11 | K62: =VLOOKUP(D62,產線配置圖!$A$3:$C$40,3,0) -> 1636 | L62: =K62/J62 -> 148.72727 | M62: 11 | N62: =G62/W62*60 -> 1447.2 | O62: =N62/M62 -> 131.56364 | P62: =M62-J62 -> 0 | Q62: =O62-L62 -> -17.163636 | R62: =O62/L62 -> 0.88459658 | T62: 0.47916667 | U62: 0.51388889 | V62: =(T62-U61)*24*60 -> 10 | W62: =(U62-T62)*24*60 -> 50 | AF62: =N62-K62 -> -188.8 | AG62: =N62/K62 -> 0.88459658
B63: 小吃、微波 | D63: 麻辣雞心 | F63: =VLOOKUP(D63,廠價表!$C$1:$E$43,3,0) -> 28.26 | G63: 1927 | H63: =F63*G63 -> 54457.02 | J63: =VLOOKUP(D63,產線配置圖!$A$3:$C$40,2,0) -> 11 | K63: =VLOOKUP(D63,產線配置圖!$A$3:$C$40,3,0) -> 1636 | L63: =K63/J63 -> 148.72727 | M63: 11 | N63: =G63/W63*60 -> 1541.6 | O63: =N63/M63 -> 140.14545 | P63: =M63-J63 -> 0 | Q63: =O63-L63 -> -8.5818182 | R63: =O63/L63 -> 0.94229829 | T63: 0.56944444 | U63: 0.62152778 | V63: =(T63-U62)*24*60 -> 80 | W63: =(U63-T63)*24*60 -> 75
W64: =(U64-T64)*24*60 -> 0
W65: =(U65-T65)*24*60 -> 0
W66: =(U66-T66)*24*60 -> 0
W67: =(U67-T67)*24*60 -> 0
H68: =F68*G68 -> 0 | W68: =(U68-T68)*24*60 -> 0
C69: 4度三組 | D69: 平均 | J69: =AVERAGE(J59:J68) -> 11.8 | K69: =AVERAGE(K59:K68) -> 1636 | L69: =AVERAGE(L59:L68) -> 140.79515 | M69: =AVERAGE(M59:M68) -> 11.8 | N69: =AVERAGE(N59:N68) -> 1504.1091 | O69: =AVERAGE(O59:O68) -> 129.46446 | P69: =M69-J69 -> 0 | Q69: =N69-K69 -> -131.89091 | R69: =O69/L69 -> 0.91952359 | Z69: =SUM(Z59:Z68) -> 0 | AA69: =SUM(AA59:AA68) -> 0 | AD69: =SUM(AD59:AD68) -> 0 | AE69: =SUM(AE59:AE68) -> 0 | AF69: =N69-K69 -> -131.89091 | AG69: =N69/K69 -> 0.91938208
A70: 調理包二線 (手工) | B70: 義大利麵 | D70: 鱈魚粉紅青醬筆尖麵 | F70: =VLOOKUP(D70,廠價表!$C$1:$E$43,3,0) -> 43.89 | G70: 922 | H70: =F70*G70 -> 40466.58 | J70: =VLOOKUP(D70,產線配置圖!$A$3:$C$40,2,0) -> 14 | K70: =VLOOKUP(D70,產線配置圖!$A$3:$C$40,3,0) -> 1565 | L70: =K70/J70 -> 111.78571 | M70: 9 | N70: =G70/W70*60 -> 851.07692 | O70: =N70/M70 -> 94.564103 | P70: =M70-J70 -> -5 | Q70: =O70-L70 -> -17.221612 | R70: =O70/L70 -> 0.84594085 | S70: =R79 -> 0.85504516 | T70: 0.38194444 | U70: 0.42708333 | W70: =(U70-T70)*24*60 -> 65 | AF70: =N70-K70 -> -713.92308 | AG70: =N70/K70 -> 0.54381912 | AH70: =AG79 -> 0.7347699
B71: 義大利麵 | D71: 番茄蘑菇義大利麵 | F71: =VLOOKUP(D71,廠價表!$C$1:$E$43,3,0) -> 43.89 | G71: 1187 | H71: =F71*G71 -> 52097.43 | J71: 10 | K71: 1200 | L71: =K71/J71 -> 120 | M71: 10 | N71: =G71/W71*60 -> 1017.4286 | O71: =N71/M71 -> 101.74286 | P71: =M71-J71 -> 0 | Q71: =O71-L71 -> -18.257143 | R71: =O71/L71 -> 0.84785714 | T71: 0.43402778 | U71: 0.48263889 | V71: =(T71-U70)*24*60 -> 10 | W71: =(U71-T71)*24*60 -> 70 | AF71: -300.3125 | AG71: 0.80810703
B72: 義大利麵 | D72: 番茄蘑菇義大利麵 | F72: =VLOOKUP(D72,廠價表!$C$1:$E$43,3,0) -> 43.89 | G72: 1219 | H72: =F72*G72 -> 53501.91 | J72: 10 | K72: 1200 | L72: =K72/J72 -> 120 | M72: 10 | N72: =G72/W72*60 -> 1044.8571 | O72: =N72/M72 -> 104.48571 | P72: =M72-J72 -> 0 | Q72: =O72-L72 -> -15.514286 | R72: =O72/L72 -> 0.87071429 | T72: 0.54513889 | U72: 0.59375 | V72: =(T72-U71)*24*60 -> 90 | W72: =(U72-T72)*24*60 -> 70 | AF72: -130.33333 | AG72: 0.91671991
W73: =(U73-T73)*24*60 -> 0
W74: =(U74-T74)*24*60 -> 0
H75: =F75*G75 -> 0 | W75: =(U75-T75)*24*60 -> 0
H76: =F76*G76 -> 0 | W76: =(U76-T76)*24*60 -> 0
H77: =F77*G77 -> 0 | W77: =(U77-T77)*24*60 -> 0
H78: =F78*G78 -> 0 | W78: =(U78-T78)*24*60 -> 0
C79: 4度四組 | D79: 平均 | J79: =AVERAGE(J70:J78) -> 11.333333 | K79: =AVERAGE(K70:K78) -> 1321.6667 | L79: =AVERAGE(L70:L78) -> 117.2619 | M79: =AVERAGE(M70:M78) -> 9.6666667 | N79: =AVERAGE(N70:N78) -> 971.12088 | O79: =AVERAGE(O70:O78) -> 100.26422 | P79: =M79-J79 -> -1.6666667 | Q79: =N79-K79 -> -350.54579 | R79: =O79/L79 -> 0.85504516 | Z79: =SUM(Z70:Z78) -> 0 | AA79: =SUM(AA70:AA78) -> 0 | AD79: =SUM(AD70:AD78) -> 0 | AE79: =SUM(AE70:AE78) -> 0 | AF79: =N79-K79 -> -350.54579 | AG79: =N79/K79 -> 0.7347699
AJ80: 1.當日出勤人數較多
AJ81: 2.當日出勤人數較少
AJ82: 3.當日出勤熟手較少
AJ83: 4.當日出勤新人較多
AJ84: 5.機台夾盒
AJ85: 6.封膜不順
AJ86: 7.更換膠膜
AJ87: 8.更換碳帶
AJ88: 9.當日熱轉印碳帶異常
AJ89: 10.訂單量過少
AJ90: 11.新品上市，尚未熟悉
AJ91: 12.商品結構，產能較低
AJ92: 13.區域出貨，分段生產

Sheet 0807總
B1: 長家廠組合室生產人時性分析
B3: 日期 | D3: =DATE(2026,8,7) -> 46241 | F3: 訂單量 | G3: ='0807'!E1 -> 43046 | I3: 營業額 | J3: ='0807'!G1 -> 1975061.4
B4: 項目 | D4: 3 | F4: ➀ | H4: ➁ | J4: ③ | L4: 異常停線 | N4: 短暫停線
B5: 人時性 | D5: 組合室 | F5: 全溫層 | H5: 義大利麵 | J5: 袋裝小吃、義麵 | L5: 合計次數 | M5: 時間 | N5: 合計次數 | O5: 設備次數
D6: 排關平均 | F6: =AVERAGE(D13:J13) -> 125.24761 | H6: =AVERAGE(D13:H13) -> 124.00905 | J6: =AVERAGE(I13:J13) -> 128.344 | L6: ='0807'!Z2 -> 1 | M6: ='0807'!AA2 -> 35 | N6: ='0807'!AD2 -> 0 | O6: ='0807'!AE2 -> 0
D7: 實績平均 | F7: =AVERAGE(D14:J14) -> 111.84743 | H7: =AVERAGE(D14:H14) -> 112.02989 | J7: =AVERAGE(I14:J14) -> 111.39129
D8: 達成率平均 | F8: =AVERAGE(D15:J15) -> 0.89038139 | H8: =AVERAGE(D15:H15) -> 0.90093888 | J8: =AVERAGE(I15:J15) -> 0.86398765
J9: ※現行日本鮮食廠以達成率80%為基本(即為現行KPI)
B10: 溫層 | D10: 4度C-各編組展開
B11: 編組 | D11: 1 | E11: 2 | F11: 3 | G11: 4 | H11: 5 | I11: 6 | J11: 7
D12: 自動1線 | E12: 自動2線 | F12: 手工3線 | G12: 手工4線 | H12: 手工5線 | I12: 調理包1線 | J12: 調理包2線
B13: 人時性 | C13: 排關 | D13: =VALUE('0807'!L15) -> 151.80995 | E13: =VALUE('0807'!L26) -> 170.91346 | F13: =VALUE('0807'!L37) -> 94.241503 | G13: =VALUE('0807'!L48) -> 96.300926 | H13: =VALUE('0807'!L58) -> 106.77941 | I13: =VALUE('0807'!L69) -> 140.79515 | J13: ='0807'!L79 -> 115.89286
C14: 實績 | D14: =VALUE('0807'!O15) -> 137.47299 | E14: =VALUE('0807'!O26) -> 156.39863 | F14: =VALUE('0807'!O37) -> 76.396618 | G14: =VALUE('0807'!O48) -> 93.379887 | H14: =VALUE('0807'!O58) -> 96.501334 | I14: =VALUE('0807'!O69) -> 127.3405 | J14: ='0807'!O79 -> 95.442077
C15: 達成率 | D15: =D14/D13 -> 0.90555981 | E15: =E14/E13 -> 0.91507496 | F15: =F14/F13 -> 0.81064728 | G15: =G14/G13 -> 0.96966759 | H15: =H14/H13 -> 0.90374477 | I15: =I14/I13 -> 0.90443811 | J15: ='0807'!S70 -> 0.82353719
B16: 作業 時間 | C16: 開始 | D16: ='0807'!T5 -> 0.29375 | E16: ='0807'!T16 -> 0.29166667 | F16: ='0807'!T27 -> 0.29166667 | G16: ='0807'!T38 -> 0.33333333 | H16: ='0807'!T49 -> 0.29166667 | I16: ='0807'!T59 -> 0.29166667 | J16: ='0807'!T70 -> 0.30555556
C17: 結束 | D17: 0.43055556 | E17: 0.56388889 | F17: 0.55625 | G17: 0.55902778 | H17: 0.55833333 | I17: 0.58333333 | J17: 0.40277778
B18: 產線異常 (5分鐘以上) | C18: 次數 | D18: ='0807'!Z15 -> 0 | E18: ='0807'!Z26 -> 0 | F18: ='0807'!Z37 -> 1 | G18: ='0807'!Z48 -> 0 | H18: ='0807'!Z58 -> 0 | I18: ='0807'!Z69 -> 0 | J18: ='0807'!AA79 -> 0
C19: 時間/分 | D19: ='0807'!AA15 -> 0 | E19: ='0807'!AA26 -> 0 | F19: ='0807'!AA37 -> 35 | G19: ='0807'!AA48 -> 0 | H19: ='0807'!AA58 -> 0 | I19: ='0807'!AA69 -> 0 | J19: ='0807'!AB79 -> 0
B20: 短暫停線 (5分鐘以下) | C20: 次數 | D20: ='0807'!AD15 -> 0 | E20: ='0807'!AD26 -> 0 | F20: ='0807'!AD37 -> 0 | G20: ='0807'!AD48 -> 0 | H20: ='0807'!AD58 -> 0 | I20: ='0807'!AD69 -> 0 | J20: ='0807'!AD79 -> 0
C21: 設備次數 | D21: ='0807'!AE15 -> 0 | E21: ='0807'!AE26 -> 0 | F21: ='0807'!AE37 -> 0 | G21: ='0807'!AE48 -> 0 | H21: ='0807'!AE58 -> 0 | I21: ='0807'!AE69 -> 0 | J21: ='0807'!AE79 -> 0
B22: 配置人數 | D22: =VALUE('0807'!M15) -> 15 | E22: =VALUE('0807'!M26) -> 13.25 | F22: =VALUE('0807'!M37) -> 16.2 | G22: =VALUE('0807'!M48) -> 17.333333 | H22: =VALUE('0807'!M58) -> 16.5 | I22: =VALUE('0807'!M69) -> 11.8 | J22: ='0807'!M79 -> 9.5
B23: 主要應用設備 | D23: ET-600 | E23: ET-600 | F23: ET-55 | G23: ET-55 | H23: ET-55 | I23: 八爪機
B24: 次要應用設備 | H24: 封口機
B25: 備註

Sheet 0807
A1: 長家廠4度C日報分析 | D1: 總生產量 | E1: =SUM(G5:G79) -> 43046 | F1: 營業額 | G1: =SUM(H5:H79) -> 1975061.4 | H1: 出勤人數 | I1: =M15+M26+M48+M58+M69+M79+M37 -> 99.583333 | J1: 產線配置圖 | M1: 生產實績 | P1: 人時性差異分析 | T1: 日報登錄 | Z1: 合計 次數 | AA1: 合計 時間/分 | AB1: 分析說明 | AD1: 合計 次數 | AE1: 合計 設備次數 | AF1: 產能差異分析
A2: 8月7日 星期五 | D2: 人時性 | E2: =AVERAGE(O15,O26,O37,O48,O58,O69,O79) -> 111.84743 | F2: 平均廠價 | G2: =G1/E1 -> 45.882577 | H2: 多次生產數 | I2: =COUNT(I5:I79) -> 0 | Z2: =Z15+Z26+Z37+Z48+Z58+Z69+Z79 -> 1 | AA2: =AA15+AA26+AA37+AA48+AA58+AA69+AA79 -> 35 | AD2: =AD15+AD26+AD37+AD48+AD58+AD69+AD79 -> 0 | AE2: =AE15+AE26+AE37+AE48+AE58+AE69+AE79 -> 0
A3: 線別 | B3: 品類 | D3: 品名 | F3: 廠價 | G3: 生產量 | H3: 營收 | I3: 多次 生產 | J3: 人數 | K3: 產能/時 | L3: 人時性 | M3: 人數 | N3: 產能/時 | O3: 人時性 | P3: 人數 | Q3: 人時性 | R3: 達成率 | S3: 達成率平均 | T3: 生產時間 | V3: 前置、換線時間/分 | W3: 稼動時間/分 | X3: 休息時間 | Z3: 產線異常統計 (5分鐘以上) | AD3: 短暫停線統計 (5分鐘以下) | AF3: 產能/時 | AG3: 達成率 | AH3: 達成率平均
T4: 開始 | U4: 結束 | X4: 開始 | Y4: 結束 | Z4: 次數 | AA4: 時間/分 | AD4: 總次數 | AE4: 設備因素(次數)
A5: 自動一線 (ET-600) | B5: 義大利麵 | D5: 羅馬黑胡椒起司義大利麵 | F5: =VLOOKUP(D5,廠價表!$C$1:$E$43,3,0) -> 50.67 | G5: 1118 | H5: =F5*G5 -> 56649.06 | J5: =VLOOKUP(D5,產線配置圖!$A$3:$C$40,2,0) -> 17 | K5: =VLOOKUP(D5,產線配置圖!$A$3:$C$40,3,0) -> 2250 | L5: =K5/J5 -> 132.35294 | M5: 17 | N5: =G5/W5*60 -> 1916.5714 | O5: =N5/M5 -> 112.7395 | P5: =M5-J5 -> 0 | Q5: =O5-L5 -> -19.613445 | R5: =O5/L5 -> 0.85180952 | S5: =R15 -> 0.90555981 | T5: 0.29375 | U5: 0.31805556 | W5: =(U5-T5)*24*60 -> 35 | AF5: =N5-K5 -> -333.42857 | AG5: =N5/K5 -> 0.85180952 | AH5: =AG15 -> 0.90480071
B6: 義大利麵 | D6: 香煎魚排佐檸檬奶油義大利麵 | F6: =VLOOKUP(D6,廠價表!$C$1:$E$43,3,0) -> 58.17 | G6: 1187 | H6: =F6*G6 -> 69047.79 | J6: =VLOOKUP(D6,產線配置圖!$A$3:$C$40,2,0) -> 13 | K6: =VLOOKUP(D6,產線配置圖!$A$3:$C$40,3,0) -> 2250 | L6: =K6/J6 -> 173.07692 | M6: 13 | N6: =G6/W6*60 -> 1978.3333 | O6: =N6/M6 -> 152.17949 | P6: =M6-J6 -> 0 | Q6: =O6-L6 -> -20.897436 | R6: =O6/L6 -> 0.87925926 | T6: 0.32708333 | U6: 0.35208333 | V6: =(T6-U5)*24*60 -> 13 | W6: =(U6-T6)*24*60 -> 36 | AF6: =N6-K6 -> -271.66667 | AG6: =N6/K6 -> 0.87925926
B7: 義大利麵 | D7: 奶油培根義大利麵 | F7: =VLOOKUP(D7,廠價表!$C$1:$E$43,3,0) -> 49.14 | G7: 3835 | H7: =F7*G7 -> 188451.9 | J7: =VLOOKUP(D7,產線配置圖!$A$3:$C$40,2,0) -> 15 | K7: =VLOOKUP(D7,產線配置圖!$A$3:$C$40,3,0) -> 2250 | L7: =K7/J7 -> 150 | M7: 15 | N7: =G7/W7*60 -> 2212.5 | O7: =N7/M7 -> 147.5 | P7: =M7-J7 -> 0 | Q7: =O7-L7 -> -2.5 | R7: =O7/L7 -> 0.98333333 | T7: 0.35833333 | U7: 0.43055556 | V7: =(T7-U6)*24*60 -> 9 | W7: =(U7-T7)*24*60 -> 104 | AF7: =N7-K7 -> -37.5 | AG7: =N7/K7 -> 0.98333333
W8: =(U8-T8)*24*60 -> 0 | AF8: =N8-K8 -> 0 | AG8: =N8/K8 -> #DIV/0!
W9: =(U9-T9)*24*60 -> 0 | AF9: =N9-K9 -> 0 | AG9: =N9/K9 -> #DIV/0!
W10: =(U10-T10)*24*60 -> 0 | AF10: =N10-K10 -> 0 | AG10: =N10/K10 -> #DIV/0!
W11: =(U11-T11)*24*60 -> 0 | AF11: =N11-K11 -> 0 | AG11: =N11/K11 -> #DIV/0!
W12: =(U12-T12)*24*60 -> 0
W13: =(U13-T13)*24*60 -> 0
W14: =(U14-T14)*24*60 -> 0
C15: 4度一組 | D15: 平均 | J15: =AVERAGE(J5:J14) -> 15 | K15: =AVERAGE(K5:K14) -> 2250 | L15: =AVERAGE(L5:L14) -> 151.80995 | M15: =AVERAGE(M5:M14) -> 15 | N15: =AVERAGE(N5:N14) -> 2035.8016 | O15: =AVERAGE(O5:O14) -> 137.47299 | P15: =M15-J15 -> 0 | Q15: =O15-L15 -> -14.33696 | R15: =O15/L15 -> 0.90555981 | Z15: =SUM(Z5:Z14) -> 0 | AA15: =SUM(AA5:AA14) -> 0 | AD15: =SUM(AD5:AD14) -> 0 | AE15: =SUM(AE5:AE14) -> 0 | AF15: =N15-K15 -> -214.19841 | AG15: =N15/K15 -> 0.90480071
A16: 自動二線 (ET-600) | B16: 義大利麵 | D16: 青醬蛤蜊義大利麵 | F16: =VLOOKUP(D16,廠價表!$C$1:$E$43,3,0) -> 50.67 | G16: 1773 | H16: =F16*G16 -> 89837.91 | J16: =VLOOKUP(D16,產線配置圖!$A$3:$C$40,2,0) -> 13 | K16: =VLOOKUP(D16,產線配置圖!$A$3:$C$40,3,0) -> 2250 | L16: =K16/J16 -> 173.07692 | M16: 13 | N16: =G16/W16*60 -> 2007.1698 | O16: =N16/M16 -> 154.39768 | P16: =M16-J16 -> 0 | Q16: =O16-L16 -> -18.679245 | R16: =O16/L16 -> 0.89207547 | S16: =R26 -> 0.91507496 | T16: 0.29166667 | U16: 0.32847222 | W16: =(U16-T16)*24*60 -> 53 | AF16: =N16-K16 -> -242.83019 | AG16: =N16/K16 -> 0.89207547 | AH16: =AG26 -> 0.91346188
B17: 義大利麵 | D17: 白酒清炒鮮蛤義大利麵 | F17: =VLOOKUP(D17,廠價表!$C$1:$E$43,3,0) -> 56.87 | G17: 2121 | H17: =F17*G17 -> 120621.27 | J17: =VLOOKUP(D17,產線配置圖!$A$3:$C$40,2,0) -> 15 | K17: =VLOOKUP(D17,產線配置圖!$A$3:$C$40,3,0) -> 2250 | L17: =K17/J17 -> 150 | M17: 15 | N17: =G17/W17*60 -> 2020 | O17: =N17/M17 -> 134.66667 | P17: =M17-J17 -> 0 | Q17: =O17-L17 -> -15.333333 | R17: =O17/L17 -> 0.89777778 | T17: 0.33541667 | U17: 0.37916667 | V17: =(T17-U16)*24*60 -> 10 | W17: =(U17-T17)*24*60 -> 63 | AF17: =N17-K17 -> -230 | AG17: =N17/K17 -> 0.89777778
B18: 義大利麵 | D18: 義式蕃茄起司義大利麵 | F18: =VLOOKUP(D18,廠價表!$C$1:$E$43,3,0) -> 50.39 | G18: 4197 | H18: =F18*G18 -> 211486.83 | J18: =VLOOKUP(D18,產線配置圖!$A$3:$C$40,2,0) -> 12 | K18: =VLOOKUP(D18,產線配置圖!$A$3:$C$40,3,0) -> 2250 | L18: =K18/J18 -> 187.5 | M18: 12 | N18: =G18/W18*60 -> 2170.8621 | O18: =N18/M18 -> 180.90517 | P18: =M18-J18 -> 0 | Q18: =O18-L18 -> -6.5948276 | R18: =O18/L18 -> 0.96482759 | T18: 0.38888889 | U18: 0.46944444 | V18: =(T18-U17)*24*60 -> 14 | W18: =(U18-T18)*24*60 -> 116 | AF18: =N18-K18 -> -79.137931 | AG18: =N18/K18 -> 0.96482759
B19: 義大利麵 | D19: 青醬蛤蜊義大利麵 | F19: =VLOOKUP(D19,廠價表!$C$1:$E$43,3,0) -> 50.67 | G19: 1079 | H19: =F19*G19 -> 54672.93 | J19: =VLOOKUP(D19,產線配置圖!$A$3:$C$40,2,0) -> 13 | K19: =VLOOKUP(D19,產線配置圖!$A$3:$C$40,3,0) -> 2250 | L19: =K19/J19 -> 173.07692 | M19: 13 | N19: =G19/W19*60 -> 2023.125 | O19: =N19/M19 -> 155.625 | P19: =M19-J19 -> 0 | Q19: =O19-L19 -> -17.451923 | R19: =O19/L19 -> 0.89916667 | T19: 0.54166667 | U19: 0.56388889 | V19: =(T19-U18)*24*60 -> 104 | W19: =(U19-T19)*24*60 -> 32 | AF19: =N19-K19 -> -226.875 | AG19: =N19/K19 -> 0.89916667
W20: =(U20-T20)*24*60 -> 0
W21: =(U21-T21)*24*60 -> 0
W22: 0
W23: =(U23-T23)*24*60 -> 0
H24: =F24*G24 -> 0 | W24: =(U24-T24)*24*60 -> 0
H25: =F25*G25 -> 0 | W25: =(U25-T25)*24*60 -> 0
C26: 4度二組A | D26: 平均 | J26: =AVERAGE(J16:J25) -> 13.25 | K26: =AVERAGE(K16:K25) -> 2250 | L26: =AVERAGE(L16:L25) -> 170.91346 | M26: =AVERAGE(M16:M25) -> 13.25 | N26: =AVERAGE(N16:N25) -> 2055.2892 | O26: =AVERAGE(O16:O25) -> 156.39863 | P26: =M26-J26 -> 0 | Q26: =O26-L26 -> -14.514832 | R26: =O26/L26 -> 0.91507496 | Z26: =SUM(Z16:Z25) -> 0 | AA26: =SUM(AA16:AA25) -> 0 | AD26: =SUM(AD16:AD25) -> 0 | AE26: =SUM(AE16:AE25) -> 0 | AF26: =N26-K26 -> -194.71078 | AG26: =N26/K26 -> 0.91346188
A27: 手工三線 (ET-55) | B27: 義大利麵 | D27: 蕃茄莎莎海鮮冷義大利麵 | F27: =VLOOKUP(D27,廠價表!$C$1:$E$43,3,0) -> 46.34 | G27: =1146+343 -> 1489 | H27: =F27*G27 -> 69000.26 | J27: =VLOOKUP(D27,產線配置圖!$A$3:$C$40,2,0) -> 16 | K27: =VLOOKUP(D27,產線配置圖!$A$3:$C$40,3,0) -> 1636 | L27: =K27/J27 -> 102.25 | M27: 16 | N27: =G27/W27*60 -> 950.42553 | O27: =N27/M27 -> 59.401596 | P27: =M27-J27 -> 0 | Q27: =O27-L27 -> -42.848404 | R27: =O27/L27 -> 0.5809447 | S27: =R37 -> 0.81064728 | T27: 0.29166667 | U27: 0.35694444 | W27: =(U27-T27)*24*60 -> 94 | Z27: 1 | AA27: 35 | AB27: 07:12-07:28封膜異常,換線生產 07:28-07:47熱轉印下貼標異常停線 | AF27: =N27-K27 -> -685.57447 | AG27: =N27/K27 -> 0.5809447 | AH27: =AG37 -> 0.75605169
B28: 義大利麵 | D28: 義式蛋蛋青醬鮪魚冷義大利麵 | F28: =VLOOKUP(D28,廠價表!$C$1:$E$43,3,0) -> 45.66 | G28: 893 | H28: =F28*G28 -> 40774.38 | J28: =VLOOKUP(D28,產線配置圖!$A$3:$C$40,2,0) -> 17 | K28: =VLOOKUP(D28,產線配置圖!$A$3:$C$40,3,0) -> 1636 | L28: =K28/J28 -> 96.235294 | M28: 16 | N28: =G28/W28*60 -> 1488.3333 | O28: =N28/M28 -> 93.020833 | P28: =M28-J28 -> -1 | Q28: =O28-L28 -> -3.2144608 | R28: =O28/L28 -> 0.9665979 | T28: 0.3625 | U28: 0.3875 | V28: =(T28-U27)*24*60 -> 8 | W28: =(U28-T28)*24*60 -> 36 | AF28: =N28-K28 -> -147.66667 | AG28: =N28/K28 -> 0.9097392
B29: 義大利麵 | D29: 奶油鮮蝦明太子細扁麵 | F29: =VLOOKUP(D29,廠價表!$C$1:$E$43,3,0) -> 57.21 | G29: 851 | H29: =F29*G29 -> 48685.71 | J29: =VLOOKUP(D29,產線配置圖!$A$3:$C$40,2,0) -> 18 | K29: 1636 | L29: =K29/J29 -> 90.888889 | M29: 16 | N29: =G29/W29*60 -> 1276.5 | O29: =N29/M29 -> 79.78125 | P29: =M29-J29 -> -2 | Q29: =O29-L29 -> -11.107639 | R29: =O29/L29 -> 0.87778881 | T29: 0.39722222 | U29: 0.425 | V29: =(T29-U28)*24*60 -> 14 | W29: =(U29-T29)*24*60 -> 40 | AF29: =N29-K29 -> -359.5 | AG29: =N29/K29 -> 0.78025672
B30: 義大利麵 | D30: 金沙豆腐義大利麵 | F30: =VLOOKUP(D30,廠價表!$C$1:$E$43,3,0) -> 49.91 | G30: 915 | H30: =F30*G30 -> 45667.65 | J30: =VLOOKUP(D30,產線配置圖!$A$3:$C$40,2,0) -> 18 | K30: 1636 | L30: =K30/J30 -> 90.888889 | M30: 16 | N30: =G30/W30*60 -> 1220 | O30: =N30/M30 -> 76.25 | P30: =M30-J30 -> -2 | Q30: =O30-L30 -> -14.638889 | R30: =O30/L30 -> 0.83893643 | T30: 0.43055556 | U30: 0.46180556 | V30: =(T30-U29)*24*60 -> 8 | W30: =(U30-T30)*24*60 -> 45 | AF30: =N30-K30 -> -416 | AG30: =N30/K30 -> 0.74572127
B31: 義大利麵 | D31: 金沙豆腐義大利麵 | F31: =VLOOKUP(D31,廠價表!$C$1:$E$43,3,0) -> 49.91 | G31: 1000 | H31: =F31*G31 -> 49910 | J31: =VLOOKUP(D31,產線配置圖!$A$3:$C$40,2,0) -> 18 | K31: 1637 | L31: =K31/J31 -> 90.944444 | M31: 17 | N31: =G31/W31*60 -> 1250 | O31: =N31/M31 -> 73.529412 | P31: =M31-J31 -> -1 | Q31: =O31-L31 -> -17.415033 | R31: =O31/L31 -> 0.80850911 | T31: 0.52291667 | U31: 0.55625 | V31: =(T31-U30)*24*60 -> 88 | W31: =(U31-T31)*24*60 -> 48 | AF31: =N31-K31 -> -387 | AG31: =N31/K31 -> 0.76359194
W32: =(U32-T32)*24*60 -> 0
W33: =(U33-T33)*24*60 -> 0
W34: =(U34-T34)*24*60 -> 0
W35: =(U35-T35)*24*60 -> 0
W36: =(U36-T36)*24*60 -> 0
C37: 4度二組B | D37: 平均 | J37: =AVERAGE(J27:J36) -> 17.4 | K37: =AVERAGE(K27:K36) -> 1636.2 | L37: =AVERAGE(L27:L36) -> 94.241503 | M37: =AVERAGE(M27:M36) -> 16.2 | N37: =AVERAGE(N27:N36) -> 1237.0518 | O37: =AVERAGE(O27:O36) -> 76.396618 | P37: =M37-J37 -> -1.2 | Q37: =N37-K37 -> -399.14823 | R37: =O37/L37 -> 0.81064728 | Z37: =SUM(Z27:Z36) -> 1 | AA37: =SUM(AA27:AA36) -> 35 | AD37: =SUM(AD27:AD36) -> 0 | AE37: =SUM(AE27:AE36) -> 0 | AF37: =N37-K37 -> -399.14823 | AG37: =N37/K37 -> 0.75605169
A38: 手工四線 (ET-55) | B38: 熱乾麵 | D38: 青花椒麻雞肉拌麵 | F38: =VLOOKUP(D38,廠價表!$C$1:$E$43,3,0) -> 49.91 | G38: 2140 | H38: =F38*G38 -> 106807.4 | J38: =VLOOKUP(D38,產線配置圖!$A$3:$C$40,2,0) -> 16 | K38: =VLOOKUP(D38,產線配置圖!$A$3:$C$40,3,0) -> 1714 | L38: =K38/J38 -> 107.125 | M38: 16 | N38: =G38/W38*60 -> 1605 | O38: =N38/M38 -> 100.3125 | P38: =M38-J38 -> 0 | Q38: =O38-L38 -> -6.8125 | R38: =O38/L38 -> 0.93640607 | S38: =R48 -> 0.96966759 | T38: 0.33333333 | U38: 0.38888889 | W38: =(U38-T38)*24*60 -> 80 | AF38: =N38-K38 -> -109 | AG38: =N38/K38 -> 0.93640607 | AH38: =AG48 -> 0.97109685
B39: 熱乾麵 | D39: 府城鹽水意麵 | F39: =VLOOKUP(D39,廠價表!$C$1:$E$43,3,0) -> 44.3 | G39: =2632+300 -> 2932 | H39: =F39*G39 -> 129887.6 | J39: =VLOOKUP(D39,產線配置圖!$A$3:$C$40,2,0) -> 18 | K39: =VLOOKUP(D39,產線配置圖!$A$3:$C$40,3,0) -> 1636 | L39: =K39/J39 -> 90.888889 | M39: 18 | N39: =G39/W39*60 -> 1628.8889 | O39: =N39/M39 -> 90.493827 | P39: =M39-J39 -> 0 | Q39: =O39-L39 -> -0.39506173 | R39: =O39/L39 -> 0.99565336 | T39: 0.39861111 | U39: 0.47361111 | V39: =(T39-U38)*24*60 -> 14 | W39: =(U39-T39)*24*60 -> 108 | AF39: =N39-K39 -> -7.1111111 | AG39: =N39/K39 -> 0.99565336
B40: 熱乾麵 | D40: 府城鹽水意麵 | F40: =VLOOKUP(D40,廠價表!$C$1:$E$43,3,0) -> 44.3 | G40: =744+60 -> 804 | H40: =F40*G40 -> 35617.2 | J40: =VLOOKUP(D40,產線配置圖!$A$3:$C$40,2,0) -> 18 | K40: =VLOOKUP(D40,產線配置圖!$A$3:$C$40,3,0) -> 1636 | L40: =K40/J40 -> 90.888889 | M40: 18 | N40: =G40/W40*60 -> 1608 | O40: =N40/M40 -> 89.333333 | P40: =M40-J40 -> 0 | Q40: =O40-L40 -> -1.5555556 | R40: =O40/L40 -> 0.98288509 | T40: 0.53819444 | U40: 0.55902778 | V40: =(T40-U39)*24*60 -> 93 | W40: =(U40-T40)*24*60 -> 30 | AF40: =N40-K40 -> -28 | AG40: =N40/K40 -> 0.98288509
W41: =(U41-T41)*24*60 -> 0
W42: =(U42-T42)*24*60 -> 0
W43: =(U43-T43)*24*60 -> 0
W44: =(U44-T44)*24*60 -> 0
W45: =(U45-T45)*24*60 -> 0
W46: =(U46-T46)*24*60 -> 0
H47: =F47*G47 -> 0 | W47: =(U47-T47)*24*60 -> 0
C48: 4度二組C1 | D48: 平均 | J48: =AVERAGE(J38:J47) -> 17.333333 | K48: =AVERAGE(K38:K47) -> 1662 | L48: =AVERAGE(L38:L47) -> 96.300926 | M48: =AVERAGE(M38:M47) -> 17.333333 | N48: =AVERAGE(N38:N47) -> 1613.963 | O48: =AVERAGE(O38:O47) -> 93.379887 | P48: =M48-J48 -> 0 | Q48: =N48-K48 -> -48.037037 | R48: =O48/L48 -> 0.96966759 | W48: =(U48-T48)*24*60 -> 0 | Z48: =SUM(Z38:Z47) -> 0 | AA48: =SUM(AA38:AA47) -> 0 | AD48: =SUM(AD38:AD47) -> 0 | AE48: =SUM(AE38:AE47) -> 0 | AF48: =N48-K48 -> -48.037037 | AG48: =N48/K48 -> 0.97109685
A49: 手工五線 (ET-55) | B49: 熱乾麵 | D49: 沙茶豬肉炒麵 | F49: =VLOOKUP(D49,廠價表!$C$1:$E$43,3,0) -> 49.52 | G49: =1754+121 -> 1875 | H49: =F49*G49 -> 92850 | J49: =VLOOKUP(D49,產線配置圖!$A$3:$C$40,2,0) -> 17 | K49: =VLOOKUP(D49,產線配置圖!$A$3:$C$40,3,0) -> 1800 | L49: =K49/J49 -> 105.88235 | M49: 17 | N49: =G49/W49*60 -> 1730.7692 | O49: =N49/M49 -> 101.80995 | P49: =M49-J49 -> 0 | Q49: =O49-L49 -> -4.0723982 | R49: =O49/L49 -> 0.96153846 | S49: =R58 -> 0.90374477 | T49: 0.29166667 | U49: 0.33680556 | W49: =(U49-T49)*24*60 -> 65 | AF49: =N49-K49 -> -69.230769 | AG49: =N49/K49 -> 0.96153846 | AH49: =AG58 -> 0.90527891
B50: 義大利麵 | D50: 黑松露野菇義大利麵 | F50: =VLOOKUP(D50,廠價表!$C$1:$E$43,3,0) -> 50.289 | G50: 1558 | H50: =F50*G50 -> 78350.262 | J50: =VLOOKUP(D50,產線配置圖!$A$3:$C$40,2,0) -> 17 | K50: =VLOOKUP(D50,產線配置圖!$A$3:$C$40,3,0) -> 1636 | L50: =K50/J50 -> 96.235294 | M50: 17 | N50: =G50/W50*60 -> 1558 | O50: =N50/M50 -> 91.647059 | P50: =M50-J50 -> 0 | Q50: =O50-L50 -> -4.5882353 | R50: =O50/L50 -> 0.95232274 | T50: 0.34930556 | U50: 0.39097222 | V50: =(T50-U49)*24*60 -> 18 | W50: =(U50-T50)*24*60 -> 60 | AF50: =N50-K50 -> -78 | AG50: =N50/K50 -> 0.95232274
B51: 義大利麵 | D51: 焗烤起司雙饗筆尖麵 | F51: =VLOOKUP(D51,廠價表!$C$1:$E$43,3,0) -> 49.97 | G51: 2200 | H51: =F51*G51 -> 109934 | J51: =VLOOKUP(D51,產線配置圖!$A$3:$C$40,2,0) -> 16 | K51: =VLOOKUP(D51,產線配置圖!$A$3:$C$40,3,0) -> 1800 | L51: =K51/J51 -> 112.5 | M51: 16 | N51: =G51/W51*60 -> 1483.1461 | O51: =N51/M51 -> 92.696629 | P51: =M51-J51 -> 0 | Q51: =O51-L51 -> -19.803371 | R51: =O51/L51 -> 0.82397004 | T51: 0.39652778 | U51: 0.45833333 | V51: =(T51-U50)*24*60 -> 8 | W51: =(U51-T51)*24*60 -> 89 | AF51: =N51-K51 -> -316.85393 | AG51: =N51/K51 -> 0.82397004
B52: 義大利麵 | D52: 焗烤起司雙饗筆尖麵 | F52: =VLOOKUP(D52,廠價表!$C$1:$E$43,3,0) -> 49.97 | G52: =1461+110 -> 1571 | H52: =F52*G52 -> 78502.87 | J52: =VLOOKUP(D52,產線配置圖!$A$3:$C$40,2,0) -> 16 | K52: =VLOOKUP(D52,產線配置圖!$A$3:$C$40,3,0) -> 1800 | L52: =K52/J52 -> 112.5 | M52: 16 | N52: =G52/W52*60 -> 1597.6271 | O52: =N52/M52 -> 99.851695 | P52: =M52-J52 -> 0 | Q52: =O52-L52 -> -12.648305 | R52: =O52/L52 -> 0.88757062 | T52: 0.51736111 | U52: 0.55833333 | V52: =(T52-U51)*24*60 -> 85 | W52: =(U52-T52)*24*60 -> 59 | AF52: =N52-K52 -> -202.37288 | AG52: =N52/K52 -> 0.88757062
W53: =(U53-T53)*24*60 -> 0
W54: =(U54-T54)*24*60 -> 0
W55: =(U55-T55)*24*60 -> 0
W56: =(U56-T56)*24*60 -> 0
W57: =(U57-T57)*24*60 -> 0
C58: 4度二組C2 | D58: 平均 | J58: =AVERAGE(J49:J57) -> 16.5 | K58: =AVERAGE(K49:K57) -> 1759 | L58: =AVERAGE(L49:L57) -> 106.77941 | M58: =AVERAGE(M49:M57) -> 16.5 | N58: =AVERAGE(N49:N57) -> 1592.3856 | O58: =AVERAGE(O49:O57) -> 96.501334 | P58: =M58-J58 -> 0 | Q58: =N58-K58 -> -166.6144 | R58: =O58/L58 -> 0.90374477 | Z58: =SUM(Z49:Z57) -> 0 | AA58: =SUM(AA49:AA57) -> 0 | AD58: =SUM(AD49:AD57) -> 0 | AE58: =SUM(AE49:AE57) -> 0 | AF58: =N58-K58 -> -166.6144 | AG58: =N58/K58 -> 0.90527891
A59: 調理包一線 (八爪機) | B59: 小吃、微波 | D59: 小滷青蔬 | F59: =VLOOKUP(D59,廠價表!$C$1:$E$43,3,0) -> 26.99 | G59: 2542 | H59: =F59*G59 -> 68608.58 | J59: =VLOOKUP(D59,產線配置圖!$A$3:$C$40,2,0) -> 15 | K59: =VLOOKUP(D59,產線配置圖!$A$3:$C$40,3,0) -> 1636 | L59: =K59/J59 -> 109.06667 | M59: 15 | N59: =G59/W59*60 -> 1452.5714 | O59: =N59/M59 -> 96.838095 | P59: =M59-J59 -> 0 | Q59: =O59-L59 -> -12.228571 | R59: =O59/L59 -> 0.88787985 | S59: =R69 -> 0.90443811 | T59: 0.29166667 | U59: 0.36458333 | W59: =(U59-T59)*24*60 -> 105 | AF59: =N59-K59 -> -183.42857 | AG59: =N59/K59 -> 0.88787985 | AH59: =AG69 -> 0.903555
B60: 小吃、微波 | D60: 韓式炒冬粉 | F60: =VLOOKUP(D60,廠價表!$C$1:$E$43,3,0) -> 28.26 | G60: =833+100 -> 933 | H60: =F60*G60 -> 26366.58 | J60: =VLOOKUP(D60,產線配置圖!$A$3:$C$40,2,0) -> 11 | K60: =VLOOKUP(D60,產線配置圖!$A$3:$C$40,3,0) -> 1636 | L60: =K60/J60 -> 148.72727 | M60: 11 | N60: =G60/W60*60 -> 1399.5 | O60: =N60/M60 -> 127.22727 | P60: =M60-J60 -> 0 | Q60: =O60-L60 -> -21.5 | R60: =O60/L60 -> 0.8554401 | T60: 0.37847222 | U60: 0.40625 | V60: =(T60-U59)*24*60 -> 20 | W60: =(U60-T60)*24*60 -> 40 | AF60: =N60-K60 -> -236.5 | AG60: =N60/K60 -> 0.8554401
B61: 小吃、微波 | D61: 起司馬鈴薯 | F61: =VLOOKUP(D61,廠價表!$C$1:$E$43,3,0) -> 28.26 | G61: 1243 | H61: =F61*G61 -> 35127.18 | J61: =VLOOKUP(D61,產線配置圖!$A$3:$C$40,2,0) -> 11 | K61: =VLOOKUP(D61,產線配置圖!$A$3:$C$40,3,0) -> 1636 | L61: =K61/J61 -> 148.72727 | M61: 11 | N61: =G61/W61*60 -> 1586.8085 | O61: =N61/M61 -> 144.25532 | P61: =M61-J61 -> 0 | Q61: =O61-L61 -> -4.4719536 | R61: =O61/L61 -> 0.96993185 | T61: 0.41527778 | U61: 0.44791667 | V61: =(T61-U60)*24*60 -> 13 | W61: =(U61-T61)*24*60 -> 47 | AF61: =N61-K61 -> -49.191489 | AG61: =N61/K61 -> 0.96993185
B62: 小吃、微波 | D62: 麻辣雞心 | F62: =VLOOKUP(D62,廠價表!$C$1:$E$43,3,0) -> 28.26 | G62: 1373 | H62: =F62*G62 -> 38800.98 | J62: =VLOOKUP(D62,產線配置圖!$A$3:$C$40,2,0) -> 11 | K62: =VLOOKUP(D62,產線配置圖!$A$3:$C$40,3,0) -> 1636 | L62: =K62/J62 -> 148.72727 | M62: 11 | N62: =G62/W62*60 -> 1373 | O62: =N62/M62 -> 124.81818 | P62: =M62-J62 -> 0 | Q62: =O62-L62 -> -23.909091 | R62: =O62/L62 -> 0.83924205 | T62: 0.45486111 | U62: 0.49652778 | V62: =(T62-U61)*24*60 -> 10 | W62: =(U62-T62)*24*60 -> 60 | AF62: =N62-K62 -> -263 | AG62: =N62/K62 -> 0.83924205
B63: 小吃、微波 | D63: 麻辣雞心 | F63: =VLOOKUP(D63,廠價表!$C$1:$E$43,3,0) -> 28.26 | G63: =1286+30 -> 1316 | H63: =F63*G63 -> 37190.16 | J63: =VLOOKUP(D63,產線配置圖!$A$3:$C$40,2,0) -> 11 | K63: =VLOOKUP(D63,產線配置圖!$A$3:$C$40,3,0) -> 1636 | L63: =K63/J63 -> 148.72727 | M63: 11 | N63: =G63/W63*60 -> 1579.2 | O63: =N63/M63 -> 143.56364 | P63: =M63-J63 -> 0 | Q63: =O63-L63 -> -5.1636364 | R63: =O63/L63 -> 0.96528117 | T63: 0.54861111 | U63: 0.58333333 | V63: =(T63-U62)*24*60 -> 75 | W63: =(U63-T63)*24*60 -> 50 | AF63: =N63-K63 -> -56.8 | AG63: =N63/K63 -> 0.96528117
W64: =(U64-T64)*24*60 -> 0
W65: =(U65-T65)*24*60 -> 0
W66: =(U66-T66)*24*60 -> 0
W67: =(U67-T67)*24*60 -> 0
H68: =F68*G68 -> 0 | W68: =(U68-T68)*24*60 -> 0
C69: 4度三組 | D69: 平均 | J69: =AVERAGE(J59:J68) -> 11.8 | K69: =AVERAGE(K59:K68) -> 1636 | L69: =AVERAGE(L59:L68) -> 140.79515 | M69: =AVERAGE(M59:M68) -> 11.8 | N69: =AVERAGE(N59:N68) -> 1478.216 | O69: =AVERAGE(O59:O68) -> 127.3405 | P69: =M69-J69 -> 0 | Q69: =N69-K69 -> -157.78401 | R69: =O69/L69 -> 0.90443811 | Z69: =SUM(Z59:Z68) -> 0 | AA69: =SUM(AA59:AA68) -> 0 | AD69: =SUM(AD59:AD68) -> 0 | AE69: =SUM(AE59:AE68) -> 0 | AF69: =N69-K69 -> -157.78401 | AG69: =N69/K69 -> 0.903555
A70: 調理包二線 (手工) | B70: 義大利麵 | D70: 鱈魚粉紅青醬筆尖麵 | F70: =VLOOKUP(D70,廠價表!$C$1:$E$43,3,0) -> 43.89 | G70: 567 | H70: =F70*G70 -> 24885.63 | J70: =VLOOKUP(D70,產線配置圖!$A$3:$C$40,2,0) -> 14 | K70: =VLOOKUP(D70,產線配置圖!$A$3:$C$40,3,0) -> 1565 | L70: =K70/J70 -> 111.78571 | M70: 8 | N70: =G70/W70*60 -> 739.56522 | O70: =N70/M70 -> 92.445652 | P70: =M70-J70 -> -6 | Q70: =O70-L70 -> -19.340062 | R70: =O70/L70 -> 0.82698986 | S70: =R79 -> 0.82353719 | T70: 0.30555556 | U70: 0.3375 | W70: =(U70-T70)*24*60 -> 46 | AF70: =N70-K70 -> -825.43478 | AG70: =N70/K70 -> 0.47256563 | AH70: =AG79 -> 0.65909177
B71: 義大利麵 | D71: 番茄蘑菇義大利麵 | F71: =VLOOKUP(D71,廠價表!$C$1:$E$43,3,0) -> 43.89 | G71: 1534 | H71: =F71*G71 -> 67327.26 | J71: 10 | K71: 1200 | L71: =K71/J71 -> 120 | M71: 11 | N71: =G71/W71*60 -> 1082.8235 | O71: =N71/M71 -> 98.438503 | P71: =M71-J71 -> 1 | Q71: =O71-L71 -> -21.561497 | R71: =O71/L71 -> 0.82032086 | T71: 0.34375 | U71: 0.40277778 | V71: =(T71-U70)*24*60 -> 9 | W71: =(U71-T71)*24*60 -> 85 | AF71: -300.3125 | AG71: 0.80810703
W72: =(U72-T72)*24*60 -> 0 | AF72: -130.33333 | AG72: 0.91671991
W73: =(U73-T73)*24*60 -> 0
W74: =(U74-T74)*24*60 -> 0
W75: =(U75-T75)*24*60 -> 0
H76: =F76*G76 -> 0 | W76: =(U76-T76)*24*60 -> 0
H77: =F77*G77 -> 0 | W77: =(U77-T77)*24*60 -> 0
H78: =F78*G78 -> 0 | W78: =(U78-T78)*24*60 -> 0
C79: 4度四組 | D79: 平均 | J79: =AVERAGE(J70:J78) -> 12 | K79: =AVERAGE(K70:K78) -> 1382.5 | L79: =AVERAGE(L70:L78) -> 115.89286 | M79: =AVERAGE(M70:M78) -> 9.5 | N79: =AVERAGE(N70:N78) -> 911.19437 | O79: =AVERAGE(O70:O78) -> 95.442077 | P79: =M79-J79 -> -2.5 | Q79: =N79-K79 -> -471.30563 | R79: =O79/L79 -> 0.82353719 | Z79: =SUM(Z70:Z78) -> 0 | AA79: =SUM(AA70:AA78) -> 0 | AD79: =SUM(AD70:AD78) -> 0 | AE79: =SUM(AE70:AE78) -> 0 | AF79: =N79-K79 -> -471.30563 | AG79: =N79/K79 -> 0.65909177
AJ80: 1.當日出勤人數較多
AJ81: 2.當日出勤人數較少
AJ82: 3.當日出勤熟手較少
AJ83: 4.當日出勤新人較多
AJ84: 5.機台夾盒
AJ85: 6.封膜不順
AJ86: 7.更換膠膜
AJ87: 8.更換碳帶
AJ88: 9.當日熱轉印碳帶異常
AJ89: 10.訂單量過少
AJ90: 11.新品上市，尚未熟悉
AJ91: 12.商品結構，產能較低
AJ92: 13.區域出貨，分段生產

Sheet 0808總
B1: 長家廠組合室生產人時性分析
B3: 日期 | D3: =DATE(2026,8,8) -> 46242 | F3: 訂單量 | G3: ='0808'!E1 -> 46671 | I3: 營業額 | J3: ='0808'!G1 -> 2141485.8
B4: 項目 | D4: 3 | F4: ➀ | H4: ➁ | J4: ③ | L4: 異常停線 | N4: 短暫停線
B5: 人時性 | D5: 組合室 | F5: 全溫層 | H5: 義大利麵 | J5: 袋裝小吃、義麵 | L5: 合計次數 | M5: 時間 | N5: 合計次數 | O5: 設備次數
D6: 排關平均 | F6: =AVERAGE(D13:J13) -> 125.66492 | H6: =AVERAGE(D13:H13) -> 124.55483 | J6: =AVERAGE(I13:J13) -> 128.44016 | L6: ='0808'!Z2 -> 0 | M6: ='0808'!AA2 -> 0 | N6: ='0808'!AD2 -> 0 | O6: ='0808'!AE2 -> 0
D7: 實績平均 | F7: =AVERAGE(D14:J14) -> 115.75673 | H7: =AVERAGE(D14:H14) -> 114.94922 | J7: =AVERAGE(I14:J14) -> 117.77551
D8: 達成率平均 | F8: =AVERAGE(D15:J15) -> 0.91724552 | H8: =AVERAGE(D15:H15) -> 0.92005894 | J8: =AVERAGE(I15:J15) -> 0.91021198
J9: ※現行日本鮮食廠以達成率80%為基本(即為現行KPI)
B10: 溫層 | D10: 4度C-各編組展開
B11: 編組 | D11: 1 | E11: 2 | F11: 3 | G11: 4 | H11: 5 | I11: 6 | J11: 7
D12: 自動1線 | E12: 自動2線 | F12: 手工3線 | G12: 手工4線 | H12: 手工5線 | I12: 調理包1線 | J12: 調理包2線
B13: 人時性 | C13: 排關 | D13: =VALUE('0808'!L15) -> 151.80995 | E13: =VALUE('0808'!L26) -> 170.91346 | F13: =VALUE('0808'!L37) -> 94.264379 | G13: =VALUE('0808'!L48) -> 99.006944 | H13: =VALUE('0808'!L58) -> 106.77941 | I13: =VALUE('0808'!L69) -> 140.79515 | J13: ='0808'!L79 -> 116.08516
C14: 實績 | D14: =VALUE('0808'!O15) -> 139.90987 | E14: =VALUE('0808'!O26) -> 161.279 | F14: =VALUE('0808'!O37) -> 83.697275 | G14: =VALUE('0808'!O48) -> 93.982507 | H14: =VALUE('0808'!O58) -> 95.877468 | I14: =VALUE('0808'!O69) -> 138.04207 | J14: ='0808'!O79 -> 97.508956
C15: 達成率 | D15: =D14/D13 -> 0.92161195 | E15: =E14/E13 -> 0.94362958 | F15: =F14/F13 -> 0.88789928 | G15: =G14/G13 -> 0.94925167 | H15: =H14/H13 -> 0.89790219 | I15: =I14/I13 -> 0.9804462 | J15: ='0808'!S70 -> 0.83997776
B16: 作業 時間 | C16: 開始 | D16: ='0808'!T5 -> 0.29236111 | E16: ='0808'!T16 -> 0.29166667 | F16: ='0808'!T27 -> 0.29166667 | G16: ='0808'!T38 -> 0.33333333 | H16: ='0808'!T49 -> 0.29166667 | I16: ='0808'!T59 -> 0.29027778 | J16: ='0808'!T70 -> 0.29861111
C17: 結束 | D17: 0.44444444 | E17: 0.58472222 | F17: 0.56388889 | G17: 0.48055556 | H17: 0.575 | I17: 0.57638889 | J17: 0.40625
B18: 產線異常 (5分鐘以上) | C18: 次數 | D18: ='0808'!Z15 -> 0 | E18: ='0808'!Z26 -> 0 | F18: ='0808'!Z37 -> 0 | G18: ='0808'!Z48 -> 0 | H18: ='0808'!Z58 -> 0 | I18: ='0808'!Z69 -> 0 | J18: ='0808'!AA79 -> 0
C19: 時間/分 | D19: ='0808'!AA15 -> 0 | E19: ='0808'!AA26 -> 0 | F19: ='0808'!AA37 -> 0 | G19: ='0808'!AA48 -> 0 | H19: ='0808'!AA58 -> 0 | I19: ='0808'!AA69 -> 0 | J19: ='0808'!AB79 -> 0
B20: 短暫停線 (5分鐘以下) | C20: 次數 | D20: ='0808'!AD15 -> 0 | E20: ='0808'!AD26 -> 0 | F20: ='0808'!AD37 -> 0 | G20: ='0808'!AD48 -> 0 | H20: ='0808'!AD58 -> 0 | I20: ='0808'!AD69 -> 0 | J20: ='0808'!AD79 -> 0
C21: 設備次數 | D21: ='0808'!AE15 -> 0 | E21: ='0808'!AE26 -> 0 | F21: ='0808'!AE37 -> 0 | G21: ='0808'!AE48 -> 0 | H21: ='0808'!AE58 -> 0 | I21: ='0808'!AE69 -> 0 | J21: ='0808'!AE79 -> 0
