Workbook

Sheet 廠價表
A1: check | B1: 溫層 | C1: 品名 | D1: 類別 | E1: 廠價
B2: 4度C | C2: 白酒蛤蜊義大利麵 | D2: 義大利麵 | E2: 57.21
B3: 4度C | C3: 南洋紅咖哩豬義大利麵 | D3: 義大利麵 | E3: 56.43
B4: 4度C | C4: 義式蕃茄起司義大利麵 | D4: 義大利麵 | E4: 50.39
B5: 4度C | C5: 焗烤起司雙饗筆尖麵 | D5: 義大利麵 | E5: 49.97
B6: 4度C | C6: 奶油培根義大利麵 | D6: 義大利麵 | E6: 49.14
B7: 4度C | C7: 燻火腿貓耳朵麵 | D7: 義大利麵 | E7: 58.17
B8: 4度C | C8: 惡魔乳酪生義大利麵 | D8: 義大利麵 | E8: 57.3
B9: 4度C | C9: 焗烤起司肉醬筆尖麵 | D9: 義大利麵 | E9: 50.67
B10: 4度C | C10: 辣味香菜雞肉義大利麵 | D10: 義大利麵 | E10: 56.28
B11: 4度C | C11: 蒜香奶油蝦蝦義大利麵 | D11: 義大利麵 | E11: 57.21
B12: 4度C | C12: 剝皮辣椒雞奶油扁麵 | D12: 義大利麵 | E12: 56.87
B13: 4度C | C13: 奶油蒜香雞義大利麵 | D13: 義大利麵 | E13: 55.13
... B49: 冷凍 | C49: 辣蕃茄義大利麵 | D49: 冷凍調理麵 | E49: 29.38
B50: 冷凍 | D50: 冷凍調理麵
B51: 冷凍 | C51: 韓式起司義大利麵 | D51: 冷凍調理麵 | E51: 29.38
B52: 冷凍 | D52: 冷凍調理麵
B53: 冷凍 | C53: 和風明太子細扁麵 | D53: 冷凍調理麵 | E53: 29.38

Sheet 產線配置圖
A1: 品項 | B1: 人數 | C1: 產能
A2: 義大利麵
A3: 白酒蛤蜊義大利麵 | B3: 12 | C3: 2105 | D3: ET-600
A4: 白酒蛤蜊義大利麵-手 | B4: 15 | C4: 1565 | D4: ET-55
A5: 青醬蛤蜊義大利麵 | B5: 12 | C5: 2100
A6: 義式蕃茄起司義大利麵 | B6: 11 | C6: 2100
A7: 焗烤起司雙饗筆尖麵 | B7: 16 | C7: 1714
A8: 奶油培根義大利麵 | B8: 13 | C8: 2100
A9: 剝皮辣椒雞奶油扁麵 | B9: 17 | C9: 1565
A10: 青花椒麻雞肉拌麵 | B10: 15 | C10: 1565
A11: 濃拿坡里義大利麵 | B11: 16 | C11: 1406
A12: 奶油起司蝦仁通心粉 | B12: 16 | C12: 1636
A13: 剝皮辣椒雞奶油扁麵-降速生產(3線) | B13: 16 | C13: 1440
A14: 辣味香菜雞肉義大利麵 | B14: 15 | C14: 1800
A15: 惡魔乳酪生義大利麵 | B15: 14 | C15: 1500
A16: 沙茶豬肉炒麵 | B16: 17 | C16: 1440
... A20: 蒜香奶油蝦蝦義大利麵 | B20: 15 | C20: 2000
A24: 調理包
A25: 小滷青蔬 | B25: 13 | C25: 1565
A26: 起司馬鈴薯 | B26: 12 | C26: 1565
A27: 台式綜合甜不辣 | B27: 12 | C27: 1565
A28: 三杯菇菇米血 | B28: 12 | C28: 1565
A29: 麻辣雞心 | B29: 9 | C29: 1636
E32: 更新日期03/04

Sheet 範本總
B1: 長家廠組合室生產人時性分析
B3: 日期 | D3: 46015 | F3: 訂單量 | G3: =範本!E1 -> 43309 | I3: 營業額 | J3: =範本!G1 -> #N/A
B4: 項目 | D4: 3 | F4: ➀ | H4: ➁ | J4: ③ | L4: 異常停線 | N4: 短暫停線
B5: 人時性 | D5: 組合室 | F5: 全溫層 | H5: 義大利麵 | J5: 袋裝小吃、義麵 | L5: 合計次數 | M5: 時間 | N5: 合計次數 | O5: 設備次數
D6: 排關平均 | F6: =AVERAGE(D13:J13) -> #N/A | H6: =AVERAGE(D13:H13) -> #N/A | J6: =AVERAGE(I13:J13) -> #N/A | L6: =範本!Z2 -> 0 | M6: =範本!AA2 -> 0 | N6: =範本!AD2 -> 0 | O6: =範本!AE2 -> 0
D7: 實績平均 | F7: =AVERAGE(D14:J14) -> 116.11475 | H7: =AVERAGE(D14:H14) -> 117.36075 | J7: =AVERAGE(I14:J14) -> 112.99975
D8: 達成率平均 | F8: =AVERAGE(D15:J15) -> #N/A | H8: =AVERAGE(D15:H15) -> #N/A | J8: =AVERAGE(I15:J15) -> #N/A
J9: ※現行日本鮮食廠以達成率80%為基本(即為現行KPI)
B10: 溫層 | D10: 4度C-各編組展開
B11: 編組 | D11: 1 | E11: 2 | F11: 3 | G11: 4 | H11: 5 | I11: 6 | J11: 7
D12: 自動1線 | E12: 自動2線 | F12: 手工3線 | G12: 手工4線 | H12: 手工5線 | I12: 調理包1線 | J12: 調理包2線
B13: 人時性 | C13: 排關 | D13: =VALUE(範本!L15) -> #N/A | E13: =VALUE(範本!L26) -> #N/A | F13: =VALUE(範本!L37) -> #N/A | G13: =VALUE(範本!L48) -> #N/A | H13: =VALUE(範本!L58) -> #N/A | I13: =VALUE(範本!L69) -> #N/A | J13: =範本!L79 -> #N/A
C14: 實績 | D14: =VALUE(範本!O15) -> 113.91637 | E14: =VALUE(範本!O26) -> 132.12003 | F14: =VALUE(範本!O37) -> 126.23842 | G14: =VALUE(範本!O48) -> 112.0543 | H14: =VALUE(範本!O58) -> 102.47462 | I14: =VALUE(範本!O69) -> 155.46443 | J14: =範本!O79 -> 70.535065
C15: 達成率 | D15: =D14/D13 -> #N/A | E15: =E14/E13 -> #N/A | F15: =F14/F13 -> #N/A | G15: =G14/G13 -> #N/A | H15: =H14/H13 -> #N/A | I15: =I14/I13 -> #N/A | J15: =範本!S70 -> #N/A
B16: 作業 時間 | C16: 開始 | D16: =範本!T5 -> 0.29097222 | E16: =範本!T16 -> 0.29097222 | F16: =範本!T27 -> 0.29166667 | G16: =範本!T38 -> 0.33333333 | H16: =範本!T49 -> 0.29166667 | I16: =範本!T59 -> 0.29166667 | J16: =範本!T70 -> 0.34722222
C17: 結束 | D17: 0.47361111 | E17: 0.48263889 | F17: 0.56944444 | G17: 0.60416667 | H17: 0.58333333 | I17: 0.48819444 | J17: 0.46875
B18: 產線異常 (5分鐘以上) | C18: 次數
C19: 時間/分
B20: 短暫停線 (5分鐘以下) | C20: 次數
C21: 設備次數
B22: 配置人數 | D22: =VALUE(範本!M15) -> 15 | E22: =VALUE(範本!M26) -> 12.666667 | F22: =VALUE(範本!M37) -> 14.666667 | G22: =VALUE(範本!M48) -> 14 | H22: =VALUE(範本!M58) -> 17.666667 | I22: =VALUE(範本!M69) -> 12.333333 | J22: =範本!M79 -> 11
B23: 主要應用設備 | D23: ET-600 | E23: ET-600 | F23: ET-55 | G23: ET-55 | H23: ET-55 | I23: 八爪機
B24: 次要應用設備 | H24: 封口機
B25: 備註

Sheet 範本
A1: 長家廠4度C日報分析 | D1: 總生產量 | E1: =SUM(G5:G79) -> 43309 | F1: 營業額 | G1: =SUM(H5:H79) -> #N/A | H1: 出勤人數 | I1: =M15+M26+M48+M58+M69+M79+M37 -> 97.333333 | J1: 產線配置圖 | M1: 生產實績 | P1: 人時性差異分析 | T1: 日報登錄 | Z1: 合計 次數 | AA1: 合計 時間/分 | AB1: 分析說明 | AD1: 合計 次數 | AE1: 合計 設備次數 | AF1: 產能差異分析
A2: 12月24日 星期三 | D2: 人時性 | E2: =AVERAGE(O15,O26,O37,O48,O58,O69,O79) -> 116.11475 | F2: 平均廠價 | G2: =G1/E1 -> #N/A | H2: 多次生產數 | I2: =COUNT(I5:I79) -> 0 | Z2: =Z15+Z26+Z37+Z48+Z58+Z69+Z79 -> 0 | AA2: =AA15+AA26+AA37+AA48+AA58+AA69+AA79 -> 0 | AD2: =AD15+AD26+AD37+AD48+AD58+AD69+AD79 -> 0 | AE2: =AE15+AE26+AE37+AE48+AE58+AE69+AE79 -> 0
A3: 線別 | B3: 品類 | D3: 品名 | F3: 廠價 | G3: 生產量 | H3: 營收 | I3: 多次 生產 | J3: 人數 | K3: 產能/時 | L3: 人時性 | M3: 人數 | N3: 產能/時 | O3: 人時性 | P3: 人數 | Q3: 人時性 | R3: 達成率 | S3: 達成率平均 | T3: 生產時間 | V3: 前置、換線時間/分 | W3: 稼動時間/分 | X3: 休息時間 | Z3: 產線異常統計 (5分鐘以上) | AD3: 短暫停線統計 (5分鐘以下) | AF3: 產能/時 | AG3: 達成率 | AH3: 達成率平均
T4: 開始 | U4: 結束 | X4: 開始 | Y4: 結束 | Z4: 次數 | AA4: 時間/分 | AD4: 總次數 | AE4: 設備因素(次數)
A5: 自動一線 (ET-600) | B5: =VLOOKUP(D5,廠價表!$C$1:$E$41,2,0) -> #N/A | F5: =VLOOKUP(D5,廠價表!$C$1:$E$41,3,0) -> #N/A | G5: 2263 | H5: =F5*G5 -> #N/A | J5: =VLOOKUP(D5,產線配置圖!$A$3:$C$38,2,0) -> #N/A | K5: =VLOOKUP(D5,產線配置圖!$A$3:$C$38,3,0) -> #N/A | L5: =K5/J5 -> #N/A | M5: 15 | N5: =G5/W5*60 -> 1444.4681 | O5: =N5/M5 -> 96.297872 | P5: =M5-J5 -> #N/A | Q5: =O5-L5 -> #N/A | R5: =O5/L5 -> #N/A | S5: =R15 -> #N/A | T5: 0.29097222 | U5: 0.35625 | W5: =(U5-T5)*24*60 -> 94 | AF5: =N5-K5 -> #N/A | AG5: =N5/K5 -> #N/A | AH5: =AG15 -> #N/A
B6: =VLOOKUP(D6,廠價表!$C$1:$E$41,2,0) -> #N/A | F6: =VLOOKUP(D6,廠價表!$C$1:$E$41,3,0) -> #N/A | G6: 1180 | H6: =F6*G6 -> #N/A | J6: =VLOOKUP(D6,產線配置圖!$A$3:$C$38,2,0) -> #N/A | K6: =VLOOKUP(D6,產線配置圖!$A$3:$C$38,3,0) -> #N/A | L6: =K6/J6 -> #N/A | M6: 17 | N6: =G6/W6*60 -> 1609.0909 | O6: =N6/M6 -> 94.652406 | P6: =M6-J6 -> #N/A | Q6: =O6-L6 -> #N/A | R6: =O6/L6 -> #N/A | T6: 0.36458333 | U6: 0.39513889 | V6: =(T6-U5)*24*60 -> 12 | W6: =(U6-T6)*24*60 -> 44 | AF6: =N6-K6 -> #N/A | AG6: =N6/K6 -> #N/A
B7: =VLOOKUP(D7,廠價表!$C$1:$E$41,2,0) -> #N/A | F7: =VLOOKUP(D7,廠價表!$C$1:$E$41,3,0) -> #N/A | G7: 3398 | H7: =F7*G7 -> #N/A | J7: =VLOOKUP(D7,產線配置圖!$A$3:$C$38,2,0) -> #N/A | K7: =VLOOKUP(D7,產線配置圖!$A$3:$C$38,3,0) -> #N/A | L7: =K7/J7 -> #N/A | M7: 13 | N7: =G7/W7*60 -> 1960.3846 | O7: =N7/M7 -> 150.79882 | P7: =M7-J7 -> #N/A | Q7: =O7-L7 -> #N/A | R7: =O7/L7 -> #N/A | T7: 0.40138889 | U7: 0.47361111 | V7: =(T7-U6)*24*60 -> 9 | W7: =(U7-T7)*24*60 -> 104 | AF7: =N7-K7 -> #N/A | AG7: =N7/K7 -> #N/A
W8: =(U8-T8)*24*60 -> 0 | X8: 0.48611111 | Y8: 0.52777778 | AF8: =N8-K8 -> 0 | AG8: =N8/K8 -> #DIV/0!
W9: =(U9-T9)*24*60 -> 0 | AF9: =N9-K9 -> 0 | AG9: =N9/K9 -> #DIV/0!
W10: =(U10-T10)*24*60 -> 0 | AF10: =N10-K10 -> 0 | AG10: =N10/K10 -> #DIV/0!
W11: =(U11-T11)*24*60 -> 0 | AF11: =N11-K11 -> 0 | AG11: =N11/K11 -> #DIV/0!
W12: =(U12-T12)*24*60 -> 0
W13: =(U13-T13)*24*60 -> 0
W14: =(U14-T14)*24*60 -> 0
C15: 4度一組 | D15: 平均 | J15: =AVERAGE(J5:J14) -> #N/A | K15: =AVERAGE(K5:K14) -> #N/A | L15: =AVERAGE(L5:L14) -> #N/A | M15: =AVERAGE(M5:M14) -> 15 | N15: =AVERAGE(N5:N14) -> 1671.3145 | O15: =AVERAGE(O5:O14) -> 113.91637 | P15: =M15-J15 -> #N/A | Q15: =O15-L15 -> #N/A | R15: =O15/L15 -> #N/A | Z15: =SUM(Z5:Z14) -> 0 | AA15: =SUM(AA5:AA14) -> 0 | AD15: =SUM(AD5:AD14) -> 0 | AE15: =SUM(AE5:AE14) -> 0 | AF15: =N15-K15 -> #N/A | AG15: =N15/K15 -> #N/A
A16: 自動二線 (ET-600) | B16: =VLOOKUP(D16,廠價表!$C$1:$E$41,2,0) -> #N/A | F16: =VLOOKUP(D16,廠價表!$C$1:$E$41,3,0) -> #N/A | G16: 2263 | H16: =F16*G16 -> #N/A | J16: =VLOOKUP(D16,產線配置圖!$A$3:$C$38,2,0) -> #N/A | K16: =VLOOKUP(D16,產線配置圖!$A$3:$C$38,3,0) -> #N/A | L16: =K16/J16 -> #N/A | M16: 13 | N16: =G16/W16*60 -> 2225.9016 | O16: =N16/M16 -> 171.2232 | P16: =M16-J16 -> #N/A | Q16: =O16-L16 -> #N/A | R16: =O16/L16 -> #N/A | S16: =R26 -> #N/A | T16: 0.29097222 | U16: 0.33333333 | W16: =(U16-T16)*24*60 -> 61 | AF16: =N16-K16 -> #N/A | AG16: =N16/K16 -> #N/A | AH16: =AG26 -> #N/A
B17: =VLOOKUP(D17,廠價表!$C$1:$E$41,2,0) -> #N/A | F17: =VLOOKUP(D17,廠價表!$C$1:$E$41,3,0) -> #N/A | G17: 1180 | H17: =F17*G17 -> #N/A | J17: =VLOOKUP(D17,產線配置圖!$A$3:$C$38,2,0) -> #N/A | K17: =VLOOKUP(D17,產線配置圖!$A$3:$C$38,3,0) -> #N/A | L17: =K17/J17 -> #N/A | M17: 13 | N17: =G17/W17*60 -> 823.25581 | O17: =N17/M17 -> 63.32737 | P17: =M17-J17 -> #N/A | Q17: =O17-L17 -> #N/A | R17: =O17/L17 -> #N/A | T17: 0.34166667 | U17: 0.40138889 | V17: =(T17-U16)*24*60 -> 12 | W17: =(U17-T17)*24*60 -> 86 | AF17: =N17-K17 -> #N/A | AG17: =N17/K17 -> #N/A
B18: =VLOOKUP(D18,廠價表!$C$1:$E$41,2,0) -> #N/A | F18: =VLOOKUP(D18,廠價表!$C$1:$E$41,3,0) -> #N/A | G18: 3398 | H18: =F18*G18 -> #N/A | J18: =VLOOKUP(D18,產線配置圖!$A$3:$C$38,2,0) -> #N/A | K18: =VLOOKUP(D18,產線配置圖!$A$3:$C$38,3,0) -> #N/A | L18: =K18/J18 -> #N/A | M18: 12 | N18: =G18/W18*60 -> 1941.7143 | O18: =N18/M18 -> 161.80952 | P18: =M18-J18 -> #N/A | Q18: =O18-L18 -> #N/A | R18: =O18/L18 -> #N/A | T18: 0.40972222 | U18: 0.48263889 | V18: =(T18-U17)*24*60 -> 12 | W18: =(U18-T18)*24*60 -> 105 | X18: 0.48611111 | Y18: 0.52777778 | AF18: =N18-K18 -> #N/A | AG18: =N18/K18 -> #N/A
V19: =(T19-U18)*24*60 -> -695 | W19: =(U19-T19)*24*60 -> 0 | AF19: =N19-K19 -> 0 | AG19: =N19/K19 -> #DIV/0!
V20: =(T20-U19)*24*60 -> 0 | W20: =(U20-T20)*24*60 -> 0
W21: =(U21-T21)*24*60 -> 0
W22: 0
W23: =(U23-T23)*24*60 -> 0
H24: =F24*G24 -> 0 | W24: =(U24-T24)*24*60 -> 0
H25: =F25*G25 -> 0 | W25: =(U25-T25)*24*60 -> 0
C26: 4度二組A | D26: 平均 | J26: =AVERAGE(J16:J25) -> #N/A | K26: =AVERAGE(K16:K25) -> #N/A | L26: =AVERAGE(L16:L25) -> #N/A | M26: =AVERAGE(M16:M25) -> 12.666667 | N26: =AVERAGE(N16:N25) -> 1663.6239 | O26: =AVERAGE(O16:O25) -> 132.12003 | P26: =M26-J26 -> #N/A | Q26: =O26-L26 -> #N/A | R26: =O26/L26 -> #N/A | Z26: =SUM(Z16:Z25) -> 0 | AA26: =SUM(AA16:AA25) -> 0 | AD26: =SUM(AD16:AD25) -> 0 | AE26: =SUM(AE16:AE25) -> 0 | AF26: =N26-K26 -> #N/A | AG26: =N26/K26 -> #N/A
A27: 手工三線 (ET-55) | B27: =VLOOKUP(D27,廠價表!$C$1:$E$41,2,0) -> #N/A | F27: =VLOOKUP(D27,廠價表!$C$1:$E$41,3,0) -> #N/A | G27: 2263 | H27: =F27*G27 -> #N/A | J27: =VLOOKUP(D27,產線配置圖!$A$3:$C$38,2,0) -> #N/A | K27: =VLOOKUP(D27,產線配置圖!$A$3:$C$38,3,0) -> #N/A | L27: =K27/J27 -> #N/A | M27: 14 | N27: =G27/W27*60 -> 1212.3214 | O27: =N27/M27 -> 86.594388 | P27: =M27-J27 -> #N/A | Q27: =O27-L27 -> #N/A | R27: =O27/L27 -> #N/A | S27: =R37 -> #N/A | T27: 0.29166667 | U27: 0.36944444 | W27: =(U27-T27)*24*60 -> 112 | AF27: =N27-K27 -> #N/A | AG27: =N27/K27 -> #N/A | AH27: =AG37 -> #N/A
B28: =VLOOKUP(D28,廠價表!$C$1:$E$41,2,0) -> #N/A | F28: =VLOOKUP(D28,廠價表!$C$1:$E$41,3,0) -> #N/A | G28: 1180 | H28: =F28*G28 -> #N/A | J28: =VLOOKUP(D28,產線配置圖!$A$3:$C$38,2,0) -> #N/A | K28: =VLOOKUP(D28,產線配置圖!$A$3:$C$38,3,0) -> #N/A | L28: =K28/J28 -> #N/A | M28: 16 | N28: =G28/W28*60 -> 1089.2308 | O28: =N28/M28 -> 68.076923 | P28: =M28-J28 -> #N/A | Q28: =O28-L28 -> #N/A | R28: =O28/L28 -> #N/A | T28: 0.375 | U28: 0.42013889 | V28: =(T28-U27)*24*60 -> 8 | W28: =(U28-T28)*24*60 -> 65 | AF28: =N28-K28 -> #N/A | AG28: =N28/K28 -> #N/A
B29: =VLOOKUP(D29,廠價表!$C$1:$E$41,2,0) -> #N/A | F29: =VLOOKUP(D29,廠價表!$C$1:$E$41,3,0) -> #N/A | G29: 3398 | H29: =F29*G29 -> #N/A | J29: =VLOOKUP(D29,產線配置圖!$A$3:$C$38,2,0) -> #N/A | K29: =VLOOKUP(D29,產線配置圖!$A$3:$C$38,3,0) -> #N/A | L29: =K29/J29 -> #N/A | M29: 14 | N29: =G29/W29*60 -> 3136.6154 | O29: =N29/M29 -> 224.04396 | P29: =M29-J29 -> #N/A | Q29: =O29-L29 -> #N/A | R29: =O29/L29 -> #N/A | T29: 0.43055556 | U29: 0.47569444 | V29: =(T29-U28)*24*60 -> 15 | W29: =(U29-T29)*24*60 -> 65 | AF29: =N29-K29 -> #N/A | AG29: =N29/K29 -> #N/A
T30: 0.53958333 | U30: 0.56944444 | V30: =(T30-U29)*24*60 -> 92 | W30: =(U30-T30)*24*60 -> 43 | X30: 0.49652778 | Y30: 0.53819444 | AF30: =N30-K30 -> 0 | AG30: =N30/K30 -> #DIV/0!
W31: =(U31-T31)*24*60 -> 0 | AF31: =N31-K31 -> 0 | AG31: =N31/K31 -> #DIV/0!
W32: =(U32-T32)*24*60 -> 0
W33: =(U33-T33)*24*60 -> 0
W34: =(U34-T34)*24*60 -> 0
W35: =(U35-T35)*24*60 -> 0
H36: =F36*G36 -> 0 | W36: =(U36-T36)*24*60 -> 0
C37: 4度二組B | D37: 平均 | J37: =AVERAGE(J27:J36) -> #N/A | K37: =AVERAGE(K27:K36) -> #N/A | L37: =AVERAGE(L27:L36) -> #N/A | M37: =AVERAGE(M27:M36) -> 14.666667 | N37: =AVERAGE(N27:N36) -> 1812.7225 | O37: =AVERAGE(O27:O36) -> 126.23842 | P37: =M37-J37 -> #N/A | Q37: =N37-K37 -> #N/A | R37: =O37/L37 -> #N/A | Z37: =SUM(Z27:Z36) -> 0 | AA37: =SUM(AA27:AA36) -> 0 | AD37: =SUM(AD27:AD36) -> 0 | AE37: =SUM(AE27:AE36) -> 0 | AF37: =N37-K37 -> #N/A | AG37: =N37/K37 -> #N/A
A38: 手工四線 (ET-55) | B38: =VLOOKUP(D38,廠價表!$C$1:$E$41,2,0) -> #N/A | F38: =VLOOKUP(D38,廠價表!$C$1:$E$41,3,0) -> #N/A | G38: 2263 | H38: =F38*G38 -> #N/A | J38: =VLOOKUP(D38,產線配置圖!$A$3:$C$38,2,0) -> #N/A | K38: =VLOOKUP(D38,產線配置圖!$A$3:$C$38,3,0) -> #N/A | L38: =K38/J38 -> #N/A | M38: 14 | N38: =G38/W38*60 -> 1967.8261 | O38: =N38/M38 -> 140.55901 | P38: =M38-J38 -> #N/A | Q38: =O38-L38 -> #N/A | R38: =O38/L38 -> #N/A | S38: =R48 -> #N/A | T38: 0.33333333 | U38: 0.38125 | W38: =(U38-T38)*24*60 -> 69 | AF38: =N38-K38 -> #N/A | AG38: =N38/K38 -> #N/A | AH38: =AG48 -> #N/A
B39: =VLOOKUP(D39,廠價表!$C$1:$E$41,2,0) -> #N/A | F39: =VLOOKUP(D39,廠價表!$C$1:$E$41,3,0) -> #N/A | G39: 1180 | H39: =F39*G39 -> #N/A | J39: =VLOOKUP(D39,產線配置圖!$A$3:$C$38,2,0) -> #N/A | K39: =VLOOKUP(D39,產線配置圖!$A$3:$C$38,3,0) -> #N/A | L39: =K39/J39 -> #N/A | M39: 14 | N39: =G39/W39*60 -> 885 | O39: =N39/M39 -> 63.214286 | P39: =M39-J39 -> #N/A | Q39: =O39-L39 -> #N/A | R39: =O39/L39 -> #N/A | T39: 0.38888889 | U39: 0.44444444 | V39: =(T39-U38)*24*60 -> 11 | W39: =(U39-T39)*24*60 -> 80 | AF39: =N39-K39 -> #N/A | AG39: =N39/K39 -> #N/A
B40: =VLOOKUP(D40,廠價表!$C$1:$E$41,2,0) -> #N/A | F40: =VLOOKUP(D40,廠價表!$C$1:$E$41,3,0) -> #N/A | G40: 3398 | H40: =F40*G40 -> #N/A | J40: =VLOOKUP(D40,產線配置圖!$A$3:$C$38,2,0) -> #N/A | K40: =VLOOKUP(D40,產線配置圖!$A$3:$C$38,3,0) -> #N/A | L40: =K40/J40 -> #N/A | M40: 14 | N40: =G40/W40*60 -> 1853.4545 | O40: =N40/M40 -> 132.38961 | P40: =M40-J40 -> #N/A | Q40: =O40-L40 -> #N/A | R40: =O40/L40 -> #N/A | T40: 0.52777778 | U40: 0.60416667 | V40: =(T40-U39)*24*60 -> 120 | W40: =(U40-T40)*24*60 -> 110 | AF40: =N40-K40 -> #N/A | AG40: =N40/K40 -> #N/A
W41: =(U41-T41)*24*60 -> 0 | AF41: =N41-K41 -> 0 | AG41: =N41/K41 -> #DIV/0!
W42: =(U42-T42)*24*60 -> 0
W43: =(U43-T43)*24*60 -> 0
W44: =(U44-T44)*24*60 -> 0
W45: =(U45-T45)*24*60 -> 0
W46: =(U46-T46)*24*60 -> 0
H47: =F47*G47 -> 0 | W47: =(U47-T47)*24*60 -> 0
C48: 4度二組C1 | D48: 平均 | J48: =AVERAGE(J38:J47) -> #N/A | K48: =AVERAGE(K38:K47) -> #N/A | L48: =AVERAGE(L38:L47) -> #N/A | M48: =AVERAGE(M38:M47) -> 14 | N48: =AVERAGE(N38:N47) -> 1568.7602 | O48: =AVERAGE(O38:O47) -> 112.0543 | P48: =M48-J48 -> #N/A | Q48: =N48-K48 -> #N/A | R48: =O48/L48 -> #N/A | W48: =(U48-T48)*24*60 -> 0 | Z48: =SUM(Z38:Z47) -> 0 | AA48: =SUM(AA38:AA47) -> 0 | AD48: =SUM(AD38:AD47) -> 0 | AE48: =SUM(AE38:AE47) -> 0 | AF48: =N48-K48 -> #N/A | AG48: =N48/K48 -> #N/A
A49: 手工五線 (ET-55) | B49: =VLOOKUP(D49,廠價表!$C$1:$E$41,2,0) -> #N/A | F49: =VLOOKUP(D49,廠價表!$C$1:$E$41,3,0) -> #N/A | G49: 2263 | H49: =F49*G49 -> #N/A | J49: =VLOOKUP(D49,產線配置圖!$A$3:$C$38,2,0) -> #N/A | K49: =VLOOKUP(D49,產線配置圖!$A$3:$C$38,3,0) -> #N/A | L49: =K49/J49 -> #N/A | M49: 18 | N49: =G49/W49*60 -> 1996.7647 | O49: =N49/M49 -> 110.93137 | P49: =M49-J49 -> #N/A | Q49: =O49-L49 -> #N/A | R49: =O49/L49 -> #N/A | S49: =R58 -> #N/A | T49: 0.29166667 | U49: 0.33888889 | W49: =(U49-T49)*24*60 -> 68 | AF49: =N49-K49 -> #N/A | AG49: =N49/K49 -> #N/A | AH49: =AG58 -> #N/A
B50: =VLOOKUP(D50,廠價表!$C$1:$E$41,2,0) -> #N/A | F50: =VLOOKUP(D50,廠價表!$C$1:$E$41,3,0) -> #N/A | G50: 1180 | H50: =F50*G50 -> #N/A | J50: =VLOOKUP(D50,產線配置圖!$A$3:$C$38,2,0) -> #N/A | K50: =VLOOKUP(D50,產線配置圖!$A$3:$C$38,3,0) -> #N/A | L50: =K50/J50 -> #N/A | M50: 18 | N50: =G50/W50*60 -> 997.1831 | O50: =N50/M50 -> 55.399061 | P50: =M50-J50 -> #N/A | Q50: =O50-L50 -> #N/A | R50: =O50/L50 -> #N/A | T50: 0.34513889 | U50: 0.39444444 | V50: =(T50-U49)*24*60 -> 9 | W50: =(U50-T50)*24*60 -> 71 | AF50: =N50-K50 -> #N/A | AG50: =N50/K50 -> #N/A
B51: =VLOOKUP(D51,廠價表!$C$1:$E$41,2,0) -> #N/A | F51: =VLOOKUP(D51,廠價表!$C$1:$E$41,3,0) -> #N/A | G51: 3398 | H51: =F51*G51 -> #N/A | J51: =VLOOKUP(D51,產線配置圖!$A$3:$C$38,2,0) -> #N/A | K51: =VLOOKUP(D51,產線配置圖!$A$3:$C$38,3,0) -> #N/A | L51: =K51/J51 -> #N/A | M51: 17 | N51: =G51/W51*60 -> 2398.5882 | O51: =N51/M51 -> 141.09343 | P51: =M51-J51 -> #N/A | Q51: =O51-L51 -> #N/A | R51: =O51/L51 -> #N/A | T51: 0.40138889 | U51: 0.46041667 | V51: =(T51-U50)*24*60 -> 10 | W51: =(U51-T51)*24*60 -> 85 | AF51: =N51-K51 -> #N/A | AG51: =N51/K51 -> #N/A
T52: 0.52986111 | U52: 0.58333333 | V52: =(T52-U51)*24*60 -> 100 | W52: =(U52-T52)*24*60 -> 77 | X52: 0.47916667 | Y52: 0.52083333 | AF52: =N52-K52 -> 0 | AG52: =N52/K52 -> #DIV/0!
W53: =(U53-T53)*24*60 -> 0 | AF53: =N53-K53 -> 0 | AG53: =N53/K53 -> #DIV/0!
W54: =(U54-T54)*24*60 -> 0
W55: =(U55-T55)*24*60 -> 0
W56: =(U56-T56)*24*60 -> 0
W57: =(U57-T57)*24*60 -> 0
C58: 4度二組C2 | D58: 平均 | J58: =AVERAGE(J49:J57) -> #N/A | K58: =AVERAGE(K49:K57) -> #N/A | L58: =AVERAGE(L49:L57) -> #N/A | M58: =AVERAGE(M49:M57) -> 17.666667 | N58: =AVERAGE(N49:N57) -> 1797.512 | O58: =AVERAGE(O49:O57) -> 102.47462 | P58: =M58-J58 -> #N/A | Q58: =N58-K58 -> #N/A | R58: =O58/L58 -> #N/A | Z58: =SUM(Z49:Z57) -> 0 | AA58: =SUM(AA49:AA57) -> 0 | AD58: =SUM(AD49:AD57) -> 0 | AE58: =SUM(AE49:AE57) -> 0 | AF58: =N58-K58 -> #N/A | AG58: =N58/K58 -> #N/A
A59: 調理包一線 (八爪機) | B59: =VLOOKUP(D59,廠價表!$C$1:$E$41,2,0) -> #N/A | F59: =VLOOKUP(D59,廠價表!$C$1:$E$41,3,0) -> #N/A | G59: 2263 | H59: =F59*G59 -> #N/A | J59: =VLOOKUP(D59,產線配置圖!$A$3:$C$38,2,0) -> #N/A | K59: =VLOOKUP(D59,產線配置圖!$A$3:$C$38,3,0) -> #N/A | L59: =K59/J59 -> #N/A | M59: 13 | N59: =G59/W59*60 -> 1131.5 | O59: =N59/M59 -> 87.038462 | P59: =M59-J59 -> #N/A | Q59: =O59-L59 -> #N/A | R59: =O59/L59 -> #N/A | S59: =R69 -> #N/A | T59: 0.29166667 | U59: 0.375 | W59: =(U59-T59)*24*60 -> 120 | AF59: =N59-K59 -> #N/A | AG59: =N59/K59 -> #N/A | AH59: =AG69 -> #N/A
B60: =VLOOKUP(D60,廠價表!$C$1:$E$41,2,0) -> #N/A | F60: =VLOOKUP(D60,廠價表!$C$1:$E$41,3,0) -> #N/A | G60: 1180 | H60: =F60*G60 -> #N/A | J60: =VLOOKUP(D60,產線配置圖!$A$3:$C$38,2,0) -> #N/A | K60: =VLOOKUP(D60,產線配置圖!$A$3:$C$38,3,0) -> #N/A | L60: =K60/J60 -> #N/A | M60: 12 | N60: =G60/W60*60 -> 2360 | O60: =N60/M60 -> 196.66667 | P60: =M60-J60 -> #N/A | Q60: =O60-L60 -> #N/A | R60: =O60/L60 -> #N/A | T60: 0.38541667 | U60: 0.40625 | V60: =(T60-U59)*24*60 -> 15 | W60: =(U60-T60)*24*60 -> 30 | AF60: =N60-K60 -> #N/A | AG60: =N60/K60 -> #N/A
B61: =VLOOKUP(D61,廠價表!$C$1:$E$41,2,0) -> #N/A | F61: =VLOOKUP(D61,廠價表!$C$1:$E$41,3,0) -> #N/A | G61: 3398 | H61: =F61*G61 -> #N/A | J61: =VLOOKUP(D61,產線配置圖!$A$3:$C$38,2,0) -> #N/A | K61: =VLOOKUP(D61,產線配置圖!$A$3:$C$38,3,0) -> #N/A | L61: =K61/J61 -> #N/A | M61: 12 | N61: =G61/W61*60 -> 2192.2581 | O61: =N61/M61 -> 182.68817 | P61: =M61-J61 -> #N/A | Q61: =O61-L61 -> #N/A | R61: =O61/L61 -> #N/A | T61: 0.42361111 | U61: 0.48819444 | V61: =(T61-U60)*24*60 -> 25 | W61: =(U61-T61)*24*60 -> 93 | AF61: =N61-K61 -> #N/A | AG61: =N61/K61 -> #N/A
W62: =(U62-T62)*24*60 -> 0 | X62: 0.50347222 | Y62: 0.54513889 | AF62: =N62-K62 -> 0 | AG62: =N62/K62 -> #DIV/0!
W63: =(U63-T63)*24*60 -> 0
W64: =(U64-T64)*24*60 -> 0
W65: =(U65-T65)*24*60 -> 0
W66: =(U66-T66)*24*60 -> 0
W67: =(U67-T67)*24*60 -> 0
H68: =F68*G68 -> 0 | W68: =(U68-T68)*24*60 -> 0
C69: 4度三組 | D69: 平均 | J69: =AVERAGE(J59:J68) -> #N/A | K69: =AVERAGE(K59:K68) -> #N/A | L69: =AVERAGE(L59:L68) -> #N/A | M69: =AVERAGE(M59:M68) -> 12.333333 | N69: =AVERAGE(N59:N68) -> 1894.586 | O69: =AVERAGE(O59:O68) -> 155.46443 | P69: =M69-J69 -> #N/A | Q69: =N69-K69 -> #N/A | R69: =O69/L69 -> #N/A | Z69: =SUM(Z59:Z68) -> 0 | AA69: =SUM(AA59:AA68) -> 0 | AD69: =SUM(AD59:AD68) -> 0 | AE69: =SUM(AE59:AE68) -> 0 | AF69: =N69-K69 -> #N/A | AG69: =N69/K69 -> #N/A
A70: 調理包二線 (手工) | B70: =VLOOKUP(D70,廠價表!$C$1:$E$41,2,0) -> #N/A | F70: =VLOOKUP(D70,廠價表!$C$1:$E$41,3,0) -> #N/A | G70: 2263 | H70: =F70*G70 -> #N/A | J70: =VLOOKUP(D70,產線配置圖!$A$3:$C$38,2,0) -> #N/A | K70: =VLOOKUP(D70,產線配置圖!$A$3:$C$38,3,0) -> #N/A | L70: =K70/J70 -> #N/A | M70: 11 | N70: =G70/W70*60 -> 775.88571 | O70: =N70/M70 -> 70.535065 | P70: =M70-J70 -> #N/A | Q70: =O70-L70 -> #N/A | R70: =O70/L70 -> #N/A | S70: =R79 -> #N/A | T70: 0.34722222 | U70: 0.46875 | W70: =(U70-T70)*24*60 -> 175 | AF70: =N70-K70 -> #N/A | AG70: =N70/K70 -> #N/A | AH70: =AG79 -> #N/A
W71: =(U71-T71)*24*60 -> 0 | AF71: -300.3125 | AG71: 0.80810703
W72: =(U72-T72)*24*60 -> 0 | AF72: -130.33333 | AG72: 0.91671991
W73: =(U73-T73)*24*60 -> 0
W74: =(U74-T74)*24*60 -> 0
H75: =F75*G75 -> 0 | W75: =(U75-T75)*24*60 -> 0
H76: =F76*G76 -> 0 | W76: =(U76-T76)*24*60 -> 0
H77: =F77*G77 -> 0 | W77: =(U77-T77)*24*60 -> 0
H78: =F78*G78 -> 0 | W78: =(U78-T78)*24*60 -> 0
C79: 4度四組 | D79: 平均 | J79: =AVERAGE(J70:J78) -> #N/A | K79: =AVERAGE(K70:K78) -> #N/A | L79: =AVERAGE(L70:L78) -> #N/A | M79: =AVERAGE(M70:M78) -> 11 | N79: =AVERAGE(N70:N78) -> 775.88571 | O79: =AVERAGE(O70:O78) -> 70.535065 | P79: =M79-J79 -> #N/A | Q79: =N79-K79 -> #N/A | R79: =O79/L79 -> #N/A | Z79: =SUM(Z70:Z78) -> 0 | AA79: =SUM(AA70:AA78) -> 0 | AD79: =SUM(AD70:AD78) -> 0 | AE79: =SUM(AE70:AE78) -> 0 | AF79: =N79-K79 -> #N/A | AG79: =N79/K79 -> #N/A
AJ80: 1.當日出勤人數較多
AJ81: 2.當日出勤人數較少
AJ82: 3.當日出勤熟手較少
AJ83: 4.當日出勤新人較多
AJ84: 5.機台夾盒
AJ85: 6.封膜不順
AJ86: 7.更換膠膜
AJ87: 8.更換碳帶
AJ88: 9.當日熱轉印碳帶異常
AJ89: 10.訂單量過少
AJ90: 11.新品上市，尚未熟悉
AJ91: 12.商品結構，產能較低
AJ92: 13.區域出貨，分段生產

Sheet 0301總
B1: 長家廠組合室生產人時性分析
B3: 日期 | D3: 46082 | F3: 訂單量 | G3: ='0301'!E1 -> 61259 | I3: 營業額 | J3: ='0301'!G1 -> 2919228.6
B4: 項目 | D4: 3 | F4: ➀ | H4: ➁ | J4: ③ | L4: 異常停線 | N4: 短暫停線
B5: 人時性 | D5: 組合室 | F5: 全溫層 | H5: 義大利麵 | J5: 袋裝小吃、義麵 | L5: 合計次數 | M5: 時間 | N5: 合計次數 | O5: 設備次數
D6: 排關平均 | F6: =AVERAGE(D13:J13) -> 122.70262 | H6: =AVERAGE(D13:H13,J13) -> 121.97428 | J6: =AVERAGE(I13) -> 127.07265 | L6: =SUM(D18:J18) -> 0 | M6: =SUM(D19:J19) -> 0 | N6: =SUM(D20:J20) -> 0 | O6: =SUM(D20:J20) -> 0
D7: 實績平均 | F7: =AVERAGE(D14:J14) -> 108.01117 | H7: =AVERAGE(D14:H14,J14) -> 107.28982 | J7: =AVERAGE(I14) -> 112.33929 | L7: =AVERAGE(K14:L14) -> #DIV/0! | M7: =AVERAGE(L14:M14) -> #DIV/0! | N7: =AVERAGE(M14:N14) -> #DIV/0! | O7: =AVERAGE(N14:O14) -> #DIV/0!
D8: 達成率平均 | F8: =F7/F6 -> 0.88026786 | H8: =H7/H6 -> 0.87961018 | J8: =J7/J6 -> 0.88405559 | L8: =AVERAGE(K15:L15) -> #DIV/0! | M8: =AVERAGE(L15:M15) -> #DIV/0! | N8: =AVERAGE(M15:N15) -> #DIV/0! | O8: =AVERAGE(N15:O15) -> #DIV/0!
J9: ※現行日本鮮食廠以達成率80%為基本(即為現行KPI)
B10: 溫層 | D10: 4度C-各編組展開
B11: 編組 | D11: 1 | E11: 2 | F11: 3 | G11: 4 | H11: 5 | I11: 6 | J11: 7
D12: 自動1線 | E12: 自動2線 | F12: 手工3線 | G12: 手工4線 | H12: 手工5線 | I12: 調理包1線 | J12: 調理包2線
B13: 人時性 | C13: 排關 | D13: =VALUE('0301'!L15) -> 158.69872 | E13: =VALUE('0301'!L26) -> 183.05871 | F13: =VALUE('0301'!L37) -> 93.436275 | G13: =VALUE('0301'!L48) -> 92.058824 | H13: =VALUE('0301'!L58) -> 100.30147 | I13: =VALUE('0301'!L69) -> 127.07265 | J13: ='0301'!L79 -> 104.29167
C14: 實績 | D14: =VALUE('0301'!O15) -> 133.94323 | E14: =VALUE('0301'!O26) -> 147.83973 | F14: =VALUE('0301'!O37) -> 90.259802 | G14: =VALUE('0301'!O48) -> 80.817163 | H14: =VALUE('0301'!O58) -> 99.076319 | I14: =VALUE('0301'!O69) -> 112.33929 | J14: ='0301'!O79 -> 91.802648
C15: 達成率 | D15: =D14/D13 -> 0.84400955 | E15: =E14/E13 -> 0.80760827 | F15: =F14/F13 -> 0.96600386 | G15: =G14/G13 -> 0.87788611 | H15: =H14/H13 -> 0.98778531 | I15: =I14/I13 -> 0.88405559 | J15: ='0301'!S70 -> 0.88024913
B16: 作業 時間 | C16: 開始 | D16: ='0301'!T5 -> 0.29166667 | E16: ='0301'!T16 -> 0.29722222 | F16: ='0301'!T27 -> 0.28819444 | G16: ='0301'!T38 -> 0.33333333 | H16: ='0301'!T49 -> 0.29166667 | I16: ='0301'!T59 -> 0.29166667 | J16: ='0301'!T70 -> 0.35486111
C17: 結束 | D17: 0.62916667 | E17: 0.61805556 | F17: 0.55138889 | G17: 0.65486111 | H17: 0.64166667 | I17: 0.51388889 | J17: 0.61666667
B18: 產線異常 (5分鐘以上) | C18: 次數 | D18: ='0301'!Z15 -> 0 | E18: ='0301'!Z26 -> 0 | F18: ='0301'!Z37 -> 0 | G18: ='0301'!Z48 -> 0 | H18: ='0301'!Z58 -> 0 | I18: ='0301'!Z69 -> 0 | J18: ='0301'!AA79 -> 0
C19: 時間/分 | D19: ='0301'!AA15 -> 0 | E19: ='0301'!AA26 -> 0 | F19: ='0301'!AA37 -> 0 | G19: ='0301'!AA48 -> 0 | H19: ='0301'!AA58 -> 0 | I19: ='0301'!AA69 -> 0 | J19: ='0301'!AB79 -> 0
B20: 短暫停線 (5分鐘以下) | C20: 次數 | D20: ='0301'!AD15 -> 0 | E20: ='0301'!AD26 -> 0 | F20: ='0301'!AD37 -> 0 | G20: ='0301'!AD48 -> 0 | H20: ='0301'!AD58 -> 0 | I20: ='0301'!AD69 -> 0 | J20: ='0301'!AD79 -> 0
C21: 設備次數 | D21: ='0301'!AE15 -> 0 | E21: ='0301'!AE26 -> 0 | F21: ='0301'!AE37 -> 0 | G21: ='0301'!AE48 -> 0 | H21: ='0301'!AE58 -> 0 | I21: ='0301'!AE69 -> 0 | J21: ='0301'!AE79 -> 0
B22: 配置人數 | D22: =VALUE('0301'!M15) -> 15.4 | E22: =VALUE('0301'!M26) -> 15 | F22: =VALUE('0301'!M37) -> 15.5 | G22: =VALUE('0301'!M48) -> 17 | H22: =VALUE('0301'!M58) -> 16.5 | I22: =VALUE('0301'!M69) -> 13.333333 | J22: ='0301'!M79 -> 12
B23: 主要應用設備 | D23: ET-600 | E23: ET-600 | F23: ET-55 | G23: ET-55 | H23: ET-55 | I23: 八爪機 | J23: 八爪機
B24: 次要應用設備 | H24: 封口機 | J24: 封口機
B25: 備註

Sheet 0301
A1: 長家廠4度C日報分析 | D1: 總生產量 | E1: =SUM(G5:G79) -> 61259 | F1: 營業額 | G1: =SUM(H5:H79) -> 2919228.6 | H1: 出勤人數 | I1: =M15+M26+M48+M58+M69+M79+M37 -> 104.73333 | J1: 產線配置圖 | M1: 生產實績 | P1: 人時性差異分析 | T1: 日報登錄 | Z1: 合計 次數 | AA1: 合計 時間/分 | AB1: 分析說明 | AD1: 合計 次數 | AE1: 合計 設備次數 | AF1: 產能差異分析
A2: 03月01日 星期日 | D2: 人時性 | E2: =AVERAGE(O15,O26,O37,O48,O58,O69,O79) -> 108.01117 | F2: 平均廠價 | G2: =G1/E1 -> 47.653873 | H2: 多次生產數 | I2: =COUNT(I5:I79) -> 0 | Z2: =Z15+Z26+Z37+Z48+Z58+Z69+Z79 -> 0 | AA2: =AA15+AA26+AA37+AA48+AA58+AA69+AA79 -> 0 | AD2: =AD15+AD26+AD37+AD48+AD58+AD69+AD79 -> 0 | AE2: =AE15+AE26+AE37+AE48+AE58+AE69+AE79 -> 0
A3: 線別 | B3: 品類 | D3: 品名 | F3: 廠價 | G3: 生產量 | H3: 營收 | I3: 多次 生產 | J3: 人數 | K3: 產能/時 | L3: 人時性 | M3: 人數 | N3: 產能/時 | O3: 人時性 | P3: 人數 | Q3: 人時性 | R3: 達成率 | S3: 達成率平均 | T3: 生產時間 | V3: 前置、換線時間/分 | W3: 稼動時間/分 | X3: 休息時間 | Z3: 產線異常統計 (5分鐘以上) | AD3: 短暫停線統計 (5分鐘以下) | AF3: 產能/時 | AG3: 達成率 | AH3: 達成率平均
T4: 開始 | U4: 結束 | X4: 開始 | Y4: 結束 | Z4: 次數 | AA4: 時間/分 | AD4: 總次數 | AE4: 設備因素(次數)
A5: 自動一線 (ET-600) | B5: 義大利麵 | D5: 白酒蛤蜊義大利麵 | F5: =VLOOKUP(D5,廠價表!$C$1:$E$41,3,0) -> 57.21 | G5: 2306 | H5: =F5*G5 -> 131926.26 | J5: =VLOOKUP(D5,產線配置圖!$A$3:$C$38,2,0) -> 12 | K5: =VLOOKUP(D5,產線配置圖!$A$3:$C$38,3,0) -> 2105 | L5: =K5/J5 -> 175.41667 | M5: 16 | N5: =G5/W5*60 -> 2161.875 | O5: =N5/M5 -> 135.11719 | P5: =M5-J5 -> 4 | Q5: =O5-L5 -> -40.299479 | R5: =O5/L5 -> 0.77026425 | S5: =R15 -> 0.84400955 | T5: 0.29166667 | U5: 0.33611111 | W5: =(U5-T5)*24*60 -> 64 | AB5: 新進學生加入，教育訓練 | AF5: =N5-K5 -> 56.875 | AG5: =N5/K5 -> 1.027019 | AH5: =AG15 -> 1.0017296
B6: 義大利麵 | D6: 青醬蛤蜊義大利麵 | F6: =VLOOKUP(D6,廠價表!$C$1:$E$41,3,0) -> 50.67 | G6: 1547 | H6: =F6*G6 -> 78386.49 | J6: =VLOOKUP(D6,產線配置圖!$A$3:$C$38,2,0) -> 12 | K6: =VLOOKUP(D6,產線配置圖!$A$3:$C$38,3,0) -> 2100 | L6: =K6/J6 -> 175 | M6: 15 | N6: =G6/W6*60 -> 2109.5455 | O6: =N6/M6 -> 140.63636 | P6: =M6-J6 -> 3 | Q6: =O6-L6 -> -34.363636 | R6: =O6/L6 -> 0.80363636 | T6: 0.34722222 | U6: 0.37777778 | V6: =(T6-U5)*24*60 -> 16 | W6: =(U6-T6)*24*60 -> 44 | AB6: 新進學生加入，教育訓練 | AF6: =N6-K6 -> 9.5454545 | AG6: =N6/K6 -> 1.0045455
B7: 義大利麵 | D7: 辣味香菜雞肉義大利麵 | F7: =VLOOKUP(D7,廠價表!$C$1:$E$41,3,0) -> 56.28 | G7: 1462 | H7: =F7*G7 -> 82281.36 | J7: =VLOOKUP(D7,產線配置圖!$A$3:$C$38,2,0) -> 15 | K7: =VLOOKUP(D7,產線配置圖!$A$3:$C$38,3,0) -> 1800 | L7: =K7/J7 -> 120 | M7: 17 | N7: =G7/W7*60 -> 1827.5 | O7: =N7/M7 -> 107.5 | P7: =M7-J7 -> 2 | Q7: =O7-L7 -> -12.5 | R7: =O7/L7 -> 0.89583333 | T7: 0.38472222 | U7: 0.41805556 | V7: =(T7-U6)*24*60 -> 10 | W7: =(U7-T7)*24*60 -> 48 | AB7: 新進學生加入，教育訓練 | AF7: =N7-K7 -> 27.5 | AG7: =N7/K7 -> 1.0152778
B8: 義大利麵 | D8: 奶油培根義大利麵 | F8: =VLOOKUP(D8,廠價表!$C$1:$E$41,3,0) -> 49.14 | G8: 2345 | H8: =F8*G8 -> 115233.3 | J8: =VLOOKUP(D8,產線配置圖!$A$3:$C$38,2,0) -> 13 | K8: =VLOOKUP(D8,產線配置圖!$A$3:$C$38,3,0) -> 2100 | L8: =K8/J8 -> 161.53846 | M8: 16 | N8: =G8/W8*60 -> 2131.8182 | O8: =N8/M8 -> 133.23864 | P8: =M8-J8 -> 3 | Q8: =O8-L8 -> -28.299825 | R8: =O8/L8 -> 0.82481061 | T8: 0.42638889 | U8: 0.47222222 | V8: =(T8-U7)*24*60 -> 12 | W8: =(U8-T8)*24*60 -> 66 | X8: 0.48611111 | Y8: 0.52777778 | AB8: 新進學生加入，教育訓練 | AF8: =N8-K8 -> 31.818182 | AG8: =N8/K8 -> 1.0151515
B9: 義大利麵 | D9: 奶油培根義大利麵 | F9: =VLOOKUP(D9,廠價表!$C$1:$E$41,3,0) -> 49.14 | G9: 4515 | H9: =F9*G9 -> 221867.1 | J9: =VLOOKUP(D9,產線配置圖!$A$3:$C$38,2,0) -> 13 | K9: =VLOOKUP(D9,產線配置圖!$A$3:$C$38,3,0) -> 2100 | L9: =K9/J9 -> 161.53846 | M9: 13 | N9: =G9/W9*60 -> 1991.9118 | O9: =N9/M9 -> 153.22398 | P9: =M9-J9 -> 0 | Q9: =O9-L9 -> -8.3144796 | R9: =O9/L9 -> 0.94852941 | T9: 0.53472222 | U9: 0.62916667 | V9: =(T9-U8)*24*60 -> 90 | W9: =(U9-T9)*24*60 -> 136 | AF9: =N9-K9 -> -108.08824 | AG9: =N9/K9 -> 0.94852941
W10: =(U10-T10)*24*60 -> 0 | AF10: =N10-K10 -> 0 | AG10: =N10/K10 -> #DIV/0!
W11: =(U11-T11)*24*60 -> 0 | AF11: =N11-K11 -> 0 | AG11: =N11/K11 -> #DIV/0!
W12: =(U12-T12)*24*60 -> 0
W13: =(U13-T13)*24*60 -> 0
W14: =(U14-T14)*24*60 -> 0
C15: 4度一組 | D15: 平均 | J15: =AVERAGE(J5:J14) -> 13 | K15: =AVERAGE(K5:K14) -> 2041 | L15: =AVERAGE(L5:L14) -> 158.69872 | M15: =AVERAGE(M5:M14) -> 15.4 | N15: =AVERAGE(N5:N14) -> 2044.5301 | O15: =AVERAGE(O5:O14) -> 133.94323 | P15: =M15-J15 -> 2.4 | Q15: =O15-L15 -> -24.755484 | R15: =O15/L15 -> 0.84400955 | Z15: =SUM(Z5:Z14) -> 0 | AA15: =SUM(AA5:AA14) -> 0 | AD15: =SUM(AD5:AD14) -> 0 | AE15: =SUM(AE5:AE14) -> 0 | AF15: =N15-K15 -> 3.5300802 | AG15: =N15/K15 -> 1.0017296
A16: 自動二線 (ET-600) | B16: 義大利麵 | D16: 白酒蛤蜊義大利麵 | F16: =VLOOKUP(D16,廠價表!$C$1:$E$41,3,0) -> 57.21 | G16: 2095 | H16: =F16*G16 -> 119854.95 | J16: =VLOOKUP(D16,產線配置圖!$A$3:$C$38,2,0) -> 12 | K16: =VLOOKUP(D16,產線配置圖!$A$3:$C$38,3,0) -> 2105 | L16: =K16/J16 -> 175.41667 | M16: 15 | N16: =G16/W16*60 -> 2371.6981 | O16: =N16/M16 -> 158.11321 | P16: =M16-J16 -> 3 | Q16: =O16-L16 -> -17.303459 | R16: =O16/L16 -> 0.90135795 | S16: =R26 -> 0.80760827 | T16: 0.29722222 | U16: 0.33402778 | W16: =(U16-T16)*24*60 -> 53 | AB16: 新進學生加入，教育訓練 | AF16: =N16-K16 -> 266.69811 | AG16: =N16/K16 -> 1.1266974 | AH16: =AG26 -> 1.0553699
B17: 義大利麵 | D17: 青醬蛤蜊義大利麵 | F17: =VLOOKUP(D17,廠價表!$C$1:$E$41,3,0) -> 50.67 | G17: 3085 | H17: =F17*G17 -> 156316.95 | J17: =VLOOKUP(D17,產線配置圖!$A$3:$C$38,2,0) -> 12 | K17: =VLOOKUP(D17,產線配置圖!$A$3:$C$38,3,0) -> 2100 | L17: =K17/J17 -> 175 | M17: 15 | N17: =G17/W17*60 -> 2230.1205 | O17: =N17/M17 -> 148.6747 | P17: =M17-J17 -> 3 | Q17: =O17-L17 -> -26.325301 | R17: =O17/L17 -> 0.84956971 | T17: 0.34375 | U17: 0.40138889 | V17: =(T17-U16)*24*60 -> 14 | W17: =(U17-T17)*24*60 -> 83 | AB17: 新進學生加入，教育訓練 | AF17: =N17-K17 -> 130.12048 | AG17: =N17/K17 -> 1.0619621
B18: 義大利麵 | D18: 義式蕃茄起司義大利麵 | F18: =VLOOKUP(D18,廠價表!$C$1:$E$41,3,0) -> 50.39 | G18: 2587 | H18: =F18*G18 -> 130358.93 | J18: =VLOOKUP(D18,產線配置圖!$A$3:$C$38,2,0) -> 11 | K18: =VLOOKUP(D18,產線配置圖!$A$3:$C$38,3,0) -> 2100 | L18: =K18/J18 -> 190.90909 | M18: 15 | N18: =G18/W18*60 -> 2249.5652 | O18: =N18/M18 -> 149.97101 | P18: =M18-J18 -> 4 | Q18: =O18-L18 -> -40.938076 | R18: =O18/L18 -> 0.78556246 | T18: 0.42430556 | U18: 0.47222222 | V18: =(T18-U17)*24*60 -> 33 | W18: =(U18-T18)*24*60 -> 69 | X18: 0.48611111 | Y18: 0.52777778 | AB18: 新進學生加入，教育訓練 | AF18: =N18-K18 -> 149.56522 | AG18: =N18/K18 -> 1.0712215
B19: 義大利麵 | D19: 義式蕃茄起司義大利麵 | F19: =VLOOKUP(D19,廠價表!$C$1:$E$41,3,0) -> 50.39 | G19: 4038 | H19: =F19*G19 -> 203474.82 | J19: =VLOOKUP(D19,產線配置圖!$A$3:$C$38,2,0) -> 11 | K19: =VLOOKUP(D19,產線配置圖!$A$3:$C$38,3,0) -> 2100 | L19: =K19/J19 -> 190.90909 | M19: 15 | N19: =G19/W19*60 -> 2019 | O19: =N19/M19 -> 134.6 | P19: =M19-J19 -> 4 | Q19: =O19-L19 -> -56.309091 | R19: =O19/L19 -> 0.70504762 | T19: 0.53472222 | U19: 0.61805556 | V19: =(T19-U18)*24*60 -> 90 | W19: =(U19-T19)*24*60 -> 120 | AB19: 新進學生加入，教育訓練 | AF19: =N19-K19 -> -81 | AG19: =N19/K19 -> 0.96142857
W20: =(U20-T20)*24*60 -> 0
W21: =(U21-T21)*24*60 -> 0
W22: 0
W23: =(U23-T23)*24*60 -> 0
H24: =F24*G24 -> 0 | W24: =(U24-T24)*24*60 -> 0
H25: =F25*G25 -> 0 | W25: =(U25-T25)*24*60 -> 0
C26: 4度二組A | D26: 平均 | J26: =AVERAGE(J16:J25) -> 11.5 | K26: =AVERAGE(K16:K25) -> 2101.25 | L26: =AVERAGE(L16:L25) -> 183.05871 | M26: =AVERAGE(M16:M25) -> 15 | N26: =AVERAGE(N16:N25) -> 2217.596 | O26: =AVERAGE(O16:O25) -> 147.83973 | P26: =M26-J26 -> 3.5 | Q26: =O26-L26 -> -35.218982 | R26: =O26/L26 -> 0.80760827 | Z26: =SUM(Z16:Z25) -> 0 | AA26: =SUM(AA16:AA25) -> 0 | AD26: =SUM(AD16:AD25) -> 0 | AE26: =SUM(AE16:AE25) -> 0 | AF26: =N26-K26 -> 116.34595 | AG26: =N26/K26 -> 1.0553699
A27: 手工三線 (ET-55) | B27: 義大利麵 | D27: 惡魔乳酪生義大利麵 | F27: =VLOOKUP(D27,廠價表!$C$1:$E$41,3,0) -> 57.3 | G27: 1186 | H27: =F27*G27 -> 67957.8 | J27: 15 | K27: =VLOOKUP(D27,產線配置圖!$A$3:$C$38,3,0) -> 1500 | L27: =K27/J27 -> 100 | M27: 15 | N27: =G27/W27*60 -> 1482.5 | O27: =N27/M27 -> 98.833333 | P27: =M27-J27 -> 0 | Q27: =O27-L27 -> -1.1666667 | R27: =O27/L27 -> 0.98833333 | S27: =R37 -> 0.96600386 | T27: 0.28819444 | U27: 0.32152778 | W27: =(U27-T27)*24*60 -> 48 | AF27: =N27-K27 -> -17.5 | AG27: =N27/K27 -> 0.98833333 | AH27: =AG37 -> 0.93891575
B28: 熱乾麵 | D28: 青花椒麻雞肉拌麵 | F28: =VLOOKUP(D28,廠價表!$C$1:$E$41,3,0) -> 49.91 | G28: 3190 | H28: =F28*G28 -> 159212.9 | J28: =VLOOKUP(D28,產線配置圖!$A$3:$C$38,2,0) -> 15 | K28: =VLOOKUP(D28,產線配置圖!$A$3:$C$38,3,0) -> 1565 | L28: =K28/J28 -> 104.33333 | M28: 15 | N28: =G28/W28*60 -> 1439.0977 | O28: =N28/M28 -> 95.93985 | P28: =M28-J28 -> 0 | Q28: =O28-L28 -> -8.3934837 | R28: =O28/L28 -> 0.91955127 | T28: 0.32638889 | U28: 0.41875 | V28: =(T28-U27)*24*60 -> 7 | W28: =(U28-T28)*24*60 -> 133 | AF28: =N28-K28 -> -125.90226 | AG28: =N28/K28 -> 0.91955127
B29: 熱乾麵 | D29: 沙茶豬肉炒麵 | F29: =VLOOKUP(D29,廠價表!$C$1:$E$41,3,0) -> 49.52 | G29: 1150 | H29: =F29*G29 -> 56948 | J29: =VLOOKUP(D29,產線配置圖!$A$3:$C$38,2,0) -> 17 | K29: =VLOOKUP(D29,產線配置圖!$A$3:$C$38,3,0) -> 1440 | L29: =K29/J29 -> 84.705882 | M29: 16 | N29: =G29/W29*60 -> 1326.9231 | O29: =N29/M29 -> 82.932692 | P29: =M29-J29 -> -1 | Q29: =O29-L29 -> -1.77319 | R29: =O29/L29 -> 0.97906651 | T29: 0.425 | U29: 0.46111111 | V29: =(T29-U28)*24*60 -> 9 | W29: =(U29-T29)*24*60 -> 52 | AF29: =N29-K29 -> -113.07692 | AG29: =N29/K29 -> 0.92147436
B30: 熱乾麵 | D30: 沙茶豬肉炒麵 | F30: =VLOOKUP(D30,廠價表!$C$1:$E$41,3,0) -> 49.52 | G30: 800 | H30: =F30*G30 -> 39616 | J30: =VLOOKUP(D30,產線配置圖!$A$3:$C$38,2,0) -> 17 | K30: =VLOOKUP(D30,產線配置圖!$A$3:$C$38,3,0) -> 1440 | L30: =K30/J30 -> 84.705882 | M30: 16 | N30: =G30/W30*60 -> 1333.3333 | O30: =N30/M30 -> 83.333333 | P30: =M30-J30 -> -1 | Q30: =O30-L30 -> -1.372549 | R30: =O30/L30 -> 0.9837963 | T30: 0.52638889 | U30: 0.55138889 | V30: =(T30-U29)*24*60 -> 94 | W30: =(U30-T30)*24*60 -> 36 | X30: 0.49652778 | Y30: 0.53819444 | AF30: =N30-K30 -> -106.66667 | AG30: =N30/K30 -> 0.92592593
W31: =(U31-T31)*24*60 -> 0 | AF31: =N31-K31 -> 0 | AG31: =N31/K31 -> #DIV/0!
W32: =(U32-T32)*24*60 -> 0
W33: =(U33-T33)*24*60 -> 0
W34: =(U34-T34)*24*60 -> 0
W35: =(U35-T35)*24*60 -> 0
H36: =F36*G36 -> 0 | W36: =(U36-T36)*24*60 -> 0
C37: 4度二組B | D37: 平均 | J37: =AVERAGE(J27:J36) -> 16 | K37: =AVERAGE(K27:K36) -> 1486.25 | L37: =AVERAGE(L27:L36) -> 93.436275 | M37: =AVERAGE(M27:M36) -> 15.5 | N37: =AVERAGE(N27:N36) -> 1395.4635 | O37: =AVERAGE(O27:O36) -> 90.259802 | P37: =M37-J37 -> -0.5 | Q37: =N37-K37 -> -90.786461 | R37: =O37/L37 -> 0.96600386 | Z37: =SUM(Z27:Z36) -> 0 | AA37: =SUM(AA27:AA36) -> 0 | AD37: =SUM(AD27:AD36) -> 0 | AE37: =SUM(AE27:AE36) -> 0 | AF37: =N37-K37 -> -90.786461 | AG37: =N37/K37 -> 0.93891575
A38: 手工四線 (ET-55) | B38: 義大利麵 | D38: 剝皮辣椒雞奶油扁麵 | F38: =VLOOKUP(D38,廠價表!$C$1:$E$41,3,0) -> 56.87 | G38: 1543 | H38: =F38*G38 -> 87750.41 | J38: =VLOOKUP(D38,產線配置圖!$A$3:$C$38,2,0) -> 17 | K38: =VLOOKUP(D38,產線配置圖!$A$3:$C$38,3,0) -> 1565 | L38: =K38/J38 -> 92.058824 | M38: 17 | N38: =G38/W38*60 -> 1303.9437 | O38: =N38/M38 -> 76.702568 | P38: =M38-J38 -> 0 | Q38: =O38-L38 -> -15.356255 | R38: =O38/L38 -> 0.83319084 | S38: =R48 -> 0.87788611 | T38: 0.33333333 | U38: 0.38263889 | W38: =(U38-T38)*24*60 -> 71 | AF38: =N38-K38 -> -261.05634 | AG38: =N38/K38 -> 0.83319084 | AH38: =AG48 -> 0.87788611
B39: 熱乾麵 | D39: 府城鹽水意麵 | F39: =VLOOKUP(D39,廠價表!$C$1:$E$41,3,0) -> 44.3 | G39: 3488 | H39: =F39*G39 -> 154518.4 | J39: =VLOOKUP(D39,產線配置圖!$A$3:$C$38,2,0) -> 17 | K39: 1565 | L39: =K39/J39 -> 92.058824 | M39: 17 | N39: =G39/W39*60 -> 1395.2 | O39: =N39/M39 -> 82.070588 | P39: =M39-J39 -> 0 | Q39: =O39-L39 -> -9.9882353 | R39: =O39/L39 -> 0.8915016 | T39: 0.38888889 | U39: 0.49305556 | V39: =(T39-U38)*24*60 -> 9 | W39: =(U39-T39)*24*60 -> 150 | AF39: =N39-K39 -> -169.8 | AG39: =N39/K39 -> 0.8915016
B40: 熱乾麵 | D40: 府城鹽水意麵 | F40: =VLOOKUP(D40,廠價表!$C$1:$E$41,3,0) -> 44.3 | G40: 3746 | H40: =F40*G40 -> 165947.8 | J40: =VLOOKUP(D40,產線配置圖!$A$3:$C$38,2,0) -> 17 | K40: 1565 | L40: =K40/J40 -> 92.058824 | M40: 17 | N40: =G40/W40*60 -> 1422.5316 | O40: =N40/M40 -> 83.678332 | P40: =M40-J40 -> 0 | Q40: =O40-L40 -> -8.3804914 | R40: =O40/L40 -> 0.90896591 | T40: 0.54513889 | U40: 0.65486111 | V40: =(T40-U39)*24*60 -> 75 | W40: =(U40-T40)*24*60 -> 158 | AF40: =N40-K40 -> -142.46835 | AG40: =N40/K40 -> 0.90896591
W41: =(U41-T41)*24*60 -> 0 | AF41: =N41-K41 -> 0 | AG41: =N41/K41 -> #DIV/0!
W42: =(U42-T42)*24*60 -> 0
W43: =(U43-T43)*24*60 -> 0
W44: =(U44-T44)*24*60 -> 0
W45: =(U45-T45)*24*60 -> 0
W46: =(U46-T46)*24*60 -> 0
H47: =F47*G47 -> 0 | W47: =(U47-T47)*24*60 -> 0
C48: 4度二組C1 | D48: 平均 | J48: =AVERAGE(J38:J47) -> 17 | K48: =AVERAGE(K38:K47) -> 1565 | L48: =AVERAGE(L38:L47) -> 92.058824 | M48: =AVERAGE(M38:M47) -> 17 | N48: =AVERAGE(N38:N47) -> 1373.8918 | O48: =AVERAGE(O38:O47) -> 80.817163 | P48: =M48-J48 -> 0 | Q48: =N48-K48 -> -191.10823 | R48: =O48/L48 -> 0.87788611 | W48: =(U48-T48)*24*60 -> 0 | Z48: =SUM(Z38:Z47) -> 0 | AA48: =SUM(AA38:AA47) -> 0 | AD48: =SUM(AD38:AD47) -> 0 | AE48: =SUM(AE38:AE47) -> 0 | AF48: =N48-K48 -> -191.10823 | AG48: =N48/K48 -> 0.87788611
A49: 手工五線 (ET-55) | B49: 義大利麵 | D49: 奶油起司蝦仁通心粉 | F49: =VLOOKUP(D49,廠價表!$C$1:$E$41,3,0) -> 47.71 | G49: 2903 | H49: =F49*G49 -> 138502.13 | J49: =VLOOKUP(D49,產線配置圖!$A$3:$C$38,2,0) -> 16 | K49: =VLOOKUP(D49,產線配置圖!$A$3:$C$38,3,0) -> 1636 | L49: =K49/J49 -> 102.25 | M49: 17 | N49: =G49/W49*60 -> 1724.5545 | O49: =N49/M49 -> 101.44438 | P49: =M49-J49 -> 1 | Q49: =O49-L49 -> -0.80562027 | R49: =O49/L49 -> 0.99212107 | S49: =R58 -> 0.98778531 | T49: 0.29166667 | U49: 0.36180556 | W49: =(U49-T49)*24*60 -> 101 | AF49: =N49-K49 -> 88.554455 | AG49: =N49/K49 -> 1.0541286 | AH49: =AG58 -> 1.0032384
B50: 熱乾麵 | D50: 沙茶豬肉炒麵 | F50: =VLOOKUP(D50,廠價表!$C$1:$E$41,3,0) -> 49.52 | G50: 797 | H50: =F50*G50 -> 39467.44 | J50: =VLOOKUP(D50,產線配置圖!$A$3:$C$38,2,0) -> 17 | K50: =VLOOKUP(D50,產線配置圖!$A$3:$C$38,3,0) -> 1440 | L50: =K50/J50 -> 84.705882 | M50: 17 | N50: =G50/W50*60 -> 1406.4706 | O50: =N50/M50 -> 82.733564 | P50: =M50-J50 -> 0 | Q50: =O50-L50 -> -1.9723183 | R50: =O50/L50 -> 0.97671569 | T50: 0.3875 | U50: 0.41111111 | V50: =(T50-U49)*24*60 -> 37 | W50: =(U50-T50)*24*60 -> 34 | AB50: 湯凍異常確認 | AF50: =N50-K50 -> -33.529412 | AG50: =N50/K50 -> 0.97671569
B51: 義大利麵 | D51: 焗烤起司雙饗筆尖麵 | F51: =VLOOKUP(D51,廠價表!$C$1:$E$41,3,0) -> 49.97 | G51: 2925 | H51: =F51*G51 -> 146162.25 | J51: =VLOOKUP(D51,產線配置圖!$A$3:$C$38,2,0) -> 16 | K51: =VLOOKUP(D51,產線配置圖!$A$3:$C$38,3,0) -> 1714 | L51: =K51/J51 -> 107.125 | M51: 16 | N51: =G51/W51*60 -> 1703.8835 | O51: =N51/M51 -> 106.49272 | P51: =M51-J51 -> 0 | Q51: =O51-L51 -> -0.63228155 | R51: =O51/L51 -> 0.99409772 | T51: 0.42152778 | U51: 0.49305556 | V51: =(T51-U50)*24*60 -> 15 | W51: =(U51-T51)*24*60 -> 103 | AF51: =N51-K51 -> -10.116505 | AG51: =N51/K51 -> 0.99409772
B52: 義大利麵 | D52: 焗烤起司雙饗筆尖麵 | F52: =VLOOKUP(D52,廠價表!$C$1:$E$41,3,0) -> 49.97 | G52: 3662 | H52: =F52*G52 -> 182990.14 | J52: =VLOOKUP(D52,產線配置圖!$A$3:$C$38,2,0) -> 16 | K52: =VLOOKUP(D52,產線配置圖!$A$3:$C$38,3,0) -> 1714 | L52: =K52/J52 -> 107.125 | M52: 16 | N52: =G52/W52*60 -> 1690.1538 | O52: =N52/M52 -> 105.63462 | P52: =M52-J52 -> 0 | Q52: =O52-L52 -> -1.4903846 | R52: =O52/L52 -> 0.98608742 | T52: 0.55138889 | U52: 0.64166667 | V52: =(T52-U51)*24*60 -> 84 | W52: =(U52-T52)*24*60 -> 130 | X52: 0.47916667 | Y52: 0.52083333 | AF52: =N52-K52 -> -23.846154 | AG52: =N52/K52 -> 0.98608742
W53: =(U53-T53)*24*60 -> 0 | AF53: =N53-K53 -> 0 | AG53: =N53/K53 -> #DIV/0!
W54: =(U54-T54)*24*60 -> 0
W55: =(U55-T55)*24*60 -> 0
W56: =(U56-T56)*24*60 -> 0
W57: =(U57-T57)*24*60 -> 0
C58: 4度二組C2 | D58: 平均 | J58: =AVERAGE(J49:J57) -> 16.25 | K58: =AVERAGE(K49:K57) -> 1626 | L58: =AVERAGE(L49:L57) -> 100.30147 | M58: =AVERAGE(M49:M57) -> 16.5 | N58: =AVERAGE(N49:N57) -> 1631.2656 | O58: =AVERAGE(O49:O57) -> 99.076319 | P58: =M58-J58 -> 0.25 | Q58: =N58-K58 -> 5.2655962 | R58: =O58/L58 -> 0.98778531 | Z58: =SUM(Z49:Z57) -> 0 | AA58: =SUM(AA49:AA57) -> 0 | AD58: =SUM(AD49:AD57) -> 0 | AE58: =SUM(AE49:AE57) -> 0 | AF58: =N58-K58 -> 5.2655962 | AG58: =N58/K58 -> 1.0032384
A59: 調理包一線 (八爪機) | B59: 小吃、微波 | D59: 小滷青蔬 | F59: =VLOOKUP(D59,廠價表!$C$1:$E$41,3,0) -> 26.99 | G59: 4182 | H59: =F59*G59 -> 112872.18 | J59: =VLOOKUP(D59,產線配置圖!$A$3:$C$38,2,0) -> 13 | K59: =VLOOKUP(D59,產線配置圖!$A$3:$C$38,3,0) -> 1565 | L59: =K59/J59 -> 120.38462 | M59: 14 | N59: =G59/W59*60 -> 1568.25 | O59: =N59/M59 -> 112.01786 | P59: =M59-J59 -> 1 | Q59: =O59-L59 -> -8.3667582 | R59: =O59/L59 -> 0.93049977 | S59: =R69 -> 0.88405559 | T59: 0.29166667 | U59: 0.40277778 | W59: =(U59-T59)*24*60 -> 160 | AF59: =N59-K59 -> 3.25 | AG59: =N59/K59 -> 1.0020767 | AH59: =AG69 -> 0.95876312
B60: 小吃、微波 | D60: 起司馬鈴薯 | F60: =VLOOKUP(D60,廠價表!$C$1:$E$41,3,0) -> 28.26 | G60: 1632 | H60: =F60*G60 -> 46120.32 | J60: =VLOOKUP(D60,產線配置圖!$A$3:$C$38,2,0) -> 12 | K60: =VLOOKUP(D60,產線配置圖!$A$3:$C$38,3,0) -> 1565 | L60: =K60/J60 -> 130.41667 | M60: 14 | N60: =G60/W60*60 -> 1632 | O60: =N60/M60 -> 116.57143 | P60: =M60-J60 -> 2 | Q60: =O60-L60 -> -13.845238 | R60: =O60/L60 -> 0.89383843 | T60: 0.41319444 | U60: 0.45486111 | V60: =(T60-U59)*24*60 -> 15 | W60: =(U60-T60)*24*60 -> 60 | AF60: =N60-K60 -> 67 | AG60: =N60/K60 -> 1.0428115
B61: 小吃、微波 | D61: 三杯菇菇米血 | F61: =VLOOKUP(D61,廠價表!$C$1:$E$41,3,0) -> 28.26 | G61: 1518 | H61: =F61*G61 -> 42898.68 | J61: =VLOOKUP(D61,產線配置圖!$A$3:$C$38,2,0) -> 12 | K61: =VLOOKUP(D61,產線配置圖!$A$3:$C$38,3,0) -> 1565 | L61: =K61/J61 -> 130.41667 | M61: 12 | N61: =G61/W61*60 -> 1301.1429 | O61: =N61/M61 -> 108.42857 | P61: =M61-J61 -> 0 | Q61: =O61-L61 -> -21.988095 | R61: =O61/L61 -> 0.83140119 | T61: 0.46527778 | U61: 0.51388889 | V61: =(T61-U60)*24*60 -> 15 | W61: =(U61-T61)*24*60 -> 70 | AF61: =N61-K61 -> -263.85714 | AG61: =N61/K61 -> 0.83140119
W62: =(U62-T62)*24*60 -> 0 | X62: 0.50347222 | Y62: 0.54513889 | AF62: =N62-K62 -> 0 | AG62: =N62/K62 -> #DIV/0!
W63: =(U63-T63)*24*60 -> 0
W64: =(U64-T64)*24*60 -> 0
W65: =(U65-T65)*24*60 -> 0
W66: =(U66-T66)*24*60 -> 0
W67: =(U67-T67)*24*60 -> 0
H68: =F68*G68 -> 0 | W68: =(U68-T68)*24*60 -> 0
C69: 4度三組 | D69: 平均 | J69: =AVERAGE(J59:J68) -> 12.333333 | K69: =AVERAGE(K59:K68) -> 1565 | L69: =AVERAGE(L59:L68) -> 127.07265 | M69: =AVERAGE(M59:M68) -> 13.333333 | N69: =AVERAGE(N59:N68) -> 1500.4643 | O69: =AVERAGE(O59:O68) -> 112.33929 | P69: =M69-J69 -> 1 | Q69: =N69-K69 -> -64.535714 | R69: =O69/L69 -> 0.88405559 | Z69: =SUM(Z59:Z68) -> 0 | AA69: =SUM(AA59:AA68) -> 0 | AD69: =SUM(AD59:AD68) -> 0 | AE69: =SUM(AE59:AE68) -> 0 | AF69: =N69-K69 -> -64.535714 | AG69: =N69/K69 -> 0.95876312
A70: 調理包二線 (手工) | B70: 義大利麵 | D70: 焗烤起司肉醬筆尖麵 | F70: =VLOOKUP(D70,廠價表!$C$1:$E$41,3,0) -> 50.67 | G70: 1774 | H70: =F70*G70 -> 89888.58 | J70: =VLOOKUP(D70,產線配置圖!$A$3:$C$38,2,0) -> 10 | K70: =VLOOKUP(D70,產線配置圖!$A$3:$C$38,3,0) -> 1125 | L70: =K70/J70 -> 112.5 | M70: 12 | N70: =G70/W70*60 -> 1097.3196 | O70: =N70/M70 -> 91.443299 | P70: =M70-J70 -> 2 | Q70: =O70-L70 -> -21.056701 | R70: =O70/L70 -> 0.81282932 | S70: =R79 -> 0.88024913 | T70: 0.35486111 | U70: 0.42222222 | W70: =(U70-T70)*24*60 -> 97 | AB70: 金檢機異常 | AF70: =N70-K70 -> -27.680412 | AG70: =N70/K70 -> 0.97539519 | AH70: =AG79 -> 0.87427099
B71: 義大利麵 | D71: 濃拿坡里義大利麵 | F71: =VLOOKUP(D71,廠價表!$C$1:$E$41,3,0) -> 56.43 | G71: 1330 | H71: =F71*G71 -> 75051.9 | J71: =VLOOKUP(D71,產線配置圖!$A$3:$C$38,2,0) -> 16 | K71: =VLOOKUP(D71,產線配置圖!$A$3:$C$38,3,0) -> 1406 | L71: =K71/J71 -> 87.875 | M71: 15 | N71: =G71/W71*60 -> 1108.3333 | O71: =N71/M71 -> 73.888889 | P71: =M71-J71 -> -1 | Q71: =O71-L71 -> -13.986111 | R71: =O71/L71 -> 0.84084084 | T71: 0.42916667 | U71: 0.47916667 | V71: =(T71-U70)*24*60 -> 10 | W71: =(U71-T71)*24*60 -> 72 | AF71: -300.3125 | AG71: 0.80810703
B72: 義大利麵 | D72: 焗烤起司肉醬筆尖麵 | F72: =VLOOKUP(D72,廠價表!$C$1:$E$41,3,0) -> 50.67 | G72: 1453 | H72: =F72*G72 -> 73623.51 | J72: =VLOOKUP(D72,產線配置圖!$A$3:$C$38,2,0) -> 10 | K72: =VLOOKUP(D72,產線配置圖!$A$3:$C$38,3,0) -> 1125 | L72: =K72/J72 -> 112.5 | M72: 9 | N72: =G72/W72*60 -> 990.68182 | O72: =N72/M72 -> 110.07576 | P72: =M72-J72 -> -1 | Q72: =O72-L72 -> -2.4242424 | R72: =O72/L72 -> 0.97845118 | T72: 0.55555556 | U72: 0.61666667 | V72: =(T72-U71)*24*60 -> 110 | W72: =(U72-T72)*24*60 -> 88 | AF72: -130.33333 | AG72: 0.91671991
W73: =(U73-T73)*24*60 -> 0
W74: =(U74-T74)*24*60 -> 0
H75: =F75*G75 -> 0 | W75: =(U75-T75)*24*60 -> 0
H76: =F76*G76 -> 0 | W76: =(U76-T76)*24*60 -> 0
H77: =F77*G77 -> 0 | W77: =(U77-T77)*24*60 -> 0
H78: =F78*G78 -> 0 | W78: =(U78-T78)*24*60 -> 0
C79: 4度四組 | D79: 平均 | J79: =AVERAGE(J70:J78) -> 12 | K79: =AVERAGE(K70:K78) -> 1218.6667 | L79: =AVERAGE(L70:L78) -> 104.29167 | M79: =AVERAGE(M70:M78) -> 12 | N79: =AVERAGE(N70:N78) -> 1065.4449 | O79: =AVERAGE(O70:O78) -> 91.802648 | P79: =M79-J79 -> 0 | Q79: =N79-K79 -> -153.22175 | R79: =O79/L79 -> 0.88024913 | Z79: =SUM(Z70:Z78) -> 0 | AA79: =SUM(AA70:AA78) -> 0 | AD79: =SUM(AD70:AD78) -> 0 | AE79: =SUM(AE70:AE78) -> 0 | AF79: =N79-K79 -> -153.22175 | AG79: =N79/K79 -> 0.87427099
AJ80: 1.當日出勤人數較多
AJ81: 2.當日出勤人數較少
AJ82: 3.當日出勤熟手較少
AJ83: 4.當日出勤新人較多
AJ84: 5.機台夾盒
AJ85: 6.封膜不順
AJ86: 7.更換膠膜
AJ87: 8.更換碳帶
AJ88: 9.當日熱轉印碳帶異常
AJ89: 10.訂單量過少
AJ90: 11.新品上市，尚未熟悉
AJ91: 12.商品結構，產能較低
AJ92: 13.區域出貨，分段生產

Sheet 0302總 
B1: 長家廠組合室生產人時性分析
B3: 日期 | D3: 46083 | F3: 訂單量 | G3: ='0302'!E1 -> 57654 | I3: 營業額 | J3: ='0302'!G1 -> 2739861.8
B4: 項目 | D4: 3 | F4: ➀ | H4: ➁ | J4: ③ | L4: 異常停線 | N4: 短暫停線
B5: 人時性 | D5: 組合室 | F5: 全溫層 | H5: 義大利麵 | J5: 袋裝小吃、義麵 | L5: 合計次數 | M5: 時間 | N5: 合計次數 | O5: 設備次數
D6: 排關平均 | F6: =AVERAGE(D13:J13) -> 123.81979 | H6: =AVERAGE(D13:H13,J13) -> 123.13832 | J6: =AVERAGE(I13) -> 127.90865 | L6: =SUM(D18:J18) -> 0 | M6: =SUM(D19:J19) -> 0 | N6: =SUM(D20:J20) -> 7 | O6: =SUM(D20:J20) -> 7
D7: 實績平均 | F7: =AVERAGE(D14:J14) -> 109.39194 | H7: =AVERAGE(D14:H14,J14) -> 109.80813 | J7: =AVERAGE(I14) -> 106.89479 | L7: =AVERAGE(K14:L14) -> #DIV/0! | M7: =AVERAGE(L14:M14) -> #DIV/0! | N7: =AVERAGE(M14:N14) -> #DIV/0! | O7: =AVERAGE(N14:O14) -> #DIV/0!
D8: 達成率平均 | F8: =F7/F6 -> 0.88347701 | H8: =H7/H6 -> 0.89174625 | J8: =J7/J6 -> 0.83571197 | L8: =AVERAGE(K15:L15) -> #DIV/0! | M8: =AVERAGE(L15:M15) -> #DIV/0! | N8: =AVERAGE(M15:N15) -> #DIV/0! | O8: =AVERAGE(N15:O15) -> #DIV/0!
J9: ※現行日本鮮食廠以達成率80%為基本(即為現行KPI)
B10: 溫層 | D10: 4度C-各編組展開
B11: 編組 | D11: 1 | E11: 2 | F11: 3 | G11: 4 | H11: 5 | I11: 6 | J11: 7
D12: 自動1線 | E12: 自動2線 | F12: 手工3線 | G12: 手工4線 | H12: 手工5線 | I12: 調理包1線 | J12: 調理包2線
B13: 人時性 | C13: 排關 | D13: =VALUE('0302'!L15) -> 158.69872 | E13: =VALUE('0302'!L26) -> 183.05871 | F13: =VALUE('0302'!L37) -> 95.221989 | G13: =VALUE('0302'!L48) -> 92.058824 | H13: =VALUE('0302'!L58) -> 105.5 | I13: =VALUE('0302'!L69) -> 127.90865 | J13: ='0302'!L79 -> 104.29167
C14: 實績 | D14: =VALUE('0302'!O15) -> 128.34914 | E14: =VALUE('0302'!O26) -> 159.08016 | F14: =VALUE('0302'!O37) -> 91.581589 | G14: =VALUE('0302'!O48) -> 81.604239 | H14: =VALUE('0302'!O58) -> 102.69918 | I14: =VALUE('0302'!O69) -> 106.89479 | J14: ='0302'!O79 -> 95.534503
C15: 達成率 | D15: =D14/D13 -> 0.80875977 | E15: =E14/E13 -> 0.86901166 | F15: =F14/F13 -> 0.96176933 | G15: =G14/G13 -> 0.88643582 | H15: =H14/H13 -> 0.9734519 | I15: =I14/I13 -> 0.83571197 | J15: ='0302'!S70 -> 0.91603199
B16: 作業 時間 | C16: 開始 | D16: ='0302'!T5 -> 0.29166667 | E16: ='0302'!T16 -> 0.29027778 | F16: ='0302'!T27 -> 0.28819444 | G16: ='0302'!T38 -> 0.33333333 | H16: ='0302'!T49 -> 0.29166667 | I16: ='0302'!T59 -> 0.28819444 | J16: ='0302'!T70 -> 0.33333333
C17: 結束 | D17: 0.62986111 | E17: 0.60208333 | F17: 0.575 | G17: 0.64444444 | H17: 0.58402778 | I17: 0.56944444 | J17: 0.59722222
B18: 產線異常 (5分鐘以上) | C18: 次數 | D18: ='0302'!Z15 -> 0 | E18: ='0302'!Z26 -> 0 | F18: ='0302'!Z37 -> 0 | G18: ='0302'!Z48 -> 0 | H18: ='0302'!Z58 -> 0 | I18: ='0302'!Z69 -> 0 | J18: ='0302'!AA79 -> 0
C19: 時間/分 | D19: ='0302'!AA15 -> 0 | E19: ='0302'!AA26 -> 0 | F19: ='0302'!AA37 -> 0 | G19: ='0302'!AA48 -> 0 | H19: ='0302'!AA58 -> 0 | I19: ='0302'!AA69 -> 0 | J19: ='0302'!AB79 -> 0
B20: 短暫停線 (5分鐘以下) | C20: 次數 | D20: ='0302'!AD15 -> 2 | E20: ='0302'!AD26 -> 5 | F20: ='0302'!AD37 -> 0 | G20: ='0302'!AD48 -> 0 | H20: ='0302'!AD58 -> 0 | I20: ='0302'!AD69 -> 0 | J20: ='0302'!AD79 -> 0
C21: 設備次數 | D21: ='0302'!AE15 -> 2 | E21: ='0302'!AE26 -> 6 | F21: ='0302'!AE37 -> 0 | G21: ='0302'!AE48 -> 0 | H21: ='0302'!AE58 -> 0 | I21: ='0302'!AE69 -> 0 | J21: ='0302'!AE79 -> 0
B22: 配置人數 | D22: =VALUE('0302'!M15) -> 14.2 | E22: =VALUE('0302'!M26) -> 12.5 | F22: =VALUE('0302'!M37) -> 14.75 | G22: =VALUE('0302'!M48) -> 16.666667 | H22: =VALUE('0302'!M58) -> 16 | I22: =VALUE('0302'!M69) -> 13 | J22: ='0302'!M79 -> 11.333333
B23: 主要應用設備 | D23: ET-600 | E23: ET-600 | F23: ET-55 | G23: ET-55 | H23: ET-55 | I23: 八爪機 | J23: 八爪機
B24: 次要應用設備 | H24: 封口機 | J24: 封口機
B25: 備註

Sheet 0302
A1: 長家廠4度C日報分析 | D1: 總生產量 | E1: =SUM(G5:G79) -> 57654 | F1: 營業額 | G1: =SUM(H5:H79) -> 2739861.8 | H1: 出勤人數 | I1: =M15+M26+M48+M58+M69+M79+M37 -> 98.45 | J1: 產線配置圖 | M1: 生產實績 | P1: 人時性差異分析 | T1: 日報登錄 | Z1: 合計 次數 | AA1: 合計 時間/分 | AB1: 分析說明 | AD1: 合計 次數 | AE1: 合計 設備次數 | AF1: 產能差異分析
A2: 03月02日 星期一 | D2: 人時性 | E2: =AVERAGE(O15,O26,O37,O48,O58,O69,O79) -> 109.39194 | F2: 平均廠價 | G2: =G1/E1 -> 47.522493 | H2: 多次生產數 | I2: =COUNT(I5:I79) -> 0 | Z2: =Z15+Z26+Z37+Z48+Z58+Z69+Z79 -> 0 | AA2: =AA15+AA26+AA37+AA48+AA58+AA69+AA79 -> 0 | AD2: =AD15+AD26+AD37+AD48+AD58+AD69+AD79 -> 7 | AE2: =AE15+AE26+AE37+AE48+AE58+AE69+AE79 -> 8
A3: 線別 | B3: 品類 | D3: 品名 | F3: 廠價 | G3: 生產量 | H3: 營收 | I3: 多次 生產 | J3: 人數 | K3: 產能/時 | L3: 人時性 | M3: 人數 | N3: 產能/時 | O3: 人時性 | P3: 人數 | Q3: 人時性 | R3: 達成率 | S3: 達成率平均 | T3: 生產時間 | V3: 前置、換線時間/分 | W3: 稼動時間/分 | X3: 休息時間 | Z3: 產線異常統計 (5分鐘以上) | AD3: 短暫停線統計 (5分鐘以下) | AF3: 產能/時 | AG3: 達成率 | AH3: 達成率平均
T4: 開始 | U4: 結束 | X4: 開始 | Y4: 結束 | Z4: 次數 | AA4: 時間/分 | AD4: 總次數 | AE4: 設備因素(次數)
A5: 自動一線 (ET-600) | B5: 義大利麵 | D5: 白酒蛤蜊義大利麵 | F5: =VLOOKUP(D5,廠價表!$C$1:$E$41,3,0) -> 57.21 | G5: 2173 | H5: =F5*G5 -> 124317.33 | J5: =VLOOKUP(D5,產線配置圖!$A$3:$C$38,2,0) -> 12 | K5: =VLOOKUP(D5,產線配置圖!$A$3:$C$38,3,0) -> 2105 | L5: =K5/J5 -> 175.41667 | M5: 15 | N5: =G5/W5*60 -> 2102.9032 | O5: =N5/M5 -> 140.19355 | P5: =M5-J5 -> 3 | Q5: =O5-L5 -> -35.223118 | R5: =O5/L5 -> 0.79920313 | S5: =R15 -> 0.80875977 | T5: 0.29166667 | U5: 0.33472222 | W5: =(U5-T5)*24*60 -> 62 | AB5: 新進學生加入，教育訓練 | AD5: 1 | AE5: 1 | AF5: =N5-K5 -> -2.0967742 | AG5: =N5/K5 -> 0.99900391 | AH5: =AG15 -> 0.89065148
B6: 義大利麵 | D6: 青醬蛤蜊義大利麵 | F6: =VLOOKUP(D6,廠價表!$C$1:$E$41,3,0) -> 50.67 | G6: 1153 | H6: =F6*G6 -> 58422.51 | J6: =VLOOKUP(D6,產線配置圖!$A$3:$C$38,2,0) -> 12 | K6: =VLOOKUP(D6,產線配置圖!$A$3:$C$38,3,0) -> 2100 | L6: =K6/J6 -> 175 | M6: 14 | N6: =G6/W6*60 -> 1572.2727 | O6: =N6/M6 -> 112.30519 | P6: =M6-J6 -> 2 | Q6: =O6-L6 -> -62.694805 | R6: =O6/L6 -> 0.64174397 | T6: 0.34166667 | U6: 0.37222222 | V6: =(T6-U5)*24*60 -> 10 | W6: =(U6-T6)*24*60 -> 44 | AB6: 新進學生加入，教育訓練 | AD6: 1 | AE6: 1 | AF6: =N6-K6 -> -527.72727 | AG6: =N6/K6 -> 0.7487013
B7: 義大利麵 | D7: 辣味香菜雞肉義大利麵 | F7: =VLOOKUP(D7,廠價表!$C$1:$E$41,3,0) -> 56.28 | G7: 1536 | H7: =F7*G7 -> 86446.08 | J7: =VLOOKUP(D7,產線配置圖!$A$3:$C$38,2,0) -> 15 | K7: =VLOOKUP(D7,產線配置圖!$A$3:$C$38,3,0) -> 1800 | L7: =K7/J7 -> 120 | M7: 15 | N7: =G7/W7*60 -> 1772.3077 | O7: =N7/M7 -> 118.15385 | P7: =M7-J7 -> 0 | Q7: =O7-L7 -> -1.8461538 | R7: =O7/L7 -> 0.98461538 | T7: 0.37847222 | U7: 0.41458333 | V7: =(T7-U6)*24*60 -> 9 | W7: =(U7-T7)*24*60 -> 52 | AB7: 新進學生加入，教育訓練 | AF7: =N7-K7 -> -27.692308 | AG7: =N7/K7 -> 0.98461538
B8: 義大利麵 | D8: 奶油培根義大利麵 | F8: =VLOOKUP(D8,廠價表!$C$1:$E$41,3,0) -> 49.14 | G8: 1945 | H8: =F8*G8 -> 95577.3 | J8: =VLOOKUP(D8,產線配置圖!$A$3:$C$38,2,0) -> 13 | K8: =VLOOKUP(D8,產線配置圖!$A$3:$C$38,3,0) -> 2100 | L8: =K8/J8 -> 161.53846 | M8: 14 | N8: =G8/W8*60 -> 1643.662 | O8: =N8/M8 -> 117.40443 | P8: =M8-J8 -> 1 | Q8: =O8-L8 -> -44.134035 | R8: =O8/L8 -> 0.72678931 | T8: 0.42847222 | U8: 0.47777778 | V8: =(T8-U7)*24*60 -> 20 | W8: =(U8-T8)*24*60 -> 71 | X8: 0.48611111 | Y8: 0.52777778 | AB8: 新進學生加入，教育訓練 | AF8: =N8-K8 -> -456.33803 | AG8: =N8/K8 -> 0.78269618
B9: 義大利麵 | D9: 奶油培根義大利麵 | F9: =VLOOKUP(D9,廠價表!$C$1:$E$41,3,0) -> 49.14 | G9: 4229 | H9: =F9*G9 -> 207813.06 | J9: =VLOOKUP(D9,產線配置圖!$A$3:$C$38,2,0) -> 13 | K9: =VLOOKUP(D9,產線配置圖!$A$3:$C$38,3,0) -> 2100 | L9: =K9/J9 -> 161.53846 | M9: 13 | N9: =G9/W9*60 -> 1997.9528 | O9: =N9/M9 -> 153.68867 | P9: =M9-J9 -> 0 | Q9: =O9-L9 -> -7.849788 | R9: =O9/L9 -> 0.95140607 | T9: 0.54166667 | U9: 0.62986111 | V9: =(T9-U8)*24*60 -> 92 | W9: =(U9-T9)*24*60 -> 127 | AF9: =N9-K9 -> -102.04724 | AG9: =N9/K9 -> 0.95140607
W10: =(U10-T10)*24*60 -> 0 | AF10: =N10-K10 -> 0 | AG10: =N10/K10 -> #DIV/0!
W11: =(U11-T11)*24*60 -> 0 | AF11: =N11-K11 -> 0 | AG11: =N11/K11 -> #DIV/0!
W12: =(U12-T12)*24*60 -> 0
W13: =(U13-T13)*24*60 -> 0
W14: =(U14-T14)*24*60 -> 0
C15: 4度一組 | D15: 平均 | J15: =AVERAGE(J5:J14) -> 13 | K15: =AVERAGE(K5:K14) -> 2041 | L15: =AVERAGE(L5:L14) -> 158.69872 | M15: =AVERAGE(M5:M14) -> 14.2 | N15: =AVERAGE(N5:N14) -> 1817.8197 | O15: =AVERAGE(O5:O14) -> 128.34914 | P15: =M15-J15 -> 1.2 | Q15: =O15-L15 -> -30.34958 | R15: =O15/L15 -> 0.80875977 | Z15: =SUM(Z5:Z14) -> 0 | AA15: =SUM(AA5:AA14) -> 0 | AD15: =SUM(AD5:AD14) -> 2 | AE15: =SUM(AE5:AE14) -> 2 | AF15: =N15-K15 -> -223.18033 | AG15: =N15/K15 -> 0.89065148
A16: 自動二線 (ET-600) | B16: 義大利麵 | D16: 白酒蛤蜊義大利麵 | F16: =VLOOKUP(D16,廠價表!$C$1:$E$41,3,0) -> 57.21 | G16: 1931 | H16: =F16*G16 -> 110472.51 | J16: =VLOOKUP(D16,產線配置圖!$A$3:$C$38,2,0) -> 12 | K16: =VLOOKUP(D16,產線配置圖!$A$3:$C$38,3,0) -> 2105 | L16: =K16/J16 -> 175.41667 | M16: 15 | N16: =G16/W16*60 -> 2032.6316 | O16: =N16/M16 -> 135.50877 | P16: =M16-J16 -> 3 | Q16: =O16-L16 -> -39.907895 | R16: =O16/L16 -> 0.77249656 | S16: =R26 -> 0.86901166 | T16: 0.29027778 | U16: 0.32986111 | W16: =(U16-T16)*24*60 -> 57 | AB16: 新進學生加入，教育訓練 | AD16: 1 | AE16: 1 | AF16: =N16-K16 -> -72.368421 | AG16: =N16/K16 -> 0.9656207 | AH16: =AG26 -> 0.93628423
B17: 義大利麵 | D17: 青醬蛤蜊義大利麵 | F17: =VLOOKUP(D17,廠價表!$C$1:$E$41,3,0) -> 50.67 | G17: 3055 | H17: =F17*G17 -> 154796.85 | J17: =VLOOKUP(D17,產線配置圖!$A$3:$C$38,2,0) -> 12 | K17: =VLOOKUP(D17,產線配置圖!$A$3:$C$38,3,0) -> 2100 | L17: =K17/J17 -> 175 | M17: 13 | N17: =G17/W17*60 -> 2131.3953 | O17: =N17/M17 -> 163.95349 | P17: =M17-J17 -> 1 | Q17: =O17-L17 -> -11.046512 | R17: =O17/L17 -> 0.93687708 | T17: 0.33611111 | U17: 0.39583333 | V17: =(T17-U16)*24*60 -> 9 | W17: =(U17-T17)*24*60 -> 86 | AB17: 新進學生加入，教育訓練 | AD17: 3 | AE17: 4 | AF17: =N17-K17 -> 31.395349 | AG17: =N17/K17 -> 1.0149502
B18: 義大利麵 | D18: 義式蕃茄起司義大利麵 | F18: =VLOOKUP(D18,廠價表!$C$1:$E$41,3,0) -> 50.39 | G18: 3334 | H18: =F18*G18 -> 168000.26 | J18: =VLOOKUP(D18,產線配置圖!$A$3:$C$38,2,0) -> 11 | K18: =VLOOKUP(D18,產線配置圖!$A$3:$C$38,3,0) -> 2100 | L18: =K18/J18 -> 190.90909 | M18: 11 | N18: =G18/W18*60 -> 1818.5455 | O18: =N18/M18 -> 165.32231 | P18: =M18-J18 -> 0 | Q18: =O18-L18 -> -25.586777 | R18: =O18/L18 -> 0.86597403 | T18: 0.40277778 | U18: 0.47916667 | V18: =(T18-U17)*24*60 -> 10 | W18: =(U18-T18)*24*60 -> 110 | X18: 0.48611111 | Y18: 0.52777778 | AB18: 新進學生加入，教育訓練 | AD18: 1 | AE18: 1 | AF18: =N18-K18 -> -281.45455 | AG18: =N18/K18 -> 0.86597403
B19: 義大利麵 | D19: 義式蕃茄起司義大利麵 | F19: =VLOOKUP(D19,廠價表!$C$1:$E$41,3,0) -> 50.39 | G19: 2736 | H19: =F19*G19 -> 137867.04 | J19: =VLOOKUP(D19,產線配置圖!$A$3:$C$38,2,0) -> 11 | K19: =VLOOKUP(D19,產線配置圖!$A$3:$C$38,3,0) -> 2100 | L19: =K19/J19 -> 190.90909 | M19: 11 | N19: =G19/W19*60 -> 1886.8966 | O19: =N19/M19 -> 171.53605 | P19: =M19-J19 -> 0 | Q19: =O19-L19 -> -19.373041 | R19: =O19/L19 -> 0.89852217 | T19: 0.54166667 | U19: 0.60208333 | V19: =(T19-U18)*24*60 -> 90 | W19: =(U19-T19)*24*60 -> 87 | AB19: 新進學生加入，教育訓練 | AF19: =N19-K19 -> -213.10345 | AG19: =N19/K19 -> 0.89852217
W20: =(U20-T20)*24*60 -> 0
W21: =(U21-T21)*24*60 -> 0
W22: 0
W23: =(U23-T23)*24*60 -> 0
H24: =F24*G24 -> 0 | W24: =(U24-T24)*24*60 -> 0
H25: =F25*G25 -> 0 | W25: =(U25-T25)*24*60 -> 0
C26: 4度二組A | D26: 平均 | J26: =AVERAGE(J16:J25) -> 11.5 | K26: =AVERAGE(K16:K25) -> 2101.25 | L26: =AVERAGE(L16:L25) -> 183.05871 | M26: =AVERAGE(M16:M25) -> 12.5 | N26: =AVERAGE(N16:N25) -> 1967.3672 | O26: =AVERAGE(O16:O25) -> 159.08016 | P26: =M26-J26 -> 1 | Q26: =O26-L26 -> -23.978556 | R26: =O26/L26 -> 0.86901166 | Z26: =SUM(Z16:Z25) -> 0 | AA26: =SUM(AA16:AA25) -> 0 | AD26: =SUM(AD16:AD25) -> 5 | AE26: =SUM(AE16:AE25) -> 6 | AF26: =N26-K26 -> -133.88277 | AG26: =N26/K26 -> 0.93628423
A27: 手工三線 (ET-55) | B27: 義大利麵 | D27: 惡魔乳酪生義大利麵 | F27: =VLOOKUP(D27,廠價表!$C$1:$E$41,3,0) -> 57.3 | G27: 1246 | H27: =F27*G27 -> 71395.8 | J27: =VLOOKUP(D27,產線配置圖!$A$3:$C$38,2,0) -> 14 | K27: =VLOOKUP(D27,產線配置圖!$A$3:$C$38,3,0) -> 1500 | L27: =K27/J27 -> 107.14286 | M27: 14 | N27: =G27/W27*60 -> 1495.2 | O27: =N27/M27 -> 106.8 | P27: =M27-J27 -> 0 | Q27: =O27-L27 -> -0.34285714 | R27: =O27/L27 -> 0.9968 | S27: =R37 -> 0.96176933 | T27: 0.28819444 | U27: 0.32291667 | W27: =(U27-T27)*24*60 -> 50 | AF27: =N27-K27 -> -4.8 | AG27: =N27/K27 -> 0.9968 | AH27: =AG37 -> 0.90632386
B28: 熱乾麵 | D28: 青花椒麻雞肉拌麵 | F28: =VLOOKUP(D28,廠價表!$C$1:$E$41,3,0) -> 49.91 | G28: 3059 | H28: =F28*G28 -> 152674.69 | J28: =VLOOKUP(D28,產線配置圖!$A$3:$C$38,2,0) -> 15 | K28: =VLOOKUP(D28,產線配置圖!$A$3:$C$38,3,0) -> 1565 | L28: =K28/J28 -> 104.33333 | M28: 15 | N28: =G28/W28*60 -> 1401.0687 | O28: =N28/M28 -> 93.40458 | P28: =M28-J28 -> 0 | Q28: =O28-L28 -> -10.928753 | R28: =O28/L28 -> 0.89525157 | T28: 0.32777778 | U28: 0.41875 | V28: =(T28-U27)*24*60 -> 7 | W28: =(U28-T28)*24*60 -> 131 | AF28: =N28-K28 -> -163.9313 | AG28: =N28/K28 -> 0.89525157
B29: 熱乾麵 | D29: 沙茶豬肉炒麵 | F29: =VLOOKUP(D29,廠價表!$C$1:$E$41,3,0) -> 49.52 | G29: 1187 | H29: =F29*G29 -> 58780.24 | J29: =VLOOKUP(D29,產線配置圖!$A$3:$C$38,2,0) -> 17 | K29: =VLOOKUP(D29,產線配置圖!$A$3:$C$38,3,0) -> 1440 | L29: =K29/J29 -> 84.705882 | M29: 15 | N29: =G29/W29*60 -> 1249.4737 | O29: =N29/M29 -> 83.298246 | P29: =M29-J29 -> -2 | Q29: =O29-L29 -> -1.4076367 | R29: =O29/L29 -> 0.98338207 | T29: 0.42569444 | U29: 0.46527778 | V29: =(T29-U28)*24*60 -> 10 | W29: =(U29-T29)*24*60 -> 57 | AF29: =N29-K29 -> -190.52632 | AG29: =N29/K29 -> 0.86769006
B30: 熱乾麵 | D30: 沙茶豬肉炒麵 | F30: =VLOOKUP(D30,廠價表!$C$1:$E$41,3,0) -> 49.52 | G30: 1408 | H30: =F30*G30 -> 69724.16 | J30: =VLOOKUP(D30,產線配置圖!$A$3:$C$38,2,0) -> 17 | K30: =VLOOKUP(D30,產線配置圖!$A$3:$C$38,3,0) -> 1440 | L30: =K30/J30 -> 84.705882 | M30: 15 | N30: =G30/W30*60 -> 1242.3529 | O30: =N30/M30 -> 82.823529 | P30: =M30-J30 -> -2 | Q30: =O30-L30 -> -1.8823529 | R30: =O30/L30 -> 0.97777778 | T30: 0.52777778 | U30: 0.575 | V30: =(T30-U29)*24*60 -> 90 | W30: =(U30-T30)*24*60 -> 68 | X30: 0.49652778 | Y30: 0.53819444 | AF30: =N30-K30 -> -197.64706 | AG30: =N30/K30 -> 0.8627451
W31: =(U31-T31)*24*60 -> 0 | AF31: =N31-K31 -> 0 | AG31: =N31/K31 -> #DIV/0!
W32: =(U32-T32)*24*60 -> 0
W33: =(U33-T33)*24*60 -> 0
W34: =(U34-T34)*24*60 -> 0
W35: =(U35-T35)*24*60 -> 0
H36: =F36*G36 -> 0 | W36: =(U36-T36)*24*60 -> 0
C37: 4度二組B | D37: 平均 | J37: =AVERAGE(J27:J36) -> 15.75 | K37: =AVERAGE(K27:K36) -> 1486.25 | L37: =AVERAGE(L27:L36) -> 95.221989 | M37: =AVERAGE(M27:M36) -> 14.75 | N37: =AVERAGE(N27:N36) -> 1347.0238 | O37: =AVERAGE(O27:O36) -> 91.581589 | P37: =M37-J37 -> -1 | Q37: =N37-K37 -> -139.22617 | R37: =O37/L37 -> 0.96176933 | Z37: =SUM(Z27:Z36) -> 0 | AA37: =SUM(AA27:AA36) -> 0 | AD37: =SUM(AD27:AD36) -> 0 | AE37: =SUM(AE27:AE36) -> 0 | AF37: =N37-K37 -> -139.22617 | AG37: =N37/K37 -> 0.90632386
A38: 手工四線 (ET-55) | B38: 義大利麵 | D38: 剝皮辣椒雞奶油扁麵 | F38: =VLOOKUP(D38,廠價表!$C$1:$E$41,3,0) -> 56.87 | G38: 1557 | H38: =F38*G38 -> 88546.59 | J38: =VLOOKUP(D38,產線配置圖!$A$3:$C$38,2,0) -> 17 | K38: =VLOOKUP(D38,產線配置圖!$A$3:$C$38,3,0) -> 1565 | L38: =K38/J38 -> 92.058824 | M38: 16 | N38: =G38/W38*60 -> 1213.2468 | O38: =N38/M38 -> 75.827922 | P38: =M38-J38 -> -1 | Q38: =O38-L38 -> -16.230901 | R38: =O38/L38 -> 0.82368989 | S38: =R48 -> 0.88643582 | T38: 0.33333333 | U38: 0.38680556 | W38: =(U38-T38)*24*60 -> 77 | AF38: =N38-K38 -> -351.75325 | AG38: =N38/K38 -> 0.77523754 | AH38: =AG48 -> 0.87028504
B39: 熱乾麵 | D39: 府城鹽水意麵 | F39: =VLOOKUP(D39,廠價表!$C$1:$E$41,3,0) -> 44.3 | G39: 3469 | H39: =F39*G39 -> 153676.7 | J39: =VLOOKUP(D39,產線配置圖!$A$3:$C$38,2,0) -> 17 | K39: 1565 | L39: =K39/J39 -> 92.058824 | M39: 17 | N39: =G39/W39*60 -> 1435.4483 | O39: =N39/M39 -> 84.438134 | P39: =M39-J39 -> 0 | Q39: =O39-L39 -> -7.6206897 | R39: =O39/L39 -> 0.91721935 | T39: 0.39236111 | U39: 0.49305556 | V39: =(T39-U38)*24*60 -> 8 | W39: =(U39-T39)*24*60 -> 145 | AF39: =N39-K39 -> -129.55172 | AG39: =N39/K39 -> 0.91721935
B40: 熱乾麵 | D40: 府城鹽水意麵 | F40: =VLOOKUP(D40,廠價表!$C$1:$E$41,3,0) -> 44.3 | G40: 3186 | H40: =F40*G40 -> 141139.8 | J40: =VLOOKUP(D40,產線配置圖!$A$3:$C$38,2,0) -> 17 | K40: 1565 | L40: =K40/J40 -> 92.058824 | M40: 17 | N40: =G40/W40*60 -> 1437.2932 | O40: =N40/M40 -> 84.546661 | P40: =M40-J40 -> 0 | Q40: =O40-L40 -> -7.5121628 | R40: =O40/L40 -> 0.91839823 | T40: 0.55208333 | U40: 0.64444444 | V40: =(T40-U39)*24*60 -> 85 | W40: =(U40-T40)*24*60 -> 133 | AF40: =N40-K40 -> -127.70677 | AG40: =N40/K40 -> 0.91839823
W41: =(U41-T41)*24*60 -> 0 | AF41: =N41-K41 -> 0 | AG41: =N41/K41 -> #DIV/0!
W42: =(U42-T42)*24*60 -> 0
W43: =(U43-T43)*24*60 -> 0
W44: =(U44-T44)*24*60 -> 0
W45: =(U45-T45)*24*60 -> 0
W46: =(U46-T46)*24*60 -> 0
H47: =F47*G47 -> 0 | W47: =(U47-T47)*24*60 -> 0
C48: 4度二組C1 | D48: 平均 | J48: =AVERAGE(J38:J47) -> 17 | K48: =AVERAGE(K38:K47) -> 1565 | L48: =AVERAGE(L38:L47) -> 92.058824 | M48: =AVERAGE(M38:M47) -> 16.666667 | N48: =AVERAGE(N38:N47) -> 1361.9961 | O48: =AVERAGE(O38:O47) -> 81.604239 | P48: =M48-J48 -> -0.33333333 | Q48: =N48-K48 -> -203.00391 | R48: =O48/L48 -> 0.88643582 | W48: =(U48-T48)*24*60 -> 0 | Z48: =SUM(Z38:Z47) -> 0 | AA48: =SUM(AA38:AA47) -> 0 | AD48: =SUM(AD38:AD47) -> 0 | AE48: =SUM(AE38:AE47) -> 0 | AF48: =N48-K48 -> -203.00391 | AG48: =N48/K48 -> 0.87028504
A49: 手工五線 (ET-55) | B49: 義大利麵 | D49: 奶油起司蝦仁通心粉 | F49: =VLOOKUP(D49,廠價表!$C$1:$E$41,3,0) -> 47.71 | G49: 2740 | H49: =F49*G49 -> 130725.4 | J49: =VLOOKUP(D49,產線配置圖!$A$3:$C$38,2,0) -> 16 | K49: =VLOOKUP(D49,產線配置圖!$A$3:$C$38,3,0) -> 1636 | L49: =K49/J49 -> 102.25 | M49: 16 | N49: =G49/W49*60 -> 1580.7692 | O49: =N49/M49 -> 98.798077 | P49: =M49-J49 -> 0 | Q49: =O49-L49 -> -3.4519231 | R49: =O49/L49 -> 0.96624036 | S49: =R58 -> 0.9734519 | T49: 0.29166667 | U49: 0.36388889 | W49: =(U49-T49)*24*60 -> 104 | AF49: =N49-K49 -> -55.230769 | AG49: =N49/K49 -> 0.96624036 | AH49: =AG58 -> 0.9734519
B50: 義大利麵 | D50: 焗烤起司雙饗筆尖麵 | F50: =VLOOKUP(D50,廠價表!$C$1:$E$41,3,0) -> 49.97 | G50: 4272 | H50: =F50*G50 -> 213471.84 | J50: =VLOOKUP(D50,產線配置圖!$A$3:$C$38,2,0) -> 16 | K50: =VLOOKUP(D50,產線配置圖!$A$3:$C$38,3,0) -> 1714 | L50: =K50/J50 -> 107.125 | M50: 16 | N50: =G50/W50*60 -> 1643.0769 | O50: =N50/M50 -> 102.69231 | P50: =M50-J50 -> 0 | Q50: =O50-L50 -> -4.4326923 | R50: =O50/L50 -> 0.95862131 | T50: 0.37083333 | U50: 0.47916667 | V50: =(T50-U49)*24*60 -> 10 | W50: =(U50-T50)*24*60 -> 156 | AF50: =N50-K50 -> -70.923077 | AG50: =N50/K50 -> 0.95862131
B51: 義大利麵 | D51: 焗烤起司雙饗筆尖麵 | F51: =VLOOKUP(D51,廠價表!$C$1:$E$41,3,0) -> 49.97 | G51: 1592 | H51: =F51*G51 -> 79552.24 | J51: =VLOOKUP(D51,產線配置圖!$A$3:$C$38,2,0) -> 16 | K51: =VLOOKUP(D51,產線配置圖!$A$3:$C$38,3,0) -> 1714 | L51: =K51/J51 -> 107.125 | M51: 16 | N51: =G51/W51*60 -> 1705.7143 | O51: =N51/M51 -> 106.60714 | P51: =M51-J51 -> 0 | Q51: =O51-L51 -> -0.51785714 | R51: =O51/L51 -> 0.99516586 | T51: 0.54513889 | U51: 0.58402778 | V51: =(T51-U50)*24*60 -> 95 | W51: =(U51-T51)*24*60 -> 56 | AF51: =N51-K51 -> -8.2857143 | AG51: =N51/K51 -> 0.99516586
W52: =(U52-T52)*24*60 -> 0 | X52: 0.47916667 | Y52: 0.52083333 | AF52: =N52-K52 -> 0 | AG52: =N52/K52 -> #DIV/0!
W53: =(U53-T53)*24*60 -> 0 | AF53: =N53-K53 -> 0 | AG53: =N53/K53 -> #DIV/0!
W54: =(U54-T54)*24*60 -> 0
W55: =(U55-T55)*24*60 -> 0
W56: =(U56-T56)*24*60 -> 0
W57: =(U57-T57)*24*60 -> 0
C58: 4度二組C2 | D58: 平均 | J58: =AVERAGE(J49:J57) -> 16 | K58: =AVERAGE(K49:K57) -> 1688 | L58: =AVERAGE(L49:L57) -> 105.5 | M58: =AVERAGE(M49:M57) -> 16 | N58: =AVERAGE(N49:N57) -> 1643.1868 | O58: =AVERAGE(O49:O57) -> 102.69918 | P58: =M58-J58 -> 0 | Q58: =N58-K58 -> -44.813187 | R58: =O58/L58 -> 0.9734519 | Z58: =SUM(Z49:Z57) -> 0 | AA58: =SUM(AA49:AA57) -> 0 | AD58: =SUM(AD49:AD57) -> 0 | AE58: =SUM(AE49:AE57) -> 0 | AF58: =N58-K58 -> -44.813187 | AG58: =N58/K58 -> 0.9734519
A59: 調理包一線 (八爪機) | B59: 小吃、微波 | D59: 小滷青蔬 | F59: =VLOOKUP(D59,廠價表!$C$1:$E$41,3,0) -> 26.99 | G59: 3984 | H59: =F59*G59 -> 107528.16 | J59: =VLOOKUP(D59,產線配置圖!$A$3:$C$38,2,0) -> 13 | K59: =VLOOKUP(D59,產線配置圖!$A$3:$C$38,3,0) -> 1565 | L59: =K59/J59 -> 120.38462 | M59: 13 | N59: =G59/W59*60 -> 1542.1935 | O59: =N59/M59 -> 118.63027 | P59: =M59-J59 -> 0 | Q59: =O59-L59 -> -1.7543424 | R59: =O59/L59 -> 0.98542719 | S59: =R69 -> 0.83571197 | T59: 0.28819444 | U59: 0.39583333 | W59: =(U59-T59)*24*60 -> 155 | AF59: =N59-K59 -> -22.806452 | AG59: =N59/K59 -> 0.98542719 | AH59: =AG69 -> 0.88794396
B60: 小吃、微波 | D60: 起司馬鈴薯 | F60: =VLOOKUP(D60,廠價表!$C$1:$E$41,3,0) -> 28.26 | G60: 1766 | H60: =F60*G60 -> 49907.16 | J60: =VLOOKUP(D60,產線配置圖!$A$3:$C$38,2,0) -> 12 | K60: =VLOOKUP(D60,產線配置圖!$A$3:$C$38,3,0) -> 1565 | L60: =K60/J60 -> 130.41667 | M60: 13 | N60: =G60/W60*60 -> 1630.1538 | O60: =N60/M60 -> 125.39645 | P60: =M60-J60 -> 1 | Q60: =O60-L60 -> -5.020217 | R60: =O60/L60 -> 0.96150632 | T60: 0.40277778 | U60: 0.44791667 | V60: =(T60-U59)*24*60 -> 10 | W60: =(U60-T60)*24*60 -> 65 | AB60: 新進學生加入，教育訓練 | AF60: =N60-K60 -> 65.153846 | AG60: =N60/K60 -> 1.0416319
B61: 小吃、微波 | D61: 三杯菇菇米血 | F61: =VLOOKUP(D61,廠價表!$C$1:$E$41,3,0) -> 28.26 | G61: 1102 | H61: =F61*G61 -> 31142.52 | J61: =VLOOKUP(D61,產線配置圖!$A$3:$C$38,2,0) -> 12 | K61: =VLOOKUP(D61,產線配置圖!$A$3:$C$38,3,0) -> 1565 | L61: =K61/J61 -> 130.41667 | M61: 13 | N61: =G61/W61*60 -> 1202.1818 | O61: =N61/M61 -> 92.475524 | P61: =M61-J61 -> 1 | Q61: =O61-L61 -> -37.941142 | R61: =O61/L61 -> 0.7090775 | T61: 0.45833333 | U61: 0.49652778 | V61: =(T61-U60)*24*60 -> 15 | W61: =(U61-T61)*24*60 -> 55 | AB61: 新進學生加入，教育訓練 | AF61: =N61-K61 -> -362.81818 | AG61: =N61/K61 -> 0.7681673
B62: 小吃、微波 | D62: 三杯菇菇米血 | F62: =VLOOKUP(D62,廠價表!$C$1:$E$41,3,0) -> 28.26 | G62: 592 | H62: =F62*G62 -> 16729.92 | J62: =VLOOKUP(D62,產線配置圖!$A$3:$C$38,2,0) -> 12 | K62: =VLOOKUP(D62,產線配置圖!$A$3:$C$38,3,0) -> 1565 | L62: =K62/J62 -> 130.41667 | M62: 13 | N62: =G62/W62*60 -> 1184 | O62: =N62/M62 -> 91.076923 | P62: =M62-J62 -> 1 | Q62: =O62-L62 -> -39.339744 | R62: =O62/L62 -> 0.6983534 | T62: 0.54861111 | U62: 0.56944444 | V62: =(T62-U61)*24*60 -> 75 | W62: =(U62-T62)*24*60 -> 30 | X62: 0.50347222 | Y62: 0.54513889 | AB62: 新進學生加入，教育訓練 | AF62: =N62-K62 -> -381 | AG62: =N62/K62 -> 0.75654952
W63: =(U63-T63)*24*60 -> 0
W64: =(U64-T64)*24*60 -> 0
W65: =(U65-T65)*24*60 -> 0
W66: =(U66-T66)*24*60 -> 0
W67: =(U67-T67)*24*60 -> 0
H68: =F68*G68 -> 0 | W68: =(U68-T68)*24*60 -> 0
C69: 4度三組 | D69: 平均 | J69: =AVERAGE(J59:J68) -> 12.25 | K69: =AVERAGE(K59:K68) -> 1565 | L69: =AVERAGE(L59:L68) -> 127.90865 | M69: =AVERAGE(M59:M68) -> 13 | N69: =AVERAGE(N59:N68) -> 1389.6323 | O69: =AVERAGE(O59:O68) -> 106.89479 | P69: =M69-J69 -> 0.75 | Q69: =N69-K69 -> -175.3677 | R69: =O69/L69 -> 0.83571197 | Z69: =SUM(Z59:Z68) -> 0 | AA69: =SUM(AA59:AA68) -> 0 | AD69: =SUM(AD59:AD68) -> 0 | AE69: =SUM(AE59:AE68) -> 0 | AF69: =N69-K69 -> -175.3677 | AG69: =N69/K69 -> 0.88794396
A70: 調理包二線 (手工) | B70: 義大利麵 | D70: 焗烤起司肉醬筆尖麵 | F70: =VLOOKUP(D70,廠價表!$C$1:$E$41,3,0) -> 50.67 | G70: 1343 | H70: =F70*G70 -> 68049.81 | J70: =VLOOKUP(D70,產線配置圖!$A$3:$C$38,2,0) -> 10 | K70: =VLOOKUP(D70,產線配置圖!$A$3:$C$38,3,0) -> 1125 | L70: =K70/J70 -> 112.5 | M70: 12 | N70: =G70/W70*60 -> 1343 | O70: =N70/M70 -> 111.91667 | P70: =M70-J70 -> 2 | Q70: =O70-L70 -> -0.58333333 | R70: =O70/L70 -> 0.99481481 | S70: =R79 -> 0.91603199 | T70: 0.33333333 | U70: 0.375 | W70: =(U70-T70)*24*60 -> 60 | AB70: 新進學生加入，教育訓練 | AF70: =N70-K70 -> 218 | AG70: =N70/K70 -> 1.1937778 | AH70: =AG79 -> 0.88363469
B71: 義大利麵 | D71: 濃拿坡里義大利麵 | F71: =VLOOKUP(D71,廠價表!$C$1:$E$41,3,0) -> 56.43 | G71: 1407 | H71: =F71*G71 -> 79397.01 | J71: =VLOOKUP(D71,產線配置圖!$A$3:$C$38,2,0) -> 16 | K71: =VLOOKUP(D71,產線配置圖!$A$3:$C$38,3,0) -> 1406 | L71: =K71/J71 -> 87.875 | M71: 12 | N71: =G71/W71*60 -> 844.2 | O71: =N71/M71 -> 70.35 | P71: =M71-J71 -> -4 | Q71: =O71-L71 -> -17.525 | R71: =O71/L71 -> 0.80056899 | T71: 0.38888889 | U71: 0.45833333 | V71: =(T71-U70)*24*60 -> 20 | W71: =(U71-T71)*24*60 -> 100 | AB71: 新進學生加入，教育訓練 | AF71: -300.3125 | AG71: 0.80810703
B72: 義大利麵 | D72: 焗烤起司肉醬筆尖麵 | F72: =VLOOKUP(D72,廠價表!$C$1:$E$41,3,0) -> 50.67 | G72: 1652 | H72: =F72*G72 -> 83706.84 | J72: =VLOOKUP(D72,產線配置圖!$A$3:$C$38,2,0) -> 10 | K72: =VLOOKUP(D72,產線配置圖!$A$3:$C$38,3,0) -> 1125 | L72: =K72/J72 -> 112.5 | M72: 10 | N72: =G72/W72*60 -> 1043.3684 | O72: =N72/M72 -> 104.33684 | P72: =M72-J72 -> 0 | Q72: =O72-L72 -> -8.1631579 | R72: =O72/L72 -> 0.9274386 | T72: 0.53125 | U72: 0.59722222 | V72: =(T72-U71)*24*60 -> 105 | W72: =(U72-T72)*24*60 -> 95 | AF72: -130.33333 | AG72: 0.91671991
W73: =(U73-T73)*24*60 -> 0
W74: =(U74-T74)*24*60 -> 0
H75: =F75*G75 -> 0 | W75: =(U75-T75)*24*60 -> 0
H76: =F76*G76 -> 0 | W76: =(U76-T76)*24*60 -> 0
H77: =F77*G77 -> 0 | W77: =(U77-T77)*24*60 -> 0
H78: =F78*G78 -> 0 | W78: =(U78-T78)*24*60 -> 0
C79: 4度四組 | D79: 平均 | J79: =AVERAGE(J70:J78) -> 12 | K79: =AVERAGE(K70:K78) -> 1218.6667 | L79: =AVERAGE(L70:L78) -> 104.29167 | M79: =AVERAGE(M70:M78) -> 11.333333 | N79: =AVERAGE(N70:N78) -> 1076.8561 | O79: =AVERAGE(O70:O78) -> 95.534503 | P79: =M79-J79 -> -0.66666667 | Q79: =N79-K79 -> -141.81053 | R79: =O79/L79 -> 0.91603199 | Z79: =SUM(Z70:Z78) -> 0 | AA79: =SUM(AA70:AA78) -> 0 | AD79: =SUM(AD70:AD78) -> 0 | AE79: =SUM(AE70:AE78) -> 0 | AF79: =N79-K79 -> -141.81053 | AG79: =N79/K79 -> 0.88363469
AJ80: 1.當日出勤人數較多
AJ81: 2.當日出勤人數較少
AJ82: 3.當日出勤熟手較少
AJ83: 4.當日出勤新人較多
AJ84: 5.機台夾盒
AJ85: 6.封膜不順
AJ86: 7.更換膠膜
AJ87: 8.更換碳帶
AJ88: 9.當日熱轉印碳帶異常
AJ89: 10.訂單量過少
AJ90: 11.新品上市，尚未熟悉
AJ91: 12.商品結構，產能較低
AJ92: 13.區域出貨，分段生產

Sheet 0303總
B1: 長家廠組合室生產人時性分析
B3: 日期 | D3: 46084 | F3: 訂單量 | G3: ='0303'!E1 -> 73597 | I3: 營業額 | J3: ='0303'!G1 -> 3405506.5
B4: 項目 | D4: 3 | F4: ➀ | H4: ➁ | J4: ③ | L4: 異常停線 | N4: 短暫停線
B5: 人時性 | D5: 組合室 | F5: 全溫層 | H5: 義大利麵 | J5: 袋裝小吃、義麵 | L5: 合計次數 | M5: 時間 | N5: 合計次數 | O5: 設備次數
D6: 排關平均 | F6: =AVERAGE(D13:J13) -> 124.78755 | H6: =AVERAGE(D13:H13,J13) -> 118.70824 | J6: =AVERAGE(I13) -> 161.26335 | L6: =SUM(D18:J18) -> 0 | M6: =SUM(D19:J19) -> 0 | N6: =SUM(D20:J20) -> 0 | O6: =SUM(D20:J20) -> 0
D7: 實績平均 | F7: =AVERAGE(D14:J14) -> 111.17817 | H7: =AVERAGE(D14:H14,J14) -> 106.52189 | J7: =AVERAGE(I14) -> 139.11583 | L7: =AVERAGE(K14:L14) -> #DIV/0! | M7: =AVERAGE(L14:M14) -> #DIV/0! | N7: =AVERAGE(M14:N14) -> #DIV/0! | O7: =AVERAGE(N14:O14) -> #DIV/0!
D8: 達成率平均 | F8: =F7/F6 -> 0.89093964 | H8: =H7/H6 -> 0.897342 | J8: =J7/J6 -> 0.8626624 | L8: =AVERAGE(K15:L15) -> #DIV/0! | M8: =AVERAGE(L15:M15) -> #DIV/0! | N8: =AVERAGE(M15:N15) -> #DIV/0! | O8: =AVERAGE(N15:O15) -> #DIV/0!
J9: ※現行日本鮮食廠以達成率80%為基本(即為現行KPI)
B10: 溫層 | D10: 4度C-各編組展開
B11: 編組 | D11: 1 | E11: 2 | F11: 3 | G11: 4 | H11: 5 | I11: 6 | J11: 7
D12: 自動1線 | E12: 自動2線 | F12: 手工3線 | G12: 手工4線 | H12: 手工5線 | I12: 調理包1線 | J12: 調理包2線
B13: 人時性 | C13: 排關 | D13: =VALUE('0303'!L15) -> 136.33173 | E13: =VALUE('0303'!L26) -> 181.5303 | F13: =VALUE('0303'!L37) -> 93.443627 | G13: =VALUE('0303'!L48) -> 90.220588 | H13: =VALUE('0303'!L58) -> 106.43155 | I13: =VALUE('0303'!L69) -> 161.26335 | J13: ='0303'!L79 -> 104.29167
C14: 實績 | D14: =VALUE('0303'!O15) -> 116.10398 | E14: =VALUE('0303'!O26) -> 157.94342 | F14: =VALUE('0303'!O37) -> 92.537984 | G14: =VALUE('0303'!O48) -> 77.743713 | H14: =VALUE('0303'!O58) -> 102.10084 | I14: =VALUE('0303'!O69) -> 139.11583 | J14: ='0303'!O79 -> 92.701429
C15: 達成率 | D15: =D14/D13 -> 0.85162843 | E15: =E14/E13 -> 0.8700664 | F15: =F14/F13 -> 0.99030813 | G15: =G14/G13 -> 0.86170701 | H15: =H14/H13 -> 0.95930993 | I15: =I14/I13 -> 0.8626624 | J15: ='0303'!S70 -> 0.88886707
B16: 作業 時間 | C16: 開始 | D16: ='0303'!T5 -> 0.29166667 | E16: ='0303'!T16 -> 0.29097222 | F16: ='0303'!T27 -> 0.29027778 | G16: ='0303'!T38 -> 0.33472222 | H16: ='0303'!T49 -> 0.29166667 | I16: ='0303'!T59 -> 0.25 | J16: ='0303'!T70 -> 0.33333333
C17: 結束 | D17: 0.61597222 | E17: 0.65694444 | F17: 0.64236111 | G17: 0.70902778 | H17: 0.60347222 | I17: 0.58611111 | J17: 0.58333333
B18: 產線異常 (5分鐘以上) | C18: 次數 | D18: ='0303'!Z15 -> 0 | E18: ='0303'!Z26 -> 0 | F18: ='0303'!Z37 -> 0 | G18: ='0303'!Z48 -> 0 | H18: ='0303'!Z58 -> 0 | I18: ='0303'!Z69 -> 0 | J18: ='0303'!AA79 -> 0
C19: 時間/分 | D19: ='0303'!AA15 -> 0 | E19: ='0303'!AA26 -> 0 | F19: ='0303'!AA37 -> 0 | G19: ='0303'!AA48 -> 0 | H19: ='0303'!AA58 -> 0 | I19: ='0303'!AA69 -> 0 | J19: ='0303'!AB79 -> 0
B20: 短暫停線 (5分鐘以下) | C20: 次數 | D20: ='0303'!AD15 -> 0 | E20: ='0303'!AD26 -> 0 | F20: ='0303'!AD37 -> 0 | G20: ='0303'!AD48 -> 0 | H20: ='0303'!AD58 -> 0 | I20: ='0303'!AD69 -> 0 | J20: ='0303'!AD79 -> 0
C21: 設備次數 | D21: ='0303'!AE15 -> 0 | E21: ='0303'!AE26 -> 0 | F21: ='0303'!AE37 -> 0 | G21: ='0303'!AE48 -> 0 | H21: ='0303'!AE58 -> 0 | I21: ='0303'!AE69 -> 0 | J21: ='0303'!AE79 -> 0
B22: 配置人數 | D22: =VALUE('0303'!M15) -> 15.75 | E22: =VALUE('0303'!M26) -> 13.2 | F22: =VALUE('0303'!M37) -> 16.333333 | G22: =VALUE('0303'!M48) -> 16.5 | H22: =VALUE('0303'!M58) -> 16.25 | I22: =VALUE('0303'!M69) -> 10.375 | J22: ='0303'!M79 -> 12
B23: 主要應用設備 | D23: ET-600 | E23: ET-600 | F23: ET-55 | G23: ET-55 | H23: ET-55 | I23: 八爪機 | J23: 八爪機
B24: 次要應用設備 | H24: 封口機 | J24: 封口機
B25: 備註

Sheet 0303
A1: 長家廠4度C日報分析 | D1: 總生產量 | E1: =SUM(G5:G79) -> 73597 | F1: 營業額 | G1: =SUM(H5:H79) -> 3405506.5 | H1: 出勤人數 | I1: =M15+M26+M48+M58+M69+M79+M37 -> 100.40833 | J1: 產線配置圖 | M1: 生產實績 | P1: 人時性差異分析 | T1: 日報登錄 | Z1: 合計 次數 | AA1: 合計 時間/分 | AB1: 分析說明 | AD1: 合計 次數 | AE1: 合計 設備次數 | AF1: 產能差異分析
A2: 03月03日 星期二 | D2: 人時性 | E2: =AVERAGE(O15,O26,O37,O48,O58,O69,O79) -> 111.17817 | F2: 平均廠價 | G2: =G1/E1 -> 46.272355 | H2: 多次生產數 | I2: =COUNT(I5:I79) -> 0 | Z2: =Z15+Z26+Z37+Z48+Z58+Z69+Z79 -> 0 | AA2: =AA15+AA26+AA37+AA48+AA58+AA69+AA79 -> 0 | AD2: =AD15+AD26+AD37+AD48+AD58+AD69+AD79 -> 0 | AE2: =AE15+AE26+AE37+AE48+AE58+AE69+AE79 -> 0
A3: 線別 | B3: 品類 | D3: 品名 | F3: 廠價 | G3: 生產量 | H3: 營收 | I3: 多次 生產 | J3: 人數 | K3: 產能/時 | L3: 人時性 | M3: 人數 | N3: 產能/時 | O3: 人時性 | P3: 人數 | Q3: 人時性 | R3: 達成率 | S3: 達成率平均 | T3: 生產時間 | V3: 前置、換線時間/分 | W3: 稼動時間/分 | X3: 休息時間 | Z3: 產線異常統計 (5分鐘以上) | AD3: 短暫停線統計 (5分鐘以下) | AF3: 產能/時 | AG3: 達成率 | AH3: 達成率平均
T4: 開始 | U4: 結束 | X4: 開始 | Y4: 結束 | Z4: 次數 | AA4: 時間/分 | AD4: 總次數 | AE4: 設備因素(次數)
A5: 自動一線 (ET-600) | B5: 義大利麵 | D5: 奶油起司蝦仁通心粉 | F5: =VLOOKUP(D5,廠價表!$C$1:$E$41,3,0) -> 47.71 | G5: 2684 | H5: =F5*G5 -> 128053.64 | J5: =VLOOKUP(D5,產線配置圖!$A$3:$C$38,2,0) -> 16 | K5: =VLOOKUP(D5,產線配置圖!$A$3:$C$38,3,0) -> 1636 | L5: =K5/J5 -> 102.25 | M5: 17 | N5: =G5/W5*60 -> 1660.2062 | O5: =N5/M5 -> 97.659187 | P5: =M5-J5 -> 1 | Q5: =O5-L5 -> -4.5908126 | R5: =O5/L5 -> 0.95510208 | S5: =R15 -> 0.85162843 | T5: 0.29166667 | U5: 0.35902778 | W5: =(U5-T5)*24*60 -> 97 | AB5: 新進學生加入，教育訓練 | AF5: =N5-K5 -> 24.206186 | AG5: =N5/K5 -> 1.014796 | AH5: =AG15 -> 0.9436762
B6: 義大利麵 | D6: 辣味香菜雞肉義大利麵 | F6: =VLOOKUP(D6,廠價表!$C$1:$E$41,3,0) -> 56.28 | G6: 1295 | H6: =F6*G6 -> 72882.6 | J6: =VLOOKUP(D6,產線配置圖!$A$3:$C$38,2,0) -> 15 | K6: =VLOOKUP(D6,產線配置圖!$A$3:$C$38,3,0) -> 1800 | L6: =K6/J6 -> 120 | M6: 18 | N6: =G6/W6*60 -> 1850 | O6: =N6/M6 -> 102.77778 | P6: =M6-J6 -> 3 | Q6: =O6-L6 -> -17.222222 | R6: =O6/L6 -> 0.85648148 | T6: 0.38055556 | U6: 0.40972222 | V6: =(T6-U5)*24*60 -> 31 | W6: =(U6-T6)*24*60 -> 42 | AB6: 新進學生加入，教育訓練 | AF6: =N6-K6 -> 50 | AG6: =N6/K6 -> 1.0277778
B7: 義大利麵 | D7: 奶油培根義大利麵 | F7: =VLOOKUP(D7,廠價表!$C$1:$E$41,3,0) -> 49.14 | G7: 2636 | H7: =F7*G7 -> 129533.04 | J7: =VLOOKUP(D7,產線配置圖!$A$3:$C$38,2,0) -> 13 | K7: =VLOOKUP(D7,產線配置圖!$A$3:$C$38,3,0) -> 2100 | L7: =K7/J7 -> 161.53846 | M7: 14 | N7: =G7/W7*60 -> 1839.0698 | O7: =N7/M7 -> 131.36213 | P7: =M7-J7 -> 1 | Q7: =O7-L7 -> -30.176335 | R7: =O7/L7 -> 0.81319411 | T7: 0.41805556 | U7: 0.47777778 | V7: =(T7-U6)*24*60 -> 12 | W7: =(U7-T7)*24*60 -> 86 | AB7: 新進學生加入，教育訓練 | AF7: =N7-K7 -> -260.93023 | AG7: =N7/K7 -> 0.87574751
B8: 義大利麵 | D8: 奶油培根義大利麵 | F8: =VLOOKUP(D8,廠價表!$C$1:$E$41,3,0) -> 49.14 | G8: 3311 | H8: =F8*G8 -> 162702.54 | J8: =VLOOKUP(D8,產線配置圖!$A$3:$C$38,2,0) -> 13 | K8: =VLOOKUP(D8,產線配置圖!$A$3:$C$38,3,0) -> 2100 | L8: =K8/J8 -> 161.53846 | M8: 14 | N8: =G8/W8*60 -> 1856.6355 | O8: =N8/M8 -> 132.61682 | P8: =M8-J8 -> 1 | Q8: =O8-L8 -> -28.921639 | R8: =O8/L8 -> 0.82096128 | T8: 0.54166667 | U8: 0.61597222 | V8: =(T8-U7)*24*60 -> 92 | W8: =(U8-T8)*24*60 -> 107 | X8: 0.48611111 | Y8: 0.52777778 | AB8: 新進學生加入，教育訓練 | AF8: =N8-K8 -> -243.36449 | AG8: =N8/K8 -> 0.88411215
W9: =(U9-T9)*24*60 -> 0
W10: =(U10-T10)*24*60 -> 0
W11: =(U11-T11)*24*60 -> 0
W12: =(U12-T12)*24*60 -> 0
W13: =(U13-T13)*24*60 -> 0
W14: =(U14-T14)*24*60 -> 0
C15: 4度一組 | D15: 平均 | J15: =AVERAGE(J5:J14) -> 14.25 | K15: =AVERAGE(K5:K14) -> 1909 | L15: =AVERAGE(L5:L14) -> 136.33173 | M15: =AVERAGE(M5:M14) -> 15.75 | N15: =AVERAGE(N5:N14) -> 1801.4779 | O15: =AVERAGE(O5:O14) -> 116.10398 | P15: =M15-J15 -> 1.5 | Q15: =O15-L15 -> -20.227752 | R15: =O15/L15 -> 0.85162843 | Z15: =SUM(Z5:Z14) -> 0 | AA15: =SUM(AA5:AA14) -> 0 | AD15: =SUM(AD5:AD14) -> 0 | AE15: =SUM(AE5:AE14) -> 0 | AF15: =N15-K15 -> -107.52213 | AG15: =N15/K15 -> 0.9436762
A16: 自動二線 (ET-600) | B16: 義大利麵 | D16: 白酒蛤蜊義大利麵 | F16: =VLOOKUP(D16,廠價表!$C$1:$E$41,3,0) -> 57.21 | G16: 2434 | H16: =F16*G16 -> 139249.14 | J16: =VLOOKUP(D16,產線配置圖!$A$3:$C$38,2,0) -> 12 | K16: =VLOOKUP(D16,產線配置圖!$A$3:$C$38,3,0) -> 2105 | L16: =K16/J16 -> 175.41667 | M16: 15 | N16: =G16/W16*60 -> 2434 | O16: =N16/M16 -> 162.26667 | P16: =M16-J16 -> 3 | Q16: =O16-L16 -> -13.15 | R16: =O16/L16 -> 0.92503563 | S16: =R26 -> 0.8700664 | T16: 0.29097222 | U16: 0.33263889 | W16: =(U16-T16)*24*60 -> 60 | AB16: 新進學生加入，教育訓練 | AF16: =N16-K16 -> 329 | AG16: =N16/K16 -> 1.1562945 | AH16: =AG26 -> 0.99228266
B17: 義大利麵 | D17: 青醬蛤蜊義大利麵 | F17: =VLOOKUP(D17,廠價表!$C$1:$E$41,3,0) -> 50.67 | G17: 4073 | H17: =F17*G17 -> 206378.91 | J17: =VLOOKUP(D17,產線配置圖!$A$3:$C$38,2,0) -> 12 | K17: =VLOOKUP(D17,產線配置圖!$A$3:$C$38,3,0) -> 2100 | L17: =K17/J17 -> 175 | M17: 15 | N17: =G17/W17*60 -> 2327.4286 | O17: =N17/M17 -> 155.1619 | P17: =M17-J17 -> 3 | Q17: =O17-L17 -> -19.838095 | R17: =O17/L17 -> 0.88663946 | T17: 0.34166667 | U17: 0.41458333 | V17: =(T17-U16)*24*60 -> 13 | W17: =(U17-T17)*24*60 -> 105 | AB17: 新進學生加入，教育訓練 | AF17: =N17-K17 -> 227.42857 | AG17: =N17/K17 -> 1.1082993
B18: 義大利麵 | D18: 義式蕃茄起司義大利麵 | F18: =VLOOKUP(D18,廠價表!$C$1:$E$41,3,0) -> 50.39 | G18: 2376 | H18: =F18*G18 -> 119726.64 | J18: =VLOOKUP(D18,產線配置圖!$A$3:$C$38,2,0) -> 11 | K18: =VLOOKUP(D18,產線配置圖!$A$3:$C$38,3,0) -> 2100 | L18: =K18/J18 -> 190.90909 | M18: 12 | N18: =G18/W18*60 -> 1900.8 | O18: =N18/M18 -> 158.4 | P18: =M18-J18 -> 1 | Q18: =O18-L18 -> -32.509091 | R18: =O18/L18 -> 0.82971429 | T18: 0.425 | U18: 0.47708333 | V18: =(T18-U17)*24*60 -> 15 | W18: =(U18-T18)*24*60 -> 75 | X18: 0.48611111 | Y18: 0.52777778 | AB18: 新進學生加入，教育訓練 | AF18: =N18-K18 -> -199.2 | AG18: =N18/K18 -> 0.90514286
B19: 義大利麵 | D19: 義式蕃茄起司義大利麵 | F19: =VLOOKUP(D19,廠價表!$C$1:$E$41,3,0) -> 50.39 | G19: 3408 | H19: =F19*G19 -> 171729.12 | J19: =VLOOKUP(D19,產線配置圖!$A$3:$C$38,2,0) -> 11 | K19: =VLOOKUP(D19,產線配置圖!$A$3:$C$38,3,0) -> 2100 | L19: =K19/J19 -> 190.90909 | M19: 12 | N19: =G19/W19*60 -> 1842.1622 | O19: =N19/M19 -> 153.51351 | P19: =M19-J19 -> 1 | Q19: =O19-L19 -> -37.395577 | R19: =O19/L19 -> 0.8041184 | T19: 0.54166667 | U19: 0.61875 | V19: =(T19-U18)*24*60 -> 93 | W19: =(U19-T19)*24*60 -> 111 | AB19: 新進學生加入，教育訓練 | AF19: =N19-K19 -> -257.83784 | AG19: =N19/K19 -> 0.87722008
B20: 義大利麵 | D20: 白酒蛤蜊義大利麵 | F20: =VLOOKUP(D20,廠價表!$C$1:$E$41,3,0) -> 57.21 | G20: 1283 | H20: =F20*G20 -> 73400.43 | J20: =VLOOKUP(D20,產線配置圖!$A$3:$C$38,2,0) -> 12 | K20: =VLOOKUP(D20,產線配置圖!$A$3:$C$38,3,0) -> 2105 | L20: =K20/J20 -> 175.41667 | M20: 12 | N20: =G20/W20*60 -> 1924.5 | O20: =N20/M20 -> 160.375 | P20: =M20-J20 -> 0 | Q20: =O20-L20 -> -15.041667 | R20: =O20/L20 -> 0.91425178 | T20: 0.62916667 | U20: 0.65694444 | V20: =(T20-U19)*24*60 -> 15 | W20: =(U20-T20)*24*60 -> 40
W21: =(U21-T21)*24*60 -> 0
W22: 0
W23: =(U23-T23)*24*60 -> 0
H24: =F24*G24 -> 0 | W24: =(U24-T24)*24*60 -> 0
H25: =F25*G25 -> 0 | W25: =(U25-T25)*24*60 -> 0
C26: 4度二組A | D26: 平均 | J26: =AVERAGE(J16:J25) -> 11.6 | K26: =AVERAGE(K16:K25) -> 2102 | L26: =AVERAGE(L16:L25) -> 181.5303 | M26: =AVERAGE(M16:M25) -> 13.2 | N26: =AVERAGE(N16:N25) -> 2085.7781 | O26: =AVERAGE(O16:O25) -> 157.94342 | P26: =M26-J26 -> 1.6 | Q26: =O26-L26 -> -23.586886 | R26: =O26/L26 -> 0.8700664 | Z26: =SUM(Z16:Z25) -> 0 | AA26: =SUM(AA16:AA25) -> 0 | AD26: =SUM(AD16:AD25) -> 0 | AE26: =SUM(AE16:AE25) -> 0 | AF26: =N26-K26 -> -16.221853 | AG26: =N26/K26 -> 0.99228266
A27: 手工三線 (ET-55) | B27: 義大利麵 | D27: 燻火腿貓耳朵麵 | F27: =VLOOKUP(D27,廠價表!$C$1:$E$41,3,0) -> 58.17 | G27: 6421 | H27: =F27*G27 -> 373509.57 | J27: =VLOOKUP(D27,產線配置圖!$A$3:$C$38,2,0) -> 16 | K27: =VLOOKUP(D27,產線配置圖!$A$3:$C$38,3,0) -> 1565 | L27: =K27/J27 -> 97.8125 | M27: 16 | N27: =G27/W27*60 -> 1559.7571 | O27: =N27/M27 -> 97.484818 | P27: =M27-J27 -> 0 | Q27: =O27-L27 -> -0.32768219 | R27: =O27/L27 -> 0.99664989 | S27: =R37 -> 0.99030813 | T27: 0.29027778 | U27: 0.46180556 | W27: =(U27-T27)*24*60 -> 247 | AF27: =N27-K27 -> -5.242915 | AG27: =N27/K27 -> 0.99664989 | AH27: =AG37 -> 0.99014652
B28: 義大利麵 | D28: 燻火腿貓耳朵麵 | F28: =VLOOKUP(D28,廠價表!$C$1:$E$41,3,0) -> 58.17 | G28: 3000 | H28: =F28*G28 -> 174510 | J28: =VLOOKUP(D28,產線配置圖!$A$3:$C$38,2,0) -> 16 | K28: =VLOOKUP(D28,產線配置圖!$A$3:$C$38,3,0) -> 1565 | L28: =K28/J28 -> 97.8125 | M28: 16 | N28: =G28/W28*60 -> 1551.7241 | O28: =N28/M28 -> 96.982759 | P28: =M28-J28 -> 0 | Q28: =O28-L28 -> -0.82974138 | R28: =O28/L28 -> 0.99151702 | T28: 0.52430556 | U28: 0.60486111 | V28: =(T28-U27)*24*60 -> 90 | W28: =(U28-T28)*24*60 -> 116 | AF28: =N28-K28 -> -13.275862 | AG28: =N28/K28 -> 0.99151702
B29: 熱乾麵 | D29: 沙茶豬肉炒麵 | F29: =VLOOKUP(D29,廠價表!$C$1:$E$41,3,0) -> 49.52 | G29: 1013 | H29: =F29*G29 -> 50163.76 | J29: =VLOOKUP(D29,產線配置圖!$A$3:$C$38,2,0) -> 17 | K29: =VLOOKUP(D29,產線配置圖!$A$3:$C$38,3,0) -> 1440 | L29: =K29/J29 -> 84.705882 | M29: 17 | N29: =G29/W29*60 -> 1413.4884 | O29: =N29/M29 -> 83.146375 | P29: =M29-J29 -> 0 | Q29: =O29-L29 -> -1.5595075 | R29: =O29/L29 -> 0.98158915 | T29: 0.6125 | U29: 0.64236111 | V29: =(T29-U28)*24*60 -> 11 | W29: =(U29-T29)*24*60 -> 43 | AF29: =N29-K29 -> -26.511628 | AG29: =N29/K29 -> 0.98158915
W30: =(U30-T30)*24*60 -> 0 | X30: 0.46875 | Y30: 0.51041667 | AF30: =N30-K30 -> 0 | AG30: =N30/K30 -> #DIV/0!
W31: =(U31-T31)*24*60 -> 0 | AF31: =N31-K31 -> 0 | AG31: =N31/K31 -> #DIV/0!
W32: =(U32-T32)*24*60 -> 0
W33: =(U33-T33)*24*60 -> 0
W34: =(U34-T34)*24*60 -> 0
W35: =(U35-T35)*24*60 -> 0
H36: =F36*G36 -> 0 | W36: =(U36-T36)*24*60 -> 0
C37: 4度二組B | D37: 平均 | J37: =AVERAGE(J27:J36) -> 16.333333 | K37: =AVERAGE(K27:K36) -> 1523.3333 | L37: =AVERAGE(L27:L36) -> 93.443627 | M37: =AVERAGE(M27:M36) -> 16.333333 | N37: =AVERAGE(N27:N36) -> 1508.3232 | O37: =AVERAGE(O27:O36) -> 92.537984 | P37: =M37-J37 -> 0 | Q37: =N37-K37 -> -15.010135 | R37: =O37/L37 -> 0.99030813 | Z37: =SUM(Z27:Z36) -> 0 | AA37: =SUM(AA27:AA36) -> 0 | AD37: =SUM(AD27:AD36) -> 0 | AE37: =SUM(AE27:AE36) -> 0 | AF37: =N37-K37 -> -15.010135 | AG37: =N37/K37 -> 0.99014652
A38: 手工四線 (ET-55) | B38: 熱乾麵 | D38: 沙茶豬肉炒麵 | F38: =VLOOKUP(D38,廠價表!$C$1:$E$41,3,0) -> 49.52 | G38: 1549 | H38: =F38*G38 -> 76706.48 | J38: =VLOOKUP(D38,產線配置圖!$A$3:$C$38,2,0) -> 17 | K38: =VLOOKUP(D38,產線配置圖!$A$3:$C$38,3,0) -> 1440 | L38: =K38/J38 -> 84.705882 | M38: 15 | N38: =G38/W38*60 -> 1056.1364 | O38: =N38/M38 -> 70.409091 | P38: =M38-J38 -> -2 | Q38: =O38-L38 -> -14.296791 | R38: =O38/L38 -> 0.83121843 | S38: =R48 -> 0.86170701 | T38: 0.33472222 | U38: 0.39583333 | W38: =(U38-T38)*24*60 -> 88 | AF38: =N38-K38 -> -383.86364 | AG38: =N38/K38 -> 0.73342803 | AH38: =AG48 -> 0.83875376
B39: 義大利麵 | D39: 剝皮辣椒雞奶油扁麵 | F39: =VLOOKUP(D39,廠價表!$C$1:$E$41,3,0) -> 56.87 | G39: 1400 | H39: =F39*G39 -> 79618 | J39: =VLOOKUP(D39,產線配置圖!$A$3:$C$38,2,0) -> 17 | K39: =VLOOKUP(D39,產線配置圖!$A$3:$C$38,3,0) -> 1565 | L39: =K39/J39 -> 92.058824 | M39: 17 | N39: =G39/W39*60 -> 1272.7273 | O39: =N39/M39 -> 74.86631 | P39: =M39-J39 -> 0 | Q39: =O39-L39 -> -17.192513 | R39: =O39/L39 -> 0.81324426 | T39: 0.40555556 | U39: 0.45138889 | V39: =(T39-U38)*24*60 -> 14 | W39: =(U39-T39)*24*60 -> 66 | AF39: =N39-K39 -> -292.27273 | AG39: =N39/K39 -> 0.81324426
B40: 熱乾麵 | D40: 府城鹽水意麵 | F40: =VLOOKUP(D40,廠價表!$C$1:$E$41,3,0) -> 44.3 | G40: 1519 | H40: =F40*G40 -> 67291.7 | J40: =VLOOKUP(D40,產線配置圖!$A$3:$C$38,2,0) -> 17 | K40: 1565 | L40: =K40/J40 -> 92.058824 | M40: 17 | N40: =G40/W40*60 -> 1402.1538 | O40: =N40/M40 -> 82.479638 | P40: =M40-J40 -> 0 | Q40: =O40-L40 -> -9.5791855 | R40: =O40/L40 -> 0.89594495 | T40: 0.45833333 | U40: 0.50347222 | V40: =(T40-U39)*24*60 -> 10 | W40: =(U40-T40)*24*60 -> 65 | X40: 0.51041667 | Y40: 0.55208333 | AF40: =N40-K40 -> -162.84615 | AG40: =N40/K40 -> 0.89594495
B41: 熱乾麵 | D41: 府城鹽水意麵 | F41: =VLOOKUP(D41,廠價表!$C$1:$E$41,3,0) -> 44.3 | G41: 4928 | H41: =F41*G41 -> 218310.4 | J41: =VLOOKUP(D41,產線配置圖!$A$3:$C$38,2,0) -> 17 | K41: 1565 | L41: =K41/J41 -> 92.058824 | M41: 17 | N41: =G41/W41*60 -> 1414.7368 | O41: =N41/M41 -> 83.219814 | P41: =M41-J41 -> 0 | Q41: =O41-L41 -> -8.8390093 | R41: =O41/L41 -> 0.9039852 | T41: 0.56388889 | U41: 0.70902778 | V41: =(T41-U40)*24*60 -> 87 | W41: =(U41-T41)*24*60 -> 209 | AF41: =N41-K41 -> -150.26316 | AG41: =N41/K41 -> 0.9039852
W42: =(U42-T42)*24*60 -> 0
W43: =(U43-T43)*24*60 -> 0
W44: =(U44-T44)*24*60 -> 0
W45: =(U45-T45)*24*60 -> 0
W46: =(U46-T46)*24*60 -> 0
H47: =F47*G47 -> 0 | W47: =(U47-T47)*24*60 -> 0
C48: 4度二組C1 | D48: 平均 | J48: =AVERAGE(J38:J47) -> 17 | K48: =AVERAGE(K38:K47) -> 1533.75 | L48: =AVERAGE(L38:L47) -> 90.220588 | M48: =AVERAGE(M38:M47) -> 16.5 | N48: =AVERAGE(N38:N47) -> 1286.4386 | O48: =AVERAGE(O38:O47) -> 77.743713 | P48: =M48-J48 -> -0.5 | Q48: =N48-K48 -> -247.31142 | R48: =O48/L48 -> 0.86170701 | W48: =(U48-T48)*24*60 -> 0 | Z48: =SUM(Z38:Z47) -> 0 | AA48: =SUM(AA38:AA47) -> 0 | AD48: =SUM(AD38:AD47) -> 0 | AE48: =SUM(AE38:AE47) -> 0 | AF48: =N48-K48 -> -247.31142 | AG48: =N48/K48 -> 0.83875376
A49: 手工五線 (ET-55) | B49: 義大利麵 | D49: 惡魔乳酪生義大利麵 | F49: =VLOOKUP(D49,廠價表!$C$1:$E$41,3,0) -> 57.3 | G49: 927 | H49: =F49*G49 -> 53117.1 | J49: =VLOOKUP(D49,產線配置圖!$A$3:$C$38,2,0) -> 14 | K49: =VLOOKUP(D49,產線配置圖!$A$3:$C$38,3,0) -> 1500 | L49: =K49/J49 -> 107.14286 | M49: 17 | N49: =G49/W49*60 -> 1738.125 | O49: =N49/M49 -> 102.24265 | P49: =M49-J49 -> 3 | Q49: =O49-L49 -> -4.9002101 | R49: =O49/L49 -> 0.95426471 | S49: =R58 -> 0.95930993 | T49: 0.29166667 | U49: 0.31388889 | W49: =(U49-T49)*24*60 -> 32 | AB49: 新進學生加入，教育訓練 | AF49: =N49-K49 -> 238.125 | AG49: =N49/K49 -> 1.15875 | AH49: =AG58 -> 1.022131
B50: 熱乾麵 | D50: 青花椒麻雞肉拌麵 | F50: =VLOOKUP(D50,廠價表!$C$1:$E$41,3,0) -> 49.91 | G50: 2835 | H50: =F50*G50 -> 141494.85 | J50: =VLOOKUP(D50,產線配置圖!$A$3:$C$38,2,0) -> 15 | K50: =VLOOKUP(D50,產線配置圖!$A$3:$C$38,3,0) -> 1565 | L50: =K50/J50 -> 104.33333 | M50: 16 | N50: =G50/W50*60 -> 1620 | O50: =N50/M50 -> 101.25 | P50: =M50-J50 -> 1 | Q50: =O50-L50 -> -3.0833333 | R50: =O50/L50 -> 0.97044728 | T50: 0.32083333 | U50: 0.39375 | V50: =(T50-U49)*24*60 -> 10 | W50: =(U50-T50)*24*60 -> 105 | AB50: 新進學生加入，教育訓練 | AF50: =N50-K50 -> 55 | AG50: =N50/K50 -> 1.0351438
B51: 義大利麵 | D51: 焗烤起司雙饗筆尖麵 | F51: =VLOOKUP(D51,廠價表!$C$1:$E$41,3,0) -> 49.97 | G51: 2984 | H51: =F51*G51 -> 149110.48 | J51: =VLOOKUP(D51,產線配置圖!$A$3:$C$38,2,0) -> 16 | K51: =VLOOKUP(D51,產線配置圖!$A$3:$C$38,3,0) -> 1714 | L51: =K51/J51 -> 107.125 | M51: 16 | N51: =G51/W51*60 -> 1598.5714 | O51: =N51/M51 -> 99.910714 | P51: =M51-J51 -> 0 | Q51: =O51-L51 -> -7.2142857 | R51: =O51/L51 -> 0.93265544 | T51: 0.39930556 | U51: 0.47708333 | V51: =(T51-U50)*24*60 -> 8 | W51: =(U51-T51)*24*60 -> 112 | AF51: =N51-K51 -> -115.42857 | AG51: =N51/K51 -> 0.93265544
B52: 義大利麵 | D52: 焗烤起司雙饗筆尖麵 | F52: =VLOOKUP(D52,廠價表!$C$1:$E$41,3,0) -> 49.97 | G52: 2632 | H52: =F52*G52 -> 131521.04 | J52: =VLOOKUP(D52,產線配置圖!$A$3:$C$38,2,0) -> 16 | K52: =VLOOKUP(D52,產線配置圖!$A$3:$C$38,3,0) -> 1714 | L52: =K52/J52 -> 107.125 | M52: 16 | N52: =G52/W52*60 -> 1680 | O52: =N52/M52 -> 105 | P52: =M52-J52 -> 0 | Q52: =O52-L52 -> -2.125 | R52: =O52/L52 -> 0.98016336 | T52: 0.53819444 | U52: 0.60347222 | V52: =(T52-U51)*24*60 -> 88 | W52: =(U52-T52)*24*60 -> 94 | X52: 0.48611111 | Y52: 0.52777778 | AF52: =N52-K52 -> -34 | AG52: =N52/K52 -> 0.98016336
W53: =(U53-T53)*24*60 -> 0 | AF53: =N53-K53 -> 0 | AG53: =N53/K53 -> #DIV/0!
W54: =(U54-T54)*24*60 -> 0
W55: =(U55-T55)*24*60 -> 0
W56: =(U56-T56)*24*60 -> 0
W57: =(U57-T57)*24*60 -> 0
C58: 4度二組C2 | D58: 平均 | J58: =AVERAGE(J49:J57) -> 15.25 | K58: =AVERAGE(K49:K57) -> 1623.25 | L58: =AVERAGE(L49:L57) -> 106.43155 | M58: =AVERAGE(M49:M57) -> 16.25 | N58: =AVERAGE(N49:N57) -> 1659.1741 | O58: =AVERAGE(O49:O57) -> 102.10084 | P58: =M58-J58 -> 1 | Q58: =N58-K58 -> 35.924107 | R58: =O58/L58 -> 0.95930993 | Z58: =SUM(Z49:Z57) -> 0 | AA58: =SUM(AA49:AA57) -> 0 | AD58: =SUM(AD49:AD57) -> 0 | AE58: =SUM(AE49:AE57) -> 0 | AF58: =N58-K58 -> 35.924107 | AG58: =N58/K58 -> 1.022131
A59: 調理包一線 (八爪機) | B59: 小吃、微波 | D59: 麻辣雞心 | F59: =VLOOKUP(D59,廠價表!$C$1:$E$41,3,0) -> 28.26 | G59: 1114 | H59: =F59*G59 -> 31481.64 | J59: =VLOOKUP(D59,產線配置圖!$A$3:$C$38,2,0) -> 9 | K59: =VLOOKUP(D59,產線配置圖!$A$3:$C$38,3,0) -> 1636 | L59: =K59/J59 -> 181.77778 | M59: 9 | N59: =G59/W59*60 -> 1336.8 | O59: =N59/M59 -> 148.53333 | P59: =M59-J59 -> 0 | Q59: =O59-L59 -> -33.244444 | R59: =O59/L59 -> 0.81711491 | S59: =R69 -> 0.8626624 | T59: 0.25 | U59: 0.28472222 | V59: =(T60-U59)*24*60 -> 0 | W59: =(U59-T59)*24*60 -> 50 | AF59: =N59-K59 -> -299.2 | AG59: =N59/K59 -> 0.81711491 | AH59: =AG69 -> 0.87746735
B60: 小吃、微波 | D60: 麻辣雞心 | F60: =VLOOKUP(D60,廠價表!$C$1:$E$41,3,0) -> 28.26 | G60: 1521 | H60: =F60*G60 -> 42983.46 | J60: =VLOOKUP(D60,產線配置圖!$A$3:$C$38,2,0) -> 9 | K60: =VLOOKUP(D60,產線配置圖!$A$3:$C$38,3,0) -> 1636 | L60: =K60/J60 -> 181.77778 | M60: 9 | N60: =G60/W60*60 -> 1342.0588 | O60: =N60/M60 -> 149.11765 | P60: =M60-J60 -> 0 | Q60: =O60-L60 -> -32.660131 | R60: =O60/L60 -> 0.82032935 | T60: 0.28472222 | U60: 0.33194444 | V60: =(T61-U60)*24*60 -> -58 | W60: =(U60-T60)*24*60 -> 68 | AB60: 調理1、調理2綜合人力 | AF60: =N60-K60 -> -293.94118 | AG60: =N60/K60 -> 0.82032935
B61: 小吃、微波 | D61: 小滷青蔬 | F61: =VLOOKUP(D61,廠價表!$C$1:$E$41,3,0) -> 26.99 | G61: 4048 | H61: =F61*G61 -> 109255.52 | J61: =VLOOKUP(D61,產線配置圖!$A$3:$C$38,2,0) -> 13 | K61: =VLOOKUP(D61,產線配置圖!$A$3:$C$38,3,0) -> 1565 | L61: =K61/J61 -> 120.38462 | M61: 13 | N61: =G61/W61*60 -> 1547.0064 | O61: =N61/M61 -> 119.00049 | P61: =M61-J61 -> 0 | Q61: =O61-L61 -> -1.3841254 | R61: =O61/L61 -> 0.98850247 | T61: 0.29166667 | U61: 0.40069444 | V61: =(T62-U61)*24*60 -> -87 | W61: =(U61-T61)*24*60 -> 157 | AB61: 調理1、調理2綜合人力 | AF61: =N61-K61 -> -17.993631 | AG61: =N61/K61 -> 0.98850247
B62: 小吃、微波 | D62: 麻辣雞心 | F62: =VLOOKUP(D62,廠價表!$C$1:$E$41,3,0) -> 28.26 | G62: 4142 | H62: =F62*G62 -> 117052.92 | J62: =VLOOKUP(D62,產線配置圖!$A$3:$C$38,2,0) -> 9 | K62: =VLOOKUP(D62,產線配置圖!$A$3:$C$38,3,0) -> 1636 | L62: =K62/J62 -> 181.77778 | M62: 9 | N62: =G62/W62*60 -> 1314.9206 | O62: =N62/M62 -> 146.10229 | P62: =M62-J62 -> 0 | Q62: =O62-L62 -> -35.675485 | R62: =O62/L62 -> 0.80374122 | T62: 0.34027778 | U62: 0.47152778 | V62: =(T63-U62)*24*60 -> -99 | W62: =(U62-T62)*24*60 -> 189 | X62: 0.50347222 | Y62: 0.54513889 | AB62: 調理1、調理2綜合人力 | AF62: =N62-K62 -> -321.07937 | AG62: =N62/K62 -> 0.80374122
B63: 小吃、微波 | D63: 起司馬鈴薯 | F63: =VLOOKUP(D63,廠價表!$C$1:$E$41,3,0) -> 28.26 | G63: 1750 | H63: =F63*G63 -> 49455 | J63: =VLOOKUP(D63,產線配置圖!$A$3:$C$38,2,0) -> 12 | K63: =VLOOKUP(D63,產線配置圖!$A$3:$C$38,3,0) -> 1565 | L63: =K63/J63 -> 130.41667 | M63: 12 | N63: =G63/W63*60 -> 1521.7391 | O63: =N63/M63 -> 126.81159 | P63: =M63-J63 -> 0 | Q63: =O63-L63 -> -3.6050725 | R63: =O63/L63 -> 0.97235727 | T63: 0.40277778 | U63: 0.45069444 | V63: =(T64-U63)*24*60 -> 11 | W63: =(U63-T63)*24*60 -> 69 | AB63: 調理1、調理2綜合人力 | AF63: =N63-K63 -> -43.26087 | AG63: =N63/K63 -> 0.97235727
B64: 小吃、微波 | D64: 三杯菇菇米血 | F64: =VLOOKUP(D64,廠價表!$C$1:$E$41,3,0) -> 28.26 | G64: 1495 | H64: =F64*G64 -> 42248.7 | J64: =VLOOKUP(D64,產線配置圖!$A$3:$C$38,2,0) -> 12 | K64: =VLOOKUP(D64,產線配置圖!$A$3:$C$38,3,0) -> 1565 | L64: =K64/J64 -> 130.41667 | M64: 13 | N64: =G64/W64*60 -> 1380 | O64: =N64/M64 -> 106.15385 | P64: =M64-J64 -> 1 | Q64: =O64-L64 -> -24.262821 | R64: =O64/L64 -> 0.8139592 | T64: 0.45833333 | U64: 0.50347222 | V64: =(T65-U64)*24*60 -> 60 | W64: =(U64-T64)*24*60 -> 65 | AB64: 調理1、調理2綜合人力 | AF64: =N64-K64 -> -185 | AG64: =N64/K64 -> 0.88178914
B65: 小吃、微波 | D65: 麻辣雞心 | F65: =VLOOKUP(D65,廠價表!$C$1:$E$41,3,0) -> 28.26 | G65: 1648 | H65: =F65*G65 -> 46572.48 | J65: =VLOOKUP(D65,產線配置圖!$A$3:$C$38,2,0) -> 9 | K65: =VLOOKUP(D65,產線配置圖!$A$3:$C$38,3,0) -> 1636 | L65: =K65/J65 -> 181.77778 | M65: 9 | N65: =G65/W65*60 -> 1521.2308 | O65: =N65/M65 -> 169.02564 | P65: =M65-J65 -> 0 | Q65: =O65-L65 -> -12.752137 | R65: =O65/L65 -> 0.92984766 | T65: 0.54513889 | U65: 0.59027778 | V65: =(T66-U65)*24*60 -> -50 | W65: =(U65-T65)*24*60 -> 65 | AB65: 調理1、調理2綜合人力 | AF65: =N65-K65 -> -114.76923 | AG65: =N65/K65 -> 0.92984766
B66: 小吃、微波 | D66: 麻辣雞心 | F66: =VLOOKUP(D66,廠價表!$C$1:$E$41,3,0) -> 28.26 | G66: 978 | H66: =F66*G66 -> 27638.28 | J66: =VLOOKUP(D66,產線配置圖!$A$3:$C$38,2,0) -> 9 | K66: =VLOOKUP(D66,產線配置圖!$A$3:$C$38,3,0) -> 1636 | L66: =K66/J66 -> 181.77778 | M66: 9 | N66: =G66/W66*60 -> 1333.6364 | O66: =N66/M66 -> 148.18182 | P66: =M66-J66 -> 0 | Q66: =O66-L66 -> -33.59596 | R66: =O66/L66 -> 0.81518115 | T66: 0.55555556 | U66: 0.58611111 | V66: =(T67-U66)*24*60 -> -844 | W66: =(U66-T66)*24*60 -> 44 | AB66: 調理1、調理2綜合人力 | AF66: =N66-K66 -> -302.36364 | AG66: =N66/K66 -> 0.81518115
W67: =(U67-T67)*24*60 -> 0
H68: =F68*G68 -> 0 | W68: =(U68-T68)*24*60 -> 0
C69: 4度三組 | D69: 平均 | J69: =AVERAGE(J59:J68) -> 10.25 | K69: =AVERAGE(K59:K68) -> 1609.375 | L69: =AVERAGE(L59:L68) -> 161.26335 | M69: =AVERAGE(M59:M68) -> 10.375 | N69: =AVERAGE(N59:N68) -> 1412.174 | O69: =AVERAGE(O59:O68) -> 139.11583 | P69: =M69-J69 -> 0.125 | Q69: =N69-K69 -> -197.20099 | R69: =O69/L69 -> 0.8626624 | Z69: =SUM(Z59:Z68) -> 0 | AA69: =SUM(AA59:AA68) -> 0 | AD69: =SUM(AD59:AD68) -> 0 | AE69: =SUM(AE59:AE68) -> 0 | AF69: =N69-K69 -> -197.20099 | AG69: =N69/K69 -> 0.87746735
A70: 調理包二線 (手工) | B70: 義大利麵 | D70: 焗烤起司肉醬筆尖麵 | F70: =VLOOKUP(D70,廠價表!$C$1:$E$41,3,0) -> 50.67 | G70: 1624 | H70: =F70*G70 -> 82288.08 | J70: =VLOOKUP(D70,產線配置圖!$A$3:$C$38,2,0) -> 10 | K70: =VLOOKUP(D70,產線配置圖!$A$3:$C$38,3,0) -> 1125 | L70: =K70/J70 -> 112.5 | M70: 10 | N70: =G70/W70*60 -> 974.4 | O70: =N70/M70 -> 97.44 | P70: =M70-J70 -> 0 | Q70: =O70-L70 -> -15.06 | R70: =O70/L70 -> 0.86613333 | S70: =R79 -> 0.88886707 | T70: 0.33333333 | U70: 0.40277778 | W70: =(U70-T70)*24*60 -> 100 | AB70: 新進學生加入，教育訓練 | AF70: =N70-K70 -> -150.6 | AG70: =N70/K70 -> 0.86613333 | AH70: =AG79 -> 0.89939825
B71: 義大利麵 | D71: 濃拿坡里義大利麵 | F71: =VLOOKUP(D71,廠價表!$C$1:$E$41,3,0) -> 56.43 | G71: 1276 | H71: =F71*G71 -> 72004.68 | J71: =VLOOKUP(D71,產線配置圖!$A$3:$C$38,2,0) -> 16 | K71: =VLOOKUP(D71,產線配置圖!$A$3:$C$38,3,0) -> 1406 | L71: =K71/J71 -> 87.875 | M71: 14 | N71: =G71/W71*60 -> 1020.8 | O71: =N71/M71 -> 72.914286 | P71: =M71-J71 -> -2 | Q71: =O71-L71 -> -14.960714 | R71: =O71/L71 -> 0.82975005 | T71: 0.40972222 | U71: 0.46180556 | V71: =(T71-U70)*24*60 -> 10 | W71: =(U71-T71)*24*60 -> 75 | AF71: -300.3125 | AG71: 0.80810703
B72: 義大利麵 | D72: 焗烤起司肉醬筆尖麵 | F72: =VLOOKUP(D72,廠價表!$C$1:$E$41,3,0) -> 50.67 | G72: 1293 | H72: =F72*G72 -> 65516.31 | J72: =VLOOKUP(D72,產線配置圖!$A$3:$C$38,2,0) -> 10 | K72: =VLOOKUP(D72,產線配置圖!$A$3:$C$38,3,0) -> 1125 | L72: =K72/J72 -> 112.5 | M72: 12 | N72: =G72/W72*60 -> 1293 | O72: =N72/M72 -> 107.75 | P72: =M72-J72 -> 2 | Q72: =O72-L72 -> -4.75 | R72: =O72/L72 -> 0.95777778 | T72: 0.54166667 | U72: 0.58333333 | V72: =(T72-U71)*24*60 -> 115 | W72: =(U72-T72)*24*60 -> 60 | AB72: 新進學生加入，教育訓練 | AF72: -130.33333 | AG72: 0.91671991
W73: =(U73-T73)*24*60 -> 0
W74: =(U74-T74)*24*60 -> 0
H75: =F75*G75 -> 0 | W75: =(U75-T75)*24*60 -> 0
H76: =F76*G76 -> 0 | W76: =(U76-T76)*24*60 -> 0
H77: =F77*G77 -> 0 | W77: =(U77-T77)*24*60 -> 0
H78: =F78*G78 -> 0 | W78: =(U78-T78)*24*60 -> 0
C79: 4度四組 | D79: 平均 | J79: =AVERAGE(J70:J78) -> 12 | K79: =AVERAGE(K70:K78) -> 1218.6667 | L79: =AVERAGE(L70:L78) -> 104.29167 | M79: =AVERAGE(M70:M78) -> 12 | N79: =AVERAGE(N70:N78) -> 1096.0667 | O79: =AVERAGE(O70:O78) -> 92.701429 | P79: =M79-J79 -> 0 | Q79: =N79-K79 -> -122.6 | R79: =O79/L79 -> 0.88886707 | Z79: =SUM(Z70:Z78) -> 0 | AA79: =SUM(AA70:AA78) -> 0 | AD79: =SUM(AD70:AD78) -> 0 | AE79: =SUM(AE70:AE78) -> 0 | AF79: =N79-K79 -> -122.6 | AG79: =N79/K79 -> 0.89939825
AJ80: 1.當日出勤人數較多
AJ81: 2.當日出勤人數較少
AJ82: 3.當日出勤熟手較少
AJ83: 4.當日出勤新人較多
AJ84: 5.機台夾盒
AJ85: 6.封膜不順
AJ86: 7.更換膠膜
AJ87: 8.更換碳帶
AJ88: 9.當日熱轉印碳帶異常
AJ89: 10.訂單量過少
AJ90: 11.新品上市，尚未熟悉
AJ91: 12.商品結構，產能較低
AJ92: 13.區域出貨，分段生產

Sheet 0304總 
B1: 長家廠組合室生產人時性分析
B3: 日期 | D3: 46085 | F3: 訂單量 | G3: ='0304'!E1 -> 60633 | I3: 營業額 | J3: ='0304'!G1 -> 2824876.1
B4: 項目 | D4: 3 | F4: ➀ | H4: ➁ | J4: ③ | L4: 異常停線 | N4: 短暫停線
B5: 人時性 | D5: 組合室 | F5: 全溫層 | H5: 義大利麵 | J5: 袋裝小吃、義麵 | L5: 合計次數 | M5: 時間 | N5: 合計次數 | O5: 設備次數
D6: 排關平均 | F6: =AVERAGE(D13:J13) -> 124.88688 | H6: =AVERAGE(D13:H13,J13) -> 122.2432 | J6: =AVERAGE(I13) -> 140.74893 | L6: =SUM(D18:J18) -> 2 | M6: =SUM(D19:J19) -> 10 | N6: =SUM(D20:J20) -> 0 | O6: =SUM(D20:J20) -> 0
D7: 實績平均 | F7: =AVERAGE(D14:J14) -> 106.98939 | H7: =AVERAGE(D14:H14,J14) -> 104.13774 | J7: =AVERAGE(I14) -> 124.09933 | L7: =AVERAGE(K14:L14) -> #DIV/0! | M7: =AVERAGE(L14:M14) -> #DIV/0! | N7: =AVERAGE(M14:N14) -> #DIV/0! | O7: =AVERAGE(N14:O14) -> #DIV/0!
D8: 達成率平均 | F8: =F7/F6 -> 0.85669042 | H8: =H7/H6 -> 0.85188978 | J8: =J7/J6 -> 0.8817071 | L8: =AVERAGE(K15:L15) -> #DIV/0! | M8: =AVERAGE(L15:M15) -> #DIV/0! | N8: =AVERAGE(M15:N15) -> #DIV/0! | O8: =AVERAGE(N15:O15) -> #DIV/0!
J9: ※現行日本鮮食廠以達成率80%為基本(即為現行KPI)
B10: 溫層 | D10: 4度C-各編組展開
B11: 編組 | D11: 1 | E11: 2 | F11: 3 | G11: 4 | H11: 5 | I11: 6 | J11: 7
D12: 自動1線 | E12: 自動2線 | F12: 手工3線 | G12: 手工4線 | H12: 手工5線 | I12: 調理包1線 | J12: 調理包2線
B13: 人時性 | C13: 排關 | D13: =VALUE('0304'!L15) -> 136.33173 | E13: =VALUE('0304'!L26) -> 181.5303 | F13: =VALUE('0304'!L37) -> 93.443627 | G13: =VALUE('0304'!L48) -> 92.058824 | H13: =VALUE('0304'!L58) -> 106.43155 | I13: =VALUE('0304'!L69) -> 140.74893 | J13: ='0304'!L79 -> 123.66319
C14: 實績 | D14: =VALUE('0304'!O15) -> 106.94966 | E14: =VALUE('0304'!O26) -> 148.37128 | F14: =VALUE('0304'!O37) -> 85.470837 | G14: =VALUE('0304'!O48) -> 78.442618 | H14: =VALUE('0304'!O58) -> 97.444452 | I14: =VALUE('0304'!O69) -> 124.09933 | J14: ='0304'!O79 -> 108.14757
C15: 達成率 | D15: =D14/D13 -> 0.78448104 | E15: =E14/E13 -> 0.81733615 | F15: =F14/F13 -> 0.91467807 | G15: =G14/G13 -> 0.85209234 | H15: =H14/H13 -> 0.91555986 | I15: =I14/I13 -> 0.8817071 | J15: ='0304'!S70 -> 0.87453323
B16: 作業 時間 | C16: 開始 | D16: ='0304'!T5 -> 0.29166667 | E16: ='0304'!T16 -> 0.29097222 | F16: ='0304'!T27 -> 0.29027778 | G16: ='0304'!T38 -> 0.33680556 | H16: ='0304'!T49 -> 0.29027778 | I16: ='0304'!T59 -> 0.29166667 | J16: ='0304'!T70 -> 0.33333333
C17: 結束 | D17: 0.64930556 | E17: 0.64444444 | F17: 0.59375 | G17: 0.62430556 | H17: 0.6125 | I17: 0.64236111 | J17: 0.61458333
B18: 產線異常 (5分鐘以上) | C18: 次數 | D18: ='0304'!Z15 -> 0 | E18: ='0304'!Z26 -> 1 | F18: ='0304'!Z37 -> 0 | G18: ='0304'!Z48 -> 0 | H18: ='0304'!Z58 -> 0 | I18: ='0304'!Z69 -> 1 | J18: ='0304'!AA79 -> 0
C19: 時間/分 | D19: ='0304'!AA15 -> 0 | E19: ='0304'!AA26 -> 5 | F19: ='0304'!AA37 -> 0 | G19: ='0304'!AA48 -> 0 | H19: ='0304'!AA58 -> 0 | I19: ='0304'!AA69 -> 5 | J19: ='0304'!AB79 -> 0
B20: 短暫停線 (5分鐘以下) | C20: 次數 | D20: ='0304'!AD15 -> 0 | E20: ='0304'!AD26 -> 0 | F20: ='0304'!AD37 -> 0 | G20: ='0304'!AD48 -> 0 | H20: ='0304'!AD58 -> 0 | I20: ='0304'!AD69 -> 0 | J20: ='0304'!AD79 -> 0
C21: 設備次數 | D21: ='0304'!AE15 -> 0 | E21: ='0304'!AE26 -> 0 | F21: ='0304'!AE37 -> 0 | G21: ='0304'!AE48 -> 0 | H21: ='0304'!AE58 -> 0 | I21: ='0304'!AE69 -> 0 | J21: ='0304'!AE79 -> 0
B22: 配置人數 | D22: =VALUE('0304'!M15) -> 14.25 | E22: =VALUE('0304'!M26) -> 12 | F22: =VALUE('0304'!M37) -> 16.333333 | G22: =VALUE('0304'!M48) -> 17 | H22: =VALUE('0304'!M58) -> 16.5 | I22: =VALUE('0304'!M69) -> 12.25 | J22: ='0304'!M79 -> 11.75
B23: 主要應用設備 | D23: ET-600 | E23: ET-600 | F23: ET-55 | G23: ET-55 | H23: ET-55 | I23: 八爪機 | J23: 八爪機
B24: 次要應用設備 | H24: 封口機 | J24: 封口機
B25: 備註

Sheet 0304
A1: 長家廠4度C日報分析 | D1: 總生產量 | E1: =SUM(G5:G79) -> 60633 | F1: 營業額 | G1: =SUM(H5:H79) -> 2824876.1 | H1: 出勤人數 | I1: =M15+M26+M48+M58+M69+M79+M37 -> 100.08333 | J1: 產線配置圖 | M1: 生產實績 | P1: 人時性差異分析 | T1: 日報登錄 | Z1: 合計 次數 | AA1: 合計 時間/分 | AB1: 分析說明 | AD1: 合計 次數 | AE1: 合計 設備次數 | AF1: 產能差異分析
A2: 03月04日 星期三 | D2: 人時性 | E2: =AVERAGE(O15,O26,O37,O48,O58,O69,O79) -> 106.98939 | F2: 平均廠價 | G2: =G1/E1 -> 46.589746 | H2: 多次生產數 | I2: =COUNT(I5:I79) -> 0 | Z2: =Z15+Z26+Z37+Z48+Z58+Z69+Z79 -> 2 | AA2: =AA15+AA26+AA37+AA48+AA58+AA69+AA79 -> 10 | AD2: =AD15+AD26+AD37+AD48+AD58+AD69+AD79 -> 0 | AE2: =AE15+AE26+AE37+AE48+AE58+AE69+AE79 -> 0
A3: 線別 | B3: 品類 | D3: 品名 | F3: 廠價 | G3: 生產量 | H3: 營收 | I3: 多次 生產 | J3: 人數 | K3: 產能/時 | L3: 人時性 | M3: 人數 | N3: 產能/時 | O3: 人時性 | P3: 人數 | Q3: 人時性 | R3: 達成率 | S3: 達成率平均 | T3: 生產時間 | V3: 前置、換線時間/分 | W3: 稼動時間/分 | X3: 休息時間 | Z3: 產線異常統計 (5分鐘以上) | AD3: 短暫停線統計 (5分鐘以下) | AF3: 產能/時 | AG3: 達成率 | AH3: 達成率平均
T4: 開始 | U4: 結束 | X4: 開始 | Y4: 結束 | Z4: 次數 | AA4: 時間/分 | AD4: 總次數 | AE4: 設備因素(次數)
A5: 自動一線 (ET-600) | B5: 義大利麵 | D5: 奶油起司蝦仁通心粉 | F5: =VLOOKUP(D5,廠價表!$C$1:$E$41,3,0) -> 47.71 | G5: 2149 | H5: =F5*G5 -> 102528.79 | J5: =VLOOKUP(D5,產線配置圖!$A$3:$C$38,2,0) -> 16 | K5: =VLOOKUP(D5,產線配置圖!$A$3:$C$38,3,0) -> 1636 | L5: =K5/J5 -> 102.25 | M5: 16 | N5: =G5/W5*60 -> 1007.3437 | O5: =N5/M5 -> 62.958984 | P5: =M5-J5 -> 0 | Q5: =O5-L5 -> -39.291016 | R5: =O5/L5 -> 0.61573579 | S5: =R15 -> 0.78448104 | T5: 0.29166667 | U5: 0.38055556 | W5: =(U5-T5)*24*60 -> 128 | AB5: 封膜異常，手抓麵作業 | AF5: =N5-K5 -> -628.65625 | AG5: =N5/K5 -> 0.61573579 | AH5: =AG15 -> 0.77889608
B6: 義大利麵 | D6: 辣味香菜雞肉義大利麵 | F6: =VLOOKUP(D6,廠價表!$C$1:$E$41,3,0) -> 56.28 | G6: 1135 | H6: =F6*G6 -> 63877.8 | J6: =VLOOKUP(D6,產線配置圖!$A$3:$C$38,2,0) -> 15 | K6: =VLOOKUP(D6,產線配置圖!$A$3:$C$38,3,0) -> 1800 | L6: =K6/J6 -> 120 | M6: 15 | N6: =G6/W6*60 -> 1480.4348 | O6: =N6/M6 -> 98.695652 | P6: =M6-J6 -> 0 | Q6: =O6-L6 -> -21.304348 | R6: =O6/L6 -> 0.82246377 | T6: 0.39583333 | U6: 0.42777778 | V6: =(T6-U5)*24*60 -> 22 | W6: =(U6-T6)*24*60 -> 46 | AF6: =N6-K6 -> -319.56522 | AG6: =N6/K6 -> 0.82246377
B7: 義大利麵 | D7: 奶油培根義大利麵 | F7: =VLOOKUP(D7,廠價表!$C$1:$E$41,3,0) -> 49.14 | G7: 2091 | H7: =F7*G7 -> 102751.74 | J7: =VLOOKUP(D7,產線配置圖!$A$3:$C$38,2,0) -> 13 | K7: =VLOOKUP(D7,產線配置圖!$A$3:$C$38,3,0) -> 2100 | L7: =K7/J7 -> 161.53846 | M7: 13 | N7: =G7/W7*60 -> 1792.2857 | O7: =N7/M7 -> 137.86813 | P7: =M7-J7 -> 0 | Q7: =O7-L7 -> -23.67033 | R7: =O7/L7 -> 0.85346939 | T7: 0.43541667 | U7: 0.48402778 | V7: =(T7-U6)*24*60 -> 11 | W7: =(U7-T7)*24*60 -> 70 | AF7: =N7-K7 -> -307.71429 | AG7: =N7/K7 -> 0.85346939
B8: 義大利麵 | D8: 奶油培根義大利麵 | F8: =VLOOKUP(D8,廠價表!$C$1:$E$41,3,0) -> 49.14 | G8: 4030 | H8: =F8*G8 -> 198034.2 | J8: =VLOOKUP(D8,產線配置圖!$A$3:$C$38,2,0) -> 13 | K8: =VLOOKUP(D8,產線配置圖!$A$3:$C$38,3,0) -> 2100 | L8: =K8/J8 -> 161.53846 | M8: 13 | N8: =G8/W8*60 -> 1667.5862 | O8: =N8/M8 -> 128.27586 | P8: =M8-J8 -> 0 | Q8: =O8-L8 -> -33.262599 | R8: =O8/L8 -> 0.79408867 | T8: 0.54861111 | U8: 0.64930556 | V8: =(T8-U7)*24*60 -> 93 | W8: =(U8-T8)*24*60 -> 145 | X8: 0.49305556 | Y8: 0.53472222 | AF8: =N8-K8 -> -432.41379 | AG8: =N8/K8 -> 0.79408867
W9: =(U9-T9)*24*60 -> 0 | AF9: =N9-K9 -> 0 | AG9: =N9/K9 -> #DIV/0!
W10: =(U10-T10)*24*60 -> 0 | AF10: =N10-K10 -> 0 | AG10: =N10/K10 -> #DIV/0!
W11: =(U11-T11)*24*60 -> 0 | AF11: =N11-K11 -> 0 | AG11: =N11/K11 -> #DIV/0!
W12: =(U12-T12)*24*60 -> 0
W13: =(U13-T13)*24*60 -> 0
W14: =(U14-T14)*24*60 -> 0
C15: 4度一組 | D15: 平均 | J15: =AVERAGE(J5:J14) -> 14.25 | K15: =AVERAGE(K5:K14) -> 1909 | L15: =AVERAGE(L5:L14) -> 136.33173 | M15: =AVERAGE(M5:M14) -> 14.25 | N15: =AVERAGE(N5:N14) -> 1486.9126 | O15: =AVERAGE(O5:O14) -> 106.94966 | P15: =M15-J15 -> 0 | Q15: =O15-L15 -> -29.382073 | R15: =O15/L15 -> 0.78448104 | Z15: =SUM(Z5:Z14) -> 0 | AA15: =SUM(AA5:AA14) -> 0 | AD15: =SUM(AD5:AD14) -> 0 | AE15: =SUM(AE5:AE14) -> 0 | AF15: =N15-K15 -> -422.08739 | AG15: =N15/K15 -> 0.77889608
A16: 自動二線 (ET-600) | B16: 義大利麵 | D16: 白酒蛤蜊義大利麵 | F16: =VLOOKUP(D16,廠價表!$C$1:$E$41,3,0) -> 57.21 | G16: 1843 | H16: =F16*G16 -> 105438.03 | J16: =VLOOKUP(D16,產線配置圖!$A$3:$C$38,2,0) -> 12 | K16: =VLOOKUP(D16,產線配置圖!$A$3:$C$38,3,0) -> 2105 | L16: =K16/J16 -> 175.41667 | M16: 13 | N16: =G16/W16*60 -> 2126.5385 | O16: =N16/M16 -> 163.57988 | P16: =M16-J16 -> 1 | Q16: =O16-L16 -> -11.836785 | R16: =O16/L16 -> 0.93252189 | S16: =R26 -> 0.81733615 | T16: 0.29097222 | U16: 0.32708333 | W16: =(U16-T16)*24*60 -> 52 | AB16: 新進學生加入，教育訓練 | AF16: =N16-K16 -> 21.538462 | AG16: =N16/K16 -> 1.010232 | AH16: =AG26 -> 0.8485994
B17: 義大利麵 | D17: 青醬蛤蜊義大利麵 | F17: =VLOOKUP(D17,廠價表!$C$1:$E$41,3,0) -> 50.67 | G17: 3277 | H17: =F17*G17 -> 166045.59 | J17: =VLOOKUP(D17,產線配置圖!$A$3:$C$38,2,0) -> 12 | K17: =VLOOKUP(D17,產線配置圖!$A$3:$C$38,3,0) -> 2100 | L17: =K17/J17 -> 175 | M17: 13 | N17: =G17/W17*60 -> 2027.0103 | O17: =N17/M17 -> 155.92387 | P17: =M17-J17 -> 1 | Q17: =O17-L17 -> -19.07613 | R17: =O17/L17 -> 0.89099354 | T17: 0.33402778 | U17: 0.40138889 | V17: =(T17-U16)*24*60 -> 10 | W17: =(U17-T17)*24*60 -> 97 | AB17: 新進學生加入，教育訓練 | AF17: =N17-K17 -> -72.989691 | AG17: =N17/K17 -> 0.965243
B18: 義大利麵 | D18: 義式蕃茄起司義大利麵 | F18: =VLOOKUP(D18,廠價表!$C$1:$E$41,3,0) -> 50.39 | G18: 2884 | H18: =F18*G18 -> 145324.76 | J18: =VLOOKUP(D18,產線配置圖!$A$3:$C$38,2,0) -> 11 | K18: =VLOOKUP(D18,產線配置圖!$A$3:$C$38,3,0) -> 2100 | L18: =K18/J18 -> 190.90909 | M18: 11 | N18: =G18/W18*60 -> 1730.4 | O18: =N18/M18 -> 157.30909 | P18: =M18-J18 -> 0 | Q18: =O18-L18 -> -33.6 | R18: =O18/L18 -> 0.824 | T18: 0.40833333 | U18: 0.47777778 | V18: =(T18-U17)*24*60 -> 10 | W18: =(U18-T18)*24*60 -> 100 | X18: 0.48611111 | Y18: 0.52777778 | AF18: =N18-K18 -> -369.6 | AG18: =N18/K18 -> 0.824
B19: 義大利麵 | D19: 義式蕃茄起司義大利麵 | F19: =VLOOKUP(D19,廠價表!$C$1:$E$41,3,0) -> 50.39 | G19: 1843 | H19: =F19*G19 -> 92868.77 | J19: =VLOOKUP(D19,產線配置圖!$A$3:$C$38,2,0) -> 11 | K19: =VLOOKUP(D19,產線配置圖!$A$3:$C$38,3,0) -> 2100 | L19: =K19/J19 -> 190.90909 | M19: 11 | N19: =G19/W19*60 -> 1602.6087 | O19: =N19/M19 -> 145.6917 | P19: =M19-J19 -> 0 | Q19: =O19-L19 -> -45.217391 | R19: =O19/L19 -> 0.763147 | T19: 0.54930556 | U19: 0.59722222 | V19: =(T19-U18)*24*60 -> 103 | W19: =(U19-T19)*24*60 -> 69 | AF19: =N19-K19 -> -497.3913 | AG19: =N19/K19 -> 0.763147
B20: 義大利麵 | D20: 白酒蛤蜊義大利麵 | F20: =VLOOKUP(D20,廠價表!$C$1:$E$41,3,0) -> 57.21 | G20: 1289 | H20: =F20*G20 -> 73743.69 | J20: =VLOOKUP(D20,產線配置圖!$A$3:$C$38,2,0) -> 12 | K20: =VLOOKUP(D20,產線配置圖!$A$3:$C$38,3,0) -> 2105 | L20: =K20/J20 -> 175.41667 | M20: 12 | N20: =G20/W20*60 -> 1432.2222 | O20: =N20/M20 -> 119.35185 | P20: =M20-J20 -> 0 | Q20: =O20-L20 -> -56.064815 | R20: =O20/L20 -> 0.6803906 | T20: 0.60694444 | U20: 0.64444444 | V20: =(T20-U19)*24*60 -> 14 | W20: =(U20-T20)*24*60 -> 54 | Z20: 1 | AA20: 5 | AB20: 手抓麵作業
W21: =(U21-T21)*24*60 -> 0
W22: 0
W23: =(U23-T23)*24*60 -> 0
H24: =F24*G24 -> 0 | W24: =(U24-T24)*24*60 -> 0
H25: =F25*G25 -> 0 | W25: =(U25-T25)*24*60 -> 0
C26: 4度二組A | D26: 平均 | J26: =AVERAGE(J16:J25) -> 11.6 | K26: =AVERAGE(K16:K25) -> 2102 | L26: =AVERAGE(L16:L25) -> 181.5303 | M26: =AVERAGE(M16:M25) -> 12 | N26: =AVERAGE(N16:N25) -> 1783.7559 | O26: =AVERAGE(O16:O25) -> 148.37128 | P26: =M26-J26 -> 0.4 | Q26: =O26-L26 -> -33.159024 | R26: =O26/L26 -> 0.81733615 | Z26: =SUM(Z16:Z25) -> 1 | AA26: =SUM(AA16:AA25) -> 5 | AD26: =SUM(AD16:AD25) -> 0 | AE26: =SUM(AE16:AE25) -> 0 | AF26: =N26-K26 -> -318.24406 | AG26: =N26/K26 -> 0.8485994
A27: 手工三線 (ET-55) | B27: 義大利麵 | D27: 燻火腿貓耳朵麵 | F27: =VLOOKUP(D27,廠價表!$C$1:$E$41,3,0) -> 58.17 | G27: 3465 | H27: =F27*G27 -> 201559.05 | J27: =VLOOKUP(D27,產線配置圖!$A$3:$C$38,2,0) -> 16 | K27: =VLOOKUP(D27,產線配置圖!$A$3:$C$38,3,0) -> 1565 | L27: =K27/J27 -> 97.8125 | M27: 16 | N27: =G27/W27*60 -> 1506.5217 | O27: =N27/M27 -> 94.157609 | P27: =M27-J27 -> 0 | Q27: =O27-L27 -> -3.6548913 | R27: =O27/L27 -> 0.9626337 | S27: =R37 -> 0.91467807 | T27: 0.29027778 | U27: 0.38611111 | W27: =(U27-T27)*24*60 -> 138 | AF27: =N27-K27 -> -58.478261 | AG27: =N27/K27 -> 0.9626337 | AH27: =AG37 -> 0.91317033
B28: 熱乾麵 | D28: 沙茶豬肉炒麵 | F28: =VLOOKUP(D28,廠價表!$C$1:$E$41,3,0) -> 49.52 | G28: 2240 | H28: =F28*G28 -> 110924.8 | J28: =VLOOKUP(D28,產線配置圖!$A$3:$C$38,2,0) -> 17 | K28: =VLOOKUP(D28,產線配置圖!$A$3:$C$38,3,0) -> 1440 | L28: =K28/J28 -> 84.705882 | M28: 17 | N28: =G28/W28*60 -> 1200 | O28: =N28/M28 -> 70.588235 | P28: =M28-J28 -> 0 | Q28: =O28-L28 -> -14.117647 | R28: =O28/L28 -> 0.83333333 | T28: 0.39166667 | U28: 0.46944444 | V28: =(T28-U27)*24*60 -> 8 | W28: =(U28-T28)*24*60 -> 112 | X28: 0.47916667 | Y28: 0.52083333 | AF28: =N28-K28 -> -240 | AG28: =N28/K28 -> 0.83333333
B29: 義大利麵 | D29: 燻火腿貓耳朵麵 | F29: =VLOOKUP(D29,廠價表!$C$1:$E$41,3,0) -> 58.17 | G29: 2200 | H29: =F29*G29 -> 127974 | J29: =VLOOKUP(D29,產線配置圖!$A$3:$C$38,2,0) -> 16 | K29: =VLOOKUP(D29,產線配置圖!$A$3:$C$38,3,0) -> 1565 | L29: =K29/J29 -> 97.8125 | M29: 16 | N29: =G29/W29*60 -> 1466.6667 | O29: =N29/M29 -> 91.666667 | P29: =M29-J29 -> 0 | Q29: =O29-L29 -> -6.1458333 | R29: =O29/L29 -> 0.9371672 | T29: 0.53125 | U29: 0.59375 | V29: =(T29-U28)*24*60 -> 89 | W29: =(U29-T29)*24*60 -> 90 | AF29: =N29-K29 -> -98.333333 | AG29: =N29/K29 -> 0.9371672
W30: =(U30-T30)*24*60 -> 0 | AF30: =N30-K30 -> 0 | AG30: =N30/K30 -> #DIV/0!
W31: =(U31-T31)*24*60 -> 0 | AF31: =N31-K31 -> 0 | AG31: =N31/K31 -> #DIV/0!
W32: =(U32-T32)*24*60 -> 0
W33: =(U33-T33)*24*60 -> 0
W34: =(U34-T34)*24*60 -> 0
W35: =(U35-T35)*24*60 -> 0
H36: =F36*G36 -> 0 | W36: =(U36-T36)*24*60 -> 0
C37: 4度二組B | D37: 平均 | J37: =AVERAGE(J27:J36) -> 16.333333 | K37: =AVERAGE(K27:K36) -> 1523.3333 | L37: =AVERAGE(L27:L36) -> 93.443627 | M37: =AVERAGE(M27:M36) -> 16.333333 | N37: =AVERAGE(N27:N36) -> 1391.0628 | O37: =AVERAGE(O27:O36) -> 85.470837 | P37: =M37-J37 -> 0 | Q37: =N37-K37 -> -132.27053 | R37: =O37/L37 -> 0.91467807 | Z37: =SUM(Z27:Z36) -> 0 | AA37: =SUM(AA27:AA36) -> 0 | AD37: =SUM(AD27:AD36) -> 0 | AE37: =SUM(AE27:AE36) -> 0 | AF37: =N37-K37 -> -132.27053 | AG37: =N37/K37 -> 0.91317033
A38: 手工四線 (ET-55) | B38: 義大利麵 | D38: 剝皮辣椒雞奶油扁麵 | F38: =VLOOKUP(D38,廠價表!$C$1:$E$41,3,0) -> 56.87 | G38: 1319 | H38: =F38*G38 -> 75011.53 | J38: =VLOOKUP(D38,產線配置圖!$A$3:$C$38,2,0) -> 17 | K38: =VLOOKUP(D38,產線配置圖!$A$3:$C$38,3,0) -> 1565 | L38: =K38/J38 -> 92.058824 | M38: 17 | N38: =G38/W38*60 -> 1319 | O38: =N38/M38 -> 77.588235 | P38: =M38-J38 -> 0 | Q38: =O38-L38 -> -14.470588 | R38: =O38/L38 -> 0.8428115 | S38: =R48 -> 0.85209234 | T38: 0.33680556 | U38: 0.37847222 | W38: =(U38-T38)*24*60 -> 60 | AF38: =N38-K38 -> -246 | AG38: =N38/K38 -> 0.8428115 | AH38: =AG48 -> 0.85209234
B39: 熱乾麵 | D39: 府城鹽水意麵 | F39: =VLOOKUP(D39,廠價表!$C$1:$E$41,3,0) -> 44.3 | G39: 2726 | H39: =F39*G39 -> 120761.8 | J39: =VLOOKUP(D39,產線配置圖!$A$3:$C$38,2,0) -> 17 | K39: 1565 | L39: =K39/J39 -> 92.058824 | M39: 17 | N39: =G39/W39*60 -> 1308.48 | O39: =N39/M39 -> 76.969412 | P39: =M39-J39 -> 0 | Q39: =O39-L39 -> -15.089412 | R39: =O39/L39 -> 0.83608946 | T39: 0.38541667 | U39: 0.47222222 | V39: =(T39-U38)*24*60 -> 10 | W39: =(U39-T39)*24*60 -> 125 | X39: 0.47916667 | Y39: 0.52083333 | AF39: =N39-K39 -> -256.52 | AG39: =N39/K39 -> 0.83608946
B40: 熱乾麵 | D40: 府城鹽水意麵 | F40: =VLOOKUP(D40,廠價表!$C$1:$E$41,3,0) -> 44.3 | G40: 3181 | H40: =F40*G40 -> 140918.3 | J40: =VLOOKUP(D40,產線配置圖!$A$3:$C$38,2,0) -> 17 | K40: 1565 | L40: =K40/J40 -> 92.058824 | M40: 17 | N40: =G40/W40*60 -> 1373.0935 | O40: =N40/M40 -> 80.770207 | P40: =M40-J40 -> 0 | Q40: =O40-L40 -> -11.288616 | R40: =O40/L40 -> 0.87737605 | T40: 0.52777778 | U40: 0.62430556 | V40: =(T40-U39)*24*60 -> 80 | W40: =(U40-T40)*24*60 -> 139 | AF40: =N40-K40 -> -191.90647 | AG40: =N40/K40 -> 0.87737605
W41: =(U41-T41)*24*60 -> 0 | AF41: =N41-K41 -> 0 | AG41: =N41/K41 -> #DIV/0!
W42: =(U42-T42)*24*60 -> 0
W43: =(U43-T43)*24*60 -> 0
W44: =(U44-T44)*24*60 -> 0
W45: =(U45-T45)*24*60 -> 0
W46: =(U46-T46)*24*60 -> 0
H47: =F47*G47 -> 0 | W47: =(U47-T47)*24*60 -> 0
C48: 4度二組C1 | D48: 平均 | J48: =AVERAGE(J38:J47) -> 17 | K48: =AVERAGE(K38:K47) -> 1565 | L48: =AVERAGE(L38:L47) -> 92.058824 | M48: =AVERAGE(M38:M47) -> 17 | N48: =AVERAGE(N38:N47) -> 1333.5245 | O48: =AVERAGE(O38:O47) -> 78.442618 | P48: =M48-J48 -> 0 | Q48: =N48-K48 -> -231.47549 | R48: =O48/L48 -> 0.85209234 | W48: =(U48-T48)*24*60 -> 0 | Z48: =SUM(Z38:Z47) -> 0 | AA48: =SUM(AA38:AA47) -> 0 | AD48: =SUM(AD38:AD47) -> 0 | AE48: =SUM(AE38:AE47) -> 0 | AF48: =N48-K48 -> -231.47549 | AG48: =N48/K48 -> 0.85209234
A49: 手工五線 (ET-55) | B49: 義大利麵 | D49: 惡魔乳酪生義大利麵 | F49: =VLOOKUP(D49,廠價表!$C$1:$E$41,3,0) -> 57.3 | G49: 826 | H49: =F49*G49 -> 47329.8 | J49: =VLOOKUP(D49,產線配置圖!$A$3:$C$38,2,0) -> 14 | K49: =VLOOKUP(D49,產線配置圖!$A$3:$C$38,3,0) -> 1500 | L49: =K49/J49 -> 107.14286 | M49: 16 | N49: =G49/W49*60 -> 1598.7097 | O49: =N49/M49 -> 99.919355 | P49: =M49-J49 -> 2 | Q49: =O49-L49 -> -7.2235023 | R49: =O49/L49 -> 0.93258065 | S49: =R58 -> 0.91555986 | T49: 0.29027778 | U49: 0.31180556 | W49: =(U49-T49)*24*60 -> 31 | AB49: 新進學生加入，教育訓練 | AF49: =N49-K49 -> 98.709677 | AG49: =N49/K49 -> 1.0658065 | AH49: =AG58 -> 0.98896791
B50: 熱乾麵 | D50: 青花椒麻雞肉拌麵 | F50: =VLOOKUP(D50,廠價表!$C$1:$E$41,3,0) -> 49.91 | G50: 2513 | H50: =F50*G50 -> 125423.83 | J50: =VLOOKUP(D50,產線配置圖!$A$3:$C$38,2,0) -> 15 | K50: =VLOOKUP(D50,產線配置圖!$A$3:$C$38,3,0) -> 1565 | L50: =K50/J50 -> 104.33333 | M50: 17 | N50: =G50/W50*60 -> 1449.8077 | O50: =N50/M50 -> 85.282805 | P50: =M50-J50 -> 2 | Q50: =O50-L50 -> -19.050528 | R50: =O50/L50 -> 0.81740708 | T50: 0.31805556 | U50: 0.39027778 | V50: =(T50-U49)*24*60 -> 9 | W50: =(U50-T50)*24*60 -> 104 | AB50: 新進學生加入，教育訓練 | AF50: =N50-K50 -> -115.19231 | AG50: =N50/K50 -> 0.92639469
B51: 義大利麵 | D51: 焗烤起司雙饗筆尖麵 | F51: =VLOOKUP(D51,廠價表!$C$1:$E$41,3,0) -> 49.97 | G51: 3218 | H51: =F51*G51 -> 160803.46 | J51: =VLOOKUP(D51,產線配置圖!$A$3:$C$38,2,0) -> 16 | K51: =VLOOKUP(D51,產線配置圖!$A$3:$C$38,3,0) -> 1714 | L51: =K51/J51 -> 107.125 | M51: 16 | N51: =G51/W51*60 -> 1678.9565 | O51: =N51/M51 -> 104.93478 | P51: =M51-J51 -> 0 | Q51: =O51-L51 -> -2.1902174 | R51: =O51/L51 -> 0.97955456 | T51: 0.39930556 | U51: 0.47916667 | V51: =(T51-U50)*24*60 -> 13 | W51: =(U51-T51)*24*60 -> 115 | AF51: =N51-K51 -> -35.043478 | AG51: =N51/K51 -> 0.97955456
B52: 義大利麵 | D52: 焗烤起司雙饗筆尖麵 | F52: =VLOOKUP(D52,廠價表!$C$1:$E$41,3,0) -> 49.97 | G52: 2682 | H52: =F52*G52 -> 134019.54 | J52: =VLOOKUP(D52,產線配置圖!$A$3:$C$38,2,0) -> 16 | K52: =VLOOKUP(D52,產線配置圖!$A$3:$C$38,3,0) -> 1714 | L52: =K52/J52 -> 107.125 | M52: 17 | N52: =G52/W52*60 -> 1693.8947 | O52: =N52/M52 -> 99.640867 | P52: =M52-J52 -> 1 | Q52: =O52-L52 -> -7.4841331 | R52: =O52/L52 -> 0.93013645 | T52: 0.54652778 | U52: 0.6125 | V52: =(T52-U51)*24*60 -> 97 | W52: =(U52-T52)*24*60 -> 95 | X52: 0.48611111 | Y52: 0.52777778 | AF52: =N52-K52 -> -20.105263 | AG52: =N52/K52 -> 0.98826997
W53: =(U53-T53)*24*60 -> 0 | AF53: =N53-K53 -> 0 | AG53: =N53/K53 -> #DIV/0!
W54: =(U54-T54)*24*60 -> 0
W55: =(U55-T55)*24*60 -> 0
W56: =(U56-T56)*24*60 -> 0
W57: =(U57-T57)*24*60 -> 0
C58: 4度二組C2 | D58: 平均 | J58: =AVERAGE(J49:J57) -> 15.25 | K58: =AVERAGE(K49:K57) -> 1623.25 | L58: =AVERAGE(L49:L57) -> 106.43155 | M58: =AVERAGE(M49:M57) -> 16.5 | N58: =AVERAGE(N49:N57) -> 1605.3422 | O58: =AVERAGE(O49:O57) -> 97.444452 | P58: =M58-J58 -> 1.25 | Q58: =N58-K58 -> -17.907843 | R58: =O58/L58 -> 0.91555986 | Z58: =SUM(Z49:Z57) -> 0 | AA58: =SUM(AA49:AA57) -> 0 | AD58: =SUM(AD49:AD57) -> 0 | AE58: =SUM(AE49:AE57) -> 0 | AF58: =N58-K58 -> -17.907843 | AG58: =N58/K58 -> 0.98896791
A59: 調理包一線 (八爪機) | B59: 小吃、微波 | D59: 小滷青蔬 | F59: =VLOOKUP(D59,廠價表!$C$1:$E$41,3,0) -> 26.99 | G59: 3475 | H59: =F59*G59 -> 93790.25 | J59: =VLOOKUP(D59,產線配置圖!$A$3:$C$38,2,0) -> 13 | K59: =VLOOKUP(D59,產線配置圖!$A$3:$C$38,3,0) -> 1565 | L59: =K59/J59 -> 120.38462 | M59: 14 | N59: =G59/W59*60 -> 1603.8462 | O59: =N59/M59 -> 114.56044 | P59: =M59-J59 -> 1 | Q59: =O59-L59 -> -5.8241758 | R59: =O59/L59 -> 0.95162026 | S59: =R69 -> 0.8817071 | T59: 0.29166667 | U59: 0.38194444 | W59: =(U59-T59)*24*60 -> 130 | AF59: =N59-K59 -> 38.846154 | AG59: =N59/K59 -> 1.0248218 | AH59: =AG69 -> 0.9450864
B60: 小吃、微波 | D60: 起司馬鈴薯 | F60: =VLOOKUP(D60,廠價表!$C$1:$E$41,3,0) -> 28.26 | G60: 1811 | H60: =F60*G60 -> 51178.86 | J60: =VLOOKUP(D60,產線配置圖!$A$3:$C$38,2,0) -> 12 | K60: =VLOOKUP(D60,產線配置圖!$A$3:$C$38,3,0) -> 1565 | L60: =K60/J60 -> 130.41667 | M60: 13 | N60: =G60/W60*60 -> 1621.791 | O60: =N60/M60 -> 124.75316 | P60: =M60-J60 -> 1 | Q60: =O60-L60 -> -5.6635094 | R60: =O60/L60 -> 0.95657373 | T60: 0.39236111 | U60: 0.43888889 | V60: =(T60-U59)*24*60 -> 15 | W60: =(U60-T60)*24*60 -> 67 | AF60: =N60-K60 -> 56.791045 | AG60: =N60/K60 -> 1.0362882
B61: 小吃、微波 | D61: 三杯菇菇米血 | F61: =VLOOKUP(D61,廠價表!$C$1:$E$41,3,0) -> 28.26 | G61: 1551 | H61: =F61*G61 -> 43831.26 | J61: =VLOOKUP(D61,產線配置圖!$A$3:$C$38,2,0) -> 12 | K61: =VLOOKUP(D61,產線配置圖!$A$3:$C$38,3,0) -> 1565 | L61: =K61/J61 -> 130.41667 | M61: 12 | N61: =G61/W61*60 -> 1121.2048 | O61: =N61/M61 -> 93.433735 | P61: =M61-J61 -> 0 | Q61: =O61-L61 -> -36.982932 | R61: =O61/L61 -> 0.7164248 | T61: 0.44930556 | U61: 0.50694444 | V61: =(T61-U60)*24*60 -> 15 | W61: =(U61-T61)*24*60 -> 83 | Z61: 1 | AA61: 5 | AB61: 注醬機塞管清機 | AF61: =N61-K61 -> -443.79518 | AG61: =N61/K61 -> 0.7164248
B62: 小吃、微波 | D62: 麻辣雞心 | F62: =VLOOKUP(D62,廠價表!$C$1:$E$41,3,0) -> 28.26 | G62: 3273 | H62: =F62*G62 -> 92494.98 | J62: =VLOOKUP(D62,產線配置圖!$A$3:$C$38,2,0) -> 9 | K62: =VLOOKUP(D62,產線配置圖!$A$3:$C$38,3,0) -> 1636 | L62: =K62/J62 -> 181.77778 | M62: 10 | N62: =G62/W62*60 -> 1636.5 | O62: =N62/M62 -> 163.65 | P62: =M62-J62 -> 1 | Q62: =O62-L62 -> -18.127778 | R62: =O62/L62 -> 0.90027506 | T62: 0.55902778 | U62: 0.64236111 | V62: =(T62-U61)*24*60 -> 75 | W62: =(U62-T62)*24*60 -> 120 | X62: 0.51388889 | Y62: 0.55555556 | AF62: =N62-K62 -> 0.5 | AG62: =N62/K62 -> 1.0003056
W63: =(U63-T63)*24*60 -> 0
W64: =(U64-T64)*24*60 -> 0
W65: =(U65-T65)*24*60 -> 0
W66: =(U66-T66)*24*60 -> 0
W67: =(U67-T67)*24*60 -> 0
H68: =F68*G68 -> 0 | W68: =(U68-T68)*24*60 -> 0
C69: 4度三組 | D69: 平均 | J69: =AVERAGE(J59:J68) -> 11.5 | K69: =AVERAGE(K59:K68) -> 1582.75 | L69: =AVERAGE(L59:L68) -> 140.74893 | M69: =AVERAGE(M59:M68) -> 12.25 | N69: =AVERAGE(N59:N68) -> 1495.8355 | O69: =AVERAGE(O59:O68) -> 124.09933 | P69: =M69-J69 -> 0.75 | Q69: =N69-K69 -> -86.914496 | R69: =O69/L69 -> 0.8817071 | Z69: =SUM(Z59:Z68) -> 1 | AA69: =SUM(AA59:AA68) -> 5 | AD69: =SUM(AD59:AD68) -> 0 | AE69: =SUM(AE59:AE68) -> 0 | AF69: =N69-K69 -> -86.914496 | AG69: =N69/K69 -> 0.9450864
A70: 調理包二線 (手工) | B70: 小吃、微波 | D70: 麻辣雞心 | F70: =VLOOKUP(D70,廠價表!$C$1:$E$41,3,0) -> 28.26 | G70: 1896 | H70: =F70*G70 -> 53580.96 | J70: =VLOOKUP(D70,產線配置圖!$A$3:$C$38,2,0) -> 9 | K70: =VLOOKUP(D70,產線配置圖!$A$3:$C$38,3,0) -> 1636 | L70: =K70/J70 -> 181.77778 | M70: 9 | N70: =G70/W70*60 -> 1370.6024 | O70: =N70/M70 -> 152.28916 | P70: =M70-J70 -> 0 | Q70: =O70-L70 -> -29.488621 | R70: =O70/L70 -> 0.83777653 | S70: =R79 -> 0.87453323 | T70: 0.33333333 | U70: 0.39097222 | W70: =(U70-T70)*24*60 -> 83 | AF70: =N70-K70 -> -265.39759 | AG70: =N70/K70 -> 0.83777653 | AH70: =AG79 -> 0.92716925
B71: 義大利麵 | D71: 焗烤起司肉醬筆尖麵 | F71: =VLOOKUP(D71,廠價表!$C$1:$E$41,3,0) -> 50.67 | G71: 1519 | H71: =F71*G71 -> 76967.73 | J71: =VLOOKUP(D71,產線配置圖!$A$3:$C$38,2,0) -> 10 | K71: =VLOOKUP(D71,產線配置圖!$A$3:$C$38,3,0) -> 1125 | L71: =K71/J71 -> 112.5 | M71: 12 | N71: =G71/W71*60 -> 1139.25 | O71: =N71/M71 -> 94.9375 | P71: =M71-J71 -> 2 | Q71: =O71-L71 -> -17.5625 | R71: =O71/L71 -> 0.84388889 | T71: 0.39930556 | U71: 0.45486111 | V71: =(T71-U70)*24*60 -> 12 | W71: =(U71-T71)*24*60 -> 80 | AF71: -300.3125 | AG71: 0.80810703
B72: 義大利麵 | D72: 濃拿坡里義大利麵 | F72: =VLOOKUP(D72,廠價表!$C$1:$E$41,3,0) -> 56.43 | G72: 1106 | H72: =F72*G72 -> 62411.58 | J72: =VLOOKUP(D72,產線配置圖!$A$3:$C$38,2,0) -> 16 | K72: =VLOOKUP(D72,產線配置圖!$A$3:$C$38,3,0) -> 1406 | L72: =K72/J72 -> 87.875 | M72: 14 | N72: =G72/W72*60 -> 1206.5455 | O72: =N72/M72 -> 86.181818 | P72: =M72-J72 -> -2 | Q72: =O72-L72 -> -1.6931818 | R72: =O72/L72 -> 0.98073193 | T72: 0.46180556 | U72: 0.5 | V72: =(T72-U71)*24*60 -> 10 | W72: =(U72-T72)*24*60 -> 55 | X72: 0.50694444 | Y72: 0.54861111 | AF72: -130.33333 | AG72: 0.91671991
B73: 義大利麵 | D73: 焗烤起司肉醬筆尖麵 | F73: =VLOOKUP(D73,廠價表!$C$1:$E$41,3,0) -> 50.67 | G73: 1091 | H73: =F73*G73 -> 55280.97 | J73: =VLOOKUP(D73,產線配置圖!$A$3:$C$38,2,0) -> 10 | K73: =VLOOKUP(D73,產線配置圖!$A$3:$C$38,3,0) -> 1125 | L73: =K73/J73 -> 112.5 | M73: 12 | N73: =G73/W73*60 -> 1190.1818 | O73: =N73/M73 -> 99.181818 | P73: =M73-J73 -> 2 | Q73: =O73-L73 -> -13.318182 | R73: =O73/L73 -> 0.88161616 | T73: 0.57638889 | U73: 0.61458333 | V73: =(T73-U72)*24*60 -> 110 | W73: =(U73-T73)*24*60 -> 55
W74: =(U74-T74)*24*60 -> 0
W75: =(U75-T75)*24*60 -> 0
H76: =F76*G76 -> 0 | W76: =(U76-T76)*24*60 -> 0
H77: =F77*G77 -> 0 | W77: =(U77-T77)*24*60 -> 0
H78: =F78*G78 -> 0 | W78: =(U78-T78)*24*60 -> 0
C79: 4度四組 | D79: 平均 | J79: =AVERAGE(J70:J78) -> 11.25 | K79: =AVERAGE(K70:K78) -> 1323 | L79: =AVERAGE(L70:L78) -> 123.66319 | M79: =AVERAGE(M70:M78) -> 11.75 | N79: =AVERAGE(N70:N78) -> 1226.6449 | O79: =AVERAGE(O70:O78) -> 108.14757 | P79: =M79-J79 -> 0.5 | Q79: =N79-K79 -> -96.355079 | R79: =O79/L79 -> 0.87453323 | Z79: =SUM(Z70:Z78) -> 0 | AA79: =SUM(AA70:AA78) -> 0 | AD79: =SUM(AD70:AD78) -> 0 | AE79: =SUM(AE70:AE78) -> 0 | AF79: =N79-K79 -> -96.355079 | AG79: =N79/K79 -> 0.92716925
AJ80: 1.當日出勤人數較多
AJ81: 2.當日出勤人數較少
AJ82: 3.當日出勤熟手較少
AJ83: 4.當日出勤新人較多
AJ84: 5.機台夾盒
AJ85: 6.封膜不順
AJ86: 7.更換膠膜
AJ87: 8.更換碳帶
AJ88: 9.當日熱轉印碳帶異常
AJ89: 10.訂單量過少
AJ90: 11.新品上市，尚未熟悉
AJ91: 12.商品結構，產能較低
AJ92: 13.區域出貨，分段生產

Sheet 0305總 
B1: 長家廠組合室生產人時性分析
B3: 日期 | D3: 46086 | F3: 訂單量 | G3: ='0305'!E1 -> 55438 | I3: 營業額 | J3: ='0305'!G1 -> 2586319.8
B4: 項目 | D4: 3 | F4: ➀ | H4: ➁ | J4: ③ | L4: 異常停線 | N4: 短暫停線
B5: 人時性 | D5: 組合室 | F5: 全溫層 | H5: 義大利麵 | J5: 袋裝小吃、義麵 | L5: 合計次數 | M5: 時間 | N5: 合計次數 | O5: 設備次數
D6: 排關平均 | F6: =AVERAGE(D13:J13) -> 126.48735 | H6: =AVERAGE(D13:H13,J13) -> 124.11042 | J6: =AVERAGE(I13) -> 140.74893 | L6: =SUM(D18:J18) -> 2 | M6: =SUM(D19:J19) -> 15 | N6: =SUM(D20:J20) -> 49 | O6: =SUM(D20:J20) -> 49
D7: 實績平均 | F7: =AVERAGE(D14:J14) -> 108.93302 | H7: =AVERAGE(D14:H14,J14) -> 107.56407 | J7: =AVERAGE(I14) -> 117.14671 | L7: =AVERAGE(K14:L14) -> #DIV/0! | M7: =AVERAGE(L14:M14) -> #DIV/0! | N7: =AVERAGE(M14:N14) -> #DIV/0! | O7: =AVERAGE(N14:O14) -> #DIV/0!
D8: 達成率平均 | F8: =F7/F6 -> 0.86121675 | H8: =H7/H6 -> 0.86668047 | J8: =J7/J6 -> 0.83230974 | L8: =AVERAGE(K15:L15) -> #DIV/0! | M8: =AVERAGE(L15:M15) -> #DIV/0! | N8: =AVERAGE(M15:N15) -> #DIV/0! | O8: =AVERAGE(N15:O15) -> #DIV/0!
J9: ※現行日本鮮食廠以達成率80%為基本(即為現行KPI)
B10: 溫層 | D10: 4度C-各編組展開
B11: 編組 | D11: 1 | E11: 2 | F11: 3 | G11: 4 | H11: 5 | I11: 6 | J11: 7
D12: 自動1線 | E12: 自動2線 | F12: 手工3線 | G12: 手工4線 | H12: 手工5線 | I12: 調理包1線 | J12: 調理包2線
B13: 人時性 | C13: 排關 | D13: =VALUE('0305'!L15) -> 136.33173 | E13: =VALUE('0305'!L26) -> 181.5303 | F13: =VALUE('0305'!L37) -> 93.443627 | G13: =VALUE('0305'!L48) -> 92.058824 | H13: =VALUE('0305'!L58) -> 106.0119 | I13: =VALUE('0305'!L69) -> 140.74893 | J13: ='0305'!L79 -> 135.28611
C14: 實績 | D14: =VALUE('0305'!O15) -> 112.35761 | E14: =VALUE('0305'!O26) -> 150.31985 | F14: =VALUE('0305'!O37) -> 91.591452 | G14: =VALUE('0305'!O48) -> 77.448238 | H14: =VALUE('0305'!O58) -> 93.133288 | I14: =VALUE('0305'!O69) -> 117.14671 | J14: ='0305'!O79 -> 120.53401
C15: 達成率 | D15: =D14/D13 -> 0.82414864 | E15: =E14/E13 -> 0.8280703 | F15: =F14/F13 -> 0.98017868 | G15: =G14/G13 -> 0.84129076 | H15: =H14/H13 -> 0.87851726 | I15: =I14/I13 -> 0.83230974 | J15: ='0305'!S70 -> 0.89095625
B16: 作業 時間 | C16: 開始 | D16: ='0305'!T5 -> 0.29166667 | E16: ='0305'!T16 -> 0.29097222 | F16: ='0305'!T27 -> 0.29027778 | G16: ='0305'!T38 -> 0.33680556 | H16: ='0305'!T49 -> 0.29166667 | I16: ='0305'!T59 -> 0.29027778 | J16: ='0305'!T70 -> 0.33680556
C17: 結束 | D17: 0.60763889 | E17: 0.65069444 | F17: 0.57152778 | G17: 0.49930556 | H17: 0.60763889 | I17: 0.61805556 | J17: 0.71180556
B18: 產線異常 (5分鐘以上) | C18: 次數 | D18: ='0305'!Z15 -> 0 | E18: ='0305'!Z26 -> 0 | F18: ='0305'!Z37 -> 0 | G18: ='0305'!Z48 -> 0 | H18: ='0305'!Z58 -> 0 | I18: ='0305'!Z69 -> 2 | J18: ='0305'!AA79 -> 0
C19: 時間/分 | D19: ='0305'!AA15 -> 0 | E19: ='0305'!AA26 -> 0 | F19: ='0305'!AA37 -> 0 | G19: ='0305'!AA48 -> 0 | H19: ='0305'!AA58 -> 0 | I19: ='0305'!AA69 -> 15 | J19: ='0305'!AB79 -> 0
B20: 短暫停線 (5分鐘以下) | C20: 次數 | D20: ='0305'!AD15 -> 14 | E20: ='0305'!AD26 -> 35 | F20: ='0305'!AD37 -> 0 | G20: ='0305'!AD48 -> 0 | H20: ='0305'!AD58 -> 0 | I20: ='0305'!AD69 -> 0 | J20: ='0305'!AD79 -> 0
C21: 設備次數 | D21: ='0305'!AE15 -> 14 | E21: ='0305'!AE26 -> 35 | F21: ='0305'!AE37 -> 0 | G21: ='0305'!AE48 -> 0 | H21: ='0305'!AE58 -> 0 | I21: ='0305'!AE69 -> 0 | J21: ='0305'!AE79 -> 0
B22: 配置人數 | D22: =VALUE('0305'!M15) -> 14.25 | E22: =VALUE('0305'!M26) -> 11.6 | F22: =VALUE('0305'!M37) -> 15.666667 | G22: =VALUE('0305'!M48) -> 17 | H22: =VALUE('0305'!M58) -> 15.2 | I22: =VALUE('0305'!M69) -> 11.75 | J22: ='0305'!M79 -> 10.6
B23: 主要應用設備 | D23: ET-600 | E23: ET-600 | F23: ET-55 | G23: ET-55 | H23: ET-55 | I23: 八爪機 | J23: 八爪機
B24: 次要應用設備 | H24: 封口機 | J24: 封口機
B25: 備註

Sheet 0305
A1: 長家廠4度C日報分析 | D1: 總生產量 | E1: =SUM(G5:G79) -> 55438 | F1: 營業額 | G1: =SUM(H5:H79) -> 2586319.8 | H1: 出勤人數 | I1: =M15+M26+M48+M58+M69+M79+M37 -> 96.066667 | J1: 產線配置圖 | M1: 生產實績 | P1: 人時性差異分析 | T1: 日報登錄 | Z1: 合計 次數 | AA1: 合計 時間/分 | AB1: 分析說明 | AD1: 合計 次數 | AE1: 合計 設備次數 | AF1: 產能差異分析
A2: 03月05日 星期四 | D2: 人時性 | E2: =AVERAGE(O15,O26,O37,O48,O58,O69,O79) -> 108.93302 | F2: 平均廠價 | G2: =G1/E1 -> 46.652473 | H2: 多次生產數 | I2: =COUNT(I5:I79) -> 0 | Z2: =Z15+Z26+Z37+Z48+Z58+Z69+Z79 -> 2 | AA2: =AA15+AA26+AA37+AA48+AA58+AA69+AA79 -> 15 | AD2: =AD15+AD26+AD37+AD48+AD58+AD69+AD79 -> 49 | AE2: =AE15+AE26+AE37+AE48+AE58+AE69+AE79 -> 49
A3: 線別 | B3: 品類 | D3: 品名 | F3: 廠價 | G3: 生產量 | H3: 營收 | I3: 多次 生產 | J3: 人數 | K3: 產能/時 | L3: 人時性 | M3: 人數 | N3: 產能/時 | O3: 人時性 | P3: 人數 | Q3: 人時性 | R3: 達成率 | S3: 達成率平均 | T3: 生產時間 | V3: 前置、換線時間/分 | W3: 稼動時間/分 | X3: 休息時間 | Z3: 產線異常統計 (5分鐘以上) | AD3: 短暫停線統計 (5分鐘以下) | AF3: 產能/時 | AG3: 達成率 | AH3: 達成率平均
T4: 開始 | U4: 結束 | X4: 開始 | Y4: 結束 | Z4: 次數 | AA4: 時間/分 | AD4: 總次數 | AE4: 設備因素(次數)
A5: 自動一線 (ET-600) | B5: 義大利麵 | D5: 奶油起司蝦仁通心粉 | F5: =VLOOKUP(D5,廠價表!$C$1:$E$41,3,0) -> 47.71 | G5: 2203 | H5: =F5*G5 -> 105105.13 | J5: =VLOOKUP(D5,產線配置圖!$A$3:$C$38,2,0) -> 16 | K5: =VLOOKUP(D5,產線配置圖!$A$3:$C$38,3,0) -> 1636 | L5: =K5/J5 -> 102.25 | M5: 16 | N5: =G5/W5*60 -> 1555.0588 | O5: =N5/M5 -> 97.191176 | P5: =M5-J5 -> 0 | Q5: =O5-L5 -> -5.0588235 | R5: =O5/L5 -> 0.95052495 | S5: =R15 -> 0.82414864 | T5: 0.29166667 | U5: 0.35069444 | W5: =(U5-T5)*24*60 -> 85 | AB5: 新進學生加入，教育訓練 | AF5: =N5-K5 -> -80.941176 | AG5: =N5/K5 -> 0.95052495 | AH5: =AG15 -> 0.82848966
B6: 義大利麵 | D6: 辣味香菜雞肉義大利麵 | F6: =VLOOKUP(D6,廠價表!$C$1:$E$41,3,0) -> 56.28 | G6: 1081 | H6: =F6*G6 -> 60838.68 | J6: =VLOOKUP(D6,產線配置圖!$A$3:$C$38,2,0) -> 15 | K6: =VLOOKUP(D6,產線配置圖!$A$3:$C$38,3,0) -> 1800 | L6: =K6/J6 -> 120 | M6: 15 | N6: =G6/W6*60 -> 1441.3333 | O6: =N6/M6 -> 96.088889 | P6: =M6-J6 -> 0 | Q6: =O6-L6 -> -23.911111 | R6: =O6/L6 -> 0.80074074 | T6: 0.36180556 | U6: 0.39305556 | V6: =(T6-U5)*24*60 -> 16 | W6: =(U6-T6)*24*60 -> 45 | AB6: 新進學生加入，教育訓練 | AF6: =N6-K6 -> -358.66667 | AG6: =N6/K6 -> 0.80074074
B7: 義大利麵 | D7: 奶油培根義大利麵 | F7: =VLOOKUP(D7,廠價表!$C$1:$E$41,3,0) -> 49.14 | G7: 2862 | H7: =F7*G7 -> 140638.68 | J7: =VLOOKUP(D7,產線配置圖!$A$3:$C$38,2,0) -> 13 | K7: =VLOOKUP(D7,產線配置圖!$A$3:$C$38,3,0) -> 2100 | L7: =K7/J7 -> 161.53846 | M7: 13 | N7: =G7/W7*60 -> 1635.4286 | O7: =N7/M7 -> 125.8022 | P7: =M7-J7 -> 0 | Q7: =O7-L7 -> -35.736264 | R7: =O7/L7 -> 0.77877551 | T7: 0.40416667 | U7: 0.47708333 | V7: =(T7-U6)*24*60 -> 16 | W7: =(U7-T7)*24*60 -> 105 | AB7: 新進學生加入，教育訓練 | AF7: =N7-K7 -> -464.57143 | AG7: =N7/K7 -> 0.77877551
B8: 義大利麵 | D8: 奶油培根義大利麵 | F8: =VLOOKUP(D8,廠價表!$C$1:$E$41,3,0) -> 49.14 | G8: 2683 | H8: =F8*G8 -> 131842.62 | J8: =VLOOKUP(D8,產線配置圖!$A$3:$C$38,2,0) -> 13 | K8: =VLOOKUP(D8,產線配置圖!$A$3:$C$38,3,0) -> 2100 | L8: =K8/J8 -> 161.53846 | M8: 13 | N8: =G8/W8*60 -> 1694.5263 | O8: =N8/M8 -> 130.34818 | P8: =M8-J8 -> 0 | Q8: =O8-L8 -> -31.190283 | R8: =O8/L8 -> 0.80691729 | T8: 0.54166667 | U8: 0.60763889 | V8: =(T8-U7)*24*60 -> 93 | W8: =(U8-T8)*24*60 -> 95 | X8: 0.48611111 | Y8: 0.52777778 | AB8: 新進學生加入，教育訓練 | AD8: 14 | AE8: 14 | AF8: =N8-K8 -> -405.47368 | AG8: =N8/K8 -> 0.80691729
W9: =(U9-T9)*24*60 -> 0 | AF9: =N9-K9 -> 0 | AG9: =N9/K9 -> #DIV/0!
W10: =(U10-T10)*24*60 -> 0 | AF10: =N10-K10 -> 0 | AG10: =N10/K10 -> #DIV/0!
W11: =(U11-T11)*24*60 -> 0 | AF11: =N11-K11 -> 0 | AG11: =N11/K11 -> #DIV/0!
W12: =(U12-T12)*24*60 -> 0
W13: =(U13-T13)*24*60 -> 0
W14: =(U14-T14)*24*60 -> 0
C15: 4度一組 | D15: 平均 | J15: =AVERAGE(J5:J14) -> 14.25 | K15: =AVERAGE(K5:K14) -> 1909 | L15: =AVERAGE(L5:L14) -> 136.33173 | M15: =AVERAGE(M5:M14) -> 14.25 | N15: =AVERAGE(N5:N14) -> 1581.5868 | O15: =AVERAGE(O5:O14) -> 112.35761 | P15: =M15-J15 -> 0 | Q15: =O15-L15 -> -23.97412 | R15: =O15/L15 -> 0.82414864 | Z15: =SUM(Z5:Z14) -> 0 | AA15: =SUM(AA5:AA14) -> 0 | AD15: =SUM(AD5:AD14) -> 14 | AE15: =SUM(AE5:AE14) -> 14 | AF15: =N15-K15 -> -327.41324 | AG15: =N15/K15 -> 0.82848966
A16: 自動二線 (ET-600) | B16: 義大利麵 | D16: 白酒蛤蜊義大利麵 | F16: =VLOOKUP(D16,廠價表!$C$1:$E$41,3,0) -> 57.21 | G16: 2210 | H16: =F16*G16 -> 126434.1 | J16: =VLOOKUP(D16,產線配置圖!$A$3:$C$38,2,0) -> 12 | K16: =VLOOKUP(D16,產線配置圖!$A$3:$C$38,3,0) -> 2105 | L16: =K16/J16 -> 175.41667 | M16: 12 | N16: =G16/W16*60 -> 1979.1045 | O16: =N16/M16 -> 164.92537 | P16: =M16-J16 -> 0 | Q16: =O16-L16 -> -10.491294 | R16: =O16/L16 -> 0.94019215 | S16: =R26 -> 0.8280703 | T16: 0.29097222 | U16: 0.3375 | W16: =(U16-T16)*24*60 -> 67 | AB16: 新進學生加入，教育訓練 | AF16: =N16-K16 -> -125.89552 | AG16: =N16/K16 -> 0.94019215 | AH16: =AG26 -> 0.82910374
B17: 義大利麵 | D17: 青醬蛤蜊義大利麵 | F17: =VLOOKUP(D17,廠價表!$C$1:$E$41,3,0) -> 50.67 | G17: 3369 | H17: =F17*G17 -> 170707.23 | J17: =VLOOKUP(D17,產線配置圖!$A$3:$C$38,2,0) -> 12 | K17: =VLOOKUP(D17,產線配置圖!$A$3:$C$38,3,0) -> 2100 | L17: =K17/J17 -> 175 | M17: 12 | N17: =G17/W17*60 -> 1643.4146 | O17: =N17/M17 -> 136.95122 | P17: =M17-J17 -> 0 | Q17: =O17-L17 -> -38.04878 | R17: =O17/L17 -> 0.7825784 | T17: 0.34652778 | U17: 0.43194444 | V17: =(T17-U16)*24*60 -> 13 | W17: =(U17-T17)*24*60 -> 123 | AB17: 新進學生加入，教育訓練 | AF17: =N17-K17 -> -456.58537 | AG17: =N17/K17 -> 0.7825784
B18: 義大利麵 | D18: 義式蕃茄起司義大利麵 | F18: =VLOOKUP(D18,廠價表!$C$1:$E$41,3,0) -> 50.39 | G18: 1465 | H18: =F18*G18 -> 73821.35 | J18: =VLOOKUP(D18,產線配置圖!$A$3:$C$38,2,0) -> 11 | K18: =VLOOKUP(D18,產線配置圖!$A$3:$C$38,3,0) -> 2100 | L18: =K18/J18 -> 190.90909 | M18: 11 | N18: =G18/W18*60 -> 1627.7778 | O18: =N18/M18 -> 147.9798 | P18: =M18-J18 -> 0 | Q18: =O18-L18 -> -42.929293 | R18: =O18/L18 -> 0.77513228 | T18: 0.44097222 | U18: 0.47847222 | V18: =(T18-U17)*24*60 -> 13 | W18: =(U18-T18)*24*60 -> 54 | X18: 0.48611111 | Y18: 0.52777778 | AB18: 新進學生加入，教育訓練 | AF18: =N18-K18 -> -472.22222 | AG18: =N18/K18 -> 0.77513228
B19: 義大利麵 | D19: 義式蕃茄起司義大利麵 | F19: =VLOOKUP(D19,廠價表!$C$1:$E$41,3,0) -> 50.39 | G19: 3144 | H19: =F19*G19 -> 158426.16 | J19: =VLOOKUP(D19,產線配置圖!$A$3:$C$38,2,0) -> 11 | K19: =VLOOKUP(D19,產線配置圖!$A$3:$C$38,3,0) -> 2100 | L19: =K19/J19 -> 190.90909 | M19: 11 | N19: =G19/W19*60 -> 1730.6422 | O19: =N19/M19 -> 157.33111 | P19: =M19-J19 -> 0 | Q19: =O19-L19 -> -33.577982 | R19: =O19/L19 -> 0.82411533 | T19: 0.54166667 | U19: 0.61736111 | V19: =(T19-U18)*24*60 -> 91 | W19: =(U19-T19)*24*60 -> 109 | AB19: 新進學生加入，教育訓練 | AF19: =N19-K19 -> -369.3578 | AG19: =N19/K19 -> 0.82411533
B20: 義大利麵 | D20: 白酒蛤蜊義大利麵 | F20: =VLOOKUP(D20,廠價表!$C$1:$E$41,3,0) -> 57.21 | G20: 982 | H20: =F20*G20 -> 56180.22 | J20: =VLOOKUP(D20,產線配置圖!$A$3:$C$38,2,0) -> 12 | K20: =VLOOKUP(D20,產線配置圖!$A$3:$C$38,3,0) -> 2105 | L20: =K20/J20 -> 175.41667 | M20: 12 | N20: =G20/W20*60 -> 1732.9412 | O20: =N20/M20 -> 144.41176 | P20: =M20-J20 -> 0 | Q20: =O20-L20 -> -31.004902 | R20: =O20/L20 -> 0.82324997 | T20: 0.62708333 | U20: 0.65069444 | V20: =(T20-U19)*24*60 -> 14 | W20: =(U20-T20)*24*60 -> 34 | AB20: 新進學生加入，教育訓練 | AD20: 35 | AE20: 35
W21: =(U21-T21)*24*60 -> 0
W22: 0
W23: =(U23-T23)*24*60 -> 0
H24: =F24*G24 -> 0 | W24: =(U24-T24)*24*60 -> 0
H25: =F25*G25 -> 0 | W25: =(U25-T25)*24*60 -> 0
C26: 4度二組A | D26: 平均 | J26: =AVERAGE(J16:J25) -> 11.6 | K26: =AVERAGE(K16:K25) -> 2102 | L26: =AVERAGE(L16:L25) -> 181.5303 | M26: =AVERAGE(M16:M25) -> 11.6 | N26: =AVERAGE(N16:N25) -> 1742.7761 | O26: =AVERAGE(O16:O25) -> 150.31985 | P26: =M26-J26 -> 0 | Q26: =O26-L26 -> -31.21045 | R26: =O26/L26 -> 0.8280703 | Z26: =SUM(Z16:Z25) -> 0 | AA26: =SUM(AA16:AA25) -> 0 | AD26: =SUM(AD16:AD25) -> 35 | AE26: =SUM(AE16:AE25) -> 35 | AF26: =N26-K26 -> -359.22395 | AG26: =N26/K26 -> 0.82910374
A27: 手工三線 (ET-55) | B27: 義大利麵 | D27: 燻火腿貓耳朵麵 | F27: =VLOOKUP(D27,廠價表!$C$1:$E$41,3,0) -> 58.17 | G27: =3423+103 -> 3526 | H27: =F27*G27 -> 205107.42 | J27: =VLOOKUP(D27,產線配置圖!$A$3:$C$38,2,0) -> 16 | K27: =VLOOKUP(D27,產線配置圖!$A$3:$C$38,3,0) -> 1565 | L27: =K27/J27 -> 97.8125 | M27: 16 | N27: =G27/W27*60 -> 1555.5882 | O27: =N27/M27 -> 97.224265 | P27: =M27-J27 -> 0 | Q27: =O27-L27 -> -0.58823529 | R27: =O27/L27 -> 0.99398609 | S27: =R37 -> 0.98017868 | T27: 0.29027778 | U27: 0.38472222 | W27: =(U27-T27)*24*60 -> 136 | AF27: =N27-K27 -> -9.4117647 | AG27: =N27/K27 -> 0.99398609 | AH27: =AG37 -> 0.94396042
B28: 熱乾麵 | D28: 沙茶豬肉炒麵 | F28: =VLOOKUP(D28,廠價表!$C$1:$E$41,3,0) -> 49.52 | G28: =2146+40 -> 2186 | H28: =F28*G28 -> 108250.72 | J28: =VLOOKUP(D28,產線配置圖!$A$3:$C$38,2,0) -> 17 | K28: =VLOOKUP(D28,產線配置圖!$A$3:$C$38,3,0) -> 1440 | L28: =K28/J28 -> 84.705882 | M28: 15 | N28: =G28/W28*60 -> 1237.3585 | O28: =N28/M28 -> 82.490566 | P28: =M28-J28 -> -2 | Q28: =O28-L28 -> -2.2153163 | R28: =O28/L28 -> 0.97384696 | T28: 0.39097222 | U28: 0.46458333 | V28: =(T28-U27)*24*60 -> 9 | W28: =(U28-T28)*24*60 -> 106 | X28: 0.47916667 | Y28: 0.52083333 | AF28: =N28-K28 -> -202.64151 | AG28: =N28/K28 -> 0.85927673
B29: 義大利麵 | D29: 燻火腿貓耳朵麵 | F29: =VLOOKUP(D29,廠價表!$C$1:$E$41,3,0) -> 58.17 | G29: =1494+103 -> 1597 | H29: =F29*G29 -> 92897.49 | J29: =VLOOKUP(D29,產線配置圖!$A$3:$C$38,2,0) -> 16 | K29: =VLOOKUP(D29,產線配置圖!$A$3:$C$38,3,0) -> 1565 | L29: =K29/J29 -> 97.8125 | M29: 16 | N29: =G29/W29*60 -> 1520.9524 | O29: =N29/M29 -> 95.059524 | P29: =M29-J29 -> 0 | Q29: =O29-L29 -> -2.7529762 | R29: =O29/L29 -> 0.97185456 | T29: 0.52777778 | U29: 0.57152778 | V29: =(T29-U28)*24*60 -> 91 | W29: =(U29-T29)*24*60 -> 63 | AF29: =N29-K29 -> -44.047619 | AG29: =N29/K29 -> 0.97185456
W30: =(U30-T30)*24*60 -> 0 | AF30: =N30-K30 -> 0 | AG30: =N30/K30 -> #DIV/0!
W31: =(U31-T31)*24*60 -> 0 | AF31: =N31-K31 -> 0 | AG31: =N31/K31 -> #DIV/0!
W32: =(U32-T32)*24*60 -> 0
W33: =(U33-T33)*24*60 -> 0
W34: =(U34-T34)*24*60 -> 0
W35: =(U35-T35)*24*60 -> 0
H36: =F36*G36 -> 0 | W36: =(U36-T36)*24*60 -> 0
C37: 4度二組B | D37: 平均 | J37: =AVERAGE(J27:J36) -> 16.333333 | K37: =AVERAGE(K27:K36) -> 1523.3333 | L37: =AVERAGE(L27:L36) -> 93.443627 | M37: =AVERAGE(M27:M36) -> 15.666667 | N37: =AVERAGE(N27:N36) -> 1437.9664 | O37: =AVERAGE(O27:O36) -> 91.591452 | P37: =M37-J37 -> -0.66666667 | Q37: =N37-K37 -> -85.366964 | R37: =O37/L37 -> 0.98017868 | Z37: =SUM(Z27:Z36) -> 0 | AA37: =SUM(AA27:AA36) -> 0 | AD37: =SUM(AD27:AD36) -> 0 | AE37: =SUM(AE27:AE36) -> 0 | AF37: =N37-K37 -> -85.366964 | AG37: =N37/K37 -> 0.94396042
A38: 手工四線 (ET-55) | B38: 義大利麵 | D38: 剝皮辣椒雞奶油扁麵 | F38: =VLOOKUP(D38,廠價表!$C$1:$E$41,3,0) -> 56.87 | G38: =837+400 -> 1237 | H38: =F38*G38 -> 70348.19 | J38: =VLOOKUP(D38,產線配置圖!$A$3:$C$38,2,0) -> 17 | K38: =VLOOKUP(D38,產線配置圖!$A$3:$C$38,3,0) -> 1565 | L38: =K38/J38 -> 92.058824 | M38: 17 | N38: =G38/W38*60 -> 1279.6552 | O38: =N38/M38 -> 75.273834 | P38: =M38-J38 -> 0 | Q38: =O38-L38 -> -16.78499 | R38: =O38/L38 -> 0.81767104 | S38: =R48 -> 0.84129076 | T38: 0.33680556 | U38: 0.37708333 | W38: =(U38-T38)*24*60 -> 58 | AF38: =N38-K38 -> -285.34483 | AG38: =N38/K38 -> 0.81767104 | AH38: =AG48 -> 0.84129076
B39: 熱乾麵 | D39: 府城鹽水意麵 | F39: =VLOOKUP(D39,廠價表!$C$1:$E$41,3,0) -> 44.3 | G39: 3587 | H39: =F39*G39 -> 158904.1 | J39: =VLOOKUP(D39,產線配置圖!$A$3:$C$38,2,0) -> 17 | K39: 1565 | L39: =K39/J39 -> 92.058824 | M39: 17 | N39: =G39/W39*60 -> 1353.5849 | O39: =N39/M39 -> 79.622642 | P39: =M39-J39 -> 0 | Q39: =O39-L39 -> -12.436182 | R39: =O39/L39 -> 0.86491048 | T39: 0.38888889 | U39: 0.49930556 | V39: =(T39-U38)*24*60 -> 17 | W39: =(U39-T39)*24*60 -> 159 | X39: 0.5 | Y39: 0.54166667 | AF39: =N39-K39 -> -211.41509 | AG39: =N39/K39 -> 0.86491048
W40: =(U40-T40)*24*60 -> 0 | AF40: =N40-K40 -> 0 | AG40: =N40/K40 -> #DIV/0!
W41: =(U41-T41)*24*60 -> 0 | AF41: =N41-K41 -> 0 | AG41: =N41/K41 -> #DIV/0!
W42: =(U42-T42)*24*60 -> 0
W43: =(U43-T43)*24*60 -> 0
W44: =(U44-T44)*24*60 -> 0
W45: =(U45-T45)*24*60 -> 0
W46: =(U46-T46)*24*60 -> 0
H47: =F47*G47 -> 0 | W47: =(U47-T47)*24*60 -> 0
C48: 4度二組C1 | D48: 平均 | J48: =AVERAGE(J38:J47) -> 17 | K48: =AVERAGE(K38:K47) -> 1565 | L48: =AVERAGE(L38:L47) -> 92.058824 | M48: =AVERAGE(M38:M47) -> 17 | N48: =AVERAGE(N38:N47) -> 1316.62 | O48: =AVERAGE(O38:O47) -> 77.448238 | P48: =M48-J48 -> 0 | Q48: =N48-K48 -> -248.37996 | R48: =O48/L48 -> 0.84129076 | W48: =(U48-T48)*24*60 -> 0 | Z48: =SUM(Z38:Z47) -> 0 | AA48: =SUM(AA38:AA47) -> 0 | AD48: =SUM(AD38:AD47) -> 0 | AE48: =SUM(AE38:AE47) -> 0 | AF48: =N48-K48 -> -248.37996 | AG48: =N48/K48 -> 0.84129076
A49: 手工五線 (ET-55) | B49: 義大利麵 | D49: 惡魔乳酪生義大利麵 | F49: =VLOOKUP(D49,廠價表!$C$1:$E$41,3,0) -> 57.3 | G49: 745 | H49: =F49*G49 -> 42688.5 | J49: =VLOOKUP(D49,產線配置圖!$A$3:$C$38,2,0) -> 14 | K49: =VLOOKUP(D49,產線配置圖!$A$3:$C$38,3,0) -> 1500 | L49: =K49/J49 -> 107.14286 | M49: 14 | N49: =G49/W49*60 -> 1277.1429 | O49: =N49/M49 -> 91.22449 | P49: =M49-J49 -> 0 | Q49: =O49-L49 -> -15.918367 | R49: =O49/L49 -> 0.85142857 | S49: =R58 -> 0.87851726 | T49: 0.29166667 | U49: 0.31597222 | W49: =(U49-T49)*24*60 -> 35 | AF49: =N49-K49 -> -222.85714 | AG49: =N49/K49 -> 0.85142857 | AH49: =AG58 -> 0.87964495
B50: 熱乾麵 | D50: 青花椒麻雞肉拌麵 | F50: =VLOOKUP(D50,廠價表!$C$1:$E$41,3,0) -> 49.91 | G50: =1043+32 -> 1075 | H50: =F50*G50 -> 53653.25 | J50: =VLOOKUP(D50,產線配置圖!$A$3:$C$38,2,0) -> 15 | K50: =VLOOKUP(D50,產線配置圖!$A$3:$C$38,3,0) -> 1565 | L50: =K50/J50 -> 104.33333 | M50: 15 | N50: =G50/W50*60 -> 1290 | O50: =N50/M50 -> 86 | P50: =M50-J50 -> 0 | Q50: =O50-L50 -> -18.333333 | R50: =O50/L50 -> 0.82428115 | T50: 0.32291667 | U50: 0.35763889 | V50: =(T50-U49)*24*60 -> 10 | W50: =(U50-T50)*24*60 -> 50 | AF50: =N50-K50 -> -275 | AG50: =N50/K50 -> 0.82428115
B51: 義大利麵 | D51: 焗烤起司雙饗筆尖麵 | F51: =VLOOKUP(D51,廠價表!$C$1:$E$41,3,0) -> 49.97 | G51: 4168 | H51: =F51*G51 -> 208274.96 | J51: =VLOOKUP(D51,產線配置圖!$A$3:$C$38,2,0) -> 16 | K51: =VLOOKUP(D51,產線配置圖!$A$3:$C$38,3,0) -> 1714 | L51: =K51/J51 -> 107.125 | M51: 16 | N51: =G51/W51*60 -> 1634.5098 | O51: =N51/M51 -> 102.15686 | P51: =M51-J51 -> 0 | Q51: =O51-L51 -> -4.9681373 | R51: =O51/L51 -> 0.95362299 | T51: 0.36458333 | U51: 0.47083333 | V51: =(T51-U50)*24*60 -> 10 | W51: =(U51-T51)*24*60 -> 153 | AF51: =N51-K51 -> -79.490196 | AG51: =N51/K51 -> 0.95362299
B52: 熱乾麵 | D52: 青花椒麻雞肉拌麵 | F52: =VLOOKUP(D52,廠價表!$C$1:$E$41,3,0) -> 49.91 | G52: 1340 | H52: =F52*G52 -> 66879.4 | J52: =VLOOKUP(D52,產線配置圖!$A$3:$C$38,2,0) -> 15 | K52: =VLOOKUP(D52,產線配置圖!$A$3:$C$38,3,0) -> 1565 | L52: =K52/J52 -> 104.33333 | M52: 15 | N52: =G52/W52*60 -> 1410.5263 | O52: =N52/M52 -> 94.035088 | P52: =M52-J52 -> 0 | Q52: =O52-L52 -> -10.298246 | R52: =O52/L52 -> 0.90129477 | T52: 0.52986111 | U52: 0.56944444 | V52: =(T52-U51)*24*60 -> 85 | W52: =(U52-T52)*24*60 -> 57 | X52: 0.47916667 | Y52: 0.52083333 | AF52: =N52-K52 -> -154.47368 | AG52: =N52/K52 -> 0.90129477
B53: 義大利麵 | D53: 焗烤起司雙饗筆尖麵 | F53: =VLOOKUP(D53,廠價表!$C$1:$E$41,3,0) -> 49.97 | G53: 1107 | H53: =F53*G53 -> 55316.79 | J53: =VLOOKUP(D53,產線配置圖!$A$3:$C$38,2,0) -> 16 | K53: =VLOOKUP(D53,產線配置圖!$A$3:$C$38,3,0) -> 1714 | L53: =K53/J53 -> 107.125 | M53: 16 | N53: =G53/W53*60 -> 1476 | O53: =N53/M53 -> 92.25 | P53: =M53-J53 -> 0 | Q53: =O53-L53 -> -14.875 | R53: =O53/L53 -> 0.86114352 | T53: 0.57638889 | U53: 0.60763889 | W53: =(U53-T53)*24*60 -> 45 | AF53: =N53-K53 -> -238 | AG53: =N53/K53 -> 0.86114352
W54: =(U54-T54)*24*60 -> 0
W55: =(U55-T55)*24*60 -> 0
W56: =(U56-T56)*24*60 -> 0
W57: =(U57-T57)*24*60 -> 0
C58: 4度二組C2 | D58: 平均 | J58: =AVERAGE(J49:J57) -> 15.2 | K58: =AVERAGE(K49:K57) -> 1611.6 | L58: =AVERAGE(L49:L57) -> 106.0119 | M58: =AVERAGE(M49:M57) -> 15.2 | N58: =AVERAGE(N49:N57) -> 1417.6358 | O58: =AVERAGE(O49:O57) -> 93.133288 | P58: =M58-J58 -> 0 | Q58: =N58-K58 -> -193.9642 | R58: =O58/L58 -> 0.87851726 | Z58: =SUM(Z49:Z57) -> 0 | AA58: =SUM(AA49:AA57) -> 0 | AD58: =SUM(AD49:AD57) -> 0 | AE58: =SUM(AE49:AE57) -> 0 | AF58: =N58-K58 -> -193.9642 | AG58: =N58/K58 -> 0.87964495
A59: 調理包一線 (八爪機) | B59: 小吃、微波 | D59: 小滷青蔬 | F59: =VLOOKUP(D59,廠價表!$C$1:$E$41,3,0) -> 26.99 | G59: =3407+85 -> 3492 | H59: =F59*G59 -> 94249.08 | J59: =VLOOKUP(D59,產線配置圖!$A$3:$C$38,2,0) -> 13 | K59: =VLOOKUP(D59,產線配置圖!$A$3:$C$38,3,0) -> 1565 | L59: =K59/J59 -> 120.38462 | M59: 14 | N59: =G59/W59*60 -> 1676.16 | O59: =N59/M59 -> 119.72571 | P59: =M59-J59 -> 1 | Q59: =O59-L59 -> -0.6589011 | R59: =O59/L59 -> 0.9945267 | S59: =R69 -> 0.83230974 | T59: 0.29027778 | U59: 0.37708333 | W59: =(U59-T59)*24*60 -> 125 | AF59: =N59-K59 -> 111.16 | AG59: =N59/K59 -> 1.0710288 | AH59: =AG69 -> 0.85306323
B60: 小吃、微波 | D60: 起司馬鈴薯 | F60: =VLOOKUP(D60,廠價表!$C$1:$E$41,3,0) -> 28.26 | G60: 1672 | H60: =F60*G60 -> 47250.72 | J60: =VLOOKUP(D60,產線配置圖!$A$3:$C$38,2,0) -> 12 | K60: =VLOOKUP(D60,產線配置圖!$A$3:$C$38,3,0) -> 1565 | L60: =K60/J60 -> 130.41667 | M60: 12 | N60: =G60/W60*60 -> 1393.3333 | O60: =N60/M60 -> 116.11111 | P60: =M60-J60 -> 0 | Q60: =O60-L60 -> -14.305556 | R60: =O60/L60 -> 0.89030884 | T60: 0.38402778 | U60: 0.43402778 | V60: =(T60-U59)*24*60 -> 10 | W60: =(U60-T60)*24*60 -> 72 | Z60: 1 | AA60: 10 | AB60: 10:25-10:35注醬機異常 停線 | AF60: =N60-K60 -> -171.66667 | AG60: =N60/K60 -> 0.89030884
B61: 小吃、微波 | D61: 三杯菇菇米血 | F61: =VLOOKUP(D61,廠價表!$C$1:$E$41,3,0) -> 28.26 | G61: 1419 | H61: =F61*G61 -> 40100.94 | J61: =VLOOKUP(D61,產線配置圖!$A$3:$C$38,2,0) -> 12 | K61: =VLOOKUP(D61,產線配置圖!$A$3:$C$38,3,0) -> 1565 | L61: =K61/J61 -> 130.41667 | M61: 12 | N61: =G61/W61*60 -> 946 | O61: =N61/M61 -> 78.833333 | P61: =M61-J61 -> 0 | Q61: =O61-L61 -> -51.583333 | R61: =O61/L61 -> 0.60447284 | T61: 0.44444444 | U61: 0.50694444 | V61: =(T61-U60)*24*60 -> 15 | W61: =(U61-T61)*24*60 -> 90 | Z61: 1 | AA61: 5 | AB61: 八爪機故障 手挖醬作業 | AF61: =N61-K61 -> -619 | AG61: =N61/K61 -> 0.60447284
B62: 小吃、微波 | D62: 麻辣雞心 | F62: =VLOOKUP(D62,廠價表!$C$1:$E$41,3,0) -> 28.26 | G62: =1190+657 -> 1847 | H62: =F62*G62 -> 52196.22 | J62: =VLOOKUP(D62,產線配置圖!$A$3:$C$38,2,0) -> 9 | K62: =VLOOKUP(D62,產線配置圖!$A$3:$C$38,3,0) -> 1636 | L62: =K62/J62 -> 181.77778 | M62: 9 | N62: =G62/W62*60 -> 1385.25 | O62: =N62/M62 -> 153.91667 | P62: =M62-J62 -> 0 | Q62: =O62-L62 -> -27.861111 | R62: =O62/L62 -> 0.84672983 | T62: 0.5625 | U62: 0.61805556 | V62: =(T62-U61)*24*60 -> 80 | W62: =(U62-T62)*24*60 -> 80 | X62: 0.51388889 | Y62: 0.55555556 | AF62: =N62-K62 -> -250.75 | AG62: =N62/K62 -> 0.84672983
W63: =(U63-T63)*24*60 -> 0
W64: =(U64-T64)*24*60 -> 0
W65: =(U65-T65)*24*60 -> 0
W66: =(U66-T66)*24*60 -> 0
W67: =(U67-T67)*24*60 -> 0
H68: =F68*G68 -> 0 | W68: =(U68-T68)*24*60 -> 0
C69: 4度三組 | D69: 平均 | J69: =AVERAGE(J59:J68) -> 11.5 | K69: =AVERAGE(K59:K68) -> 1582.75 | L69: =AVERAGE(L59:L68) -> 140.74893 | M69: =AVERAGE(M59:M68) -> 11.75 | N69: =AVERAGE(N59:N68) -> 1350.1858 | O69: =AVERAGE(O59:O68) -> 117.14671 | P69: =M69-J69 -> 0.25 | Q69: =N69-K69 -> -232.56417 | R69: =O69/L69 -> 0.83230974 | Z69: =SUM(Z59:Z68) -> 2 | AA69: =SUM(AA59:AA68) -> 15 | AD69: =SUM(AD59:AD68) -> 0 | AE69: =SUM(AE59:AE68) -> 0 | AF69: =N69-K69 -> -232.56417 | AG69: =N69/K69 -> 0.85306323
A70: 調理包二線 (手工) | B70: 小吃、微波 | D70: 麻辣雞心 | F70: =VLOOKUP(D70,廠價表!$C$1:$E$41,3,0) -> 28.26 | G70: 2160 | H70: =F70*G70 -> 61041.6 | J70: =VLOOKUP(D70,產線配置圖!$A$3:$C$38,2,0) -> 9 | K70: =VLOOKUP(D70,產線配置圖!$A$3:$C$38,3,0) -> 1636 | L70: =K70/J70 -> 181.77778 | M70: 9 | N70: =G70/W70*60 -> 1364.2105 | O70: =N70/M70 -> 151.57895 | P70: =M70-J70 -> 0 | Q70: =O70-L70 -> -30.19883 | R70: =O70/L70 -> 0.83386951 | S70: =R79 -> 0.89095625 | T70: 0.33680556 | U70: 0.40277778 | W70: =(U70-T70)*24*60 -> 95 | AF70: =N70-K70 -> -271.78947 | AG70: =N70/K70 -> 0.83386951 | AH70: =AG79 -> 0.90243136
B71: 義大利麵 | D71: 焗烤起司肉醬筆尖麵 | F71: =VLOOKUP(D71,廠價表!$C$1:$E$41,3,0) -> 50.67 | G71: 1370 | H71: =F71*G71 -> 69417.9 | J71: =VLOOKUP(D71,產線配置圖!$A$3:$C$38,2,0) -> 10 | K71: =VLOOKUP(D71,產線配置圖!$A$3:$C$38,3,0) -> 1125 | L71: =K71/J71 -> 112.5 | M71: 12 | N71: =G71/W71*60 -> 1264.6154 | O71: =N71/M71 -> 105.38462 | P71: =M71-J71 -> 2 | Q71: =O71-L71 -> -7.1153846 | R71: =O71/L71 -> 0.93675214 | T71: 0.41319444 | U71: 0.45833333 | V71: =(T71-U70)*24*60 -> 15 | W71: =(U71-T71)*24*60 -> 65 | AF71: -300.3125 | AG71: 0.80810703
B72: 義大利麵 | D72: 濃拿坡里義大利麵 | F72: =VLOOKUP(D72,廠價表!$C$1:$E$41,3,0) -> 56.43 | G72: 1080 | H72: =F72*G72 -> 60944.4 | J72: =VLOOKUP(D72,產線配置圖!$A$3:$C$38,2,0) -> 16 | K72: =VLOOKUP(D72,產線配置圖!$A$3:$C$38,3,0) -> 1406 | L72: =K72/J72 -> 87.875 | M72: 12 | N72: =G72/W72*60 -> 996.92308 | O72: =N72/M72 -> 83.076923 | P72: =M72-J72 -> -4 | Q72: =O72-L72 -> -4.7980769 | R72: =O72/L72 -> 0.94539884 | T72: 0.46527778 | U72: 0.51041667 | V72: =(T72-U71)*24*60 -> 10 | W72: =(U72-T72)*24*60 -> 65 | X72: 0.52083333 | Y72: 0.5625 | AF72: -130.33333 | AG72: 0.91671991
B73: 義大利麵 | D73: 焗烤起司肉醬筆尖麵 | F73: =VLOOKUP(D73,廠價表!$C$1:$E$41,3,0) -> 50.67 | G73: 1029 | H73: =F73*G73 -> 52139.43 | J73: =VLOOKUP(D73,產線配置圖!$A$3:$C$38,2,0) -> 10 | K73: =VLOOKUP(D73,產線配置圖!$A$3:$C$38,3,0) -> 1125 | L73: =K73/J73 -> 112.5 | M73: 10 | N73: =G73/W73*60 -> 1122.5455 | O73: =N73/M73 -> 112.25455 | P73: =M73-J73 -> 0 | Q73: =O73-L73 -> -0.24545455 | R73: =O73/L73 -> 0.99781818 | T73: 0.57291667 | U73: 0.61111111 | V73: =(T73-U72)*24*60 -> 90 | W73: =(U73-T73)*24*60 -> 55
B74: 小吃、微波 | D74: 麻辣雞心 | F74: =VLOOKUP(D74,廠價表!$C$1:$E$41,3,0) -> 28.26 | G74: 802 | H74: =F74*G74 -> 22664.52 | J74: =VLOOKUP(D74,產線配置圖!$A$3:$C$38,2,0) -> 9 | K74: =VLOOKUP(D74,產線配置圖!$A$3:$C$38,3,0) -> 1636 | L74: =K74/J74 -> 181.77778 | M74: 10 | N74: =G74/W74*60 -> 1503.75 | O74: =N74/M74 -> 150.375 | P74: =M74-J74 -> 1 | Q74: =O74-L74 -> -31.402778 | R74: =O74/L74 -> 0.82724633 | T74: 0.68958333 | U74: 0.71180556 | V74: =(T74-U73)*24*60 -> 113 | W74: =(U74-T74)*24*60 -> 32
W75: =(U75-T75)*24*60 -> 0
H76: =F76*G76 -> 0 | W76: =(U76-T76)*24*60 -> 0
H77: =F77*G77 -> 0 | W77: =(U77-T77)*24*60 -> 0
H78: =F78*G78 -> 0 | W78: =(U78-T78)*24*60 -> 0
C79: 4度四組 | D79: 平均 | J79: =AVERAGE(J70:J78) -> 10.8 | K79: =AVERAGE(K70:K78) -> 1385.6 | L79: =AVERAGE(L70:L78) -> 135.28611 | M79: =AVERAGE(M70:M78) -> 10.6 | N79: =AVERAGE(N70:N78) -> 1250.4089 | O79: =AVERAGE(O70:O78) -> 120.53401 | P79: =M79-J79 -> -0.2 | Q79: =N79-K79 -> -135.19111 | R79: =O79/L79 -> 0.89095625 | Z79: =SUM(Z70:Z78) -> 0 | AA79: =SUM(AA70:AA78) -> 0 | AD79: =SUM(AD70:AD78) -> 0 | AE79: =SUM(AE70:AE78) -> 0 | AF79: =N79-K79 -> -135.19111 | AG79: =N79/K79 -> 0.90243136
AJ80: 1.當日出勤人數較多
AJ81: 2.當日出勤人數較少
AJ82: 3.當日出勤熟手較少
AJ83: 4.當日出勤新人較多
AJ84: 5.機台夾盒
AJ85: 6.封膜不順
AJ86: 7.更換膠膜
AJ87: 8.更換碳帶
AJ88: 9.當日熱轉印碳帶異常
AJ89: 10.訂單量過少
AJ90: 11.新品上市，尚未熟悉
AJ91: 12.商品結構，產能較低
AJ92: 13.區域出貨，分段生產

Sheet 0306總
B1: 長家廠組合室生產人時性分析
B3: 日期 | D3: 46087 | F3: 訂單量 | G3: ='0306'!E1 -> 51832 | I3: 營業額 | J3: ='0306'!G1 -> 2407053.3
B4: 項目 | D4: 3 | F4: ➀ | H4: ➁ | J4: ③ | L4: 異常停線 | N4: 短暫停線
B5: 人時性 | D5: 組合室 | F5: 全溫層 | H5: 義大利麵 | J5: 袋裝小吃、義麵 | L5: 合計次數 | M5: 時間 | N5: 合計次數 | O5: 設備次數
D6: 排關平均 | F6: =AVERAGE(D13:J13) -> 130.76359 | H6: =AVERAGE(D13:H13,J13) -> 129.09937 | J6: =AVERAGE(I13) -> 140.74893 | L6: =SUM(D18:J18) -> 0 | M6: =SUM(D19:J19) -> 0 | N6: =SUM(D20:J20) -> 18 | O6: =SUM(D20:J20) -> 18
D7: 實績平均 | F7: =AVERAGE(D14:J14) -> 112.4224 | H7: =AVERAGE(D14:H14,J14) -> 112.05291 | J7: =AVERAGE(I14) -> 114.63932 | L7: =AVERAGE(K14:L14) -> #DIV/0! | M7: =AVERAGE(L14:M14) -> #DIV/0! | N7: =AVERAGE(M14:N14) -> #DIV/0! | O7: =AVERAGE(N14:O14) -> #DIV/0!
D8: 達成率平均 | F8: =F7/F6 -> 0.85973773 | H8: =H7/H6 -> 0.86795859 | J8: =J7/J6 -> 0.81449514 | L8: =AVERAGE(K15:L15) -> #DIV/0! | M8: =AVERAGE(L15:M15) -> #DIV/0! | N8: =AVERAGE(M15:N15) -> #DIV/0! | O8: =AVERAGE(N15:O15) -> #DIV/0!
J9: ※現行日本鮮食廠以達成率80%為基本(即為現行KPI)
B10: 溫層 | D10: 4度C-各編組展開
B11: 編組 | D11: 1 | E11: 2 | F11: 3 | G11: 4 | H11: 5 | I11: 6 | J11: 7
D12: 自動1線 | E12: 自動2線 | F12: 手工3線 | G12: 手工4線 | H12: 手工5線 | I12: 調理包1線 | J12: 調理包2線
B13: 人時性 | C13: 排關 | D13: =VALUE('0306'!L15) -> 144.14872 | E13: =VALUE('0306'!L26) -> 183.05871 | F13: =VALUE('0306'!L37) -> 91.259191 | G13: =VALUE('0306'!L48) -> 91.012868 | H13: =VALUE('0306'!L58) -> 106.43155 | I13: =VALUE('0306'!L69) -> 140.74893 | J13: ='0306'!L79 -> 158.68519
C14: 實績 | D14: =VALUE('0306'!O15) -> 123.81243 | E14: =VALUE('0306'!O26) -> 154.06875 | F14: =VALUE('0306'!O37) -> 82.448352 | G14: =VALUE('0306'!O48) -> 76.572091 | H14: =VALUE('0306'!O58) -> 98.46525 | I14: =VALUE('0306'!O69) -> 114.63932 | J14: ='0306'!O79 -> 136.95058
C15: 達成率 | D15: =D14/D13 -> 0.85892149 | E15: =E14/E13 -> 0.8416357 | F15: =F14/F13 -> 0.90345258 | G15: =G14/G13 -> 0.84133258 | H15: =H14/H13 -> 0.92515097 | I15: =I14/I13 -> 0.81449514 | J15: ='0306'!S70 -> 0.86303316
B16: 作業 時間 | C16: 開始 | D16: ='0306'!T5 -> 0.29027778 | E16: ='0306'!T16 -> 0.29027778 | F16: ='0306'!T27 -> 0.29027778 | G16: ='0306'!T38 -> 0.29166667 | H16: ='0306'!T49 -> 0.29027778 | I16: ='0306'!T59 -> 0.29166667 | J16: ='0306'!T70 -> 0.33333333
C17: 結束 | D17: 0.59722222 | E17: 0.59722222 | F17: 0.44513889 | G17: 0.59097222 | H17: 0.57638889 | I17: 0.61805556 | J17: 0.59722222
B18: 產線異常 (5分鐘以上) | C18: 次數 | D18: ='0306'!Z15 -> 0 | E18: ='0306'!Z26 -> 0 | F18: ='0306'!Z37 -> 0 | G18: ='0306'!Z48 -> 0 | H18: ='0306'!Z58 -> 0 | I18: ='0306'!Z69 -> 0 | J18: ='0306'!AA79 -> 0
C19: 時間/分 | D19: ='0306'!AA15 -> 0 | E19: ='0306'!AA26 -> 0 | F19: ='0306'!AA37 -> 0 | G19: ='0306'!AA48 -> 0 | H19: ='0306'!AA58 -> 0 | I19: ='0306'!AA69 -> 0 | J19: ='0306'!AB79 -> 0
B20: 短暫停線 (5分鐘以下) | C20: 次數 | D20: ='0306'!AD15 -> 8 | E20: ='0306'!AD26 -> 9 | F20: ='0306'!AD37 -> 0 | G20: ='0306'!AD48 -> 0 | H20: ='0306'!AD58 -> 0 | I20: ='0306'!AD69 -> 1 | J20: ='0306'!AD79 -> 0
C21: 設備次數 | D21: ='0306'!AE15 -> 8 | E21: ='0306'!AE26 -> 9 | F21: ='0306'!AE37 -> 0 | G21: ='0306'!AE48 -> 0 | H21: ='0306'!AE58 -> 0 | I21: ='0306'!AE69 -> 2 | J21: ='0306'!AE79 -> 0
B22: 配置人數 | D22: =VALUE('0306'!M15) -> 14.6 | E22: =VALUE('0306'!M26) -> 12.5 | F22: =VALUE('0306'!M37) -> 16.5 | G22: =VALUE('0306'!M48) -> 16.75 | H22: =VALUE('0306'!M58) -> 16.5 | I22: =VALUE('0306'!M69) -> 11.25 | J22: ='0306'!M79 -> 9.6666667
B23: 主要應用設備 | D23: ET-600 | E23: ET-600 | F23: ET-55 | G23: ET-55 | H23: ET-55 | I23: 八爪機 | J23: 八爪機
B24: 次要應用設備 | H24: 封口機 | J24: 封口機
B25: 備註

Sheet 0306
A1: 長家廠4度C日報分析 | D1: 總生產量 | E1: =SUM(G5:G79) -> 51832 | F1: 營業額 | G1: =SUM(H5:H79) -> 2407053.3 | H1: 出勤人數 | I1: =M15+M26+M48+M58+M69+M79+M37 -> 97.766667 | J1: 產線配置圖 | M1: 生產實績 | P1: 人時性差異分析 | T1: 日報登錄 | Z1: 合計 次數 | AA1: 合計 時間/分 | AB1: 分析說明 | AD1: 合計 次數 | AE1: 合計 設備次數 | AF1: 產能差異分析
A2: 03月06日 星期五 | D2: 人時性 | E2: =AVERAGE(O15,O26,O37,O48,O58,O69,O79) -> 112.4224 | F2: 平均廠價 | G2: =G1/E1 -> 46.439522 | H2: 多次生產數 | I2: =COUNT(I5:I79) -> 0 | Z2: =Z15+Z26+Z37+Z48+Z58+Z69+Z79 -> 0 | AA2: =AA15+AA26+AA37+AA48+AA58+AA69+AA79 -> 0 | AD2: =AD15+AD26+AD37+AD48+AD58+AD69+AD79 -> 18 | AE2: =AE15+AE26+AE37+AE48+AE58+AE69+AE79 -> 19
A3: 線別 | B3: 品類 | D3: 品名 | F3: 廠價 | G3: 生產量 | H3: 營收 | I3: 多次 生產 | J3: 人數 | K3: 產能/時 | L3: 人時性 | M3: 人數 | N3: 產能/時 | O3: 人時性 | P3: 人數 | Q3: 人時性 | R3: 達成率 | S3: 達成率平均 | T3: 生產時間 | V3: 前置、換線時間/分 | W3: 稼動時間/分 | X3: 休息時間 | Z3: 產線異常統計 (5分鐘以上) | AD3: 短暫停線統計 (5分鐘以下) | AF3: 產能/時 | AG3: 達成率 | AH3: 達成率平均
T4: 開始 | U4: 結束 | X4: 開始 | Y4: 結束 | Z4: 次數 | AA4: 時間/分 | AD4: 總次數 | AE4: 設備因素(次數)
A5: 自動一線 (ET-600) | B5: 義大利麵 | D5: 奶油起司蝦仁通心粉 | F5: =VLOOKUP(D5,廠價表!$C$1:$E$41,3,0) -> 47.71 | G5: =2154+17 -> 2171 | H5: =F5*G5 -> 103578.41 | J5: =VLOOKUP(D5,產線配置圖!$A$3:$C$38,2,0) -> 16 | K5: =VLOOKUP(D5,產線配置圖!$A$3:$C$38,3,0) -> 1636 | L5: =K5/J5 -> 102.25 | M5: 16 | N5: =G5/W5*60 -> 1550.7143 | O5: =N5/M5 -> 96.919643 | P5: =M5-J5 -> 0 | Q5: =O5-L5 -> -5.3303571 | R5: =O5/L5 -> 0.94786937 | S5: =R15 -> 0.85892149 | T5: 0.29027778 | U5: 0.34861111 | W5: =(U5-T5)*24*60 -> 84 | AF5: =N5-K5 -> -85.285714 | AG5: =N5/K5 -> 0.94786937 | AH5: =AG15 -> 0.91510059
B6: 義大利麵 | D6: 辣味香菜雞肉義大利麵 | F6: =VLOOKUP(D6,廠價表!$C$1:$E$41,3,0) -> 56.28 | G6: 1129 | H6: =F6*G6 -> 63540.12 | J6: =VLOOKUP(D6,產線配置圖!$A$3:$C$38,2,0) -> 15 | K6: =VLOOKUP(D6,產線配置圖!$A$3:$C$38,3,0) -> 1800 | L6: =K6/J6 -> 120 | M6: 15 | N6: =G6/W6*60 -> 1505.3333 | O6: =N6/M6 -> 100.35556 | P6: =M6-J6 -> 0 | Q6: =O6-L6 -> -19.644444 | R6: =O6/L6 -> 0.8362963 | T6: 0.35555556 | U6: 0.38680556 | V6: =(T6-U5)*24*60 -> 10 | W6: =(U6-T6)*24*60 -> 45 | AF6: =N6-K6 -> -294.66667 | AG6: =N6/K6 -> 0.8362963
B7: 義大利麵 | D7: 奶油培根義大利麵 | F7: =VLOOKUP(D7,廠價表!$C$1:$E$41,3,0) -> 49.14 | G7: 4179 | H7: =F7*G7 -> 205356.06 | J7: =VLOOKUP(D7,產線配置圖!$A$3:$C$38,2,0) -> 13 | K7: =VLOOKUP(D7,產線配置圖!$A$3:$C$38,3,0) -> 2100 | L7: =K7/J7 -> 161.53846 | M7: 15 | N7: =G7/W7*60 -> 2055.2459 | O7: =N7/M7 -> 137.01639 | P7: =M7-J7 -> 2 | Q7: =O7-L7 -> -24.522068 | R7: =O7/L7 -> 0.84819672 | T7: 0.39375 | U7: 0.47847222 | V7: =(T7-U6)*24*60 -> 10 | W7: =(U7-T7)*24*60 -> 122 | AF7: =N7-K7 -> -44.754098 | AG7: =N7/K7 -> 0.97868852
B8: 義大利麵 | D8: 奶油培根義大利麵 | F8: =VLOOKUP(D8,廠價表!$C$1:$E$41,3,0) -> 49.14 | G8: 1060 | H8: =F8*G8 -> 52088.4 | J8: =VLOOKUP(D8,產線配置圖!$A$3:$C$38,2,0) -> 13 | K8: =VLOOKUP(D8,產線配置圖!$A$3:$C$38,3,0) -> 2100 | L8: =K8/J8 -> 161.53846 | M8: 15 | N8: =G8/W8*60 -> 1927.2727 | O8: =N8/M8 -> 128.48485 | P8: =M8-J8 -> 2 | Q8: =O8-L8 -> -33.053613 | R8: =O8/L8 -> 0.7953824 | T8: 0.54166667 | U8: 0.56458333 | V8: =(T8-U7)*24*60 -> 91 | W8: =(U8-T8)*24*60 -> 33 | X8: 0.48611111 | Y8: 0.52777778 | AB8: 新進學生加入，教育訓練 | AF8: =N8-K8 -> -172.72727 | AG8: =N8/K8 -> 0.91774892
B9: 義大利麵 | D9: 白酒蛤蜊義大利麵 | F9: =VLOOKUP(D9,廠價表!$C$1:$E$41,3,0) -> 57.21 | G9: 1094 | H9: =F9*G9 -> 62587.74 | J9: =VLOOKUP(D9,產線配置圖!$A$3:$C$38,2,0) -> 12 | K9: =VLOOKUP(D9,產線配置圖!$A$3:$C$38,3,0) -> 2105 | L9: =K9/J9 -> 175.41667 | M9: 12 | N9: =G9/W9*60 -> 1875.4286 | O9: =N9/M9 -> 156.28571 | P9: =M9-J9 -> 0 | Q9: =O9-L9 -> -19.130952 | R9: =O9/L9 -> 0.89093994 | T9: 0.57291667 | U9: 0.59722222 | V9: =(T9-U8)*24*60 -> 12 | W9: =(U9-T9)*24*60 -> 35 | AB9: 新進學生加入，教育訓練 | AF9: =N9-K9 -> -229.57143 | AG9: =N9/K9 -> 0.89093994
W10: =(U10-T10)*24*60 -> 0 | AB10: 玉取機停麵 | AD10: 8 | AE10: 8 | AF10: =N10-K10 -> 0 | AG10: =N10/K10 -> #DIV/0!
W11: =(U11-T11)*24*60 -> 0 | AF11: =N11-K11 -> 0 | AG11: =N11/K11 -> #DIV/0!
W12: =(U12-T12)*24*60 -> 0
W13: =(U13-T13)*24*60 -> 0
W14: =(U14-T14)*24*60 -> 0
C15: 4度一組 | D15: 平均 | J15: =AVERAGE(J5:J14) -> 13.8 | K15: =AVERAGE(K5:K14) -> 1948.2 | L15: =AVERAGE(L5:L14) -> 144.14872 | M15: =AVERAGE(M5:M14) -> 14.6 | N15: =AVERAGE(N5:N14) -> 1782.799 | O15: =AVERAGE(O5:O14) -> 123.81243 | P15: =M15-J15 -> 0.8 | Q15: =O15-L15 -> -20.336287 | R15: =O15/L15 -> 0.85892149 | Z15: =SUM(Z5:Z14) -> 0 | AA15: =SUM(AA5:AA14) -> 0 | AD15: =SUM(AD5:AD14) -> 8 | AE15: =SUM(AE5:AE14) -> 8 | AF15: =N15-K15 -> -165.40104 | AG15: =N15/K15 -> 0.91510059
A16: 自動二線 (ET-600) | B16: 義大利麵 | D16: 白酒蛤蜊義大利麵 | F16: =VLOOKUP(D16,廠價表!$C$1:$E$41,3,0) -> 57.21 | G16: 1987 | H16: =F16*G16 -> 113676.27 | J16: =VLOOKUP(D16,產線配置圖!$A$3:$C$38,2,0) -> 12 | K16: =VLOOKUP(D16,產線配置圖!$A$3:$C$38,3,0) -> 2105 | L16: =K16/J16 -> 175.41667 | M16: 12 | N16: =G16/W16*60 -> 1892.381 | O16: =N16/M16 -> 157.69841 | P16: =M16-J16 -> 0 | Q16: =O16-L16 -> -17.718254 | R16: =O16/L16 -> 0.89899333 | S16: =R26 -> 0.8416357 | T16: 0.29027778 | U16: 0.33402778 | W16: =(U16-T16)*24*60 -> 63 | AF16: =N16-K16 -> -212.61905 | AG16: =N16/K16 -> 0.89899333 | AH16: =AG26 -> 0.91755645
B17: 義大利麵 | D17: 青醬蛤蜊義大利麵 | F17: =VLOOKUP(D17,廠價表!$C$1:$E$41,3,0) -> 50.67 | G17: 3517 | H17: =F17*G17 -> 178206.39 | J17: =VLOOKUP(D17,產線配置圖!$A$3:$C$38,2,0) -> 12 | K17: =VLOOKUP(D17,產線配置圖!$A$3:$C$38,3,0) -> 2100 | L17: =K17/J17 -> 175 | M17: 12 | N17: =G17/W17*60 -> 1701.7742 | O17: =N17/M17 -> 141.81452 | P17: =M17-J17 -> 0 | Q17: =O17-L17 -> -33.185484 | R17: =O17/L17 -> 0.81036866 | T17: 0.34375 | U17: 0.42986111 | V17: =(T17-U16)*24*60 -> 14 | W17: =(U17-T17)*24*60 -> 124 | AF17: =N17-K17 -> -398.22581 | AG17: =N17/K17 -> 0.81036866
B18: 義大利麵 | D18: 義式蕃茄起司義大利麵 | F18: =VLOOKUP(D18,廠價表!$C$1:$E$41,3,0) -> 50.39 | G18: 2030 | H18: =F18*G18 -> 102291.7 | J18: =VLOOKUP(D18,產線配置圖!$A$3:$C$38,2,0) -> 11 | K18: =VLOOKUP(D18,產線配置圖!$A$3:$C$38,3,0) -> 2100 | L18: =K18/J18 -> 190.90909 | M18: 13 | N18: =G18/W18*60 -> 2064.4068 | O18: =N18/M18 -> 158.80052 | P18: =M18-J18 -> 2 | Q18: =O18-L18 -> -32.108569 | R18: =O18/L18 -> 0.83181226 | T18: 0.4375 | U18: 0.47847222 | V18: =(T18-U17)*24*60 -> 11 | W18: =(U18-T18)*24*60 -> 59 | X18: 0.48611111 | Y18: 0.52777778 | AB18: 新進學生加入，教育訓練 | AF18: =N18-K18 -> -35.59322 | AG18: =N18/K18 -> 0.98305085
B19: 義大利麵 | D19: 義式蕃茄起司義大利麵 | F19: =VLOOKUP(D19,廠價表!$C$1:$E$41,3,0) -> 50.39 | G19: 2738 | H19: =F19*G19 -> 137967.82 | J19: =VLOOKUP(D19,產線配置圖!$A$3:$C$38,2,0) -> 11 | K19: =VLOOKUP(D19,產線配置圖!$A$3:$C$38,3,0) -> 2100 | L19: =K19/J19 -> 190.90909 | M19: 13 | N19: =G19/W19*60 -> 2053.5 | O19: =N19/M19 -> 157.96154 | P19: =M19-J19 -> 2 | Q19: =O19-L19 -> -32.947552 | R19: =O19/L19 -> 0.82741758 | T19: 0.54166667 | U19: 0.59722222 | V19: =(T19-U18)*24*60 -> 91 | W19: =(U19-T19)*24*60 -> 80 | AB19: 新進學生加入，教育訓練 | AF19: =N19-K19 -> -46.5 | AG19: =N19/K19 -> 0.97785714
W20: =(U20-T20)*24*60 -> 0
W21: =(U21-T21)*24*60 -> 0
W22: 0 | AB22: 玉取機停麵 | AD22: 9 | AE22: 9
W23: =(U23-T23)*24*60 -> 0
H24: =F24*G24 -> 0 | W24: =(U24-T24)*24*60 -> 0
H25: =F25*G25 -> 0 | W25: =(U25-T25)*24*60 -> 0
C26: 4度二組A | D26: 平均 | J26: =AVERAGE(J16:J25) -> 11.5 | K26: =AVERAGE(K16:K25) -> 2101.25 | L26: =AVERAGE(L16:L25) -> 183.05871 | M26: =AVERAGE(M16:M25) -> 12.5 | N26: =AVERAGE(N16:N25) -> 1928.0155 | O26: =AVERAGE(O16:O25) -> 154.06875 | P26: =M26-J26 -> 1 | Q26: =O26-L26 -> -28.989965 | R26: =O26/L26 -> 0.8416357 | Z26: =SUM(Z16:Z25) -> 0 | AA26: =SUM(AA16:AA25) -> 0 | AD26: =SUM(AD16:AD25) -> 9 | AE26: =SUM(AE16:AE25) -> 9 | AF26: =N26-K26 -> -173.23452 | AG26: =N26/K26 -> 0.91755645
A27: 手工三線 (ET-55) | B27: 義大利麵 | D27: 燻火腿貓耳朵麵 | F27: =VLOOKUP(D27,廠價表!$C$1:$E$41,3,0) -> 58.17 | G27: 2894 | H27: =F27*G27 -> 168343.98 | J27: =VLOOKUP(D27,產線配置圖!$A$3:$C$38,2,0) -> 16 | K27: =VLOOKUP(D27,產線配置圖!$A$3:$C$38,3,0) -> 1565 | L27: =K27/J27 -> 97.8125 | M27: 16 | N27: =G27/W27*60 -> 1447 | O27: =N27/M27 -> 90.4375 | P27: =M27-J27 -> 0 | Q27: =O27-L27 -> -7.375 | R27: =O27/L27 -> 0.92460064 | S27: =R37 -> 0.90345258 | T27: 0.29027778 | U27: 0.37361111 | W27: =(U27-T27)*24*60 -> 120 | AF27: =N27-K27 -> -118 | AG27: =N27/K27 -> 0.92460064 | AH27: =AG37 -> 0.90276421
B28: 熱乾麵 | D28: 沙茶豬肉炒麵 | F28: =VLOOKUP(D28,廠價表!$C$1:$E$41,3,0) -> 49.52 | G28: =1896+66 -> 1962 | H28: =F28*G28 -> 97158.24 | J28: =VLOOKUP(D28,產線配置圖!$A$3:$C$38,2,0) -> 17 | K28: =VLOOKUP(D28,產線配置圖!$A$3:$C$38,3,0) -> 1440 | L28: =K28/J28 -> 84.705882 | M28: 17 | N28: =G28/W28*60 -> 1265.8065 | O28: =N28/M28 -> 74.459203 | P28: =M28-J28 -> 0 | Q28: =O28-L28 -> -10.246679 | R28: =O28/L28 -> 0.87903226 | T28: 0.38055556 | U28: 0.44513889 | V28: =(T28-U27)*24*60 -> 10 | W28: =(U28-T28)*24*60 -> 93 | AF28: =N28-K28 -> -174.19355 | AG28: =N28/K28 -> 0.87903226
W29: =(U29-T29)*24*60 -> 0 | AF29: =N29-K29 -> 0 | AG29: =N29/K29 -> #DIV/0!
W30: =(U30-T30)*24*60 -> 0 | AF30: =N30-K30 -> 0 | AG30: =N30/K30 -> #DIV/0!
W31: =(U31-T31)*24*60 -> 0 | AF31: =N31-K31 -> 0 | AG31: =N31/K31 -> #DIV/0!
W32: =(U32-T32)*24*60 -> 0
W33: =(U33-T33)*24*60 -> 0
W34: =(U34-T34)*24*60 -> 0
W35: =(U35-T35)*24*60 -> 0
H36: =F36*G36 -> 0 | W36: =(U36-T36)*24*60 -> 0
C37: 4度二組B | D37: 平均 | J37: =AVERAGE(J27:J36) -> 16.5 | K37: =AVERAGE(K27:K36) -> 1502.5 | L37: =AVERAGE(L27:L36) -> 91.259191 | M37: =AVERAGE(M27:M36) -> 16.5 | N37: =AVERAGE(N27:N36) -> 1356.4032 | O37: =AVERAGE(O27:O36) -> 82.448352 | P37: =M37-J37 -> 0 | Q37: =N37-K37 -> -146.09677 | R37: =O37/L37 -> 0.90345258 | Z37: =SUM(Z27:Z36) -> 0 | AA37: =SUM(AA27:AA36) -> 0 | AD37: =SUM(AD27:AD36) -> 0 | AE37: =SUM(AE27:AE36) -> 0 | AF37: =N37-K37 -> -146.09677 | AG37: =N37/K37 -> 0.90276421
A38: 手工四線 (ET-55) | B38: 義大利麵 | D38: 剝皮辣椒雞奶油扁麵 | F38: =VLOOKUP(D38,廠價表!$C$1:$E$41,3,0) -> 56.87 | G38: 982 | H38: =F38*G38 -> 55846.34 | J38: =VLOOKUP(D38,產線配置圖!$A$3:$C$38,2,0) -> 17 | K38: =VLOOKUP(D38,產線配置圖!$A$3:$C$38,3,0) -> 1565 | L38: =K38/J38 -> 92.058824 | M38: 17 | N38: =G38/W38*60 -> 1309.3333 | O38: =N38/M38 -> 77.019608 | P38: =M38-J38 -> 0 | Q38: =O38-L38 -> -15.039216 | R38: =O38/L38 -> 0.83663472 | S38: =R48 -> 0.84133258 | T38: 0.29166667 | U38: 0.32291667 | W38: =(U38-T38)*24*60 -> 45 | AB38: 7:54-08:09重檢機異常 | AF38: =N38-K38 -> -255.66667 | AG38: =N38/K38 -> 0.83663472 | AH38: =AG48 -> 0.84056962
B39: 義大利麵 | D39: 濃拿坡里義大利麵 | F39: =VLOOKUP(D39,廠價表!$C$1:$E$41,3,0) -> 56.43 | G39: =321+643 -> 964 | H39: =F39*G39 -> 54398.52 | J39: =VLOOKUP(D39,產線配置圖!$A$3:$C$38,2,0) -> 16 | K39: =VLOOKUP(D39,產線配置圖!$A$3:$C$38,3,0) -> 1406 | L39: =K39/J39 -> 87.875 | M39: 16 | N39: =G39/W39*60 -> 1257.3913 | O39: =N39/M39 -> 78.586957 | P39: =M39-J39 -> 0 | Q39: =O39-L39 -> -9.2880435 | R39: =O39/L39 -> 0.89430391 | T39: 0.33055556 | U39: 0.3625 | V39: =(T39-U38)*24*60 -> 11 | W39: =(U39-T39)*24*60 -> 46 | AF39: =N39-K39 -> -148.6087 | AG39: =N39/K39 -> 0.89430391
B40: 熱乾麵 | D40: 府城鹽水意麵 | F40: =VLOOKUP(D40,廠價表!$C$1:$E$41,3,0) -> 44.3 | G40: 3230 | H40: =F40*G40 -> 143089 | J40: =VLOOKUP(D40,產線配置圖!$A$3:$C$38,2,0) -> 17 | K40: 1565 | L40: =K40/J40 -> 92.058824 | M40: 17 | N40: =G40/W40*60 -> 1309.4595 | O40: =N40/M40 -> 77.027027 | P40: =M40-J40 -> 0 | Q40: =O40-L40 -> -15.031797 | R40: =O40/L40 -> 0.83671531 | T40: 0.37152778 | U40: 0.47430556 | V40: =(T40-U39)*24*60 -> 13 | W40: =(U40-T40)*24*60 -> 148 | X40: 0.49305556 | Y40: 0.53472222 | AF40: =N40-K40 -> -255.54054 | AG40: =N40/K40 -> 0.83671531
B41: 熱乾麵 | D41: 府城鹽水意麵 | F41: =VLOOKUP(D41,廠價表!$C$1:$E$41,3,0) -> 44.3 | G41: =450+823 -> 1273 | H41: =F41*G41 -> 56393.9 | J41: =VLOOKUP(D41,產線配置圖!$A$3:$C$38,2,0) -> 17 | K41: 1565 | L41: =K41/J41 -> 92.058824 | M41: 17 | N41: =G41/W41*60 -> 1252.1311 | O41: =N41/M41 -> 73.654773 | P41: =M41-J41 -> 0 | Q41: =O41-L41 -> -18.40405 | R41: =O41/L41 -> 0.8000838 | T41: 0.54861111 | U41: 0.59097222 | V41: =(T41-U40)*24*60 -> 107 | W41: =(U41-T41)*24*60 -> 61 | AF41: =N41-K41 -> -312.86885 | AG41: =N41/K41 -> 0.8000838
W42: =(U42-T42)*24*60 -> 0
W43: =(U43-T43)*24*60 -> 0
W44: =(U44-T44)*24*60 -> 0
W45: =(U45-T45)*24*60 -> 0
W46: =(U46-T46)*24*60 -> 0
H47: =F47*G47 -> 0 | W47: =(U47-T47)*24*60 -> 0
C48: 4度二組C1 | D48: 平均 | J48: =AVERAGE(J38:J47) -> 16.75 | K48: =AVERAGE(K38:K47) -> 1525.25 | L48: =AVERAGE(L38:L47) -> 91.012868 | M48: =AVERAGE(M38:M47) -> 16.75 | N48: =AVERAGE(N38:N47) -> 1282.0788 | O48: =AVERAGE(O38:O47) -> 76.572091 | P48: =M48-J48 -> 0 | Q48: =N48-K48 -> -243.17119 | R48: =O48/L48 -> 0.84133258 | W48: =(U48-T48)*24*60 -> 0 | Z48: =SUM(Z38:Z47) -> 0 | AA48: =SUM(AA38:AA47) -> 0 | AD48: =SUM(AD38:AD47) -> 0 | AE48: =SUM(AE38:AE47) -> 0 | AF48: =N48-K48 -> -243.17119 | AG48: =N48/K48 -> 0.84056962
A49: 手工五線 (ET-55) | B49: 義大利麵 | D49: 惡魔乳酪生義大利麵 | F49: =VLOOKUP(D49,廠價表!$C$1:$E$41,3,0) -> 57.3 | G49: 761 | H49: =F49*G49 -> 43605.3 | J49: =VLOOKUP(D49,產線配置圖!$A$3:$C$38,2,0) -> 14 | K49: =VLOOKUP(D49,產線配置圖!$A$3:$C$38,3,0) -> 1500 | L49: =K49/J49 -> 107.14286 | M49: 16 | N49: =G49/W49*60 -> 1574.4828 | O49: =N49/M49 -> 98.405172 | P49: =M49-J49 -> 2 | Q49: =O49-L49 -> -8.7376847 | R49: =O49/L49 -> 0.91844828 | S49: =R58 -> 0.92515097 | T49: 0.29027778 | U49: 0.31041667 | W49: =(U49-T49)*24*60 -> 29 | AF49: =N49-K49 -> 74.482759 | AG49: =N49/K49 -> 1.0496552 | AH49: =AG58 -> 1.0011221
B50: 熱乾麵 | D50: 青花椒麻雞肉拌麵 | F50: =VLOOKUP(D50,廠價表!$C$1:$E$41,3,0) -> 49.91 | G50: 2275 | H50: =F50*G50 -> 113545.25 | J50: =VLOOKUP(D50,產線配置圖!$A$3:$C$38,2,0) -> 15 | K50: =VLOOKUP(D50,產線配置圖!$A$3:$C$38,3,0) -> 1565 | L50: =K50/J50 -> 104.33333 | M50: 16 | N50: =G50/W50*60 -> 1551.1364 | O50: =N50/M50 -> 96.946023 | P50: =M50-J50 -> 1 | Q50: =O50-L50 -> -7.3873106 | R50: =O50/L50 -> 0.92919511 | T50: 0.31666667 | U50: 0.37777778 | V50: =(T50-U49)*24*60 -> 9 | W50: =(U50-T50)*24*60 -> 88 | AF50: =N50-K50 -> -13.863636 | AG50: =N50/K50 -> 0.99114145
B51: 義大利麵 | D51: 焗烤起司雙饗筆尖麵 | F51: =VLOOKUP(D51,廠價表!$C$1:$E$41,3,0) -> 49.97 | G51: =3592+120 -> 3712 | H51: =F51*G51 -> 185488.64 | J51: =VLOOKUP(D51,產線配置圖!$A$3:$C$38,2,0) -> 16 | K51: =VLOOKUP(D51,產線配置圖!$A$3:$C$38,3,0) -> 1714 | L51: =K51/J51 -> 107.125 | M51: 17 | N51: =G51/W51*60 -> 1740 | O51: =N51/M51 -> 102.35294 | P51: =M51-J51 -> 1 | Q51: =O51-L51 -> -4.7720588 | R51: =O51/L51 -> 0.95545336 | T51: 0.3875 | U51: 0.47638889 | V51: =(T51-U50)*24*60 -> 14 | W51: =(U51-T51)*24*60 -> 128 | AF51: =N51-K51 -> 26 | AG51: =N51/K51 -> 1.0151692
B52: 義大利麵 | D52: 焗烤起司雙饗筆尖麵 | F52: =VLOOKUP(D52,廠價表!$C$1:$E$41,3,0) -> 49.97 | G52: 1226 | H52: =F52*G52 -> 61263.22 | J52: =VLOOKUP(D52,產線配置圖!$A$3:$C$38,2,0) -> 16 | K52: =VLOOKUP(D52,產線配置圖!$A$3:$C$38,3,0) -> 1714 | L52: =K52/J52 -> 107.125 | M52: 17 | N52: =G52/W52*60 -> 1634.6667 | O52: =N52/M52 -> 96.156863 | P52: =M52-J52 -> 1 | Q52: =O52-L52 -> -10.968137 | R52: =O52/L52 -> 0.89761365 | T52: 0.54513889 | U52: 0.57638889 | V52: =(T52-U51)*24*60 -> 99 | W52: =(U52-T52)*24*60 -> 45 | X52: 0.48611111 | Y52: 0.52777778 | AF52: =N52-K52 -> -79.333333 | AG52: =N52/K52 -> 0.95371451
W53: =(U53-T53)*24*60 -> 0 | AF53: =N53-K53 -> 0 | AG53: =N53/K53 -> #DIV/0!
W54: =(U54-T54)*24*60 -> 0
W55: =(U55-T55)*24*60 -> 0
W56: =(U56-T56)*24*60 -> 0
W57: =(U57-T57)*24*60 -> 0
C58: 4度二組C2 | D58: 平均 | J58: =AVERAGE(J49:J57) -> 15.25 | K58: =AVERAGE(K49:K57) -> 1623.25 | L58: =AVERAGE(L49:L57) -> 106.43155 | M58: =AVERAGE(M49:M57) -> 16.5 | N58: =AVERAGE(N49:N57) -> 1625.0714 | O58: =AVERAGE(O49:O57) -> 98.46525 | P58: =M58-J58 -> 1.25 | Q58: =N58-K58 -> 1.8214472 | R58: =O58/L58 -> 0.92515097 | Z58: =SUM(Z49:Z57) -> 0 | AA58: =SUM(AA49:AA57) -> 0 | AD58: =SUM(AD49:AD57) -> 0 | AE58: =SUM(AE49:AE57) -> 0 | AF58: =N58-K58 -> 1.8214472 | AG58: =N58/K58 -> 1.0011221
A59: 調理包一線 (八爪機) | B59: 小吃、微波 | D59: 小滷青蔬 | F59: =VLOOKUP(D59,廠價表!$C$1:$E$41,3,0) -> 26.99 | G59: =3281+10 -> 3291 | H59: =F59*G59 -> 88824.09 | J59: =VLOOKUP(D59,產線配置圖!$A$3:$C$38,2,0) -> 13 | K59: =VLOOKUP(D59,產線配置圖!$A$3:$C$38,3,0) -> 1565 | L59: =K59/J59 -> 120.38462 | M59: 13 | N59: =G59/W59*60 -> 1257.707 | O59: =N59/M59 -> 96.746693 | P59: =M59-J59 -> 0 | Q59: =O59-L59 -> -23.637923 | R59: =O59/L59 -> 0.80364665 | S59: =R69 -> 0.81449514 | T59: 0.29166667 | U59: 0.40069444 | W59: =(U59-T59)*24*60 -> 157 | AF59: =N59-K59 -> -307.29299 | AG59: =N59/K59 -> 0.80364665 | AH59: =AG69 -> 0.79833248
B60: 小吃、微波 | D60: 起司馬鈴薯 | F60: =VLOOKUP(D60,廠價表!$C$1:$E$41,3,0) -> 28.26 | G60: 1492 | H60: =F60*G60 -> 42163.92 | J60: =VLOOKUP(D60,產線配置圖!$A$3:$C$38,2,0) -> 12 | K60: =VLOOKUP(D60,產線配置圖!$A$3:$C$38,3,0) -> 1565 | L60: =K60/J60 -> 130.41667 | M60: 12 | N60: =G60/W60*60 -> 1316.4706 | O60: =N60/M60 -> 109.70588 | P60: =M60-J60 -> 0 | Q60: =O60-L60 -> -20.710784 | R60: =O60/L60 -> 0.84119526 | T60: 0.41111111 | U60: 0.45833333 | V60: =(T60-U59)*24*60 -> 15 | W60: =(U60-T60)*24*60 -> 68 | AF60: =N60-K60 -> -248.52941 | AG60: =N60/K60 -> 0.84119526
B61: 小吃、微波 | D61: 三杯菇菇米血 | F61: =VLOOKUP(D61,廠價表!$C$1:$E$41,3,0) -> 28.26 | G61: 1316 | H61: =F61*G61 -> 37190.16 | J61: =VLOOKUP(D61,產線配置圖!$A$3:$C$38,2,0) -> 12 | K61: =VLOOKUP(D61,產線配置圖!$A$3:$C$38,3,0) -> 1565 | L61: =K61/J61 -> 130.41667 | M61: 11 | N61: =G61/W61*60 -> 1161.1765 | O61: =N61/M61 -> 105.5615 | P61: =M61-J61 -> -1 | Q61: =O61-L61 -> -24.855169 | R61: =O61/L61 -> 0.80941723 | T61: 0.47222222 | U61: 0.51944444 | V61: =(T61-U60)*24*60 -> 20 | W61: =(U61-T61)*24*60 -> 68 | AB61: 11:10-11:20確認半成品 | AD61: 1 | AE61: 2 | AF61: =N61-K61 -> -403.82353 | AG61: =N61/K61 -> 0.7419658
B62: 小吃、微波 | D62: 麻辣雞心 | F62: =VLOOKUP(D62,廠價表!$C$1:$E$41,3,0) -> 28.26 | G62: 1187 | H62: =F62*G62 -> 33544.62 | J62: =VLOOKUP(D62,產線配置圖!$A$3:$C$38,2,0) -> 9 | K62: =VLOOKUP(D62,產線配置圖!$A$3:$C$38,3,0) -> 1636 | L62: =K62/J62 -> 181.77778 | M62: 9 | N62: =G62/W62*60 -> 1318.8889 | O62: =N62/M62 -> 146.54321 | P62: =M62-J62 -> 0 | Q62: =O62-L62 -> -35.234568 | R62: =O62/L62 -> 0.8061668 | T62: 0.58055556 | U62: 0.61805556 | V62: =(T62-U61)*24*60 -> 88 | W62: =(U62-T62)*24*60 -> 54 | X62: 0.52083333 | Y62: 0.5625 | AF62: =N62-K62 -> -317.11111 | AG62: =N62/K62 -> 0.8061668
W63: =(U63-T63)*24*60 -> 0
W64: =(U64-T64)*24*60 -> 0
W65: =(U65-T65)*24*60 -> 0
W66: =(U66-T66)*24*60 -> 0
W67: =(U67-T67)*24*60 -> 0
H68: =F68*G68 -> 0 | W68: =(U68-T68)*24*60 -> 0
C69: 4度三組 | D69: 平均 | J69: =AVERAGE(J59:J68) -> 11.5 | K69: =AVERAGE(K59:K68) -> 1582.75 | L69: =AVERAGE(L59:L68) -> 140.74893 | M69: =AVERAGE(M59:M68) -> 11.25 | N69: =AVERAGE(N59:N68) -> 1263.5607 | O69: =AVERAGE(O59:O68) -> 114.63932 | P69: =M69-J69 -> -0.25 | Q69: =N69-K69 -> -319.18926 | R69: =O69/L69 -> 0.81449514 | Z69: =SUM(Z59:Z68) -> 0 | AA69: =SUM(AA59:AA68) -> 0 | AD69: =SUM(AD59:AD68) -> 1 | AE69: =SUM(AE59:AE68) -> 2 | AF69: =N69-K69 -> -319.18926 | AG69: =N69/K69 -> 0.79833248
A70: 調理包二線 (手工) | B70: 義大利麵 | D70: 焗烤起司肉醬筆尖麵 | F70: =VLOOKUP(D70,廠價表!$C$1:$E$41,3,0) -> 50.67 | G70: =2389+82 -> 2471 | H70: =F70*G70 -> 125205.57 | J70: =VLOOKUP(D70,產線配置圖!$A$3:$C$38,2,0) -> 10 | K70: =VLOOKUP(D70,產線配置圖!$A$3:$C$38,3,0) -> 1125 | L70: =K70/J70 -> 112.5 | M70: 11 | N70: =G70/W70*60 -> 1215.2459 | O70: =N70/M70 -> 110.4769 | P70: =M70-J70 -> 1 | Q70: =O70-L70 -> -2.0230999 | R70: =O70/L70 -> 0.98201689 | S70: =R79 -> 0.86303316 | T70: 0.33333333 | U70: 0.41805556 | W70: =(U70-T70)*24*60 -> 122 | AF70: =N70-K70 -> 90.245902 | AG70: =N70/K70 -> 1.0802186 | AH70: =AG79 -> 0.89120296
B71: 小吃、微波 | D71: 麻辣雞心 | F71: =VLOOKUP(D71,廠價表!$C$1:$E$41,3,0) -> 28.26 | G71: 1886 | H71: =F71*G71 -> 53298.36 | J71: =VLOOKUP(D71,產線配置圖!$A$3:$C$38,2,0) -> 9 | K71: =VLOOKUP(D71,產線配置圖!$A$3:$C$38,3,0) -> 1636 | L71: =K71/J71 -> 181.77778 | M71: 9 | N71: =G71/W71*60 -> 1363.3735 | O71: =N71/M71 -> 151.48594 | P71: =M71-J71 -> 0 | Q71: =O71-L71 -> -30.291834 | R71: =O71/L71 -> 0.83335788 | T71: 0.43888889 | U71: 0.49652778 | V71: =(T71-U70)*24*60 -> 30 | W71: =(U71-T71)*24*60 -> 83 | AF71: -300.3125 | AG71: 0.80810703
B72: 小吃、微波 | D72: 麻辣雞心 | F72: =VLOOKUP(D72,廠價表!$C$1:$E$41,3,0) -> 28.26 | G72: 1005 | H72: =F72*G72 -> 28401.3 | J72: =VLOOKUP(D72,產線配置圖!$A$3:$C$38,2,0) -> 9 | K72: =VLOOKUP(D72,產線配置圖!$A$3:$C$38,3,0) -> 1636 | L72: =K72/J72 -> 181.77778 | M72: 9 | N72: =G72/W72*60 -> 1340 | O72: =N72/M72 -> 148.88889 | P72: =M72-J72 -> 0 | Q72: =O72-L72 -> -32.888889 | R72: =O72/L72 -> 0.8190709 | T72: 0.56597222 | U72: 0.59722222 | V72: =(T72-U71)*24*60 -> 100 | W72: =(U72-T72)*24*60 -> 45 | X72: 0.50694444 | Y72: 5.5486111 | AF72: -130.33333 | AG72: 0.91671991
W73: =(U73-T73)*24*60 -> 0
W74: =(U74-T74)*24*60 -> 0
W75: =(U75-T75)*24*60 -> 0
H76: =F76*G76 -> 0 | W76: =(U76-T76)*24*60 -> 0
H77: =F77*G77 -> 0 | W77: =(U77-T77)*24*60 -> 0
H78: =F78*G78 -> 0 | W78: =(U78-T78)*24*60 -> 0
C79: 4度四組 | D79: 平均 | J79: =AVERAGE(J70:J78) -> 9.3333333 | K79: =AVERAGE(K70:K78) -> 1465.6667 | L79: =AVERAGE(L70:L78) -> 158.68519 | M79: =AVERAGE(M70:M78) -> 9.6666667 | N79: =AVERAGE(N70:N78) -> 1306.2065 | O79: =AVERAGE(O70:O78) -> 136.95058 | P79: =M79-J79 -> 0.33333333 | Q79: =N79-K79 -> -159.4602 | R79: =O79/L79 -> 0.86303316 | Z79: =SUM(Z70:Z78) -> 0 | AA79: =SUM(AA70:AA78) -> 0 | AD79: =SUM(AD70:AD78) -> 0 | AE79: =SUM(AE70:AE78) -> 0 | AF79: =N79-K79 -> -159.4602 | AG79: =N79/K79 -> 0.89120296
AJ80: 1.當日出勤人數較多
AJ81: 2.當日出勤人數較少
AJ82: 3.當日出勤熟手較少
AJ83: 4.當日出勤新人較多
AJ84: 5.機台夾盒
AJ85: 6.封膜不順
AJ86: 7.更換膠膜
AJ87: 8.更換碳帶
AJ88: 9.當日熱轉印碳帶異常
AJ89: 10.訂單量過少
AJ90: 11.新品上市，尚未熟悉
AJ91: 12.商品結構，產能較低
AJ92: 13.區域出貨，分段生產

Sheet 0307總 
B1: 長家廠組合室生產人時性分析
B3: 日期 | D3: 46088 | F3: 訂單量 | G3: ='0307'!E1 -> 55948 | I3: 營業額 | J3: ='0307'!G1 -> 2609486.5
B4: 項目 | D4: 3 | F4: ➀ | H4: ➁ | J4: ③ | L4: 異常停線 | N4: 短暫停線
B5: 人時性 | D5: 組合室 | F5: 全溫層 | H5: 義大利麵 | J5: 袋裝小吃、義麵 | L5: 合計次數 | M5: 時間 | N5: 合計次數 | O5: 設備次數
D6: 排關平均 | F6: =AVERAGE(D13:J13) -> 124.6129 | H6: =AVERAGE(D13:H13,J13) -> 121.92356 | J6: =AVERAGE(I13) -> 140.74893 | L6: =SUM(D18:J18) -> 1 | M6: =SUM(D19:J19) -> 10 | N6: =SUM(D20:J20) -> 0 | O6: =SUM(D20:J20) -> 0
D7: 實績平均 | F7: =AVERAGE(D14:J14) -> 111.63983 | H7: =AVERAGE(D14:H14,J14) -> 109.20762 | J7: =AVERAGE(I14) -> 126.23309 | L7: =AVERAGE(K14:L14) -> #DIV/0! | M7: =AVERAGE(L14:M14) -> #DIV/0! | N7: =AVERAGE(M14:N14) -> #DIV/0! | O7: =AVERAGE(N14:O14) -> #DIV/0!
D8: 達成率平均 | F8: =F7/F6 -> 0.89589305 | H8: =H7/H6 -> 0.89570564 | J8: =J7/J6 -> 0.89686712 | L8: =AVERAGE(K15:L15) -> #DIV/0! | M8: =AVERAGE(L15:M15) -> #DIV/0! | N8: =AVERAGE(M15:N15) -> #DIV/0! | O8: =AVERAGE(N15:O15) -> #DIV/0!
J9: ※現行日本鮮食廠以達成率80%為基本(即為現行KPI)
B10: 溫層 | D10: 4度C-各編組展開
B11: 編組 | D11: 1 | E11: 2 | F11: 3 | G11: 4 | H11: 5 | I11: 6 | J11: 7
D12: 自動1線 | E12: 自動2線 | F12: 手工3線 | G12: 手工4線 | H12: 手工5線 | I12: 調理包1線 | J12: 調理包2線
B13: 人時性 | C13: 排關 | D13: =VALUE('0307'!L15) -> 136.33173 | E13: =VALUE('0307'!L26) -> 181.5303 | F13: =VALUE('0307'!L37) -> 91.525735 | G13: =VALUE('0307'!L48) -> 92.058824 | H13: =VALUE('0307'!L58) -> 106.43155 | I13: =VALUE('0307'!L69) -> 140.74893 | J13: ='0307'!L79 -> 123.66319
C14: 實績 | D14: =VALUE('0307'!O15) -> 128.1963 | E14: =VALUE('0307'!O26) -> 158.4203 | F14: =VALUE('0307'!O37) -> 83.440756 | G14: =VALUE('0307'!O48) -> 77.637329 | H14: =VALUE('0307'!O58) -> 98.741837 | I14: =VALUE('0307'!O69) -> 126.23309 | J14: ='0307'!O79 -> 108.80918
C15: 達成率 | D15: =D14/D13 -> 0.94032619 | E15: =E14/E13 -> 0.87269341 | F15: =F14/F13 -> 0.91166441 | G15: =G14/G13 -> 0.84334479 | H15: =H14/H13 -> 0.9277497 | I15: =I14/I13 -> 0.89686712 | J15: ='0307'!S70 -> 0.87988333
B16: 作業 時間 | C16: 開始 | D16: ='0307'!T5 -> 0.29027778 | E16: ='0307'!T16 -> 0.28958333 | F16: ='0307'!T27 -> 0.29166667 | G16: ='0307'!T38 -> 0.33333333 | H16: ='0307'!T49 -> 0.29166667 | I16: ='0307'!T59 -> 0.29027778 | J16: ='0307'!T70 -> 0.33333333
C17: 結束 | D17: 0.56458333 | E17: 0.6375 | F17: 0.60902778 | G17: 0.48611111 | H17: 0.58819444 | I17: 0.64236111 | J17: 0.61111111
B18: 產線異常 (5分鐘以上) | C18: 次數 | D18: ='0307'!Z15 -> 0 | E18: ='0307'!Z26 -> 0 | F18: ='0307'!Z37 -> 0 | G18: ='0307'!Z48 -> 0 | H18: ='0307'!Z58 -> 1 | I18: ='0307'!Z69 -> 0 | J18: ='0307'!AA79 -> 0
C19: 時間/分 | D19: ='0307'!AA15 -> 0 | E19: ='0307'!AA26 -> 0 | F19: ='0307'!AA37 -> 0 | G19: ='0307'!AA48 -> 0 | H19: ='0307'!AA58 -> 10 | I19: ='0307'!AA69 -> 0 | J19: ='0307'!AB79 -> 0
B20: 短暫停線 (5分鐘以下) | C20: 次數 | D20: ='0307'!AD15 -> 0 | E20: ='0307'!AD26 -> 0 | F20: ='0307'!AD37 -> 0 | G20: ='0307'!AD48 -> 0 | H20: ='0307'!AD58 -> 0 | I20: ='0307'!AD69 -> 0 | J20: ='0307'!AD79 -> 0
C21: 設備次數 | D21: ='0307'!AE15 -> 0 | E21: ='0307'!AE26 -> 0 | F21: ='0307'!AE37 -> 0 | G21: ='0307'!AE48 -> 0 | H21: ='0307'!AE58 -> 0 | I21: ='0307'!AE69 -> 0 | J21: ='0307'!AE79 -> 0
B22: 配置人數 | D22: =VALUE('0307'!M15) -> 14.25 | E22: =VALUE('0307'!M26) -> 11.6 | F22: =VALUE('0307'!M37) -> 16.666667 | G22: =VALUE('0307'!M48) -> 14 | H22: =VALUE('0307'!M58) -> 16.25 | I22: =VALUE('0307'!M69) -> 11.5 | J22: ='0307'!M79 -> 10.75
B23: 主要應用設備 | D23: ET-600 | E23: ET-600 | F23: ET-55 | G23: ET-55 | H23: ET-55 | I23: 八爪機 | J23: 八爪機
B24: 次要應用設備 | H24: 封口機 | J24: 封口機
B25: 備註

Sheet 0307
A1: 長家廠4度C日報分析 | D1: 總生產量 | E1: =SUM(G5:G79) -> 55948 | F1: 營業額 | G1: =SUM(H5:H79) -> 2609486.5 | H1: 出勤人數 | I1: =M15+M26+M48+M58+M69+M79+M37 -> 95.016667 | J1: 產線配置圖 | M1: 生產實績 | P1: 人時性差異分析 | T1: 日報登錄 | Z1: 合計 次數 | AA1: 合計 時間/分 | AB1: 分析說明 | AD1: 合計 次數 | AE1: 合計 設備次數 | AF1: 產能差異分析
A2: 03月07日 星期六 | D2: 人時性 | E2: =AVERAGE(O15,O26,O37,O48,O58,O69,O79) -> 111.63983 | F2: 平均廠價 | G2: =G1/E1 -> 46.641283 | H2: 多次生產數 | I2: =COUNT(I5:I79) -> 0 | Z2: =Z15+Z26+Z37+Z48+Z58+Z69+Z79 -> 1 | AA2: =AA15+AA26+AA37+AA48+AA58+AA69+AA79 -> 10 | AD2: =AD15+AD26+AD37+AD48+AD58+AD69+AD79 -> 0 | AE2: =AE15+AE26+AE37+AE48+AE58+AE69+AE79 -> 0
A3: 線別 | B3: 品類 | D3: 品名 | F3: 廠價 | G3: 生產量 | H3: 營收 | I3: 多次 生產 | J3: 人數 | K3: 產能/時 | L3: 人時性 | M3: 人數 | N3: 產能/時 | O3: 人時性 | P3: 人數 | Q3: 人時性 | R3: 達成率 | S3: 達成率平均 | T3: 生產時間 | V3: 前置、換線時間/分 | W3: 稼動時間/分 | X3: 休息時間 | Z3: 產線異常統計 (5分鐘以上) | AD3: 短暫停線統計 (5分鐘以下) | AF3: 產能/時 | AG3: 達成率 | AH3: 達成率平均
T4: 開始 | U4: 結束 | X4: 開始 | Y4: 結束 | Z4: 次數 | AA4: 時間/分 | AD4: 總次數 | AE4: 設備因素(次數)
A5: 自動一線 (ET-600) | B5: 義大利麵 | D5: 奶油起司蝦仁通心粉 | F5: =VLOOKUP(D5,廠價表!$C$1:$E$41,3,0) -> 47.71 | G5: =2249+13 -> 2262 | H5: =F5*G5 -> 107920.02 | J5: =VLOOKUP(D5,產線配置圖!$A$3:$C$38,2,0) -> 16 | K5: =VLOOKUP(D5,產線配置圖!$A$3:$C$38,3,0) -> 1636 | L5: =K5/J5 -> 102.25 | M5: 16 | N5: =G5/W5*60 -> 1615.7143 | O5: =N5/M5 -> 100.98214 | P5: =M5-J5 -> 0 | Q5: =O5-L5 -> -1.2678571 | R5: =O5/L5 -> 0.98760042 | S5: =R15 -> 0.94032619 | T5: 0.29027778 | U5: 0.34861111 | W5: =(U5-T5)*24*60 -> 84 | AF5: =N5-K5 -> -20.285714 | AG5: =N5/K5 -> 0.98760042 | AH5: =AG15 -> 0.94302935
B6: 義大利麵 | D6: 辣味香菜雞肉義大利麵 | F6: =VLOOKUP(D6,廠價表!$C$1:$E$41,3,0) -> 56.28 | G6: 1275 | H6: =F6*G6 -> 71757 | J6: =VLOOKUP(D6,產線配置圖!$A$3:$C$38,2,0) -> 15 | K6: =VLOOKUP(D6,產線配置圖!$A$3:$C$38,3,0) -> 1800 | L6: =K6/J6 -> 120 | M6: 15 | N6: =G6/W6*60 -> 1738.6364 | O6: =N6/M6 -> 115.90909 | P6: =M6-J6 -> 0 | Q6: =O6-L6 -> -4.0909091 | R6: =O6/L6 -> 0.96590909 | T6: 0.35555556 | U6: 0.38611111 | V6: =(T6-U5)*24*60 -> 10 | W6: =(U6-T6)*24*60 -> 44 | AF6: =N6-K6 -> -61.363636 | AG6: =N6/K6 -> 0.96590909
B7: 義大利麵 | D7: 奶油培根義大利麵 | F7: =VLOOKUP(D7,廠價表!$C$1:$E$41,3,0) -> 49.14 | G7: 4384 | H7: =F7*G7 -> 215429.76 | J7: =VLOOKUP(D7,產線配置圖!$A$3:$C$38,2,0) -> 13 | K7: =VLOOKUP(D7,產線配置圖!$A$3:$C$38,3,0) -> 2100 | L7: =K7/J7 -> 161.53846 | M7: 13 | N7: =G7/W7*60 -> 1962.9851 | O7: =N7/M7 -> 150.99885 | P7: =M7-J7 -> 0 | Q7: =O7-L7 -> -10.53961 | R7: =O7/L7 -> 0.9347548 | T7: 0.39305556 | U7: 0.48611111 | V7: =(T7-U6)*24*60 -> 10 | W7: =(U7-T7)*24*60 -> 134 | AF7: =N7-K7 -> -137.01493 | AG7: =N7/K7 -> 0.9347548
B8: 義大利麵 | D8: 奶油培根義大利麵 | F8: =VLOOKUP(D8,廠價表!$C$1:$E$41,3,0) -> 49.14 | G8: =905+131 -> 1036 | H8: =F8*G8 -> 50909.04 | J8: =VLOOKUP(D8,產線配置圖!$A$3:$C$38,2,0) -> 13 | K8: =VLOOKUP(D8,產線配置圖!$A$3:$C$38,3,0) -> 2100 | L8: =K8/J8 -> 161.53846 | M8: 13 | N8: =G8/W8*60 -> 1883.6364 | O8: =N8/M8 -> 144.8951 | P8: =M8-J8 -> 0 | Q8: =O8-L8 -> -16.643357 | R8: =O8/L8 -> 0.8969697 | T8: 0.54166667 | U8: 0.56458333 | V8: =(T8-U7)*24*60 -> 80 | W8: =(U8-T8)*24*60 -> 33 | X8: 0.49305556 | Y8: 0.53472222 | AF8: =N8-K8 -> -216.36364 | AG8: =N8/K8 -> 0.8969697
W9: =(U9-T9)*24*60 -> 0
W10: =(U10-T10)*24*60 -> 0
W11: =(U11-T11)*24*60 -> 0
W12: =(U12-T12)*24*60 -> 0
W13: =(U13-T13)*24*60 -> 0
W14: =(U14-T14)*24*60 -> 0
C15: 4度一組 | D15: 平均 | J15: =AVERAGE(J5:J14) -> 14.25 | K15: =AVERAGE(K5:K14) -> 1909 | L15: =AVERAGE(L5:L14) -> 136.33173 | M15: =AVERAGE(M5:M14) -> 14.25 | N15: =AVERAGE(N5:N14) -> 1800.243 | O15: =AVERAGE(O5:O14) -> 128.1963 | P15: =M15-J15 -> 0 | Q15: =O15-L15 -> -8.1354331 | R15: =O15/L15 -> 0.94032619 | Z15: =SUM(Z5:Z14) -> 0 | AA15: =SUM(AA5:AA14) -> 0 | AD15: =SUM(AD5:AD14) -> 0 | AE15: =SUM(AE5:AE14) -> 0 | AF15: =N15-K15 -> -108.75698 | AG15: =N15/K15 -> 0.94302935
A16: 自動二線 (ET-600) | B16: 義大利麵 | D16: 白酒蛤蜊義大利麵 | F16: =VLOOKUP(D16,廠價表!$C$1:$E$41,3,0) -> 57.21 | G16: 2337 | H16: =F16*G16 -> 133699.77 | J16: =VLOOKUP(D16,產線配置圖!$A$3:$C$38,2,0) -> 12 | K16: =VLOOKUP(D16,產線配置圖!$A$3:$C$38,3,0) -> 2105 | L16: =K16/J16 -> 175.41667 | M16: 12 | N16: =G16/W16*60 -> 1869.6 | O16: =N16/M16 -> 155.8 | P16: =M16-J16 -> 0 | Q16: =O16-L16 -> -19.616667 | R16: =O16/L16 -> 0.88817102 | S16: =R26 -> 0.87269341 | T16: 0.28958333 | U16: 0.34166667 | W16: =(U16-T16)*24*60 -> 75 | AF16: =N16-K16 -> -235.4 | AG16: =N16/K16 -> 0.88817102 | AH16: =AG26 -> 0.87380525
B17: 義大利麵 | D17: 青醬蛤蜊義大利麵 | F17: =VLOOKUP(D17,廠價表!$C$1:$E$41,3,0) -> 50.67 | G17: 3703 | H17: =F17*G17 -> 187631.01 | J17: =VLOOKUP(D17,產線配置圖!$A$3:$C$38,2,0) -> 12 | K17: =VLOOKUP(D17,產線配置圖!$A$3:$C$38,3,0) -> 2100 | L17: =K17/J17 -> 175 | M17: 12 | N17: =G17/W17*60 -> 1983.75 | O17: =N17/M17 -> 165.3125 | P17: =M17-J17 -> 0 | Q17: =O17-L17 -> -9.6875 | R17: =O17/L17 -> 0.94464286 | T17: 0.34861111 | U17: 0.42638889 | V17: =(T17-U16)*24*60 -> 10 | W17: =(U17-T17)*24*60 -> 112 | AF17: =N17-K17 -> -116.25 | AG17: =N17/K17 -> 0.94464286
B18: 義大利麵 | D18: 義式蕃茄起司義大利麵 | F18: =VLOOKUP(D18,廠價表!$C$1:$E$41,3,0) -> 50.39 | G18: 1998 | H18: =F18*G18 -> 100679.22 | J18: =VLOOKUP(D18,產線配置圖!$A$3:$C$38,2,0) -> 11 | K18: =VLOOKUP(D18,產線配置圖!$A$3:$C$38,3,0) -> 2100 | L18: =K18/J18 -> 190.90909 | M18: 11 | N18: =G18/W18*60 -> 1816.3636 | O18: =N18/M18 -> 165.12397 | P18: =M18-J18 -> 0 | Q18: =O18-L18 -> -25.785124 | R18: =O18/L18 -> 0.86493506 | T18: 0.43333333 | U18: 0.47916667 | V18: =(T18-U17)*24*60 -> 10 | W18: =(U18-T18)*24*60 -> 66 | X18: 0.49305556 | Y18: 0.53472222 | AF18: =N18-K18 -> -283.63636 | AG18: =N18/K18 -> 0.86493506
B19: 義大利麵 | D19: 義式蕃茄起司義大利麵 | F19: =VLOOKUP(D19,廠價表!$C$1:$E$41,3,0) -> 50.39 | G19: 2810 | H19: =F19*G19 -> 141595.9 | J19: =VLOOKUP(D19,產線配置圖!$A$3:$C$38,2,0) -> 11 | K19: =VLOOKUP(D19,產線配置圖!$A$3:$C$38,3,0) -> 2100 | L19: =K19/J19 -> 190.90909 | M19: 11 | N19: =G19/W19*60 -> 1720.4082 | O19: =N19/M19 -> 156.40074 | P19: =M19-J19 -> 0 | Q19: =O19-L19 -> -34.508349 | R19: =O19/L19 -> 0.81924198 | T19: 0.54166667 | U19: 0.60972222 | V19: =(T19-U18)*24*60 -> 90 | W19: =(U19-T19)*24*60 -> 98 | AF19: =N19-K19 -> -379.59184 | AG19: =N19/K19 -> 0.81924198
B20: 義大利麵 | D20: 白酒蛤蜊義大利麵 | F20: =VLOOKUP(D20,廠價表!$C$1:$E$41,3,0) -> 57.21 | G20: 837 | H20: =F20*G20 -> 47884.77 | J20: =VLOOKUP(D20,產線配置圖!$A$3:$C$38,2,0) -> 12 | K20: =VLOOKUP(D20,產線配置圖!$A$3:$C$38,3,0) -> 2105 | L20: =K20/J20 -> 175.41667 | M20: 12 | N20: =G20/W20*60 -> 1793.5714 | O20: =N20/M20 -> 149.46429 | P20: =M20-J20 -> 0 | Q20: =O20-L20 -> -25.952381 | R20: =O20/L20 -> 0.85205294 | T20: 0.61805556 | U20: 0.6375 | V20: =(T20-U19)*24*60 -> 12 | W20: =(U20-T20)*24*60 -> 28
W21: =(U21-T21)*24*60 -> 0
W22: 0
W23: =(U23-T23)*24*60 -> 0
H24: =F24*G24 -> 0 | W24: =(U24-T24)*24*60 -> 0
H25: =F25*G25 -> 0 | W25: =(U25-T25)*24*60 -> 0
C26: 4度二組A | D26: 平均 | J26: =AVERAGE(J16:J25) -> 11.6 | K26: =AVERAGE(K16:K25) -> 2102 | L26: =AVERAGE(L16:L25) -> 181.5303 | M26: =AVERAGE(M16:M25) -> 11.6 | N26: =AVERAGE(N16:N25) -> 1836.7386 | O26: =AVERAGE(O16:O25) -> 158.4203 | P26: =M26-J26 -> 0 | Q26: =O26-L26 -> -23.110004 | R26: =O26/L26 -> 0.87269341 | Z26: =SUM(Z16:Z25) -> 0 | AA26: =SUM(AA16:AA25) -> 0 | AD26: =SUM(AD16:AD25) -> 0 | AE26: =SUM(AE16:AE25) -> 0 | AF26: =N26-K26 -> -265.26135 | AG26: =N26/K26 -> 0.87380525
A27: 手工三線 (ET-55) | B27: 義大利麵 | D27: 燻火腿貓耳朵麵 | F27: =VLOOKUP(D27,廠價表!$C$1:$E$41,3,0) -> 58.17 | G27: =3800+17 -> 3817 | H27: =F27*G27 -> 222034.89 | J27: =VLOOKUP(D27,產線配置圖!$A$3:$C$38,2,0) -> 16 | K27: =VLOOKUP(D27,產線配置圖!$A$3:$C$38,3,0) -> 1565 | L27: =K27/J27 -> 97.8125 | M27: 16 | N27: =G27/W27*60 -> 1468.0769 | O27: =N27/M27 -> 91.754808 | P27: =M27-J27 -> 0 | Q27: =O27-L27 -> -6.0576923 | R27: =O27/L27 -> 0.93806832 | S27: =R37 -> 0.91166441 | T27: 0.29166667 | U27: 0.4 | W27: =(U27-T27)*24*60 -> 156 | AF27: =N27-K27 -> -96.923077 | AG27: =N27/K27 -> 0.93806832 | AH27: =AG37 -> 0.91109928
B28: 熱乾麵 | D28: 沙茶豬肉炒麵 | F28: =VLOOKUP(D28,廠價表!$C$1:$E$41,3,0) -> 49.52 | G28: 2197 | H28: =F28*G28 -> 108795.44 | J28: =VLOOKUP(D28,產線配置圖!$A$3:$C$38,2,0) -> 17 | K28: =VLOOKUP(D28,產線配置圖!$A$3:$C$38,3,0) -> 1440 | L28: =K28/J28 -> 84.705882 | M28: 17 | N28: =G28/W28*60 -> 1318.2 | O28: =N28/M28 -> 77.541176 | P28: =M28-J28 -> 0 | Q28: =O28-L28 -> -7.1647059 | R28: =O28/L28 -> 0.91541667 | T28: 0.40625 | U28: 0.47569444 | V28: =(T28-U27)*24*60 -> 9 | W28: =(U28-T28)*24*60 -> 100 | AF28: =N28-K28 -> -121.8 | AG28: =N28/K28 -> 0.91541667
B29: 熱乾麵 | D29: 府城鹽水意麵 | F29: =VLOOKUP(D29,廠價表!$C$1:$E$41,3,0) -> 44.3 | G29: =2069+89 -> 2158 | H29: =F29*G29 -> 95599.4 | J29: =VLOOKUP(D29,產線配置圖!$A$3:$C$38,2,0) -> 17 | K29: 1565 | L29: =K29/J29 -> 92.058824 | M29: 17 | N29: =G29/W29*60 -> 1377.4468 | O29: =N29/M29 -> 81.026283 | P29: =M29-J29 -> 0 | Q29: =O29-L29 -> -11.032541 | R29: =O29/L29 -> 0.88015771 | T29: 0.54375 | U29: 0.60902778 | V29: =(T29-U28)*24*60 -> 98 | W29: =(U29-T29)*24*60 -> 94 | X29: 0.49305556 | Y29: 0.53472222 | AF29: =N29-K29 -> -187.55319 | AG29: =N29/K29 -> 0.88015771
W30: =(U30-T30)*24*60 -> 0
W31: =(U31-T31)*24*60 -> 0
W32: =(U32-T32)*24*60 -> 0
W33: =(U33-T33)*24*60 -> 0
W34: =(U34-T34)*24*60 -> 0
W35: =(U35-T35)*24*60 -> 0
H36: =F36*G36 -> 0 | W36: =(U36-T36)*24*60 -> 0
C37: 4度二組B | D37: 平均 | J37: =AVERAGE(J27:J36) -> 16.666667 | K37: =AVERAGE(K27:K36) -> 1523.3333 | L37: =AVERAGE(L27:L36) -> 91.525735 | M37: =AVERAGE(M27:M36) -> 16.666667 | N37: =AVERAGE(N27:N36) -> 1387.9079 | O37: =AVERAGE(O27:O36) -> 83.440756 | P37: =M37-J37 -> 0 | Q37: =N37-K37 -> -135.42542 | R37: =O37/L37 -> 0.91166441 | Z37: =SUM(Z27:Z36) -> 0 | AA37: =SUM(AA27:AA36) -> 0 | AD37: =SUM(AD27:AD36) -> 0 | AE37: =SUM(AE27:AE36) -> 0 | AF37: =N37-K37 -> -135.42542 | AG37: =N37/K37 -> 0.91109928
A38: 手工四線 (ET-55) | B38: 義大利麵 | D38: 剝皮辣椒雞奶油扁麵 | F38: =VLOOKUP(D38,廠價表!$C$1:$E$41,3,0) -> 56.87 | G38: 1316 | H38: =F38*G38 -> 74840.92 | J38: =VLOOKUP(D38,產線配置圖!$A$3:$C$38,2,0) -> 17 | K38: =VLOOKUP(D38,產線配置圖!$A$3:$C$38,3,0) -> 1565 | L38: =K38/J38 -> 92.058824 | M38: 14 | N38: =G38/W38*60 -> 1067.027 | O38: =N38/M38 -> 76.216216 | P38: =M38-J38 -> -3 | Q38: =O38-L38 -> -15.842607 | R38: =O38/L38 -> 0.82790778 | S38: =R48 -> 0.84334479 | T38: 0.33333333 | U38: 0.38472222 | W38: =(U38-T38)*24*60 -> 74 | AF38: =N38-K38 -> -497.97297 | AG38: =N38/K38 -> 0.68180641 | AH38: =AG48 -> 0.69451924
B39: 熱乾麵 | D39: 府城鹽水意麵 | F39: =VLOOKUP(D39,廠價表!$C$1:$E$41,3,0) -> 44.3 | G39: 2435 | H39: =F39*G39 -> 107870.5 | J39: =VLOOKUP(D39,產線配置圖!$A$3:$C$38,2,0) -> 17 | K39: 1565 | L39: =K39/J39 -> 92.058824 | M39: 14 | N39: =G39/W39*60 -> 1106.8182 | O39: =N39/M39 -> 79.058442 | P39: =M39-J39 -> -3 | Q39: =O39-L39 -> -13.000382 | R39: =O39/L39 -> 0.85878179 | T39: 0.39444444 | U39: 0.48611111 | V39: =(T39-U38)*24*60 -> 14 | W39: =(U39-T39)*24*60 -> 132 | AF39: =N39-K39 -> -458.18182 | AG39: =N39/K39 -> 0.70723207
W40: =(U40-T40)*24*60 -> 0
W41: =(U41-T41)*24*60 -> 0
W42: =(U42-T42)*24*60 -> 0
W43: =(U43-T43)*24*60 -> 0
W44: =(U44-T44)*24*60 -> 0
W45: =(U45-T45)*24*60 -> 0
W46: =(U46-T46)*24*60 -> 0
H47: =F47*G47 -> 0 | W47: =(U47-T47)*24*60 -> 0
C48: 4度二組C1 | D48: 平均 | J48: =AVERAGE(J38:J47) -> 17 | K48: =AVERAGE(K38:K47) -> 1565 | L48: =AVERAGE(L38:L47) -> 92.058824 | M48: =AVERAGE(M38:M47) -> 14 | N48: =AVERAGE(N38:N47) -> 1086.9226 | O48: =AVERAGE(O38:O47) -> 77.637329 | P48: =M48-J48 -> -3 | Q48: =N48-K48 -> -478.0774 | R48: =O48/L48 -> 0.84334479 | W48: =(U48-T48)*24*60 -> 0 | Z48: =SUM(Z38:Z47) -> 0 | AA48: =SUM(AA38:AA47) -> 0 | AD48: =SUM(AD38:AD47) -> 0 | AE48: =SUM(AE38:AE47) -> 0 | AF48: =N48-K48 -> -478.0774 | AG48: =N48/K48 -> 0.69451924
A49: 手工五線 (ET-55) | B49: 義大利麵 | D49: 惡魔乳酪生義大利麵 | F49: =VLOOKUP(D49,廠價表!$C$1:$E$41,3,0) -> 57.3 | G49: 918 | H49: =F49*G49 -> 52601.4 | J49: =VLOOKUP(D49,產線配置圖!$A$3:$C$38,2,0) -> 14 | K49: =VLOOKUP(D49,產線配置圖!$A$3:$C$38,3,0) -> 1500 | L49: =K49/J49 -> 107.14286 | M49: 17 | N49: =G49/W49*60 -> 1721.25 | O49: =N49/M49 -> 101.25 | P49: =M49-J49 -> 3 | Q49: =O49-L49 -> -5.8928571 | R49: =O49/L49 -> 0.945 | S49: =R58 -> 0.9277497 | T49: 0.29166667 | U49: 0.31388889 | W49: =(U49-T49)*24*60 -> 32 | AF49: =N49-K49 -> 221.25 | AG49: =N49/K49 -> 1.1475 | AH49: =AG58 -> 0.98886917
B50: 熱乾麵 | D50: 青花椒麻雞肉拌麵 | F50: =VLOOKUP(D50,廠價表!$C$1:$E$41,3,0) -> 49.91 | G50: 2440 | H50: =F50*G50 -> 121780.4 | J50: =VLOOKUP(D50,產線配置圖!$A$3:$C$38,2,0) -> 15 | K50: =VLOOKUP(D50,產線配置圖!$A$3:$C$38,3,0) -> 1565 | L50: =K50/J50 -> 104.33333 | M50: 16 | N50: =G50/W50*60 -> 1435.2941 | O50: =N50/M50 -> 89.705882 | P50: =M50-J50 -> 1 | Q50: =O50-L50 -> -14.627451 | R50: =O50/L50 -> 0.85980079 | T50: 0.31944444 | U50: 0.39027778 | V50: =(T50-U49)*24*60 -> 8 | W50: =(U50-T50)*24*60 -> 102 | Z50: 1 | AA50: 10 | AB50: 08:33-08:43停線 | AF50: =N50-K50 -> -129.70588 | AG50: =N50/K50 -> 0.91712084
B51: 義大利麵 | D51: 焗烤起司雙饗筆尖麵 | F51: =VLOOKUP(D51,廠價表!$C$1:$E$41,3,0) -> 49.97 | G51: 3189 | H51: =F51*G51 -> 159354.33 | J51: =VLOOKUP(D51,產線配置圖!$A$3:$C$38,2,0) -> 16 | K51: =VLOOKUP(D51,產線配置圖!$A$3:$C$38,3,0) -> 1714 | L51: =K51/J51 -> 107.125 | M51: 16 | N51: =G51/W51*60 -> 1693.2743 | O51: =N51/M51 -> 105.82965 | P51: =M51-J51 -> 0 | Q51: =O51-L51 -> -1.295354 | R51: =O51/L51 -> 0.98790801 | T51: 0.39861111 | U51: 0.47708333 | V51: =(T51-U50)*24*60 -> 12 | W51: =(U51-T51)*24*60 -> 113 | AF51: =N51-K51 -> -20.725664 | AG51: =N51/K51 -> 0.98790801
B52: 義大利麵 | D52: 焗烤起司雙饗筆尖麵 | F52: =VLOOKUP(D52,廠價表!$C$1:$E$41,3,0) -> 49.97 | G52: =1896+120 -> 2016 | H52: =F52*G52 -> 100739.52 | J52: =VLOOKUP(D52,產線配置圖!$A$3:$C$38,2,0) -> 16 | K52: =VLOOKUP(D52,產線配置圖!$A$3:$C$38,3,0) -> 1714 | L52: =K52/J52 -> 107.125 | M52: 16 | N52: =G52/W52*60 -> 1570.9091 | O52: =N52/M52 -> 98.181818 | P52: =M52-J52 -> 0 | Q52: =O52-L52 -> -8.9431818 | R52: =O52/L52 -> 0.91651639 | T52: 0.53472222 | U52: 0.58819444 | V52: =(T52-U51)*24*60 -> 83 | W52: =(U52-T52)*24*60 -> 77 | X52: 0.48611111 | Y52: 0.52777778 | AF52: =N52-K52 -> -143.09091 | AG52: =N52/K52 -> 0.91651639
W53: =(U53-T53)*24*60 -> 0
W54: =(U54-T54)*24*60 -> 0
W55: =(U55-T55)*24*60 -> 0
W56: =(U56-T56)*24*60 -> 0
W57: =(U57-T57)*24*60 -> 0
C58: 4度二組C2 | D58: 平均 | J58: =AVERAGE(J49:J57) -> 15.25 | K58: =AVERAGE(K49:K57) -> 1623.25 | L58: =AVERAGE(L49:L57) -> 106.43155 | M58: =AVERAGE(M49:M57) -> 16.25 | N58: =AVERAGE(N49:N57) -> 1605.1819 | O58: =AVERAGE(O49:O57) -> 98.741837 | P58: =M58-J58 -> 1 | Q58: =N58-K58 -> -18.068114 | R58: =O58/L58 -> 0.9277497 | Z58: =SUM(Z49:Z57) -> 1 | AA58: =SUM(AA49:AA57) -> 10 | AD58: =SUM(AD49:AD57) -> 0 | AE58: =SUM(AE49:AE57) -> 0 | AF58: =N58-K58 -> -18.068114 | AG58: =N58/K58 -> 0.98886917
A59: 調理包一線 (八爪機) | B59: 小吃、微波 | D59: 小滷青蔬 | F59: =VLOOKUP(D59,廠價表!$C$1:$E$41,3,0) -> 26.99 | G59: 3445 | H59: =F59*G59 -> 92980.55 | J59: =VLOOKUP(D59,產線配置圖!$A$3:$C$38,2,0) -> 13 | K59: =VLOOKUP(D59,產線配置圖!$A$3:$C$38,3,0) -> 1565 | L59: =K59/J59 -> 120.38462 | M59: 13 | N59: =G59/W59*60 -> 1542.5373 | O59: =N59/M59 -> 118.65672 | P59: =M59-J59 -> 0 | Q59: =O59-L59 -> -1.727899 | R59: =O59/L59 -> 0.98564685 | S59: =R69 -> 0.89686712 | T59: 0.29027778 | U59: 0.38333333 | W59: =(U59-T59)*24*60 -> 134 | AF59: =N59-K59 -> -22.462687 | AG59: =N59/K59 -> 0.98564685 | AH59: =AG69 -> 0.9043897
B60: 小吃、微波 | D60: 起司馬鈴薯 | F60: =VLOOKUP(D60,廠價表!$C$1:$E$41,3,0) -> 28.26 | G60: 1717 | H60: =F60*G60 -> 48522.42 | J60: =VLOOKUP(D60,產線配置圖!$A$3:$C$38,2,0) -> 12 | K60: =VLOOKUP(D60,產線配置圖!$A$3:$C$38,3,0) -> 1565 | L60: =K60/J60 -> 130.41667 | M60: 12 | N60: =G60/W60*60 -> 1515 | O60: =N60/M60 -> 126.25 | P60: =M60-J60 -> 0 | Q60: =O60-L60 -> -4.1666667 | R60: =O60/L60 -> 0.96805112 | T60: 0.39375 | U60: 0.44097222 | V60: =(T60-U59)*24*60 -> 15 | W60: =(U60-T60)*24*60 -> 68 | AF60: =N60-K60 -> -50 | AG60: =N60/K60 -> 0.96805112
B61: 小吃、微波 | D61: 三杯菇菇米血 | F61: =VLOOKUP(D61,廠價表!$C$1:$E$41,3,0) -> 28.26 | G61: 1421 | H61: =F61*G61 -> 40157.46 | J61: =VLOOKUP(D61,產線配置圖!$A$3:$C$38,2,0) -> 12 | K61: =VLOOKUP(D61,產線配置圖!$A$3:$C$38,3,0) -> 1565 | L61: =K61/J61 -> 130.41667 | M61: 12 | N61: =G61/W61*60 -> 1311.6923 | O61: =N61/M61 -> 109.30769 | P61: =M61-J61 -> 0 | Q61: =O61-L61 -> -21.108974 | R61: =O61/L61 -> 0.83814205 | T61: 0.45138889 | U61: 0.49652778 | V61: =(T61-U60)*24*60 -> 15 | W61: =(U61-T61)*24*60 -> 65 | AF61: =N61-K61 -> -253.30769 | AG61: =N61/K61 -> 0.83814205
B62: 小吃、微波 | D62: 麻辣雞心 | F62: =VLOOKUP(D62,廠價表!$C$1:$E$41,3,0) -> 28.26 | G62: 2939 | H62: =F62*G62 -> 83056.14 | J62: =VLOOKUP(D62,產線配置圖!$A$3:$C$38,2,0) -> 9 | K62: =VLOOKUP(D62,產線配置圖!$A$3:$C$38,3,0) -> 1636 | L62: =K62/J62 -> 181.77778 | M62: 9 | N62: =G62/W62*60 -> 1356.4615 | O62: =N62/M62 -> 150.71795 | P62: =M62-J62 -> 0 | Q62: =O62-L62 -> -31.059829 | R62: =O62/L62 -> 0.82913297 | T62: 0.55208333 | U62: 0.64236111 | V62: =(T62-U61)*24*60 -> 80 | W62: =(U62-T62)*24*60 -> 130 | X62: 0.50347222 | Y62: 0.54513889 | AF62: =N62-K62 -> -279.53846 | AG62: =N62/K62 -> 0.82913297
W63: =(U63-T63)*24*60 -> 0
W64: =(U64-T64)*24*60 -> 0
W65: =(U65-T65)*24*60 -> 0
W66: =(U66-T66)*24*60 -> 0
W67: =(U67-T67)*24*60 -> 0
H68: =F68*G68 -> 0 | W68: =(U68-T68)*24*60 -> 0
C69: 4度三組 | D69: 平均 | J69: =AVERAGE(J59:J68) -> 11.5 | K69: =AVERAGE(K59:K68) -> 1582.75 | L69: =AVERAGE(L59:L68) -> 140.74893 | M69: =AVERAGE(M59:M68) -> 11.5 | N69: =AVERAGE(N59:N68) -> 1431.4228 | O69: =AVERAGE(O59:O68) -> 126.23309 | P69: =M69-J69 -> 0 | Q69: =N69-K69 -> -151.32721 | R69: =O69/L69 -> 0.89686712 | Z69: =SUM(Z59:Z68) -> 0 | AA69: =SUM(AA59:AA68) -> 0 | AD69: =SUM(AD59:AD68) -> 0 | AE69: =SUM(AE59:AE68) -> 0 | AF69: =N69-K69 -> -151.32721 | AG69: =N69/K69 -> 0.9043897
A70: 調理包二線 (手工) | B70: 義大利麵 | D70: 焗烤起司肉醬筆尖麵 | F70: =VLOOKUP(D70,廠價表!$C$1:$E$41,3,0) -> 50.67 | G70: 1466 | H70: =F70*G70 -> 74282.22 | J70: =VLOOKUP(D70,產線配置圖!$A$3:$C$38,2,0) -> 10 | K70: =VLOOKUP(D70,產線配置圖!$A$3:$C$38,3,0) -> 1125 | L70: =K70/J70 -> 112.5 | M70: 11 | N70: =G70/W70*60 -> 1034.8235 | O70: =N70/M70 -> 94.074866 | P70: =M70-J70 -> 1 | Q70: =O70-L70 -> -18.425134 | R70: =O70/L70 -> 0.83622103 | S70: =R79 -> 0.87988333 | T70: 0.33333333 | U70: 0.39236111 | W70: =(U70-T70)*24*60 -> 85 | AF70: =N70-K70 -> -90.176471 | AG70: =N70/K70 -> 0.91984314 | AH70: =AG79 -> 0.8708865
B71: 義大利麵 | D71: 濃拿坡里義大利麵 | F71: =VLOOKUP(D71,廠價表!$C$1:$E$41,3,0) -> 56.43 | G71: =1243+104 -> 1347 | H71: =F71*G71 -> 76011.21 | J71: =VLOOKUP(D71,產線配置圖!$A$3:$C$38,2,0) -> 16 | K71: =VLOOKUP(D71,產線配置圖!$A$3:$C$38,3,0) -> 1406 | L71: =K71/J71 -> 87.875 | M71: 12 | N71: =G71/W71*60 -> 973.73494 | O71: =N71/M71 -> 81.144578 | P71: =M71-J71 -> -4 | Q71: =O71-L71 -> -6.7304217 | R71: =O71/L71 -> 0.92340914 | T71: 0.40069444 | U71: 0.45833333 | V71: =(T71-U70)*24*60 -> 12 | W71: =(U71-T71)*24*60 -> 83 | AF71: -300.3125 | AG71: 0.80810703
B72: 小吃、微波 | D72: 麻辣雞心 | F72: =VLOOKUP(D72,廠價表!$C$1:$E$41,3,0) -> 28.26 | G72: 1453 | H72: =F72*G72 -> 41061.78 | J72: =VLOOKUP(D72,產線配置圖!$A$3:$C$38,2,0) -> 9 | K72: =VLOOKUP(D72,產線配置圖!$A$3:$C$38,3,0) -> 1636 | L72: =K72/J72 -> 181.77778 | M72: 10 | N72: =G72/W72*60 -> 1585.0909 | O72: =N72/M72 -> 158.50909 | P72: =M72-J72 -> 1 | Q72: =O72-L72 -> -23.268687 | R72: =O72/L72 -> 0.87199378 | T72: 0.46527778 | U72: 0.50347222 | V72: =(T72-U71)*24*60 -> 10 | W72: =(U72-T72)*24*60 -> 55 | X72: 0.51041667 | Y72: 0.55208333 | AF72: -130.33333 | AG72: 0.91671991
B73: 義大利麵 | D73: 焗烤起司肉醬筆尖麵 | F73: =VLOOKUP(D73,廠價表!$C$1:$E$41,3,0) -> 50.67 | G73: 1032 | H73: =F73*G73 -> 52291.44 | J73: =VLOOKUP(D73,產線配置圖!$A$3:$C$38,2,0) -> 10 | K73: =VLOOKUP(D73,產線配置圖!$A$3:$C$38,3,0) -> 1125 | L73: =K73/J73 -> 112.5 | M73: 10 | N73: =G73/W73*60 -> 1015.082 | O73: =N73/M73 -> 101.5082 | P73: =M73-J73 -> 0 | Q73: =O73-L73 -> -10.991803 | R73: =O73/L73 -> 0.90229508 | T73: 0.56875 | U73: 0.61111111 | V73: =(T73-U72)*24*60 -> 94 | W73: =(U73-T73)*24*60 -> 61 | AF73: -129.33333 | AG73: 1.9167199
W74: =(U74-T74)*24*60 -> 0
W75: =(U75-T75)*24*60 -> 0
H76: =F76*G76 -> 0 | W76: =(U76-T76)*24*60 -> 0
H77: =F77*G77 -> 0 | W77: =(U77-T77)*24*60 -> 0
H78: =F78*G78 -> 0 | W78: =(U78-T78)*24*60 -> 0
C79: 4度四組 | D79: 平均 | J79: =AVERAGE(J70:J78) -> 11.25 | K79: =AVERAGE(K70:K78) -> 1323 | L79: =AVERAGE(L70:L78) -> 123.66319 | M79: =AVERAGE(M70:M78) -> 10.75 | N79: =AVERAGE(N70:N78) -> 1152.1828 | O79: =AVERAGE(O70:O78) -> 108.80918 | P79: =M79-J79 -> -0.5 | Q79: =N79-K79 -> -170.81716 | R79: =O79/L79 -> 0.87988333 | Z79: =SUM(Z70:Z78) -> 0 | AA79: =SUM(AA70:AA78) -> 0 | AD79: =SUM(AD70:AD78) -> 0 | AE79: =SUM(AE70:AE78) -> 0 | AF79: =N79-K79 -> -170.81716 | AG79: =N79/K79 -> 0.8708865
AJ80: 1.當日出勤人數較多
AJ81: 2.當日出勤人數較少
AJ82: 3.當日出勤熟手較少
AJ83: 4.當日出勤新人較多
AJ84: 5.機台夾盒
AJ85: 6.封膜不順
AJ86: 7.更換膠膜
AJ87: 8.更換碳帶
AJ88: 9.當日熱轉印碳帶異常
AJ89: 10.訂單量過少
AJ90: 11.新品上市，尚未熟悉
AJ91: 12.商品結構，產能較低
AJ92: 13.區域出貨，分段生產

Sheet 0308總
B1: 長家廠組合室生產人時性分析
B3: 日期 | D3: 46089 | F3: 訂單量 | G3: ='0308'!E1 -> 70541 | I3: 營業額 | J3: ='0308'!G1 -> 3289055.7
B4: 項目 | D4: 3 | F4: ➀ | H4: ➁ | J4: ③ | L4: 異常停線 | N4: 短暫停線
B5: 人時性 | D5: 組合室 | F5: 全溫層 | H5: 義大利麵 | J5: 袋裝小吃、義麵 | L5: 合計次數 | M5: 時間 | N5: 合計次數 | O5: 設備次數
D6: 排關平均 | F6: =AVERAGE(D13:J13) -> 125.7924 | H6: =AVERAGE(D13:H13,J13) -> 124.15232 | J6: =AVERAGE(I13) -> 135.63283 | L6: =SUM(D18:J18) -> 1 | M6: =SUM(D19:J19) -> 10 | N6: =SUM(D20:J20) -> 0 | O6: =SUM(D20:J20) -> 0
D7: 實績平均 | F7: =AVERAGE(D14:J14) -> 113.44417 | H7: =AVERAGE(D14:H14,J14) -> 112.37344 | J7: =AVERAGE(I14) -> 119.86854 | L7: =AVERAGE(K14:L14) -> #DIV/0! | M7: =AVERAGE(L14:M14) -> #DIV/0! | N7: =AVERAGE(M14:N14) -> #DIV/0! | O7: =AVERAGE(N14:O14) -> #DIV/0!
D8: 達成率平均 | F8: =F7/F6 -> 0.90183642 | H8: =H7/H6 -> 0.90512551 | J8: =J7/J6 -> 0.88377229 | L8: =AVERAGE(K15:L15) -> #DIV/0! | M8: =AVERAGE(L15:M15) -> #DIV/0! | N8: =AVERAGE(M15:N15) -> #DIV/0! | O8: =AVERAGE(N15:O15) -> #DIV/0!
J9: ※現行日本鮮食廠以達成率80%為基本(即為現行KPI)
B10: 溫層 | D10: 4度C-各編組展開
B11: 編組 | D11: 1 | E11: 2 | F11: 3 | G11: 4 | H11: 5 | I11: 6 | J11: 7
D12: 自動1線 | E12: 自動2線 | F12: 手工3線 | G12: 手工4線 | H12: 手工5線 | I12: 調理包1線 | J12: 調理包2線
B13: 人時性 | C13: 排關 | D13: =VALUE('0308'!L15) -> 144.14872 | E13: =VALUE('0308'!L26) -> 181.44697 | F13: =VALUE('0308'!L37) -> 93.443627 | G13: =VALUE('0308'!L48) -> 92.058824 | H13: =VALUE('0308'!L58) -> 106.43155 | I13: =VALUE('0308'!L69) -> 135.63283 | J13: ='0308'!L79 -> 127.38426
C14: 實績 | D14: =VALUE('0308'!O15) -> 133.38983 | E14: =VALUE('0308'!O26) -> 165.7897 | F14: =VALUE('0308'!O37) -> 84.987304 | G14: =VALUE('0308'!O48) -> 79.052894 | H14: =VALUE('0308'!O58) -> 97.848212 | I14: =VALUE('0308'!O69) -> 119.86854 | J14: ='0308'!O79 -> 113.17268
C15: 達成率 | D15: =D14/D13 -> 0.92536255 | E15: =E14/E13 -> 0.91370886 | F15: =F14/F13 -> 0.90950348 | G15: =G14/G13 -> 0.85872154 | H15: =H14/H13 -> 0.91935347 | I15: =I14/I13 -> 0.88377229 | J15: ='0308'!S70 -> 0.88843534
B16: 作業 時間 | C16: 開始 | D16: ='0308'!T5 -> 0.29027778 | E16: ='0308'!T16 -> 0.29027778 | F16: ='0308'!T27 -> 0.29166667 | G16: ='0308'!T38 -> 0.33333333 | H16: ='0308'!T49 -> 0.29166667 | I16: ='0308'!T59 -> 0.29166667 | J16: ='0308'!T70 -> 0.33333333
C17: 結束 | D17: 0.65138889 | E17: 0.66388889 | F17: 0.61805556 | G17: 0.64236111 | H17: 0.63958333 | I17: 0.67361111 | J17: 0.67361111
B18: 產線異常 (5分鐘以上) | C18: 次數 | D18: ='0308'!Z15 -> 0 | E18: ='0308'!Z26 -> 0 | F18: ='0308'!Z37 -> 0 | G18: ='0308'!Z48 -> 0 | H18: ='0308'!Z58 -> 1 | I18: ='0308'!Z69 -> 0 | J18: ='0308'!AA79 -> 0
C19: 時間/分 | D19: ='0308'!AA15 -> 0 | E19: ='0308'!AA26 -> 0 | F19: ='0308'!AA37 -> 0 | G19: ='0308'!AA48 -> 0 | H19: ='0308'!AA58 -> 10 | I19: ='0308'!AA69 -> 0 | J19: ='0308'!AB79 -> 0
B20: 短暫停線 (5分鐘以下) | C20: 次數 | D20: ='0308'!AD15 -> 0 | E20: ='0308'!AD26 -> 0 | F20: ='0308'!AD37 -> 0 | G20: ='0308'!AD48 -> 0 | H20: ='0308'!AD58 -> 0 | I20: ='0308'!AD69 -> 0 | J20: ='0308'!AD79 -> 0
C21: 設備次數 | D21: ='0308'!AE15 -> 0 | E21: ='0308'!AE26 -> 0 | F21: ='0308'!AE37 -> 0 | G21: ='0308'!AE48 -> 0 | H21: ='0308'!AE58 -> 0 | I21: ='0308'!AE69 -> 0 | J21: ='0308'!AE79 -> 0
B22: 配置人數 | D22: =VALUE('0308'!M15) -> 13.8 | E22: =VALUE('0308'!M26) -> 11.6 | F22: =VALUE('0308'!M37) -> 16 | G22: =VALUE('0308'!M48) -> 17 | H22: =VALUE('0308'!M58) -> 16 | I22: =VALUE('0308'!M69) -> 10.666667 | J22: ='0308'!M79 -> 10.333333
B23: 主要應用設備 | D23: ET-600 | E23: ET-600 | F23: ET-55 | G23: ET-55 | H23: ET-55 | I23: 八爪機 | J23: 八爪機
B24: 次要應用設備 | H24: 封口機 | J24: 封口機
B25: 備註

Sheet 0308
A1: 長家廠4度C日報分析 | D1: 總生產量 | E1: =SUM(G5:G79) -> 70541 | F1: 營業額 | G1: =SUM(H5:H79) -> 3289055.7 | H1: 出勤人數 | I1: =M15+M26+M48+M58+M69+M79+M37 -> 95.4 | J1: 產線配置圖 | M1: 生產實績 | P1: 人時性差異分析 | T1: 日報登錄 | Z1: 合計 次數 | AA1: 合計 時間/分 | AB1: 分析說明 | AD1: 合計 次數 | AE1: 合計 設備次數 | AF1: 產能差異分析
