Workbook

Sheet 廠價表
A1: check | B1: 溫層 | C1: 品名 | D1: 類別 | E1: 廠價
B2: 4度C | C2: 白酒蛤蜊義大利麵 | D2: 義大利麵 | E2: 57.21
B3: 4度C | C3: 南洋紅咖哩豬義大利麵 | D3: 義大利麵 | E3: 56.43
B4: 4度C | C4: 義式蕃茄起司義大利麵 | D4: 義大利麵 | E4: 50.39
B5: 4度C | C5: 焗烤起司雙饗筆尖麵 | D5: 義大利麵 | E5: 49.97
B6: 4度C | C6: 奶油培根義大利麵 | D6: 義大利麵 | E6: 49.14
B7: 4度C | C7: 韓式起司炸雞義大利麵 | D7: 義大利麵 | E7: 57.21
B8: 4度C | C8: 惡魔乳酪生義大利麵 | D8: 義大利麵 | E8: 57.3
B9: 4度C | C9: 焗烤起司肉醬筆尖麵 | D9: 義大利麵 | E9: 50.67
B10: 4度C | C10: 辣味香菜雞肉義大利麵 | D10: 義大利麵 | E10: 56.28
B11: 4度C | D11: 義大利麵
B12: 4度C | C12: 剝皮辣椒雞奶油扁麵 | D12: 義大利麵 | E12: 56.87
B13: 4度C | C13: 奶油蒜香雞義大利麵 | D13: 義大利麵 | E13: 55.13
B14: 4度C | C14: 青醬蛤蜊義大利麵 | D14: 義大利麵 | E14: 50.67
B15: 4度C | C15: 焗烤明太子筆尖麵 | D15: 義大利麵 | E15: 57.3
B16: 4度C | C16: 濃拿坡里義大利麵 | D16: 義大利麵 | E16: 56.43
B17: 4度C | C17: 奶油起司蝦仁通心粉 | D17: 義大利麵 | E17: 47.71
B18: 4度C | C18: 青花椒麻雞肉拌麵 | D18: 熱乾麵 | E18: 49.91
B19: 4度C | C19: 府城鹽水意麵 | D19: 熱乾麵 | E19: 44.3
B20: 4度C | C20: 沙茶豬肉炒麵 | D20: 熱乾麵 | E20: 49.52
B21: 4度C | C21: 三杯菇菇米血 | D21: 小吃、微波 | E21: 28.26
B22: 4度C | C22: 小滷青蔬 | D22: 小吃、微波 | E22: 26.99
B23: 4度C | C23: 起司馬鈴薯 | D23: 小吃、微波 | E23: 28.26
... B49: 冷凍 | C49: 辣蕃茄義大利麵 | D49: 冷凍調理麵 | E49: 29.38
B50: 冷凍 | D50: 冷凍調理麵
B51: 冷凍 | C51: 韓式起司義大利麵 | D51: 冷凍調理麵 | E51: 29.38
B52: 冷凍 | D52: 冷凍調理麵
B53: 冷凍 | C53: 和風明太子細扁麵 | D53: 冷凍調理麵 | E53: 29.38

Sheet 產線配置圖
A1: 品項 | B1: 人數 | C1: 產能
A2: 義大利麵
A3: 白酒蛤蜊義大利麵 | B3: 13 | C3: 2105 | D3: ET-600
A4: 白酒蛤蜊義大利麵-手 | B4: 15 | C4: 1565 | D4: ET-55
A5: 青醬蛤蜊義大利麵 | B5: 13 | C5: 2000
A6: 義式蕃茄起司義大利麵 | B6: 12 | C6: 2000
A7: 焗烤起司雙饗筆尖麵 | B7: 18 | C7: 1600
A8: 奶油培根義大利麵 | B8: 14 | C8: 2000
A9: 韓式起司炸雞義大利麵 | B9: 17 | C9: 2000
A10: 剝皮辣椒雞奶油扁麵 | B10: 18 | C10: 1565
A11: 青花椒麻雞肉拌麵 | B11: 17 | C11: 1565
A12: 青花椒麻雞肉拌麵-降速生產 | B12: 14 | C12: 1385
A13: 奶油蒜香雞義大利麵 | B13: 17 | C13: 1385 | G13: 日一二正常版
A14: 奶油蒜香雞義大利麵-降速生產 | B14: 17 | C14: 1385
A15: 焗烤明太子筆尖麵 | B15: 16 | C15: 1385
A16: 濃拿坡里義大利麵 | B16: 16 | C16: 1406
A17: 奶油起司蝦仁通心粉 | B17: 14 | C17: 1440
A18: 剝皮辣椒雞奶油扁麵-降速生產(3線) | B18: 16 | C18: 1440
A19: 辣味香菜雞肉義大利麵 | B19: 16 | C19: 1800
A21: 惡魔乳酪生義大利麵 | B21: 17 | C21: 1500
A22: 沙茶豬肉炒麵 | B22: 17 | C22: 1440
A23: 府城鹽水意麵 | B23: 19 | C23: 1440
A24: 焗烤起司肉醬筆尖麵 | B24: 10 | C24: 1125
A25: 調理包
A26: 小滷青蔬 | B26: 13 | C26: 1565
A27: 起司馬鈴薯 | B27: 12 | C27: 1565
A28: 台式綜合甜不辣 | B28: 12 | C28: 1565
A29: 三杯菇菇米血 | B29: 12 | C29: 1565
E33: 更新日期11/02

Sheet 範本總
B1: 長家廠組合室生產人時性分析
B3: 日期 | D3: 46015 | F3: 訂單量 | G3: =範本!E1 -> 43309 | I3: 營業額 | J3: =範本!G1 -> #N/A
B4: 項目 | D4: 3 | F4: ➀ | H4: ➁ | J4: ③ | L4: 異常停線 | N4: 短暫停線
B5: 人時性 | D5: 組合室 | F5: 全溫層 | H5: 義大利麵 | J5: 袋裝小吃、義麵 | L5: 合計次數 | M5: 時間 | N5: 合計次數 | O5: 設備次數
D6: 排關平均 | F6: =AVERAGE(D13:J13) -> #N/A | H6: =AVERAGE(D13:H13) -> #N/A | J6: =AVERAGE(I13:J13) -> #N/A | L6: =範本!Z2 -> 0 | M6: =範本!AA2 -> 0 | N6: =範本!AD2 -> 0 | O6: =範本!AE2 -> 0
D7: 實績平均 | F7: =AVERAGE(D14:J14) -> 116.11475 | H7: =AVERAGE(D14:H14) -> 117.36075 | J7: =AVERAGE(I14:J14) -> 112.99975
D8: 達成率平均 | F8: =AVERAGE(D15:J15) -> #N/A | H8: =AVERAGE(D15:H15) -> #N/A | J8: =AVERAGE(I15:J15) -> #N/A
J9: ※現行日本鮮食廠以達成率80%為基本(即為現行KPI)
B10: 溫層 | D10: 4度C-各編組展開
B11: 編組 | D11: 1 | E11: 2 | F11: 3 | G11: 4 | H11: 5 | I11: 6 | J11: 7
D12: 自動1線 | E12: 自動2線 | F12: 手工3線 | G12: 手工4線 | H12: 手工5線 | I12: 調理包1線 | J12: 調理包2線
B13: 人時性 | C13: 排關 | D13: =VALUE(範本!L15) -> #N/A | E13: =VALUE(範本!L26) -> #N/A | F13: =VALUE(範本!L37) -> #N/A | G13: =VALUE(範本!L48) -> #N/A | H13: =VALUE(範本!L58) -> #N/A | I13: =VALUE(範本!L69) -> #N/A | J13: =範本!L79 -> #N/A
C14: 實績 | D14: =VALUE(範本!O15) -> 113.91637 | E14: =VALUE(範本!O26) -> 132.12003 | F14: =VALUE(範本!O37) -> 126.23842 | G14: =VALUE(範本!O48) -> 112.0543 | H14: =VALUE(範本!O58) -> 102.47462 | I14: =VALUE(範本!O69) -> 155.46443 | J14: =範本!O79 -> 70.535065
C15: 達成率 | D15: =D14/D13 -> #N/A | E15: =E14/E13 -> #N/A | F15: =F14/F13 -> #N/A | G15: =G14/G13 -> #N/A | H15: =H14/H13 -> #N/A | I15: =I14/I13 -> #N/A | J15: =範本!S70 -> #N/A
B16: 作業 時間 | C16: 開始 | D16: =範本!T5 -> 0.29097222 | E16: =範本!T16 -> 0.29097222 | F16: =範本!T27 -> 0.29166667 | G16: =範本!T38 -> 0.33333333 | H16: =範本!T49 -> 0.29166667 | I16: =範本!T59 -> 0.29166667 | J16: =範本!T70 -> 0.34722222
C17: 結束 | D17: 0.47361111 | E17: 0.48263889 | F17: 0.56944444 | G17: 0.60416667 | H17: 0.58333333 | I17: 0.48819444 | J17: 0.46875
B18: 產線異常 (5分鐘以上) | C18: 次數
C19: 時間/分
B20: 短暫停線 (5分鐘以下) | C20: 次數
C21: 設備次數
B22: 配置人數 | D22: =VALUE(範本!M15) -> 15 | E22: =VALUE(範本!M26) -> 12.666667 | F22: =VALUE(範本!M37) -> 14.666667 | G22: =VALUE(範本!M48) -> 14 | H22: =VALUE(範本!M58) -> 17.666667 | I22: =VALUE(範本!M69) -> 12.333333 | J22: =範本!M79 -> 11
B23: 主要應用設備 | D23: ET-600 | E23: ET-600 | F23: ET-55 | G23: ET-55 | H23: ET-55 | I23: 八爪機
B24: 次要應用設備 | H24: 封口機
B25: 備註

Sheet 範本
A1: 長家廠4度C日報分析 | D1: 總生產量 | E1: =SUM(G5:G79) -> 43309 | F1: 營業額 | G1: =SUM(H5:H79) -> #N/A | H1: 出勤人數 | I1: =M15+M26+M48+M58+M69+M79+M37 -> 97.333333 | J1: 產線配置圖 | M1: 生產實績 | P1: 人時性差異分析 | T1: 日報登錄 | Z1: 合計 次數 | AA1: 合計 時間/分 | AB1: 分析說明 | AD1: 合計 次數 | AE1: 合計 設備次數 | AF1: 產能差異分析
A2: 12月24日 星期三 | D2: 人時性 | E2: =AVERAGE(O15,O26,O37,O48,O58,O69,O79) -> 116.11475 | F2: 平均廠價 | G2: =G1/E1 -> #N/A | H2: 多次生產數 | I2: =COUNT(I5:I79) -> 0 | Z2: =Z15+Z26+Z37+Z48+Z58+Z69+Z79 -> 0 | AA2: =AA15+AA26+AA37+AA48+AA58+AA69+AA79 -> 0 | AD2: =AD15+AD26+AD37+AD48+AD58+AD69+AD79 -> 0 | AE2: =AE15+AE26+AE37+AE48+AE58+AE69+AE79 -> 0
A3: 線別 | B3: 品類 | D3: 品名 | F3: 廠價 | G3: 生產量 | H3: 營收 | I3: 多次 生產 | J3: 人數 | K3: 產能/時 | L3: 人時性 | M3: 人數 | N3: 產能/時 | O3: 人時性 | P3: 人數 | Q3: 人時性 | R3: 達成率 | S3: 達成率平均 | T3: 生產時間 | V3: 前置、換線時間/分 | W3: 稼動時間/分 | X3: 休息時間 | Z3: 產線異常統計 (5分鐘以上) | AD3: 短暫停線統計 (5分鐘以下) | AF3: 產能/時 | AG3: 達成率 | AH3: 達成率平均
T4: 開始 | U4: 結束 | X4: 開始 | Y4: 結束 | Z4: 次數 | AA4: 時間/分 | AD4: 總次數 | AE4: 設備因素(次數)
A5: 自動一線 (ET-600) | B5: =VLOOKUP(D5,廠價表!$C$1:$E$41,2,0) -> #N/A | F5: =VLOOKUP(D5,廠價表!$C$1:$E$41,3,0) -> #N/A | G5: 2263 | H5: =F5*G5 -> #N/A | J5: =VLOOKUP(D5,產線配置圖!$A$3:$C$39,2,0) -> #N/A | K5: =VLOOKUP(D5,產線配置圖!$A$3:$C$39,3,0) -> #N/A | L5: =K5/J5 -> #N/A | M5: 15 | N5: =G5/W5*60 -> 1444.4681 | O5: =N5/M5 -> 96.297872 | P5: =M5-J5 -> #N/A | Q5: =O5-L5 -> #N/A | R5: =O5/L5 -> #N/A | S5: =R15 -> #N/A | T5: 0.29097222 | U5: 0.35625 | W5: =(U5-T5)*24*60 -> 94 | AF5: =N5-K5 -> #N/A | AG5: =N5/K5 -> #N/A | AH5: =AG15 -> #N/A
B6: =VLOOKUP(D6,廠價表!$C$1:$E$41,2,0) -> #N/A | F6: =VLOOKUP(D6,廠價表!$C$1:$E$41,3,0) -> #N/A | G6: 1180 | H6: =F6*G6 -> #N/A | J6: =VLOOKUP(D6,產線配置圖!$A$3:$C$39,2,0) -> #N/A | K6: =VLOOKUP(D6,產線配置圖!$A$3:$C$39,3,0) -> #N/A | L6: =K6/J6 -> #N/A | M6: 17 | N6: =G6/W6*60 -> 1609.0909 | O6: =N6/M6 -> 94.652406 | P6: =M6-J6 -> #N/A | Q6: =O6-L6 -> #N/A | R6: =O6/L6 -> #N/A | T6: 0.36458333 | U6: 0.39513889 | V6: =(T6-U5)*24*60 -> 12 | W6: =(U6-T6)*24*60 -> 44 | AF6: =N6-K6 -> #N/A | AG6: =N6/K6 -> #N/A
B7: =VLOOKUP(D7,廠價表!$C$1:$E$41,2,0) -> #N/A | F7: =VLOOKUP(D7,廠價表!$C$1:$E$41,3,0) -> #N/A | G7: 3398 | H7: =F7*G7 -> #N/A | J7: =VLOOKUP(D7,產線配置圖!$A$3:$C$39,2,0) -> #N/A | K7: =VLOOKUP(D7,產線配置圖!$A$3:$C$39,3,0) -> #N/A | L7: =K7/J7 -> #N/A | M7: 13 | N7: =G7/W7*60 -> 1960.3846 | O7: =N7/M7 -> 150.79882 | P7: =M7-J7 -> #N/A | Q7: =O7-L7 -> #N/A | R7: =O7/L7 -> #N/A | T7: 0.40138889 | U7: 0.47361111 | V7: =(T7-U6)*24*60 -> 9 | W7: =(U7-T7)*24*60 -> 104 | AF7: =N7-K7 -> #N/A | AG7: =N7/K7 -> #N/A
W8: =(U8-T8)*24*60 -> 0 | X8: 0.48611111 | Y8: 0.52777778 | AF8: =N8-K8 -> 0 | AG8: =N8/K8 -> #DIV/0!
W9: =(U9-T9)*24*60 -> 0 | AF9: =N9-K9 -> 0 | AG9: =N9/K9 -> #DIV/0!
W10: =(U10-T10)*24*60 -> 0 | AF10: =N10-K10 -> 0 | AG10: =N10/K10 -> #DIV/0!
W11: =(U11-T11)*24*60 -> 0 | AF11: =N11-K11 -> 0 | AG11: =N11/K11 -> #DIV/0!
W12: =(U12-T12)*24*60 -> 0
W13: =(U13-T13)*24*60 -> 0
W14: =(U14-T14)*24*60 -> 0
C15: 4度一組 | D15: 平均 | J15: =AVERAGE(J5:J14) -> #N/A | K15: =AVERAGE(K5:K14) -> #N/A | L15: =AVERAGE(L5:L14) -> #N/A | M15: =AVERAGE(M5:M14) -> 15 | N15: =AVERAGE(N5:N14) -> 1671.3145 | O15: =AVERAGE(O5:O14) -> 113.91637 | P15: =M15-J15 -> #N/A | Q15: =O15-L15 -> #N/A | R15: =O15/L15 -> #N/A | Z15: =SUM(Z5:Z14) -> 0 | AA15: =SUM(AA5:AA14) -> 0 | AD15: =SUM(AD5:AD14) -> 0 | AE15: =SUM(AE5:AE14) -> 0 | AF15: =N15-K15 -> #N/A | AG15: =N15/K15 -> #N/A
A16: 自動二線 (ET-600) | B16: =VLOOKUP(D16,廠價表!$C$1:$E$41,2,0) -> #N/A | F16: =VLOOKUP(D16,廠價表!$C$1:$E$41,3,0) -> #N/A | G16: 2263 | H16: =F16*G16 -> #N/A | J16: =VLOOKUP(D16,產線配置圖!$A$3:$C$39,2,0) -> #N/A | K16: =VLOOKUP(D16,產線配置圖!$A$3:$C$39,3,0) -> #N/A | L16: =K16/J16 -> #N/A | M16: 13 | N16: =G16/W16*60 -> 2225.9016 | O16: =N16/M16 -> 171.2232 | P16: =M16-J16 -> #N/A | Q16: =O16-L16 -> #N/A | R16: =O16/L16 -> #N/A | S16: =R26 -> #N/A | T16: 0.29097222 | U16: 0.33333333 | W16: =(U16-T16)*24*60 -> 61 | AF16: =N16-K16 -> #N/A | AG16: =N16/K16 -> #N/A | AH16: =AG26 -> #N/A
B17: =VLOOKUP(D17,廠價表!$C$1:$E$41,2,0) -> #N/A | F17: =VLOOKUP(D17,廠價表!$C$1:$E$41,3,0) -> #N/A | G17: 1180 | H17: =F17*G17 -> #N/A | J17: =VLOOKUP(D17,產線配置圖!$A$3:$C$39,2,0) -> #N/A | K17: =VLOOKUP(D17,產線配置圖!$A$3:$C$39,3,0) -> #N/A | L17: =K17/J17 -> #N/A | M17: 13 | N17: =G17/W17*60 -> 823.25581 | O17: =N17/M17 -> 63.32737 | P17: =M17-J17 -> #N/A | Q17: =O17-L17 -> #N/A | R17: =O17/L17 -> #N/A | T17: 0.34166667 | U17: 0.40138889 | V17: =(T17-U16)*24*60 -> 12 | W17: =(U17-T17)*24*60 -> 86 | AF17: =N17-K17 -> #N/A | AG17: =N17/K17 -> #N/A
B18: =VLOOKUP(D18,廠價表!$C$1:$E$41,2,0) -> #N/A | F18: =VLOOKUP(D18,廠價表!$C$1:$E$41,3,0) -> #N/A | G18: 3398 | H18: =F18*G18 -> #N/A | J18: =VLOOKUP(D18,產線配置圖!$A$3:$C$39,2,0) -> #N/A | K18: =VLOOKUP(D18,產線配置圖!$A$3:$C$39,3,0) -> #N/A | L18: =K18/J18 -> #N/A | M18: 12 | N18: =G18/W18*60 -> 1941.7143 | O18: =N18/M18 -> 161.80952 | P18: =M18-J18 -> #N/A | Q18: =O18-L18 -> #N/A | R18: =O18/L18 -> #N/A | T18: 0.40972222 | U18: 0.48263889 | V18: =(T18-U17)*24*60 -> 12 | W18: =(U18-T18)*24*60 -> 105 | X18: 0.48611111 | Y18: 0.52777778 | AF18: =N18-K18 -> #N/A | AG18: =N18/K18 -> #N/A
V19: =(T19-U18)*24*60 -> -695 | W19: =(U19-T19)*24*60 -> 0 | AF19: =N19-K19 -> 0 | AG19: =N19/K19 -> #DIV/0!
V20: =(T20-U19)*24*60 -> 0 | W20: =(U20-T20)*24*60 -> 0
W21: =(U21-T21)*24*60 -> 0
W22: 0
W23: =(U23-T23)*24*60 -> 0
H24: =F24*G24 -> 0 | W24: =(U24-T24)*24*60 -> 0
H25: =F25*G25 -> 0 | W25: =(U25-T25)*24*60 -> 0
C26: 4度二組A | D26: 平均 | J26: =AVERAGE(J16:J25) -> #N/A | K26: =AVERAGE(K16:K25) -> #N/A | L26: =AVERAGE(L16:L25) -> #N/A | M26: =AVERAGE(M16:M25) -> 12.666667 | N26: =AVERAGE(N16:N25) -> 1663.6239 | O26: =AVERAGE(O16:O25) -> 132.12003 | P26: =M26-J26 -> #N/A | Q26: =O26-L26 -> #N/A | R26: =O26/L26 -> #N/A | Z26: =SUM(Z16:Z25) -> 0 | AA26: =SUM(AA16:AA25) -> 0 | AD26: =SUM(AD16:AD25) -> 0 | AE26: =SUM(AE16:AE25) -> 0 | AF26: =N26-K26 -> #N/A | AG26: =N26/K26 -> #N/A
A27: 手工三線 (ET-55) | B27: =VLOOKUP(D27,廠價表!$C$1:$E$41,2,0) -> #N/A | F27: =VLOOKUP(D27,廠價表!$C$1:$E$41,3,0) -> #N/A | G27: 2263 | H27: =F27*G27 -> #N/A | J27: =VLOOKUP(D27,產線配置圖!$A$3:$C$39,2,0) -> #N/A | K27: =VLOOKUP(D27,產線配置圖!$A$3:$C$39,3,0) -> #N/A | L27: =K27/J27 -> #N/A | M27: 14 | N27: =G27/W27*60 -> 1212.3214 | O27: =N27/M27 -> 86.594388 | P27: =M27-J27 -> #N/A | Q27: =O27-L27 -> #N/A | R27: =O27/L27 -> #N/A | S27: =R37 -> #N/A | T27: 0.29166667 | U27: 0.36944444 | W27: =(U27-T27)*24*60 -> 112 | AF27: =N27-K27 -> #N/A | AG27: =N27/K27 -> #N/A | AH27: =AG37 -> #N/A
B28: =VLOOKUP(D28,廠價表!$C$1:$E$41,2,0) -> #N/A | F28: =VLOOKUP(D28,廠價表!$C$1:$E$41,3,0) -> #N/A | G28: 1180 | H28: =F28*G28 -> #N/A | J28: =VLOOKUP(D28,產線配置圖!$A$3:$C$39,2,0) -> #N/A | K28: =VLOOKUP(D28,產線配置圖!$A$3:$C$39,3,0) -> #N/A | L28: =K28/J28 -> #N/A | M28: 16 | N28: =G28/W28*60 -> 1089.2308 | O28: =N28/M28 -> 68.076923 | P28: =M28-J28 -> #N/A | Q28: =O28-L28 -> #N/A | R28: =O28/L28 -> #N/A | T28: 0.375 | U28: 0.42013889 | V28: =(T28-U27)*24*60 -> 8 | W28: =(U28-T28)*24*60 -> 65 | AF28: =N28-K28 -> #N/A | AG28: =N28/K28 -> #N/A
B29: =VLOOKUP(D29,廠價表!$C$1:$E$41,2,0) -> #N/A | F29: =VLOOKUP(D29,廠價表!$C$1:$E$41,3,0) -> #N/A | G29: 3398 | H29: =F29*G29 -> #N/A | J29: =VLOOKUP(D29,產線配置圖!$A$3:$C$39,2,0) -> #N/A | K29: =VLOOKUP(D29,產線配置圖!$A$3:$C$39,3,0) -> #N/A | L29: =K29/J29 -> #N/A | M29: 14 | N29: =G29/W29*60 -> 3136.6154 | O29: =N29/M29 -> 224.04396 | P29: =M29-J29 -> #N/A | Q29: =O29-L29 -> #N/A | R29: =O29/L29 -> #N/A | T29: 0.43055556 | U29: 0.47569444 | V29: =(T29-U28)*24*60 -> 15 | W29: =(U29-T29)*24*60 -> 65 | AF29: =N29-K29 -> #N/A | AG29: =N29/K29 -> #N/A
T30: 0.53958333 | U30: 0.56944444 | V30: =(T30-U29)*24*60 -> 92 | W30: =(U30-T30)*24*60 -> 43 | X30: 0.49652778 | Y30: 0.53819444 | AF30: =N30-K30 -> 0 | AG30: =N30/K30 -> #DIV/0!
W31: =(U31-T31)*24*60 -> 0 | AF31: =N31-K31 -> 0 | AG31: =N31/K31 -> #DIV/0!
W32: =(U32-T32)*24*60 -> 0
W33: =(U33-T33)*24*60 -> 0
W34: =(U34-T34)*24*60 -> 0
W35: =(U35-T35)*24*60 -> 0
H36: =F36*G36 -> 0 | W36: =(U36-T36)*24*60 -> 0
C37: 4度二組B | D37: 平均 | J37: =AVERAGE(J27:J36) -> #N/A | K37: =AVERAGE(K27:K36) -> #N/A | L37: =AVERAGE(L27:L36) -> #N/A | M37: =AVERAGE(M27:M36) -> 14.666667 | N37: =AVERAGE(N27:N36) -> 1812.7225 | O37: =AVERAGE(O27:O36) -> 126.23842 | P37: =M37-J37 -> #N/A | Q37: =N37-K37 -> #N/A | R37: =O37/L37 -> #N/A | Z37: =SUM(Z27:Z36) -> 0 | AA37: =SUM(AA27:AA36) -> 0 | AD37: =SUM(AD27:AD36) -> 0 | AE37: =SUM(AE27:AE36) -> 0 | AF37: =N37-K37 -> #N/A | AG37: =N37/K37 -> #N/A
A38: 手工四線 (ET-55) | B38: =VLOOKUP(D38,廠價表!$C$1:$E$41,2,0) -> #N/A | F38: =VLOOKUP(D38,廠價表!$C$1:$E$41,3,0) -> #N/A | G38: 2263 | H38: =F38*G38 -> #N/A | J38: =VLOOKUP(D38,產線配置圖!$A$3:$C$39,2,0) -> #N/A | K38: =VLOOKUP(D38,產線配置圖!$A$3:$C$39,3,0) -> #N/A | L38: =K38/J38 -> #N/A | M38: 14 | N38: =G38/W38*60 -> 1967.8261 | O38: =N38/M38 -> 140.55901 | P38: =M38-J38 -> #N/A | Q38: =O38-L38 -> #N/A | R38: =O38/L38 -> #N/A | S38: =R48 -> #N/A | T38: 0.33333333 | U38: 0.38125 | W38: =(U38-T38)*24*60 -> 69 | AF38: =N38-K38 -> #N/A | AG38: =N38/K38 -> #N/A | AH38: =AG48 -> #N/A
B39: =VLOOKUP(D39,廠價表!$C$1:$E$41,2,0) -> #N/A | F39: =VLOOKUP(D39,廠價表!$C$1:$E$41,3,0) -> #N/A | G39: 1180 | H39: =F39*G39 -> #N/A | J39: =VLOOKUP(D39,產線配置圖!$A$3:$C$39,2,0) -> #N/A | K39: =VLOOKUP(D39,產線配置圖!$A$3:$C$39,3,0) -> #N/A | L39: =K39/J39 -> #N/A | M39: 14 | N39: =G39/W39*60 -> 885 | O39: =N39/M39 -> 63.214286 | P39: =M39-J39 -> #N/A | Q39: =O39-L39 -> #N/A | R39: =O39/L39 -> #N/A | T39: 0.38888889 | U39: 0.44444444 | V39: =(T39-U38)*24*60 -> 11 | W39: =(U39-T39)*24*60 -> 80 | AF39: =N39-K39 -> #N/A | AG39: =N39/K39 -> #N/A
B40: =VLOOKUP(D40,廠價表!$C$1:$E$41,2,0) -> #N/A | F40: =VLOOKUP(D40,廠價表!$C$1:$E$41,3,0) -> #N/A | G40: 3398 | H40: =F40*G40 -> #N/A | J40: =VLOOKUP(D40,產線配置圖!$A$3:$C$39,2,0) -> #N/A | K40: =VLOOKUP(D40,產線配置圖!$A$3:$C$39,3,0) -> #N/A | L40: =K40/J40 -> #N/A | M40: 14 | N40: =G40/W40*60 -> 1853.4545 | O40: =N40/M40 -> 132.38961 | P40: =M40-J40 -> #N/A | Q40: =O40-L40 -> #N/A | R40: =O40/L40 -> #N/A | T40: 0.52777778 | U40: 0.60416667 | V40: =(T40-U39)*24*60 -> 120 | W40: =(U40-T40)*24*60 -> 110 | AF40: =N40-K40 -> #N/A | AG40: =N40/K40 -> #N/A
W41: =(U41-T41)*24*60 -> 0 | AF41: =N41-K41 -> 0 | AG41: =N41/K41 -> #DIV/0!
W42: =(U42-T42)*24*60 -> 0
W43: =(U43-T43)*24*60 -> 0
W44: =(U44-T44)*24*60 -> 0
W45: =(U45-T45)*24*60 -> 0
W46: =(U46-T46)*24*60 -> 0
H47: =F47*G47 -> 0 | W47: =(U47-T47)*24*60 -> 0
C48: 4度二組C1 | D48: 平均 | J48: =AVERAGE(J38:J47) -> #N/A | K48: =AVERAGE(K38:K47) -> #N/A | L48: =AVERAGE(L38:L47) -> #N/A | M48: =AVERAGE(M38:M47) -> 14 | N48: =AVERAGE(N38:N47) -> 1568.7602 | O48: =AVERAGE(O38:O47) -> 112.0543 | P48: =M48-J48 -> #N/A | Q48: =N48-K48 -> #N/A | R48: =O48/L48 -> #N/A | W48: =(U48-T48)*24*60 -> 0 | Z48: =SUM(Z38:Z47) -> 0 | AA48: =SUM(AA38:AA47) -> 0 | AD48: =SUM(AD38:AD47) -> 0 | AE48: =SUM(AE38:AE47) -> 0 | AF48: =N48-K48 -> #N/A | AG48: =N48/K48 -> #N/A
A49: 手工五線 (ET-55) | B49: =VLOOKUP(D49,廠價表!$C$1:$E$41,2,0) -> #N/A | F49: =VLOOKUP(D49,廠價表!$C$1:$E$41,3,0) -> #N/A | G49: 2263 | H49: =F49*G49 -> #N/A | J49: =VLOOKUP(D49,產線配置圖!$A$3:$C$39,2,0) -> #N/A | K49: =VLOOKUP(D49,產線配置圖!$A$3:$C$39,3,0) -> #N/A | L49: =K49/J49 -> #N/A | M49: 18 | N49: =G49/W49*60 -> 1996.7647 | O49: =N49/M49 -> 110.93137 | P49: =M49-J49 -> #N/A | Q49: =O49-L49 -> #N/A | R49: =O49/L49 -> #N/A | S49: =R58 -> #N/A | T49: 0.29166667 | U49: 0.33888889 | W49: =(U49-T49)*24*60 -> 68 | AF49: =N49-K49 -> #N/A | AG49: =N49/K49 -> #N/A | AH49: =AG58 -> #N/A
B50: =VLOOKUP(D50,廠價表!$C$1:$E$41,2,0) -> #N/A | F50: =VLOOKUP(D50,廠價表!$C$1:$E$41,3,0) -> #N/A | G50: 1180 | H50: =F50*G50 -> #N/A | J50: =VLOOKUP(D50,產線配置圖!$A$3:$C$39,2,0) -> #N/A | K50: =VLOOKUP(D50,產線配置圖!$A$3:$C$39,3,0) -> #N/A | L50: =K50/J50 -> #N/A | M50: 18 | N50: =G50/W50*60 -> 997.1831 | O50: =N50/M50 -> 55.399061 | P50: =M50-J50 -> #N/A | Q50: =O50-L50 -> #N/A | R50: =O50/L50 -> #N/A | T50: 0.34513889 | U50: 0.39444444 | V50: =(T50-U49)*24*60 -> 9 | W50: =(U50-T50)*24*60 -> 71 | AF50: =N50-K50 -> #N/A | AG50: =N50/K50 -> #N/A
B51: =VLOOKUP(D51,廠價表!$C$1:$E$41,2,0) -> #N/A | F51: =VLOOKUP(D51,廠價表!$C$1:$E$41,3,0) -> #N/A | G51: 3398 | H51: =F51*G51 -> #N/A | J51: =VLOOKUP(D51,產線配置圖!$A$3:$C$39,2,0) -> #N/A | K51: =VLOOKUP(D51,產線配置圖!$A$3:$C$39,3,0) -> #N/A | L51: =K51/J51 -> #N/A | M51: 17 | N51: =G51/W51*60 -> 2398.5882 | O51: =N51/M51 -> 141.09343 | P51: =M51-J51 -> #N/A | Q51: =O51-L51 -> #N/A | R51: =O51/L51 -> #N/A | T51: 0.40138889 | U51: 0.46041667 | V51: =(T51-U50)*24*60 -> 10 | W51: =(U51-T51)*24*60 -> 85 | AF51: =N51-K51 -> #N/A | AG51: =N51/K51 -> #N/A
T52: 0.52986111 | U52: 0.58333333 | V52: =(T52-U51)*24*60 -> 100 | W52: =(U52-T52)*24*60 -> 77 | X52: 0.47916667 | Y52: 0.52083333 | AF52: =N52-K52 -> 0 | AG52: =N52/K52 -> #DIV/0!
W53: =(U53-T53)*24*60 -> 0 | AF53: =N53-K53 -> 0 | AG53: =N53/K53 -> #DIV/0!
W54: =(U54-T54)*24*60 -> 0
W55: =(U55-T55)*24*60 -> 0
W56: =(U56-T56)*24*60 -> 0
W57: =(U57-T57)*24*60 -> 0
C58: 4度二組C2 | D58: 平均 | J58: =AVERAGE(J49:J57) -> #N/A | K58: =AVERAGE(K49:K57) -> #N/A | L58: =AVERAGE(L49:L57) -> #N/A | M58: =AVERAGE(M49:M57) -> 17.666667 | N58: =AVERAGE(N49:N57) -> 1797.512 | O58: =AVERAGE(O49:O57) -> 102.47462 | P58: =M58-J58 -> #N/A | Q58: =N58-K58 -> #N/A | R58: =O58/L58 -> #N/A | Z58: =SUM(Z49:Z57) -> 0 | AA58: =SUM(AA49:AA57) -> 0 | AD58: =SUM(AD49:AD57) -> 0 | AE58: =SUM(AE49:AE57) -> 0 | AF58: =N58-K58 -> #N/A | AG58: =N58/K58 -> #N/A
A59: 調理包一線 (八爪機) | B59: =VLOOKUP(D59,廠價表!$C$1:$E$41,2,0) -> #N/A | F59: =VLOOKUP(D59,廠價表!$C$1:$E$41,3,0) -> #N/A | G59: 2263 | H59: =F59*G59 -> #N/A | J59: =VLOOKUP(D59,產線配置圖!$A$3:$C$39,2,0) -> #N/A | K59: =VLOOKUP(D59,產線配置圖!$A$3:$C$39,3,0) -> #N/A | L59: =K59/J59 -> #N/A | M59: 13 | N59: =G59/W59*60 -> 1131.5 | O59: =N59/M59 -> 87.038462 | P59: =M59-J59 -> #N/A | Q59: =O59-L59 -> #N/A | R59: =O59/L59 -> #N/A | S59: =R69 -> #N/A | T59: 0.29166667 | U59: 0.375 | W59: =(U59-T59)*24*60 -> 120 | AF59: =N59-K59 -> #N/A | AG59: =N59/K59 -> #N/A | AH59: =AG69 -> #N/A
B60: =VLOOKUP(D60,廠價表!$C$1:$E$41,2,0) -> #N/A | F60: =VLOOKUP(D60,廠價表!$C$1:$E$41,3,0) -> #N/A | G60: 1180 | H60: =F60*G60 -> #N/A | J60: =VLOOKUP(D60,產線配置圖!$A$3:$C$39,2,0) -> #N/A | K60: =VLOOKUP(D60,產線配置圖!$A$3:$C$39,3,0) -> #N/A | L60: =K60/J60 -> #N/A | M60: 12 | N60: =G60/W60*60 -> 2360 | O60: =N60/M60 -> 196.66667 | P60: =M60-J60 -> #N/A | Q60: =O60-L60 -> #N/A | R60: =O60/L60 -> #N/A | T60: 0.38541667 | U60: 0.40625 | V60: =(T60-U59)*24*60 -> 15 | W60: =(U60-T60)*24*60 -> 30 | AF60: =N60-K60 -> #N/A | AG60: =N60/K60 -> #N/A
B61: =VLOOKUP(D61,廠價表!$C$1:$E$41,2,0) -> #N/A | F61: =VLOOKUP(D61,廠價表!$C$1:$E$41,3,0) -> #N/A | G61: 3398 | H61: =F61*G61 -> #N/A | J61: =VLOOKUP(D61,產線配置圖!$A$3:$C$39,2,0) -> #N/A | K61: =VLOOKUP(D61,產線配置圖!$A$3:$C$39,3,0) -> #N/A | L61: =K61/J61 -> #N/A | M61: 12 | N61: =G61/W61*60 -> 2192.2581 | O61: =N61/M61 -> 182.68817 | P61: =M61-J61 -> #N/A | Q61: =O61-L61 -> #N/A | R61: =O61/L61 -> #N/A | T61: 0.42361111 | U61: 0.48819444 | V61: =(T61-U60)*24*60 -> 25 | W61: =(U61-T61)*24*60 -> 93 | AF61: =N61-K61 -> #N/A | AG61: =N61/K61 -> #N/A
W62: =(U62-T62)*24*60 -> 0 | X62: 0.50347222 | Y62: 0.54513889 | AF62: =N62-K62 -> 0 | AG62: =N62/K62 -> #DIV/0!
W63: =(U63-T63)*24*60 -> 0
W64: =(U64-T64)*24*60 -> 0
W65: =(U65-T65)*24*60 -> 0
W66: =(U66-T66)*24*60 -> 0
W67: =(U67-T67)*24*60 -> 0
H68: =F68*G68 -> 0 | W68: =(U68-T68)*24*60 -> 0
C69: 4度三組 | D69: 平均 | J69: =AVERAGE(J59:J68) -> #N/A | K69: =AVERAGE(K59:K68) -> #N/A | L69: =AVERAGE(L59:L68) -> #N/A | M69: =AVERAGE(M59:M68) -> 12.333333 | N69: =AVERAGE(N59:N68) -> 1894.586 | O69: =AVERAGE(O59:O68) -> 155.46443 | P69: =M69-J69 -> #N/A | Q69: =N69-K69 -> #N/A | R69: =O69/L69 -> #N/A | Z69: =SUM(Z59:Z68) -> 0 | AA69: =SUM(AA59:AA68) -> 0 | AD69: =SUM(AD59:AD68) -> 0 | AE69: =SUM(AE59:AE68) -> 0 | AF69: =N69-K69 -> #N/A | AG69: =N69/K69 -> #N/A
A70: 調理包二線 (手工) | B70: =VLOOKUP(D70,廠價表!$C$1:$E$41,2,0) -> #N/A | F70: =VLOOKUP(D70,廠價表!$C$1:$E$41,3,0) -> #N/A | G70: 2263 | H70: =F70*G70 -> #N/A | J70: =VLOOKUP(D70,產線配置圖!$A$3:$C$39,2,0) -> #N/A | K70: =VLOOKUP(D70,產線配置圖!$A$3:$C$39,3,0) -> #N/A | L70: =K70/J70 -> #N/A | M70: 11 | N70: =G70/W70*60 -> 775.88571 | O70: =N70/M70 -> 70.535065 | P70: =M70-J70 -> #N/A | Q70: =O70-L70 -> #N/A | R70: =O70/L70 -> #N/A | S70: =R79 -> #N/A | T70: 0.34722222 | U70: 0.46875 | W70: =(U70-T70)*24*60 -> 175 | AF70: =N70-K70 -> #N/A | AG70: =N70/K70 -> #N/A | AH70: =AG79 -> #N/A
W71: =(U71-T71)*24*60 -> 0 | AF71: -300.3125 | AG71: 0.80810703
W72: =(U72-T72)*24*60 -> 0 | AF72: -130.33333 | AG72: 0.91671991
W73: =(U73-T73)*24*60 -> 0
W74: =(U74-T74)*24*60 -> 0
H75: =F75*G75 -> 0 | W75: =(U75-T75)*24*60 -> 0
H76: =F76*G76 -> 0 | W76: =(U76-T76)*24*60 -> 0
H77: =F77*G77 -> 0 | W77: =(U77-T77)*24*60 -> 0
H78: =F78*G78 -> 0 | W78: =(U78-T78)*24*60 -> 0
C79: 4度四組 | D79: 平均 | J79: =AVERAGE(J70:J78) -> #N/A | K79: =AVERAGE(K70:K78) -> #N/A | L79: =AVERAGE(L70:L78) -> #N/A | M79: =AVERAGE(M70:M78) -> 11 | N79: =AVERAGE(N70:N78) -> 775.88571 | O79: =AVERAGE(O70:O78) -> 70.535065 | P79: =M79-J79 -> #N/A | Q79: =N79-K79 -> #N/A | R79: =O79/L79 -> #N/A | Z79: =SUM(Z70:Z78) -> 0 | AA79: =SUM(AA70:AA78) -> 0 | AD79: =SUM(AD70:AD78) -> 0 | AE79: =SUM(AE70:AE78) -> 0 | AF79: =N79-K79 -> #N/A | AG79: =N79/K79 -> #N/A
AJ80: 1.當日出勤人數較多
AJ81: 2.當日出勤人數較少
AJ82: 3.當日出勤熟手較少
AJ83: 4.當日出勤新人較多
AJ84: 5.機台夾盒
AJ85: 6.封膜不順
AJ86: 7.更換膠膜
AJ87: 8.更換碳帶
AJ88: 9.當日熱轉印碳帶異常
AJ89: 10.訂單量過少
AJ90: 11.新品上市，尚未熟悉
AJ91: 12.商品結構，產能較低
AJ92: 13.區域出貨，分段生產

Sheet 0101總
B1: 長家廠組合室生產人時性分析
B3: 日期 | D3: 46023 | F3: 訂單量 | G3: ='0101'!E1 -> 46936 | I3: 營業額 | J3: ='0101'!G1 -> 2271948.9
B4: 項目 | D4: 3 | F4: ➀ | H4: ➁ | J4: ③ | L4: 異常停線 | N4: 短暫停線
B5: 人時性 | D5: 組合室 | F5: 全溫層 | H5: 義大利麵 | J5: 袋裝小吃、義麵 | L5: 合計次數 | M5: 時間 | N5: 合計次數 | O5: 設備次數
D6: 排關平均 | F6: =AVERAGE(D13:J13) -> 110.92422 | H6: =AVERAGE(D13:H13,J13) -> 108.09348 | J6: =AVERAGE(I13) -> 127.90865 | L6: ='0101'!Z2 -> 4 | M6: ='0101'!AA2 -> 88 | N6: ='0101'!AD2 -> 0 | O6: ='0101'!AE2 -> 0
D7: 實績平均 | F7: =AVERAGE(D14:J14) -> 96.330213 | H7: =AVERAGE(D14:H14,J14) -> 93.598205 | J7: =AVERAGE(I14) -> 112.72226
D8: 達成率平均 | F8: =F7/F6 -> 0.86843262 | H8: =H7/H6 -> 0.86590054 | J8: =J7/J6 -> 0.88127158
J9: ※現行日本鮮食廠以達成率80%為基本(即為現行KPI)
B10: 溫層 | D10: 4度C-各編組展開
B11: 編組 | D11: 1 | E11: 2 | F11: 3 | G11: 4 | H11: 5 | I11: 6 | J11: 7
D12: 自動1線 | E12: 自動2線 | F12: 手工3線 | G12: 手工4線 | H12: 手工5線 | I12: 調理包1線 | J12: 調理包2線
B13: 人時性 | C13: 排關 | D13: =VALUE('0101'!L15) -> 116.40159 | E13: =VALUE('0101'!L26) -> 162.27564 | F13: =VALUE('0101'!L37) -> 84.779412 | G13: =VALUE('0101'!L48) -> 83.408991 | H13: =VALUE('0101'!L58) -> 89.195261 | I13: =VALUE('0101'!L69) -> 127.90865 | J13: ='0101'!L79 -> 112.5
C14: 實績 | D14: =VALUE('0101'!O15) -> 103.81803 | E14: =VALUE('0101'!O26) -> 138.58069 | F14: =VALUE('0101'!O37) -> 78.256979 | G14: =VALUE('0101'!O48) -> 71.6794 | H14: =VALUE('0101'!O58) -> 80.992062 | I14: =VALUE('0101'!O69) -> 112.72226 | J14: ='0101'!O79 -> 88.262069
C15: 達成率 | D15: =D14/D13 -> 0.89189529 | E15: =E14/E13 -> 0.8539833 | F15: =F14/F13 -> 0.92306584 | G15: =G14/G13 -> 0.85937258 | H15: =H14/H13 -> 0.90803099 | I15: =I14/I13 -> 0.88127158 | J15: =J14/J13 -> 0.78455172
B16: 作業 時間 | C16: 開始 | D16: ='0101'!T5 -> 0.29027778 | E16: ='0101'!T16 -> 0.29027778 | F16: ='0101'!T27 -> 0.29166667 | G16: ='0101'!T38 -> 0.33333333 | H16: ='0101'!T49 -> 0.28888889 | I16: ='0101'!T59 -> 0.29166667 | J16: ='0101'!T70 -> 0.34027778
C17: 結束 | D17: 0.64583333 | E17: 0.59652778 | F17: 0.58333333 | G17: 0.60902778 | H17: 0.61458333 | I17: 0.55902778 | J17: 0.44097222
B18: 產線異常 (5分鐘以上) | C18: 次數 | D18: ='0101'!Z15 -> 1 | E18: ='0101'!Z26 -> 1 | F18: ='0101'!Z37 -> 1 | G18: ='0101'!Z48 -> 1 | H18: ='0101'!Z58 -> 0 | I18: ='0101'!Z69 -> 0 | J18: ='0101'!Z79 -> 0
C19: 時間/分 | D19: ='0101'!AA15 -> 23 | E19: ='0101'!AA26 -> 29 | F19: ='0101'!AA37 -> 15 | G19: ='0101'!AA48 -> 21 | H19: ='0101'!AA58 -> 0 | I19: ='0101'!AA69 -> 0 | J19: ='0101'!AA79 -> 0
B20: 短暫停線 (5分鐘以下) | C20: 次數 | D20: ='0101'!AD15 -> 0 | E20: ='0101'!AD26 -> 0 | F20: ='0101'!AD37 -> 0 | G20: ='0101'!AD48 -> 0 | H20: ='0101'!AD58 -> 0 | I20: ='0101'!AD69 -> 0 | J20: ='0101'!AD79 -> 0
C21: 設備次數 | D21: ='0101'!AE15 -> 0 | E21: ='0101'!AD15 -> 0 | F21: ='0101'!AE37 -> 0 | G21: ='0101'!AE48 -> 0 | H21: ='0101'!AE58 -> 0 | I21: ='0101'!AE69 -> 0 | J21: ='0101'!AE79 -> 0
B22: 配置人數 | D22: =VALUE('0101'!M15) -> 15.2 | E22: =VALUE('0101'!M26) -> 12.75 | F22: =VALUE('0101'!M37) -> 15.5 | G22: =VALUE('0101'!M48) -> 14 | H22: =VALUE('0101'!M58) -> 16.75 | I22: =VALUE('0101'!M69) -> 11.75 | J22: ='0101'!M79 -> 10
B23: 主要應用設備 | D23: ET-600 | E23: ET-600 | F23: ET-55 | G23: ET-55 | H23: ET-55 | I23: 八爪機
B24: 次要應用設備 | H24: 封口機
B25: 備註

Sheet 0101
A1: 長家廠4度C日報分析 | D1: 總生產量 | E1: =SUM(G5:G79) -> 46936 | F1: 營業額 | G1: =SUM(H5:H79) -> 2271948.9 | H1: 出勤人數 | I1: =M15+M26+M48+M58+M69+M79+M37 -> 95.95 | J1: 產線配置圖 | M1: 生產實績 | P1: 人時性差異分析 | T1: 日報登錄 | Z1: 合計 次數 | AA1: 合計 時間/分 | AB1: 分析說明 | AD1: 合計 次數 | AE1: 合計 設備次數 | AF1: 產能差異分析
A2: 01月01日 星期四 | D2: 人時性 | E2: =AVERAGE(O15,O26,O37,O48,O58,O69,O79) -> 96.330213 | F2: 平均廠價 | G2: =G1/E1 -> 48.405251 | H2: 多次生產數 | I2: =COUNT(I5:I79) -> 0 | Z2: =Z15+Z26+Z37+Z48+Z58+Z69+Z79 -> 4 | AA2: =AA15+AA26+AA37+AA48+AA58+AA69+AA79 -> 88 | AD2: =AD15+AD26+AD37+AD48+AD58+AD69+AD79 -> 0 | AE2: =AE15+AE26+AE37+AE48+AE58+AE69+AE79 -> 0
A3: 線別 | B3: 品類 | D3: 品名 | F3: 廠價 | G3: 生產量 | H3: 營收 | I3: 多次 生產 | J3: 人數 | K3: 產能/時 | L3: 人時性 | M3: 人數 | N3: 產能/時 | O3: 人時性 | P3: 人數 | Q3: 人時性 | R3: 達成率 | S3: 達成率平均 | T3: 生產時間 | V3: 前置、換線時間/分 | W3: 稼動時間/分 | X3: 休息時間 | Z3: 產線異常統計 (5分鐘以上) | AD3: 短暫停線統計 (5分鐘以下) | AF3: 產能/時 | AG3: 達成率 | AH3: 達成率平均
T4: 開始 | U4: 結束 | X4: 開始 | Y4: 結束 | Z4: 次數 | AA4: 時間/分 | AD4: 總次數 | AE4: 設備因素(次數)
A5: 自動一線 (ET-600) | B5: 義大利麵 | D5: 奶油起司蝦仁通心粉 | F5: =VLOOKUP(D5,廠價表!$C$1:$E$41,3,0) -> 47.71 | G5: 2682 | H5: =F5*G5 -> 127958.22 | J5: =VLOOKUP(D5,產線配置圖!$A$3:$C$39,2,0) -> 14 | K5: =VLOOKUP(D5,產線配置圖!$A$3:$C$39,3,0) -> 1440 | L5: =K5/J5 -> 102.85714 | M5: 14 | N5: =G5/W5*60 -> 1436.7857 | O5: =N5/M5 -> 102.62755 | P5: =M5-J5 -> 0 | Q5: =O5-L5 -> -0.22959184 | R5: =O5/L5 -> 0.99776786 | S5: =R15 -> 0.89189529 | T5: 0.29027778 | U5: 0.36805556 | W5: =(U5-T5)*24*60 -> 112 | AF5: =N5-K5 -> -3.2142857 | AG5: =N5/K5 -> 0.99776786 | AH5: =AG15 -> 0.88224908
B6: 義大利麵 | D6: 韓式起司炸雞義大利麵 | F6: =VLOOKUP(D6,廠價表!$C$1:$E$41,3,0) -> 57.21 | G6: 1463 | H6: =F6*G6 -> 83698.23 | J6: =VLOOKUP(D6,產線配置圖!$A$3:$C$39,2,0) -> 17 | K6: =VLOOKUP(D6,產線配置圖!$A$3:$C$39,3,0) -> 2000 | L6: =K6/J6 -> 117.64706 | M6: 17 | N6: =G6/W6*60 -> 1995 | O6: =N6/M6 -> 117.35294 | P6: =M6-J6 -> 0 | Q6: =O6-L6 -> -0.29411765 | R6: =O6/L6 -> 0.9975 | T6: 0.37361111 | U6: 0.40416667 | V6: =(T6-U5)*24*60 -> 8 | W6: =(U6-T6)*24*60 -> 44 | AF6: =N6-K6 -> -5 | AG6: =N6/K6 -> 0.9975
B7: 義大利麵 | D7: 奶油培根義大利麵 | F7: =VLOOKUP(D7,廠價表!$C$1:$E$41,3,0) -> 49.14 | G7: 3223 | H7: =F7*G7 -> 158378.22 | J7: =VLOOKUP(D7,產線配置圖!$A$3:$C$39,2,0) -> 14 | K7: =VLOOKUP(D7,產線配置圖!$A$3:$C$39,3,0) -> 2000 | L7: =K7/J7 -> 142.85714 | M7: 14 | N7: =G7/W7*60 -> 1993.6082 | O7: =N7/M7 -> 142.40059 | P7: =M7-J7 -> 0 | Q7: =O7-L7 -> -0.45655376 | R7: =O7/L7 -> 0.99680412 | T7: 0.41041667 | U7: 0.47777778 | V7: =(T7-U6)*24*60 -> 9 | W7: =(U7-T7)*24*60 -> 97 | AF7: =N7-K7 -> -6.3917526 | AG7: =N7/K7 -> 0.99680412
B8: 義大利麵 | D8: 奶油培根義大利麵 | F8: =VLOOKUP(D8,廠價表!$C$1:$E$41,3,0) -> 49.14 | G8: 1111 | H8: =F8*G8 -> 54594.54 | J8: =VLOOKUP(D8,產線配置圖!$A$3:$C$39,2,0) -> 14 | K8: =VLOOKUP(D8,產線配置圖!$A$3:$C$39,3,0) -> 2000 | L8: =K8/J8 -> 142.85714 | M8: 14 | N8: =G8/W8*60 -> 1190.3571 | O8: =N8/M8 -> 85.02551 | P8: =M8-J8 -> 0 | Q8: =O8-L8 -> -57.831633 | R8: =O8/L8 -> 0.59517857 | T8: 0.54027778 | U8: 0.57916667 | V8: =(T8-U7)*24*60 -> 90 | W8: =(U8-T8)*24*60 -> 56 | X8: 0.48611111 | Y8: 0.52777778 | Z8: 1 | AA8: 23 | AB8: 玉取機停麵 | AF8: =N8-K8 -> -809.64286 | AG8: =N8/K8 -> 0.59517857
B9: 熱乾麵 | D9: 府城鹽水意麵 | F9: =VLOOKUP(D9,廠價表!$C$1:$E$41,3,0) -> 44.3 | G9: 1178 | H9: =F9*G9 -> 52185.4 | J9: =VLOOKUP(D9,產線配置圖!$A$3:$C$39,2,0) -> 19 | K9: =VLOOKUP(D9,產線配置圖!$A$3:$C$39,3,0) -> 1440 | L9: =K9/J9 -> 75.789474 | M9: 17 | N9: =G9/W9*60 -> 1218.6207 | O9: =N9/M9 -> 71.68357 | P9: =M9-J9 -> -2 | Q9: =O9-L9 -> -4.1059037 | R9: =O9/L9 -> 0.94582488 | T9: 0.60555556 | U9: 0.64583333 | W9: =(U9-T9)*24*60 -> 58 | AB9: 協助製作 | AF9: =N9-K9 -> -221.37931 | AG9: =N9/K9 -> 0.84626437
AF10: =N10-K10 -> 0 | AG10: =N10/K10 -> #DIV/0!
AF11: =N11-K11 -> 0 | AG11: =N11/K11 -> #DIV/0!
W12: =(U12-T12)*24*60 -> 0
V13: . | W13: =(U13-T13)*24*60 -> 0
W14: =(U14-T14)*24*60 -> 0
C15: 4度一組 | D15: 平均 | J15: =AVERAGE(J5:J14) -> 15.6 | K15: =AVERAGE(K5:K14) -> 1776 | L15: =AVERAGE(L5:L14) -> 116.40159 | M15: =AVERAGE(M5:M14) -> 15.2 | N15: =AVERAGE(N5:N14) -> 1566.8744 | O15: =AVERAGE(O5:O14) -> 103.81803 | P15: =M15-J15 -> -0.4 | Q15: =O15-L15 -> -12.58356 | R15: =O15/L15 -> 0.89189529 | Z15: =SUM(Z5:Z14) -> 1 | AA15: =SUM(AA5:AA14) -> 23 | AD15: =SUM(AD5:AD14) -> 0 | AE15: =SUM(AE5:AE14) -> 0 | AF15: =N15-K15 -> -209.12564 | AG15: =N15/K15 -> 0.88224908
A16: 自動二線 (ET-600) | B16: 義大利麵 | D16: 白酒蛤蜊義大利麵 | F16: =VLOOKUP(D16,廠價表!$C$1:$E$41,3,0) -> 57.21 | G16: 2324 | H16: =F16*G16 -> 132956.04 | J16: =VLOOKUP(D16,產線配置圖!$A$3:$C$39,2,0) -> 13 | K16: =VLOOKUP(D16,產線配置圖!$A$3:$C$39,3,0) -> 2105 | L16: =K16/J16 -> 161.92308 | M16: 14 | N16: =G16/W16*60 -> 1936.6667 | O16: =N16/M16 -> 138.33333 | P16: =M16-J16 -> 1 | Q16: =O16-L16 -> -23.589744 | R16: =O16/L16 -> 0.85431512 | S16: =R26 -> 0.8539833 | T16: 0.29027778 | U16: 0.34027778 | W16: =(U16-T16)*24*60 -> 72 | AB16: 封膜頻繁異常，多一人進行作業 | AF16: =N16-K16 -> -168.33333 | AG16: =N16/K16 -> 0.92003167 | AH16: =AG26 -> 0.87374294
B17: 義大利麵 | D17: 青醬蛤蜊義大利麵 | F17: =VLOOKUP(D17,廠價表!$C$1:$E$41,3,0) -> 50.67 | G17: 3285 | H17: =F17*G17 -> 166450.95 | J17: =VLOOKUP(D17,產線配置圖!$A$3:$C$39,2,0) -> 13 | K17: =VLOOKUP(D17,產線配置圖!$A$3:$C$39,3,0) -> 2000 | L17: =K17/J17 -> 153.84615 | M17: 13 | N17: =G17/W17*60 -> 1990.9091 | O17: =N17/M17 -> 153.14685 | P17: =M17-J17 -> 0 | Q17: =O17-L17 -> -0.6993007 | R17: =O17/L17 -> 0.99545455 | T17: 0.34722222 | U17: 0.41597222 | V17: =(T17-U16)*24*60 -> 10 | W17: =(U17-T17)*24*60 -> 99 | AF17: =N17-K17 -> -9.0909091 | AG17: =N17/K17 -> 0.99545455
B18: 義大利麵 | D18: 義式蕃茄起司義大利麵 | F18: =VLOOKUP(D18,廠價表!$C$1:$E$41,3,0) -> 50.39 | G18: 2487 | H18: =F18*G18 -> 125319.93 | J18: =VLOOKUP(D18,產線配置圖!$A$3:$C$39,2,0) -> 12 | K18: =VLOOKUP(D18,產線配置圖!$A$3:$C$39,3,0) -> 2000 | L18: =K18/J18 -> 166.66667 | M18: 12 | N18: =G18/W18*60 -> 1865.25 | O18: =N18/M18 -> 155.4375 | P18: =M18-J18 -> 0 | Q18: =O18-L18 -> -11.229167 | R18: =O18/L18 -> 0.932625 | T18: 0.42361111 | U18: 0.47916667 | V18: =(T18-U17)*24*60 -> 11 | W18: =(U18-T18)*24*60 -> 80 | X18: 0.48611111 | Y18: 0.52777778 | AF18: =N18-K18 -> -134.75 | AG18: =N18/K18 -> 0.932625
B19: 義大利麵 | D19: 義式蕃茄起司義大利麵 | F19: =VLOOKUP(D19,廠價表!$C$1:$E$41,3,0) -> 50.39 | G19: 1697 | H19: =F19*G19 -> 85511.83 | J19: =VLOOKUP(D19,產線配置圖!$A$3:$C$39,2,0) -> 12 | K19: =VLOOKUP(D19,產線配置圖!$A$3:$C$39,3,0) -> 2000 | L19: =K19/J19 -> 166.66667 | M19: 12 | N19: =G19/W19*60 -> 1288.8608 | O19: =N19/M19 -> 107.40506 | P19: =M19-J19 -> 0 | Q19: =O19-L19 -> -59.261603 | R19: =O19/L19 -> 0.64443038 | T19: 0.54166667 | U19: 0.59652778 | V19: =(T19-U18)*24*60 -> 90 | W19: =(U19-T19)*24*60 -> 79 | Z19: 1 | AA19: 29 | AB19: 玉取機停麵 | AF19: =N19-K19 -> -711.13924 | AG19: =N19/K19 -> 0.64443038
W20: =(U20-T20)*24*60 -> 0
W21: =(U21-T21)*24*60 -> 0
W22: 0
W23: =(U23-T23)*24*60 -> 0
H24: =F24*G24 -> 0 | W24: =(U24-T24)*24*60 -> 0
H25: =F25*G25 -> 0 | W25: =(U25-T25)*24*60 -> 0
C26: 4度二組A | D26: 平均 | J26: =AVERAGE(J16:J25) -> 12.5 | K26: =AVERAGE(K16:K25) -> 2026.25 | L26: =AVERAGE(L16:L25) -> 162.27564 | M26: =AVERAGE(M16:M25) -> 12.75 | N26: =AVERAGE(N16:N25) -> 1770.4216 | O26: =AVERAGE(O16:O25) -> 138.58069 | P26: =M26-J26 -> 0.25 | Q26: =O26-L26 -> -23.694954 | R26: =O26/L26 -> 0.8539833 | Z26: =SUM(Z16:Z25) -> 1 | AA26: =SUM(AA16:AA25) -> 29 | AD26: =SUM(AD16:AD25) -> 0 | AE26: =SUM(AE16:AE25) -> 0 | AF26: =N26-K26 -> -255.82837 | AG26: =N26/K26 -> 0.87374294
A27: 手工三線 (ET-55) | B27: 義大利麵 | D27: 惡魔乳酪生義大利麵 | F27: =VLOOKUP(D27,廠價表!$C$1:$E$41,3,0) -> 57.3 | G27: 2725 | H27: =F27*G27 -> 156142.5 | J27: =VLOOKUP(D27,產線配置圖!$A$3:$C$39,2,0) -> 17 | K27: =VLOOKUP(D27,產線配置圖!$A$3:$C$39,3,0) -> 1500 | L27: =K27/J27 -> 88.235294 | M27: 14 | N27: =G27/W27*60 -> 1202.2059 | O27: =N27/M27 -> 85.871849 | P27: =M27-J27 -> -3 | Q27: =O27-L27 -> -2.3634454 | R27: =O27/L27 -> 0.97321429 | S27: =R37 -> 0.92306584 | T27: 0.29166667 | U27: 0.38611111 | W27: =(U27-T27)*24*60 -> 136 | Z27: 1 | AA27: 15 | AB27: 熱轉印異常 | AF27: =N27-K27 -> -297.79412 | AG27: =N27/K27 -> 0.80147059 | AH27: =AG37 -> 0.83888406
B28: 義大利麵 | D28: 奶油蒜香雞義大利麵 | F28: =VLOOKUP(D28,廠價表!$C$1:$E$41,3,0) -> 55.13 | G28: 1609 | H28: =F28*G28 -> 88704.17 | J28: =VLOOKUP(D28,產線配置圖!$A$3:$C$39,2,0) -> 17 | K28: =VLOOKUP(D28,產線配置圖!$A$3:$C$39,3,0) -> 1385 | L28: =K28/J28 -> 81.470588 | M28: 18 | N28: =G28/W28*60 -> 1359.7183 | O28: =N28/M28 -> 75.539906 | P28: =M28-J28 -> 1 | Q28: =O28-L28 -> -5.9306821 | R28: =O28/L28 -> 0.92720462 | T28: 0.39166667 | U28: 0.44097222 | V28: =(T28-U27)*24*60 -> 8 | W28: =(U28-T28)*24*60 -> 71 | AF28: =N28-K28 -> -25.28169 | AG28: =N28/K28 -> 0.98174607
B29: 熱乾麵 | D29: 沙茶豬肉炒麵 | F29: =VLOOKUP(D29,廠價表!$C$1:$E$41,3,0) -> 49.52 | G29: 1065 | H29: =F29*G29 -> 52738.8 | J29: =VLOOKUP(D29,產線配置圖!$A$3:$C$39,2,0) -> 17 | K29: =VLOOKUP(D29,產線配置圖!$A$3:$C$39,3,0) -> 1440 | L29: =K29/J29 -> 84.705882 | M29: 15 | N29: =G29/W29*60 -> 1183.3333 | O29: =N29/M29 -> 78.888889 | P29: =M29-J29 -> -2 | Q29: =O29-L29 -> -5.8169935 | R29: =O29/L29 -> 0.93132716 | T29: 0.44722222 | U29: 0.48472222 | V29: =(T29-U28)*24*60 -> 9 | W29: =(U29-T29)*24*60 -> 54 | AF29: =N29-K29 -> -256.66667 | AG29: =N29/K29 -> 0.82175926
B30: 熱乾麵 | D30: 沙茶豬肉炒麵 | F30: =VLOOKUP(D30,廠價表!$C$1:$E$41,3,0) -> 49.52 | G30: 1000 | H30: =F30*G30 -> 49520 | J30: =VLOOKUP(D30,產線配置圖!$A$3:$C$39,2,0) -> 17 | K30: =VLOOKUP(D30,產線配置圖!$A$3:$C$39,3,0) -> 1440 | L30: =K30/J30 -> 84.705882 | M30: 15 | N30: =G30/W30*60 -> 1090.9091 | O30: =N30/M30 -> 72.727273 | P30: =M30-J30 -> -2 | Q30: =O30-L30 -> -11.97861 | R30: =O30/L30 -> 0.85858586 | T30: 0.54513889 | U30: 0.58333333 | V30: =(T30-U29)*24*60 -> 87 | W30: =(U30-T30)*24*60 -> 55 | X30: 0.49652778 | Y30: 0.53819444 | AF30: =N30-K30 -> -349.09091 | AG30: =N30/K30 -> 0.75757576
W31: =(U31-T31)*24*60 -> 0 | AF31: =N31-K31 -> 0 | AG31: =N31/K31 -> #DIV/0!
W32: =(U32-T32)*24*60 -> 0
W33: =(U33-T33)*24*60 -> 0
W34: =(U34-T34)*24*60 -> 0
W35: =(U35-T35)*24*60 -> 0
H36: =F36*G36 -> 0 | W36: =(U36-T36)*24*60 -> 0
C37: 4度二組B | D37: 平均 | J37: =AVERAGE(J27:J36) -> 17 | K37: =AVERAGE(K27:K36) -> 1441.25 | L37: =AVERAGE(L27:L36) -> 84.779412 | M37: =AVERAGE(M27:M36) -> 15.5 | N37: =AVERAGE(N27:N36) -> 1209.0417 | O37: =AVERAGE(O27:O36) -> 78.256979 | P37: =M37-J37 -> -1.5 | Q37: =N37-K37 -> -232.20835 | R37: =O37/L37 -> 0.92306584 | Z37: =SUM(Z27:Z36) -> 1 | AA37: =SUM(AA27:AA36) -> 15 | AD37: =SUM(AD27:AD36) -> 0 | AE37: =SUM(AE27:AE36) -> 0 | AF37: =N37-K37 -> -232.20835 | AG37: =N37/K37 -> 0.83888406
A38: 手工四線 (ET-55) | B38: 義大利麵 | D38: 焗烤明太子筆尖麵 | F38: =VLOOKUP(D38,廠價表!$C$1:$E$41,3,0) -> 57.3 | G38: 1821 | H38: =F38*G38 -> 104343.3 | J38: =VLOOKUP(D38,產線配置圖!$A$3:$C$39,2,0) -> 16 | K38: =VLOOKUP(D38,產線配置圖!$A$3:$C$39,3,0) -> 1385 | L38: =K38/J38 -> 86.5625 | M38: 14 | N38: =G38/W38*60 -> 1150.1053 | O38: =N38/M38 -> 82.150376 | P38: =M38-J38 -> -2 | Q38: =O38-L38 -> -4.4121241 | R38: =O38/L38 -> 0.94902961 | S38: =R48 -> 0.85937258 | T38: 0.33333333 | U38: 0.39930556 | W38: =(U38-T38)*24*60 -> 95 | AF38: =N38-K38 -> -234.89474 | AG38: =N38/K38 -> 0.83040091 | AH38: =AG48 -> 0.71154215
B39: 義大利麵 | D39: 濃拿坡里義大利麵 | F39: =VLOOKUP(D39,廠價表!$C$1:$E$41,3,0) -> 56.43 | G39: 1356 | H39: =F39*G39 -> 76519.08 | J39: =VLOOKUP(D39,產線配置圖!$A$3:$C$39,2,0) -> 16 | K39: =VLOOKUP(D39,產線配置圖!$A$3:$C$39,3,0) -> 1406 | L39: =K39/J39 -> 87.875 | M39: 14 | N39: =G39/W39*60 -> 838.76289 | O39: =N39/M39 -> 59.911635 | P39: =M39-J39 -> -2 | Q39: =O39-L39 -> -27.963365 | R39: =O39/L39 -> 0.68178247 | T39: 0.40972222 | U39: 0.47708333 | V39: =(T39-U38)*24*60 -> 15 | W39: =(U39-T39)*24*60 -> 97 | Z39: 1 | AA39: 21 | AB39: 封膜機異常 | AF39: =N39-K39 -> -567.23711 | AG39: =N39/K39 -> 0.59655966
B40: 熱乾麵 | D40: 府城鹽水意麵 | F40: =VLOOKUP(D40,廠價表!$C$1:$E$41,3,0) -> 44.3 | G40: 1226 | H40: =F40*G40 -> 54311.8 | J40: =VLOOKUP(D40,產線配置圖!$A$3:$C$39,2,0) -> 19 | K40: =VLOOKUP(D40,產線配置圖!$A$3:$C$39,3,0) -> 1440 | L40: =K40/J40 -> 75.789474 | M40: 14 | N40: =G40/W40*60 -> 1021.6667 | O40: =N40/M40 -> 72.97619 | P40: =M40-J40 -> -5 | Q40: =O40-L40 -> -2.8132832 | R40: =O40/L40 -> 0.96288029 | T40: 0.55902778 | U40: 0.60902778 | V40: =(T40-U39)*24*60 -> 118 | W40: =(U40-T40)*24*60 -> 72 | AF40: =N40-K40 -> -418.33333 | AG40: =N40/K40 -> 0.70949074
W41: =(U41-T41)*24*60 -> 0 | AF41: =N41-K41 -> 0 | AG41: =N41/K41 -> #DIV/0!
W42: =(U42-T42)*24*60 -> 0
W43: =(U43-T43)*24*60 -> 0
W44: =(U44-T44)*24*60 -> 0
W45: =(U45-T45)*24*60 -> 0
W46: =(U46-T46)*24*60 -> 0
H47: =F47*G47 -> 0 | W47: =(U47-T47)*24*60 -> 0
C48: 4度二組C1 | D48: 平均 | J48: =AVERAGE(J38:J47) -> 17 | K48: =AVERAGE(K38:K47) -> 1410.3333 | L48: =AVERAGE(L38:L47) -> 83.408991 | M48: =AVERAGE(M38:M47) -> 14 | N48: =AVERAGE(N38:N47) -> 1003.5116 | O48: =AVERAGE(O38:O47) -> 71.6794 | P48: =M48-J48 -> -3 | Q48: =N48-K48 -> -406.82173 | R48: =O48/L48 -> 0.85937258 | W48: =(U48-T48)*24*60 -> 0 | Z48: =SUM(Z38:Z47) -> 1 | AA48: =SUM(AA38:AA47) -> 21 | AD48: =SUM(AD38:AD47) -> 0 | AE48: =SUM(AE38:AE47) -> 0 | AF48: =N48-K48 -> -406.82173 | AG48: =N48/K48 -> 0.71154215
A49: 手工五線 (ET-55) | B49: 義大利麵 | D49: 剝皮辣椒雞奶油扁麵 | F49: =VLOOKUP(D49,廠價表!$C$1:$E$41,3,0) -> 56.87 | G49: 1500 | H49: =F49*G49 -> 85305 | J49: =VLOOKUP(D49,產線配置圖!$A$3:$C$39,2,0) -> 18 | K49: =VLOOKUP(D49,產線配置圖!$A$3:$C$39,3,0) -> 1565 | L49: =K49/J49 -> 86.944444 | M49: 17 | N49: =G49/W49*60 -> 1200 | O49: =N49/M49 -> 70.588235 | P49: =M49-J49 -> -1 | Q49: =O49-L49 -> -16.356209 | R49: =O49/L49 -> 0.81187747 | S49: =R58 -> 0.90803099 | T49: 0.28888889 | U49: 0.34097222 | W49: =(U49-T49)*24*60 -> 75 | AF49: =N49-K49 -> -365 | AG49: =N49/K49 -> 0.76677316 | AH49: =AG58 -> 0.85724198
B50: 熱乾麵 | D50: 青花椒麻雞肉拌麵 | F50: =VLOOKUP(D50,廠價表!$C$1:$E$41,3,0) -> 49.91 | G50: 2510 | H50: =F50*G50 -> 125274.1 | J50: =VLOOKUP(D50,產線配置圖!$A$3:$C$39,2,0) -> 17 | K50: =VLOOKUP(D50,產線配置圖!$A$3:$C$39,3,0) -> 1565 | L50: =K50/J50 -> 92.058824 | M50: 17 | N50: =G50/W50*60 -> 1420.7547 | O50: =N50/M50 -> 83.573807 | P50: =M50-J50 -> 0 | Q50: =O50-L50 -> -8.4850166 | R50: =O50/L50 -> 0.90783049 | T50: 0.35208333 | U50: 0.42569444 | V50: =(T50-U49)*24*60 -> 16 | W50: =(U50-T50)*24*60 -> 106 | AF50: =N50-K50 -> -144.24528 | AG50: =N50/K50 -> 0.90783049
B51: 義大利麵 | D51: 焗烤起司雙饗筆尖麵 | F51: =VLOOKUP(D51,廠價表!$C$1:$E$41,3,0) -> 49.97 | G51: 1233 | H51: =F51*G51 -> 61613.01 | J51: =VLOOKUP(D51,產線配置圖!$A$3:$C$39,2,0) -> 18 | K51: =VLOOKUP(D51,產線配置圖!$A$3:$C$39,3,0) -> 1600 | L51: =K51/J51 -> 88.888889 | M51: 16 | N51: =G51/W51*60 -> 1297.8947 | O51: =N51/M51 -> 81.118421 | P51: =M51-J51 -> -2 | Q51: =O51-L51 -> -7.7704678 | R51: =O51/L51 -> 0.91258224 | T51: 0.43472222 | U51: 0.47430556 | V51: =(T51-U50)*24*60 -> 13 | W51: =(U51-T51)*24*60 -> 57 | AF51: =N51-K51 -> -302.10526 | AG51: =N51/K51 -> 0.81118421
B52: 義大利麵 | D52: 焗烤起司雙饗筆尖麵 | F52: =VLOOKUP(D52,廠價表!$C$1:$E$41,3,0) -> 49.97 | G52: 2940 | H52: =F52*G52 -> 146911.8 | J52: =VLOOKUP(D52,產線配置圖!$A$3:$C$39,2,0) -> 18 | K52: =VLOOKUP(D52,產線配置圖!$A$3:$C$39,3,0) -> 1600 | L52: =K52/J52 -> 88.888889 | M52: 17 | N52: =G52/W52*60 -> 1507.6923 | O52: =N52/M52 -> 88.687783 | P52: =M52-J52 -> -1 | Q52: =O52-L52 -> -0.20110608 | R52: =O52/L52 -> 0.99773756 | T52: 0.53333333 | U52: 0.61458333 | V52: =(T52-U51)*24*60 -> 85 | W52: =(U52-T52)*24*60 -> 117 | X52: 0.47916667 | Y52: 0.52083333 | AF52: =N52-K52 -> -92.307692 | AG52: =N52/K52 -> 0.94230769
W53: =(U53-T53)*24*60 -> 0 | AF53: =N53-K53 -> 0 | AG53: =N53/K53 -> #DIV/0!
W54: =(U54-T54)*24*60 -> 0
W55: =(U55-T55)*24*60 -> 0
W56: =(U56-T56)*24*60 -> 0
W57: =(U57-T57)*24*60 -> 0
C58: 4度二組C2 | D58: 平均 | J58: =AVERAGE(J49:J57) -> 17.75 | K58: =AVERAGE(K49:K57) -> 1582.5 | L58: =AVERAGE(L49:L57) -> 89.195261 | M58: =AVERAGE(M49:M57) -> 16.75 | N58: =AVERAGE(N49:N57) -> 1356.5854 | O58: =AVERAGE(O49:O57) -> 80.992062 | P58: =M58-J58 -> -1 | Q58: =N58-K58 -> -225.91456 | R58: =O58/L58 -> 0.90803099 | Z58: =SUM(Z49:Z57) -> 0 | AA58: =SUM(AA49:AA57) -> 0 | AD58: =SUM(AD49:AD57) -> 0 | AE58: =SUM(AE49:AE57) -> 0 | AF58: =N58-K58 -> -225.91456 | AG58: =N58/K58 -> 0.85724198
A59: 調理包一線 (八爪機) | B59: 小吃、微波 | D59: 小滷青蔬 | F59: =VLOOKUP(D59,廠價表!$C$1:$E$41,3,0) -> 26.99 | G59: 3662 | H59: =F59*G59 -> 98837.38 | J59: =VLOOKUP(D59,產線配置圖!$A$3:$C$39,2,0) -> 13 | K59: =VLOOKUP(D59,產線配置圖!$A$3:$C$39,3,0) -> 1565 | L59: =K59/J59 -> 120.38462 | M59: 13 | N59: =G59/W59*60 -> 1464.8 | O59: =N59/M59 -> 112.67692 | P59: =M59-J59 -> 0 | Q59: =O59-L59 -> -7.7076923 | R59: =O59/L59 -> 0.93597444 | S59: =R69 -> 0.88127158 | T59: 0.29166667 | U59: 0.39583333 | W59: =(U59-T59)*24*60 -> 150 | AF59: =N59-K59 -> -100.2 | AG59: =N59/K59 -> 0.93597444 | AH59: =AG69 -> 0.8471459
B60: 小吃、微波 | D60: 台式綜合甜不辣 | F60: =VLOOKUP(D60,廠價表!$C$1:$E$41,3,0) -> 28.47 | G60: 590 | H60: =F60*G60 -> 16797.3 | J60: =VLOOKUP(D60,產線配置圖!$A$3:$C$39,2,0) -> 12 | K60: =VLOOKUP(D60,產線配置圖!$A$3:$C$39,3,0) -> 1565 | L60: =K60/J60 -> 130.41667 | M60: 12 | N60: =G60/W60*60 -> 1416 | O60: =N60/M60 -> 118 | P60: =M60-J60 -> 0 | Q60: =O60-L60 -> -12.416667 | R60: =O60/L60 -> 0.90479233 | T60: 0.40625 | U60: 0.42361111 | V60: =(T60-U59)*24*60 -> 15 | W60: =(U60-T60)*24*60 -> 25 | AF60: =N60-K60 -> -149 | AG60: =N60/K60 -> 0.90479233
B61: 小吃、微波 | D61: 起司馬鈴薯 | F61: =VLOOKUP(D61,廠價表!$C$1:$E$41,3,0) -> 28.26 | G61: 1197 | H61: =F61*G61 -> 33827.22 | J61: =VLOOKUP(D61,產線配置圖!$A$3:$C$39,2,0) -> 12 | K61: =VLOOKUP(D61,產線配置圖!$A$3:$C$39,3,0) -> 1565 | L61: =K61/J61 -> 130.41667 | M61: 11 | N61: =G61/W61*60 -> 1197 | O61: =N61/M61 -> 108.81818 | P61: =M61-J61 -> -1 | Q61: =O61-L61 -> -21.598485 | R61: =O61/L61 -> 0.83438861 | T61: 0.43402778 | U61: 0.47569444 | V61: =(T61-U60)*24*60 -> 15 | W61: =(U61-T61)*24*60 -> 60 | AF61: =N61-K61 -> -368 | AG61: =N61/K61 -> 0.76485623
B62: 小吃、微波 | D62: 起司馬鈴薯 | F62: =VLOOKUP(D62,廠價表!$C$1:$E$41,3,0) -> 28.26 | G62: 919 | H62: =F62*G62 -> 25970.94 | J62: =VLOOKUP(D62,產線配置圖!$A$3:$C$39,2,0) -> 12 | K62: =VLOOKUP(D62,產線配置圖!$A$3:$C$39,3,0) -> 1565 | L62: =K62/J62 -> 130.41667 | M62: 11 | N62: =G62/W62*60 -> 1225.3333 | O62: =N62/M62 -> 111.39394 | P62: =M62-J62 -> -1 | Q62: =O62-L62 -> -19.022727 | R62: =O62/L62 -> 0.85413883 | T62: 0.52777778 | U62: 0.55902778 | W62: =(U62-T62)*24*60 -> 45 | X62: 0.50347222 | Y62: 0.54513889 | AF62: =N62-K62 -> -339.66667 | AG62: =N62/K62 -> 0.7829606
H63: =F63*G63 -> 0 | W63: =(U63-T63)*24*60 -> 0
H64: =F64*G64 -> 0 | W64: =(U64-T64)*24*60 -> 0
H65: =F65*G65 -> 0 | W65: =(U65-T65)*24*60 -> 0
H66: =F66*G66 -> 0 | W66: =(U66-T66)*24*60 -> 0
H67: =F67*G67 -> 0 | W67: =(U67-T67)*24*60 -> 0
H68: =F68*G68 -> 0 | W68: =(U68-T68)*24*60 -> 0
C69: 4度三組 | D69: 平均 | J69: =AVERAGE(J59:J68) -> 12.25 | K69: =AVERAGE(K59:K68) -> 1565 | L69: =AVERAGE(L59:L68) -> 127.90865 | M69: =AVERAGE(M59:M68) -> 11.75 | N69: =AVERAGE(N59:N68) -> 1325.7833 | O69: =AVERAGE(O59:O68) -> 112.72226 | P69: =M69-J69 -> -0.5 | Q69: =N69-K69 -> -239.21667 | R69: =O69/L69 -> 0.88127158 | Z69: =SUM(Z59:Z68) -> 0 | AA69: =SUM(AA59:AA68) -> 0 | AD69: =SUM(AD59:AD68) -> 0 | AE69: =SUM(AE59:AE68) -> 0 | AF69: =N69-K69 -> -239.21667 | AG69: =N69/K69 -> 0.8471459
A70: 調理包二線 (手工) | B70: 義大利麵 | D70: 焗烤起司肉醬筆尖麵 | F70: =VLOOKUP(D70,廠價表!$C$1:$E$41,3,0) -> 50.67 | G70: 2133 | H70: =F70*G70 -> 108079.11 | J70: =VLOOKUP(D70,產線配置圖!$A$3:$C$39,2,0) -> 10 | K70: =VLOOKUP(D70,產線配置圖!$A$3:$C$39,3,0) -> 1125 | L70: =K70/J70 -> 112.5 | M70: 10 | N70: =G70/W70*60 -> 882.62069 | O70: =N70/M70 -> 88.262069 | P70: =M70-J70 -> 0 | Q70: =O70-L70 -> -24.237931 | R70: =O70/L70 -> 0.78455172 | S70: =R79 -> 0.78455172 | T70: 0.34027778 | U70: 0.44097222 | W70: =(U70-T70)*24*60 -> 145 | AB70: 封膜機異常 | AF70: =N70-K70 -> -242.37931 | AG70: =N70/K70 -> 0.78455172 | AH70: =AG79 -> 0.78455172
W71: =(U71-T71)*24*60 -> 0 | AF71: -300.3125 | AG71: 0.80810703
W72: =(U72-T72)*24*60 -> 0 | AF72: -130.33333 | AG72: 0.91671991
W73: =(U73-T73)*24*60 -> 0
W74: =(U74-T74)*24*60 -> 0
H75: =F75*G75 -> 0 | W75: =(U75-T75)*24*60 -> 0
H76: =F76*G76 -> 0 | W76: =(U76-T76)*24*60 -> 0
H77: =F77*G77 -> 0 | W77: =(U77-T77)*24*60 -> 0
H78: =F78*G78 -> 0 | W78: =(U78-T78)*24*60 -> 0
C79: 4度四組 | D79: 平均 | J79: =AVERAGE(J70:J78) -> 10 | K79: =AVERAGE(K70:K78) -> 1125 | L79: =AVERAGE(L70:L78) -> 112.5 | M79: =AVERAGE(M70:M78) -> 10 | N79: =AVERAGE(N70:N78) -> 882.62069 | O79: =AVERAGE(O70:O78) -> 88.262069 | P79: =M79-J79 -> 0 | Q79: =N79-K79 -> -242.37931 | R79: =O79/L79 -> 0.78455172 | Z79: =SUM(Z70:Z78) -> 0 | AA79: =SUM(AA70:AA78) -> 0 | AD79: =SUM(AD70:AD78) -> 0 | AE79: =SUM(AE70:AE78) -> 0 | AF79: =N79-K79 -> -242.37931 | AG79: =N79/K79 -> 0.78455172
AJ80: 1.當日出勤人數較多
AJ81: 2.當日出勤人數較少
AJ82: 3.當日出勤熟手較少
AJ83: 4.當日出勤新人較多
AJ84: 5.機台夾盒
AJ85: 6.封膜不順
AJ86: 7.更換膠膜
AJ87: 8.更換碳帶
AJ88: 9.當日熱轉印碳帶異常
AJ89: 10.訂單量過少
AJ90: 11.新品上市，尚未熟悉
AJ91: 12.商品結構，產能較低
AJ92: 13.區域出貨，分段生產

Sheet 0102總
B1: 長家廠組合室生產人時性分析
B3: 日期 | D3: 46024 | F3: 訂單量 | G3: ='0102'!E1 -> 40942 | I3: 營業額 | J3: ='0102'!G1 -> 1980092.8
B4: 項目 | D4: 3 | F4: ➀ | H4: ➁ | J4: ③ | L4: 異常停線 | N4: 短暫停線
B5: 人時性 | D5: 組合室 | F5: 全溫層 | H5: 義大利麵 | J5: 袋裝小吃、義麵 | L5: 合計次數 | M5: 時間 | N5: 合計次數 | O5: 設備次數
D6: 排關平均 | F6: =AVERAGE(D13:J13) -> 111.99825 | H6: =AVERAGE(D13:H13,J13) -> 109.48585 | J6: =AVERAGE(I13) -> 127.07265 | L6: ='0102'!Z2 -> 4 | M6: ='0102'!AA2 -> 48 | N6: ='0102'!AD2 -> 3 | O6: ='0102'!AE2 -> 2
D7: 實績平均 | F7: =AVERAGE(D14:J14) -> 92.00702 | H7: =AVERAGE(D14:H14,J14) -> 91.72482 | J7: =AVERAGE(I14) -> 93.700216
D8: 達成率平均 | F8: =F7/F6 -> 0.82150406 | H8: =H7/H6 -> 0.83777782 | J8: =J7/J6 -> 0.73737517
J9: ※現行日本鮮食廠以達成率80%為基本(即為現行KPI)
B10: 溫層 | D10: 4度C-各編組展開
B11: 編組 | D11: 1 | E11: 2 | F11: 3 | G11: 4 | H11: 5 | I11: 6 | J11: 7
D12: 自動1線 | E12: 自動2線 | F12: 手工3線 | G12: 手工4線 | H12: 手工5線 | I12: 調理包1線 | J12: 調理包2線
B13: 人時性 | C13: 排關 | D13: =VALUE('0102'!L15) -> 126.55462 | E13: =VALUE('0102'!L26) -> 162.27564 | F13: =VALUE('0102'!L37) -> 85.661765 | G13: =VALUE('0102'!L48) -> 83.408991 | H13: =VALUE('0102'!L58) -> 86.514104 | I13: =VALUE('0102'!L69) -> 127.07265 | J13: ='0102'!L79 -> 112.5
C14: 實績 | D14: =VALUE('0102'!O15) -> 105.12203 | E14: =VALUE('0102'!O26) -> 131.27021 | F14: =VALUE('0102'!O37) -> 78.069443 | G14: =VALUE('0102'!O48) -> 71.322761 | H14: =VALUE('0102'!O58) -> 78.928112 | I14: =VALUE('0102'!O69) -> 93.700216 | J14: ='0102'!O79 -> 85.636364
C15: 達成率 | D15: =D14/D13 -> 0.83064552 | E15: =E14/E13 -> 0.80893355 | F15: =F14/F13 -> 0.9113686 | G15: =G14/G13 -> 0.85509679 | H15: =H14/H13 -> 0.91231497 | I15: =I14/I13 -> 0.73737517 | J15: =J14/J13 -> 0.76121212
B16: 作業 時間 | C16: 開始 | D16: ='0102'!T5 -> 0.29027778 | E16: ='0102'!T16 -> 0.29027778 | F16: ='0102'!T27 -> 0.29027778 | G16: ='0102'!T38 -> 0.33333333 | H16: ='0102'!T49 -> 0.29097222 | I16: ='0102'!T59 -> 0.29166667 | J16: ='0102'!T70 -> 0.34027778
C17: 結束 | D17: 0.58472222 | E17: 0.61111111 | F17: 0.57291667 | G17: 0.58333333 | H17: 0.64583333 | I17: 0.48263889 | J17: 0.44722222
B18: 產線異常 (5分鐘以上) | C18: 次數 | D18: ='0102'!Z15 -> 0 | E18: ='0102'!Z26 -> 2 | F18: ='0102'!Z37 -> 1 | G18: ='0102'!Z48 -> 1 | H18: ='0102'!Z58 -> 0 | I18: ='0102'!Z69 -> 0 | J18: ='0102'!Z79 -> 0
C19: 時間/分 | D19: ='0102'!AA15 -> 0 | E19: ='0102'!AA26 -> 34 | F19: ='0102'!AA37 -> 8 | G19: ='0102'!AA48 -> 6 | H19: ='0102'!AA58 -> 0 | I19: ='0102'!AA69 -> 0 | J19: ='0102'!AA79 -> 0
B20: 短暫停線 (5分鐘以下) | C20: 次數 | D20: ='0102'!AD15 -> 1 | E20: ='0102'!AD26 -> 2 | F20: ='0102'!AD37 -> 0 | G20: ='0102'!AD48 -> 0 | H20: ='0102'!AD58 -> 0 | I20: ='0102'!AD69 -> 0 | J20: ='0102'!AD79 -> 0
C21: 設備次數 | D21: ='0102'!AE15 -> 1 | E21: ='0102'!AD15 -> 1 | F21: ='0102'!AE37 -> 0 | G21: ='0102'!AE48 -> 0 | H21: ='0102'!AE58 -> 0 | I21: ='0102'!AE69 -> 0 | J21: ='0102'!AE79 -> 0
B22: 配置人數 | D22: =VALUE('0102'!M15) -> 14.75 | E22: =VALUE('0102'!M26) -> 12.75 | F22: =VALUE('0102'!M37) -> 14.5 | G22: =VALUE('0102'!M48) -> 14.666667 | H22: =VALUE('0102'!M58) -> 16.2 | I22: =VALUE('0102'!M69) -> 11.666667 | J22: ='0102'!M79 -> 10
B23: 主要應用設備 | D23: ET-600 | E23: ET-600 | F23: ET-55 | G23: ET-55 | H23: ET-55 | I23: 八爪機
B24: 次要應用設備 | H24: 封口機
B25: 備註

Sheet 0102
A1: 長家廠4度C日報分析 | D1: 總生產量 | E1: =SUM(G5:G79) -> 40942 | F1: 營業額 | G1: =SUM(H5:H79) -> 1980092.8 | H1: 出勤人數 | I1: =M15+M26+M48+M58+M69+M79+M37 -> 94.533333 | J1: 產線配置圖 | M1: 生產實績 | P1: 人時性差異分析 | T1: 日報登錄 | Z1: 合計 次數 | AA1: 合計 時間/分 | AB1: 分析說明 | AD1: 合計 次數 | AE1: 合計 設備次數 | AF1: 產能差異分析
A2: 01月02日 星期五 | D2: 人時性 | E2: =AVERAGE(O15,O26,O37,O48,O58,O69,O79) -> 92.00702 | F2: 平均廠價 | G2: =G1/E1 -> 48.363363 | H2: 多次生產數 | I2: =COUNT(I5:I79) -> 0 | Z2: =Z15+Z26+Z37+Z48+Z58+Z69+Z79 -> 4 | AA2: =AA15+AA26+AA37+AA48+AA58+AA69+AA79 -> 48 | AD2: =AD15+AD26+AD37+AD48+AD58+AD69+AD79 -> 3 | AE2: =AE15+AE26+AE37+AE48+AE58+AE69+AE79 -> 2
A3: 線別 | B3: 品類 | D3: 品名 | F3: 廠價 | G3: 生產量 | H3: 營收 | I3: 多次 生產 | J3: 人數 | K3: 產能/時 | L3: 人時性 | M3: 人數 | N3: 產能/時 | O3: 人時性 | P3: 人數 | Q3: 人時性 | R3: 達成率 | S3: 達成率平均 | T3: 生產時間 | V3: 前置、換線時間/分 | W3: 稼動時間/分 | X3: 休息時間 | Z3: 產線異常統計 (5分鐘以上) | AD3: 短暫停線統計 (5分鐘以下) | AF3: 產能/時 | AG3: 達成率 | AH3: 達成率平均
T4: 開始 | U4: 結束 | X4: 開始 | Y4: 結束 | Z4: 次數 | AA4: 時間/分 | AD4: 總次數 | AE4: 設備因素(次數)
A5: 自動一線 (ET-600) | B5: 義大利麵 | D5: 奶油起司蝦仁通心粉 | F5: =VLOOKUP(D5,廠價表!$C$1:$E$41,3,0) -> 47.71 | G5: 2393 | H5: =F5*G5 -> 114170.03 | J5: =VLOOKUP(D5,產線配置圖!$A$3:$C$39,2,0) -> 14 | K5: =VLOOKUP(D5,產線配置圖!$A$3:$C$39,3,0) -> 1440 | L5: =K5/J5 -> 102.85714 | M5: 14 | N5: =G5/W5*60 -> 1227.1795 | O5: =N5/M5 -> 87.655678 | P5: =M5-J5 -> 0 | Q5: =O5-L5 -> -15.201465 | R5: =O5/L5 -> 0.85220798 | S5: =R15 -> 0.83064552 | T5: 0.29027778 | U5: 0.37152778 | W5: =(U5-T5)*24*60 -> 117 | AF5: =N5-K5 -> -212.82051 | AG5: =N5/K5 -> 0.85220798 | AH5: =AG15 -> 0.82257885
B6: 義大利麵 | D6: 韓式起司炸雞義大利麵 | F6: =VLOOKUP(D6,廠價表!$C$1:$E$41,3,0) -> 57.21 | G6: 1101 | H6: =F6*G6 -> 62988.21 | J6: =VLOOKUP(D6,產線配置圖!$A$3:$C$39,2,0) -> 17 | K6: =VLOOKUP(D6,產線配置圖!$A$3:$C$39,3,0) -> 2000 | L6: =K6/J6 -> 117.64706 | M6: 17 | N6: =G6/W6*60 -> 1321.2 | O6: =N6/M6 -> 77.717647 | P6: =M6-J6 -> 0 | Q6: =O6-L6 -> -39.929412 | R6: =O6/L6 -> 0.6606 | T6: 0.38055556 | U6: 0.41527778 | V6: =(T6-U5)*24*60 -> 13 | W6: =(U6-T6)*24*60 -> 50 | AF6: =N6-K6 -> -678.8 | AG6: =N6/K6 -> 0.6606
B7: 義大利麵 | D7: 奶油培根義大利麵 | F7: =VLOOKUP(D7,廠價表!$C$1:$E$41,3,0) -> 49.14 | G7: 2288 | H7: =F7*G7 -> 112432.32 | J7: =VLOOKUP(D7,產線配置圖!$A$3:$C$39,2,0) -> 14 | K7: =VLOOKUP(D7,產線配置圖!$A$3:$C$39,3,0) -> 2000 | L7: =K7/J7 -> 142.85714 | M7: 14 | N7: =G7/W7*60 -> 1782.8571 | O7: =N7/M7 -> 127.34694 | P7: =M7-J7 -> 0 | Q7: =O7-L7 -> -15.510204 | R7: =O7/L7 -> 0.89142857 | T7: 0.42222222 | U7: 0.47569444 | V7: =(T7-U6)*24*60 -> 10 | W7: =(U7-T7)*24*60 -> 77 | AF7: =N7-K7 -> -217.14286 | AG7: =N7/K7 -> 0.89142857
B8: 義大利麵 | D8: 奶油培根義大利麵 | F8: =VLOOKUP(D8,廠價表!$C$1:$E$41,3,0) -> 49.14 | G8: 1908 | H8: =F8*G8 -> 93759.12 | J8: =VLOOKUP(D8,產線配置圖!$A$3:$C$39,2,0) -> 14 | K8: =VLOOKUP(D8,產線配置圖!$A$3:$C$39,3,0) -> 2000 | L8: =K8/J8 -> 142.85714 | M8: 14 | N8: =G8/W8*60 -> 1788.75 | O8: =N8/M8 -> 127.76786 | P8: =M8-J8 -> 0 | Q8: =O8-L8 -> -15.089286 | R8: =O8/L8 -> 0.894375 | T8: 0.54027778 | U8: 0.58472222 | W8: =(U8-T8)*24*60 -> 64 | X8: 0.48611111 | Y8: 0.52777778 | AB8: 注醬機異常 | AD8: 1 | AE8: 1 | AF8: =N8-K8 -> -211.25 | AG8: =N8/K8 -> 0.894375
W9: =(U9-T9)*24*60 -> 0 | AF9: =N9-K9 -> 0 | AG9: =N9/K9 -> #DIV/0!
W10: =(U10-T10)*24*60 -> 0 | AF10: =N10-K10 -> 0 | AG10: =N10/K10 -> #DIV/0!
W11: =(U11-T11)*24*60 -> 0 | AF11: =N11-K11 -> 0 | AG11: =N11/K11 -> #DIV/0!
W12: =(U12-T12)*24*60 -> 0
W13: =(U13-T13)*24*60 -> 0
W14: =(U14-T14)*24*60 -> 0
C15: 4度一組 | D15: 平均 | J15: =AVERAGE(J5:J14) -> 14.75 | K15: =AVERAGE(K5:K14) -> 1860 | L15: =AVERAGE(L5:L14) -> 126.55462 | M15: =AVERAGE(M5:M14) -> 14.75 | N15: =AVERAGE(N5:N14) -> 1529.9967 | O15: =AVERAGE(O5:O14) -> 105.12203 | P15: =M15-J15 -> 0 | Q15: =O15-L15 -> -21.432592 | R15: =O15/L15 -> 0.83064552 | Z15: =SUM(Z5:Z14) -> 0 | AA15: =SUM(AA5:AA14) -> 0 | AD15: =SUM(AD5:AD14) -> 1 | AE15: =SUM(AE5:AE14) -> 1 | AF15: =N15-K15 -> -330.00334 | AG15: =N15/K15 -> 0.82257885
A16: 自動二線 (ET-600) | B16: 義大利麵 | D16: 白酒蛤蜊義大利麵 | F16: =VLOOKUP(D16,廠價表!$C$1:$E$41,3,0) -> 57.21 | G16: 1841 | H16: =F16*G16 -> 105323.61 | J16: =VLOOKUP(D16,產線配置圖!$A$3:$C$39,2,0) -> 13 | K16: =VLOOKUP(D16,產線配置圖!$A$3:$C$39,3,0) -> 2105 | L16: =K16/J16 -> 161.92308 | M16: 14 | N16: =G16/W16*60 -> 2008.3636 | O16: =N16/M16 -> 143.45455 | P16: =M16-J16 -> 1 | Q16: =O16-L16 -> -18.468531 | R16: =O16/L16 -> 0.88594256 | S16: =R26 -> 0.80893355 | T16: 0.29027778 | U16: 0.32847222 | W16: =(U16-T16)*24*60 -> 55 | AB16: 封膜頻繁異常，多一人進行作業 | AF16: =N16-K16 -> -96.636364 | AG16: =N16/K16 -> 0.95409199 | AH16: =AG26 -> 0.82691391
B17: 義大利麵 | D17: 青醬蛤蜊義大利麵 | F17: =VLOOKUP(D17,廠價表!$C$1:$E$41,3,0) -> 50.67 | G17: 3144 | H17: =F17*G17 -> 159306.48 | J17: =VLOOKUP(D17,產線配置圖!$A$3:$C$39,2,0) -> 13 | K17: =VLOOKUP(D17,產線配置圖!$A$3:$C$39,3,0) -> 2000 | L17: =K17/J17 -> 153.84615 | M17: 13 | N17: =G17/W17*60 -> 1485.3543 | O17: =N17/M17 -> 114.25803 | P17: =M17-J17 -> 0 | Q17: =O17-L17 -> -39.588128 | R17: =O17/L17 -> 0.74267717 | T17: 0.33680556 | U17: 0.425 | V17: =(T17-U16)*24*60 -> 12 | W17: =(U17-T17)*24*60 -> 127 | Z17: 1 | AA17: 28 | AB17: 封膜異常 | AF17: =N17-K17 -> -514.64567 | AG17: =N17/K17 -> 0.74267717
B18: 義大利麵 | D18: 義式蕃茄起司義大利麵 | F18: =VLOOKUP(D18,廠價表!$C$1:$E$41,3,0) -> 50.39 | G18: 802 | H18: =F18*G18 -> 40412.78 | J18: =VLOOKUP(D18,產線配置圖!$A$3:$C$39,2,0) -> 12 | K18: =VLOOKUP(D18,產線配置圖!$A$3:$C$39,3,0) -> 2000 | L18: =K18/J18 -> 166.66667 | M18: 12 | N18: =G18/W18*60 -> 1336.6667 | O18: =N18/M18 -> 111.38889 | P18: =M18-J18 -> 0 | Q18: =O18-L18 -> -55.277778 | R18: =O18/L18 -> 0.66833333 | T18: 0.43333333 | U18: 0.45833333 | V18: =(T18-U17)*24*60 -> 12 | W18: =(U18-T18)*24*60 -> 36 | X18: 0.48611111 | Y18: 0.52777778 | Z18: 1 | AA18: 6 | AB18: 封膜異常 | AF18: =N18-K18 -> -663.33333 | AG18: =N18/K18 -> 0.66833333
B19: 義大利麵 | D19: 義式蕃茄起司義大利麵 | F19: =VLOOKUP(D19,廠價表!$C$1:$E$41,3,0) -> 50.39 | G19: 3026 | H19: =F19*G19 -> 152480.14 | J19: =VLOOKUP(D19,產線配置圖!$A$3:$C$39,2,0) -> 12 | K19: =VLOOKUP(D19,產線配置圖!$A$3:$C$39,3,0) -> 2000 | L19: =K19/J19 -> 166.66667 | M19: 12 | N19: =G19/W19*60 -> 1871.7526 | O19: =N19/M19 -> 155.97938 | P19: =M19-J19 -> 0 | Q19: =O19-L19 -> -10.687285 | R19: =O19/L19 -> 0.93587629 | T19: 0.54375 | U19: 0.61111111 | V19: =(T19-U18)*24*60 -> 123 | W19: =(U19-T19)*24*60 -> 97 | AB19: 玉取機停麵 | AD19: 2 | AE19: 1 | AF19: =N19-K19 -> -128.24742 | AG19: =N19/K19 -> 0.93587629
W20: =(U20-T20)*24*60 -> 0
W21: =(U21-T21)*24*60 -> 0
W22: 0
W23: =(U23-T23)*24*60 -> 0
H24: =F24*G24 -> 0 | W24: =(U24-T24)*24*60 -> 0
H25: =F25*G25 -> 0 | W25: =(U25-T25)*24*60 -> 0
C26: 4度二組A | D26: 平均 | J26: =AVERAGE(J16:J25) -> 12.5 | K26: =AVERAGE(K16:K25) -> 2026.25 | L26: =AVERAGE(L16:L25) -> 162.27564 | M26: =AVERAGE(M16:M25) -> 12.75 | N26: =AVERAGE(N16:N25) -> 1675.5343 | O26: =AVERAGE(O16:O25) -> 131.27021 | P26: =M26-J26 -> 0.25 | Q26: =O26-L26 -> -31.005431 | R26: =O26/L26 -> 0.80893355 | Z26: =SUM(Z16:Z25) -> 2 | AA26: =SUM(AA16:AA25) -> 34 | AD26: =SUM(AD16:AD25) -> 2 | AE26: =SUM(AE16:AE25) -> 1 | AF26: =N26-K26 -> -350.7157 | AG26: =N26/K26 -> 0.82691391
A27: 手工三線 (ET-55) | B27: 義大利麵 | D27: 惡魔乳酪生義大利麵 | F27: =VLOOKUP(D27,廠價表!$C$1:$E$41,3,0) -> 57.3 | G27: 1164 | H27: =F27*G27 -> 66697.2 | J27: =VLOOKUP(D27,產線配置圖!$A$3:$C$39,2,0) -> 17 | K27: =VLOOKUP(D27,產線配置圖!$A$3:$C$39,3,0) -> 1500 | L27: =K27/J27 -> 88.235294 | M27: 14 | N27: =G27/W27*60 -> 1225.2632 | O27: =N27/M27 -> 87.518797 | P27: =M27-J27 -> -3 | Q27: =O27-L27 -> -0.71649713 | R27: =O27/L27 -> 0.9918797 | S27: =R37 -> 0.9113686 | T27: 0.29027778 | U27: 0.32986111 | W27: =(U27-T27)*24*60 -> 57 | AF27: =N27-K27 -> -274.73684 | AG27: =N27/K27 -> 0.81684211 | AH27: =AG37 -> 0.77559618
B28: 義大利麵 | D28: 奶油蒜香雞義大利麵 | F28: =VLOOKUP(D28,廠價表!$C$1:$E$41,3,0) -> 55.13 | G28: 1054 | H28: =F28*G28 -> 58107.02 | J28: =VLOOKUP(D28,產線配置圖!$A$3:$C$39,2,0) -> 17 | K28: =VLOOKUP(D28,產線配置圖!$A$3:$C$39,3,0) -> 1385 | L28: =K28/J28 -> 81.470588 | M28: 15 | N28: =G28/W28*60 -> 1054 | O28: =N28/M28 -> 70.266667 | P28: =M28-J28 -> -2 | Q28: =O28-L28 -> -11.203922 | R28: =O28/L28 -> 0.86247894 | T28: 0.33680556 | U28: 0.37847222 | V28: =(T28-U27)*24*60 -> 10 | W28: =(U28-T28)*24*60 -> 60 | AF28: =N28-K28 -> -331 | AG28: =N28/K28 -> 0.76101083
B29: 熱乾麵 | D29: 沙茶豬肉炒麵 | F29: =VLOOKUP(D29,廠價表!$C$1:$E$41,3,0) -> 49.52 | G29: 1722 | H29: =F29*G29 -> 85273.44 | J29: =VLOOKUP(D29,產線配置圖!$A$3:$C$39,2,0) -> 17 | K29: =VLOOKUP(D29,產線配置圖!$A$3:$C$39,3,0) -> 1440 | L29: =K29/J29 -> 84.705882 | M29: 15 | N29: =G29/W29*60 -> 1135.3846 | O29: =N29/M29 -> 75.692308 | P29: =M29-J29 -> -2 | Q29: =O29-L29 -> -9.0135747 | R29: =O29/L29 -> 0.89358974 | T29: 0.38611111 | U29: 0.44930556 | V29: =(T29-U28)*24*60 -> 11 | W29: =(U29-T29)*24*60 -> 91 | Z29: 1 | AA29: 8 | AB29: 封膜機異常 | AF29: =N29-K29 -> -304.61538 | AG29: =N29/K29 -> 0.78846154
B30: 義大利麵 | D30: 惡魔乳酪生義大利麵 | F30: =VLOOKUP(D30,廠價表!$C$1:$E$41,3,0) -> 57.3 | G30: 1379 | H30: =F30*G30 -> 79016.7 | J30: =VLOOKUP(D30,產線配置圖!$A$3:$C$39,2,0) -> 17 | K30: =VLOOKUP(D30,產線配置圖!$A$3:$C$39,3,0) -> 1500 | L30: =K30/J30 -> 88.235294 | M30: 14 | N30: =G30/W30*60 -> 1103.2 | O30: =N30/M30 -> 78.8 | P30: =M30-J30 -> -3 | Q30: =O30-L30 -> -9.4352941 | R30: =O30/L30 -> 0.89306667 | T30: 0.52083333 | U30: 0.57291667 | V30: =(T30-U29)*24*60 -> 103 | W30: =(U30-T30)*24*60 -> 75 | X30: 0.49652778 | Y30: 0.53819444 | AF30: =N30-K30 -> -396.8 | AG30: =N30/K30 -> 0.73546667
W31: =(U31-T31)*24*60 -> 0 | AF31: =N31-K31 -> 0 | AG31: =N31/K31 -> #DIV/0!
W32: =(U32-T32)*24*60 -> 0
W33: =(U33-T33)*24*60 -> 0
W34: =(U34-T34)*24*60 -> 0
W35: =(U35-T35)*24*60 -> 0
H36: =F36*G36 -> 0 | W36: =(U36-T36)*24*60 -> 0
C37: 4度二組B | D37: 平均 | J37: =AVERAGE(J27:J36) -> 17 | K37: =AVERAGE(K27:K36) -> 1456.25 | L37: =AVERAGE(L27:L36) -> 85.661765 | M37: =AVERAGE(M27:M36) -> 14.5 | N37: =AVERAGE(N27:N36) -> 1129.4619 | O37: =AVERAGE(O27:O36) -> 78.069443 | P37: =M37-J37 -> -2.5 | Q37: =N37-K37 -> -326.78806 | R37: =O37/L37 -> 0.9113686 | Z37: =SUM(Z27:Z36) -> 1 | AA37: =SUM(AA27:AA36) -> 8 | AD37: =SUM(AD27:AD36) -> 0 | AE37: =SUM(AE27:AE36) -> 0 | AF37: =N37-K37 -> -326.78806 | AG37: =N37/K37 -> 0.77559618
A38: 手工四線 (ET-55) | B38: 義大利麵 | D38: 焗烤明太子筆尖麵 | F38: =VLOOKUP(D38,廠價表!$C$1:$E$41,3,0) -> 57.3 | G38: 1215 | H38: =F38*G38 -> 69619.5 | J38: =VLOOKUP(D38,產線配置圖!$A$3:$C$39,2,0) -> 16 | K38: =VLOOKUP(D38,產線配置圖!$A$3:$C$39,3,0) -> 1385 | L38: =K38/J38 -> 86.5625 | M38: 15 | N38: =G38/W38*60 -> 1121.5385 | O38: =N38/M38 -> 74.769231 | P38: =M38-J38 -> -1 | Q38: =O38-L38 -> -11.793269 | R38: =O38/L38 -> 0.86376007 | S38: =R48 -> 0.85509679 | T38: 0.33333333 | U38: 0.37847222 | W38: =(U38-T38)*24*60 -> 65 | AF38: =N38-K38 -> -263.46154 | AG38: =N38/K38 -> 0.80977506 | AH38: =AG48 -> 0.74239677
B39: 義大利麵 | D39: 濃拿坡里義大利麵 | F39: =VLOOKUP(D39,廠價表!$C$1:$E$41,3,0) -> 56.43 | G39: 1070 | H39: =F39*G39 -> 60380.1 | J39: =VLOOKUP(D39,產線配置圖!$A$3:$C$39,2,0) -> 16 | K39: =VLOOKUP(D39,產線配置圖!$A$3:$C$39,3,0) -> 1406 | L39: =K39/J39 -> 87.875 | M39: 14 | N39: =G39/W39*60 -> 958.20896 | O39: =N39/M39 -> 68.443497 | P39: =M39-J39 -> -2 | Q39: =O39-L39 -> -19.431503 | R39: =O39/L39 -> 0.77887336 | T39: 0.38541667 | U39: 0.43194444 | V39: =(T39-U38)*24*60 -> 10 | W39: =(U39-T39)*24*60 -> 67 | Z39: 1 | AA39: 6 | AB39: 封膜機異常 | AF39: =N39-K39 -> -447.79104 | AG39: =N39/K39 -> 0.68151419
B40: 熱乾麵 | D40: 府城鹽水意麵 | F40: =VLOOKUP(D40,廠價表!$C$1:$E$41,3,0) -> 44.3 | G40: 796 | H40: =F40*G40 -> 35262.8 | J40: =VLOOKUP(D40,產線配置圖!$A$3:$C$39,2,0) -> 19 | K40: =VLOOKUP(D40,產線配置圖!$A$3:$C$39,3,0) -> 1440 | L40: =K40/J40 -> 75.789474 | M40: 15 | N40: =G40/W40*60 -> 1061.3333 | O40: =N40/M40 -> 70.755556 | P40: =M40-J40 -> -4 | Q40: =O40-L40 -> -5.0339181 | R40: =O40/L40 -> 0.93358025 | T40: 0.55208333 | U40: 0.58333333 | V40: =(T40-U39)*24*60 -> 173 | W40: =(U40-T40)*24*60 -> 45 | AF40: =N40-K40 -> -378.66667 | AG40: =N40/K40 -> 0.73703704
W41: =(U41-T41)*24*60 -> 0 | AF41: =N41-K41 -> 0 | AG41: =N41/K41 -> #DIV/0!
W42: =(U42-T42)*24*60 -> 0
W43: =(U43-T43)*24*60 -> 0
W44: =(U44-T44)*24*60 -> 0
W45: =(U45-T45)*24*60 -> 0
W46: =(U46-T46)*24*60 -> 0
H47: =F47*G47 -> 0 | W47: =(U47-T47)*24*60 -> 0
C48: 4度二組C1 | D48: 平均 | J48: =AVERAGE(J38:J47) -> 17 | K48: =AVERAGE(K38:K47) -> 1410.3333 | L48: =AVERAGE(L38:L47) -> 83.408991 | M48: =AVERAGE(M38:M47) -> 14.666667 | N48: =AVERAGE(N38:N47) -> 1047.0269 | O48: =AVERAGE(O38:O47) -> 71.322761 | P48: =M48-J48 -> -2.3333333 | Q48: =N48-K48 -> -363.30642 | R48: =O48/L48 -> 0.85509679 | W48: =(U48-T48)*24*60 -> 0 | Z48: =SUM(Z38:Z47) -> 1 | AA48: =SUM(AA38:AA47) -> 6 | AD48: =SUM(AD38:AD47) -> 0 | AE48: =SUM(AE38:AE47) -> 0 | AF48: =N48-K48 -> -363.30642 | AG48: =N48/K48 -> 0.74239677
A49: 手工五線 (ET-55) | B49: 義大利麵 | D49: 剝皮辣椒雞奶油扁麵 | F49: =VLOOKUP(D49,廠價表!$C$1:$E$41,3,0) -> 56.87 | G49: 990 | H49: =F49*G49 -> 56301.3 | J49: =VLOOKUP(D49,產線配置圖!$A$3:$C$39,2,0) -> 18 | K49: =VLOOKUP(D49,產線配置圖!$A$3:$C$39,3,0) -> 1565 | L49: =K49/J49 -> 86.944444 | M49: 17 | N49: =G49/W49*60 -> 1381.3953 | O49: =N49/M49 -> 81.25855 | P49: =M49-J49 -> -1 | Q49: =O49-L49 -> -5.6858945 | R49: =O49/L49 -> 0.93460313 | S49: =R58 -> 0.91231497 | T49: 0.29097222 | U49: 0.32083333 | W49: =(U49-T49)*24*60 -> 43 | AF49: =N49-K49 -> -183.60465 | AG49: =N49/K49 -> 0.88268073 | AH49: =AG58 -> 0.82310264
B50: 熱乾麵 | D50: 青花椒麻雞肉拌麵 | F50: =VLOOKUP(D50,廠價表!$C$1:$E$41,3,0) -> 49.91 | G50: 2010 | H50: =F50*G50 -> 100319.1 | J50: =VLOOKUP(D50,產線配置圖!$A$3:$C$39,2,0) -> 17 | K50: =VLOOKUP(D50,產線配置圖!$A$3:$C$39,3,0) -> 1565 | L50: =K50/J50 -> 92.058824 | M50: 16 | N50: =G50/W50*60 -> 1386.2069 | O50: =N50/M50 -> 86.637931 | P50: =M50-J50 -> -1 | Q50: =O50-L50 -> -5.4208925 | R50: =O50/L50 -> 0.94111491 | T50: 0.32847222 | U50: 0.38888889 | V50: =(T50-U49)*24*60 -> 11 | W50: =(U50-T50)*24*60 -> 87 | AF50: =N50-K50 -> -178.7931 | AG50: =N50/K50 -> 0.88575521
B51: 義大利麵 | D51: 焗烤起司雙饗筆尖麵 | F51: =VLOOKUP(D51,廠價表!$C$1:$E$41,3,0) -> 49.97 | G51: 2263 | H51: =F51*G51 -> 113082.11 | J51: =VLOOKUP(D51,產線配置圖!$A$3:$C$39,2,0) -> 18 | K51: =VLOOKUP(D51,產線配置圖!$A$3:$C$39,3,0) -> 1600 | L51: =K51/J51 -> 88.888889 | M51: 16 | N51: =G51/W51*60 -> 1414.375 | O51: =N51/M51 -> 88.398437 | P51: =M51-J51 -> -2 | Q51: =O51-L51 -> -0.49045139 | R51: =O51/L51 -> 0.99448242 | T51: 0.39722222 | U51: 0.46388889 | V51: =(T51-U50)*24*60 -> 12 | W51: =(U51-T51)*24*60 -> 96 | AF51: =N51-K51 -> -185.625 | AG51: =N51/K51 -> 0.88398437
B52: 義大利麵 | D52: 焗烤起司雙饗筆尖麵 | F52: =VLOOKUP(D52,廠價表!$C$1:$E$41,3,0) -> 49.97 | G52: 2051 | H52: =F52*G52 -> 102488.47 | J52: =VLOOKUP(D52,產線配置圖!$A$3:$C$39,2,0) -> 18 | K52: =VLOOKUP(D52,產線配置圖!$A$3:$C$39,3,0) -> 1600 | L52: =K52/J52 -> 88.888889 | M52: 16 | N52: =G52/W52*60 -> 1243.0303 | O52: =N52/M52 -> 77.689394 | P52: =M52-J52 -> -2 | Q52: =O52-L52 -> -11.199495 | R52: =O52/L52 -> 0.87400568 | T52: 0.52083333 | U52: 0.58958333 | V52: =(T52-U51)*24*60 -> 82 | W52: =(U52-T52)*24*60 -> 99 | X52: 0.47916667 | Y52: 0.52083333 | AF52: =N52-K52 -> -356.9697 | AG52: =N52/K52 -> 0.77689394
B53: 熱乾麵 | D53: 府城鹽水意麵 | F53: =VLOOKUP(D53,廠價表!$C$1:$E$41,3,0) -> 44.3 | G53: 1294 | H53: =F53*G53 -> 57324.2 | J53: =VLOOKUP(D53,產線配置圖!$A$3:$C$39,2,0) -> 19 | K53: =VLOOKUP(D53,產線配置圖!$A$3:$C$39,3,0) -> 1440 | L53: =K53/J53 -> 75.789474 | M53: 16 | N53: =G53/W53*60 -> 970.5 | O53: =N53/M53 -> 60.65625 | P53: =M53-J53 -> -3 | Q53: =O53-L53 -> -15.133224 | R53: =O53/L53 -> 0.80032552 | T53: 0.59027778 | U53: 0.64583333 | W53: =(U53-T53)*24*60 -> 80 | AF53: =N53-K53 -> -469.5 | AG53: =N53/K53 -> 0.67395833
W54: =(U54-T54)*24*60 -> 0
W55: =(U55-T55)*24*60 -> 0
W56: =(U56-T56)*24*60 -> 0
W57: =(U57-T57)*24*60 -> 0
C58: 4度二組C2 | D58: 平均 | J58: =AVERAGE(J49:J57) -> 18 | K58: =AVERAGE(K49:K57) -> 1554 | L58: =AVERAGE(L49:L57) -> 86.514104 | M58: =AVERAGE(M49:M57) -> 16.2 | N58: =AVERAGE(N49:N57) -> 1279.1015 | O58: =AVERAGE(O49:O57) -> 78.928112 | P58: =M58-J58 -> -1.8 | Q58: =N58-K58 -> -274.89849 | R58: =O58/L58 -> 0.91231497 | Z58: =SUM(Z49:Z57) -> 0 | AA58: =SUM(AA49:AA57) -> 0 | AD58: =SUM(AD49:AD57) -> 0 | AE58: =SUM(AE49:AE57) -> 0 | AF58: =N58-K58 -> -274.89849 | AG58: =N58/K58 -> 0.82310264
A59: 調理包一線 (八爪機) | B59: 小吃、微波 | D59: 小滷青蔬 | F59: =VLOOKUP(D59,廠價表!$C$1:$E$41,3,0) -> 26.99 | G59: 3143 | H59: =F59*G59 -> 84829.57 | J59: =VLOOKUP(D59,產線配置圖!$A$3:$C$39,2,0) -> 13 | K59: =VLOOKUP(D59,產線配置圖!$A$3:$C$39,3,0) -> 1565 | L59: =K59/J59 -> 120.38462 | M59: 12 | N59: =G59/W59*60 -> 1347 | O59: =N59/M59 -> 112.25 | P59: =M59-J59 -> -1 | Q59: =O59-L59 -> -8.1346154 | R59: =O59/L59 -> 0.93242812 | S59: =R69 -> 0.73737517 | T59: 0.29166667 | U59: 0.38888889 | W59: =(U59-T59)*24*60 -> 140 | AF59: =N59-K59 -> -218 | AG59: =N59/K59 -> 0.86070288 | AH59: =AG69 -> 0.70832192
B60: 小吃、微波 | D60: 台式綜合甜不辣 | F60: =VLOOKUP(D60,廠價表!$C$1:$E$41,3,0) -> 28.47 | G60: 393 | H60: =F60*G60 -> 11188.71 | J60: =VLOOKUP(D60,產線配置圖!$A$3:$C$39,2,0) -> 12 | K60: =VLOOKUP(D60,產線配置圖!$A$3:$C$39,3,0) -> 1565 | L60: =K60/J60 -> 130.41667 | M60: 11 | N60: =G60/W60*60 -> 524 | O60: =N60/M60 -> 47.636364 | P60: =M60-J60 -> -1 | Q60: =O60-L60 -> -82.780303 | R60: =O60/L60 -> 0.36526285 | T60: 0.39930556 | U60: 0.43055556 | V60: =(T60-U59)*24*60 -> 15 | W60: =(U60-T60)*24*60 -> 45 | AB60: 生產量少 | AF60: =N60-K60 -> -1041 | AG60: =N60/K60 -> 0.33482428
B61: 小吃、微波 | D61: 起司馬鈴薯 | F61: =VLOOKUP(D61,廠價表!$C$1:$E$41,3,0) -> 28.26 | G61: 1697 | H61: =F61*G61 -> 47957.22 | J61: =VLOOKUP(D61,產線配置圖!$A$3:$C$39,2,0) -> 12 | K61: =VLOOKUP(D61,產線配置圖!$A$3:$C$39,3,0) -> 1565 | L61: =K61/J61 -> 130.41667 | M61: 12 | N61: =G61/W61*60 -> 1454.5714 | O61: =N61/M61 -> 121.21429 | P61: =M61-J61 -> 0 | Q61: =O61-L61 -> -9.202381 | R61: =O61/L61 -> 0.92943861 | T61: 0.43402778 | U61: 0.48263889 | V61: =(T61-U60)*24*60 -> 5 | W61: =(U61-T61)*24*60 -> 70 | AF61: =N61-K61 -> -110.42857 | AG61: =N61/K61 -> 0.92943861
W62: =(U62-T62)*24*60 -> 0 | X62: 0.50347222 | Y62: 0.54513889 | AF62: =N62-K62 -> 0 | AG62: =N62/K62 -> #DIV/0!
W63: =(U63-T63)*24*60 -> 0
W64: =(U64-T64)*24*60 -> 0
W65: =(U65-T65)*24*60 -> 0
W66: =(U66-T66)*24*60 -> 0
W67: =(U67-T67)*24*60 -> 0
H68: =F68*G68 -> 0 | W68: =(U68-T68)*24*60 -> 0
C69: 4度三組 | D69: 平均 | J69: =AVERAGE(J59:J68) -> 12.333333 | K69: =AVERAGE(K59:K68) -> 1565 | L69: =AVERAGE(L59:L68) -> 127.07265 | M69: =AVERAGE(M59:M68) -> 11.666667 | N69: =AVERAGE(N59:N68) -> 1108.5238 | O69: =AVERAGE(O59:O68) -> 93.700216 | P69: =M69-J69 -> -0.66666667 | Q69: =N69-K69 -> -456.47619 | R69: =O69/L69 -> 0.73737517 | Z69: =SUM(Z59:Z68) -> 0 | AA69: =SUM(AA59:AA68) -> 0 | AD69: =SUM(AD59:AD68) -> 0 | AE69: =SUM(AE59:AE68) -> 0 | AF69: =N69-K69 -> -456.47619 | AG69: =N69/K69 -> 0.70832192
A70: 調理包二線 (手工) | B70: 義大利麵 | D70: 焗烤起司肉醬筆尖麵 | F70: =VLOOKUP(D70,廠價表!$C$1:$E$41,3,0) -> 50.67 | G70: 2198 | H70: =F70*G70 -> 111372.66 | J70: =VLOOKUP(D70,產線配置圖!$A$3:$C$39,2,0) -> 10 | K70: =VLOOKUP(D70,產線配置圖!$A$3:$C$39,3,0) -> 1125 | L70: =K70/J70 -> 112.5 | M70: 10 | N70: =G70/W70*60 -> 856.36364 | O70: =N70/M70 -> 85.636364 | P70: =M70-J70 -> 0 | Q70: =O70-L70 -> -26.863636 | R70: =O70/L70 -> 0.76121212 | S70: =R79 -> 0.76121212 | T70: 0.34027778 | U70: 0.44722222 | W70: =(U70-T70)*24*60 -> 154 | AB70: 封膜機異常 | AF70: =N70-K70 -> -268.63636 | AG70: =N70/K70 -> 0.76121212 | AH70: =AG79 -> 0.76121212
W71: =(U71-T71)*24*60 -> 0 | AF71: -300.3125 | AG71: 0.80810703
W72: =(U72-T72)*24*60 -> 0 | AF72: -130.33333 | AG72: 0.91671991
W73: =(U73-T73)*24*60 -> 0
W74: =(U74-T74)*24*60 -> 0
H75: =F75*G75 -> 0 | W75: =(U75-T75)*24*60 -> 0
H76: =F76*G76 -> 0 | W76: =(U76-T76)*24*60 -> 0
H77: =F77*G77 -> 0 | W77: =(U77-T77)*24*60 -> 0
H78: =F78*G78 -> 0 | W78: =(U78-T78)*24*60 -> 0
C79: 4度四組 | D79: 平均 | J79: =AVERAGE(J70:J78) -> 10 | K79: =AVERAGE(K70:K78) -> 1125 | L79: =AVERAGE(L70:L78) -> 112.5 | M79: =AVERAGE(M70:M78) -> 10 | N79: =AVERAGE(N70:N78) -> 856.36364 | O79: =AVERAGE(O70:O78) -> 85.636364 | P79: =M79-J79 -> 0 | Q79: =N79-K79 -> -268.63636 | R79: =O79/L79 -> 0.76121212 | Z79: =SUM(Z70:Z78) -> 0 | AA79: =SUM(AA70:AA78) -> 0 | AD79: =SUM(AD70:AD78) -> 0 | AE79: =SUM(AE70:AE78) -> 0 | AF79: =N79-K79 -> -268.63636 | AG79: =N79/K79 -> 0.76121212
AJ80: 1.當日出勤人數較多
AJ81: 2.當日出勤人數較少
AJ82: 3.當日出勤熟手較少
AJ83: 4.當日出勤新人較多
AJ84: 5.機台夾盒
AJ85: 6.封膜不順
AJ86: 7.更換膠膜
AJ87: 8.更換碳帶
AJ88: 9.當日熱轉印碳帶異常
AJ89: 10.訂單量過少
AJ90: 11.新品上市，尚未熟悉
AJ91: 12.商品結構，產能較低
AJ92: 13.區域出貨，分段生產

Sheet 0103總
B1: 長家廠組合室生產人時性分析
B3: 日期 | D3: 46025 | F3: 訂單量 | G3: ='0103'!E1 -> 46190 | I3: 營業額 | J3: ='0103'!G1 -> 2232274.1
B4: 項目 | D4: 3 | F4: ➀ | H4: ➁ | J4: ③ | L4: 異常停線 | N4: 短暫停線
B5: 人時性 | D5: 組合室 | F5: 全溫層 | H5: 義大利麵 | J5: 袋裝小吃、義麵 | L5: 合計次數 | M5: 時間 | N5: 合計次數 | O5: 設備次數
D6: 排關平均 | F6: =AVERAGE(D13:J13) -> 111.74129 | H6: =AVERAGE(D13:H13,J13) -> 109.63193 | J6: =AVERAGE(I13) -> 124.39744 | L6: ='0103'!Z2 -> 2 | M6: ='0103'!AA2 -> 37 | N6: ='0103'!AD2 -> 4 | O6: ='0103'!AE2 -> 4
D7: 實績平均 | F7: =AVERAGE(D14:J14) -> 94.132744 | H7: =AVERAGE(D14:H14,J14) -> 93.211961 | J7: =AVERAGE(I14) -> 99.657443
D8: 達成率平均 | F8: =F7/F6 -> 0.84241685 | H8: =H7/H6 -> 0.85022639 | J8: =J7/J6 -> 0.80112136
J9: ※現行日本鮮食廠以達成率80%為基本(即為現行KPI)
B10: 溫層 | D10: 4度C-各編組展開
B11: 編組 | D11: 1 | E11: 2 | F11: 3 | G11: 4 | H11: 5 | I11: 6 | J11: 7
D12: 自動1線 | E12: 自動2線 | F12: 手工3線 | G12: 手工4線 | H12: 手工5線 | I12: 調理包1線 | J12: 調理包2線
B13: 人時性 | C13: 排關 | D13: =VALUE('0103'!L15) -> 126.55462 | E13: =VALUE('0103'!L26) -> 162.27564 | F13: =VALUE('0103'!L37) -> 83.857069 | G13: =VALUE('0103'!L48) -> 83.408991 | H13: =VALUE('0103'!L58) -> 89.195261 | I13: =VALUE('0103'!L69) -> 124.39744 | J13: ='0103'!L79 -> 112.5
C14: 實績 | D14: =VALUE('0103'!O15) -> 114.13839 | E14: =VALUE('0103'!O26) -> 155.21739 | F14: =VALUE('0103'!O37) -> 73.480039 | G14: =VALUE('0103'!O48) -> 74.634797 | H14: =VALUE('0103'!O58) -> 78.457205 | I14: =VALUE('0103'!O69) -> 99.657443 | J14: ='0103'!O79 -> 63.343949
C15: 達成率 | D15: =D14/D13 -> 0.90189029 | E15: =E14/E13 -> 0.95650456 | F15: =F14/F13 -> 0.87625337 | G15: =G14/G13 -> 0.89480517 | H15: =H14/H13 -> 0.87961181 | I15: =I14/I13 -> 0.80112136 | J15: =J14/J13 -> 0.56305732
B16: 作業 時間 | C16: 開始 | D16: ='0103'!T5 -> 0.30277778 | E16: ='0103'!T16 -> 0.30208333 | F16: ='0103'!T27 -> 0.29166667 | G16: ='0103'!T38 -> 0.33194444 | H16: ='0103'!T49 -> 0.29583333 | I16: ='0103'!T59 -> 0.29166667 | J16: ='0103'!T70 -> 0.33541667
C17: 結束 | D17: 0.60069444 | E17: 0.57986111 | F17: 0.65555556 | G17: 0.61111111 | H17: 0.63333333 | I17: 0.57638889 | J17: 0.44444444
B18: 產線異常 (5分鐘以上) | C18: 次數 | D18: ='0103'!Z15 -> 0 | E18: ='0103'!Z26 -> 0 | F18: ='0103'!Z37 -> 0 | G18: ='0103'!Z48 -> 0 | H18: ='0103'!Z58 -> 1 | I18: ='0103'!Z69 -> 0 | J18: ='0103'!Z79 -> 1
C19: 時間/分 | D19: ='0103'!AA15 -> 0 | E19: ='0103'!AA26 -> 0 | F19: ='0103'!AA37 -> 0 | G19: ='0103'!AA48 -> 0 | H19: ='0103'!AA58 -> 7 | I19: ='0103'!AA69 -> 0 | J19: ='0103'!AA79 -> 30
B20: 短暫停線 (5分鐘以下) | C20: 次數 | D20: ='0103'!AD15 -> 0 | E20: ='0103'!AD26 -> 3 | F20: ='0103'!AD37 -> 0 | G20: ='0103'!AD48 -> 1 | H20: ='0103'!AD58 -> 0 | I20: ='0103'!AD69 -> 0 | J20: ='0103'!AD79 -> 0
C21: 設備次數 | D21: ='0103'!AE15 -> 0 | E21: ='0103'!AE26 -> 3 | F21: ='0103'!AE37 -> 0 | G21: ='0103'!AE48 -> 1 | H21: ='0103'!AE58 -> 0 | I21: ='0103'!AE69 -> 0 | J21: ='0103'!AE79 -> 0
B22: 配置人數 | D22: =VALUE('0103'!M15) -> 14.75 | E22: =VALUE('0103'!M26) -> 12.75 | F22: =VALUE('0103'!M37) -> 14 | G22: =VALUE('0103'!M48) -> 14.333333 | H22: =VALUE('0103'!M58) -> 16.5 | I22: =VALUE('0103'!M69) -> 12.6 | J22: ='0103'!M79 -> 12
B23: 主要應用設備 | D23: ET-600 | E23: ET-600 | F23: ET-55 | G23: ET-55 | H23: ET-55 | I23: 八爪機
B24: 次要應用設備 | H24: 封口機
B25: 備註

Sheet 0103
A1: 長家廠4度C日報分析 | D1: 總生產量 | E1: =SUM(G5:G79) -> 46190 | F1: 營業額 | G1: =SUM(H5:H79) -> 2232274.1 | H1: 出勤人數 | I1: =M15+M26+M48+M58+M69+M79+M37 -> 96.933333 | J1: 產線配置圖 | M1: 生產實績 | P1: 人時性差異分析 | T1: 日報登錄 | Z1: 合計 次數 | AA1: 合計 時間/分 | AB1: 分析說明 | AD1: 合計 次數 | AE1: 合計 設備次數 | AF1: 產能差異分析
A2: 01月03日 星期六 | D2: 人時性 | E2: =AVERAGE(O15,O26,O37,O48,O58,O69,O79) -> 94.132744 | F2: 平均廠價 | G2: =G1/E1 -> 48.328081 | H2: 多次生產數 | I2: =COUNT(I5:I79) -> 0 | Z2: =Z15+Z26+Z37+Z48+Z58+Z69+Z79 -> 2 | AA2: =AA15+AA26+AA37+AA48+AA58+AA69+AA79 -> 37 | AD2: =AD15+AD26+AD37+AD48+AD58+AD69+AD79 -> 4 | AE2: =AE15+AE26+AE37+AE48+AE58+AE69+AE79 -> 4
A3: 線別 | B3: 品類 | D3: 品名 | F3: 廠價 | G3: 生產量 | H3: 營收 | I3: 多次 生產 | J3: 人數 | K3: 產能/時 | L3: 人時性 | M3: 人數 | N3: 產能/時 | O3: 人時性 | P3: 人數 | Q3: 人時性 | R3: 達成率 | S3: 達成率平均 | T3: 生產時間 | V3: 前置、換線時間/分 | W3: 稼動時間/分 | X3: 休息時間 | Z3: 產線異常統計 (5分鐘以上) | AD3: 短暫停線統計 (5分鐘以下) | AF3: 產能/時 | AG3: 達成率 | AH3: 達成率平均
T4: 開始 | U4: 結束 | X4: 開始 | Y4: 結束 | Z4: 次數 | AA4: 時間/分 | AD4: 總次數 | AE4: 設備因素(次數)
A5: 自動一線 (ET-600) | B5: 義大利麵 | D5: 奶油起司蝦仁通心粉 | F5: =VLOOKUP(D5,廠價表!$C$1:$E$41,3,0) -> 47.71 | G5: 2638 | H5: =F5*G5 -> 125858.98 | J5: =VLOOKUP(D5,產線配置圖!$A$3:$C$39,2,0) -> 14 | K5: =VLOOKUP(D5,產線配置圖!$A$3:$C$39,3,0) -> 1440 | L5: =K5/J5 -> 102.85714 | M5: 14 | N5: =G5/W5*60 -> 1352.8205 | O5: =N5/M5 -> 96.630037 | P5: =M5-J5 -> 0 | Q5: =O5-L5 -> -6.2271062 | R5: =O5/L5 -> 0.93945869 | S5: =R15 -> 0.90189029 | T5: 0.30277778 | U5: 0.38402778 | W5: =(U5-T5)*24*60 -> 117 | AF5: =N5-K5 -> -87.179487 | AG5: =N5/K5 -> 0.93945869 | AH5: =AG15 -> 0.89977975
B6: 義大利麵 | D6: 韓式起司炸雞義大利麵 | F6: =VLOOKUP(D6,廠價表!$C$1:$E$41,3,0) -> 57.21 | G6: 1429 | H6: =F6*G6 -> 81753.09 | J6: =VLOOKUP(D6,產線配置圖!$A$3:$C$39,2,0) -> 17 | K6: =VLOOKUP(D6,產線配置圖!$A$3:$C$39,3,0) -> 2000 | L6: =K6/J6 -> 117.64706 | M6: 17 | N6: =G6/W6*60 -> 1714.8 | O6: =N6/M6 -> 100.87059 | P6: =M6-J6 -> 0 | Q6: =O6-L6 -> -16.776471 | R6: =O6/L6 -> 0.8574 | T6: 0.39375 | U6: 0.42847222 | V6: =(T6-U5)*24*60 -> 14 | W6: =(U6-T6)*24*60 -> 50 | AF6: =N6-K6 -> -285.2 | AG6: =N6/K6 -> 0.8574
B7: 義大利麵 | D7: 奶油培根義大利麵 | F7: =VLOOKUP(D7,廠價表!$C$1:$E$41,3,0) -> 49.14 | G7: 1790 | H7: =F7*G7 -> 87960.6 | J7: =VLOOKUP(D7,產線配置圖!$A$3:$C$39,2,0) -> 14 | K7: =VLOOKUP(D7,產線配置圖!$A$3:$C$39,3,0) -> 2000 | L7: =K7/J7 -> 142.85714 | M7: 14 | N7: =G7/W7*60 -> 1732.2581 | O7: =N7/M7 -> 123.73272 | P7: =M7-J7 -> 0 | Q7: =O7-L7 -> -19.124424 | R7: =O7/L7 -> 0.86612903 | T7: 0.43472222 | U7: 0.47777778 | V7: =(T7-U6)*24*60 -> 9 | W7: =(U7-T7)*24*60 -> 62 | AF7: =N7-K7 -> -267.74194 | AG7: =N7/K7 -> 0.86612903
B8: 義大利麵 | D8: 奶油培根義大利麵 | F8: =VLOOKUP(D8,廠價表!$C$1:$E$41,3,0) -> 49.14 | G8: 2747 | H8: =F8*G8 -> 134987.58 | J8: =VLOOKUP(D8,產線配置圖!$A$3:$C$39,2,0) -> 14 | K8: =VLOOKUP(D8,產線配置圖!$A$3:$C$39,3,0) -> 2000 | L8: =K8/J8 -> 142.85714 | M8: 14 | N8: =G8/W8*60 -> 1894.4828 | O8: =N8/M8 -> 135.3202 | P8: =M8-J8 -> 0 | Q8: =O8-L8 -> -7.5369458 | R8: =O8/L8 -> 0.94724138 | T8: 0.54027778 | U8: 0.60069444 | W8: =(U8-T8)*24*60 -> 87 | X8: 0.48611111 | Y8: 0.52777778 | AF8: =N8-K8 -> -105.51724 | AG8: =N8/K8 -> 0.94724138
W9: =(U9-T9)*24*60 -> 0 | AF9: =N9-K9 -> 0 | AG9: =N9/K9 -> #DIV/0!
W10: =(U10-T10)*24*60 -> 0 | AF10: =N10-K10 -> 0 | AG10: =N10/K10 -> #DIV/0!
W11: =(U11-T11)*24*60 -> 0 | AF11: =N11-K11 -> 0 | AG11: =N11/K11 -> #DIV/0!
W12: =(U12-T12)*24*60 -> 0
W13: =(U13-T13)*24*60 -> 0
W14: =(U14-T14)*24*60 -> 0
C15: 4度一組 | D15: 平均 | J15: =AVERAGE(J5:J14) -> 14.75 | K15: =AVERAGE(K5:K14) -> 1860 | L15: =AVERAGE(L5:L14) -> 126.55462 | M15: =AVERAGE(M5:M14) -> 14.75 | N15: =AVERAGE(N5:N14) -> 1673.5903 | O15: =AVERAGE(O5:O14) -> 114.13839 | P15: =M15-J15 -> 0 | Q15: =O15-L15 -> -12.416237 | R15: =O15/L15 -> 0.90189029 | Z15: =SUM(Z5:Z14) -> 0 | AA15: =SUM(AA5:AA14) -> 0 | AD15: =SUM(AD5:AD14) -> 0 | AE15: =SUM(AE5:AE14) -> 0 | AF15: =N15-K15 -> -186.40967 | AG15: =N15/K15 -> 0.89977975
A16: 自動二線 (ET-600) | B16: 義大利麵 | D16: 白酒蛤蜊義大利麵 | F16: =VLOOKUP(D16,廠價表!$C$1:$E$41,3,0) -> 57.21 | G16: 2096 | H16: =F16*G16 -> 119912.16 | J16: =VLOOKUP(D16,產線配置圖!$A$3:$C$39,2,0) -> 13 | K16: =VLOOKUP(D16,產線配置圖!$A$3:$C$39,3,0) -> 2105 | L16: =K16/J16 -> 161.92308 | M16: 14 | N16: =G16/W16*60 -> 2168.2759 | O16: =N16/M16 -> 154.87685 | P16: =M16-J16 -> 1 | Q16: =O16-L16 -> -7.0462296 | R16: =O16/L16 -> 0.95648409 | S16: =R26 -> 0.95650456 | T16: 0.30208333 | U16: 0.34236111 | W16: =(U16-T16)*24*60 -> 58 | AD16: 1 | AE16: 1 | AF16: =N16-K16 -> 63.275862 | AG16: =N16/K16 -> 1.0300598 | AH16: =AG26 -> 0.97628129
B17: 義大利麵 | D17: 青醬蛤蜊義大利麵 | F17: =VLOOKUP(D17,廠價表!$C$1:$E$41,3,0) -> 50.67 | G17: 3471 | H17: =F17*G17 -> 175875.57 | J17: =VLOOKUP(D17,產線配置圖!$A$3:$C$39,2,0) -> 13 | K17: =VLOOKUP(D17,產線配置圖!$A$3:$C$39,3,0) -> 2000 | L17: =K17/J17 -> 153.84615 | M17: 13 | N17: =G17/W17*60 -> 1983.4286 | O17: =N17/M17 -> 152.57143 | P17: =M17-J17 -> 0 | Q17: =O17-L17 -> -1.2747253 | R17: =O17/L17 -> 0.99171429 | T17: 0.34722222 | U17: 0.42013889 | V17: =(T17-U16)*24*60 -> 7 | W17: =(U17-T17)*24*60 -> 105 | AD17: 1 | AE17: 1 | AF17: =N17-K17 -> -16.571429 | AG17: =N17/K17 -> 0.99171429
B18: 義大利麵 | D18: 義式蕃茄起司義大利麵 | F18: =VLOOKUP(D18,廠價表!$C$1:$E$41,3,0) -> 50.39 | G18: 2698 | H18: =F18*G18 -> 135952.22 | J18: =VLOOKUP(D18,產線配置圖!$A$3:$C$39,2,0) -> 12 | K18: =VLOOKUP(D18,產線配置圖!$A$3:$C$39,3,0) -> 2000 | L18: =K18/J18 -> 166.66667 | M18: 12 | N18: =G18/W18*60 -> 1974.1463 | O18: =N18/M18 -> 164.5122 | P18: =M18-J18 -> 0 | Q18: =O18-L18 -> -2.1544715 | R18: =O18/L18 -> 0.98707317 | T18: 0.425 | U18: 0.48194444 | V18: =(T18-U17)*24*60 -> 7 | W18: =(U18-T18)*24*60 -> 82 | X18: 0.48611111 | Y18: 0.52777778 | AF18: =N18-K18 -> -25.853659 | AG18: =N18/K18 -> 0.98707317
B19: 義大利麵 | D19: 義式蕃茄起司義大利麵 | F19: =VLOOKUP(D19,廠價表!$C$1:$E$41,3,0) -> 50.39 | G19: 1638 | H19: =F19*G19 -> 82538.82 | J19: =VLOOKUP(D19,產線配置圖!$A$3:$C$39,2,0) -> 12 | K19: =VLOOKUP(D19,產線配置圖!$A$3:$C$39,3,0) -> 2000 | L19: =K19/J19 -> 166.66667 | M19: 12 | N19: =G19/W19*60 -> 1786.9091 | O19: =N19/M19 -> 148.90909 | P19: =M19-J19 -> 0 | Q19: =O19-L19 -> -17.757576 | R19: =O19/L19 -> 0.89345455 | T19: 0.54166667 | U19: 0.57986111 | V19: =(T19-U18)*24*60 -> 86 | W19: =(U19-T19)*24*60 -> 55 | AD19: 1 | AE19: 1 | AF19: =N19-K19 -> -213.09091 | AG19: =N19/K19 -> 0.89345455
W20: =(U20-T20)*24*60 -> 0
W21: =(U21-T21)*24*60 -> 0
W22: 0
W23: =(U23-T23)*24*60 -> 0
H24: =F24*G24 -> 0 | W24: =(U24-T24)*24*60 -> 0
H25: =F25*G25 -> 0 | W25: =(U25-T25)*24*60 -> 0
C26: 4度二組A | D26: 平均 | J26: =AVERAGE(J16:J25) -> 12.5 | K26: =AVERAGE(K16:K25) -> 2026.25 | L26: =AVERAGE(L16:L25) -> 162.27564 | M26: =AVERAGE(M16:M25) -> 12.75 | N26: =AVERAGE(N16:N25) -> 1978.19 | O26: =AVERAGE(O16:O25) -> 155.21739 | P26: =M26-J26 -> 0.25 | Q26: =O26-L26 -> -7.0582506 | R26: =O26/L26 -> 0.95650456 | Z26: =SUM(Z16:Z25) -> 0 | AA26: =SUM(AA16:AA25) -> 0 | AD26: =SUM(AD16:AD25) -> 3 | AE26: =SUM(AE16:AE25) -> 3 | AF26: =N26-K26 -> -48.060034 | AG26: =N26/K26 -> 0.97628129
A27: 手工三線 (ET-55) | B27: 義大利麵 | D27: 惡魔乳酪生義大利麵 | F27: =VLOOKUP(D27,廠價表!$C$1:$E$41,3,0) -> 57.3 | G27: 1924 | H27: =F27*G27 -> 110245.2 | J27: =VLOOKUP(D27,產線配置圖!$A$3:$C$39,2,0) -> 17 | K27: =VLOOKUP(D27,產線配置圖!$A$3:$C$39,3,0) -> 1500 | L27: =K27/J27 -> 88.235294 | M27: 13 | N27: =G27/W27*60 -> 1099.4286 | O27: =N27/M27 -> 84.571429 | P27: =M27-J27 -> -4 | Q27: =O27-L27 -> -3.6638655 | R27: =O27/L27 -> 0.95847619 | S27: =R37 -> 0.87625337 | T27: 0.29166667 | U27: 0.36458333 | W27: =(U27-T27)*24*60 -> 105 | AF27: =N27-K27 -> -400.57143 | AG27: =N27/K27 -> 0.73295238 | AH27: =AG37 -> 0.70797014
B28: 義大利麵 | D28: 奶油蒜香雞義大利麵 | F28: =VLOOKUP(D28,廠價表!$C$1:$E$41,3,0) -> 55.13 | G28: 1465 | H28: =F28*G28 -> 80765.45 | J28: =VLOOKUP(D28,產線配置圖!$A$3:$C$39,2,0) -> 17 | K28: =VLOOKUP(D28,產線配置圖!$A$3:$C$39,3,0) -> 1385 | L28: =K28/J28 -> 81.470588 | M28: 15 | N28: =G28/W28*60 -> 1126.9231 | O28: =N28/M28 -> 75.128205 | P28: =M28-J28 -> -2 | Q28: =O28-L28 -> -6.3423831 | R28: =O28/L28 -> 0.92215125 | T28: 0.37291667 | U28: 0.42708333 | V28: =(T28-U27)*24*60 -> 12 | W28: =(U28-T28)*24*60 -> 78 | AF28: =N28-K28 -> -258.07692 | AG28: =N28/K28 -> 0.81366287
B29: 熱乾麵 | D29: 沙茶豬肉炒麵 | F29: =VLOOKUP(D29,廠價表!$C$1:$E$41,3,0) -> 49.52 | G29: 899 | H29: =F29*G29 -> 44518.48 | J29: =VLOOKUP(D29,產線配置圖!$A$3:$C$39,2,0) -> 17 | K29: =VLOOKUP(D29,產線配置圖!$A$3:$C$39,3,0) -> 1440 | L29: =K29/J29 -> 84.705882 | M29: 14 | N29: =G29/W29*60 -> 963.21429 | O29: =N29/M29 -> 68.80102 | P29: =M29-J29 -> -3 | Q29: =O29-L29 -> -15.904862 | R29: =O29/L29 -> 0.81223427 | T29: 0.43541667 | U29: 0.47430556 | V29: =(T29-U28)*24*60 -> 12 | W29: =(U29-T29)*24*60 -> 56 | AF29: =N29-K29 -> -476.78571 | AG29: =N29/K29 -> 0.66889881
B30: 熱乾麵 | D30: 沙茶豬肉炒麵 | F30: =VLOOKUP(D30,廠價表!$C$1:$E$41,3,0) -> 49.52 | G30: 1062 | H30: =F30*G30 -> 52590.24 | J30: =VLOOKUP(D30,產線配置圖!$A$3:$C$39,2,0) -> 17 | K30: =VLOOKUP(D30,產線配置圖!$A$3:$C$39,3,0) -> 1440 | L30: =K30/J30 -> 84.705882 | M30: 14 | N30: =G30/W30*60 -> 980.30769 | O30: =N30/M30 -> 70.021978 | P30: =M30-J30 -> -3 | Q30: =O30-L30 -> -14.683904 | R30: =O30/L30 -> 0.82664835 | T30: 0.53472222 | U30: 0.57986111 | V30: =(T30-U29)*24*60 -> 87 | W30: =(U30-T30)*24*60 -> 65 | X30: 0.49652778 | Y30: 0.53819444 | AF30: =N30-K30 -> -459.69231 | AG30: =N30/K30 -> 0.68076923
B31: 義大利麵 | D31: 惡魔乳酪生義大利麵 | F31: =VLOOKUP(D31,廠價表!$C$1:$E$41,3,0) -> 57.3 | G31: 453 | H31: =F31*G31 -> 25956.9 | J31: =VLOOKUP(D31,產線配置圖!$A$3:$C$39,2,0) -> 17 | K31: =VLOOKUP(D31,產線配置圖!$A$3:$C$39,3,0) -> 1500 | L31: =K31/J31 -> 88.235294 | M31: 14 | N31: =G31/W31*60 -> 1087.2 | O31: =N31/M31 -> 77.657143 | P31: =M31-J31 -> -3 | Q31: =O31-L31 -> -10.578151 | R31: =O31/L31 -> 0.88011429 | T31: 0.58680556 | U31: 0.60416667 | V31: =(T31-U30)*24*60 -> 10 | W31: =(U31-T31)*24*60 -> 25 | AF31: =N31-K31 -> -412.8 | AG31: =N31/K31 -> 0.7248
B32: 熱乾麵 | D32: 府城鹽水意麵 | F32: =VLOOKUP(D32,廠價表!$C$1:$E$41,3,0) -> 44.3 | G32: 936 | H32: =F32*G32 -> 41464.8 | J32: =VLOOKUP(D32,產線配置圖!$A$3:$C$39,2,0) -> 19 | K32: =VLOOKUP(D32,產線配置圖!$A$3:$C$39,3,0) -> 1440 | L32: =K32/J32 -> 75.789474 | M32: 14 | N32: =G32/W32*60 -> 905.80645 | O32: =N32/M32 -> 64.700461 | P32: =M32-J32 -> -5 | Q32: =O32-L32 -> -11.089013 | R32: =O32/L32 -> 0.85368664 | T32: 0.6125 | U32: 0.65555556 | V32: =(T32-U31)*24*60 -> 12 | W32: =(U32-T32)*24*60 -> 62
W33: =(U33-T33)*24*60 -> 0
W34: =(U34-T34)*24*60 -> 0
W35: =(U35-T35)*24*60 -> 0
H36: =F36*G36 -> 0 | W36: =(U36-T36)*24*60 -> 0
C37: 4度二組B | D37: 平均 | J37: =AVERAGE(J27:J36) -> 17.333333 | K37: =AVERAGE(K27:K36) -> 1450.8333 | L37: =AVERAGE(L27:L36) -> 83.857069 | M37: =AVERAGE(M27:M36) -> 14 | N37: =AVERAGE(N27:N36) -> 1027.1467 | O37: =AVERAGE(O27:O36) -> 73.480039 | P37: =M37-J37 -> -3.3333333 | Q37: =N37-K37 -> -423.68665 | R37: =O37/L37 -> 0.87625337 | Z37: =SUM(Z27:Z36) -> 0 | AA37: =SUM(AA27:AA36) -> 0 | AD37: =SUM(AD27:AD36) -> 0 | AE37: =SUM(AE27:AE36) -> 0 | AF37: =N37-K37 -> -423.68665 | AG37: =N37/K37 -> 0.70797014
A38: 手工四線 (ET-55) | B38: 義大利麵 | D38: 焗烤明太子筆尖麵 | F38: =VLOOKUP(D38,廠價表!$C$1:$E$41,3,0) -> 57.3 | G38: 1572 | H38: =F38*G38 -> 90075.6 | J38: =VLOOKUP(D38,產線配置圖!$A$3:$C$39,2,0) -> 16 | K38: =VLOOKUP(D38,產線配置圖!$A$3:$C$39,3,0) -> 1385 | L38: =K38/J38 -> 86.5625 | M38: 14 | N38: =G38/W38*60 -> 1084.1379 | O38: =N38/M38 -> 77.438424 | P38: =M38-J38 -> -2 | Q38: =O38-L38 -> -9.1240764 | R38: =O38/L38 -> 0.89459551 | S38: =R48 -> 0.89480517 | T38: 0.33194444 | U38: 0.39236111 | W38: =(U38-T38)*24*60 -> 87 | AF38: =N38-K38 -> -300.86207 | AG38: =N38/K38 -> 0.78277107 | AH38: =AG48 -> 0.75802682
B39: 義大利麵 | D39: 濃拿坡里義大利麵 | F39: =VLOOKUP(D39,廠價表!$C$1:$E$41,3,0) -> 56.43 | G39: 1466 | H39: =F39*G39 -> 82726.38 | J39: =VLOOKUP(D39,產線配置圖!$A$3:$C$39,2,0) -> 16 | K39: =VLOOKUP(D39,產線配置圖!$A$3:$C$39,3,0) -> 1406 | L39: =K39/J39 -> 87.875 | M39: 14 | N39: =G39/W39*60 -> 1034.8235 | O39: =N39/M39 -> 73.915966 | P39: =M39-J39 -> -2 | Q39: =O39-L39 -> -13.959034 | R39: =O39/L39 -> 0.84114898 | T39: 0.39930556 | U39: 0.45833333 | V39: =(T39-U38)*24*60 -> 10 | W39: =(U39-T39)*24*60 -> 85 | AB39: 封膜機異常 | AD39: 1 | AE39: 1 | AF39: =N39-K39 -> -371.17647 | AG39: =N39/K39 -> 0.73600536
B40: 熱乾麵 | D40: 府城鹽水意麵 | F40: =VLOOKUP(D40,廠價表!$C$1:$E$41,3,0) -> 44.3 | G40: 1451 | H40: =F40*G40 -> 64279.3 | J40: =VLOOKUP(D40,產線配置圖!$A$3:$C$39,2,0) -> 19 | K40: =VLOOKUP(D40,產線配置圖!$A$3:$C$39,3,0) -> 1440 | L40: =K40/J40 -> 75.789474 | M40: 15 | N40: =G40/W40*60 -> 1088.25 | O40: =N40/M40 -> 72.55 | P40: =M40-J40 -> -4 | Q40: =O40-L40 -> -3.2394737 | R40: =O40/L40 -> 0.95725694 | T40: 0.55555556 | U40: 0.61111111 | V40: =(T40-U39)*24*60 -> 140 | W40: =(U40-T40)*24*60 -> 80 | AF40: =N40-K40 -> -351.75 | AG40: =N40/K40 -> 0.75572917
W41: =(U41-T41)*24*60 -> 0
W42: =(U42-T42)*24*60 -> 0
W43: =(U43-T43)*24*60 -> 0
W44: =(U44-T44)*24*60 -> 0
W45: =(U45-T45)*24*60 -> 0
W46: =(U46-T46)*24*60 -> 0
H47: =F47*G47 -> 0 | W47: =(U47-T47)*24*60 -> 0
C48: 4度二組C1 | D48: 平均 | J48: =AVERAGE(J38:J47) -> 17 | K48: =AVERAGE(K38:K47) -> 1410.3333 | L48: =AVERAGE(L38:L47) -> 83.408991 | M48: =AVERAGE(M38:M47) -> 14.333333 | N48: =AVERAGE(N38:N47) -> 1069.0705 | O48: =AVERAGE(O38:O47) -> 74.634797 | P48: =M48-J48 -> -2.6666667 | Q48: =N48-K48 -> -341.26285 | R48: =O48/L48 -> 0.89480517 | W48: =(U48-T48)*24*60 -> 0 | Z48: =SUM(Z38:Z47) -> 0 | AA48: =SUM(AA38:AA47) -> 0 | AD48: =SUM(AD38:AD47) -> 1 | AE48: =SUM(AE38:AE47) -> 1 | AF48: =N48-K48 -> -341.26285 | AG48: =N48/K48 -> 0.75802682
A49: 手工五線 (ET-55) | B49: 義大利麵 | D49: 剝皮辣椒雞奶油扁麵 | F49: =VLOOKUP(D49,廠價表!$C$1:$E$41,3,0) -> 56.87 | G49: 1231 | H49: =F49*G49 -> 70006.97 | J49: =VLOOKUP(D49,產線配置圖!$A$3:$C$39,2,0) -> 18 | K49: =VLOOKUP(D49,產線配置圖!$A$3:$C$39,3,0) -> 1565 | L49: =K49/J49 -> 86.944444 | M49: 16 | N49: =G49/W49*60 -> 1119.0909 | O49: =N49/M49 -> 69.943182 | P49: =M49-J49 -> -2 | Q49: =O49-L49 -> -17.001263 | R49: =O49/L49 -> 0.80445832 | S49: =R58 -> 0.87961181 | T49: 0.29583333 | U49: 0.34166667 | W49: =(U49-T49)*24*60 -> 66 | AF49: =N49-K49 -> -445.90909 | AG49: =N49/K49 -> 0.71507406 | AH49: =AG58 -> 0.81892074
B50: 熱乾麵 | D50: 青花椒麻雞肉拌麵 | F50: =VLOOKUP(D50,廠價表!$C$1:$E$41,3,0) -> 49.91 | G50: 2322 | H50: =F50*G50 -> 115891.02 | J50: =VLOOKUP(D50,產線配置圖!$A$3:$C$39,2,0) -> 17 | K50: =VLOOKUP(D50,產線配置圖!$A$3:$C$39,3,0) -> 1565 | L50: =K50/J50 -> 92.058824 | M50: 16 | N50: =G50/W50*60 -> 1302.0561 | O50: =N50/M50 -> 81.378505 | P50: =M50-J50 -> -1 | Q50: =O50-L50 -> -10.680319 | R50: =O50/L50 -> 0.88398376 | T50: 0.34861111 | U50: 0.42291667 | V50: =(T50-U49)*24*60 -> 10 | W50: =(U50-T50)*24*60 -> 107 | Z50: 1 | AA50: 7 | AB50: 封口機降溫 | AF50: =N50-K50 -> -262.94393 | AG50: =N50/K50 -> 0.83198471
B51: 義大利麵 | D51: 焗烤起司雙饗筆尖麵 | F51: =VLOOKUP(D51,廠價表!$C$1:$E$41,3,0) -> 49.97 | G51: 1495 | H51: =F51*G51 -> 74705.15 | J51: =VLOOKUP(D51,產線配置圖!$A$3:$C$39,2,0) -> 18 | K51: =VLOOKUP(D51,產線配置圖!$A$3:$C$39,3,0) -> 1600 | L51: =K51/J51 -> 88.888889 | M51: 17 | N51: =G51/W51*60 -> 1319.1176 | O51: =N51/M51 -> 77.595156 | P51: =M51-J51 -> -1 | Q51: =O51-L51 -> -11.293733 | R51: =O51/L51 -> 0.8729455 | T51: 0.43194444 | U51: 0.47916667 | V51: =(T51-U50)*24*60 -> 13 | W51: =(U51-T51)*24*60 -> 68 | AF51: =N51-K51 -> -280.88235 | AG51: =N51/K51 -> 0.82444853
B52: 義大利麵 | D52: 焗烤起司雙饗筆尖麵 | F52: =VLOOKUP(D52,廠價表!$C$1:$E$41,3,0) -> 49.97 | G52: 3296 | H52: =F52*G52 -> 164701.12 | J52: =VLOOKUP(D52,產線配置圖!$A$3:$C$39,2,0) -> 18 | K52: =VLOOKUP(D52,產線配置圖!$A$3:$C$39,3,0) -> 1600 | L52: =K52/J52 -> 88.888889 | M52: 17 | N52: =G52/W52*60 -> 1443.5036 | O52: =N52/M52 -> 84.911979 | P52: =M52-J52 -> -1 | Q52: =O52-L52 -> -3.9769095 | R52: =O52/L52 -> 0.95525977 | T52: 0.53819444 | U52: 0.63333333 | V52: =(T52-U51)*24*60 -> 85 | W52: =(U52-T52)*24*60 -> 137 | X52: 0.47916667 | Y52: 0.52083333 | AF52: =N52-K52 -> -156.49635 | AG52: =N52/K52 -> 0.90218978
W53: =(U53-T53)*24*60 -> 0 | AF53: =N53-K53 -> 0 | AG53: =N53/K53 -> #DIV/0!
W54: =(U54-T54)*24*60 -> 0
W55: =(U55-T55)*24*60 -> 0
W56: =(U56-T56)*24*60 -> 0
W57: =(U57-T57)*24*60 -> 0
C58: 4度二組C2 | D58: 平均 | J58: =AVERAGE(J49:J57) -> 17.75 | K58: =AVERAGE(K49:K57) -> 1582.5 | L58: =AVERAGE(L49:L57) -> 89.195261 | M58: =AVERAGE(M49:M57) -> 16.5 | N58: =AVERAGE(N49:N57) -> 1295.9421 | O58: =AVERAGE(O49:O57) -> 78.457205 | P58: =M58-J58 -> -1.25 | Q58: =N58-K58 -> -286.55793 | R58: =O58/L58 -> 0.87961181 | Z58: =SUM(Z49:Z57) -> 1 | AA58: =SUM(AA49:AA57) -> 7 | AD58: =SUM(AD49:AD57) -> 0 | AE58: =SUM(AE49:AE57) -> 0 | AF58: =N58-K58 -> -286.55793 | AG58: =N58/K58 -> 0.81892074
A59: 調理包一線 (八爪機) | B59: 小吃、微波 | D59: 小滷青蔬 | F59: =VLOOKUP(D59,廠價表!$C$1:$E$41,3,0) -> 26.99 | G59: 1484 | H59: =F59*G59 -> 40053.16 | J59: =VLOOKUP(D59,產線配置圖!$A$3:$C$39,2,0) -> 13 | K59: =VLOOKUP(D59,產線配置圖!$A$3:$C$39,3,0) -> 1565 | L59: =K59/J59 -> 120.38462 | M59: 13 | N59: =G59/W59*60 -> 1272 | O59: =N59/M59 -> 97.846154 | P59: =M59-J59 -> 0 | Q59: =O59-L59 -> -22.538462 | R59: =O59/L59 -> 0.81277955 | S59: =R69 -> 0.80112136 | T59: 0.29166667 | U59: 0.34027778 | W59: =(U59-T59)*24*60 -> 70 | AF59: =N59-K59 -> -293 | AG59: =N59/K59 -> 0.81277955 | AH59: =AG69 -> 0.80138998
B60: 小吃、微波 | D60: 台式綜合甜不辣 | F60: =VLOOKUP(D60,廠價表!$C$1:$E$41,3,0) -> 28.47 | G60: 692 | H60: =F60*G60 -> 19701.24 | J60: =VLOOKUP(D60,產線配置圖!$A$3:$C$39,2,0) -> 12 | K60: =VLOOKUP(D60,產線配置圖!$A$3:$C$39,3,0) -> 1565 | L60: =K60/J60 -> 130.41667 | M60: 12 | N60: =G60/W60*60 -> 1186.2857 | O60: =N60/M60 -> 98.857143 | P60: =M60-J60 -> 0 | Q60: =O60-L60 -> -31.559524 | R60: =O60/L60 -> 0.75801004 | T60: 0.35069444 | U60: 0.375 | V60: =(T60-U59)*24*60 -> 15 | W60: =(U60-T60)*24*60 -> 35 | AB60: 生產數量少 | AF60: =N60-K60 -> -378.71429 | AG60: =N60/K60 -> 0.75801004
B61: 小吃、微波 | D61: 小滷青蔬 | F61: =VLOOKUP(D61,廠價表!$C$1:$E$41,3,0) -> 26.99 | G61: 1189 | H61: =F61*G61 -> 32091.11 | J61: =VLOOKUP(D61,產線配置圖!$A$3:$C$39,2,0) -> 13 | K61: =VLOOKUP(D61,產線配置圖!$A$3:$C$39,3,0) -> 1565 | L61: =K61/J61 -> 120.38462 | M61: 13 | N61: =G61/W61*60 -> 1297.0909 | O61: =N61/M61 -> 99.776224 | P61: =M61-J61 -> 0 | Q61: =O61-L61 -> -20.608392 | R61: =O61/L61 -> 0.82881208 | T61: 0.38541667 | U61: 0.42361111 | V61: =(T61-U60)*24*60 -> 15 | W61: =(U61-T61)*24*60 -> 55 | AF61: =N61-K61 -> -267.90909 | AG61: =N61/K61 -> 0.82881208
B62: 小吃、微波 | D62: 起司馬鈴薯 | F62: =VLOOKUP(D62,廠價表!$C$1:$E$41,3,0) -> 28.26 | G62: 1944 | H62: =F62*G62 -> 54937.44 | J62: =VLOOKUP(D62,產線配置圖!$A$3:$C$39,2,0) -> 12 | K62: =VLOOKUP(D62,產線配置圖!$A$3:$C$39,3,0) -> 1565 | L62: =K62/J62 -> 130.41667 | M62: 12 | N62: =G62/W62*60 -> 1296 | O62: =N62/M62 -> 108 | P62: =M62-J62 -> 0 | Q62: =O62-L62 -> -22.416667 | R62: =O62/L62 -> 0.82811502 | T62: 0.43402778 | U62: 0.49652778 | V62: =(T62-U61)*24*60 -> 15 | W62: =(U62-T62)*24*60 -> 90 | X62: 0.50347222 | Y62: 0.54513889 | AF62: =N62-K62 -> -269 | AG62: =N62/K62 -> 0.82811502
B63: 小吃、微波 | D63: 小滷青蔬 | F63: =VLOOKUP(D63,廠價表!$C$1:$E$41,3,0) -> 26.99 | G63: 813 | H63: =F63*G63 -> 21942.87 | J63: =VLOOKUP(D63,產線配置圖!$A$3:$C$39,2,0) -> 13 | K63: =VLOOKUP(D63,產線配置圖!$A$3:$C$39,3,0) -> 1565 | L63: =K63/J63 -> 120.38462 | M63: 13 | N63: =G63/W63*60 -> 1219.5 | O63: =N63/M63 -> 93.807692 | P63: =M63-J63 -> 0 | Q63: =O63-L63 -> -26.576923 | R63: =O63/L63 -> 0.77923323 | T63: 0.54861111 | U63: 0.57638889 | V63: =(T63-U62)*24*60 -> 75 | W63: =(U63-T63)*24*60 -> 40 | AB63: 生產數量少
W64: =(U64-T64)*24*60 -> 0
W65: =(U65-T65)*24*60 -> 0
W66: =(U66-T66)*24*60 -> 0
W67: =(U67-T67)*24*60 -> 0
H68: =F68*G68 -> 0 | W68: =(U68-T68)*24*60 -> 0
C69: 4度三組 | D69: 平均 | J69: =AVERAGE(J59:J68) -> 12.6 | K69: =AVERAGE(K59:K68) -> 1565 | L69: =AVERAGE(L59:L68) -> 124.39744 | M69: =AVERAGE(M59:M68) -> 12.6 | N69: =AVERAGE(N59:N68) -> 1254.1753 | O69: =AVERAGE(O59:O68) -> 99.657443 | P69: =M69-J69 -> 0 | Q69: =N69-K69 -> -310.82468 | R69: =O69/L69 -> 0.80112136 | Z69: =SUM(Z59:Z68) -> 0 | AA69: =SUM(AA59:AA68) -> 0 | AD69: =SUM(AD59:AD68) -> 0 | AE69: =SUM(AE59:AE68) -> 0 | AF69: =N69-K69 -> -310.82468 | AG69: =N69/K69 -> 0.80138998
A70: 調理包二線 (手工) | B70: 義大利麵 | D70: 焗烤起司肉醬筆尖麵 | F70: =VLOOKUP(D70,廠價表!$C$1:$E$41,3,0) -> 50.67 | G70: 1989 | H70: =F70*G70 -> 100782.63 | J70: =VLOOKUP(D70,產線配置圖!$A$3:$C$39,2,0) -> 10 | K70: =VLOOKUP(D70,產線配置圖!$A$3:$C$39,3,0) -> 1125 | L70: =K70/J70 -> 112.5 | M70: 12 | N70: =G70/W70*60 -> 760.12739 | O70: =N70/M70 -> 63.343949 | P70: =M70-J70 -> 2 | Q70: =O70-L70 -> -49.156051 | R70: =O70/L70 -> 0.56305732 | S70: =R79 -> 0.56305732 | T70: 0.33541667 | U70: 0.44444444 | W70: =(U70-T70)*24*60 -> 157 | Z70: 1 | AA70: 30 | AB70: L型封膜異常 | AF70: =N70-K70 -> -364.87261 | AG70: =N70/K70 -> 0.67566879 | AH70: =AG79 -> 0.67566879
W71: =(U71-T71)*24*60 -> 0 | AF71: -300.3125 | AG71: 0.80810703
W72: =(U72-T72)*24*60 -> 0 | AF72: -130.33333 | AG72: 0.91671991
W73: =(U73-T73)*24*60 -> 0
W74: =(U74-T74)*24*60 -> 0
H75: =F75*G75 -> 0 | W75: =(U75-T75)*24*60 -> 0
H76: =F76*G76 -> 0 | W76: =(U76-T76)*24*60 -> 0
H77: =F77*G77 -> 0 | W77: =(U77-T77)*24*60 -> 0
H78: =F78*G78 -> 0 | W78: =(U78-T78)*24*60 -> 0
C79: 4度四組 | D79: 平均 | J79: =AVERAGE(J70:J78) -> 10 | K79: =AVERAGE(K70:K78) -> 1125 | L79: =AVERAGE(L70:L78) -> 112.5 | M79: =AVERAGE(M70:M78) -> 12 | N79: =AVERAGE(N70:N78) -> 760.12739 | O79: =AVERAGE(O70:O78) -> 63.343949 | P79: =M79-J79 -> 2 | Q79: =N79-K79 -> -364.87261 | R79: =O79/L79 -> 0.56305732 | Z79: =SUM(Z70:Z78) -> 1 | AA79: =SUM(AA70:AA78) -> 30 | AD79: =SUM(AD70:AD78) -> 0 | AE79: =SUM(AE70:AE78) -> 0 | AF79: =N79-K79 -> -364.87261 | AG79: =N79/K79 -> 0.67566879
AJ80: 1.當日出勤人數較多
AJ81: 2.當日出勤人數較少
AJ82: 3.當日出勤熟手較少
AJ83: 4.當日出勤新人較多
AJ84: 5.機台夾盒
AJ85: 6.封膜不順
AJ86: 7.更換膠膜
AJ87: 8.更換碳帶
AJ88: 9.當日熱轉印碳帶異常
AJ89: 10.訂單量過少
AJ90: 11.新品上市，尚未熟悉
AJ91: 12.商品結構，產能較低
AJ92: 13.區域出貨，分段生產

Sheet 0104總
B1: 長家廠組合室生產人時性分析
B3: 日期 | D3: 46026 | F3: 訂單量 | G3: ='0104'!E1 -> 53732 | I3: 營業額 | J3: ='0104'!G1 -> 2590409.3
B4: 項目 | D4: 3 | F4: ➀ | H4: ➁ | J4: ③ | L4: 異常停線 | N4: 短暫停線
B5: 人時性 | D5: 組合室 | F5: 全溫層 | H5: 義大利麵 | J5: 袋裝小吃、義麵 | L5: 合計次數 | M5: 時間 | N5: 合計次數 | O5: 設備次數
D6: 排關平均 | F6: =AVERAGE(D13:J13) -> 111.29093 | H6: =AVERAGE(D13:H13,J13) -> 108.93931 | J6: =AVERAGE(I13) -> 125.40064 | L6: ='0104'!Z2 -> 4 | M6: ='0104'!AA2 -> 101 | N6: ='0104'!AD2 -> 4 | O6: ='0104'!AE2 -> 4
D7: 實績平均 | F7: =AVERAGE(D14:J14) -> 94.51311 | H7: =AVERAGE(D14:H14,J14) -> 92.501574 | J7: =AVERAGE(I14) -> 106.58233
D8: 達成率平均 | F8: =F7/F6 -> 0.8492436 | H8: =H7/H6 -> 0.84911105 | J8: =J7/J6 -> 0.84993449
J9: ※現行日本鮮食廠以達成率80%為基本(即為現行KPI)
B10: 溫層 | D10: 4度C-各編組展開
B11: 編組 | D11: 1 | E11: 2 | F11: 3 | G11: 4 | H11: 5 | I11: 6 | J11: 7
D12: 自動1線 | E12: 自動2線 | F12: 手工3線 | G12: 手工4線 | H12: 手工5線 | I12: 調理包1線 | J12: 調理包2線
B13: 人時性 | C13: 排關 | D13: =VALUE('0104'!L15) -> 126.55462 | E13: =VALUE('0104'!L26) -> 160.58974 | F13: =VALUE('0104'!L37) -> 85.470588 | G13: =VALUE('0104'!L48) -> 83.408991 | H13: =VALUE('0104'!L58) -> 89.195261 | I13: =VALUE('0104'!L69) -> 125.40064 | J13: ='0104'!L79 -> 108.41667
C14: 實績 | D14: =VALUE('0104'!O15) -> 114.03115 | E14: =VALUE('0104'!O26) -> 130.89059 | F14: =VALUE('0104'!O37) -> 77.994129 | G14: =VALUE('0104'!O48) -> 72.058916 | H14: =VALUE('0104'!O58) -> 84.546895 | I14: =VALUE('0104'!O69) -> 106.58233 | J14: ='0104'!O79 -> 75.487762
C15: 達成率 | D15: =D14/D13 -> 0.90104294 | E15: =E14/E13 -> 0.81506196 | F15: =F14/F13 -> 0.91252594 | G15: =G14/G13 -> 0.86392264 | H15: =H14/H13 -> 0.9478855 | I15: =I14/I13 -> 0.84993449 | J15: ='0104'!S70 -> 0.69627452
B16: 作業 時間 | C16: 開始 | D16: ='0104'!T5 -> 0.29027778 | E16: ='0104'!T16 -> 0.29166667 | F16: ='0104'!T27 -> 0.29027778 | G16: ='0104'!T38 -> 0.33125 | H16: ='0104'!T49 -> 0.29097222 | I16: ='0104'!T59 -> 0.29166667 | J16: ='0104'!T70 -> 0.34027778
C17: 結束 | D17: 0.61875 | E17: 0.64305556 | F17: 0.57986111 | G17: 0.69305556 | H17: 0.63194444 | I17: 0.57291667 | J17: 0.63194444
B18: 產線異常 (5分鐘以上) | C18: 次數 | D18: ='0104'!Z15 -> 0 | E18: ='0104'!Z26 -> 2 | F18: ='0104'!Z37 -> 0 | G18: ='0104'!Z48 -> 1 | H18: ='0104'!Z58 -> 0 | I18: ='0104'!Z69 -> 0 | J18: ='0104'!Z79 -> 1
C19: 時間/分 | D19: ='0104'!AA15 -> 0 | E19: ='0104'!AA26 -> 38 | F19: ='0104'!AA37 -> 0 | G19: ='0104'!AA48 -> 13 | H19: ='0104'!AA58 -> 0 | I19: ='0104'!AA69 -> 0 | J19: ='0104'!AA79 -> 50
B20: 短暫停線 (5分鐘以下) | C20: 次數 | D20: ='0104'!AD15 -> 0 | E20: ='0104'!AD26 -> 4 | F20: ='0104'!AD37 -> 0 | G20: ='0104'!AD48 -> 0 | H20: ='0104'!AD58 -> 0 | I20: ='0104'!AD69 -> 0 | J20: ='0104'!AD79 -> 0
C21: 設備次數 | D21: ='0104'!AE15 -> 0 | E21: ='0104'!AE26 -> 4 | F21: ='0104'!AE37 -> 0 | G21: ='0104'!AE48 -> 0 | H21: ='0104'!AE58 -> 0 | I21: ='0104'!AE69 -> 0 | J21: ='0104'!AE79 -> 0
B22: 配置人數 | D22: =VALUE('0104'!M15) -> 14.75 | E22: =VALUE('0104'!M26) -> 12.8 | F22: =VALUE('0104'!M37) -> 17 | G22: =VALUE('0104'!M48) -> 15.666667 | H22: =VALUE('0104'!M58) -> 18 | I22: =VALUE('0104'!M69) -> 11.5 | J22: ='0104'!M79 -> 11
B23: 主要應用設備 | D23: ET-600 | E23: ET-600 | F23: ET-55 | G23: ET-55 | H23: ET-55 | I23: 八爪機
B24: 次要應用設備 | H24: 封口機
B25: 備註

Sheet 0104
A1: 長家廠4度C日報分析 | D1: 總生產量 | E1: =SUM(G5:G79) -> 53732 | F1: 營業額 | G1: =SUM(H5:H79) -> 2590409.3 | H1: 出勤人數 | I1: =M15+M26+M48+M58+M69+M79+M37 -> 100.71667 | J1: 產線配置圖 | M1: 生產實績 | P1: 人時性差異分析 | T1: 日報登錄 | Z1: 合計 次數 | AA1: 合計 時間/分 | AB1: 分析說明 | AD1: 合計 次數 | AE1: 合計 設備次數 | AF1: 產能差異分析
A2: 01月04日 星期日 | D2: 人時性 | E2: =AVERAGE(O15,O26,O37,O48,O58,O69,O79) -> 94.51311 | F2: 平均廠價 | G2: =G1/E1 -> 48.209805 | H2: 多次生產數 | I2: =COUNT(I5:I79) -> 0 | Z2: =Z15+Z26+Z37+Z48+Z58+Z69+Z79 -> 4 | AA2: =AA15+AA26+AA37+AA48+AA58+AA69+AA79 -> 101 | AD2: =AD15+AD26+AD37+AD48+AD58+AD69+AD79 -> 4 | AE2: =AE15+AE26+AE37+AE48+AE58+AE69+AE79 -> 4
A3: 線別 | B3: 品類 | D3: 品名 | F3: 廠價 | G3: 生產量 | H3: 營收 | I3: 多次 生產 | J3: 人數 | K3: 產能/時 | L3: 人時性 | M3: 人數 | N3: 產能/時 | O3: 人時性 | P3: 人數 | Q3: 人時性 | R3: 達成率 | S3: 達成率平均 | T3: 生產時間 | V3: 前置、換線時間/分 | W3: 稼動時間/分 | X3: 休息時間 | Z3: 產線異常統計 (5分鐘以上) | AD3: 短暫停線統計 (5分鐘以下) | AF3: 產能/時 | AG3: 達成率 | AH3: 達成率平均
T4: 開始 | U4: 結束 | X4: 開始 | Y4: 結束 | Z4: 次數 | AA4: 時間/分 | AD4: 總次數 | AE4: 設備因素(次數)
A5: 自動一線 (ET-600) | B5: 義大利麵 | D5: 奶油起司蝦仁通心粉 | F5: =VLOOKUP(D5,廠價表!$C$1:$E$41,3,0) -> 47.71 | G5: 3158 | H5: =F5*G5 -> 150668.18 | J5: =VLOOKUP(D5,產線配置圖!$A$3:$C$39,2,0) -> 14 | K5: =VLOOKUP(D5,產線配置圖!$A$3:$C$39,3,0) -> 1440 | L5: =K5/J5 -> 102.85714 | M5: 14 | N5: =G5/W5*60 -> 1414.0299 | O5: =N5/M5 -> 101.00213 | P5: =M5-J5 -> 0 | Q5: =O5-L5 -> -1.8550107 | R5: =O5/L5 -> 0.98196517 | S5: =R15 -> 0.90104294 | T5: 0.29027778 | U5: 0.38333333 | W5: =(U5-T5)*24*60 -> 134 | AF5: =N5-K5 -> -25.970149 | AG5: =N5/K5 -> 0.98196517 | AH5: =AG15 -> 0.89482648
B6: 義大利麵 | D6: 韓式起司炸雞義大利麵 | F6: =VLOOKUP(D6,廠價表!$C$1:$E$41,3,0) -> 57.21 | G6: 1309 | H6: =F6*G6 -> 74887.89 | J6: =VLOOKUP(D6,產線配置圖!$A$3:$C$39,2,0) -> 17 | K6: =VLOOKUP(D6,產線配置圖!$A$3:$C$39,3,0) -> 2000 | L6: =K6/J6 -> 117.64706 | M6: 17 | N6: =G6/W6*60 -> 1540 | O6: =N6/M6 -> 90.588235 | P6: =M6-J6 -> 0 | Q6: =O6-L6 -> -27.058824 | R6: =O6/L6 -> 0.77 | T6: 0.38958333 | U6: 0.425 | V6: =(T6-U5)*24*60 -> 9 | W6: =(U6-T6)*24*60 -> 51 | AF6: =N6-K6 -> -460 | AG6: =N6/K6 -> 0.77
B7: 義大利麵 | D7: 奶油培根義大利麵 | F7: =VLOOKUP(D7,廠價表!$C$1:$E$41,3,0) -> 49.14 | G7: 2274 | H7: =F7*G7 -> 111744.36 | J7: =VLOOKUP(D7,產線配置圖!$A$3:$C$39,2,0) -> 14 | K7: =VLOOKUP(D7,產線配置圖!$A$3:$C$39,3,0) -> 2000 | L7: =K7/J7 -> 142.85714 | M7: 14 | N7: =G7/W7*60 -> 1949.1429 | O7: =N7/M7 -> 139.22449 | P7: =M7-J7 -> 0 | Q7: =O7-L7 -> -3.6326531 | R7: =O7/L7 -> 0.97457143 | T7: 0.43055556 | U7: 0.47916667 | V7: =(T7-U6)*24*60 -> 8 | W7: =(U7-T7)*24*60 -> 70 | AF7: =N7-K7 -> -50.857143 | AG7: =N7/K7 -> 0.97457143
B8: 義大利麵 | D8: 奶油培根義大利麵 | F8: =VLOOKUP(D8,廠價表!$C$1:$E$41,3,0) -> 49.14 | G8: 3304 | H8: =F8*G8 -> 162358.56 | J8: =VLOOKUP(D8,產線配置圖!$A$3:$C$39,2,0) -> 14 | K8: =VLOOKUP(D8,產線配置圖!$A$3:$C$39,3,0) -> 2000 | L8: =K8/J8 -> 142.85714 | M8: 14 | N8: =G8/W8*60 -> 1754.3363 | O8: =N8/M8 -> 125.30973 | P8: =M8-J8 -> 0 | Q8: =O8-L8 -> -17.547408 | R8: =O8/L8 -> 0.87716814 | T8: 0.54027778 | U8: 0.61875 | V8: =(T8-U7)*24*60 -> 88 | W8: =(U8-T8)*24*60 -> 113 | X8: 0.48611111 | Y8: 0.52777778 | AF8: =N8-K8 -> -245.66372 | AG8: =N8/K8 -> 0.87716814
W9: =(U9-T9)*24*60 -> 0 | AF9: =N9-K9 -> 0 | AG9: =N9/K9 -> #DIV/0!
W10: =(U10-T10)*24*60 -> 0 | AF10: =N10-K10 -> 0 | AG10: =N10/K10 -> #DIV/0!
W11: =(U11-T11)*24*60 -> 0 | AF11: =N11-K11 -> 0 | AG11: =N11/K11 -> #DIV/0!
W12: =(U12-T12)*24*60 -> 0
W13: =(U13-T13)*24*60 -> 0
W14: =(U14-T14)*24*60 -> 0
C15: 4度一組 | D15: 平均 | J15: =AVERAGE(J5:J14) -> 14.75 | K15: =AVERAGE(K5:K14) -> 1860 | L15: =AVERAGE(L5:L14) -> 126.55462 | M15: =AVERAGE(M5:M14) -> 14.75 | N15: =AVERAGE(N5:N14) -> 1664.3772 | O15: =AVERAGE(O5:O14) -> 114.03115 | P15: =M15-J15 -> 0 | Q15: =O15-L15 -> -12.523474 | R15: =O15/L15 -> 0.90104294 | Z15: =SUM(Z5:Z14) -> 0 | AA15: =SUM(AA5:AA14) -> 0 | AD15: =SUM(AD5:AD14) -> 0 | AE15: =SUM(AE5:AE14) -> 0 | AF15: =N15-K15 -> -195.62275 | AG15: =N15/K15 -> 0.89482648
A16: 自動二線 (ET-600) | B16: 義大利麵 | D16: 白酒蛤蜊義大利麵 | F16: =VLOOKUP(D16,廠價表!$C$1:$E$41,3,0) -> 57.21 | G16: 864 | H16: =F16*G16 -> 49429.44 | J16: =VLOOKUP(D16,產線配置圖!$A$3:$C$39,2,0) -> 13 | K16: =VLOOKUP(D16,產線配置圖!$A$3:$C$39,3,0) -> 2105 | L16: =K16/J16 -> 161.92308 | M16: 14 | N16: =G16/W16*60 -> 785.45455 | O16: =N16/M16 -> 56.103896 | P16: =M16-J16 -> 1 | Q16: =O16-L16 -> -105.81918 | R16: =O16/L16 -> 0.34648487 | S16: =R26 -> 0.81506196 | T16: 0.29166667 | U16: 0.3375 | W16: =(U16-T16)*24*60 -> 66 | Z16: 2 | AA16: 38 | AB16: 07:15-07:26, 07:33-08:00封膜異常 | AF16: =N16-K16 -> -1319.5455 | AG16: =N16/K16 -> 0.37313755 | AH16: =AG26 -> 0.8166087
B17: 義大利麵 | D17: 青醬蛤蜊義大利麵 | F17: =VLOOKUP(D17,廠價表!$C$1:$E$41,3,0) -> 50.67 | G17: 3020 | H17: =F17*G17 -> 153023.4 | J17: =VLOOKUP(D17,產線配置圖!$A$3:$C$39,2,0) -> 13 | K17: =VLOOKUP(D17,產線配置圖!$A$3:$C$39,3,0) -> 2000 | L17: =K17/J17 -> 153.84615 | M17: 13 | N17: =G17/W17*60 -> 1991.2088 | O17: =N17/M17 -> 153.16991 | P17: =M17-J17 -> 0 | Q17: =O17-L17 -> -0.67624683 | R17: =O17/L17 -> 0.9956044 | T17: 0.35555556 | U17: 0.41875 | V17: =(T17-U16)*24*60 -> 26 | W17: =(U17-T17)*24*60 -> 91 | AB17: 玉取機停麵 | AD17: 1 | AE17: 1 | AF17: =N17-K17 -> -8.7912088 | AG17: =N17/K17 -> 0.9956044
B18: 義大利麵 | D18: 義式蕃茄起司義大利麵 | F18: =VLOOKUP(D18,廠價表!$C$1:$E$41,3,0) -> 50.39 | G18: 2239 | H18: =F18*G18 -> 112823.21 | J18: =VLOOKUP(D18,產線配置圖!$A$3:$C$39,2,0) -> 12 | K18: =VLOOKUP(D18,產線配置圖!$A$3:$C$39,3,0) -> 2000 | L18: =K18/J18 -> 166.66667 | M18: 12 | N18: =G18/W18*60 -> 1791.2 | O18: =N18/M18 -> 149.26667 | P18: =M18-J18 -> 0 | Q18: =O18-L18 -> -17.4 | R18: =O18/L18 -> 0.8956 | T18: 0.42708333 | U18: 0.47916667 | V18: =(T18-U17)*24*60 -> 12 | W18: =(U18-T18)*24*60 -> 75 | X18: 0.48611111 | Y18: 0.52777778 | AB18: 玉取機停麵 | AD18: 1 | AE18: 1 | AF18: =N18-K18 -> -208.8 | AG18: =N18/K18 -> 0.8956
B19: 義大利麵 | D19: 義式蕃茄起司義大利麵 | F19: =VLOOKUP(D19,廠價表!$C$1:$E$41,3,0) -> 50.39 | G19: 3095 | H19: =F19*G19 -> 155957.05 | J19: =VLOOKUP(D19,產線配置圖!$A$3:$C$39,2,0) -> 12 | K19: =VLOOKUP(D19,產線配置圖!$A$3:$C$39,3,0) -> 2000 | L19: =K19/J19 -> 166.66667 | M19: 12 | N19: =G19/W19*60 -> 1954.7368 | O19: =N19/M19 -> 162.89474 | P19: =M19-J19 -> 0 | Q19: =O19-L19 -> -3.7719298 | R19: =O19/L19 -> 0.97736842 | T19: 0.54166667 | U19: 0.60763889 | V19: =(T19-U18)*24*60 -> 90 | W19: =(U19-T19)*24*60 -> 95 | AB19: 玉取機停麵 | AD19: 1 | AE19: 1 | AF19: =N19-K19 -> -45.263158 | AG19: =N19/K19 -> 0.97736842
B20: 義大利麵 | D20: 青醬蛤蜊義大利麵 | F20: =VLOOKUP(D20,廠價表!$C$1:$E$41,3,0) -> 50.67 | G20: 1124 | H20: =F20*G20 -> 56953.08 | J20: =VLOOKUP(D20,產線配置圖!$A$3:$C$39,2,0) -> 13 | K20: =VLOOKUP(D20,產線配置圖!$A$3:$C$39,3,0) -> 2000 | L20: =K20/J20 -> 153.84615 | M20: 13 | N20: =G20/W20*60 -> 1729.2308 | O20: =N20/M20 -> 133.01775 | P20: =M20-J20 -> 0 | Q20: =O20-L20 -> -20.828402 | R20: =O20/L20 -> 0.86461538 | T20: 0.61597222 | U20: 0.64305556 | V20: =(T20-U19)*24*60 -> 12 | W20: =(U20-T20)*24*60 -> 39 | AB20: 玉取機停麵 | AD20: 1 | AE20: 1
W21: =(U21-T21)*24*60 -> 0
W22: 0
W23: =(U23-T23)*24*60 -> 0
H24: =F24*G24 -> 0 | W24: =(U24-T24)*24*60 -> 0
H25: =F25*G25 -> 0 | W25: =(U25-T25)*24*60 -> 0
C26: 4度二組A | D26: 平均 | J26: =AVERAGE(J16:J25) -> 12.6 | K26: =AVERAGE(K16:K25) -> 2021 | L26: =AVERAGE(L16:L25) -> 160.58974 | M26: =AVERAGE(M16:M25) -> 12.8 | N26: =AVERAGE(N16:N25) -> 1650.3662 | O26: =AVERAGE(O16:O25) -> 130.89059 | P26: =M26-J26 -> 0.2 | Q26: =O26-L26 -> -29.699152 | R26: =O26/L26 -> 0.81506196 | Z26: =SUM(Z16:Z25) -> 2 | AA26: =SUM(AA16:AA25) -> 38 | AD26: =SUM(AD16:AD25) -> 4 | AE26: =SUM(AE16:AE25) -> 4 | AF26: =N26-K26 -> -370.63381 | AG26: =N26/K26 -> 0.8166087
A27: 手工三線 (ET-55) | B27: 義大利麵 | D27: 惡魔乳酪生義大利麵 | F27: =VLOOKUP(D27,廠價表!$C$1:$E$41,3,0) -> 57.3 | G27: 1671 | H27: =F27*G27 -> 95748.3 | J27: =VLOOKUP(D27,產線配置圖!$A$3:$C$39,2,0) -> 17 | K27: =VLOOKUP(D27,產線配置圖!$A$3:$C$39,3,0) -> 1500 | L27: =K27/J27 -> 88.235294 | M27: 17 | N27: =G27/W27*60 -> 1432.2857 | O27: =N27/M27 -> 84.252101 | P27: =M27-J27 -> 0 | Q27: =O27-L27 -> -3.9831933 | R27: =O27/L27 -> 0.95485714 | S27: =R37 -> 0.91252594 | T27: 0.29027778 | U27: 0.33888889 | W27: =(U27-T27)*24*60 -> 70 | AF27: =N27-K27 -> -67.714286 | AG27: =N27/K27 -> 0.95485714 | AH27: =AG37 -> 0.91252594
B28: 義大利麵 | D28: 奶油蒜香雞義大利麵 | F28: =VLOOKUP(D28,廠價表!$C$1:$E$41,3,0) -> 55.13 | G28: 1526 | H28: =F28*G28 -> 84128.38 | J28: =VLOOKUP(D28,產線配置圖!$A$3:$C$39,2,0) -> 17 | K28: =VLOOKUP(D28,產線配置圖!$A$3:$C$39,3,0) -> 1385 | L28: =K28/J28 -> 81.470588 | M28: 17 | N28: =G28/W28*60 -> 1271.6667 | O28: =N28/M28 -> 74.803922 | P28: =M28-J28 -> 0 | Q28: =O28-L28 -> -6.6666667 | R28: =O28/L28 -> 0.91817088 | T28: 0.34583333 | U28: 0.39583333 | V28: =(T28-U27)*24*60 -> 10 | W28: =(U28-T28)*24*60 -> 72 | AF28: =N28-K28 -> -113.33333 | AG28: =N28/K28 -> 0.91817088
B29: 熱乾麵 | D29: 沙茶豬肉炒麵 | F29: =VLOOKUP(D29,廠價表!$C$1:$E$41,3,0) -> 49.52 | G29: 1690 | H29: =F29*G29 -> 83688.8 | J29: =VLOOKUP(D29,產線配置圖!$A$3:$C$39,2,0) -> 17 | K29: =VLOOKUP(D29,產線配置圖!$A$3:$C$39,3,0) -> 1440 | L29: =K29/J29 -> 84.705882 | M29: 17 | N29: =G29/W29*60 -> 1236.5854 | O29: =N29/M29 -> 72.740316 | P29: =M29-J29 -> 0 | Q29: =O29-L29 -> -11.965567 | R29: =O29/L29 -> 0.85873984 | T29: 0.40277778 | U29: 0.45972222 | V29: =(T29-U28)*24*60 -> 10 | W29: =(U29-T29)*24*60 -> 82 | AF29: =N29-K29 -> -203.41463 | AG29: =N29/K29 -> 0.85873984
B30: 熱乾麵 | D30: 沙茶豬肉炒麵 | F30: =VLOOKUP(D30,廠價表!$C$1:$E$41,3,0) -> 49.52 | G30: 500 | H30: =F30*G30 -> 24760 | J30: =VLOOKUP(D30,產線配置圖!$A$3:$C$39,2,0) -> 17 | K30: =VLOOKUP(D30,產線配置圖!$A$3:$C$39,3,0) -> 1440 | L30: =K30/J30 -> 84.705882 | M30: 17 | N30: =G30/W30*60 -> 1304.3478 | O30: =N30/M30 -> 76.726343 | P30: =M30-J30 -> 0 | Q30: =O30-L30 -> -7.9795396 | R30: =O30/L30 -> 0.9057971 | T30: 0.52083333 | U30: 0.53680556 | V30: =(T30-U29)*24*60 -> 88 | W30: =(U30-T30)*24*60 -> 23 | X30: 0.49652778 | Y30: 0.53819444 | AF30: =N30-K30 -> -135.65217 | AG30: =N30/K30 -> 0.9057971
B31: 義大利麵 | D31: 惡魔乳酪生義大利麵 | F31: =VLOOKUP(D31,廠價表!$C$1:$E$41,3,0) -> 57.3 | G31: 1200 | H31: =F31*G31 -> 68760 | J31: =VLOOKUP(D31,產線配置圖!$A$3:$C$39,2,0) -> 17 | K31: =VLOOKUP(D31,產線配置圖!$A$3:$C$39,3,0) -> 1500 | L31: =K31/J31 -> 88.235294 | M31: 17 | N31: =G31/W31*60 -> 1384.6154 | O31: =N31/M31 -> 81.447964 | P31: =M31-J31 -> 0 | Q31: =O31-L31 -> -6.7873303 | R31: =O31/L31 -> 0.92307692 | T31: 0.54375 | U31: 0.57986111 | W31: =(U31-T31)*24*60 -> 52 | AF31: =N31-K31 -> -115.38462 | AG31: =N31/K31 -> 0.92307692
W32: =(U32-T32)*24*60 -> 0
W33: =(U33-T33)*24*60 -> 0
W34: =(U34-T34)*24*60 -> 0
W35: =(U35-T35)*24*60 -> 0
H36: =F36*G36 -> 0 | W36: =(U36-T36)*24*60 -> 0
C37: 4度二組B | D37: 平均 | J37: =AVERAGE(J27:J36) -> 17 | K37: =AVERAGE(K27:K36) -> 1453 | L37: =AVERAGE(L27:L36) -> 85.470588 | M37: =AVERAGE(M27:M36) -> 17 | N37: =AVERAGE(N27:N36) -> 1325.9002 | O37: =AVERAGE(O27:O36) -> 77.994129 | P37: =M37-J37 -> 0 | Q37: =N37-K37 -> -127.09981 | R37: =O37/L37 -> 0.91252594 | Z37: =SUM(Z27:Z36) -> 0 | AA37: =SUM(AA27:AA36) -> 0 | AD37: =SUM(AD27:AD36) -> 0 | AE37: =SUM(AE27:AE36) -> 0 | AF37: =N37-K37 -> -127.09981 | AG37: =N37/K37 -> 0.91252594
A38: 手工四線 (ET-55) | B38: 義大利麵 | D38: 焗烤明太子筆尖麵 | F38: =VLOOKUP(D38,廠價表!$C$1:$E$41,3,0) -> 57.3 | G38: 1602 | H38: =F38*G38 -> 91794.6 | J38: =VLOOKUP(D38,產線配置圖!$A$3:$C$39,2,0) -> 16 | K38: =VLOOKUP(D38,產線配置圖!$A$3:$C$39,3,0) -> 1385 | L38: =K38/J38 -> 86.5625 | M38: 14 | N38: =G38/W38*60 -> 1158.0723 | O38: =N38/M38 -> 82.719449 | P38: =M38-J38 -> -2 | Q38: =O38-L38 -> -3.8430508 | R38: =O38/L38 -> 0.95560375 | S38: =R48 -> 0.86392264 | T38: 0.33125 | U38: 0.38888889 | W38: =(U38-T38)*24*60 -> 83 | AF38: =N38-K38 -> -226.92771 | AG38: =N38/K38 -> 0.83615328 | AH38: =AG48 -> 0.79693303
B39: 義大利麵 | D39: 濃拿坡里義大利麵 | F39: =VLOOKUP(D39,廠價表!$C$1:$E$41,3,0) -> 56.43 | G39: 1178 | H39: =F39*G39 -> 66474.54 | J39: =VLOOKUP(D39,產線配置圖!$A$3:$C$39,2,0) -> 16 | K39: =VLOOKUP(D39,產線配置圖!$A$3:$C$39,3,0) -> 1406 | L39: =K39/J39 -> 87.875 | M39: 15 | N39: =G39/W39*60 -> 942.4 | O39: =N39/M39 -> 62.826667 | P39: =M39-J39 -> -1 | Q39: =O39-L39 -> -25.048333 | R39: =O39/L39 -> 0.71495495 | T39: 0.39583333 | U39: 0.44791667 | V39: =(T39-U38)*24*60 -> 10 | W39: =(U39-T39)*24*60 -> 75 | Z39: 1 | AA39: 13 | AB39: 封口機異常 | AF39: =N39-K39 -> -463.6 | AG39: =N39/K39 -> 0.67027027
B40: 熱乾麵 | D40: 府城鹽水意麵 | F40: =VLOOKUP(D40,廠價表!$C$1:$E$41,3,0) -> 44.3 | G40: 3136 | H40: =F40*G40 -> 138924.8 | J40: =VLOOKUP(D40,產線配置圖!$A$3:$C$39,2,0) -> 19 | K40: =VLOOKUP(D40,產線配置圖!$A$3:$C$39,3,0) -> 1440 | L40: =K40/J40 -> 75.789474 | M40: 18 | N40: =G40/W40*60 -> 1271.3514 | O40: =N40/M40 -> 70.630631 | P40: =M40-J40 -> -1 | Q40: =O40-L40 -> -5.1588431 | R40: =O40/L40 -> 0.93193193 | T40: 0.59027778 | U40: 0.69305556 | V40: =(T40-U39)*24*60 -> 205 | W40: =(U40-T40)*24*60 -> 148 | AF40: =N40-K40 -> -168.64865 | AG40: =N40/K40 -> 0.88288288
W41: =(U41-T41)*24*60 -> 0 | AF41: =N41-K41 -> 0 | AG41: =N41/K41 -> #DIV/0!
W42: =(U42-T42)*24*60 -> 0
W43: =(U43-T43)*24*60 -> 0
W44: =(U44-T44)*24*60 -> 0
W45: =(U45-T45)*24*60 -> 0
W46: =(U46-T46)*24*60 -> 0
H47: =F47*G47 -> 0 | W47: =(U47-T47)*24*60 -> 0
C48: 4度二組C1 | D48: 平均 | J48: =AVERAGE(J38:J47) -> 17 | K48: =AVERAGE(K38:K47) -> 1410.3333 | L48: =AVERAGE(L38:L47) -> 83.408991 | M48: =AVERAGE(M38:M47) -> 15.666667 | N48: =AVERAGE(N38:N47) -> 1123.9412 | O48: =AVERAGE(O38:O47) -> 72.058916 | P48: =M48-J48 -> -1.3333333 | Q48: =N48-K48 -> -286.39212 | R48: =O48/L48 -> 0.86392264 | W48: =(U48-T48)*24*60 -> 0 | Z48: =SUM(Z38:Z47) -> 1 | AA48: =SUM(AA38:AA47) -> 13 | AD48: =SUM(AD38:AD47) -> 0 | AE48: =SUM(AE38:AE47) -> 0 | AF48: =N48-K48 -> -286.39212 | AG48: =N48/K48 -> 0.79693303
A49: 手工五線 (ET-55) | B49: 義大利麵 | D49: 剝皮辣椒雞奶油扁麵 | F49: =VLOOKUP(D49,廠價表!$C$1:$E$41,3,0) -> 56.87 | G49: 1400 | H49: =F49*G49 -> 79618 | J49: =VLOOKUP(D49,產線配置圖!$A$3:$C$39,2,0) -> 18 | K49: =VLOOKUP(D49,產線配置圖!$A$3:$C$39,3,0) -> 1565 | L49: =K49/J49 -> 86.944444 | M49: 19 | N49: =G49/W49*60 -> 1423.7288 | O49: =N49/M49 -> 74.933095 | P49: =M49-J49 -> 1 | Q49: =O49-L49 -> -12.011349 | R49: =O49/L49 -> 0.8618503 | S49: =R58 -> 0.9478855 | T49: 0.29097222 | U49: 0.33194444 | W49: =(U49-T49)*24*60 -> 59 | AF49: =N49-K49 -> -141.27119 | AG49: =N49/K49 -> 0.90973087 | AH49: =AG58 -> 0.95923485
B50: 熱乾麵 | D50: 青花椒麻雞肉拌麵 | F50: =VLOOKUP(D50,廠價表!$C$1:$E$41,3,0) -> 49.91 | G50: 2688 | H50: =F50*G50 -> 134158.08 | J50: =VLOOKUP(D50,產線配置圖!$A$3:$C$39,2,0) -> 17 | K50: =VLOOKUP(D50,產線配置圖!$A$3:$C$39,3,0) -> 1565 | L50: =K50/J50 -> 92.058824 | M50: 17 | N50: =G50/W50*60 -> 1536 | O50: =N50/M50 -> 90.352941 | P50: =M50-J50 -> 0 | Q50: =O50-L50 -> -1.7058824 | R50: =O50/L50 -> 0.98146965 | T50: 0.34027778 | U50: 0.41319444 | V50: =(T50-U49)*24*60 -> 12 | W50: =(U50-T50)*24*60 -> 105 | AF50: =N50-K50 -> -29 | AG50: =N50/K50 -> 0.98146965
B51: 義大利麵 | D51: 焗烤起司雙饗筆尖麵 | F51: =VLOOKUP(D51,廠價表!$C$1:$E$41,3,0) -> 49.97 | G51: 1766 | H51: =F51*G51 -> 88247.02 | J51: =VLOOKUP(D51,產線配置圖!$A$3:$C$39,2,0) -> 18 | K51: =VLOOKUP(D51,產線配置圖!$A$3:$C$39,3,0) -> 1600 | L51: =K51/J51 -> 88.888889 | M51: 18 | N51: =G51/W51*60 -> 1513.7143 | O51: =N51/M51 -> 84.095238 | P51: =M51-J51 -> 0 | Q51: =O51-L51 -> -4.7936508 | R51: =O51/L51 -> 0.94607143 | T51: 0.42013889 | U51: 0.46875 | V51: =(T51-U50)*24*60 -> 10 | W51: =(U51-T51)*24*60 -> 70 | AF51: =N51-K51 -> -86.285714 | AG51: =N51/K51 -> 0.94607143
B52: 義大利麵 | D52: 焗烤起司雙饗筆尖麵 | F52: =VLOOKUP(D52,廠價表!$C$1:$E$41,3,0) -> 49.97 | G52: 3943 | H52: =F52*G52 -> 197031.71 | J52: =VLOOKUP(D52,產線配置圖!$A$3:$C$39,2,0) -> 18 | K52: =VLOOKUP(D52,產線配置圖!$A$3:$C$39,3,0) -> 1600 | L52: =K52/J52 -> 88.888889 | M52: 18 | N52: =G52/W52*60 -> 1598.5135 | O52: =N52/M52 -> 88.806306 | P52: =M52-J52 -> 0 | Q52: =O52-L52 -> -0.082582583 | R52: =O52/L52 -> 0.99907095 | T52: 0.52916667 | U52: 0.63194444 | V52: =(T52-U51)*24*60 -> 87 | W52: =(U52-T52)*24*60 -> 148 | X52: 0.47916667 | Y52: 0.52083333 | AF52: =N52-K52 -> -1.4864865 | AG52: =N52/K52 -> 0.99907095
W53: =(U53-T53)*24*60 -> 0 | AF53: =N53-K53 -> 0 | AG53: =N53/K53 -> #DIV/0!
W54: =(U54-T54)*24*60 -> 0
W55: =(U55-T55)*24*60 -> 0
W56: =(U56-T56)*24*60 -> 0
W57: =(U57-T57)*24*60 -> 0
C58: 4度二組C2 | D58: 平均 | J58: =AVERAGE(J49:J57) -> 17.75 | K58: =AVERAGE(K49:K57) -> 1582.5 | L58: =AVERAGE(L49:L57) -> 89.195261 | M58: =AVERAGE(M49:M57) -> 18 | N58: =AVERAGE(N49:N57) -> 1517.9892 | O58: =AVERAGE(O49:O57) -> 84.546895 | P58: =M58-J58 -> 0.25 | Q58: =N58-K58 -> -64.510847 | R58: =O58/L58 -> 0.9478855 | Z58: =SUM(Z49:Z57) -> 0 | AA58: =SUM(AA49:AA57) -> 0 | AD58: =SUM(AD49:AD57) -> 0 | AE58: =SUM(AE49:AE57) -> 0 | AF58: =N58-K58 -> -64.510847 | AG58: =N58/K58 -> 0.95923485
A59: 調理包一線 (八爪機) | B59: 小吃、微波 | D59: 小滷青蔬 | F59: =VLOOKUP(D59,廠價表!$C$1:$E$41,3,0) -> 26.99 | G59: 3674 | H59: =F59*G59 -> 99161.26 | J59: =VLOOKUP(D59,產線配置圖!$A$3:$C$39,2,0) -> 13 | K59: =VLOOKUP(D59,產線配置圖!$A$3:$C$39,3,0) -> 1565 | L59: =K59/J59 -> 120.38462 | M59: 13 | N59: =G59/W59*60 -> 1552.3944 | O59: =N59/M59 -> 119.41495 | P59: =M59-J59 -> 0 | Q59: =O59-L59 -> -0.96966414 | R59: =O59/L59 -> 0.99194528 | S59: =R69 -> 0.84993449 | T59: 0.29166667 | U59: 0.39027778 | W59: =(U59-T59)*24*60 -> 142 | AF59: =N59-K59 -> -12.605634 | AG59: =N59/K59 -> 0.99194528 | AH59: =AG69 -> 0.78246844
B60: 小吃、微波 | D60: 台式綜合甜不辣 | F60: =VLOOKUP(D60,廠價表!$C$1:$E$41,3,0) -> 28.47 | G60: 389 | H60: =F60*G60 -> 11074.83 | J60: =VLOOKUP(D60,產線配置圖!$A$3:$C$39,2,0) -> 12 | K60: =VLOOKUP(D60,產線配置圖!$A$3:$C$39,3,0) -> 1565 | L60: =K60/J60 -> 130.41667 | M60: 12 | N60: =G60/W60*60 -> 933.6 | O60: =N60/M60 -> 77.8 | P60: =M60-J60 -> 0 | Q60: =O60-L60 -> -52.616667 | R60: =O60/L60 -> 0.59654952 | T60: 0.39930556 | U60: 0.41666667 | V60: =(T60-U59)*24*60 -> 13 | W60: =(U60-T60)*24*60 -> 25 | AB60: 生產數量少 | AF60: =N60-K60 -> -631.4 | AG60: =N60/K60 -> 0.59654952
B61: 小吃、微波 | D61: 起司馬鈴薯 | F61: =VLOOKUP(D61,廠價表!$C$1:$E$41,3,0) -> 28.26 | G61: 2065 | H61: =F61*G61 -> 58356.9 | J61: =VLOOKUP(D61,產線配置圖!$A$3:$C$39,2,0) -> 12 | K61: =VLOOKUP(D61,產線配置圖!$A$3:$C$39,3,0) -> 1565 | L61: =K61/J61 -> 130.41667 | M61: 11 | N61: =G61/W61*60 -> 1332.2581 | O61: =N61/M61 -> 121.11437 | P61: =M61-J61 -> -1 | Q61: =O61-L61 -> -9.3022972 | R61: =O61/L61 -> 0.92867248 | T61: 0.425 | U61: 0.48958333 | V61: =(T61-U60)*24*60 -> 12 | W61: =(U61-T61)*24*60 -> 93 | AF61: =N61-K61 -> -232.74194 | AG61: =N61/K61 -> 0.85128311
B62: 小吃、微波 | D62: 小滷青蔬 | F62: =VLOOKUP(D62,廠價表!$C$1:$E$41,3,0) -> 26.99 | G62: 810 | H62: =F62*G62 -> 21861.9 | J62: =VLOOKUP(D62,產線配置圖!$A$3:$C$39,2,0) -> 13 | K62: =VLOOKUP(D62,產線配置圖!$A$3:$C$39,3,0) -> 1565 | L62: =K62/J62 -> 120.38462 | M62: 10 | N62: =G62/W62*60 -> 1080 | O62: =N62/M62 -> 108 | P62: =M62-J62 -> -3 | Q62: =O62-L62 -> -12.384615 | R62: =O62/L62 -> 0.8971246 | T62: 0.54166667 | U62: 0.57291667 | W62: =(U62-T62)*24*60 -> 45 | X62: 0.50347222 | Y62: 0.54513889 | AF62: =N62-K62 -> -485 | AG62: =N62/K62 -> 0.69009585
W63: =(U63-T63)*24*60 -> 0
W64: =(U64-T64)*24*60 -> 0
W65: =(U65-T65)*24*60 -> 0
W66: =(U66-T66)*24*60 -> 0
W67: =(U67-T67)*24*60 -> 0
H68: =F68*G68 -> 0 | W68: =(U68-T68)*24*60 -> 0
C69: 4度三組 | D69: 平均 | J69: =AVERAGE(J59:J68) -> 12.5 | K69: =AVERAGE(K59:K68) -> 1565 | L69: =AVERAGE(L59:L68) -> 125.40064 | M69: =AVERAGE(M59:M68) -> 11.5 | N69: =AVERAGE(N59:N68) -> 1224.5631 | O69: =AVERAGE(O59:O68) -> 106.58233 | P69: =M69-J69 -> -1 | Q69: =N69-K69 -> -340.43689 | R69: =O69/L69 -> 0.84993449 | Z69: =SUM(Z59:Z68) -> 0 | AA69: =SUM(AA59:AA68) -> 0 | AD69: =SUM(AD59:AD68) -> 0 | AE69: =SUM(AE59:AE68) -> 0 | AF69: =N69-K69 -> -340.43689 | AG69: =N69/K69 -> 0.78246844
A70: 調理包二線 (手工) | B70: 義大利麵 | D70: 焗烤起司肉醬筆尖麵 | F70: =VLOOKUP(D70,廠價表!$C$1:$E$41,3,0) -> 50.67 | G70: 2475 | H70: =F70*G70 -> 125408.25 | J70: =VLOOKUP(D70,產線配置圖!$A$3:$C$39,2,0) -> 10 | K70: =VLOOKUP(D70,產線配置圖!$A$3:$C$39,3,0) -> 1125 | L70: =K70/J70 -> 112.5 | M70: 9 | N70: =G70/W70*60 -> 742.5 | O70: =N70/M70 -> 82.5 | P70: =M70-J70 -> -1 | Q70: =O70-L70 -> -30 | R70: =O70/L70 -> 0.73333333 | S70: =R79 -> 0.69627452 | T70: 0.34027778 | U70: 0.47916667 | W70: =(U70-T70)*24*60 -> 200 | AF70: =N70-K70 -> -382.5 | AG70: =N70/K70 -> 0.66 | AH70: =AG79 -> 0.60694491
B71: 義大利麵 | D71: 白酒蛤蜊義大利麵 | F71: =VLOOKUP(D71,廠價表!$C$1:$E$41,3,0) -> 57.21 | G71: 1632 | H71: =F71*G71 -> 93366.72 | J71: 15 | K71: 1565 | L71: =K71/J71 -> 104.33333 | M71: 13 | N71: =G71/W71*60 -> 890.18182 | O71: =N71/M71 -> 68.475524 | P71: =M71-J71 -> -2 | Q71: =O71-L71 -> -35.857809 | R71: =O71/L71 -> 0.65631493 | T71: 0.55555556 | U71: 0.63194444 | W71: =(U71-T71)*24*60 -> 110 | Z71: 1 | AA71: 50 | AB71: 封膜異常 | AF71: -300.3125 | AG71: 0.80810703
W72: =(U72-T72)*24*60 -> 0 | AF72: -130.33333 | AG72: 0.91671991
W73: =(U73-T73)*24*60 -> 0
W74: =(U74-T74)*24*60 -> 0
H75: =F75*G75 -> 0 | W75: =(U75-T75)*24*60 -> 0
H76: =F76*G76 -> 0 | W76: =(U76-T76)*24*60 -> 0
H77: =F77*G77 -> 0 | W77: =(U77-T77)*24*60 -> 0
H78: =F78*G78 -> 0 | W78: =(U78-T78)*24*60 -> 0
C79: 4度四組 | D79: 平均 | J79: =AVERAGE(J70:J78) -> 12.5 | K79: =AVERAGE(K70:K78) -> 1345 | L79: =AVERAGE(L70:L78) -> 108.41667 | M79: =AVERAGE(M70:M78) -> 11 | N79: =AVERAGE(N70:N78) -> 816.34091 | O79: =AVERAGE(O70:O78) -> 75.487762 | P79: =M79-J79 -> -1.5 | Q79: =N79-K79 -> -528.65909 | R79: =O79/L79 -> 0.69627452 | Z79: =SUM(Z70:Z78) -> 1 | AA79: =SUM(AA70:AA78) -> 50 | AD79: =SUM(AD70:AD78) -> 0 | AE79: =SUM(AE70:AE78) -> 0 | AF79: =N79-K79 -> -528.65909 | AG79: =N79/K79 -> 0.60694491
AJ80: 1.當日出勤人數較多
AJ81: 2.當日出勤人數較少
AJ82: 3.當日出勤熟手較少
AJ83: 4.當日出勤新人較多
AJ84: 5.機台夾盒
AJ85: 6.封膜不順
AJ86: 7.更換膠膜
AJ87: 8.更換碳帶
AJ88: 9.當日熱轉印碳帶異常
AJ89: 10.訂單量過少
AJ90: 11.新品上市，尚未熟悉
AJ91: 12.商品結構，產能較低
AJ92: 13.區域出貨，分段生產

Sheet 0105總
B1: 長家廠組合室生產人時性分析
B3: 日期 | D3: 46027 | F3: 訂單量 | G3: ='0105'!E1 -> 53395 | I3: 營業額 | J3: ='0105'!G1 -> 2573763.6
B4: 項目 | D4: 3 | F4: ➀ | H4: ➁ | J4: ③ | L4: 異常停線 | N4: 短暫停線
B5: 人時性 | D5: 組合室 | F5: 全溫層 | H5: 義大利麵 | J5: 袋裝小吃、義麵 | L5: 合計次數 | M5: 時間 | N5: 合計次數 | O5: 設備次數
D6: 排關平均 | F6: =AVERAGE(D13:J13) -> 111.84298 | H6: =AVERAGE(D13:H13,J13) -> 109.58337 | J6: =AVERAGE(I13) -> 125.40064 | L6: ='0105'!Z2 -> 0 | M6: ='0105'!AA2 -> 0 | N6: ='0105'!AD2 -> 4 | O6: ='0105'!AE2 -> 4
D7: 實績平均 | F7: =AVERAGE(D14:J14) -> 102.03444 | H7: =AVERAGE(D14:H14,J14) -> 100.61472 | J7: =AVERAGE(I14) -> 110.55278
D8: 達成率平均 | F8: =F7/F6 -> 0.91230081 | H8: =H7/H6 -> 0.91815682 | J8: =J7/J6 -> 0.88159659
J9: ※現行日本鮮食廠以達成率80%為基本(即為現行KPI)
B10: 溫層 | D10: 4度C-各編組展開
B11: 編組 | D11: 1 | E11: 2 | F11: 3 | G11: 4 | H11: 5 | I11: 6 | J11: 7
D12: 自動1線 | E12: 自動2線 | F12: 手工3線 | G12: 手工4線 | H12: 手工5線 | I12: 調理包1線 | J12: 調理包2線
B13: 人時性 | C13: 排關 | D13: =VALUE('0105'!L15) -> 126.55462 | E13: =VALUE('0105'!L26) -> 162.27564 | F13: =VALUE('0105'!L37) -> 85.470588 | G13: =VALUE('0105'!L48) -> 81.504112 | H13: =VALUE('0105'!L58) -> 89.195261 | I13: =VALUE('0105'!L69) -> 125.40064 | J13: ='0105'!L79 -> 112.5
C14: 實績 | D14: =VALUE('0105'!O15) -> 118.47606 | E14: =VALUE('0105'!O26) -> 149.92434 | F14: =VALUE('0105'!O37) -> 79.948143 | G14: =VALUE('0105'!O48) -> 71.421156 | H14: =VALUE('0105'!O58) -> 88.580683 | I14: =VALUE('0105'!O69) -> 110.55278 | J14: ='0105'!O79 -> 95.337931
C15: 達成率 | D15: =D14/D13 -> 0.93616545 | E15: =E14/E13 -> 0.92388691 | F15: =F14/F13 -> 0.93538777 | G15: =G14/G13 -> 0.87628899 | H15: =H14/H13 -> 0.99310974 | I15: =I14/I13 -> 0.88159659 | J15: ='0105'!S70 -> 0.84744828
B16: 作業 時間 | C16: 開始 | D16: ='0105'!T5 -> 0.29027778 | E16: ='0105'!T16 -> 0.29166667 | F16: ='0105'!T27 -> 0.29166667 | G16: ='0105'!T38 -> 0.33333333 | H16: ='0105'!T49 -> 0.29027778 | I16: ='0105'!T59 -> 0.29166667 | J16: ='0105'!T70 -> 0.34027778
C17: 結束 | D17: 0.60694444 | E17: 0.62083333 | F17: 0.60208333 | G17: 0.64236111 | H17: 0.63888889 | I17: 0.57986111 | J17: 0.44097222
B18: 產線異常 (5分鐘以上) | C18: 次數 | D18: ='0105'!Z15 -> 0 | E18: ='0105'!Z26 -> 0 | F18: ='0105'!Z37 -> 0 | G18: ='0105'!Z48 -> 0 | H18: ='0105'!Z58 -> 0 | I18: ='0105'!Z69 -> 0 | J18: ='0105'!Z79 -> 0
C19: 時間/分 | D19: ='0105'!AA15 -> 0 | E19: ='0105'!AA26 -> 0 | F19: ='0105'!AA37 -> 0 | G19: ='0105'!AA48 -> 0 | H19: ='0105'!AA58 -> 0 | I19: ='0105'!AA69 -> 0 | J19: ='0105'!AA79 -> 0
B20: 短暫停線 (5分鐘以下) | C20: 次數 | D20: ='0105'!AD15 -> 0 | E20: ='0105'!AD26 -> 4 | F20: ='0105'!AD37 -> 0 | G20: ='0105'!AD48 -> 0 | H20: ='0105'!AD58 -> 0 | I20: ='0105'!AD69 -> 0 | J20: ='0105'!AD79 -> 0
C21: 設備次數 | D21: ='0105'!AE15 -> 0 | E21: ='0105'!AE26 -> 4 | F21: ='0105'!AE37 -> 0 | G21: ='0105'!AE48 -> 0 | H21: ='0105'!AE58 -> 0 | I21: ='0105'!AE69 -> 0 | J21: ='0105'!AE79 -> 0
B22: 配置人數 | D22: =VALUE('0105'!M15) -> 14.75 | E22: =VALUE('0105'!M26) -> 12.75 | F22: =VALUE('0105'!M37) -> 15.2 | G22: =VALUE('0105'!M48) -> 16.5 | H22: =VALUE('0105'!M58) -> 17.75 | I22: =VALUE('0105'!M69) -> 12.5 | J22: ='0105'!M79 -> 10
B23: 主要應用設備 | D23: ET-600 | E23: ET-600 | F23: ET-55 | G23: ET-55 | H23: ET-55 | I23: 八爪機
B24: 次要應用設備 | H24: 封口機
B25: 備註

Sheet 0105
A1: 長家廠4度C日報分析 | D1: 總生產量 | E1: =SUM(G5:G79) -> 53395 | F1: 營業額 | G1: =SUM(H5:H79) -> 2573763.6 | H1: 出勤人數 | I1: =M15+M26+M48+M58+M69+M79+M37 -> 99.45 | J1: 產線配置圖 | M1: 生產實績 | P1: 人時性差異分析 | T1: 日報登錄 | Z1: 合計 次數 | AA1: 合計 時間/分 | AB1: 分析說明 | AD1: 合計 次數 | AE1: 合計 設備次數 | AF1: 產能差異分析
A2: 01月05日 星期一 | D2: 人時性 | E2: =AVERAGE(O15,O26,O37,O48,O58,O69,O79) -> 102.03444 | F2: 平均廠價 | G2: =G1/E1 -> 48.202333 | H2: 多次生產數 | I2: =COUNT(I5:I79) -> 0 | Z2: =Z15+Z26+Z37+Z48+Z58+Z69+Z79 -> 0 | AA2: =AA15+AA26+AA37+AA48+AA58+AA69+AA79 -> 0 | AD2: =AD15+AD26+AD37+AD48+AD58+AD69+AD79 -> 4 | AE2: =AE15+AE26+AE37+AE48+AE58+AE69+AE79 -> 4
A3: 線別 | B3: 品類 | D3: 品名 | F3: 廠價 | G3: 生產量 | H3: 營收 | I3: 多次 生產 | J3: 人數 | K3: 產能/時 | L3: 人時性 | M3: 人數 | N3: 產能/時 | O3: 人時性 | P3: 人數 | Q3: 人時性 | R3: 達成率 | S3: 達成率平均 | T3: 生產時間 | V3: 前置、換線時間/分 | W3: 稼動時間/分 | X3: 休息時間 | Z3: 產線異常統計 (5分鐘以上) | AD3: 短暫停線統計 (5分鐘以下) | AF3: 產能/時 | AG3: 達成率 | AH3: 達成率平均
T4: 開始 | U4: 結束 | X4: 開始 | Y4: 結束 | Z4: 次數 | AA4: 時間/分 | AD4: 總次數 | AE4: 設備因素(次數)
A5: 自動一線 (ET-600) | B5: 義大利麵 | D5: 奶油起司蝦仁通心粉 | F5: =VLOOKUP(D5,廠價表!$C$1:$E$41,3,0) -> 47.71 | G5: 3068 | H5: =F5*G5 -> 146374.28 | J5: =VLOOKUP(D5,產線配置圖!$A$3:$C$39,2,0) -> 14 | K5: =VLOOKUP(D5,產線配置圖!$A$3:$C$39,3,0) -> 1440 | L5: =K5/J5 -> 102.85714 | M5: 14 | N5: =G5/W5*60 -> 1438.125 | O5: =N5/M5 -> 102.72321 | P5: =M5-J5 -> 0 | Q5: =O5-L5 -> -0.13392857 | R5: =O5/L5 -> 0.99869792 | S5: =R15 -> 0.93616545 | T5: 0.29027778 | U5: 0.37916667 | W5: =(U5-T5)*24*60 -> 128 | AF5: =N5-K5 -> -1.875 | AG5: =N5/K5 -> 0.99869792 | AH5: =AG15 -> 0.9378298
B6: 義大利麵 | D6: 韓式起司炸雞義大利麵 | F6: =VLOOKUP(D6,廠價表!$C$1:$E$41,3,0) -> 57.21 | G6: 1554 | H6: =F6*G6 -> 88904.34 | J6: =VLOOKUP(D6,產線配置圖!$A$3:$C$39,2,0) -> 17 | K6: =VLOOKUP(D6,產線配置圖!$A$3:$C$39,3,0) -> 2000 | L6: =K6/J6 -> 117.64706 | M6: 17 | N6: =G6/W6*60 -> 1942.5 | O6: =N6/M6 -> 114.26471 | P6: =M6-J6 -> 0 | Q6: =O6-L6 -> -3.3823529 | R6: =O6/L6 -> 0.97125 | T6: 0.38541667 | U6: 0.41875 | V6: =(T6-U5)*24*60 -> 9 | W6: =(U6-T6)*24*60 -> 48 | AF6: =N6-K6 -> -57.5 | AG6: =N6/K6 -> 0.97125
B7: 義大利麵 | D7: 奶油培根義大利麵 | F7: =VLOOKUP(D7,廠價表!$C$1:$E$41,3,0) -> 49.14 | G7: 2381 | H7: =F7*G7 -> 117002.34 | J7: =VLOOKUP(D7,產線配置圖!$A$3:$C$39,2,0) -> 14 | K7: =VLOOKUP(D7,產線配置圖!$A$3:$C$39,3,0) -> 2000 | L7: =K7/J7 -> 142.85714 | M7: 14 | N7: =G7/W7*60 -> 1763.7037 | O7: =N7/M7 -> 125.97884 | P7: =M7-J7 -> 0 | Q7: =O7-L7 -> -16.878307 | R7: =O7/L7 -> 0.88185185 | T7: 0.42430556 | U7: 0.48055556 | V7: =(T7-U6)*24*60 -> 8 | W7: =(U7-T7)*24*60 -> 81 | AF7: =N7-K7 -> -236.2963 | AG7: =N7/K7 -> 0.88185185
B8: 義大利麵 | D8: 奶油培根義大利麵 | F8: =VLOOKUP(D8,廠價表!$C$1:$E$41,3,0) -> 49.14 | G8: 2933 | H8: =F8*G8 -> 144127.62 | J8: =VLOOKUP(D8,產線配置圖!$A$3:$C$39,2,0) -> 14 | K8: =VLOOKUP(D8,產線配置圖!$A$3:$C$39,3,0) -> 2000 | L8: =K8/J8 -> 142.85714 | M8: 14 | N8: =G8/W8*60 -> 1833.125 | O8: =N8/M8 -> 130.9375 | P8: =M8-J8 -> 0 | Q8: =O8-L8 -> -11.919643 | R8: =O8/L8 -> 0.9165625 | T8: 0.54027778 | U8: 0.60694444 | V8: =(T8-U7)*24*60 -> 86 | W8: =(U8-T8)*24*60 -> 96 | X8: 0.48611111 | Y8: 0.52777778 | AF8: =N8-K8 -> -166.875 | AG8: =N8/K8 -> 0.9165625
W9: =(U9-T9)*24*60 -> 0 | AF9: =N9-K9 -> 0 | AG9: =N9/K9 -> #DIV/0!
W10: =(U10-T10)*24*60 -> 0 | AF10: =N10-K10 -> 0 | AG10: =N10/K10 -> #DIV/0!
W11: =(U11-T11)*24*60 -> 0 | AF11: =N11-K11 -> 0 | AG11: =N11/K11 -> #DIV/0!
W12: =(U12-T12)*24*60 -> 0
W13: =(U13-T13)*24*60 -> 0
W14: =(U14-T14)*24*60 -> 0
C15: 4度一組 | D15: 平均 | J15: =AVERAGE(J5:J14) -> 14.75 | K15: =AVERAGE(K5:K14) -> 1860 | L15: =AVERAGE(L5:L14) -> 126.55462 | M15: =AVERAGE(M5:M14) -> 14.75 | N15: =AVERAGE(N5:N14) -> 1744.3634 | O15: =AVERAGE(O5:O14) -> 118.47606 | P15: =M15-J15 -> 0 | Q15: =O15-L15 -> -8.0785578 | R15: =O15/L15 -> 0.93616545 | Z15: =SUM(Z5:Z14) -> 0 | AA15: =SUM(AA5:AA14) -> 0 | AD15: =SUM(AD5:AD14) -> 0 | AE15: =SUM(AE5:AE14) -> 0 | AF15: =N15-K15 -> -115.63657 | AG15: =N15/K15 -> 0.9378298
A16: 自動二線 (ET-600) | B16: 義大利麵 | D16: 白酒蛤蜊義大利麵 | F16: =VLOOKUP(D16,廠價表!$C$1:$E$41,3,0) -> 57.21 | G16: 2452 | H16: =F16*G16 -> 140278.92 | J16: =VLOOKUP(D16,產線配置圖!$A$3:$C$39,2,0) -> 13 | K16: =VLOOKUP(D16,產線配置圖!$A$3:$C$39,3,0) -> 2105 | L16: =K16/J16 -> 161.92308 | M16: 14 | N16: =G16/W16*60 -> 1961.6 | O16: =N16/M16 -> 140.11429 | P16: =M16-J16 -> 1 | Q16: =O16-L16 -> -21.808791 | R16: =O16/L16 -> 0.86531388 | S16: =R26 -> 0.92388691 | T16: 0.29166667 | U16: 0.34375 | W16: =(U16-T16)*24*60 -> 75 | AF16: =N16-K16 -> -143.4 | AG16: =N16/K16 -> 0.93187648 | AH16: =AG26 -> 0.94036295
B17: 義大利麵 | D17: 青醬蛤蜊義大利麵 | F17: =VLOOKUP(D17,廠價表!$C$1:$E$41,3,0) -> 50.67 | G17: 4054 | H17: =F17*G17 -> 205416.18 | J17: =VLOOKUP(D17,產線配置圖!$A$3:$C$39,2,0) -> 13 | K17: =VLOOKUP(D17,產線配置圖!$A$3:$C$39,3,0) -> 2000 | L17: =K17/J17 -> 153.84615 | M17: 13 | N17: =G17/W17*60 -> 1885.5814 | O17: =N17/M17 -> 145.04472 | P17: =M17-J17 -> 0 | Q17: =O17-L17 -> -8.8014311 | R17: =O17/L17 -> 0.9427907 | T17: 0.35208333 | U17: 0.44166667 | V17: =(T17-U16)*24*60 -> 12 | W17: =(U17-T17)*24*60 -> 129 | AB17: 玉取機停麵 | AD17: 1 | AE17: 1 | AF17: =N17-K17 -> -114.4186 | AG17: =N17/K17 -> 0.9427907
B18: 義大利麵 | D18: 義式蕃茄起司義大利麵 | F18: =VLOOKUP(D18,廠價表!$C$1:$E$41,3,0) -> 50.39 | G18: 1391 | H18: =F18*G18 -> 70092.49 | J18: =VLOOKUP(D18,產線配置圖!$A$3:$C$39,2,0) -> 12 | K18: =VLOOKUP(D18,產線配置圖!$A$3:$C$39,3,0) -> 2000 | L18: =K18/J18 -> 166.66667 | M18: 12 | N18: =G18/W18*60 -> 1775.7447 | O18: =N18/M18 -> 147.97872 | P18: =M18-J18 -> 0 | Q18: =O18-L18 -> -18.687943 | R18: =O18/L18 -> 0.88787234 | T18: 0.45 | U18: 0.48263889 | V18: =(T18-U17)*24*60 -> 12 | W18: =(U18-T18)*24*60 -> 47 | X18: 0.48611111 | Y18: 0.52777778 | AB18: 玉取機停麵 | AD18: 1 | AE18: 1 | AF18: =N18-K18 -> -224.25532 | AG18: =N18/K18 -> 0.88787234
B19: 義大利麵 | D19: 義式蕃茄起司義大利麵 | F19: =VLOOKUP(D19,廠價表!$C$1:$E$41,3,0) -> 50.39 | G19: 3631 | H19: =F19*G19 -> 182966.09 | J19: =VLOOKUP(D19,產線配置圖!$A$3:$C$39,2,0) -> 12 | K19: =VLOOKUP(D19,產線配置圖!$A$3:$C$39,3,0) -> 2000 | L19: =K19/J19 -> 166.66667 | M19: 12 | N19: =G19/W19*60 -> 1998.7156 | O19: =N19/M19 -> 166.55963 | P19: =M19-J19 -> 0 | Q19: =O19-L19 -> -0.10703364 | R19: =O19/L19 -> 0.9993578 | T19: 0.54513889 | U19: 0.62083333 | V19: =(T19-U18)*24*60 -> 90 | W19: =(U19-T19)*24*60 -> 109 | AB19: 玉取機停麵 | AD19: 2 | AE19: 2 | AF19: =N19-K19 -> -1.2844037 | AG19: =N19/K19 -> 0.9993578
W20: =(U20-T20)*24*60 -> 0
W21: =(U21-T21)*24*60 -> 0
W22: 0
W23: =(U23-T23)*24*60 -> 0
H24: =F24*G24 -> 0 | W24: =(U24-T24)*24*60 -> 0
H25: =F25*G25 -> 0 | W25: =(U25-T25)*24*60 -> 0
C26: 4度二組A | D26: 平均 | J26: =AVERAGE(J16:J25) -> 12.5 | K26: =AVERAGE(K16:K25) -> 2026.25 | L26: =AVERAGE(L16:L25) -> 162.27564 | M26: =AVERAGE(M16:M25) -> 12.75 | N26: =AVERAGE(N16:N25) -> 1905.4104 | O26: =AVERAGE(O16:O25) -> 149.92434 | P26: =M26-J26 -> 0.25 | Q26: =O26-L26 -> -12.3513 | R26: =O26/L26 -> 0.92388691 | Z26: =SUM(Z16:Z25) -> 0 | AA26: =SUM(AA16:AA25) -> 0 | AD26: =SUM(AD16:AD25) -> 4 | AE26: =SUM(AE16:AE25) -> 4 | AF26: =N26-K26 -> -120.83958 | AG26: =N26/K26 -> 0.94036295
A27: 手工三線 (ET-55) | B27: 義大利麵 | D27: 惡魔乳酪生義大利麵 | F27: =VLOOKUP(D27,廠價表!$C$1:$E$41,3,0) -> 57.3 | G27: 1598 | H27: =F27*G27 -> 91565.4 | J27: =VLOOKUP(D27,產線配置圖!$A$3:$C$39,2,0) -> 17 | K27: =VLOOKUP(D27,產線配置圖!$A$3:$C$39,3,0) -> 1500 | L27: =K27/J27 -> 88.235294 | M27: 15 | N27: =G27/W27*60 -> 1313.4247 | O27: =N27/M27 -> 87.561644 | P27: =M27-J27 -> -2 | Q27: =O27-L27 -> -0.67365028 | R27: =O27/L27 -> 0.9923653 | S27: =R37 -> 0.93538777 | T27: 0.29166667 | U27: 0.34236111 | W27: =(U27-T27)*24*60 -> 73 | AF27: =N27-K27 -> -186.57534 | AG27: =N27/K27 -> 0.87561644 | AH27: =AG37 -> 0.83538677
B28: 義大利麵 | D28: 奶油蒜香雞義大利麵 | F28: =VLOOKUP(D28,廠價表!$C$1:$E$41,3,0) -> 55.13 | G28: 1693 | H28: =F28*G28 -> 93335.09 | J28: =VLOOKUP(D28,產線配置圖!$A$3:$C$39,2,0) -> 17 | K28: =VLOOKUP(D28,產線配置圖!$A$3:$C$39,3,0) -> 1385 | L28: =K28/J28 -> 81.470588 | M28: 16 | N28: =G28/W28*60 -> 1167.5862 | O28: =N28/M28 -> 72.974138 | P28: =M28-J28 -> -1 | Q28: =O28-L28 -> -8.4964503 | R28: =O28/L28 -> 0.89571144 | T28: 0.34930556 | U28: 0.40972222 | V28: =(T28-U27)*24*60 -> 10 | W28: =(U28-T28)*24*60 -> 87 | AF28: =N28-K28 -> -217.41379 | AG28: =N28/K28 -> 0.84302253
B29: 熱乾麵 | D29: 沙茶豬肉炒麵 | F29: =VLOOKUP(D29,廠價表!$C$1:$E$41,3,0) -> 49.52 | G29: 1292 | H29: =F29*G29 -> 63979.84 | J29: =VLOOKUP(D29,產線配置圖!$A$3:$C$39,2,0) -> 17 | K29: =VLOOKUP(D29,產線配置圖!$A$3:$C$39,3,0) -> 1440 | L29: =K29/J29 -> 84.705882 | M29: 15 | N29: =G29/W29*60 -> 1123.4783 | O29: =N29/M29 -> 74.898551 | P29: =M29-J29 -> -2 | Q29: =O29-L29 -> -9.8073316 | R29: =O29/L29 -> 0.884219 | T29: 0.41666667 | U29: 0.46458333 | V29: =(T29-U28)*24*60 -> 10 | W29: =(U29-T29)*24*60 -> 69 | AF29: =N29-K29 -> -316.52174 | AG29: =N29/K29 -> 0.78019324
B30: 熱乾麵 | D30: 沙茶豬肉炒麵 | F30: =VLOOKUP(D30,廠價表!$C$1:$E$41,3,0) -> 49.52 | G30: 990 | H30: =F30*G30 -> 49024.8 | J30: =VLOOKUP(D30,產線配置圖!$A$3:$C$39,2,0) -> 17 | K30: =VLOOKUP(D30,產線配置圖!$A$3:$C$39,3,0) -> 1440 | L30: =K30/J30 -> 84.705882 | M30: 15 | N30: =G30/W30*60 -> 1188 | O30: =N30/M30 -> 79.2 | P30: =M30-J30 -> -2 | Q30: =O30-L30 -> -5.5058824 | R30: =O30/L30 -> 0.935 | T30: 0.52916667 | U30: 0.56388889 | V30: =(T30-U29)*24*60 -> 93 | W30: =(U30-T30)*24*60 -> 50 | X30: 0.49652778 | Y30: 0.53819444 | AF30: =N30-K30 -> -252 | AG30: =N30/K30 -> 0.825
B31: 義大利麵 | D31: 惡魔乳酪生義大利麵 | F31: =VLOOKUP(D31,廠價表!$C$1:$E$41,3,0) -> 57.3 | G31: 1000 | H31: =F31*G31 -> 57300 | J31: =VLOOKUP(D31,產線配置圖!$A$3:$C$39,2,0) -> 17 | K31: =VLOOKUP(D31,產線配置圖!$A$3:$C$39,3,0) -> 1500 | L31: =K31/J31 -> 88.235294 | M31: 15 | N31: =G31/W31*60 -> 1276.5957 | O31: =N31/M31 -> 85.106383 | P31: =M31-J31 -> -2 | Q31: =O31-L31 -> -3.1289111 | R31: =O31/L31 -> 0.96453901 | T31: 0.56944444 | U31: 0.60208333 | W31: =(U31-T31)*24*60 -> 47 | AF31: =N31-K31 -> -223.40426 | AG31: =N31/K31 -> 0.85106383
W32: =(U32-T32)*24*60 -> 0
W33: =(U33-T33)*24*60 -> 0
W34: =(U34-T34)*24*60 -> 0
W35: =(U35-T35)*24*60 -> 0
H36: =F36*G36 -> 0 | W36: =(U36-T36)*24*60 -> 0
C37: 4度二組B | D37: 平均 | J37: =AVERAGE(J27:J36) -> 17 | K37: =AVERAGE(K27:K36) -> 1453 | L37: =AVERAGE(L27:L36) -> 85.470588 | M37: =AVERAGE(M27:M36) -> 15.2 | N37: =AVERAGE(N27:N36) -> 1213.817 | O37: =AVERAGE(O27:O36) -> 79.948143 | P37: =M37-J37 -> -1.8 | Q37: =N37-K37 -> -239.18303 | R37: =O37/L37 -> 0.93538777 | Z37: =SUM(Z27:Z36) -> 0 | AA37: =SUM(AA27:AA36) -> 0 | AD37: =SUM(AD27:AD36) -> 0 | AE37: =SUM(AE27:AE36) -> 0 | AF37: =N37-K37 -> -239.18303 | AG37: =N37/K37 -> 0.83538677
A38: 手工四線 (ET-55) | B38: 義大利麵 | D38: 焗烤明太子筆尖麵 | F38: =VLOOKUP(D38,廠價表!$C$1:$E$41,3,0) -> 57.3 | G38: 1710 | H38: =F38*G38 -> 97983 | J38: =VLOOKUP(D38,產線配置圖!$A$3:$C$39,2,0) -> 16 | K38: =VLOOKUP(D38,產線配置圖!$A$3:$C$39,3,0) -> 1385 | L38: =K38/J38 -> 86.5625 | M38: 15 | N38: =G38/W38*60 -> 1207.0588 | O38: =N38/M38 -> 80.470588 | P38: =M38-J38 -> -1 | Q38: =O38-L38 -> -6.0919118 | R38: =O38/L38 -> 0.92962412 | S38: =R48 -> 0.87628899 | T38: 0.33333333 | U38: 0.39236111 | W38: =(U38-T38)*24*60 -> 85 | AF38: =N38-K38 -> -177.94118 | AG38: =N38/K38 -> 0.87152262 | AH38: =AG48 -> 0.83217587
B39: 義大利麵 | D39: 濃拿坡里義大利麵 | F39: =VLOOKUP(D39,廠價表!$C$1:$E$41,3,0) -> 56.43 | G39: 1438 | H39: =F39*G39 -> 81146.34 | J39: =VLOOKUP(D39,產線配置圖!$A$3:$C$39,2,0) -> 16 | K39: =VLOOKUP(D39,產線配置圖!$A$3:$C$39,3,0) -> 1406 | L39: =K39/J39 -> 87.875 | M39: 15 | N39: =G39/W39*60 -> 908.21053 | O39: =N39/M39 -> 60.547368 | P39: =M39-J39 -> -1 | Q39: =O39-L39 -> -27.327632 | R39: =O39/L39 -> 0.68901699 | T39: 0.39930556 | U39: 0.46527778 | V39: =(T39-U38)*24*60 -> 10 | W39: =(U39-T39)*24*60 -> 95 | AB39: 設備異常 | AF39: =N39-K39 -> -497.78947 | AG39: =N39/K39 -> 0.64595343
B40: 熱乾麵 | D40: 府城鹽水意麵 | F40: =VLOOKUP(D40,廠價表!$C$1:$E$41,3,0) -> 44.3 | G40: 1610 | H40: =F40*G40 -> 71323 | J40: =VLOOKUP(D40,產線配置圖!$A$3:$C$39,2,0) -> 19 | K40: =VLOOKUP(D40,產線配置圖!$A$3:$C$39,3,0) -> 1440 | L40: =K40/J40 -> 75.789474 | M40: 18 | N40: =G40/W40*60 -> 1288 | O40: =N40/M40 -> 71.555556 | P40: =M40-J40 -> -1 | Q40: =O40-L40 -> -4.2339181 | R40: =O40/L40 -> 0.9441358 | T40: 0.54861111 | U40: 0.60069444 | V40: =(T40-U39)*24*60 -> 120 | W40: =(U40-T40)*24*60 -> 75 | AB40: 測試單排生產 | AF40: =N40-K40 -> -152 | AG40: =N40/K40 -> 0.89444444
B41: 熱乾麵 | D41: 府城鹽水意麵 | F41: =VLOOKUP(D41,廠價表!$C$1:$E$41,3,0) -> 44.3 | G41: 1316 | H41: =F41*G41 -> 58298.8 | J41: =VLOOKUP(D41,產線配置圖!$A$3:$C$39,2,0) -> 19 | K41: =VLOOKUP(D41,產線配置圖!$A$3:$C$39,3,0) -> 1440 | L41: =K41/J41 -> 75.789474 | M41: 18 | N41: =G41/W41*60 -> 1316 | O41: =N41/M41 -> 73.111111 | P41: =M41-J41 -> -1 | Q41: =O41-L41 -> -2.6783626 | R41: =O41/L41 -> 0.96466049 | T41: 0.60069444 | U41: 0.64236111 | V41: =(T41-U40)*24*60 -> 0 | W41: =(U41-T41)*24*60 -> 60 | AB41: 雙排生產 | AF41: =N41-K41 -> -124 | AG41: =N41/K41 -> 0.91388889
W42: =(U42-T42)*24*60 -> 0
W43: =(U43-T43)*24*60 -> 0
W44: =(U44-T44)*24*60 -> 0
W45: =(U45-T45)*24*60 -> 0
W46: =(U46-T46)*24*60 -> 0
H47: =F47*G47 -> 0 | W47: =(U47-T47)*24*60 -> 0
C48: 4度二組C1 | D48: 平均 | J48: =AVERAGE(J38:J47) -> 17.5 | K48: =AVERAGE(K38:K47) -> 1417.75 | L48: =AVERAGE(L38:L47) -> 81.504112 | M48: =AVERAGE(M38:M47) -> 16.5 | N48: =AVERAGE(N38:N47) -> 1179.8173 | O48: =AVERAGE(O38:O47) -> 71.421156 | P48: =M48-J48 -> -1 | Q48: =N48-K48 -> -237.93266 | R48: =O48/L48 -> 0.87628899 | W48: =(U48-T48)*24*60 -> 0 | Z48: =SUM(Z38:Z47) -> 0 | AA48: =SUM(AA38:AA47) -> 0 | AD48: =SUM(AD38:AD47) -> 0 | AE48: =SUM(AE38:AE47) -> 0 | AF48: =N48-K48 -> -237.93266 | AG48: =N48/K48 -> 0.83217587
A49: 手工五線 (ET-55) | B49: 義大利麵 | D49: 剝皮辣椒雞奶油扁麵 | F49: =VLOOKUP(D49,廠價表!$C$1:$E$41,3,0) -> 56.87 | G49: 1617 | H49: =F49*G49 -> 91958.79 | J49: =VLOOKUP(D49,產線配置圖!$A$3:$C$39,2,0) -> 18 | K49: =VLOOKUP(D49,產線配置圖!$A$3:$C$39,3,0) -> 1565 | L49: =K49/J49 -> 86.944444 | M49: 18 | N49: =G49/W49*60 -> 1564.8387 | O49: =N49/M49 -> 86.935484 | P49: =M49-J49 -> 0 | Q49: =O49-L49 -> -0.0089605735 | R49: =O49/L49 -> 0.99989694 | S49: =R58 -> 0.99310974 | T49: 0.29027778 | U49: 0.33333333 | W49: =(U49-T49)*24*60 -> 62 | AF49: =N49-K49 -> -0.16129032 | AG49: =N49/K49 -> 0.99989694 | AH49: =AG58 -> 0.9930181
B50: 義大利麵 | D50: 焗烤起司雙饗筆尖麵 | F50: =VLOOKUP(D50,廠價表!$C$1:$E$41,3,0) -> 49.97 | G50: 1831 | H50: =F50*G50 -> 91495.07 | J50: =VLOOKUP(D50,產線配置圖!$A$3:$C$39,2,0) -> 18 | K50: =VLOOKUP(D50,產線配置圖!$A$3:$C$39,3,0) -> 1600 | L50: =K50/J50 -> 88.888889 | M50: 18 | N50: =G50/W50*60 -> 1592.1739 | O50: =N50/M50 -> 88.454106 | P50: =M50-J50 -> 0 | Q50: =O50-L50 -> -0.43478261 | R50: =O50/L50 -> 0.9951087 | T50: 0.34027778 | U50: 0.38819444 | V50: =(T50-U49)*24*60 -> 10 | W50: =(U50-T50)*24*60 -> 69 | AF50: =N50-K50 -> -7.826087 | AG50: =N50/K50 -> 0.9951087
B51: 熱乾麵 | D51: 青花椒麻雞肉拌麵 | F51: =VLOOKUP(D51,廠價表!$C$1:$E$41,3,0) -> 49.91 | G51: 2685 | H51: =F51*G51 -> 134008.35 | J51: =VLOOKUP(D51,產線配置圖!$A$3:$C$39,2,0) -> 17 | K51: =VLOOKUP(D51,產線配置圖!$A$3:$C$39,3,0) -> 1565 | L51: =K51/J51 -> 92.058824 | M51: 17 | N51: =G51/W51*60 -> 1564.0777 | O51: =N51/M51 -> 92.004569 | P51: =M51-J51 -> 0 | Q51: =O51-L51 -> -0.054254712 | R51: =O51/L51 -> 0.99941065 | T51: 0.39375 | U51: 0.46527778 | V51: =(T51-U50)*24*60 -> 8 | W51: =(U51-T51)*24*60 -> 103 | AF51: =N51-K51 -> -0.9223301 | AG51: =N51/K51 -> 0.99941065
B52: 義大利麵 | D52: 焗烤起司雙饗筆尖麵 | F52: =VLOOKUP(D52,廠價表!$C$1:$E$41,3,0) -> 49.97 | G52: 3651 | H52: =F52*G52 -> 182440.47 | J52: =VLOOKUP(D52,產線配置圖!$A$3:$C$39,2,0) -> 18 | K52: =VLOOKUP(D52,產線配置圖!$A$3:$C$39,3,0) -> 1600 | L52: =K52/J52 -> 88.888889 | M52: 18 | N52: =G52/W52*60 -> 1564.7143 | O52: =N52/M52 -> 86.928571 | P52: =M52-J52 -> 0 | Q52: =O52-L52 -> -1.9603175 | R52: =O52/L52 -> 0.97794643 | T52: 0.54166667 | U52: 0.63888889 | V52: =(T52-U51)*24*60 -> 110 | W52: =(U52-T52)*24*60 -> 140 | X52: 0.47916667 | Y52: 0.52083333 | AF52: =N52-K52 -> -35.285714 | AG52: =N52/K52 -> 0.97794643
W53: =(U53-T53)*24*60 -> 0 | AF53: =N53-K53 -> 0 | AG53: =N53/K53 -> #DIV/0!
W54: =(U54-T54)*24*60 -> 0
W55: =(U55-T55)*24*60 -> 0
W56: =(U56-T56)*24*60 -> 0
W57: =(U57-T57)*24*60 -> 0
C58: 4度二組C2 | D58: 平均 | J58: =AVERAGE(J49:J57) -> 17.75 | K58: =AVERAGE(K49:K57) -> 1582.5 | L58: =AVERAGE(L49:L57) -> 89.195261 | M58: =AVERAGE(M49:M57) -> 17.75 | N58: =AVERAGE(N49:N57) -> 1571.4511 | O58: =AVERAGE(O49:O57) -> 88.580683 | P58: =M58-J58 -> 0 | Q58: =N58-K58 -> -11.048855 | R58: =O58/L58 -> 0.99310974 | Z58: =SUM(Z49:Z57) -> 0 | AA58: =SUM(AA49:AA57) -> 0 | AD58: =SUM(AD49:AD57) -> 0 | AE58: =SUM(AE49:AE57) -> 0 | AF58: =N58-K58 -> -11.048855 | AG58: =N58/K58 -> 0.9930181
A59: 調理包一線 (八爪機) | B59: 小吃、微波 | D59: 小滷青蔬 | F59: =VLOOKUP(D59,廠價表!$C$1:$E$41,3,0) -> 26.99 | G59: 3233 | H59: =F59*G59 -> 87258.67 | J59: =VLOOKUP(D59,產線配置圖!$A$3:$C$39,2,0) -> 13 | K59: =VLOOKUP(D59,產線配置圖!$A$3:$C$39,3,0) -> 1565 | L59: =K59/J59 -> 120.38462 | M59: 13 | N59: =G59/W59*60 -> 1492.1538 | O59: =N59/M59 -> 114.78107 | P59: =M59-J59 -> 0 | Q59: =O59-L59 -> -5.6035503 | R59: =O59/L59 -> 0.95345294 | S59: =R69 -> 0.88159659 | T59: 0.29166667 | U59: 0.38194444 | W59: =(U59-T59)*24*60 -> 130 | AF59: =N59-K59 -> -72.846154 | AG59: =N59/K59 -> 0.95345294 | AH59: =AG69 -> 0.88394881
B60: 小吃、微波 | D60: 台式綜合甜不辣 | F60: =VLOOKUP(D60,廠價表!$C$1:$E$41,3,0) -> 28.47 | G60: 643 | H60: =F60*G60 -> 18306.21 | J60: =VLOOKUP(D60,產線配置圖!$A$3:$C$39,2,0) -> 12 | K60: =VLOOKUP(D60,產線配置圖!$A$3:$C$39,3,0) -> 1565 | L60: =K60/J60 -> 130.41667 | M60: 12 | N60: =G60/W60*60 -> 1286 | O60: =N60/M60 -> 107.16667 | P60: =M60-J60 -> 0 | Q60: =O60-L60 -> -23.25 | R60: =O60/L60 -> 0.82172524 | T60: 0.39236111 | U60: 0.41319444 | V60: =(T60-U59)*24*60 -> 15 | W60: =(U60-T60)*24*60 -> 30 | AB60: 生產量少 | AF60: =N60-K60 -> -279 | AG60: =N60/K60 -> 0.82172524
B61: 小吃、微波 | D61: 起司馬鈴薯 | F61: =VLOOKUP(D61,廠價表!$C$1:$E$41,3,0) -> 28.26 | G61: 2226 | H61: =F61*G61 -> 62906.76 | J61: =VLOOKUP(D61,產線配置圖!$A$3:$C$39,2,0) -> 12 | K61: =VLOOKUP(D61,產線配置圖!$A$3:$C$39,3,0) -> 1565 | L61: =K61/J61 -> 130.41667 | M61: 12 | N61: =G61/W61*60 -> 1296.699 | O61: =N61/M61 -> 108.05825 | P61: =M61-J61 -> 0 | Q61: =O61-L61 -> -22.358414 | R61: =O61/L61 -> 0.82856168 | T61: 0.425 | U61: 0.49652778 | V61: =(T61-U60)*24*60 -> 17 | W61: =(U61-T61)*24*60 -> 103 | AF61: =N61-K61 -> -268.30097 | AG61: =N61/K61 -> 0.82856168
B62: 小吃、微波 | D62: 小滷青蔬 | F62: =VLOOKUP(D62,廠價表!$C$1:$E$41,3,0) -> 26.99 | G62: 1094 | H62: =F62*G62 -> 29527.06 | J62: =VLOOKUP(D62,產線配置圖!$A$3:$C$39,2,0) -> 13 | K62: =VLOOKUP(D62,產線配置圖!$A$3:$C$39,3,0) -> 1565 | L62: =K62/J62 -> 120.38462 | M62: 13 | N62: =G62/W62*60 -> 1458.6667 | O62: =N62/M62 -> 112.20513 | P62: =M62-J62 -> 0 | Q62: =O62-L62 -> -8.1794872 | R62: =O62/L62 -> 0.93205538 | T62: 0.54861111 | U62: 0.57986111 | W62: =(U62-T62)*24*60 -> 45 | X62: 0.50347222 | Y62: 0.54513889 | AF62: =N62-K62 -> -106.33333 | AG62: =N62/K62 -> 0.93205538
W63: =(U63-T63)*24*60 -> 0
W64: =(U64-T64)*24*60 -> 0
W65: =(U65-T65)*24*60 -> 0
W66: =(U66-T66)*24*60 -> 0
W67: =(U67-T67)*24*60 -> 0
H68: =F68*G68 -> 0 | W68: =(U68-T68)*24*60 -> 0
C69: 4度三組 | D69: 平均 | J69: =AVERAGE(J59:J68) -> 12.5 | K69: =AVERAGE(K59:K68) -> 1565 | L69: =AVERAGE(L59:L68) -> 125.40064 | M69: =AVERAGE(M59:M68) -> 12.5 | N69: =AVERAGE(N59:N68) -> 1383.3799 | O69: =AVERAGE(O59:O68) -> 110.55278 | P69: =M69-J69 -> 0 | Q69: =N69-K69 -> -181.62011 | R69: =O69/L69 -> 0.88159659 | Z69: =SUM(Z59:Z68) -> 0 | AA69: =SUM(AA59:AA68) -> 0 | AD69: =SUM(AD59:AD68) -> 0 | AE69: =SUM(AE59:AE68) -> 0 | AF69: =N69-K69 -> -181.62011 | AG69: =N69/K69 -> 0.88394881
A70: 調理包二線 (手工) | B70: 義大利麵 | D70: 焗烤起司肉醬筆尖麵 | F70: =VLOOKUP(D70,廠價表!$C$1:$E$41,3,0) -> 50.67 | G70: 2304 | H70: =F70*G70 -> 116743.68 | J70: =VLOOKUP(D70,產線配置圖!$A$3:$C$39,2,0) -> 10 | K70: =VLOOKUP(D70,產線配置圖!$A$3:$C$39,3,0) -> 1125 | L70: =K70/J70 -> 112.5 | M70: 10 | N70: =G70/W70*60 -> 953.37931 | O70: =N70/M70 -> 95.337931 | P70: =M70-J70 -> 0 | Q70: =O70-L70 -> -17.162069 | R70: =O70/L70 -> 0.84744828 | S70: =R79 -> 0.84744828 | T70: 0.34027778 | U70: 0.44097222 | W70: =(U70-T70)*24*60 -> 145 | AF70: =N70-K70 -> -171.62069 | AG70: =N70/K70 -> 0.84744828 | AH70: =AG79 -> 0.84744828
W71: =(U71-T71)*24*60 -> 0 | AF71: -300.3125 | AG71: 0.80810703
W72: =(U72-T72)*24*60 -> 0 | AF72: -130.33333 | AG72: 0.91671991
W73: =(U73-T73)*24*60 -> 0
W74: =(U74-T74)*24*60 -> 0
H75: =F75*G75 -> 0 | W75: =(U75-T75)*24*60 -> 0
H76: =F76*G76 -> 0 | W76: =(U76-T76)*24*60 -> 0
H77: =F77*G77 -> 0 | W77: =(U77-T77)*24*60 -> 0
H78: =F78*G78 -> 0 | W78: =(U78-T78)*24*60 -> 0
C79: 4度四組 | D79: 平均 | J79: =AVERAGE(J70:J78) -> 10 | K79: =AVERAGE(K70:K78) -> 1125 | L79: =AVERAGE(L70:L78) -> 112.5 | M79: =AVERAGE(M70:M78) -> 10 | N79: =AVERAGE(N70:N78) -> 953.37931 | O79: =AVERAGE(O70:O78) -> 95.337931 | P79: =M79-J79 -> 0 | Q79: =N79-K79 -> -171.62069 | R79: =O79/L79 -> 0.84744828 | Z79: =SUM(Z70:Z78) -> 0 | AA79: =SUM(AA70:AA78) -> 0 | AD79: =SUM(AD70:AD78) -> 0 | AE79: =SUM(AE70:AE78) -> 0 | AF79: =N79-K79 -> -171.62069 | AG79: =N79/K79 -> 0.84744828
AJ80: 1.當日出勤人數較多
AJ81: 2.當日出勤人數較少
AJ82: 3.當日出勤熟手較少
AJ83: 4.當日出勤新人較多
AJ84: 5.機台夾盒
AJ85: 6.封膜不順
AJ86: 7.更換膠膜
AJ87: 8.更換碳帶
AJ88: 9.當日熱轉印碳帶異常
AJ89: 10.訂單量過少
AJ90: 11.新品上市，尚未熟悉
AJ91: 12.商品結構，產能較低
AJ92: 13.區域出貨，分段生產

Sheet 0106總
B1: 長家廠組合室生產人時性分析
B3: 日期 | D3: 46028 | F3: 訂單量 | G3: ='0106'!E1 -> 50902 | I3: 營業額 | J3: ='0106'!G1 -> 2449892.9
B4: 項目 | D4: 3 | F4: ➀ | H4: ➁ | J4: ③ | L4: 異常停線 | N4: 短暫停線
B5: 人時性 | D5: 組合室 | F5: 全溫層 | H5: 義大利麵 | J5: 袋裝小吃、義麵 | L5: 合計次數 | M5: 時間 | N5: 合計次數 | O5: 設備次數
D6: 排關平均 | F6: =AVERAGE(D13:J13) -> 112.20127 | H6: =AVERAGE(D13:H13,J13) -> 109.58337 | J6: =AVERAGE(I13) -> 127.90865 | L6: =AVERAGE(D18:J18) -> 0 | M6: =AVERAGE(D19:J19) -> 0 | N6: =SUM(D20:J20) -> 2 | O6: =SUM(D20:J20) -> 2
D7: 實績平均 | F7: =AVERAGE(D14:J14) -> 101.18839 | H7: =AVERAGE(D14:H14,J14) -> 100.24073 | J7: =AVERAGE(I14) -> 106.87431 | L7: =AVERAGE(K14:L14) -> #DIV/0! | M7: =AVERAGE(L14:M14) -> #DIV/0! | N7: =AVERAGE(M14:N14) -> #DIV/0! | O7: =AVERAGE(N14:O14) -> #DIV/0!
D8: 達成率平均 | F8: =F7/F6 -> 0.90184709 | H8: =H7/H6 -> 0.91474403 | J8: =J7/J6 -> 0.83555186 | L8: =AVERAGE(K15:L15) -> #DIV/0! | M8: =AVERAGE(L15:M15) -> #DIV/0! | N8: =AVERAGE(M15:N15) -> #DIV/0! | O8: =AVERAGE(N15:O15) -> #DIV/0!
J9: ※現行日本鮮食廠以達成率80%為基本(即為現行KPI)
B10: 溫層 | D10: 4度C-各編組展開
B11: 編組 | D11: 1 | E11: 2 | F11: 3 | G11: 4 | H11: 5 | I11: 6 | J11: 7
D12: 自動1線 | E12: 自動2線 | F12: 手工3線 | G12: 手工4線 | H12: 手工5線 | I12: 調理包1線 | J12: 調理包2線
B13: 人時性 | C13: 排關 | D13: =VALUE('0106'!L15) -> 126.55462 | E13: =VALUE('0106'!L26) -> 162.27564 | F13: =VALUE('0106'!L37) -> 85.470588 | G13: =VALUE('0106'!L48) -> 81.504112 | H13: =VALUE('0106'!L58) -> 89.195261 | I13: =VALUE('0106'!L69) -> 127.90865 | J13: ='0106'!L79 -> 112.5
C14: 實績 | D14: =VALUE('0106'!O15) -> 114.71817 | E14: =VALUE('0106'!O26) -> 148.79753 | F14: =VALUE('0106'!O37) -> 76.485003 | G14: =VALUE('0106'!O48) -> 76.463228 | H14: =VALUE('0106'!O58) -> 84.713806 | I14: =VALUE('0106'!O69) -> 106.87431 | J14: ='0106'!O79 -> 100.26667
C15: 達成率 | D15: =D14/D13 -> 0.90647161 | E15: =E14/E13 -> 0.91694308 | F15: =F14/F13 -> 0.89486927 | G15: =G14/G13 -> 0.93815179 | H15: =H14/H13 -> 0.9497568 | I15: =I14/I13 -> 0.83555186 | J15: ='0106'!S70 -> 0.89125926
B16: 作業 時間 | C16: 開始 | D16: ='0106'!T5 -> 0.29027778 | E16: ='0106'!T16 -> 0.29027778 | F16: ='0106'!T27 -> 0.29166667 | G16: ='0106'!T38 -> 0.33125 | H16: ='0106'!T49 -> 0.29027778 | I16: ='0106'!T59 -> 0.29166667 | J16: ='0106'!T70 -> 0.33680556
C17: 結束 | D17: 0.59722222 | E17: 0.60902778 | F17: 0.59652778 | G17: 0.65902778 | H17: 0.61805556 | I17: 0.57847222 | J17: 0.43055556
B18: 產線異常 (5分鐘以上) | C18: 次數 | D18: ='0106'!Z15 -> 0 | E18: ='0106'!Z26 -> 0 | F18: ='0106'!Z37 -> 0 | G18: ='0106'!Z48 -> 0 | H18: ='0106'!Z58 -> 0 | I18: ='0106'!Z69 -> 0 | J18: ='0106'!Z79 -> 0
C19: 時間/分 | D19: ='0106'!AA15 -> 0 | E19: ='0106'!AA26 -> 0 | F19: ='0106'!AA37 -> 0 | G19: ='0106'!AA48 -> 0 | H19: ='0106'!AA58 -> 0 | I19: ='0106'!AA69 -> 0 | J19: ='0106'!AA79 -> 0
B20: 短暫停線 (5分鐘以下) | C20: 次數 | D20: ='0106'!AD15 -> 0 | E20: ='0106'!AD26 -> 1 | F20: ='0106'!AD37 -> 0 | G20: ='0106'!AD48 -> 0 | H20: ='0106'!AD58 -> 1 | I20: ='0106'!AD69 -> 0 | J20: ='0106'!AD79 -> 0
C21: 設備次數 | D21: ='0106'!AE15 -> 0 | E21: ='0106'!AE26 -> 1 | F21: ='0106'!AE37 -> 0 | G21: ='0106'!AE48 -> 0 | H21: ='0106'!AE58 -> 1 | I21: ='0106'!AE69 -> 0 | J21: ='0106'!AE79 -> 0
B22: 配置人數 | D22: =VALUE('0106'!M15) -> 14.75 | E22: =VALUE('0106'!M26) -> 12.75 | F22: =VALUE('0106'!M37) -> 16.4 | G22: =VALUE('0106'!M48) -> 14.25 | H22: =VALUE('0106'!M58) -> 17.75 | I22: =VALUE('0106'!M69) -> 12.25 | J22: ='0106'!M79 -> 10
B23: 主要應用設備 | D23: ET-600 | E23: ET-600 | F23: ET-55 | G23: ET-55 | H23: ET-55 | I23: 八爪機
B24: 次要應用設備 | H24: 封口機
B25: 備註

Sheet 0106
A1: 長家廠4度C日報分析 | D1: 總生產量 | E1: =SUM(G5:G79) -> 50902 | F1: 營業額 | G1: =SUM(H5:H79) -> 2449892.9 | H1: 出勤人數 | I1: =M15+M26+M48+M58+M69+M79+M37 -> 98.15 | J1: 產線配置圖 | M1: 生產實績 | P1: 人時性差異分析 | T1: 日報登錄 | Z1: 合計 次數 | AA1: 合計 時間/分 | AB1: 分析說明 | AD1: 合計 次數 | AE1: 合計 設備次數 | AF1: 產能差異分析
A2: 01月06日 星期一 | D2: 人時性 | E2: =AVERAGE(O15,O26,O37,O48,O58,O69,O79) -> 101.18839 | F2: 平均廠價 | G2: =G1/E1 -> 48.1296 | H2: 多次生產數 | I2: =COUNT(I5:I79) -> 0 | Z2: =Z15+Z26+Z37+Z48+Z58+Z69+Z79 -> 0 | AA2: =AA15+AA26+AA37+AA48+AA58+AA69+AA79 -> 0 | AD2: =AD15+AD26+AD37+AD48+AD58+AD69+AD79 -> 2 | AE2: =AE15+AE26+AE37+AE48+AE58+AE69+AE79 -> 2
A3: 線別 | B3: 品類 | D3: 品名 | F3: 廠價 | G3: 生產量 | H3: 營收 | I3: 多次 生產 | J3: 人數 | K3: 產能/時 | L3: 人時性 | M3: 人數 | N3: 產能/時 | O3: 人時性 | P3: 人數 | Q3: 人時性 | R3: 達成率 | S3: 達成率平均 | T3: 生產時間 | V3: 前置、換線時間/分 | W3: 稼動時間/分 | X3: 休息時間 | Z3: 產線異常統計 (5分鐘以上) | AD3: 短暫停線統計 (5分鐘以下) | AF3: 產能/時 | AG3: 達成率 | AH3: 達成率平均
T4: 開始 | U4: 結束 | X4: 開始 | Y4: 結束 | Z4: 次數 | AA4: 時間/分 | AD4: 總次數 | AE4: 設備因素(次數)
A5: 自動一線 (ET-600) | B5: 義大利麵 | D5: 奶油起司蝦仁通心粉 | F5: =VLOOKUP(D5,廠價表!$C$1:$E$41,3,0) -> 47.71 | G5: 2780 | H5: =F5*G5 -> 132633.8 | J5: =VLOOKUP(D5,產線配置圖!$A$3:$C$39,2,0) -> 14 | K5: =VLOOKUP(D5,產線配置圖!$A$3:$C$39,3,0) -> 1440 | L5: =K5/J5 -> 102.85714 | M5: 14 | N5: =G5/W5*60 -> 1437.931 | O5: =N5/M5 -> 102.70936 | P5: =M5-J5 -> 0 | Q5: =O5-L5 -> -0.14778325 | R5: =O5/L5 -> 0.99856322 | S5: =R15 -> 0.90647161 | T5: 0.29027778 | U5: 0.37083333 | W5: =(U5-T5)*24*60 -> 116 | AF5: =N5-K5 -> -2.0689655 | AG5: =N5/K5 -> 0.99856322 | AH5: =AG15 -> 0.9024859
B6: 義大利麵 | D6: 韓式起司炸雞義大利麵 | F6: =VLOOKUP(D6,廠價表!$C$1:$E$41,3,0) -> 57.21 | G6: 1453 | H6: =F6*G6 -> 83126.13 | J6: =VLOOKUP(D6,產線配置圖!$A$3:$C$39,2,0) -> 17 | K6: =VLOOKUP(D6,產線配置圖!$A$3:$C$39,3,0) -> 2000 | L6: =K6/J6 -> 117.64706 | M6: 17 | N6: =G6/W6*60 -> 1644.9057 | O6: =N6/M6 -> 96.759156 | P6: =M6-J6 -> 0 | Q6: =O6-L6 -> -20.887902 | R6: =O6/L6 -> 0.82245283 | T6: 0.37638889 | U6: 0.41319444 | V6: =(T6-U5)*24*60 -> 8 | W6: =(U6-T6)*24*60 -> 53 | AF6: =N6-K6 -> -355.09434 | AG6: =N6/K6 -> 0.82245283
B7: 義大利麵 | D7: 奶油培根義大利麵 | F7: =VLOOKUP(D7,廠價表!$C$1:$E$41,3,0) -> 49.14 | G7: 2961 | H7: =F7*G7 -> 145503.54 | J7: =VLOOKUP(D7,產線配置圖!$A$3:$C$39,2,0) -> 14 | K7: =VLOOKUP(D7,產線配置圖!$A$3:$C$39,3,0) -> 2000 | L7: =K7/J7 -> 142.85714 | M7: 14 | N7: =G7/W7*60 -> 1931.087 | O7: =N7/M7 -> 137.93478 | P7: =M7-J7 -> 0 | Q7: =O7-L7 -> -4.9223602 | R7: =O7/L7 -> 0.96554348 | T7: 0.42152778 | U7: 0.48541667 | V7: =(T7-U6)*24*60 -> 12 | W7: =(U7-T7)*24*60 -> 92 | AF7: =N7-K7 -> -68.913043 | AG7: =N7/K7 -> 0.96554348
B8: 義大利麵 | D8: 奶油培根義大利麵 | F8: =VLOOKUP(D8,廠價表!$C$1:$E$41,3,0) -> 49.14 | G8: 1984 | H8: =F8*G8 -> 97493.76 | J8: =VLOOKUP(D8,產線配置圖!$A$3:$C$39,2,0) -> 14 | K8: =VLOOKUP(D8,產線配置圖!$A$3:$C$39,3,0) -> 2000 | L8: =K8/J8 -> 142.85714 | M8: 14 | N8: =G8/W8*60 -> 1700.5714 | O8: =N8/M8 -> 121.46939 | P8: =M8-J8 -> 0 | Q8: =O8-L8 -> -21.387755 | R8: =O8/L8 -> 0.85028571 | T8: 0.54861111 | U8: 0.59722222 | V8: =(T8-U7)*24*60 -> 91 | W8: =(U8-T8)*24*60 -> 70 | X8: 0.49305556 | Y8: 0.53472222 | AF8: =N8-K8 -> -299.42857 | AG8: =N8/K8 -> 0.85028571
W9: =(U9-T9)*24*60 -> 0 | AF9: =N9-K9 -> 0 | AG9: =N9/K9 -> #DIV/0!
W10: =(U10-T10)*24*60 -> 0 | AF10: =N10-K10 -> 0 | AG10: =N10/K10 -> #DIV/0!
W11: =(U11-T11)*24*60 -> 0 | AF11: =N11-K11 -> 0 | AG11: =N11/K11 -> #DIV/0!
W12: =(U12-T12)*24*60 -> 0
W13: =(U13-T13)*24*60 -> 0
W14: =(U14-T14)*24*60 -> 0
C15: 4度一組 | D15: 平均 | J15: =AVERAGE(J5:J14) -> 14.75 | K15: =AVERAGE(K5:K14) -> 1860 | L15: =AVERAGE(L5:L14) -> 126.55462 | M15: =AVERAGE(M5:M14) -> 14.75 | N15: =AVERAGE(N5:N14) -> 1678.6238 | O15: =AVERAGE(O5:O14) -> 114.71817 | P15: =M15-J15 -> 0 | Q15: =O15-L15 -> -11.83645 | R15: =O15/L15 -> 0.90647161 | Z15: =SUM(Z5:Z14) -> 0 | AA15: =SUM(AA5:AA14) -> 0 | AD15: =SUM(AD5:AD14) -> 0 | AE15: =SUM(AE5:AE14) -> 0 | AF15: =N15-K15 -> -181.37623 | AG15: =N15/K15 -> 0.9024859
A16: 自動二線 (ET-600) | B16: 義大利麵 | D16: 白酒蛤蜊義大利麵 | F16: =VLOOKUP(D16,廠價表!$C$1:$E$41,3,0) -> 57.21 | G16: 2427 | H16: =F16*G16 -> 138848.67 | J16: =VLOOKUP(D16,產線配置圖!$A$3:$C$39,2,0) -> 13 | K16: =VLOOKUP(D16,產線配置圖!$A$3:$C$39,3,0) -> 2105 | L16: =K16/J16 -> 161.92308 | M16: 14 | N16: =G16/W16*60 -> 1891.1688 | O16: =N16/M16 -> 135.08349 | P16: =M16-J16 -> 1 | Q16: =O16-L16 -> -26.839589 | R16: =O16/L16 -> 0.83424482 | S16: =R26 -> 0.91694308 | T16: 0.29027778 | U16: 0.34375 | W16: =(U16-T16)*24*60 -> 77 | AF16: =N16-K16 -> -213.83117 | AG16: =N16/K16 -> 0.8984175 | AH16: =AG26 -> 0.9334257
B17: 義大利麵 | D17: 青醬蛤蜊義大利麵 | F17: =VLOOKUP(D17,廠價表!$C$1:$E$41,3,0) -> 50.67 | G17: 3712 | H17: =F17*G17 -> 188087.04 | J17: =VLOOKUP(D17,產線配置圖!$A$3:$C$39,2,0) -> 13 | K17: =VLOOKUP(D17,產線配置圖!$A$3:$C$39,3,0) -> 2000 | L17: =K17/J17 -> 153.84615 | M17: 13 | N17: =G17/W17*60 -> 1988.5714 | O17: =N17/M17 -> 152.96703 | P17: =M17-J17 -> 0 | Q17: =O17-L17 -> -0.87912088 | R17: =O17/L17 -> 0.99428571 | T17: 0.35069444 | U17: 0.42847222 | V17: =(T17-U16)*24*60 -> 10 | W17: =(U17-T17)*24*60 -> 112 | AB17: 玉取機停麵 | AD17: 1 | AE17: 1 | AF17: =N17-K17 -> -11.428571 | AG17: =N17/K17 -> 0.99428571
B18: 義大利麵 | D18: 義式蕃茄起司義大利麵 | F18: =VLOOKUP(D18,廠價表!$C$1:$E$41,3,0) -> 50.39 | G18: 1928 | H18: =F18*G18 -> 97151.92 | J18: =VLOOKUP(D18,產線配置圖!$A$3:$C$39,2,0) -> 12 | K18: =VLOOKUP(D18,產線配置圖!$A$3:$C$39,3,0) -> 2000 | L18: =K18/J18 -> 166.66667 | M18: 12 | N18: =G18/W18*60 -> 1836.1905 | O18: =N18/M18 -> 153.01587 | P18: =M18-J18 -> 0 | Q18: =O18-L18 -> -13.650794 | R18: =O18/L18 -> 0.91809524 | T18: 0.43541667 | U18: 0.47916667 | V18: =(T18-U17)*24*60 -> 10 | W18: =(U18-T18)*24*60 -> 63 | X18: 0.49305556 | Y18: 0.53472222 | AF18: =N18-K18 -> -163.80952 | AG18: =N18/K18 -> 0.91809524
B19: 義大利麵 | D19: 義式蕃茄起司義大利麵 | F19: =VLOOKUP(D19,廠價表!$C$1:$E$41,3,0) -> 50.39 | G19: 2990 | H19: =F19*G19 -> 150666.1 | J19: =VLOOKUP(D19,產線配置圖!$A$3:$C$39,2,0) -> 12 | K19: =VLOOKUP(D19,產線配置圖!$A$3:$C$39,3,0) -> 2000 | L19: =K19/J19 -> 166.66667 | M19: 12 | N19: =G19/W19*60 -> 1849.4845 | O19: =N19/M19 -> 154.12371 | P19: =M19-J19 -> 0 | Q19: =O19-L19 -> -12.542955 | R19: =O19/L19 -> 0.92474227 | T19: 0.54166667 | U19: 0.60902778 | V19: =(T19-U18)*24*60 -> 90 | W19: =(U19-T19)*24*60 -> 97 | AF19: =N19-K19 -> -150.51546 | AG19: =N19/K19 -> 0.92474227
W20: =(U20-T20)*24*60 -> 0
W21: =(U21-T21)*24*60 -> 0
W22: 0
W23: =(U23-T23)*24*60 -> 0
H24: =F24*G24 -> 0 | W24: =(U24-T24)*24*60 -> 0
H25: =F25*G25 -> 0 | W25: =(U25-T25)*24*60 -> 0
C26: 4度二組A | D26: 平均 | J26: =AVERAGE(J16:J25) -> 12.5 | K26: =AVERAGE(K16:K25) -> 2026.25 | L26: =AVERAGE(L16:L25) -> 162.27564 | M26: =AVERAGE(M16:M25) -> 12.75 | N26: =AVERAGE(N16:N25) -> 1891.3538 | O26: =AVERAGE(O16:O25) -> 148.79753 | P26: =M26-J26 -> 0.25 | Q26: =O26-L26 -> -13.478115 | R26: =O26/L26 -> 0.91694308 | Z26: =SUM(Z16:Z25) -> 0 | AA26: =SUM(AA16:AA25) -> 0 | AD26: =SUM(AD16:AD25) -> 1 | AE26: =SUM(AE16:AE25) -> 1 | AF26: =N26-K26 -> -134.89618 | AG26: =N26/K26 -> 0.9334257
A27: 手工三線 (ET-55) | B27: 義大利麵 | D27: 惡魔乳酪生義大利麵 | F27: =VLOOKUP(D27,廠價表!$C$1:$E$41,3,0) -> 57.3 | G27: 1560 | H27: =F27*G27 -> 89388 | J27: =VLOOKUP(D27,產線配置圖!$A$3:$C$39,2,0) -> 17 | K27: =VLOOKUP(D27,產線配置圖!$A$3:$C$39,3,0) -> 1500 | L27: =K27/J27 -> 88.235294 | M27: 15 | N27: =G27/W27*60 -> 1231.5789 | O27: =N27/M27 -> 82.105263 | P27: =M27-J27 -> -2 | Q27: =O27-L27 -> -6.130031 | R27: =O27/L27 -> 0.93052632 | S27: =R37 -> 0.89486927 | T27: 0.29166667 | U27: 0.34444444 | W27: =(U27-T27)*24*60 -> 76 | AF27: =N27-K27 -> -268.42105 | AG27: =N27/K27 -> 0.82105263 | AH27: =AG37 -> 0.86171056
B28: 義大利麵 | D28: 奶油蒜香雞義大利麵 | F28: =VLOOKUP(D28,廠價表!$C$1:$E$41,3,0) -> 55.13 | G28: 1636 | H28: =F28*G28 -> 90192.68 | J28: =VLOOKUP(D28,產線配置圖!$A$3:$C$39,2,0) -> 17 | K28: =VLOOKUP(D28,產線配置圖!$A$3:$C$39,3,0) -> 1385 | L28: =K28/J28 -> 81.470588 | M28: 16 | N28: =G28/W28*60 -> 1227 | O28: =N28/M28 -> 76.6875 | P28: =M28-J28 -> -1 | Q28: =O28-L28 -> -4.7830882 | R28: =O28/L28 -> 0.94129061 | T28: 0.35277778 | U28: 0.40833333 | V28: =(T28-U27)*24*60 -> 12 | W28: =(U28-T28)*24*60 -> 80 | AF28: =N28-K28 -> -158 | AG28: =N28/K28 -> 0.88592058
B29: 熱乾麵 | D29: 沙茶豬肉炒麵 | F29: =VLOOKUP(D29,廠價表!$C$1:$E$41,3,0) -> 49.52 | G29: 1295 | H29: =F29*G29 -> 64128.4 | J29: =VLOOKUP(D29,產線配置圖!$A$3:$C$39,2,0) -> 17 | K29: =VLOOKUP(D29,產線配置圖!$A$3:$C$39,3,0) -> 1440 | L29: =K29/J29 -> 84.705882 | M29: 17 | N29: =G29/W29*60 -> 1195.3846 | O29: =N29/M29 -> 70.316742 | P29: =M29-J29 -> 0 | Q29: =O29-L29 -> -14.38914 | R29: =O29/L29 -> 0.83012821 | T29: 0.41597222 | U29: 0.46111111 | V29: =(T29-U28)*24*60 -> 11 | W29: =(U29-T29)*24*60 -> 65 | AF29: =N29-K29 -> -244.61538 | AG29: =N29/K29 -> 0.83012821
B30: 義大利麵 | D30: 沙茶豬肉炒麵 | F30: =VLOOKUP(D30,廠價表!$C$1:$E$41,3,0) -> 49.52 | G30: 870 | H30: =F30*G30 -> 43082.4 | J30: =VLOOKUP(D30,產線配置圖!$A$3:$C$39,2,0) -> 17 | K30: =VLOOKUP(D30,產線配置圖!$A$3:$C$39,3,0) -> 1440 | L30: =K30/J30 -> 84.705882 | M30: 17 | N30: =G30/W30*60 -> 1186.3636 | O30: =N30/M30 -> 69.786096 | P30: =M30-J30 -> 0 | Q30: =O30-L30 -> -14.919786 | R30: =O30/L30 -> 0.82386364 | T30: 0.52986111 | U30: 0.56041667 | V30: =(T30-U29)*24*60 -> 99 | W30: =(U30-T30)*24*60 -> 44 | X30: 0.47916667 | Y30: 0.52083333 | AF30: =N30-K30 -> -253.63636 | AG30: =N30/K30 -> 0.82386364
B31: 義大利麵 | D31: 惡魔乳酪生義大利麵 | F31: =VLOOKUP(D31,廠價表!$C$1:$E$41,3,0) -> 57.3 | G31: 994 | H31: =F31*G31 -> 56956.2 | J31: =VLOOKUP(D31,產線配置圖!$A$3:$C$39,2,0) -> 17 | K31: =VLOOKUP(D31,產線配置圖!$A$3:$C$39,3,0) -> 1500 | L31: =K31/J31 -> 88.235294 | M31: 17 | N31: =G31/W31*60 -> 1420 | O31: =N31/M31 -> 83.529412 | P31: =M31-J31 -> 0 | Q31: =O31-L31 -> -4.7058824 | R31: =O31/L31 -> 0.94666667 | T31: 0.56736111 | U31: 0.59652778 | V31: =(T31-U30)*24*60 -> 10 | W31: =(U31-T31)*24*60 -> 42 | AF31: =N31-K31 -> -80 | AG31: =N31/K31 -> 0.94666667
W32: =(U32-T32)*24*60 -> 0
W33: =(U33-T33)*24*60 -> 0
W34: =(U34-T34)*24*60 -> 0
W35: =(U35-T35)*24*60 -> 0
H36: =F36*G36 -> 0 | W36: =(U36-T36)*24*60 -> 0
C37: 4度二組B | D37: 平均 | J37: =AVERAGE(J27:J36) -> 17 | K37: =AVERAGE(K27:K36) -> 1453 | L37: =AVERAGE(L27:L36) -> 85.470588 | M37: =AVERAGE(M27:M36) -> 16.4 | N37: =AVERAGE(N27:N36) -> 1252.0654 | O37: =AVERAGE(O27:O36) -> 76.485003 | P37: =M37-J37 -> -0.6 | Q37: =N37-K37 -> -200.93456 | R37: =O37/L37 -> 0.89486927 | Z37: =SUM(Z27:Z36) -> 0 | AA37: =SUM(AA27:AA36) -> 0 | AD37: =SUM(AD27:AD36) -> 0 | AE37: =SUM(AE27:AE36) -> 0 | AF37: =N37-K37 -> -200.93456 | AG37: =N37/K37 -> 0.86171056
A38: 手工四線 (ET-55) | B38: 義大利麵 | D38: 焗烤明太子筆尖麵 | F38: =VLOOKUP(D38,廠價表!$C$1:$E$41,3,0) -> 57.3 | G38: 1681 | H38: =F38*G38 -> 96321.3 | J38: =VLOOKUP(D38,產線配置圖!$A$3:$C$39,2,0) -> 16 | K38: =VLOOKUP(D38,產線配置圖!$A$3:$C$39,3,0) -> 1385 | L38: =K38/J38 -> 86.5625 | M38: 14 | N38: =G38/W38*60 -> 1159.3103 | O38: =N38/M38 -> 82.807882 | P38: =M38-J38 -> -2 | Q38: =O38-L38 -> -3.7546182 | R38: =O38/L38 -> 0.95662535 | S38: =R48 -> 0.93815179 | T38: 0.33125 | U38: 0.39166667 | W38: =(U38-T38)*24*60 -> 87 | AF38: =N38-K38 -> -225.68966 | AG38: =N38/K38 -> 0.83704718 | AH38: =AG48 -> 0.76778625
B39: 義大利麵 | D39: 濃拿坡里義大利麵 | F39: =VLOOKUP(D39,廠價表!$C$1:$E$41,3,0) -> 56.43 | G39: 1353 | H39: =F39*G39 -> 76349.79 | J39: =VLOOKUP(D39,產線配置圖!$A$3:$C$39,2,0) -> 16 | K39: =VLOOKUP(D39,產線配置圖!$A$3:$C$39,3,0) -> 1406 | L39: =K39/J39 -> 87.875 | M39: 14 | N39: =G39/W39*60 -> 1054.2857 | O39: =N39/M39 -> 75.306122 | P39: =M39-J39 -> -2 | Q39: =O39-L39 -> -12.568878 | R39: =O39/L39 -> 0.85696868 | T39: 0.40138889 | U39: 0.45486111 | V39: =(T39-U38)*24*60 -> 14 | W39: =(U39-T39)*24*60 -> 77 | AF39: =N39-K39 -> -351.71429 | AG39: =N39/K39 -> 0.74984759
B40: 熱乾麵 | D40: 府城鹽水意麵 | F40: =VLOOKUP(D40,廠價表!$C$1:$E$41,3,0) -> 44.3 | G40: 2887 | H40: =F40*G40 -> 127894.1 | J40: =VLOOKUP(D40,產線配置圖!$A$3:$C$39,2,0) -> 19 | K40: =VLOOKUP(D40,產線配置圖!$A$3:$C$39,3,0) -> 1440 | L40: =K40/J40 -> 75.789474 | M40: 15 | N40: =G40/W40*60 -> 1082.625 | O40: =N40/M40 -> 72.175 | P40: =M40-J40 -> -4 | Q40: =O40-L40 -> -3.6144737 | R40: =O40/L40 -> 0.95230903 | T40: 0.52083333 | U40: 0.63194444 | V40: =(T40-U39)*24*60 -> 95 | W40: =(U40-T40)*24*60 -> 160 | X40: 0.46527778 | Y40: 0.50694444 | AF40: =N40-K40 -> -357.375 | AG40: =N40/K40 -> 0.75182292
B41: 熱乾麵 | D41: 府城鹽水意麵 | F41: =VLOOKUP(D41,廠價表!$C$1:$E$41,3,0) -> 44.3 | G41: 335 | H41: =F41*G41 -> 14840.5 | J41: =VLOOKUP(D41,產線配置圖!$A$3:$C$39,2,0) -> 19 | K41: =VLOOKUP(D41,產線配置圖!$A$3:$C$39,3,0) -> 1440 | L41: =K41/J41 -> 75.789474 | M41: 14 | N41: =G41/W41*60 -> 1057.8947 | O41: =N41/M41 -> 75.56391 | P41: =M41-J41 -> -5 | Q41: =O41-L41 -> -0.22556391 | R41: =O41/L41 -> 0.99702381 | T41: 0.64583333 | U41: 0.65902778 | V41: =(T41-U40)*24*60 -> 20 | W41: =(U41-T41)*24*60 -> 19 | AF41: =N41-K41 -> -382.10526 | AG41: =N41/K41 -> 0.73464912
W42: =(U42-T42)*24*60 -> 0
W43: =(U43-T43)*24*60 -> 0
W44: =(U44-T44)*24*60 -> 0
W45: =(U45-T45)*24*60 -> 0
W46: =(U46-T46)*24*60 -> 0
H47: =F47*G47 -> 0 | W47: =(U47-T47)*24*60 -> 0
C48: 4度二組C1 | D48: 平均 | J48: =AVERAGE(J38:J47) -> 17.5 | K48: =AVERAGE(K38:K47) -> 1417.75 | L48: =AVERAGE(L38:L47) -> 81.504112 | M48: =AVERAGE(M38:M47) -> 14.25 | N48: =AVERAGE(N38:N47) -> 1088.5289 | O48: =AVERAGE(O38:O47) -> 76.463228 | P48: =M48-J48 -> -3.25 | Q48: =N48-K48 -> -329.22105 | R48: =O48/L48 -> 0.93815179 | W48: =(U48-T48)*24*60 -> 0 | Z48: =SUM(Z38:Z47) -> 0 | AA48: =SUM(AA38:AA47) -> 0 | AD48: =SUM(AD38:AD47) -> 0 | AE48: =SUM(AE38:AE47) -> 0 | AF48: =N48-K48 -> -329.22105 | AG48: =N48/K48 -> 0.76778625
A49: 手工五線 (ET-55) | B49: 義大利麵 | D49: 剝皮辣椒雞奶油扁麵 | F49: =VLOOKUP(D49,廠價表!$C$1:$E$41,3,0) -> 56.87 | G49: 1365 | H49: =F49*G49 -> 77627.55 | J49: =VLOOKUP(D49,產線配置圖!$A$3:$C$39,2,0) -> 18 | K49: =VLOOKUP(D49,產線配置圖!$A$3:$C$39,3,0) -> 1565 | L49: =K49/J49 -> 86.944444 | M49: 18 | N49: =G49/W49*60 -> 1545.283 | O49: =N49/M49 -> 85.849057 | P49: =M49-J49 -> 0 | Q49: =O49-L49 -> -1.0953878 | R49: =O49/L49 -> 0.98740129 | S49: =R58 -> 0.9497568 | T49: 0.29027778 | U49: 0.32708333 | W49: =(U49-T49)*24*60 -> 53 | AB49: 待封口機降溫 | AD49: 1 | AE49: 1 | AF49: =N49-K49 -> -19.716981 | AG49: =N49/K49 -> 0.98740129 | AH49: =AG58 -> 0.94958462
B50: 熱乾麵 | D50: 青花椒麻雞肉拌麵 | F50: =VLOOKUP(D50,廠價表!$C$1:$E$41,3,0) -> 49.91 | G50: 2458 | H50: =F50*G50 -> 122678.78 | J50: =VLOOKUP(D50,產線配置圖!$A$3:$C$39,2,0) -> 17 | K50: =VLOOKUP(D50,產線配置圖!$A$3:$C$39,3,0) -> 1565 | L50: =K50/J50 -> 92.058824 | M50: 17 | N50: =G50/W50*60 -> 1504.898 | O50: =N50/M50 -> 88.523409 | P50: =M50-J50 -> 0 | Q50: =O50-L50 -> -3.5354142 | R50: =O50/L50 -> 0.96159614 | T50: 0.33611111 | U50: 0.40416667 | V50: =(T50-U49)*24*60 -> 13 | W50: =(U50-T50)*24*60 -> 98 | AF50: =N50-K50 -> -60.102041 | AG50: =N50/K50 -> 0.96159614
B51: 義大利麵 | D51: 焗烤起司雙饗筆尖麵 | F51: =VLOOKUP(D51,廠價表!$C$1:$E$41,3,0) -> 49.97 | G51: 2043 | H51: =F51*G51 -> 102088.71 | J51: =VLOOKUP(D51,產線配置圖!$A$3:$C$39,2,0) -> 18 | K51: =VLOOKUP(D51,產線配置圖!$A$3:$C$39,3,0) -> 1600 | L51: =K51/J51 -> 88.888889 | M51: 18 | N51: =G51/W51*60 -> 1408.9655 | O51: =N51/M51 -> 78.275862 | P51: =M51-J51 -> 0 | Q51: =O51-L51 -> -10.613027 | R51: =O51/L51 -> 0.88060345 | T51: 0.4125 | U51: 0.47291667 | V51: =(T51-U50)*24*60 -> 12 | W51: =(U51-T51)*24*60 -> 87 | AF51: =N51-K51 -> -191.03448 | AG51: =N51/K51 -> 0.88060345
B52: 義大利麵 | D52: 焗烤起司雙饗筆尖麵 | F52: =VLOOKUP(D52,廠價表!$C$1:$E$41,3,0) -> 49.97 | G52: 3000 | H52: =F52*G52 -> 149910 | J52: =VLOOKUP(D52,產線配置圖!$A$3:$C$39,2,0) -> 18 | K52: =VLOOKUP(D52,產線配置圖!$A$3:$C$39,3,0) -> 1600 | L52: =K52/J52 -> 88.888889 | M52: 18 | N52: =G52/W52*60 -> 1551.7241 | O52: =N52/M52 -> 86.206897 | P52: =M52-J52 -> 0 | Q52: =O52-L52 -> -2.6819923 | R52: =O52/L52 -> 0.96982759 | T52: 0.5375 | U52: 0.61805556 | V52: =(T52-U51)*24*60 -> 93 | W52: =(U52-T52)*24*60 -> 116 | X52: 0.48611111 | Y52: 0.52777778 | AF52: =N52-K52 -> -48.275862 | AG52: =N52/K52 -> 0.96982759
W53: =(U53-T53)*24*60 -> 0 | AF53: =N53-K53 -> 0 | AG53: =N53/K53 -> #DIV/0!
W54: =(U54-T54)*24*60 -> 0
W55: =(U55-T55)*24*60 -> 0
W56: =(U56-T56)*24*60 -> 0
W57: =(U57-T57)*24*60 -> 0
C58: 4度二組C2 | D58: 平均 | J58: =AVERAGE(J49:J57) -> 17.75 | K58: =AVERAGE(K49:K57) -> 1582.5 | L58: =AVERAGE(L49:L57) -> 89.195261 | M58: =AVERAGE(M49:M57) -> 17.75 | N58: =AVERAGE(N49:N57) -> 1502.7177 | O58: =AVERAGE(O49:O57) -> 84.713806 | P58: =M58-J58 -> 0 | Q58: =N58-K58 -> -79.782342 | R58: =O58/L58 -> 0.9497568 | Z58: =SUM(Z49:Z57) -> 0 | AA58: =SUM(AA49:AA57) -> 0 | AD58: =SUM(AD49:AD57) -> 1 | AE58: =SUM(AE49:AE57) -> 1 | AF58: =N58-K58 -> -79.782342 | AG58: =N58/K58 -> 0.94958462
A59: 調理包一線 (八爪機) | B59: 小吃、微波 | D59: 小滷青蔬 | F59: =VLOOKUP(D59,廠價表!$C$1:$E$41,3,0) -> 26.99 | G59: 4308 | H59: =F59*G59 -> 116272.92 | J59: =VLOOKUP(D59,產線配置圖!$A$3:$C$39,2,0) -> 13 | K59: =VLOOKUP(D59,產線配置圖!$A$3:$C$39,3,0) -> 1565 | L59: =K59/J59 -> 120.38462 | M59: 13 | N59: =G59/W59*60 -> 1436 | O59: =N59/M59 -> 110.46154 | P59: =M59-J59 -> 0 | Q59: =O59-L59 -> -9.9230769 | R59: =O59/L59 -> 0.91757188 | S59: =R69 -> 0.83555186 | T59: 0.29166667 | U59: 0.41666667 | W59: =(U59-T59)*24*60 -> 180 | AF59: =N59-K59 -> -129 | AG59: =N59/K59 -> 0.91757188 | AH59: =AG69 -> 0.83712916
B60: 小吃、微波 | D60: 台式綜合甜不辣 | F60: =VLOOKUP(D60,廠價表!$C$1:$E$41,3,0) -> 28.47 | G60: 611 | H60: =F60*G60 -> 17395.17 | J60: =VLOOKUP(D60,產線配置圖!$A$3:$C$39,2,0) -> 12 | K60: =VLOOKUP(D60,產線配置圖!$A$3:$C$39,3,0) -> 1565 | L60: =K60/J60 -> 130.41667 | M60: 12 | N60: =G60/W60*60 -> 1047.4286 | O60: =N60/M60 -> 87.285714 | P60: =M60-J60 -> 0 | Q60: =O60-L60 -> -43.130952 | R60: =O60/L60 -> 0.66928343 | T60: 0.43055556 | U60: 0.45486111 | V60: =(T60-U59)*24*60 -> 20 | W60: =(U60-T60)*24*60 -> 35 | AB60: 生產量少 | AF60: =N60-K60 -> -517.57143 | AG60: =N60/K60 -> 0.66928343
B61: 小吃、微波 | D61: 起司馬鈴薯 | F61: =VLOOKUP(D61,廠價表!$C$1:$E$41,3,0) -> 28.26 | G61: 953 | H61: =F61*G61 -> 26931.78 | J61: =VLOOKUP(D61,產線配置圖!$A$3:$C$39,2,0) -> 12 | K61: =VLOOKUP(D61,產線配置圖!$A$3:$C$39,3,0) -> 1565 | L61: =K61/J61 -> 130.41667 | M61: 12 | N61: =G61/W61*60 -> 1429.5 | O61: =N61/M61 -> 119.125 | P61: =M61-J61 -> 0 | Q61: =O61-L61 -> -11.291667 | R61: =O61/L61 -> 0.91341853 | T61: 0.46527778 | U61: 0.49305556 | V61: =(T61-U60)*24*60 -> 15 | W61: =(U61-T61)*24*60 -> 40 | AF61: =N61-K61 -> -135.5 | AG61: =N61/K61 -> 0.91341853
B62: 小吃、微波 | D62: 起司馬鈴薯 | F62: =VLOOKUP(D62,廠價表!$C$1:$E$41,3,0) -> 28.26 | G62: 1062 | H62: =F62*G62 -> 30012.12 | J62: =VLOOKUP(D62,產線配置圖!$A$3:$C$39,2,0) -> 12 | K62: =VLOOKUP(D62,產線配置圖!$A$3:$C$39,3,0) -> 1565 | L62: =K62/J62 -> 130.41667 | M62: 12 | N62: =G62/W62*60 -> 1327.5 | O62: =N62/M62 -> 110.625 | P62: =M62-J62 -> 0 | Q62: =O62-L62 -> -19.791667 | R62: =O62/L62 -> 0.84824281 | T62: 0.54513889 | U62: 0.57847222 | V62: =(T62-U61)*24*60 -> 75 | W62: =(U62-T62)*24*60 -> 48 | X62: 0.5 | Y62: 0.54166667 | AF62: =N62-K62 -> -237.5 | AG62: =N62/K62 -> 0.84824281
W63: =(U63-T63)*24*60 -> 0
W64: =(U64-T64)*24*60 -> 0
W65: =(U65-T65)*24*60 -> 0
W66: =(U66-T66)*24*60 -> 0
W67: =(U67-T67)*24*60 -> 0
H68: =F68*G68 -> 0 | W68: =(U68-T68)*24*60 -> 0
C69: 4度三組 | D69: 平均 | J69: =AVERAGE(J59:J68) -> 12.25 | K69: =AVERAGE(K59:K68) -> 1565 | L69: =AVERAGE(L59:L68) -> 127.90865 | M69: =AVERAGE(M59:M68) -> 12.25 | N69: =AVERAGE(N59:N68) -> 1310.1071 | O69: =AVERAGE(O59:O68) -> 106.87431 | P69: =M69-J69 -> 0 | Q69: =N69-K69 -> -254.89286 | R69: =O69/L69 -> 0.83555186 | Z69: =SUM(Z59:Z68) -> 0 | AA69: =SUM(AA59:AA68) -> 0 | AD69: =SUM(AD59:AD68) -> 0 | AE69: =SUM(AE59:AE68) -> 0 | AF69: =N69-K69 -> -254.89286 | AG69: =N69/K69 -> 0.83712916
A70: 調理包二線 (手工) | B70: 義大利麵 | D70: 焗烤起司肉醬筆尖麵 | F70: =VLOOKUP(D70,廠價表!$C$1:$E$41,3,0) -> 50.67 | G70: 2256 | H70: =F70*G70 -> 114311.52 | J70: =VLOOKUP(D70,產線配置圖!$A$3:$C$39,2,0) -> 10 | K70: =VLOOKUP(D70,產線配置圖!$A$3:$C$39,3,0) -> 1125 | L70: =K70/J70 -> 112.5 | M70: 10 | N70: =G70/W70*60 -> 1002.6667 | O70: =N70/M70 -> 100.26667 | P70: =M70-J70 -> 0 | Q70: =O70-L70 -> -12.233333 | R70: =O70/L70 -> 0.89125926 | S70: =R79 -> 0.89125926 | T70: 0.33680556 | U70: 0.43055556 | W70: =(U70-T70)*24*60 -> 135 | AF70: =N70-K70 -> -122.33333 | AG70: =N70/K70 -> 0.89125926 | AH70: =AG79 -> 0.89125926
W71: =(U71-T71)*24*60 -> 0 | AF71: -300.3125 | AG71: 0.80810703
W72: =(U72-T72)*24*60 -> 0 | AF72: -130.33333 | AG72: 0.91671991
W73: =(U73-T73)*24*60 -> 0
W74: =(U74-T74)*24*60 -> 0
H75: =F75*G75 -> 0 | W75: =(U75-T75)*24*60 -> 0
H76: =F76*G76 -> 0 | W76: =(U76-T76)*24*60 -> 0
H77: =F77*G77 -> 0 | W77: =(U77-T77)*24*60 -> 0
H78: =F78*G78 -> 0 | W78: =(U78-T78)*24*60 -> 0
C79: 4度四組 | D79: 平均 | J79: =AVERAGE(J70:J78) -> 10 | K79: =AVERAGE(K70:K78) -> 1125 | L79: =AVERAGE(L70:L78) -> 112.5 | M79: =AVERAGE(M70:M78) -> 10 | N79: =AVERAGE(N70:N78) -> 1002.6667 | O79: =AVERAGE(O70:O78) -> 100.26667 | P79: =M79-J79 -> 0 | Q79: =N79-K79 -> -122.33333 | R79: =O79/L79 -> 0.89125926 | Z79: =SUM(Z70:Z78) -> 0 | AA79: =SUM(AA70:AA78) -> 0 | AD79: =SUM(AD70:AD78) -> 0 | AE79: =SUM(AE70:AE78) -> 0 | AF79: =N79-K79 -> -122.33333 | AG79: =N79/K79 -> 0.89125926
AJ80: 1.當日出勤人數較多
AJ81: 2.當日出勤人數較少
AJ82: 3.當日出勤熟手較少
AJ83: 4.當日出勤新人較多
AJ84: 5.機台夾盒
AJ85: 6.封膜不順
AJ86: 7.更換膠膜
AJ87: 8.更換碳帶
AJ88: 9.當日熱轉印碳帶異常
AJ89: 10.訂單量過少
AJ90: 11.新品上市，尚未熟悉
AJ91: 12.商品結構，產能較低
AJ92: 13.區域出貨，分段生產

Sheet 0107總
B1: 長家廠組合室生產人時性分析
B3: 日期 | D3: 46029 | F3: 訂單量 | G3: ='0107'!E1 -> 50807 | I3: 營業額 | J3: ='0107'!G1 -> 2444590.8
B4: 項目 | D4: 3 | F4: ➀ | H4: ➁ | J4: ③ | L4: 異常停線 | N4: 短暫停線
B5: 人時性 | D5: 組合室 | F5: 全溫層 | H5: 義大利麵 | J5: 袋裝小吃、義麵 | L5: 合計次數 | M5: 時間 | N5: 合計次數 | O5: 設備次數
D6: 排關平均 | F6: =AVERAGE(D13:J13) -> 111.84298 | H6: =AVERAGE(D13:H13,J13) -> 109.58337 | J6: =AVERAGE(I13) -> 125.40064 | L6: =AVERAGE(D18:J18) -> 0 | M6: =AVERAGE(D19:J19) -> 0 | N6: =SUM(D20:J20) -> 2 | O6: =SUM(D20:J20) -> 2
D7: 實績平均 | F7: =AVERAGE(D14:J14) -> 94.725891 | H7: =AVERAGE(D14:H14,J14) -> 94.225782 | J7: =AVERAGE(I14) -> 97.726545 | L7: =AVERAGE(K14:L14) -> #DIV/0! | M7: =AVERAGE(L14:M14) -> #DIV/0! | N7: =AVERAGE(M14:N14) -> #DIV/0! | O7: =AVERAGE(N14:O14) -> #DIV/0!
D8: 達成率平均 | F8: =F7/F6 -> 0.84695427 | H8: =H7/H6 -> 0.85985475 | J8: =J7/J6 -> 0.77931456 | L8: =AVERAGE(K15:L15) -> #DIV/0! | M8: =AVERAGE(L15:M15) -> #DIV/0! | N8: =AVERAGE(M15:N15) -> #DIV/0! | O8: =AVERAGE(N15:O15) -> #DIV/0!
J9: ※現行日本鮮食廠以達成率80%為基本(即為現行KPI)
B10: 溫層 | D10: 4度C-各編組展開
B11: 編組 | D11: 1 | E11: 2 | F11: 3 | G11: 4 | H11: 5 | I11: 6 | J11: 7
D12: 自動1線 | E12: 自動2線 | F12: 手工3線 | G12: 手工4線 | H12: 手工5線 | I12: 調理包1線 | J12: 調理包2線
B13: 人時性 | C13: 排關 | D13: =VALUE('0107'!L15) -> 126.55462 | E13: =VALUE('0107'!L26) -> 162.27564 | F13: =VALUE('0107'!L37) -> 85.470588 | G13: =VALUE('0107'!L48) -> 81.504112 | H13: =VALUE('0107'!L58) -> 89.195261 | I13: =VALUE('0107'!L69) -> 125.40064 | J13: ='0107'!L79 -> 112.5
C14: 實績 | D14: =VALUE('0107'!O15) -> 115.79786 | E14: =VALUE('0107'!O26) -> 145.64703 | F14: =VALUE('0107'!O37) -> 77.695003 | G14: =VALUE('0107'!O48) -> 72.794418 | H14: =VALUE('0107'!O58) -> 84.256745 | I14: =VALUE('0107'!O69) -> 97.726545 | J14: ='0107'!O79 -> 69.163636
C15: 達成率 | D15: =D14/D13 -> 0.91500302 | E15: =E14/E13 -> 0.89752858 | F15: =F14/F13 -> 0.90902618 | G15: =G14/G13 -> 0.89313799 | H15: =H14/H13 -> 0.94463252 | I15: =I14/I13 -> 0.77931456 | J15: =J14/J13 -> 0.61478788
B16: 作業 時間 | C16: 開始 | D16: ='0107'!T5 -> 0.29375 | E16: ='0107'!T16 -> 0.29027778 | F16: ='0107'!T27 -> 0.29166667 | G16: ='0107'!T38 -> 0.33333333 | H16: ='0107'!T49 -> 0.29166667 | I16: ='0107'!T59 -> 0.29166667 | J16: ='0107'!T70 -> 0.34027778
C17: 結束 | D17: 0.62361111 | E17: 0.60347222 | F17: 0.60277778 | G17: 0.63888889 | H17: 0.63402778 | I17: 0.60069444 | J17: 0.45486111
B18: 產線異常 (5分鐘以上) | C18: 次數 | D18: ='0107'!Z15 -> 0 | E18: ='0107'!Z26 -> 0 | F18: ='0107'!Z37 -> 0 | G18: ='0107'!Z48 -> 0 | H18: ='0107'!Z58 -> 0 | I18: ='0107'!Z69 -> 0 | J18: ='0107'!Z79 -> 0
C19: 時間/分 | D19: ='0107'!AA15 -> 0 | E19: ='0107'!AA26 -> 0 | F19: ='0107'!AA37 -> 0 | G19: ='0107'!AA48 -> 0 | H19: ='0107'!AA58 -> 0 | I19: ='0107'!AA69 -> 0 | J19: ='0107'!AA79 -> 0
B20: 短暫停線 (5分鐘以下) | C20: 次數 | D20: ='0107'!AD15 -> 1 | E20: ='0107'!AD26 -> 1 | F20: ='0107'!AD37 -> 0 | G20: ='0107'!AD48 -> 0 | H20: ='0107'!AD58 -> 0 | I20: ='0107'!AD69 -> 0 | J20: ='0107'!AD79 -> 0
C21: 設備次數 | D21: ='0107'!AE15 -> 1 | E21: ='0107'!AE26 -> 1 | F21: ='0107'!AE37 -> 0 | G21: ='0107'!AE48 -> 0 | H21: ='0107'!AE58 -> 0 | I21: ='0107'!AE69 -> 0 | J21: ='0107'!AE79 -> 0
B22: 配置人數 | D22: =VALUE('0107'!M15) -> 14.75 | E22: =VALUE('0107'!M26) -> 12.75 | F22: =VALUE('0107'!M37) -> 14.6 | G22: =VALUE('0107'!M48) -> 14.5 | H22: =VALUE('0107'!M58) -> 17.25 | I22: =VALUE('0107'!M69) -> 12.25 | J22: =VALUE('0107'!M79) -> 10
B23: 主要應用設備 | D23: ET-600 | E23: ET-600 | F23: ET-55 | G23: ET-55 | H23: ET-55 | I23: 八爪機
B24: 次要應用設備 | H24: 封口機
B25: 備註

Sheet 0107
A1: 長家廠4度C日報分析 | D1: 總生產量 | E1: =SUM(G5:G79) -> 50807 | F1: 營業額 | G1: =SUM(H5:H79) -> 2444590.8 | H1: 出勤人數 | I1: =M15+M26+M48+M58+M69+M79+M37 -> 96.1 | J1: 產線配置圖 | M1: 生產實績 | P1: 人時性差異分析 | T1: 日報登錄 | Z1: 合計 次數 | AA1: 合計 時間/分 | AB1: 分析說明 | AD1: 合計 次數 | AE1: 合計 設備次數 | AF1: 產能差異分析
A2: 01月07日 星期三 | D2: 人時性 | E2: =AVERAGE(O15,O26,O37,O48,O58,O69,O79) -> 94.725891 | F2: 平均廠價 | G2: =G1/E1 -> 48.115237 | H2: 多次生產數 | I2: =COUNT(I5:I79) -> 0 | Z2: =Z15+Z26+Z37+Z48+Z58+Z69+Z79 -> 0 | AA2: =AA15+AA26+AA37+AA48+AA58+AA69+AA79 -> 0 | AD2: =AD15+AD26+AD37+AD48+AD58+AD69+AD79 -> 2 | AE2: =AE15+AE26+AE37+AE48+AE58+AE69+AE79 -> 2
A3: 線別 | B3: 品類 | D3: 品名 | F3: 廠價 | G3: 生產量 | H3: 營收 | I3: 多次 生產 | J3: 人數 | K3: 產能/時 | L3: 人時性 | M3: 人數 | N3: 產能/時 | O3: 人時性 | P3: 人數 | Q3: 人時性 | R3: 達成率 | S3: 達成率平均 | T3: 生產時間 | V3: 前置、換線時間/分 | W3: 稼動時間/分 | X3: 休息時間 | Z3: 產線異常統計 (5分鐘以上) | AD3: 短暫停線統計 (5分鐘以下) | AF3: 產能/時 | AG3: 達成率 | AH3: 達成率平均
T4: 開始 | U4: 結束 | X4: 開始 | Y4: 結束 | Z4: 次數 | AA4: 時間/分 | AD4: 總次數 | AE4: 設備因素(次數)
A5: 自動一線 (ET-600) | B5: 義大利麵 | D5: 奶油起司蝦仁通心粉 | F5: =VLOOKUP(D5,廠價表!$C$1:$E$41,3,0) -> 47.71 | G5: 2869 | H5: =F5*G5 -> 136879.99 | J5: =VLOOKUP(D5,產線配置圖!$A$3:$C$39,2,0) -> 14 | K5: =VLOOKUP(D5,產線配置圖!$A$3:$C$39,3,0) -> 1440 | L5: =K5/J5 -> 102.85714 | M5: 14 | N5: =G5/W5*60 -> 1410.9836 | O5: =N5/M5 -> 100.78454 | P5: =M5-J5 -> 0 | Q5: =O5-L5 -> -2.0725995 | R5: =O5/L5 -> 0.97984973 | S5: =R15 -> 0.91500302 | T5: 0.29375 | U5: 0.37847222 | W5: =(U5-T5)*24*60 -> 122 | AB5: 封膜異常 | AD5: 1 | AE5: 1 | AF5: =N5-K5 -> -29.016393 | AG5: =N5/K5 -> 0.97984973 | AH5: =AG15 -> 0.91295026
B6: 義大利麵 | D6: 韓式起司炸雞義大利麵 | F6: =VLOOKUP(D6,廠價表!$C$1:$E$41,3,0) -> 57.21 | G6: 1511 | H6: =F6*G6 -> 86444.31 | J6: =VLOOKUP(D6,產線配置圖!$A$3:$C$39,2,0) -> 17 | K6: =VLOOKUP(D6,產線配置圖!$A$3:$C$39,3,0) -> 2000 | L6: =K6/J6 -> 117.64706 | M6: 17 | N6: =G6/W6*60 -> 1743.4615 | O6: =N6/M6 -> 102.55656 | P6: =M6-J6 -> 0 | Q6: =O6-L6 -> -15.090498 | R6: =O6/L6 -> 0.87173077 | T6: 0.3875 | U6: 0.42361111 | V6: =(T6-U5)*24*60 -> 13 | W6: =(U6-T6)*24*60 -> 52 | AF6: =N6-K6 -> -256.53846 | AG6: =N6/K6 -> 0.87173077
B7: 義大利麵 | D7: 奶油培根義大利麵 | F7: =VLOOKUP(D7,廠價表!$C$1:$E$41,3,0) -> 49.14 | G7: 1997 | H7: =F7*G7 -> 98132.58 | J7: =VLOOKUP(D7,產線配置圖!$A$3:$C$39,2,0) -> 14 | K7: =VLOOKUP(D7,產線配置圖!$A$3:$C$39,3,0) -> 2000 | L7: =K7/J7 -> 142.85714 | M7: 14 | N7: =G7/W7*60 -> 1901.9048 | O7: =N7/M7 -> 135.85034 | P7: =M7-J7 -> 0 | Q7: =O7-L7 -> -7.0068027 | R7: =O7/L7 -> 0.95095238 | T7: 0.43402778 | U7: 0.47777778 | V7: =(T7-U6)*24*60 -> 15 | W7: =(U7-T7)*24*60 -> 63 | AF7: =N7-K7 -> -98.095238 | AG7: =N7/K7 -> 0.95095238
B8: 義大利麵 | D8: 奶油培根義大利麵 | F8: =VLOOKUP(D8,廠價表!$C$1:$E$41,3,0) -> 49.14 | G8: 3472 | H8: =F8*G8 -> 170614.08 | J8: =VLOOKUP(D8,產線配置圖!$A$3:$C$39,2,0) -> 14 | K8: =VLOOKUP(D8,產線配置圖!$A$3:$C$39,3,0) -> 2000 | L8: =K8/J8 -> 142.85714 | M8: 14 | N8: =G8/W8*60 -> 1736 | O8: =N8/M8 -> 124 | P8: =M8-J8 -> 0 | Q8: =O8-L8 -> -18.857143 | R8: =O8/L8 -> 0.868 | T8: 0.54027778 | U8: 0.62361111 | V8: =(T8-U7)*24*60 -> 90 | W8: =(U8-T8)*24*60 -> 120 | X8: 0.48611111 | Y8: 0.52777778 | AF8: =N8-K8 -> -264 | AG8: =N8/K8 -> 0.868
W9: =(U9-T9)*24*60 -> 0 | AF9: =N9-K9 -> 0 | AG9: =N9/K9 -> #DIV/0!
W10: =(U10-T10)*24*60 -> 0 | AF10: =N10-K10 -> 0 | AG10: =N10/K10 -> #DIV/0!
W11: =(U11-T11)*24*60 -> 0 | AF11: =N11-K11 -> 0 | AG11: =N11/K11 -> #DIV/0!
W12: =(U12-T12)*24*60 -> 0
W13: =(U13-T13)*24*60 -> 0
W14: =(U14-T14)*24*60 -> 0
C15: 4度一組 | D15: 平均 | J15: =AVERAGE(J5:J14) -> 14.75 | K15: =AVERAGE(K5:K14) -> 1860 | L15: =AVERAGE(L5:L14) -> 126.55462 | M15: =AVERAGE(M5:M14) -> 14.75 | N15: =AVERAGE(N5:N14) -> 1698.0875 | O15: =AVERAGE(O5:O14) -> 115.79786 | P15: =M15-J15 -> 0 | Q15: =O15-L15 -> -10.756761 | R15: =O15/L15 -> 0.91500302 | Z15: =SUM(Z5:Z14) -> 0 | AA15: =SUM(AA5:AA14) -> 0 | AD15: =SUM(AD5:AD14) -> 1 | AE15: =SUM(AE5:AE14) -> 1 | AF15: =N15-K15 -> -161.91252 | AG15: =N15/K15 -> 0.91295026
A16: 自動二線 (ET-600) | B16: 義大利麵 | D16: 白酒蛤蜊義大利麵 | F16: =VLOOKUP(D16,廠價表!$C$1:$E$41,3,0) -> 57.21 | G16: 2383 | H16: =F16*G16 -> 136331.43 | J16: =VLOOKUP(D16,產線配置圖!$A$3:$C$39,2,0) -> 13 | K16: =VLOOKUP(D16,產線配置圖!$A$3:$C$39,3,0) -> 2105 | L16: =K16/J16 -> 161.92308 | M16: 14 | N16: =G16/W16*60 -> 1881.3158 | O16: =N16/M16 -> 134.3797 | P16: =M16-J16 -> 1 | Q16: =O16-L16 -> -27.543378 | R16: =O16/L16 -> 0.82989838 | S16: =R26 -> 0.89752858 | T16: 0.29027778 | U16: 0.34305556 | W16: =(U16-T16)*24*60 -> 76 | AF16: =N16-K16 -> -223.68421 | AG16: =N16/K16 -> 0.89373672 | AH16: =AG26 -> 0.91384737
B17: 義大利麵 | D17: 青醬蛤蜊義大利麵 | F17: =VLOOKUP(D17,廠價表!$C$1:$E$41,3,0) -> 50.67 | G17: 3597 | H17: =F17*G17 -> 182259.99 | J17: =VLOOKUP(D17,產線配置圖!$A$3:$C$39,2,0) -> 13 | K17: =VLOOKUP(D17,產線配置圖!$A$3:$C$39,3,0) -> 2000 | L17: =K17/J17 -> 153.84615 | M17: 13 | N17: =G17/W17*60 -> 1909.9115 | O17: =N17/M17 -> 146.91627 | P17: =M17-J17 -> 0 | Q17: =O17-L17 -> -6.9298843 | R17: =O17/L17 -> 0.95495575 | T17: 0.35138889 | U17: 0.42986111 | V17: =(T17-U16)*24*60 -> 12 | W17: =(U17-T17)*24*60 -> 113 | AB17: 玉取機停麵 | AD17: 1 | AE17: 1 | AF17: =N17-K17 -> -90.088496 | AG17: =N17/K17 -> 0.95495575
B18: 義大利麵 | D18: 義式蕃茄起司義大利麵 | F18: =VLOOKUP(D18,廠價表!$C$1:$E$41,3,0) -> 50.39 | G18: 1770 | H18: =F18*G18 -> 89190.3 | J18: =VLOOKUP(D18,產線配置圖!$A$3:$C$39,2,0) -> 12 | K18: =VLOOKUP(D18,產線配置圖!$A$3:$C$39,3,0) -> 2000 | L18: =K18/J18 -> 166.66667 | M18: 12 | N18: =G18/W18*60 -> 1800 | O18: =N18/M18 -> 150 | P18: =M18-J18 -> 0 | Q18: =O18-L18 -> -16.666667 | R18: =O18/L18 -> 0.9 | T18: 0.43819444 | U18: 0.47916667 | V18: =(T18-U17)*24*60 -> 12 | W18: =(U18-T18)*24*60 -> 59 | X18: 0.48611111 | Y18: 0.52777778 | AF18: =N18-K18 -> -200 | AG18: =N18/K18 -> 0.9
B19: 義大利麵 | D19: 義式蕃茄起司義大利麵 | F19: =VLOOKUP(D19,廠價表!$C$1:$E$41,3,0) -> 50.39 | G19: 2693 | H19: =F19*G19 -> 135700.27 | J19: =VLOOKUP(D19,產線配置圖!$A$3:$C$39,2,0) -> 12 | K19: =VLOOKUP(D19,產線配置圖!$A$3:$C$39,3,0) -> 2000 | L19: =K19/J19 -> 166.66667 | M19: 12 | N19: =G19/W19*60 -> 1815.5056 | O19: =N19/M19 -> 151.29213 | P19: =M19-J19 -> 0 | Q19: =O19-L19 -> -15.374532 | R19: =O19/L19 -> 0.90775281 | T19: 0.54166667 | U19: 0.60347222 | V19: =(T19-U18)*24*60 -> 90 | W19: =(U19-T19)*24*60 -> 89 | AF19: =N19-K19 -> -184.49438 | AG19: =N19/K19 -> 0.90775281
W20: =(U20-T20)*24*60 -> 0
W21: =(U21-T21)*24*60 -> 0
W22: 0
W23: =(U23-T23)*24*60 -> 0
H24: =F24*G24 -> 0 | W24: =(U24-T24)*24*60 -> 0
H25: =F25*G25 -> 0 | W25: =(U25-T25)*24*60 -> 0
C26: 4度二組A | D26: 平均 | J26: =AVERAGE(J16:J25) -> 12.5 | K26: =AVERAGE(K16:K25) -> 2026.25 | L26: =AVERAGE(L16:L25) -> 162.27564 | M26: =AVERAGE(M16:M25) -> 12.75 | N26: =AVERAGE(N16:N25) -> 1851.6832 | O26: =AVERAGE(O16:O25) -> 145.64703 | P26: =M26-J26 -> 0.25 | Q26: =O26-L26 -> -16.628615 | R26: =O26/L26 -> 0.89752858 | Z26: =SUM(Z16:Z25) -> 0 | AA26: =SUM(AA16:AA25) -> 0 | AD26: =SUM(AD16:AD25) -> 1 | AE26: =SUM(AE16:AE25) -> 1 | AF26: =N26-K26 -> -174.56677 | AG26: =N26/K26 -> 0.91384737
A27: 手工三線 (ET-55) | B27: 義大利麵 | D27: 惡魔乳酪生義大利麵 | F27: =VLOOKUP(D27,廠價表!$C$1:$E$41,3,0) -> 57.3 | G27: 1157 | H27: =F27*G27 -> 66296.1 | J27: =VLOOKUP(D27,產線配置圖!$A$3:$C$39,2,0) -> 17 | K27: =VLOOKUP(D27,產線配置圖!$A$3:$C$39,3,0) -> 1500 | L27: =K27/J27 -> 88.235294 | M27: 15 | N27: =G27/W27*60 -> 1262.1818 | O27: =N27/M27 -> 84.145455 | P27: =M27-J27 -> -2 | Q27: =O27-L27 -> -4.0898396 | R27: =O27/L27 -> 0.95364848 | S27: =R37 -> 0.90902618 | T27: 0.29166667 | U27: 0.32986111 | W27: =(U27-T27)*24*60 -> 55 | AF27: =N27-K27 -> -237.81818 | AG27: =N27/K27 -> 0.84145455 | AH27: =AG37 -> 0.78184219
B28: 義大利麵 | D28: 奶油蒜香雞義大利麵 | F28: =VLOOKUP(D28,廠價表!$C$1:$E$41,3,0) -> 55.13 | G28: 1627 | H28: =F28*G28 -> 89696.51 | J28: =VLOOKUP(D28,產線配置圖!$A$3:$C$39,2,0) -> 17 | K28: =VLOOKUP(D28,產線配置圖!$A$3:$C$39,3,0) -> 1385 | L28: =K28/J28 -> 81.470588 | M28: 15 | N28: =G28/W28*60 -> 1109.3182 | O28: =N28/M28 -> 73.954545 | P28: =M28-J28 -> -2 | Q28: =O28-L28 -> -7.5160428 | R28: =O28/L28 -> 0.90774532 | T28: 0.33680556 | U28: 0.39791667 | V28: =(T28-U27)*24*60 -> 10 | W28: =(U28-T28)*24*60 -> 88 | AF28: =N28-K28 -> -275.68182 | AG28: =N28/K28 -> 0.80095176
B29: 熱乾麵 | D29: 沙茶豬肉炒麵 | F29: =VLOOKUP(D29,廠價表!$C$1:$E$41,3,0) -> 49.52 | G29: 1387 | H29: =F29*G29 -> 68684.24 | J29: =VLOOKUP(D29,產線配置圖!$A$3:$C$39,2,0) -> 17 | K29: =VLOOKUP(D29,產線配置圖!$A$3:$C$39,3,0) -> 1440 | L29: =K29/J29 -> 84.705882 | M29: 14 | N29: =G29/W29*60 -> 967.67442 | O29: =N29/M29 -> 69.119601 | P29: =M29-J29 -> -3 | Q29: =O29-L29 -> -15.586281 | R29: =O29/L29 -> 0.81599529 | T29: 0.40902778 | U29: 0.46875 | V29: =(T29-U28)*24*60 -> 16 | W29: =(U29-T29)*24*60 -> 86 | AF29: =N29-K29 -> -472.32558 | AG29: =N29/K29 -> 0.67199612
B30: 義大利麵 | D30: 沙茶豬肉炒麵 | F30: =VLOOKUP(D30,廠價表!$C$1:$E$41,3,0) -> 49.52 | G30: 600 | H30: =F30*G30 -> 29712 | J30: =VLOOKUP(D30,產線配置圖!$A$3:$C$39,2,0) -> 17 | K30: =VLOOKUP(D30,產線配置圖!$A$3:$C$39,3,0) -> 1440 | L30: =K30/J30 -> 84.705882 | M30: 14 | N30: =G30/W30*60 -> 1090.9091 | O30: =N30/M30 -> 77.922078 | P30: =M30-J30 -> -3 | Q30: =O30-L30 -> -6.7838044 | R30: =O30/L30 -> 0.91991342 | T30: 0.52430556 | U30: 0.54722222 | V30: =(T30-U29)*24*60 -> 80 | W30: =(U30-T30)*24*60 -> 33 | X30: 0.47569444 | Y30: 0.51736111 | AF30: =N30-K30 -> -349.09091 | AG30: =N30/K30 -> 0.75757576
B31: 義大利麵 | D31: 惡魔乳酪生義大利麵 | F31: =VLOOKUP(D31,廠價表!$C$1:$E$41,3,0) -> 57.3 | G31: 1500 | H31: =F31*G31 -> 85950 | J31: =VLOOKUP(D31,產線配置圖!$A$3:$C$39,2,0) -> 17 | K31: =VLOOKUP(D31,產線配置圖!$A$3:$C$39,3,0) -> 1500 | L31: =K31/J31 -> 88.235294 | M31: 15 | N31: =G31/W31*60 -> 1250 | O31: =N31/M31 -> 83.333333 | P31: =M31-J31 -> -2 | Q31: =O31-L31 -> -4.9019608 | R31: =O31/L31 -> 0.94444444 | T31: 0.55277778 | U31: 0.60277778 | V31: =(T31-U30)*24*60 -> 8 | W31: =(U31-T31)*24*60 -> 72 | AF31: =N31-K31 -> -250 | AG31: =N31/K31 -> 0.83333333
W32: =(U32-T32)*24*60 -> 0
W33: =(U33-T33)*24*60 -> 0
W34: =(U34-T34)*24*60 -> 0
W35: =(U35-T35)*24*60 -> 0
H36: =F36*G36 -> 0 | W36: =(U36-T36)*24*60 -> 0
C37: 4度二組B | D37: 平均 | J37: =AVERAGE(J27:J36) -> 17 | K37: =AVERAGE(K27:K36) -> 1453 | L37: =AVERAGE(L27:L36) -> 85.470588 | M37: =AVERAGE(M27:M36) -> 14.6 | N37: =AVERAGE(N27:N36) -> 1136.0167 | O37: =AVERAGE(O27:O36) -> 77.695003 | P37: =M37-J37 -> -2.4 | Q37: =N37-K37 -> -316.9833 | R37: =O37/L37 -> 0.90902618 | Z37: =SUM(Z27:Z36) -> 0 | AA37: =SUM(AA27:AA36) -> 0 | AD37: =SUM(AD27:AD36) -> 0 | AE37: =SUM(AE27:AE36) -> 0 | AF37: =N37-K37 -> -316.9833 | AG37: =N37/K37 -> 0.78184219
A38: 手工四線 (ET-55) | B38: 義大利麵 | D38: 焗烤明太子筆尖麵 | F38: =VLOOKUP(D38,廠價表!$C$1:$E$41,3,0) -> 57.3 | G38: 1734 | H38: =F38*G38 -> 99358.2 | J38: =VLOOKUP(D38,產線配置圖!$A$3:$C$39,2,0) -> 16 | K38: =VLOOKUP(D38,產線配置圖!$A$3:$C$39,3,0) -> 1385 | L38: =K38/J38 -> 86.5625 | M38: 13 | N38: =G38/W38*60 -> 981.50943 | O38: =N38/M38 -> 75.500726 | P38: =M38-J38 -> -3 | Q38: =O38-L38 -> -11.061774 | R38: =O38/L38 -> 0.87221055 | S38: =R48 -> 0.89313799 | T38: 0.33333333 | U38: 0.40694444 | W38: =(U38-T38)*24*60 -> 106 | AF38: =N38-K38 -> -403.49057 | AG38: =N38/K38 -> 0.70867107 | AH38: =AG48 -> 0.7412824
B39: 義大利麵 | D39: 濃拿坡里義大利麵 | F39: =VLOOKUP(D39,廠價表!$C$1:$E$41,3,0) -> 56.43 | G39: 1380 | H39: =F39*G39 -> 77873.4 | J39: =VLOOKUP(D39,產線配置圖!$A$3:$C$39,2,0) -> 16 | K39: =VLOOKUP(D39,產線配置圖!$A$3:$C$39,3,0) -> 1406 | L39: =K39/J39 -> 87.875 | M39: 14 | N39: =G39/W39*60 -> 1150 | O39: =N39/M39 -> 82.142857 | P39: =M39-J39 -> -2 | Q39: =O39-L39 -> -5.7321429 | R39: =O39/L39 -> 0.93476936 | T39: 0.41527778 | U39: 0.46527778 | V39: =(T39-U38)*24*60 -> 12 | W39: =(U39-T39)*24*60 -> 72 | AF39: =N39-K39 -> -256 | AG39: =N39/K39 -> 0.81792319
B40: 熱乾麵 | D40: 府城鹽水意麵 | F40: =VLOOKUP(D40,廠價表!$C$1:$E$41,3,0) -> 44.3 | G40: 1060 | H40: =F40*G40 -> 46958 | J40: =VLOOKUP(D40,產線配置圖!$A$3:$C$39,2,0) -> 19 | K40: =VLOOKUP(D40,產線配置圖!$A$3:$C$39,3,0) -> 1440 | L40: =K40/J40 -> 75.789474 | M40: 15 | N40: =G40/W40*60 -> 963.63636 | O40: =N40/M40 -> 64.242424 | P40: =M40-J40 -> -4 | Q40: =O40-L40 -> -11.547049 | R40: =O40/L40 -> 0.8476431 | T40: 0.51944444 | U40: 0.56527778 | V40: =(T40-U39)*24*60 -> 78 | W40: =(U40-T40)*24*60 -> 66 | X40: 0.47222222 | Y40: 0.51388889 | AF40: =N40-K40 -> -476.36364 | AG40: =N40/K40 -> 0.66919192
B41: 熱乾麵 | D41: 府城鹽水意麵 | F41: =VLOOKUP(D41,廠價表!$C$1:$E$41,3,0) -> 44.3 | G41: 1663 | H41: =F41*G41 -> 73670.9 | J41: =VLOOKUP(D41,產線配置圖!$A$3:$C$39,2,0) -> 19 | K41: =VLOOKUP(D41,產線配置圖!$A$3:$C$39,3,0) -> 1440 | L41: =K41/J41 -> 75.789474 | M41: 16 | N41: =G41/W41*60 -> 1108.6667 | O41: =N41/M41 -> 69.291667 | P41: =M41-J41 -> -3 | Q41: =O41-L41 -> -6.497807 | R41: =O41/L41 -> 0.91426505 | T41: 0.57638889 | U41: 0.63888889 | V41: =(T41-U40)*24*60 -> 16 | W41: =(U41-T41)*24*60 -> 90 | AF41: =N41-K41 -> -331.33333 | AG41: =N41/K41 -> 0.76990741
W42: =(U42-T42)*24*60 -> 0
W43: =(U43-T43)*24*60 -> 0
W44: =(U44-T44)*24*60 -> 0
W45: =(U45-T45)*24*60 -> 0
W46: =(U46-T46)*24*60 -> 0
H47: =F47*G47 -> 0 | W47: =(U47-T47)*24*60 -> 0
C48: 4度二組C1 | D48: 平均 | J48: =AVERAGE(J38:J47) -> 17.5 | K48: =AVERAGE(K38:K47) -> 1417.75 | L48: =AVERAGE(L38:L47) -> 81.504112 | M48: =AVERAGE(M38:M47) -> 14.5 | N48: =AVERAGE(N38:N47) -> 1050.9531 | O48: =AVERAGE(O38:O47) -> 72.794418 | P48: =M48-J48 -> -3 | Q48: =N48-K48 -> -366.79688 | R48: =O48/L48 -> 0.89313799 | W48: =(U48-T48)*24*60 -> 0 | Z48: =SUM(Z38:Z47) -> 0 | AA48: =SUM(AA38:AA47) -> 0 | AD48: =SUM(AD38:AD47) -> 0 | AE48: =SUM(AE38:AE47) -> 0 | AF48: =N48-K48 -> -366.79688 | AG48: =N48/K48 -> 0.7412824
A49: 手工五線 (ET-55) | B49: 義大利麵 | D49: 剝皮辣椒雞奶油扁麵 | F49: =VLOOKUP(D49,廠價表!$C$1:$E$41,3,0) -> 56.87 | G49: 1520 | H49: =F49*G49 -> 86442.4 | J49: =VLOOKUP(D49,產線配置圖!$A$3:$C$39,2,0) -> 18 | K49: =VLOOKUP(D49,產線配置圖!$A$3:$C$39,3,0) -> 1565 | L49: =K49/J49 -> 86.944444 | M49: 18 | N49: =G49/W49*60 -> 1403.0769 | O49: =N49/M49 -> 77.948718 | P49: =M49-J49 -> 0 | Q49: =O49-L49 -> -8.9957265 | R49: =O49/L49 -> 0.89653478 | S49: =R58 -> 0.94463252 | T49: 0.29166667 | U49: 0.33680556 | W49: =(U49-T49)*24*60 -> 65 | AF49: =N49-K49 -> -161.92308 | AG49: =N49/K49 -> 0.89653478 | AH49: =AG58 -> 0.9178229
B50: 熱乾麵 | D50: 青花椒麻雞肉拌麵 | F50: =VLOOKUP(D50,廠價表!$C$1:$E$41,3,0) -> 49.91 | G50: 2310 | H50: =F50*G50 -> 115292.1 | J50: =VLOOKUP(D50,產線配置圖!$A$3:$C$39,2,0) -> 17 | K50: =VLOOKUP(D50,產線配置圖!$A$3:$C$39,3,0) -> 1565 | L50: =K50/J50 -> 92.058824 | M50: 15 | N50: =G50/W50*60 -> 1283.3333 | O50: =N50/M50 -> 85.555556 | P50: =M50-J50 -> -2 | Q50: =O50-L50 -> -6.503268 | R50: =O50/L50 -> 0.92935747 | T50: 0.34375 | U50: 0.41875 | V50: =(T50-U49)*24*60 -> 10 | W50: =(U50-T50)*24*60 -> 108 | AF50: =N50-K50 -> -281.66667 | AG50: =N50/K50 -> 0.8200213
B51: 義大利麵 | D51: 焗烤起司雙饗筆尖麵 | F51: =VLOOKUP(D51,廠價表!$C$1:$E$41,3,0) -> 49.97 | G51: 2194 | H51: =F51*G51 -> 109634.18 | J51: =VLOOKUP(D51,產線配置圖!$A$3:$C$39,2,0) -> 18 | K51: =VLOOKUP(D51,產線配置圖!$A$3:$C$39,3,0) -> 1600 | L51: =K51/J51 -> 88.888889 | M51: 18 | N51: =G51/W51*60 -> 1586.0241 | O51: =N51/M51 -> 88.11245 | P51: =M51-J51 -> 0 | Q51: =O51-L51 -> -0.77643909 | R51: =O51/L51 -> 0.99126506 | T51: 0.42708333 | U51: 0.48472222 | V51: =(T51-U50)*24*60 -> 12 | W51: =(U51-T51)*24*60 -> 83 | AF51: =N51-K51 -> -13.975904 | AG51: =N51/K51 -> 0.99126506
B52: 義大利麵 | D52: 焗烤起司雙饗筆尖麵 | F52: =VLOOKUP(D52,廠價表!$C$1:$E$41,3,0) -> 49.97 | G52: 3331 | H52: =F52*G52 -> 166450.07 | J52: =VLOOKUP(D52,產線配置圖!$A$3:$C$39,2,0) -> 18 | K52: =VLOOKUP(D52,產線配置圖!$A$3:$C$39,3,0) -> 1600 | L52: =K52/J52 -> 88.888889 | M52: 18 | N52: =G52/W52*60 -> 1537.3846 | O52: =N52/M52 -> 85.410256 | P52: =M52-J52 -> 0 | Q52: =O52-L52 -> -3.4786325 | R52: =O52/L52 -> 0.96086538 | T52: 0.54375 | U52: 0.63402778 | V52: =(T52-U51)*24*60 -> 85 | W52: =(U52-T52)*24*60 -> 130 | X52: 0.49305556 | Y52: 0.53472222 | AF52: =N52-K52 -> -62.615385 | AG52: =N52/K52 -> 0.96086538
W53: =(U53-T53)*24*60 -> 0 | AF53: =N53-K53 -> 0 | AG53: =N53/K53 -> #DIV/0!
W54: =(U54-T54)*24*60 -> 0
W55: =(U55-T55)*24*60 -> 0
W56: =(U56-T56)*24*60 -> 0
W57: =(U57-T57)*24*60 -> 0
C58: 4度二組C2 | D58: 平均 | J58: =AVERAGE(J49:J57) -> 17.75 | K58: =AVERAGE(K49:K57) -> 1582.5 | L58: =AVERAGE(L49:L57) -> 89.195261 | M58: =AVERAGE(M49:M57) -> 17.25 | N58: =AVERAGE(N49:N57) -> 1452.4547 | O58: =AVERAGE(O49:O57) -> 84.256745 | P58: =M58-J58 -> -0.5 | Q58: =N58-K58 -> -130.04526 | R58: =O58/L58 -> 0.94463252 | Z58: =SUM(Z49:Z57) -> 0 | AA58: =SUM(AA49:AA57) -> 0 | AD58: =SUM(AD49:AD57) -> 0 | AE58: =SUM(AE49:AE57) -> 0 | AF58: =N58-K58 -> -130.04526 | AG58: =N58/K58 -> 0.9178229
A59: 調理包一線 (八爪機) | B59: 小吃、微波 | D59: 小滷青蔬 | F59: =VLOOKUP(D59,廠價表!$C$1:$E$41,3,0) -> 26.99 | G59: 2944 | H59: =F59*G59 -> 79458.56 | J59: =VLOOKUP(D59,產線配置圖!$A$3:$C$39,2,0) -> 13 | K59: =VLOOKUP(D59,產線配置圖!$A$3:$C$39,3,0) -> 1565 | L59: =K59/J59 -> 120.38462 | M59: 13 | N59: =G59/W59*60 -> 1358.7692 | O59: =N59/M59 -> 104.52071 | P59: =M59-J59 -> 0 | Q59: =O59-L59 -> -15.863905 | R59: =O59/L59 -> 0.86822315 | S59: =R69 -> 0.77931456 | T59: 0.29166667 | U59: 0.38194444 | W59: =(U59-T59)*24*60 -> 130 | AF59: =N59-K59 -> -206.23077 | AG59: =N59/K59 -> 0.86822315 | AH59: =AG69 -> 0.76603752
B60: 小吃、微波 | D60: 台式綜合甜不辣 | F60: =VLOOKUP(D60,廠價表!$C$1:$E$41,3,0) -> 28.47 | G60: 619 | H60: =F60*G60 -> 17622.93 | J60: =VLOOKUP(D60,產線配置圖!$A$3:$C$39,2,0) -> 12 | K60: =VLOOKUP(D60,產線配置圖!$A$3:$C$39,3,0) -> 1565 | L60: =K60/J60 -> 130.41667 | M60: 12 | N60: =G60/W60*60 -> 825.33333 | O60: =N60/M60 -> 68.777778 | P60: =M60-J60 -> 0 | Q60: =O60-L60 -> -61.638889 | R60: =O60/L60 -> 0.52736954 | T60: 0.39236111 | U60: 0.42361111 | V60: =(T60-U59)*24*60 -> 15 | W60: =(U60-T60)*24*60 -> 45 | AB60: 生產量少 | AF60: =N60-K60 -> -739.66667 | AG60: =N60/K60 -> 0.52736954
B61: 小吃、微波 | D61: 起司馬鈴薯 | F61: =VLOOKUP(D61,廠價表!$C$1:$E$41,3,0) -> 28.26 | G61: 2166 | H61: =F61*G61 -> 61211.16 | J61: =VLOOKUP(D61,產線配置圖!$A$3:$C$39,2,0) -> 12 | K61: =VLOOKUP(D61,產線配置圖!$A$3:$C$39,3,0) -> 1565 | L61: =K61/J61 -> 130.41667 | M61: 12 | N61: =G61/W61*60 -> 1299.6 | O61: =N61/M61 -> 108.3 | P61: =M61-J61 -> 0 | Q61: =O61-L61 -> -22.116667 | R61: =O61/L61 -> 0.83041534 | T61: 0.43402778 | U61: 0.50347222 | V61: =(T61-U60)*24*60 -> 15 | W61: =(U61-T61)*24*60 -> 100 | AF61: =N61-K61 -> -265.4 | AG61: =N61/K61 -> 0.83041534
B62: 小吃、微波 | D62: 小滷青蔬 | F62: =VLOOKUP(D62,廠價表!$C$1:$E$41,3,0) -> 26.99 | G62: 1421 | H62: =F62*G62 -> 38352.79 | J62: =VLOOKUP(D62,產線配置圖!$A$3:$C$39,2,0) -> 13 | K62: =VLOOKUP(D62,產線配置圖!$A$3:$C$39,3,0) -> 1565 | L62: =K62/J62 -> 120.38462 | M62: 12 | N62: =G62/W62*60 -> 1311.6923 | O62: =N62/M62 -> 109.30769 | P62: =M62-J62 -> -1 | Q62: =O62-L62 -> -11.076923 | R62: =O62/L62 -> 0.90798722 | T62: 0.55555556 | U62: 0.60069444 | V62: =(T62-U61)*24*60 -> 75 | W62: =(U62-T62)*24*60 -> 65 | X62: 0.51041667 | Y62: 0.54166667 | AF62: =N62-K62 -> -253.30769 | AG62: =N62/K62 -> 0.83814205
W63: =(U63-T63)*24*60 -> 0
W64: =(U64-T64)*24*60 -> 0
W65: =(U65-T65)*24*60 -> 0
W66: =(U66-T66)*24*60 -> 0
W67: =(U67-T67)*24*60 -> 0
H68: =F68*G68 -> 0 | W68: =(U68-T68)*24*60 -> 0
C69: 4度三組 | D69: 平均 | J69: =AVERAGE(J59:J68) -> 12.5 | K69: =AVERAGE(K59:K68) -> 1565 | L69: =AVERAGE(L59:L68) -> 125.40064 | M69: =AVERAGE(M59:M68) -> 12.25 | N69: =AVERAGE(N59:N68) -> 1198.8487 | O69: =AVERAGE(O59:O68) -> 97.726545 | P69: =M69-J69 -> -0.25 | Q69: =N69-K69 -> -366.15128 | R69: =O69/L69 -> 0.77931456 | Z69: =SUM(Z59:Z68) -> 0 | AA69: =SUM(AA59:AA68) -> 0 | AD69: =SUM(AD59:AD68) -> 0 | AE69: =SUM(AE59:AE68) -> 0 | AF69: =N69-K69 -> -366.15128 | AG69: =N69/K69 -> 0.76603752
A70: 調理包二線 (手工) | B70: 義大利麵 | D70: 焗烤起司肉醬筆尖麵 | F70: =VLOOKUP(D70,廠價表!$C$1:$E$41,3,0) -> 50.67 | G70: 1902 | H70: =F70*G70 -> 96374.34 | J70: =VLOOKUP(D70,產線配置圖!$A$3:$C$39,2,0) -> 10 | K70: =VLOOKUP(D70,產線配置圖!$A$3:$C$39,3,0) -> 1125 | L70: =K70/J70 -> 112.5 | M70: 10 | N70: =G70/W70*60 -> 691.63636 | O70: =N70/M70 -> 69.163636 | P70: =M70-J70 -> 0 | Q70: =O70-L70 -> -43.336364 | R70: =O70/L70 -> 0.61478788 | S70: =R79 -> 0.61478788 | T70: 0.34027778 | U70: 0.45486111 | W70: =(U70-T70)*24*60 -> 165 | AB70: 封膜機異常 | AF70: =N70-K70 -> -433.36364 | AG70: =N70/K70 -> 0.61478788 | AH70: =AG79 -> 0.61478788
W71: =(U71-T71)*24*60 -> 0 | AF71: -300.3125 | AG71: 0.80810703
W72: =(U72-T72)*24*60 -> 0 | AF72: -130.33333 | AG72: 0.91671991
W73: =(U73-T73)*24*60 -> 0
W74: =(U74-T74)*24*60 -> 0
H75: =F75*G75 -> 0 | W75: =(U75-T75)*24*60 -> 0
H76: =F76*G76 -> 0 | W76: =(U76-T76)*24*60 -> 0
H77: =F77*G77 -> 0 | W77: =(U77-T77)*24*60 -> 0
H78: =F78*G78 -> 0 | W78: =(U78-T78)*24*60 -> 0
C79: 4度四組 | D79: 平均 | J79: =AVERAGE(J70:J78) -> 10 | K79: =AVERAGE(K70:K78) -> 1125 | L79: =AVERAGE(L70:L78) -> 112.5 | M79: =AVERAGE(M70:M78) -> 10 | N79: =AVERAGE(N70:N78) -> 691.63636 | O79: =AVERAGE(O70:O78) -> 69.163636 | P79: =M79-J79 -> 0 | Q79: =N79-K79 -> -433.36364 | R79: =O79/L79 -> 0.61478788 | Z79: =SUM(Z70:Z78) -> 0 | AA79: =SUM(AA70:AA78) -> 0 | AD79: =SUM(AD70:AD78) -> 0 | AE79: =SUM(AE70:AE78) -> 0 | AF79: =N79-K79 -> -433.36364 | AG79: =N79/K79 -> 0.61478788
AJ80: 1.當日出勤人數較多
AJ81: 2.當日出勤人數較少
AJ82: 3.當日出勤熟手較少
AJ83: 4.當日出勤新人較多
AJ84: 5.機台夾盒
AJ85: 6.封膜不順
AJ86: 7.更換膠膜
AJ87: 8.更換碳帶
AJ88: 9.當日熱轉印碳帶異常
AJ89: 10.訂單量過少
AJ90: 11.新品上市，尚未熟悉
AJ91: 12.商品結構，產能較低
AJ92: 13.區域出貨，分段生產

Sheet 0108總
B1: 長家廠組合室生產人時性分析
B3: 日期 | D3: 46030 | F3: 訂單量 | G3: ='0108'!E1 -> 46922 | I3: 營業額 | J3: ='0108'!G1 -> 2254894.6
B4: 項目 | D4: 3 | F4: ➀ | H4: ➁ | J4: ③ | L4: 異常停線 | N4: 短暫停線
B5: 人時性 | D5: 組合室 | F5: 全溫層 | H5: 義大利麵 | J5: 袋裝小吃、義麵 | L5: 合計次數 | M5: 時間 | N5: 合計次數 | O5: 設備次數
D6: 排關平均 | F6: =AVERAGE(D13:J13) -> 112.01637 | H6: =AVERAGE(D13:H13,J13) -> 109.78565 | J6: =AVERAGE(I13) -> 125.40064 | L6: =SUM(D18:J18) -> 4 | M6: =SUM(D19:J19) -> 80 | N6: =SUM(D20:J20) -> 13 | O6: =SUM(D20:J20) -> 13
D7: 實績平均 | F7: =AVERAGE(D14:J14) -> 92.059216 | H7: =AVERAGE(D14:H14,J14) -> 89.545309 | J7: =AVERAGE(I14) -> 107.14266 | L7: =AVERAGE(K14:L14) -> #DIV/0! | M7: =AVERAGE(L14:M14) -> #DIV/0! | N7: =AVERAGE(M14:N14) -> #DIV/0! | O7: =AVERAGE(N14:O14) -> #DIV/0!
D8: 達成率平均 | F8: =F7/F6 -> 0.82183719 | H8: =H7/H6 -> 0.81563761 | J8: =J7/J6 -> 0.8544028 | L8: =AVERAGE(K15:L15) -> #DIV/0! | M8: =AVERAGE(L15:M15) -> #DIV/0! | N8: =AVERAGE(M15:N15) -> #DIV/0! | O8: =AVERAGE(N15:O15) -> #DIV/0!
J9: ※現行日本鮮食廠以達成率80%為基本(即為現行KPI)
B10: 溫層 | D10: 4度C-各編組展開
B11: 編組 | D11: 1 | E11: 2 | F11: 3 | G11: 4 | H11: 5 | I11: 6 | J11: 7
D12: 自動1線 | E12: 自動2線 | F12: 手工3線 | G12: 手工4線 | H12: 手工5線 | I12: 調理包1線 | J12: 調理包2線
B13: 人時性 | C13: 排關 | D13: =VALUE('0108'!L15) -> 126.55462 | E13: =VALUE('0108'!L26) -> 162.27564 | F13: =VALUE('0108'!L37) -> 84.779412 | G13: =VALUE('0108'!L48) -> 83.408991 | H13: =VALUE('0108'!L58) -> 89.195261 | I13: =VALUE('0108'!L69) -> 125.40064 | J13: ='0108'!L79 -> 112.5
C14: 實績 | D14: =VALUE('0108'!O15) -> 105.23267 | E14: =VALUE('0108'!O26) -> 130.83605 | F14: =VALUE('0108'!O37) -> 76.012575 | G14: =VALUE('0108'!O48) -> 72.967154 | H14: =VALUE('0108'!O58) -> 84.223407 | I14: =VALUE('0108'!O69) -> 107.14266 | J14: ='0108'!O79 -> 68
C15: 達成率 | D15: =D14/D13 -> 0.83151975 | E15: =E14/E13 -> 0.80625811 | F15: =F14/F13 -> 0.89659238 | G15: =G14/G13 -> 0.87481161 | H15: =H14/H13 -> 0.94425876 | I15: =I14/I13 -> 0.8544028 | J15: =J14/J13 -> 0.60444444
B16: 作業 時間 | C16: 開始 | D16: ='0108'!T5 -> 0.29305556 | E16: ='0108'!T16 -> 0.29027778 | F16: ='0108'!T27 -> 0.29166667 | G16: ='0108'!T38 -> 0.33194444 | H16: ='0108'!T49 -> 0.29027778 | I16: ='0108'!T59 -> 0.29166667 | J16: ='0108'!T70 -> 0.34027778
C17: 結束 | D17: 0.61666667 | E17: 0.61666667 | F17: 0.56944444 | G17: 0.61805556 | H17: 0.60277778 | I17: 0.58333333 | J17: 0.46875
B18: 產線異常 (5分鐘以上) | C18: 次數 | D18: ='0108'!Z15 -> 1 | E18: ='0108'!Z26 -> 1 | F18: ='0108'!Z37 -> 0 | G18: ='0108'!Z48 -> 0 | H18: ='0108'!Z58 -> 1 | I18: ='0108'!Z69 -> 0 | J18: ='0108'!Z79 -> 1
C19: 時間/分 | D19: ='0108'!AA15 -> 15 | E19: ='0108'!AA26 -> 17 | F19: ='0108'!AA37 -> 0 | G19: ='0108'!AA48 -> 0 | H19: ='0108'!AA58 -> 8 | I19: ='0108'!AA69 -> 0 | J19: ='0108'!AA79 -> 40
B20: 短暫停線 (5分鐘以下) | C20: 次數 | D20: ='0108'!AD15 -> 4 | E20: ='0108'!AD26 -> 7 | F20: ='0108'!AD37 -> 0 | G20: ='0108'!AD48 -> 2 | H20: ='0108'!AD58 -> 0 | I20: ='0108'!AD69 -> 0 | J20: ='0108'!AD79 -> 0
C21: 設備次數 | D21: ='0108'!AE15 -> 4 | E21: ='0108'!AE26 -> 7 | F21: ='0108'!AE37 -> 0 | G21: ='0108'!AE48 -> 2 | H21: ='0108'!AE58 -> 0 | I21: ='0108'!AE69 -> 0 | J21: ='0108'!AE79 -> 0
B22: 配置人數 | D22: =VALUE('0108'!M15) -> 14.75 | E22: =VALUE('0108'!M26) -> 12.75 | F22: =VALUE('0108'!M37) -> 16.25 | G22: =VALUE('0108'!M48) -> 15.666667 | H22: =VALUE('0108'!M58) -> 18 | I22: =VALUE('0108'!M69) -> 11.5 | J22: ='0108'!M79 -> 9
B23: 主要應用設備 | D23: ET-600 | E23: ET-600 | F23: ET-55 | G23: ET-55 | H23: ET-55 | I23: 八爪機
B24: 次要應用設備 | H24: 封口機
B25: 備註

Sheet 0108
A1: 長家廠4度C日報分析 | D1: 總生產量 | E1: =SUM(G5:G79) -> 46922 | F1: 營業額 | G1: =SUM(H5:H79) -> 2254894.6 | H1: 出勤人數 | I1: =M15+M26+M48+M58+M69+M79+M37 -> 97.916667 | J1: 產線配置圖 | M1: 生產實績 | P1: 人時性差異分析 | T1: 日報登錄 | Z1: 合計 次數 | AA1: 合計 時間/分 | AB1: 分析說明 | AD1: 合計 次數 | AE1: 合計 設備次數 | AF1: 產能差異分析
A2: 01月08日 星期四 | D2: 人時性 | E2: =AVERAGE(O15,O26,O37,O48,O58,O69,O79) -> 92.059216 | F2: 平均廠價 | G2: =G1/E1 -> 48.056234 | H2: 多次生產數 | I2: =COUNT(I5:I79) -> 0 | Z2: =Z15+Z26+Z37+Z48+Z58+Z69+Z79 -> 4 | AA2: =AA15+AA26+AA37+AA48+AA58+AA69+AA79 -> 80 | AD2: =AD15+AD26+AD37+AD48+AD58+AD69+AD79 -> 13 | AE2: =AE15+AE26+AE37+AE48+AE58+AE69+AE79 -> 13
A3: 線別 | B3: 品類 | D3: 品名 | F3: 廠價 | G3: 生產量 | H3: 營收 | I3: 多次 生產 | J3: 人數 | K3: 產能/時 | L3: 人時性 | M3: 人數 | N3: 產能/時 | O3: 人時性 | P3: 人數 | Q3: 人時性 | R3: 達成率 | S3: 達成率平均 | T3: 生產時間 | V3: 前置、換線時間/分 | W3: 稼動時間/分 | X3: 休息時間 | Z3: 產線異常統計 (5分鐘以上) | AD3: 短暫停線統計 (5分鐘以下) | AF3: 產能/時 | AG3: 達成率 | AH3: 達成率平均
T4: 開始 | U4: 結束 | X4: 開始 | Y4: 結束 | Z4: 次數 | AA4: 時間/分 | AD4: 總次數 | AE4: 設備因素(次數)
A5: 自動一線 (ET-600) | B5: 義大利麵 | D5: 奶油起司蝦仁通心粉 | F5: =VLOOKUP(D5,廠價表!$C$1:$E$41,3,0) -> 47.71 | G5: 2632 | H5: =F5*G5 -> 125572.72 | J5: =VLOOKUP(D5,產線配置圖!$A$3:$C$39,2,0) -> 14 | K5: =VLOOKUP(D5,產線配置圖!$A$3:$C$39,3,0) -> 1440 | L5: =K5/J5 -> 102.85714 | M5: 14 | N5: =G5/W5*60 -> 1435.6364 | O5: =N5/M5 -> 102.54545 | P5: =M5-J5 -> 0 | Q5: =O5-L5 -> -0.31168831 | R5: =O5/L5 -> 0.9969697 | S5: =R15 -> 0.83151975 | T5: 0.29305556 | U5: 0.36944444 | W5: =(U5-T5)*24*60 -> 110 | AF5: =N5-K5 -> -4.3636364 | AG5: =N5/K5 -> 0.9969697 | AH5: =AG15 -> 0.82234083
B6: 義大利麵 | D6: 韓式起司炸雞義大利麵 | F6: =VLOOKUP(D6,廠價表!$C$1:$E$41,3,0) -> 57.21 | G6: 1510 | H6: =F6*G6 -> 86387.1 | J6: =VLOOKUP(D6,產線配置圖!$A$3:$C$39,2,0) -> 17 | K6: =VLOOKUP(D6,產線配置圖!$A$3:$C$39,3,0) -> 2000 | L6: =K6/J6 -> 117.64706 | M6: 17 | N6: =G6/W6*60 -> 1276.0563 | O6: =N6/M6 -> 75.062138 | P6: =M6-J6 -> 0 | Q6: =O6-L6 -> -42.584921 | R6: =O6/L6 -> 0.63802817 | T6: 0.375 | U6: 0.42430556 | V6: =(T6-U5)*24*60 -> 8 | W6: =(U6-T6)*24*60 -> 71 | Z6: 1 | AA6: 15 | AB6: 玉取機 | AD6: 1 | AE6: 1 | AF6: =N6-K6 -> -723.94366 | AG6: =N6/K6 -> 0.63802817
B7: 義大利麵 | D7: 奶油培根義大利麵 | F7: =VLOOKUP(D7,廠價表!$C$1:$E$41,3,0) -> 49.14 | G7: 1808 | H7: =F7*G7 -> 88845.12 | J7: =VLOOKUP(D7,產線配置圖!$A$3:$C$39,2,0) -> 14 | K7: =VLOOKUP(D7,產線配置圖!$A$3:$C$39,3,0) -> 2000 | L7: =K7/J7 -> 142.85714 | M7: 14 | N7: =G7/W7*60 -> 1668.9231 | O7: =N7/M7 -> 119.20879 | P7: =M7-J7 -> 0 | Q7: =O7-L7 -> -23.648352 | R7: =O7/L7 -> 0.83446154 | T7: 0.43263889 | U7: 0.47777778 | V7: =(T7-U6)*24*60 -> 12 | W7: =(U7-T7)*24*60 -> 65 | AB7: 玉取機(總計6分鐘) | AD7: 2 | AE7: 2 | AF7: =N7-K7 -> -331.07692 | AG7: =N7/K7 -> 0.83446154
B8: 義大利麵 | D8: 奶油培根義大利麵 | F8: =VLOOKUP(D8,廠價表!$C$1:$E$41,3,0) -> 49.14 | G8: 2896 | H8: =F8*G8 -> 142309.44 | J8: =VLOOKUP(D8,產線配置圖!$A$3:$C$39,2,0) -> 14 | K8: =VLOOKUP(D8,產線配置圖!$A$3:$C$39,3,0) -> 2000 | L8: =K8/J8 -> 142.85714 | M8: 14 | N8: =G8/W8*60 -> 1737.6 | O8: =N8/M8 -> 124.11429 | P8: =M8-J8 -> 0 | Q8: =O8-L8 -> -18.742857 | R8: =O8/L8 -> 0.8688 | T8: 0.54722222 | U8: 0.61666667 | V8: =(T8-U7)*24*60 -> 100 | W8: =(U8-T8)*24*60 -> 100 | X8: 0.48611111 | Y8: 0.52777778 | AB8: 玉取機 | AD8: 1 | AE8: 1 | AF8: =N8-K8 -> -262.4 | AG8: =N8/K8 -> 0.8688
W9: =(U9-T9)*24*60 -> 0 | AF9: =N9-K9 -> 0 | AG9: =N9/K9 -> #DIV/0!
W10: =(U10-T10)*24*60 -> 0 | AF10: =N10-K10 -> 0 | AG10: =N10/K10 -> #DIV/0!
W11: =(U11-T11)*24*60 -> 0 | AF11: =N11-K11 -> 0 | AG11: =N11/K11 -> #DIV/0!
W12: =(U12-T12)*24*60 -> 0
W13: =(U13-T13)*24*60 -> 0
W14: =(U14-T14)*24*60 -> 0
C15: 4度一組 | D15: 平均 | J15: =AVERAGE(J5:J14) -> 14.75 | K15: =AVERAGE(K5:K14) -> 1860 | L15: =AVERAGE(L5:L14) -> 126.55462 | M15: =AVERAGE(M5:M14) -> 14.75 | N15: =AVERAGE(N5:N14) -> 1529.5539 | O15: =AVERAGE(O5:O14) -> 105.23267 | P15: =M15-J15 -> 0 | Q15: =O15-L15 -> -21.321955 | R15: =O15/L15 -> 0.83151975 | Z15: =SUM(Z5:Z14) -> 1 | AA15: =SUM(AA5:AA14) -> 15 | AD15: =SUM(AD5:AD14) -> 4 | AE15: =SUM(AE5:AE14) -> 4 | AF15: =N15-K15 -> -330.44606 | AG15: =N15/K15 -> 0.82234083
A16: 自動二線 (ET-600) | B16: 義大利麵 | D16: 白酒蛤蜊義大利麵 | F16: =VLOOKUP(D16,廠價表!$C$1:$E$41,3,0) -> 57.21 | G16: 2301 | H16: =F16*G16 -> 131640.21 | J16: =VLOOKUP(D16,產線配置圖!$A$3:$C$39,2,0) -> 13 | K16: =VLOOKUP(D16,產線配置圖!$A$3:$C$39,3,0) -> 2105 | L16: =K16/J16 -> 161.92308 | M16: 14 | N16: =G16/W16*60 -> 1792.987 | O16: =N16/M16 -> 128.0705 | P16: =M16-J16 -> 1 | Q16: =O16-L16 -> -33.852576 | R16: =O16/L16 -> 0.79093421 | S16: =R26 -> 0.80625811 | T16: 0.29027778 | U16: 0.34375 | W16: =(U16-T16)*24*60 -> 77 | AB16: 封膜異常+1人、重封62盒 | AF16: =N16-K16 -> -312.01299 | AG16: =N16/K16 -> 0.8517753 | AH16: =AG26 -> 0.82010763
B17: 義大利麵 | D17: 青醬蛤蜊義大利麵 | F17: =VLOOKUP(D17,廠價表!$C$1:$E$41,3,0) -> 50.67 | G17: 3238 | H17: =F17*G17 -> 164069.46 | J17: =VLOOKUP(D17,產線配置圖!$A$3:$C$39,2,0) -> 13 | K17: =VLOOKUP(D17,產線配置圖!$A$3:$C$39,3,0) -> 2000 | L17: =K17/J17 -> 153.84615 | M17: 13 | N17: =G17/W17*60 -> 1439.1111 | O17: =N17/M17 -> 110.70085 | P17: =M17-J17 -> 0 | Q17: =O17-L17 -> -43.145299 | R17: =O17/L17 -> 0.71955556 | T17: 0.35208333 | U17: 0.44583333 | V17: =(T17-U16)*24*60 -> 12 | W17: =(U17-T17)*24*60 -> 135 | Z17: 1 | AA17: 17 | AB17: 玉取機(總計24分鐘) | AD17: 4 | AE17: 4 | AF17: =N17-K17 -> -560.88889 | AG17: =N17/K17 -> 0.71955556
