Workbook

Sheet 廠價表
A1: check | B1: 溫層 | C1: 品名 | D1: 類別 | E1: 廠價
B2: 4度C | C2: 奶油鮮蝦明太子細扁麵 | D2: 義大利麵 | E2: 57.21
B3: 4度C | C3: 白酒清炒鮮蛤義大利麵 | D3: 義大利麵 | E3: 56.87
B4: 4度C | C4: 義式蕃茄起司義大利麵 | D4: 義大利麵 | E4: 50.39
B5: 4度C | C5: 焗烤起司雙饗筆尖麵 | D5: 義大利麵 | E5: 49.97
B6: 4度C | C6: 奶油培根義大利麵 | D6: 義大利麵 | E6: 49.14
B7: 4度C | C7: 焦糖拿鐵烤雞細扁麵 | D7: 義大利麵 | E7: 57.21
B8: 4度C | C8: 義式辣味嫩烤雞腿排義大利麵 | D8: 義大利麵 | E8: 56.61
B9: 4度C | C9: 金沙豆腐義大利麵 | D9: 義大利麵 | E9: 49.91
B10: 4度C | D10: 義大利麵
B11: 4度C | C11: 蒜香奶油蝦蝦義大利麵 | D11: 義大利麵 | E11: 57.21
B12: 4度C | C12: 鱈魚粉紅青醬筆尖麵 | D12: 義大利麵 | E12: 43.89
B13: 4度C | C13: 香煎魚排佐檸檬奶油義大利麵 | D13: 義大利麵 | E13: 58.17
B14: 4度C | C14: 青醬蛤蜊義大利麵 | D14: 義大利麵 | E14: 50.67
B15: 4度C | C15: 焗烤明太子筆尖麵 | D15: 義大利麵 | E15: 57.3
B16: 4度C | C16: 羅馬黑胡椒起司義大利麵 | D16: 義大利麵 | E16: 50.67
B17: 4度C | C17: 義式蛋蛋青醬鮪魚冷義大利麵 | D17: 義大利麵 | E17: 45.66
B18: 4度C | C18: 黑松露野菇義大利麵 | D18: 義大利麵 | E18: 50.289
B19: 4度C | C19: 青花椒麻雞肉拌麵 | D19: 熱乾麵 | E19: 49.91
B20: 4度C | C20: 府城鹽水意麵 | D20: 熱乾麵 | E20: 44.3
B21: 4度C | C21: 沙茶豬肉炒麵 | D21: 熱乾麵 | E21: 49.52
B22: 4度C | C22: 蕃茄莎莎海鮮冷義大利麵 | D22: 義大利麵 | E22: 46.34
... B26: 4度C | C26: 麻辣雞心 | D26: 小吃、微波 | E26: 28.26
B28: 4度C | C28: 鮮奶油白醬醬杯 | D28: 冷麵醬杯
B46: 冷凍 | C46: 青醬蛤蜊義大利麵 | D46: 冷凍調理麵 | E46: 29.38
B47: 冷凍 | C47: 經典肉醬義大利麵 | D47: 冷凍調理麵 | E47: 29.38
B48: 冷凍 | C48: 奶油蘑菇培根義大利麵 | D48: 冷凍調理麵 | E48: 29.38
B49: 冷凍 | C49: 清炒蛤蜊義大利麵 | D49: 冷凍調理麵 | E49: 29.38
B50: 冷凍 | C50: 青醬乳酪筆尖麵 | D50: 冷凍調理麵 | E50: 29.38
B51: 冷凍 | C51: 辣蕃茄義大利麵 | D51: 冷凍調理麵 | E51: 29.38
B52: 冷凍 | D52: 冷凍調理麵
B53: 冷凍 | C53: 韓式起司義大利麵 | D53: 冷凍調理麵 | E53: 29.38
B54: 冷凍 | D54: 冷凍調理麵
B55: 冷凍 | C55: 和風明太子細扁麵 | D55: 冷凍調理麵 | E55: 29.38

Sheet 產線配置圖
A1: 品項 | B1: 人數 | C1: 產能 | E1: 人時 | G1: 備註
A2: 義大利麵
A3: 白酒清炒鮮蛤義大利麵 | B3: 15 | C3: 2250 | D3: ET-600 | E3: =C3/B3 -> 150
A4: 白酒清炒鮮蛤義大利麵-手 | B4: 15 | C4: 1716 | D4: ET-55 | E4: =C4/B4 -> 114.4
A5: 青醬蛤蜊義大利麵 | B5: 14 | C5: 2250 | E5: =C5/B5 -> 160.71429
A6: 青醬蛤蜊義大利麵-手 | B6: 16 | C6: 1714 | E6: =C6/B6 -> 107.125
A7: 義式蕃茄起司義大利麵 | B7: 13 | C7: 2250 | E7: =C7/B7 -> 173.07692
A8: 奶油培根義大利麵 | B8: 15 | C8: 2250 | E8: =C8/B8 -> 150
A9: 蒜香奶油蝦蝦義大利麵 | B9: 17 | C9: 2250 | E9: =C9/B9 -> 132.35294
A10: 蒜香奶油蝦蝦義大利麵-手 | B10: 17 | C10: 1716 | E10: =C10/B10 -> 100.94118
A11: 鱈魚粉紅青醬筆尖麵 | B11: 17 | C11: 1636 | E11: =C11/B11 -> 96.235294
A12: 香煎魚排佐檸檬奶油義大利麵 | B12: 15 | C12: 2250 | E12: =C12/B12 -> 150
A13: 黑松露野菇義大利麵 | B13: 17 | C13: 1636 | E13: =C13/B13 -> 96.235294 | J13: 黑松露野菇義大利麵 | K13: 17 | L13: 1565 | N13: =L13/K13 -> 92.058824
A14: 青花椒麻雞肉拌麵 | B14: 15 | C14: 1714 | E14: =C14/B14 -> 114.26667 | J14: 青花椒麻雞肉拌麵 | K14: 14 | L14: 1714 | N14: =L14/K14 -> 122.42857
A15: 焗烤起司雙饗筆尖麵 | B15: 16 | C15: 1800 | E15: =C15/B15 -> 112.5 | G15: 目前使用手工 | J15: 焗烤起司雙饗筆尖麵 | K15: 15 | L15: 1800 | N15: =L15/K15 -> 120
A16: 沙茶豬肉炒麵 | B16: 17 | C16: 1800 | E16: =C16/B16 -> 105.88235 | J16: 沙茶豬肉炒麵 | K16: 16 | L16: 1500 | N16: =L16/K16 -> 93.75
A17: 府城鹽水意麵 | B17: 18 | C17: 1636 | E17: =C17/B17 -> 90.888889 | J17: 府城鹽水意麵 | K17: 16 | L17: 1636 | N17: =L17/K17 -> 102.25
A18: 義式辣味嫩烤雞腿排義大利麵 | B18: 15 | C18: 2250 | E18: =C18/B18 -> 150 | J18: 焗烤起司肉醬筆尖麵 | K18: 12 | L18: 1440 | N18: =L18/K18 -> 120
A19: 焗烤起司肉醬筆尖麵 | B19: 13 | C19: 1440 | E19: =C19/B19 -> 110.76923 | G19: 目前使用雙排 | J19: 整條德式香腸義大利麵 | K19: 16 | L19: 1565 | N19: =L19/K19 -> 97.8125
A20: 羅馬黑胡椒起司義大利麵 | B20: 16 | C20: 2250 | E20: =C20/B20 -> 140.625
A21: 奶油鮮蝦明太子細扁麵 | B21: 18 | C21: 1636 | E21: =C21/B21 -> 90.888889
A22: 焦糖拿鐵烤雞細扁麵 | B22: 18 | C22: 1565 | E22: =C22/B22 -> 86.944444
A23: 義式蛋蛋青醬鮪魚冷義大利麵 | B23: 17 | C23: 1500 | E23: =C23/B23 -> 88.235294
A24: 蕃茄莎莎海鮮冷義大利麵 | B24: 16 | C24: 1500 | E24: =C24/B24 -> 93.75
A25: 金沙豆腐義大利麵 | B25: 16 | C25: 2250 | E25: =C25/B25 -> 140.625
A26: 調理包
A27: 小滷青蔬 | B27: 15 | C27: 1636 | E27: =C27/B27 -> 109.06667 | G27: 夏季+1人補料
A28: 起司馬鈴薯 | B28: 11 | C28: 1636 | E28: =C28/B28 -> 148.72727
A29: 麻辣雞心 | B29: 11 | C29: 1636 | E29: =C29/B29 -> 148.72727
A30: 韓式炒冬粉 | B30: 11 | C30: 1636 | E30: =C30/B30 -> 148.72727
E34: 更新日期07/03

Sheet 範本總
B1: 長家廠組合室生產人時性分析
B3: 日期 | D3: 46015 | F3: 訂單量 | G3: =範本!E1 -> 43309 | I3: 營業額 | J3: =範本!G1 -> #N/A
B4: 項目 | D4: 3 | F4: ➀ | H4: ➁ | J4: ③ | L4: 異常停線 | N4: 短暫停線
B5: 人時性 | D5: 組合室 | F5: 全溫層 | H5: 義大利麵 | J5: 袋裝小吃、義麵 | L5: 合計次數 | M5: 時間 | N5: 合計次數 | O5: 設備次數
D6: 排關平均 | F6: =AVERAGE(D13:J13) -> #N/A | H6: =AVERAGE(D13:H13) -> #N/A | J6: =AVERAGE(I13:J13) -> #N/A | L6: =範本!Z2 -> 0 | M6: =範本!AA2 -> 0 | N6: =範本!AD2 -> 0 | O6: =範本!AE2 -> 0
D7: 實績平均 | F7: =AVERAGE(D14:J14) -> 116.11475 | H7: =AVERAGE(D14:H14) -> 117.36075 | J7: =AVERAGE(I14:J14) -> 112.99975
D8: 達成率平均 | F8: =AVERAGE(D15:J15) -> #N/A | H8: =AVERAGE(D15:H15) -> #N/A | J8: =AVERAGE(I15:J15) -> #N/A
J9: ※現行日本鮮食廠以達成率80%為基本(即為現行KPI)
B10: 溫層 | D10: 4度C-各編組展開
B11: 編組 | D11: 1 | E11: 2 | F11: 3 | G11: 4 | H11: 5 | I11: 6 | J11: 7
D12: 自動1線 | E12: 自動2線 | F12: 手工3線 | G12: 手工4線 | H12: 手工5線 | I12: 調理包1線 | J12: 調理包2線
B13: 人時性 | C13: 排關 | D13: =VALUE(範本!L15) -> #N/A | E13: =VALUE(範本!L26) -> #N/A | F13: =VALUE(範本!L37) -> #N/A | G13: =VALUE(範本!L48) -> #N/A | H13: =VALUE(範本!L58) -> #N/A | I13: =VALUE(範本!L69) -> #N/A | J13: =範本!L79 -> #N/A
C14: 實績 | D14: =VALUE(範本!O15) -> 113.91637 | E14: =VALUE(範本!O26) -> 132.12003 | F14: =VALUE(範本!O37) -> 126.23842 | G14: =VALUE(範本!O48) -> 112.0543 | H14: =VALUE(範本!O58) -> 102.47462 | I14: =VALUE(範本!O69) -> 155.46443 | J14: =範本!O79 -> 70.535065
C15: 達成率 | D15: =D14/D13 -> #N/A | E15: =E14/E13 -> #N/A | F15: =F14/F13 -> #N/A | G15: =G14/G13 -> #N/A | H15: =H14/H13 -> #N/A | I15: =I14/I13 -> #N/A | J15: =範本!S70 -> #N/A
B16: 作業 時間 | C16: 開始 | D16: =範本!T5 -> 0.29097222 | E16: =範本!T16 -> 0.29097222 | F16: =範本!T27 -> 0.29166667 | G16: =範本!T38 -> 0.33333333 | H16: =範本!T49 -> 0.29166667 | I16: =範本!T59 -> 0.29166667 | J16: =範本!T70 -> 0.34722222
C17: 結束 | D17: 0.47361111 | E17: 0.48263889 | F17: 0.56944444 | G17: 0.60416667 | H17: 0.58333333 | I17: 0.48819444 | J17: 0.46875
B18: 產線異常 (5分鐘以上) | C18: 次數
C19: 時間/分
B20: 短暫停線 (5分鐘以下) | C20: 次數
C21: 設備次數
B22: 配置人數 | D22: =VALUE(範本!M15) -> 15 | E22: =VALUE(範本!M26) -> 12.666667 | F22: =VALUE(範本!M37) -> 14.666667 | G22: =VALUE(範本!M48) -> 14 | H22: =VALUE(範本!M58) -> 17.666667 | I22: =VALUE(範本!M69) -> 12.333333 | J22: =範本!M79 -> 11
B23: 主要應用設備 | D23: ET-600 | E23: ET-600 | F23: ET-55 | G23: ET-55 | H23: ET-55 | I23: 八爪機
B24: 次要應用設備 | H24: 封口機
B25: 備註

Sheet 範本
A1: 長家廠4度C日報分析 | D1: 總生產量 | E1: =SUM(G5:G79) -> 43309 | F1: 營業額 | G1: =SUM(H5:H79) -> #N/A | H1: 出勤人數 | I1: =M15+M26+M48+M58+M69+M79+M37 -> 97.333333 | J1: 產線配置圖 | M1: 生產實績 | P1: 人時性差異分析 | T1: 日報登錄 | Z1: 合計 次數 | AA1: 合計 時間/分 | AB1: 分析說明 | AD1: 合計 次數 | AE1: 合計 設備次數 | AF1: 產能差異分析
A2: 12月24日 星期三 | D2: 人時性 | E2: =AVERAGE(O15,O26,O37,O48,O58,O69,O79) -> 116.11475 | F2: 平均廠價 | G2: =G1/E1 -> #N/A | H2: 多次生產數 | I2: =COUNT(I5:I79) -> 0 | Z2: =Z15+Z26+Z37+Z48+Z58+Z69+Z79 -> 0 | AA2: =AA15+AA26+AA37+AA48+AA58+AA69+AA79 -> 0 | AD2: =AD15+AD26+AD37+AD48+AD58+AD69+AD79 -> 0 | AE2: =AE15+AE26+AE37+AE48+AE58+AE69+AE79 -> 0
A3: 線別 | B3: 品類 | D3: 品名 | F3: 廠價 | G3: 生產量 | H3: 營收 | I3: 多次 生產 | J3: 人數 | K3: 產能/時 | L3: 人時性 | M3: 人數 | N3: 產能/時 | O3: 人時性 | P3: 人數 | Q3: 人時性 | R3: 達成率 | S3: 達成率平均 | T3: 生產時間 | V3: 前置、換線時間/分 | W3: 稼動時間/分 | X3: 休息時間 | Z3: 產線異常統計 (5分鐘以上) | AD3: 短暫停線統計 (5分鐘以下) | AF3: 產能/時 | AG3: 達成率 | AH3: 達成率平均
T4: 開始 | U4: 結束 | X4: 開始 | Y4: 結束 | Z4: 次數 | AA4: 時間/分 | AD4: 總次數 | AE4: 設備因素(次數)
A5: 自動一線 (ET-600) | B5: =VLOOKUP(D5,廠價表!$C$1:$E$43,2,0) -> #N/A | F5: =VLOOKUP(D5,廠價表!$C$1:$E$43,3,0) -> #N/A | G5: 2263 | H5: =F5*G5 -> #N/A | J5: =VLOOKUP(D5,產線配置圖!$A$3:$C$40,2,0) -> #N/A | K5: =VLOOKUP(D5,產線配置圖!$A$3:$C$40,3,0) -> #N/A | L5: =K5/J5 -> #N/A | M5: 15 | N5: =G5/W5*60 -> 1444.4681 | O5: =N5/M5 -> 96.297872 | P5: =M5-J5 -> #N/A | Q5: =O5-L5 -> #N/A | R5: =O5/L5 -> #N/A | S5: =R15 -> #N/A | T5: 0.29097222 | U5: 0.35625 | W5: =(U5-T5)*24*60 -> 94 | AF5: =N5-K5 -> #N/A | AG5: =N5/K5 -> #N/A | AH5: =AG15 -> #N/A
B6: =VLOOKUP(D6,廠價表!$C$1:$E$43,2,0) -> #N/A | F6: =VLOOKUP(D6,廠價表!$C$1:$E$43,3,0) -> #N/A | G6: 1180 | H6: =F6*G6 -> #N/A | J6: =VLOOKUP(D6,產線配置圖!$A$3:$C$40,2,0) -> #N/A | K6: =VLOOKUP(D6,產線配置圖!$A$3:$C$40,3,0) -> #N/A | L6: =K6/J6 -> #N/A | M6: 17 | N6: =G6/W6*60 -> 1609.0909 | O6: =N6/M6 -> 94.652406 | P6: =M6-J6 -> #N/A | Q6: =O6-L6 -> #N/A | R6: =O6/L6 -> #N/A | T6: 0.36458333 | U6: 0.39513889 | V6: =(T6-U5)*24*60 -> 12 | W6: =(U6-T6)*24*60 -> 44 | AF6: =N6-K6 -> #N/A | AG6: =N6/K6 -> #N/A
B7: =VLOOKUP(D7,廠價表!$C$1:$E$43,2,0) -> #N/A | F7: =VLOOKUP(D7,廠價表!$C$1:$E$43,3,0) -> #N/A | G7: 3398 | H7: =F7*G7 -> #N/A | J7: =VLOOKUP(D7,產線配置圖!$A$3:$C$40,2,0) -> #N/A | K7: =VLOOKUP(D7,產線配置圖!$A$3:$C$40,3,0) -> #N/A | L7: =K7/J7 -> #N/A | M7: 13 | N7: =G7/W7*60 -> 1960.3846 | O7: =N7/M7 -> 150.79882 | P7: =M7-J7 -> #N/A | Q7: =O7-L7 -> #N/A | R7: =O7/L7 -> #N/A | T7: 0.40138889 | U7: 0.47361111 | V7: =(T7-U6)*24*60 -> 9 | W7: =(U7-T7)*24*60 -> 104 | AF7: =N7-K7 -> #N/A | AG7: =N7/K7 -> #N/A
W8: =(U8-T8)*24*60 -> 0 | X8: 0.48611111 | Y8: 0.52777778 | AF8: =N8-K8 -> 0 | AG8: =N8/K8 -> #DIV/0!
W9: =(U9-T9)*24*60 -> 0 | AF9: =N9-K9 -> 0 | AG9: =N9/K9 -> #DIV/0!
W10: =(U10-T10)*24*60 -> 0 | AF10: =N10-K10 -> 0 | AG10: =N10/K10 -> #DIV/0!
W11: =(U11-T11)*24*60 -> 0 | AF11: =N11-K11 -> 0 | AG11: =N11/K11 -> #DIV/0!
W12: =(U12-T12)*24*60 -> 0
W13: =(U13-T13)*24*60 -> 0
W14: =(U14-T14)*24*60 -> 0
C15: 4度一組 | D15: 平均 | J15: =AVERAGE(J5:J14) -> #N/A | K15: =AVERAGE(K5:K14) -> #N/A | L15: =AVERAGE(L5:L14) -> #N/A | M15: =AVERAGE(M5:M14) -> 15 | N15: =AVERAGE(N5:N14) -> 1671.3145 | O15: =AVERAGE(O5:O14) -> 113.91637 | P15: =M15-J15 -> #N/A | Q15: =O15-L15 -> #N/A | R15: =O15/L15 -> #N/A | Z15: =SUM(Z5:Z14) -> 0 | AA15: =SUM(AA5:AA14) -> 0 | AD15: =SUM(AD5:AD14) -> 0 | AE15: =SUM(AE5:AE14) -> 0 | AF15: =N15-K15 -> #N/A | AG15: =N15/K15 -> #N/A
A16: 自動二線 (ET-600) | B16: =VLOOKUP(D16,廠價表!$C$1:$E$43,2,0) -> #N/A | F16: =VLOOKUP(D16,廠價表!$C$1:$E$43,3,0) -> #N/A | G16: 2263 | H16: =F16*G16 -> #N/A | J16: =VLOOKUP(D16,產線配置圖!$A$3:$C$40,2,0) -> #N/A | K16: =VLOOKUP(D16,產線配置圖!$A$3:$C$40,3,0) -> #N/A | L16: =K16/J16 -> #N/A | M16: 13 | N16: =G16/W16*60 -> 2225.9016 | O16: =N16/M16 -> 171.2232 | P16: =M16-J16 -> #N/A | Q16: =O16-L16 -> #N/A | R16: =O16/L16 -> #N/A | S16: =R26 -> #N/A | T16: 0.29097222 | U16: 0.33333333 | W16: =(U16-T16)*24*60 -> 61 | AF16: =N16-K16 -> #N/A | AG16: =N16/K16 -> #N/A | AH16: =AG26 -> #N/A
B17: =VLOOKUP(D17,廠價表!$C$1:$E$43,2,0) -> #N/A | F17: =VLOOKUP(D17,廠價表!$C$1:$E$43,3,0) -> #N/A | G17: 1180 | H17: =F17*G17 -> #N/A | J17: =VLOOKUP(D17,產線配置圖!$A$3:$C$40,2,0) -> #N/A | K17: =VLOOKUP(D17,產線配置圖!$A$3:$C$40,3,0) -> #N/A | L17: =K17/J17 -> #N/A | M17: 13 | N17: =G17/W17*60 -> 823.25581 | O17: =N17/M17 -> 63.32737 | P17: =M17-J17 -> #N/A | Q17: =O17-L17 -> #N/A | R17: =O17/L17 -> #N/A | T17: 0.34166667 | U17: 0.40138889 | V17: =(T17-U16)*24*60 -> 12 | W17: =(U17-T17)*24*60 -> 86 | AF17: =N17-K17 -> #N/A | AG17: =N17/K17 -> #N/A
B18: =VLOOKUP(D18,廠價表!$C$1:$E$43,2,0) -> #N/A | F18: =VLOOKUP(D18,廠價表!$C$1:$E$43,3,0) -> #N/A | G18: 3398 | H18: =F18*G18 -> #N/A | J18: =VLOOKUP(D18,產線配置圖!$A$3:$C$40,2,0) -> #N/A | K18: =VLOOKUP(D18,產線配置圖!$A$3:$C$40,3,0) -> #N/A | L18: =K18/J18 -> #N/A | M18: 12 | N18: =G18/W18*60 -> 1941.7143 | O18: =N18/M18 -> 161.80952 | P18: =M18-J18 -> #N/A | Q18: =O18-L18 -> #N/A | R18: =O18/L18 -> #N/A | T18: 0.40972222 | U18: 0.48263889 | V18: =(T18-U17)*24*60 -> 12 | W18: =(U18-T18)*24*60 -> 105 | X18: 0.48611111 | Y18: 0.52777778 | AF18: =N18-K18 -> #N/A | AG18: =N18/K18 -> #N/A
V19: =(T19-U18)*24*60 -> -695 | W19: =(U19-T19)*24*60 -> 0 | AF19: =N19-K19 -> 0 | AG19: =N19/K19 -> #DIV/0!
V20: =(T20-U19)*24*60 -> 0 | W20: =(U20-T20)*24*60 -> 0
W21: =(U21-T21)*24*60 -> 0
W22: 0
W23: =(U23-T23)*24*60 -> 0
H24: =F24*G24 -> 0 | W24: =(U24-T24)*24*60 -> 0
H25: =F25*G25 -> 0 | W25: =(U25-T25)*24*60 -> 0
C26: 4度二組A | D26: 平均 | J26: =AVERAGE(J16:J25) -> #N/A | K26: =AVERAGE(K16:K25) -> #N/A | L26: =AVERAGE(L16:L25) -> #N/A | M26: =AVERAGE(M16:M25) -> 12.666667 | N26: =AVERAGE(N16:N25) -> 1663.6239 | O26: =AVERAGE(O16:O25) -> 132.12003 | P26: =M26-J26 -> #N/A | Q26: =O26-L26 -> #N/A | R26: =O26/L26 -> #N/A | Z26: =SUM(Z16:Z25) -> 0 | AA26: =SUM(AA16:AA25) -> 0 | AD26: =SUM(AD16:AD25) -> 0 | AE26: =SUM(AE16:AE25) -> 0 | AF26: =N26-K26 -> #N/A | AG26: =N26/K26 -> #N/A
A27: 手工三線 (ET-55) | B27: =VLOOKUP(D27,廠價表!$C$1:$E$43,2,0) -> #N/A | F27: =VLOOKUP(D27,廠價表!$C$1:$E$43,3,0) -> #N/A | G27: 2263 | H27: =F27*G27 -> #N/A | J27: =VLOOKUP(D27,產線配置圖!$A$3:$C$40,2,0) -> #N/A | K27: =VLOOKUP(D27,產線配置圖!$A$3:$C$40,3,0) -> #N/A | L27: =K27/J27 -> #N/A | M27: 14 | N27: =G27/W27*60 -> 1212.3214 | O27: =N27/M27 -> 86.594388 | P27: =M27-J27 -> #N/A | Q27: =O27-L27 -> #N/A | R27: =O27/L27 -> #N/A | S27: =R37 -> #N/A | T27: 0.29166667 | U27: 0.36944444 | W27: =(U27-T27)*24*60 -> 112 | AF27: =N27-K27 -> #N/A | AG27: =N27/K27 -> #N/A | AH27: =AG37 -> #N/A
B28: =VLOOKUP(D28,廠價表!$C$1:$E$43,2,0) -> #N/A | F28: =VLOOKUP(D28,廠價表!$C$1:$E$43,3,0) -> #N/A | G28: 1180 | H28: =F28*G28 -> #N/A | J28: =VLOOKUP(D28,產線配置圖!$A$3:$C$40,2,0) -> #N/A | K28: =VLOOKUP(D28,產線配置圖!$A$3:$C$40,3,0) -> #N/A | L28: =K28/J28 -> #N/A | M28: 16 | N28: =G28/W28*60 -> 1089.2308 | O28: =N28/M28 -> 68.076923 | P28: =M28-J28 -> #N/A | Q28: =O28-L28 -> #N/A | R28: =O28/L28 -> #N/A | T28: 0.375 | U28: 0.42013889 | V28: =(T28-U27)*24*60 -> 8 | W28: =(U28-T28)*24*60 -> 65 | AF28: =N28-K28 -> #N/A | AG28: =N28/K28 -> #N/A
B29: =VLOOKUP(D29,廠價表!$C$1:$E$43,2,0) -> #N/A | F29: =VLOOKUP(D29,廠價表!$C$1:$E$43,3,0) -> #N/A | G29: 3398 | H29: =F29*G29 -> #N/A | J29: =VLOOKUP(D29,產線配置圖!$A$3:$C$40,2,0) -> #N/A | K29: =VLOOKUP(D29,產線配置圖!$A$3:$C$40,3,0) -> #N/A | L29: =K29/J29 -> #N/A | M29: 14 | N29: =G29/W29*60 -> 3136.6154 | O29: =N29/M29 -> 224.04396 | P29: =M29-J29 -> #N/A | Q29: =O29-L29 -> #N/A | R29: =O29/L29 -> #N/A | T29: 0.43055556 | U29: 0.47569444 | V29: =(T29-U28)*24*60 -> 15 | W29: =(U29-T29)*24*60 -> 65 | AF29: =N29-K29 -> #N/A | AG29: =N29/K29 -> #N/A
T30: 0.53958333 | U30: 0.56944444 | V30: =(T30-U29)*24*60 -> 92 | W30: =(U30-T30)*24*60 -> 43 | X30: 0.49652778 | Y30: 0.53819444 | AF30: =N30-K30 -> 0 | AG30: =N30/K30 -> #DIV/0!
W31: =(U31-T31)*24*60 -> 0 | AF31: =N31-K31 -> 0 | AG31: =N31/K31 -> #DIV/0!
W32: =(U32-T32)*24*60 -> 0
W33: =(U33-T33)*24*60 -> 0
W34: =(U34-T34)*24*60 -> 0
W35: =(U35-T35)*24*60 -> 0
H36: =F36*G36 -> 0 | W36: =(U36-T36)*24*60 -> 0
C37: 4度二組B | D37: 平均 | J37: =AVERAGE(J27:J36) -> #N/A | K37: =AVERAGE(K27:K36) -> #N/A | L37: =AVERAGE(L27:L36) -> #N/A | M37: =AVERAGE(M27:M36) -> 14.666667 | N37: =AVERAGE(N27:N36) -> 1812.7225 | O37: =AVERAGE(O27:O36) -> 126.23842 | P37: =M37-J37 -> #N/A | Q37: =N37-K37 -> #N/A | R37: =O37/L37 -> #N/A | Z37: =SUM(Z27:Z36) -> 0 | AA37: =SUM(AA27:AA36) -> 0 | AD37: =SUM(AD27:AD36) -> 0 | AE37: =SUM(AE27:AE36) -> 0 | AF37: =N37-K37 -> #N/A | AG37: =N37/K37 -> #N/A
A38: 手工四線 (ET-55) | B38: =VLOOKUP(D38,廠價表!$C$1:$E$43,2,0) -> #N/A | F38: =VLOOKUP(D38,廠價表!$C$1:$E$43,3,0) -> #N/A | G38: 2263 | H38: =F38*G38 -> #N/A | J38: =VLOOKUP(D38,產線配置圖!$A$3:$C$40,2,0) -> #N/A | K38: =VLOOKUP(D38,產線配置圖!$A$3:$C$40,3,0) -> #N/A | L38: =K38/J38 -> #N/A | M38: 14 | N38: =G38/W38*60 -> 1967.8261 | O38: =N38/M38 -> 140.55901 | P38: =M38-J38 -> #N/A | Q38: =O38-L38 -> #N/A | R38: =O38/L38 -> #N/A | S38: =R48 -> #N/A | T38: 0.33333333 | U38: 0.38125 | W38: =(U38-T38)*24*60 -> 69 | AF38: =N38-K38 -> #N/A | AG38: =N38/K38 -> #N/A | AH38: =AG48 -> #N/A
B39: =VLOOKUP(D39,廠價表!$C$1:$E$43,2,0) -> #N/A | F39: =VLOOKUP(D39,廠價表!$C$1:$E$43,3,0) -> #N/A | G39: 1180 | H39: =F39*G39 -> #N/A | J39: =VLOOKUP(D39,產線配置圖!$A$3:$C$40,2,0) -> #N/A | K39: =VLOOKUP(D39,產線配置圖!$A$3:$C$40,3,0) -> #N/A | L39: =K39/J39 -> #N/A | M39: 14 | N39: =G39/W39*60 -> 885 | O39: =N39/M39 -> 63.214286 | P39: =M39-J39 -> #N/A | Q39: =O39-L39 -> #N/A | R39: =O39/L39 -> #N/A | T39: 0.38888889 | U39: 0.44444444 | V39: =(T39-U38)*24*60 -> 11 | W39: =(U39-T39)*24*60 -> 80 | AF39: =N39-K39 -> #N/A | AG39: =N39/K39 -> #N/A
B40: =VLOOKUP(D40,廠價表!$C$1:$E$43,2,0) -> #N/A | F40: =VLOOKUP(D40,廠價表!$C$1:$E$43,3,0) -> #N/A | G40: 3398 | H40: =F40*G40 -> #N/A | J40: =VLOOKUP(D40,產線配置圖!$A$3:$C$40,2,0) -> #N/A | K40: =VLOOKUP(D40,產線配置圖!$A$3:$C$40,3,0) -> #N/A | L40: =K40/J40 -> #N/A | M40: 14 | N40: =G40/W40*60 -> 1853.4545 | O40: =N40/M40 -> 132.38961 | P40: =M40-J40 -> #N/A | Q40: =O40-L40 -> #N/A | R40: =O40/L40 -> #N/A | T40: 0.52777778 | U40: 0.60416667 | V40: =(T40-U39)*24*60 -> 120 | W40: =(U40-T40)*24*60 -> 110 | AF40: =N40-K40 -> #N/A | AG40: =N40/K40 -> #N/A
W41: =(U41-T41)*24*60 -> 0 | AF41: =N41-K41 -> 0 | AG41: =N41/K41 -> #DIV/0!
W42: =(U42-T42)*24*60 -> 0
W43: =(U43-T43)*24*60 -> 0
W44: =(U44-T44)*24*60 -> 0
W45: =(U45-T45)*24*60 -> 0
W46: =(U46-T46)*24*60 -> 0
H47: =F47*G47 -> 0 | W47: =(U47-T47)*24*60 -> 0
C48: 4度二組C1 | D48: 平均 | J48: =AVERAGE(J38:J47) -> #N/A | K48: =AVERAGE(K38:K47) -> #N/A | L48: =AVERAGE(L38:L47) -> #N/A | M48: =AVERAGE(M38:M47) -> 14 | N48: =AVERAGE(N38:N47) -> 1568.7602 | O48: =AVERAGE(O38:O47) -> 112.0543 | P48: =M48-J48 -> #N/A | Q48: =N48-K48 -> #N/A | R48: =O48/L48 -> #N/A | W48: =(U48-T48)*24*60 -> 0 | Z48: =SUM(Z38:Z47) -> 0 | AA48: =SUM(AA38:AA47) -> 0 | AD48: =SUM(AD38:AD47) -> 0 | AE48: =SUM(AE38:AE47) -> 0 | AF48: =N48-K48 -> #N/A | AG48: =N48/K48 -> #N/A
A49: 手工五線 (ET-55) | B49: =VLOOKUP(D49,廠價表!$C$1:$E$43,2,0) -> #N/A | F49: =VLOOKUP(D49,廠價表!$C$1:$E$43,3,0) -> #N/A | G49: 2263 | H49: =F49*G49 -> #N/A | J49: =VLOOKUP(D49,產線配置圖!$A$3:$C$40,2,0) -> #N/A | K49: =VLOOKUP(D49,產線配置圖!$A$3:$C$40,3,0) -> #N/A | L49: =K49/J49 -> #N/A | M49: 18 | N49: =G49/W49*60 -> 1996.7647 | O49: =N49/M49 -> 110.93137 | P49: =M49-J49 -> #N/A | Q49: =O49-L49 -> #N/A | R49: =O49/L49 -> #N/A | S49: =R58 -> #N/A | T49: 0.29166667 | U49: 0.33888889 | W49: =(U49-T49)*24*60 -> 68 | AF49: =N49-K49 -> #N/A | AG49: =N49/K49 -> #N/A | AH49: =AG58 -> #N/A
B50: =VLOOKUP(D50,廠價表!$C$1:$E$43,2,0) -> #N/A | F50: =VLOOKUP(D50,廠價表!$C$1:$E$43,3,0) -> #N/A | G50: 1180 | H50: =F50*G50 -> #N/A | J50: =VLOOKUP(D50,產線配置圖!$A$3:$C$40,2,0) -> #N/A | K50: =VLOOKUP(D50,產線配置圖!$A$3:$C$40,3,0) -> #N/A | L50: =K50/J50 -> #N/A | M50: 18 | N50: =G50/W50*60 -> 997.1831 | O50: =N50/M50 -> 55.399061 | P50: =M50-J50 -> #N/A | Q50: =O50-L50 -> #N/A | R50: =O50/L50 -> #N/A | T50: 0.34513889 | U50: 0.39444444 | V50: =(T50-U49)*24*60 -> 9 | W50: =(U50-T50)*24*60 -> 71 | AF50: =N50-K50 -> #N/A | AG50: =N50/K50 -> #N/A
B51: =VLOOKUP(D51,廠價表!$C$1:$E$43,2,0) -> #N/A | F51: =VLOOKUP(D51,廠價表!$C$1:$E$43,3,0) -> #N/A | G51: 3398 | H51: =F51*G51 -> #N/A | J51: =VLOOKUP(D51,產線配置圖!$A$3:$C$40,2,0) -> #N/A | K51: =VLOOKUP(D51,產線配置圖!$A$3:$C$40,3,0) -> #N/A | L51: =K51/J51 -> #N/A | M51: 17 | N51: =G51/W51*60 -> 2398.5882 | O51: =N51/M51 -> 141.09343 | P51: =M51-J51 -> #N/A | Q51: =O51-L51 -> #N/A | R51: =O51/L51 -> #N/A | T51: 0.40138889 | U51: 0.46041667 | V51: =(T51-U50)*24*60 -> 10 | W51: =(U51-T51)*24*60 -> 85 | AF51: =N51-K51 -> #N/A | AG51: =N51/K51 -> #N/A
T52: 0.52986111 | U52: 0.58333333 | V52: =(T52-U51)*24*60 -> 100 | W52: =(U52-T52)*24*60 -> 77 | X52: 0.47916667 | Y52: 0.52083333 | AF52: =N52-K52 -> 0 | AG52: =N52/K52 -> #DIV/0!
W53: =(U53-T53)*24*60 -> 0 | AF53: =N53-K53 -> 0 | AG53: =N53/K53 -> #DIV/0!
W54: =(U54-T54)*24*60 -> 0
W55: =(U55-T55)*24*60 -> 0
W56: =(U56-T56)*24*60 -> 0
W57: =(U57-T57)*24*60 -> 0
C58: 4度二組C2 | D58: 平均 | J58: =AVERAGE(J49:J57) -> #N/A | K58: =AVERAGE(K49:K57) -> #N/A | L58: =AVERAGE(L49:L57) -> #N/A | M58: =AVERAGE(M49:M57) -> 17.666667 | N58: =AVERAGE(N49:N57) -> 1797.512 | O58: =AVERAGE(O49:O57) -> 102.47462 | P58: =M58-J58 -> #N/A | Q58: =N58-K58 -> #N/A | R58: =O58/L58 -> #N/A | Z58: =SUM(Z49:Z57) -> 0 | AA58: =SUM(AA49:AA57) -> 0 | AD58: =SUM(AD49:AD57) -> 0 | AE58: =SUM(AE49:AE57) -> 0 | AF58: =N58-K58 -> #N/A | AG58: =N58/K58 -> #N/A
A59: 調理包一線 (八爪機) | B59: =VLOOKUP(D59,廠價表!$C$1:$E$43,2,0) -> #N/A | F59: =VLOOKUP(D59,廠價表!$C$1:$E$43,3,0) -> #N/A | G59: 2263 | H59: =F59*G59 -> #N/A | J59: =VLOOKUP(D59,產線配置圖!$A$3:$C$40,2,0) -> #N/A | K59: =VLOOKUP(D59,產線配置圖!$A$3:$C$40,3,0) -> #N/A | L59: =K59/J59 -> #N/A | M59: 13 | N59: =G59/W59*60 -> 1131.5 | O59: =N59/M59 -> 87.038462 | P59: =M59-J59 -> #N/A | Q59: =O59-L59 -> #N/A | R59: =O59/L59 -> #N/A | S59: =R69 -> #N/A | T59: 0.29166667 | U59: 0.375 | W59: =(U59-T59)*24*60 -> 120 | AF59: =N59-K59 -> #N/A | AG59: =N59/K59 -> #N/A | AH59: =AG69 -> #N/A
B60: =VLOOKUP(D60,廠價表!$C$1:$E$43,2,0) -> #N/A | F60: =VLOOKUP(D60,廠價表!$C$1:$E$43,3,0) -> #N/A | G60: 1180 | H60: =F60*G60 -> #N/A | J60: =VLOOKUP(D60,產線配置圖!$A$3:$C$40,2,0) -> #N/A | K60: =VLOOKUP(D60,產線配置圖!$A$3:$C$40,3,0) -> #N/A | L60: =K60/J60 -> #N/A | M60: 12 | N60: =G60/W60*60 -> 2360 | O60: =N60/M60 -> 196.66667 | P60: =M60-J60 -> #N/A | Q60: =O60-L60 -> #N/A | R60: =O60/L60 -> #N/A | T60: 0.38541667 | U60: 0.40625 | V60: =(T60-U59)*24*60 -> 15 | W60: =(U60-T60)*24*60 -> 30 | AF60: =N60-K60 -> #N/A | AG60: =N60/K60 -> #N/A
B61: =VLOOKUP(D61,廠價表!$C$1:$E$43,2,0) -> #N/A | F61: =VLOOKUP(D61,廠價表!$C$1:$E$43,3,0) -> #N/A | G61: 3398 | H61: =F61*G61 -> #N/A | J61: =VLOOKUP(D61,產線配置圖!$A$3:$C$40,2,0) -> #N/A | K61: =VLOOKUP(D61,產線配置圖!$A$3:$C$40,3,0) -> #N/A | L61: =K61/J61 -> #N/A | M61: 12 | N61: =G61/W61*60 -> 2192.2581 | O61: =N61/M61 -> 182.68817 | P61: =M61-J61 -> #N/A | Q61: =O61-L61 -> #N/A | R61: =O61/L61 -> #N/A | T61: 0.42361111 | U61: 0.48819444 | V61: =(T61-U60)*24*60 -> 25 | W61: =(U61-T61)*24*60 -> 93 | AF61: =N61-K61 -> #N/A | AG61: =N61/K61 -> #N/A
W62: =(U62-T62)*24*60 -> 0 | X62: 0.50347222 | Y62: 0.54513889 | AF62: =N62-K62 -> 0 | AG62: =N62/K62 -> #DIV/0!
W63: =(U63-T63)*24*60 -> 0
W64: =(U64-T64)*24*60 -> 0
W65: =(U65-T65)*24*60 -> 0
W66: =(U66-T66)*24*60 -> 0
W67: =(U67-T67)*24*60 -> 0
H68: =F68*G68 -> 0 | W68: =(U68-T68)*24*60 -> 0
C69: 4度三組 | D69: 平均 | J69: =AVERAGE(J59:J68) -> #N/A | K69: =AVERAGE(K59:K68) -> #N/A | L69: =AVERAGE(L59:L68) -> #N/A | M69: =AVERAGE(M59:M68) -> 12.333333 | N69: =AVERAGE(N59:N68) -> 1894.586 | O69: =AVERAGE(O59:O68) -> 155.46443 | P69: =M69-J69 -> #N/A | Q69: =N69-K69 -> #N/A | R69: =O69/L69 -> #N/A | Z69: =SUM(Z59:Z68) -> 0 | AA69: =SUM(AA59:AA68) -> 0 | AD69: =SUM(AD59:AD68) -> 0 | AE69: =SUM(AE59:AE68) -> 0 | AF69: =N69-K69 -> #N/A | AG69: =N69/K69 -> #N/A
A70: 調理包二線 (手工) | B70: =VLOOKUP(D70,廠價表!$C$1:$E$43,2,0) -> #N/A | F70: =VLOOKUP(D70,廠價表!$C$1:$E$43,3,0) -> #N/A | G70: 2263 | H70: =F70*G70 -> #N/A | J70: =VLOOKUP(D70,產線配置圖!$A$3:$C$40,2,0) -> #N/A | K70: =VLOOKUP(D70,產線配置圖!$A$3:$C$40,3,0) -> #N/A | L70: =K70/J70 -> #N/A | M70: 11 | N70: =G70/W70*60 -> 775.88571 | O70: =N70/M70 -> 70.535065 | P70: =M70-J70 -> #N/A | Q70: =O70-L70 -> #N/A | R70: =O70/L70 -> #N/A | S70: =R79 -> #N/A | T70: 0.34722222 | U70: 0.46875 | W70: =(U70-T70)*24*60 -> 175 | AF70: =N70-K70 -> #N/A | AG70: =N70/K70 -> #N/A | AH70: =AG79 -> #N/A
W71: =(U71-T71)*24*60 -> 0 | AF71: -300.3125 | AG71: 0.80810703
W72: =(U72-T72)*24*60 -> 0 | AF72: -130.33333 | AG72: 0.91671991
W73: =(U73-T73)*24*60 -> 0
W74: =(U74-T74)*24*60 -> 0
H75: =F75*G75 -> 0 | W75: =(U75-T75)*24*60 -> 0
H76: =F76*G76 -> 0 | W76: =(U76-T76)*24*60 -> 0
H77: =F77*G77 -> 0 | W77: =(U77-T77)*24*60 -> 0
H78: =F78*G78 -> 0 | W78: =(U78-T78)*24*60 -> 0
C79: 4度四組 | D79: 平均 | J79: =AVERAGE(J70:J78) -> #N/A | K79: =AVERAGE(K70:K78) -> #N/A | L79: =AVERAGE(L70:L78) -> #N/A | M79: =AVERAGE(M70:M78) -> 11 | N79: =AVERAGE(N70:N78) -> 775.88571 | O79: =AVERAGE(O70:O78) -> 70.535065 | P79: =M79-J79 -> #N/A | Q79: =N79-K79 -> #N/A | R79: =O79/L79 -> #N/A | Z79: =SUM(Z70:Z78) -> 0 | AA79: =SUM(AA70:AA78) -> 0 | AD79: =SUM(AD70:AD78) -> 0 | AE79: =SUM(AE70:AE78) -> 0 | AF79: =N79-K79 -> #N/A | AG79: =N79/K79 -> #N/A
AJ80: 1.當日出勤人數較多
AJ81: 2.當日出勤人數較少
AJ82: 3.當日出勤熟手較少
AJ83: 4.當日出勤新人較多
AJ84: 5.機台夾盒
AJ85: 6.封膜不順
AJ86: 7.更換膠膜
AJ87: 8.更換碳帶
AJ88: 9.當日熱轉印碳帶異常
AJ89: 10.訂單量過少
AJ90: 11.新品上市，尚未熟悉
AJ91: 12.商品結構，產能較低
AJ92: 13.區域出貨，分段生產

Sheet 0701總
B1: 長家廠組合室生產人時性分析
B3: 日期 | D3: 46204 | F3: 訂單量 | G3: ='0701'!E1 -> 64738 | I3: 營業額 | J3: ='0701'!G1 -> 3010182.4
B4: 項目 | D4: 3 | F4: ➀ | H4: ➁ | J4: ③ | L4: 異常停線 | N4: 短暫停線
B5: 人時性 | D5: 組合室 | F5: 全溫層 | H5: 義大利麵 | J5: 袋裝小吃、義麵 | L5: 合計次數 | M5: 時間 | N5: 合計次數 | O5: 設備次數
D6: 排關平均 | F6: =AVERAGE(D13:J13) -> 121.72738 | H6: =AVERAGE(D13:H13) -> 121.15704 | J6: =AVERAGE(I13:J13) -> 123.15322 | L6: =SUM(D18:J18) -> 1 | M6: =SUM(D19:J19) -> 9 | N6: =SUM(D20:J20) -> 1 | O6: =SUM(D20:J20) -> 1
D7: 實績平均 | F7: =AVERAGE(D14:J14) -> 108.40728 | H7: =AVERAGE(D14:H14) -> 106.54982 | J7: =AVERAGE(I14:J14) -> 113.05094 | L7: =AVERAGE(K14:L14) -> #DIV/0! | M7: =AVERAGE(L14:M14) -> #DIV/0! | N7: =AVERAGE(M14:N14) -> #DIV/0! | O7: =AVERAGE(N14:O14) -> #DIV/0!
D8: 達成率平均 | F8: =F7/F6 -> 0.89057439 | H8: =H7/H6 -> 0.87943568 | J8: =J7/J6 -> 0.9179698 | L8: =AVERAGE(K15:L15) -> #DIV/0! | M8: =AVERAGE(L15:M15) -> #DIV/0! | N8: =AVERAGE(M15:N15) -> #DIV/0! | O8: =AVERAGE(N15:O15) -> #DIV/0!
J9: ※現行日本鮮食廠以達成率80%為基本(即為現行KPI)
B10: 溫層 | D10: 4度C-各編組展開
B11: 編組 | D11: 1 | E11: 2 | F11: 3 | G11: 4 | H11: 5 | I11: 6 | J11: 7
D12: 自動1線 | E12: 自動2線 | F12: 手工3線 | G12: 手工4線 | H12: 手工5線 | I12: 調理包1線 | J12: 調理包2線
B13: 人時性 | C13: 排關 | D13: =VALUE('0701'!L15) -> 150 | E13: =VALUE('0701'!L26) -> 158.32256 | F13: =VALUE('0701'!L37) -> 88.57598 | G13: =VALUE('0701'!L48) -> 104.21607 | H13: =VALUE('0701'!L58) -> 104.67059 | I13: =VALUE('0701'!L69) -> 138.81212 | J13: ='0701'!L79 -> 107.49432
C14: 實績 | D14: =VALUE('0701'!O15) -> 132.90076 | E14: =VALUE('0701'!O26) -> 133.8214 | F14: =VALUE('0701'!O37) -> 84.392772 | G14: =VALUE('0701'!O48) -> 85.224943 | H14: =VALUE('0701'!O58) -> 96.409242 | I14: =VALUE('0701'!O69) -> 133.72964 | J14: ='0701'!O79 -> 92.372238
C15: 達成率 | D15: =D14/D13 -> 0.88600506 | E15: =E14/E13 -> 0.84524531 | F15: =F14/F13 -> 0.95277266 | G15: =G14/G13 -> 0.81777162 | H15: =H14/H13 -> 0.9210729 | I15: =I14/I13 -> 0.96338587 | J15: ='0701'!S70 -> 0.85932205
B16: 作業 時間 | C16: 開始 | D16: ='0701'!T5 -> 0.30486111 | E16: ='0701'!T16 -> 0.29166667 | F16: ='0701'!T27 -> 0.29166667 | G16: ='0701'!T38 -> 0.33333333 | H16: ='0701'!T49 -> 0.29097222 | I16: ='0701'!T59 -> 0.29166667 | J16: ='0701'!T70 -> 0.22430556
C17: 結束 | D17: 0.61111111 | E17: 0.61875 | F17: 0.59375 | G17: 0.67916667 | H17: 0.63055556 | I17: 0.60416667 | J17: 0.67708333
B18: 產線異常 (5分鐘以上) | C18: 次數 | D18: ='0701'!Z15 -> 0 | E18: ='0701'!Z26 -> 1 | F18: ='0701'!Z37 -> 0 | G18: ='0701'!Z48 -> 0 | H18: ='0701'!Z58 -> 0 | I18: ='0701'!Z69 -> 0 | J18: ='0701'!AA79 -> 0
C19: 時間/分 | D19: ='0701'!AA15 -> 0 | E19: ='0701'!AA26 -> 9 | F19: ='0701'!AA37 -> 0 | G19: ='0701'!AA48 -> 0 | H19: ='0701'!AA58 -> 0 | I19: ='0701'!AA69 -> 0 | J19: ='0701'!AB79 -> 0
B20: 短暫停線 (5分鐘以下) | C20: 次數 | D20: ='0701'!AD15 -> 1 | E20: ='0701'!AD26 -> 0 | F20: ='0701'!AD37 -> 0 | G20: ='0701'!AD48 -> 0 | H20: ='0701'!AD58 -> 0 | I20: ='0701'!AD69 -> 0 | J20: ='0701'!AD79 -> 0
C21: 設備次數 | D21: ='0701'!AE15 -> 1 | E21: ='0701'!AE26 -> 0 | F21: ='0701'!AE37 -> 0 | G21: ='0701'!AE48 -> 0 | H21: ='0701'!AE58 -> 0 | I21: ='0701'!AE69 -> 0 | J21: ='0701'!AE79 -> 0
B22: 配置人數 | D22: =VALUE('0701'!M15) -> 15 | E22: =VALUE('0701'!M26) -> 14.333333 | F22: =VALUE('0701'!M37) -> 17 | G22: =VALUE('0701'!M48) -> 16.6 | H22: =VALUE('0701'!M58) -> 16.6 | I22: =VALUE('0701'!M69) -> 11.75 | J22: ='0701'!M79 -> 14
B23: 主要應用設備 | D23: ET-600 | E23: ET-600 | F23: ET-55 | G23: ET-55 | H23: ET-55 | I23: 八爪機 | J23: 八爪機
B24: 次要應用設備 | H24: 封口機 | J24: 封口機
B25: 備註

Sheet 0701
A1: 長家廠4度C日報分析 | D1: 總生產量 | E1: =SUM(G5:G79) -> 64738 | F1: 營業額 | G1: =SUM(H5:H79) -> 3010182.4 | H1: 出勤人數 | I1: =M15+M26+M48+M58+M69+M79+M37 -> 105.28333 | J1: 產線配置圖 | M1: 生產實績 | P1: 人時性差異分析 | T1: 日報登錄 | Z1: 合計 次數 | AA1: 合計 時間/分 | AB1: 分析說明 | AD1: 合計 次數 | AE1: 合計 設備次數 | AF1: 產能差異分析
A2: 07月01日 星期三 | D2: 人時性 | E2: =AVERAGE(O15,O26,O37,O48,O58,O69,O79) -> 108.40728 | F2: 平均廠價 | G2: =G1/E1 -> 46.497921 | H2: 多次生產數 | I2: =COUNT(I5:I79) -> 0 | Z2: =Z15+Z26+Z37+Z48+Z58+Z69+Z79 -> 1 | AA2: =AA15+AA26+AA37+AA48+AA58+AA69+AA79 -> 9 | AD2: =AD15+AD26+AD37+AD48+AD58+AD69+AD79 -> 1 | AE2: =AE15+AE26+AE37+AE48+AE58+AE69+AE79 -> 1
A3: 線別 | B3: 品類 | D3: 46204 | F3: 廠價 | G3: 生產量 | H3: 營收 | I3: 多次 生產 | J3: 人數 | K3: 產能/時 | L3: 人時性 | M3: 人數 | N3: 產能/時 | O3: 人時性 | P3: 人數 | Q3: 人時性 | R3: 達成率 | S3: 達成率平均 | T3: 生產時間 | V3: 前置、換線時間/分 | W3: 稼動時間/分 | X3: 休息時間 | Z3: 產線異常統計 (5分鐘以上) | AD3: 短暫停線統計 (5分鐘以下) | AF3: 產能/時 | AG3: 達成率 | AH3: 達成率平均
T4: 開始 | U4: 結束 | X4: 開始 | Y4: 結束 | Z4: 次數 | AA4: 時間/分 | AD4: 總次數 | AE4: 設備因素(次數)
A5: 自動一線 (ET-600) | B5: 義大利麵 | D5: 白酒清炒鮮蛤義大利麵 | F5: =VLOOKUP(D5,廠價表!$C$1:$E$43,3,0) -> 56.87 | G5: 2856 | H5: =F5*G5 -> 162420.72 | J5: =VLOOKUP(D5,產線配置圖!$A$3:$C$40,2,0) -> 15 | K5: =VLOOKUP(D5,產線配置圖!$A$3:$C$40,3,0) -> 2250 | L5: =K5/J5 -> 150 | M5: 15 | N5: =G5/W5*60 -> 2089.7561 | O5: =N5/M5 -> 139.31707 | P5: =M5-J5 -> 0 | Q5: =O5-L5 -> -10.682927 | R5: =O5/L5 -> 0.92878049 | S5: =R15 -> 0.88600506 | T5: 0.30486111 | U5: 0.36180556 | W5: =(U5-T5)*24*60 -> 82 | AB5: 7:00-7:16更換熱轉印印字頭 | AF5: =N5-K5 -> -160.2439 | AG5: =N5/K5 -> 0.92878049 | AH5: =AG15 -> 0.88600506
B6: 義大利麵 | D6: 香煎魚排佐檸檬奶油義大利麵 | F6: =VLOOKUP(D6,廠價表!$C$1:$E$43,3,0) -> 58.17 | G6: 2363 | H6: =F6*G6 -> 137455.71 | J6: =VLOOKUP(D6,產線配置圖!$A$3:$C$40,2,0) -> 15 | K6: =VLOOKUP(D6,產線配置圖!$A$3:$C$40,3,0) -> 2250 | L6: =K6/J6 -> 150 | M6: 15 | N6: =G6/W6*60 -> 1794.6835 | O6: =N6/M6 -> 119.64557 | P6: =M6-J6 -> 0 | Q6: =O6-L6 -> -30.35443 | R6: =O6/L6 -> 0.79763713 | T6: 0.36875 | U6: 0.42361111 | V6: =(T6-U5)*24*60 -> 10 | W6: =(U6-T6)*24*60 -> 79 | AB6: 9:22-9:26玉取機停麵 | AD6: 1 | AE6: 1 | AF6: =N6-K6 -> -455.31646 | AG6: =N6/K6 -> 0.79763713
B7: 義大利麵 | D7: 奶油培根義大利麵 | F7: =VLOOKUP(D7,廠價表!$C$1:$E$43,3,0) -> 49.14 | G7: 2355 | H7: =F7*G7 -> 115724.7 | J7: =VLOOKUP(D7,產線配置圖!$A$3:$C$40,2,0) -> 15 | K7: =VLOOKUP(D7,產線配置圖!$A$3:$C$40,3,0) -> 2250 | L7: =K7/J7 -> 150 | M7: 15 | N7: =G7/W7*60 -> 2018.5714 | O7: =N7/M7 -> 134.57143 | P7: =M7-J7 -> 0 | Q7: =O7-L7 -> -15.428571 | R7: =O7/L7 -> 0.89714286 | T7: 0.43055556 | U7: 0.47916667 | V7: =(T7-U6)*24*60 -> 10 | W7: =(U7-T7)*24*60 -> 70 | AF7: =N7-K7 -> -231.42857 | AG7: =N7/K7 -> 0.89714286
B8: 義大利麵 | D8: 奶油培根義大利麵 | F8: =VLOOKUP(D8,廠價表!$C$1:$E$43,3,0) -> 49.14 | G8: 3003 | H8: =F8*G8 -> 147567.42 | J8: =VLOOKUP(D8,產線配置圖!$A$3:$C$40,2,0) -> 15 | K8: =VLOOKUP(D8,產線配置圖!$A$3:$C$40,3,0) -> 2250 | L8: =K8/J8 -> 150 | M8: 15 | N8: =G8/W8*60 -> 2071.0345 | O8: =N8/M8 -> 138.06897 | P8: =M8-J8 -> 0 | Q8: =O8-L8 -> -11.931034 | R8: =O8/L8 -> 0.92045977 | T8: 0.55069444 | U8: 0.61111111 | V8: =(T8-U7)*24*60 -> 103 | W8: =(U8-T8)*24*60 -> 87 | X8: 0.48611111 | Y8: 0.52777778 | AF8: =N8-K8 -> -178.96552 | AG8: =N8/K8 -> 0.92045977
W9: =(U9-T9)*24*60 -> 0 | AF9: =N9-K9 -> 0 | AG9: =N9/K9 -> #DIV/0!
W10: =(U10-T10)*24*60 -> 0 | AF10: =N10-K10 -> 0 | AG10: =N10/K10 -> #DIV/0!
W11: =(U11-T11)*24*60 -> 0 | AF11: =N11-K11 -> 0 | AG11: =N11/K11 -> #DIV/0!
W12: =(U12-T12)*24*60 -> 0
W13: =(U13-T13)*24*60 -> 0
W14: =(U14-T14)*24*60 -> 0
C15: 4度一組 | D15: 平均 | J15: =AVERAGE(J5:J14) -> 15 | K15: =AVERAGE(K5:K14) -> 2250 | L15: =AVERAGE(L5:L14) -> 150 | M15: =AVERAGE(M5:M14) -> 15 | N15: =AVERAGE(N5:N14) -> 1993.5114 | O15: =AVERAGE(O5:O14) -> 132.90076 | P15: =M15-J15 -> 0 | Q15: =O15-L15 -> -17.099241 | R15: =O15/L15 -> 0.88600506 | Z15: =SUM(Z5:Z14) -> 0 | AA15: =SUM(AA5:AA14) -> 0 | AD15: =SUM(AD5:AD14) -> 1 | AE15: =SUM(AE5:AE14) -> 1 | AF15: =N15-K15 -> -256.48861 | AG15: =N15/K15 -> 0.88600506
A16: 自動二線 (ET-600) | B16: 義大利麵 | D16: 青醬蛤蜊義大利麵 | F16: =VLOOKUP(D16,廠價表!$C$1:$E$43,3,0) -> 50.67 | G16: 2146 | H16: =F16*G16 -> 108737.82 | J16: =VLOOKUP(D16,產線配置圖!$A$3:$C$40,2,0) -> 14 | K16: =VLOOKUP(D16,產線配置圖!$A$3:$C$40,3,0) -> 2250 | L16: =K16/J16 -> 160.71429 | M16: 14 | N16: =G16/W16*60 -> 2043.8095 | O16: =N16/M16 -> 145.98639 | P16: =M16-J16 -> 0 | Q16: =O16-L16 -> -14.727891 | R16: =O16/L16 -> 0.90835979 | S16: =R26 -> 0.84524531 | T16: 0.29166667 | U16: 0.33541667 | W16: =(U16-T16)*24*60 -> 63 | AF16: =N16-K16 -> -206.19048 | AG16: =N16/K16 -> 0.90835979 | AH16: =AG26 -> 0.84267829
B17: 義大利麵 | D17: 蒜香奶油蝦蝦義大利麵 | F17: =VLOOKUP(D17,廠價表!$C$1:$E$43,3,0) -> 57.21 | G17: 1666 | H17: =F17*G17 -> 95311.86 | J17: =VLOOKUP(D17,產線配置圖!$A$3:$C$40,2,0) -> 17 | K17: =VLOOKUP(D17,產線配置圖!$A$3:$C$40,3,0) -> 2250 | L17: =K17/J17 -> 132.35294 | M17: 17 | N17: =G17/W17*60 -> 1922.3077 | O17: =N17/M17 -> 113.07692 | P17: =M17-J17 -> 0 | Q17: =O17-L17 -> -19.276018 | R17: =O17/L17 -> 0.85435897 | T17: 0.34375 | U17: 0.37986111 | V17: =(T17-U16)*24*60 -> 12 | W17: =(U17-T17)*24*60 -> 52 | AF17: =N17-K17 -> -327.69231 | AG17: =N17/K17 -> 0.85435897
B18: 義大利麵 | D18: 義式辣味嫩烤雞腿排義大利麵 | F18: =VLOOKUP(D18,廠價表!$C$1:$E$43,3,0) -> 56.61 | G18: 948 | H18: =F18*G18 -> 53666.28 | J18: =VLOOKUP(D18,產線配置圖!$A$3:$C$40,2,0) -> 15 | K18: =VLOOKUP(D18,產線配置圖!$A$3:$C$40,3,0) -> 2250 | L18: =K18/J18 -> 150 | M18: 15 | N18: =G18/W18*60 -> 1672.9412 | O18: =N18/M18 -> 111.52941 | P18: =M18-J18 -> 0 | Q18: =O18-L18 -> -38.470588 | R18: =O18/L18 -> 0.74352941 | T18: 0.38819444 | U18: 0.41180556 | V18: =(T18-U17)*24*60 -> 12 | W18: =(U18-T18)*24*60 -> 34 | X18: 0.48611111 | Y18: 0.52777778 | AB18: 9:22-9:26玉取機停麵 | AF18: =N18-K18 -> -577.05882 | AG18: =N18/K18 -> 0.74352941
B19: 義大利麵 | D19: 義式蕃茄起司義大利麵 | F19: =VLOOKUP(D19,廠價表!$C$1:$E$43,3,0) -> 50.39 | G19: 2988 | H19: =F19*G19 -> 150565.32 | J19: =VLOOKUP(D19,產線配置圖!$A$3:$C$40,2,0) -> 13 | K19: =VLOOKUP(D19,產線配置圖!$A$3:$C$40,3,0) -> 2250 | L19: =K19/J19 -> 173.07692 | M19: 13 | N19: =G19/W19*60 -> 2109.1765 | O19: =N19/M19 -> 162.24434 | P19: =M19-J19 -> 0 | Q19: =O19-L19 -> -10.832579 | R19: =O19/L19 -> 0.93741176 | T19: 0.42013889 | U19: 0.47916667 | V19: =(T19-U18)*24*60 -> 12 | W19: =(U19-T19)*24*60 -> 85 | AF19: =N19-K19 -> -140.82353 | AG19: =N19/K19 -> 0.93741176
B20: 義大利麵 | D20: 義式蕃茄起司義大利麵 | F20: =VLOOKUP(D20,廠價表!$C$1:$E$43,3,0) -> 50.39 | G20: 1462 | H20: =F20*G20 -> 73670.18 | J20: =VLOOKUP(D20,產線配置圖!$A$3:$C$40,2,0) -> 13 | K20: =VLOOKUP(D20,產線配置圖!$A$3:$C$40,3,0) -> 2250 | L20: =K20/J20 -> 173.07692 | M20: 13 | N20: =G20/W20*60 -> 1993.6364 | O20: =N20/M20 -> 153.35664 | P20: =M20-J20 -> 0 | Q20: =O20-L20 -> -19.72028 | R20: =O20/L20 -> 0.88606061 | T20: 0.54930556 | U20: 0.57986111 | V20: =(T20-U19)*24*60 -> 101 | W20: =(U20-T20)*24*60 -> 44
B21: 義大利麵 | D21: 青醬蛤蜊義大利麵 | F21: =VLOOKUP(D21,廠價表!$C$1:$E$43,3,0) -> 50.67 | G21: 1144 | H21: =F21*G21 -> 57966.48 | J21: =VLOOKUP(D21,產線配置圖!$A$3:$C$40,2,0) -> 14 | K21: =VLOOKUP(D21,產線配置圖!$A$3:$C$40,3,0) -> 2250 | L21: =K21/J21 -> 160.71429 | M21: 14 | N21: =G21/W21*60 -> 1634.2857 | O21: =N21/M21 -> 116.73469 | P21: =M21-J21 -> 0 | Q21: =O21-L21 -> -43.979592 | R21: =O21/L21 -> 0.72634921 | T21: 0.58958333 | U21: 0.61875 | V21: =(T21-U20)*24*60 -> 14 | W21: =(U21-T21)*24*60 -> 42 | Z21: 1 | AA21: 9 | AB21: 14:42-14:51封口機異常(加工膠帶脫落)
W22: 0
W23: =(U23-T23)*24*60 -> 0
H24: =F24*G24 -> 0 | W24: =(U24-T24)*24*60 -> 0
H25: =F25*G25 -> 0 | W25: =(U25-T25)*24*60 -> 0
C26: 4度二組A | D26: 平均 | J26: =AVERAGE(J16:J25) -> 14.333333 | K26: =AVERAGE(K16:K25) -> 2250 | L26: =AVERAGE(L16:L25) -> 158.32256 | M26: =AVERAGE(M16:M25) -> 14.333333 | N26: =AVERAGE(N16:N25) -> 1896.0262 | O26: =AVERAGE(O16:O25) -> 133.8214 | P26: =M26-J26 -> 0 | Q26: =O26-L26 -> -24.501158 | R26: =O26/L26 -> 0.84524531 | Z26: =SUM(Z16:Z25) -> 1 | AA26: =SUM(AA16:AA25) -> 9 | AD26: =SUM(AD16:AD25) -> 0 | AE26: =SUM(AE16:AE25) -> 0 | AF26: =N26-K26 -> -353.97384 | AG26: =N26/K26 -> 0.84267829
A27: 手工三線 (ET-55) | B27: 義大利麵 | D27: 義式蛋蛋青醬鮪魚冷義大利麵 | F27: =VLOOKUP(D27,廠價表!$C$1:$E$43,3,0) -> 45.66 | G27: 1800 | H27: =F27*G27 -> 82188 | J27: =VLOOKUP(D27,產線配置圖!$A$3:$C$40,2,0) -> 17 | K27: =VLOOKUP(D27,產線配置圖!$A$3:$C$40,3,0) -> 1500 | L27: =K27/J27 -> 88.235294 | M27: 17 | N27: =G27/W27*60 -> 1440 | O27: =N27/M27 -> 84.705882 | P27: =M27-J27 -> 0 | Q27: =O27-L27 -> -3.5294118 | R27: =O27/L27 -> 0.96 | S27: =R37 -> 0.95277266 | T27: 0.29166667 | U27: 0.34375 | W27: =(U27-T27)*24*60 -> 75 | AF27: =N27-K27 -> -60 | AG27: =N27/K27 -> 0.96 | AH27: =AG37 -> 0.92544888
B28: 義大利麵 | D28: 奶油鮮蝦明太子細扁麵 | F28: =VLOOKUP(D28,廠價表!$C$1:$E$43,3,0) -> 57.21 | G28: 2304 | H28: =F28*G28 -> 131811.84 | J28: =VLOOKUP(D28,產線配置圖!$A$3:$C$40,2,0) -> 18 | K28: =VLOOKUP(D28,產線配置圖!$A$3:$C$40,3,0) -> 1636 | L28: =K28/J28 -> 90.888889 | M28: 17 | N28: =G28/W28*60 -> 1486.4516 | O28: =N28/M28 -> 87.43833 | P28: =M28-J28 -> -1 | Q28: =O28-L28 -> -3.4505587 | R28: =O28/L28 -> 0.96203542 | T28: 0.35208333 | U28: 0.41666667 | V28: =(T28-U27)*24*60 -> 12 | W28: =(U28-T28)*24*60 -> 93 | AF28: =N28-K28 -> -149.54839 | AG28: =N28/K28 -> 0.90858901
B29: 義大利麵 | D29: 焦糖拿鐵烤雞細扁麵 | F29: =VLOOKUP(D29,廠價表!$C$1:$E$43,3,0) -> 57.21 | G29: 1592 | H29: =F29*G29 -> 91078.32 | J29: =VLOOKUP(D29,產線配置圖!$A$3:$C$40,2,0) -> 18 | K29: =VLOOKUP(D29,產線配置圖!$A$3:$C$40,3,0) -> 1565 | L29: =K29/J29 -> 86.944444 | M29: 17 | N29: =G29/W29*60 -> 1404.7059 | O29: =N29/M29 -> 82.629758 | P29: =M29-J29 -> -1 | Q29: =O29-L29 -> -4.3146867 | R29: =O29/L29 -> 0.95037421 | T29: 0.42152778 | U29: 0.46875 | V29: =(T29-U28)*24*60 -> 7 | W29: =(U29-T29)*24*60 -> 68 | AF29: =N29-K29 -> -160.29412 | AG29: =N29/K29 -> 0.89757564
B30: 義大利麵 | D30: 義式蛋蛋青醬鮪魚冷義大利麵 | F30: =VLOOKUP(D30,廠價表!$C$1:$E$43,3,0) -> 45.66 | G30: 2299 | H30: =F30*G30 -> 104972.34 | J30: =VLOOKUP(D30,產線配置圖!$A$3:$C$40,2,0) -> 17 | K30: =VLOOKUP(D30,產線配置圖!$A$3:$C$40,3,0) -> 1500 | L30: =K30/J30 -> 88.235294 | M30: 17 | N30: =G30/W30*60 -> 1407.551 | O30: =N30/M30 -> 82.797119 | P30: =M30-J30 -> 0 | Q30: =O30-L30 -> -5.4381753 | R30: =O30/L30 -> 0.93836735 | T30: 0.52569444 | U30: 0.59375 | V30: =(T30-U29)*24*60 -> 82 | W30: =(U30-T30)*24*60 -> 98 | X30: 0.49652778 | Y30: 0.53819444 | AF30: =N30-K30 -> -92.44898 | AG30: =N30/K30 -> 0.93836735
W31: =(U31-T31)*24*60 -> 0 | AF31: =N31-K31 -> 0 | AG31: =N31/K31 -> #DIV/0!
W32: =(U32-T32)*24*60 -> 0
W33: =(U33-T33)*24*60 -> 0
W34: =(U34-T34)*24*60 -> 0
W35: =(U35-T35)*24*60 -> 0
H36: =F36*G36 -> 0 | W36: =(U36-T36)*24*60 -> 0
C37: 4度二組B | D37: 平均 | J37: =AVERAGE(J27:J36) -> 17.5 | K37: =AVERAGE(K27:K36) -> 1550.25 | L37: =AVERAGE(L27:L36) -> 88.57598 | M37: =AVERAGE(M27:M36) -> 17 | N37: =AVERAGE(N27:N36) -> 1434.6771 | O37: =AVERAGE(O27:O36) -> 84.392772 | P37: =M37-J37 -> -0.5 | Q37: =N37-K37 -> -115.57287 | R37: =O37/L37 -> 0.95277266 | Z37: =SUM(Z27:Z36) -> 0 | AA37: =SUM(AA27:AA36) -> 0 | AD37: =SUM(AD27:AD36) -> 0 | AE37: =SUM(AE27:AE36) -> 0 | AF37: =N37-K37 -> -115.57287 | AG37: =N37/K37 -> 0.92544888
A38: 手工四線 (ET-55) | B38: 義大利麵 | D38: 焗烤起司肉醬筆尖麵 | F38: 50.67 | G38: 1160 | H38: =F38*G38 -> 58777.2 | J38: =VLOOKUP(D38,產線配置圖!$A$3:$C$40,2,0) -> 13 | K38: =VLOOKUP(D38,產線配置圖!$A$3:$C$40,3,0) -> 1440 | L38: =K38/J38 -> 110.76923 | M38: 13 | N38: =G38/W38*60 -> 1160 | O38: =N38/M38 -> 89.230769 | P38: =M38-J38 -> 0 | Q38: =O38-L38 -> -21.538462 | R38: =O38/L38 -> 0.80555556 | S38: =R48 -> 0.81777162 | T38: 0.33333333 | U38: 0.375 | W38: =(U38-T38)*24*60 -> 60 | AF38: =N38-K38 -> -280 | AG38: =N38/K38 -> 0.80555556 | AH38: =AG48 -> 0.86567536
B39: 熱乾麵 | D39: 青花椒麻雞肉拌麵 | F39: =VLOOKUP(D39,廠價表!$C$1:$E$43,3,0) -> 49.91 | G39: 1975 | H39: =F39*G39 -> 98572.25 | J39: =VLOOKUP(D39,產線配置圖!$A$3:$C$40,2,0) -> 15 | K39: =VLOOKUP(D39,產線配置圖!$A$3:$C$40,3,0) -> 1714 | L39: =K39/J39 -> 114.26667 | M39: 17 | N39: =G39/W39*60 -> 1538.961 | O39: =N39/M39 -> 90.52712 | P39: =M39-J39 -> 2 | Q39: =O39-L39 -> -23.739547 | R39: =O39/L39 -> 0.79224434 | T39: 0.38055556 | U39: 0.43402778 | V39: =(T39-U38)*24*60 -> 8 | W39: =(U39-T39)*24*60 -> 77 | AB39: 加兩名新人熟悉作業 | AF39: =N39-K39 -> -175.03896 | AG39: =N39/K39 -> 0.89787692
B40: 熱乾麵 | D40: 府城鹽水意麵 | F40: =VLOOKUP(D40,廠價表!$C$1:$E$43,3,0) -> 44.3 | G40: 2286 | H40: =F40*G40 -> 101269.8 | J40: =VLOOKUP(D40,產線配置圖!$A$3:$C$40,2,0) -> 18 | K40: =VLOOKUP(D40,產線配置圖!$A$3:$C$40,3,0) -> 1636 | L40: =K40/J40 -> 90.888889 | M40: 19 | N40: =G40/W40*60 -> 1524 | O40: =N40/M40 -> 80.210526 | P40: =M40-J40 -> 1 | Q40: =O40-L40 -> -10.678363 | R40: =O40/L40 -> 0.8825119 | T40: 0.44097222 | U40: 0.50347222 | V40: =(T40-U39)*24*60 -> 10 | W40: =(U40-T40)*24*60 -> 90 | AB40: 加一名新人熟悉作業 | AF40: =N40-K40 -> -112 | AG40: =N40/K40 -> 0.93154034
B41: 熱乾麵 | D41: 府城鹽水意麵 | F41: =VLOOKUP(D41,廠價表!$C$1:$E$43,3,0) -> 44.3 | G41: 2885 | H41: =F41*G41 -> 127805.5 | J41: =VLOOKUP(D41,產線配置圖!$A$3:$C$40,2,0) -> 18 | K41: =VLOOKUP(D41,產線配置圖!$A$3:$C$40,3,0) -> 1636 | L41: =K41/J41 -> 90.888889 | M41: 19 | N41: =G41/W41*60 -> 1573.6364 | O41: =N41/M41 -> 82.822967 | P41: =M41-J41 -> 1 | Q41: =O41-L41 -> -8.0659224 | R41: =O41/L41 -> 0.91125513 | T41: 0.55902778 | U41: 0.63541667 | V41: =(T41-U40)*24*60 -> 80 | W41: =(U41-T41)*24*60 -> 110 | AB41: 加一名新人熟悉作業 | AF41: =N41-K41 -> -62.363636 | AG41: =N41/K41 -> 0.96188042
B42: 熱乾麵 | D42: 青花椒麻雞肉拌麵 | F42: =VLOOKUP(D42,廠價表!$C$1:$E$43,3,0) -> 49.91 | G42: 1000 | H42: =F42*G42 -> 49910 | J42: =VLOOKUP(D42,產線配置圖!$A$3:$C$40,2,0) -> 15 | K42: =VLOOKUP(D42,產線配置圖!$A$3:$C$40,3,0) -> 1714 | L42: =K42/J42 -> 114.26667 | M42: 15 | N42: =G42/W42*60 -> 1250 | O42: =N42/M42 -> 83.333333 | P42: =M42-J42 -> 0 | Q42: =O42-L42 -> -30.933333 | R42: =O42/L42 -> 0.72928821 | T42: 0.64583333 | U42: 0.67916667 | V42: =(T42-U41)*24*60 -> 15 | W42: =(U42-T42)*24*60 -> 48
W43: =(U43-T43)*24*60 -> 0
W44: =(U44-T44)*24*60 -> 0
W45: =(U45-T45)*24*60 -> 0
W46: =(U46-T46)*24*60 -> 0
H47: =F47*G47 -> 0 | W47: =(U47-T47)*24*60 -> 0
C48: 4度二組C1 | D48: 平均 | J48: =AVERAGE(J38:J47) -> 15.8 | K48: =AVERAGE(K38:K47) -> 1628 | L48: =AVERAGE(L38:L47) -> 104.21607 | M48: =AVERAGE(M38:M47) -> 16.6 | N48: =AVERAGE(N38:N47) -> 1409.3195 | O48: =AVERAGE(O38:O47) -> 85.224943 | P48: =M48-J48 -> 0.8 | Q48: =N48-K48 -> -218.68052 | R48: =O48/L48 -> 0.81777162 | W48: =(U48-T48)*24*60 -> 0 | Z48: =SUM(Z38:Z47) -> 0 | AA48: =SUM(AA38:AA47) -> 0 | AD48: =SUM(AD38:AD47) -> 0 | AE48: =SUM(AE38:AE47) -> 0 | AF48: =N48-K48 -> -218.68052 | AG48: =N48/K48 -> 0.86567536
A49: 手工五線 (ET-55) | B49: 熱乾麵 | D49: 沙茶豬肉炒麵 | F49: =VLOOKUP(D49,廠價表!$C$1:$E$43,3,0) -> 49.52 | G49: 1892 | H49: =F49*G49 -> 93691.84 | J49: =VLOOKUP(D49,產線配置圖!$A$3:$C$40,2,0) -> 17 | K49: =VLOOKUP(D49,產線配置圖!$A$3:$C$40,3,0) -> 1800 | L49: =K49/J49 -> 105.88235 | M49: 17 | N49: =G49/W49*60 -> 1598.8732 | O49: =N49/M49 -> 94.051367 | P49: =M49-J49 -> 0 | Q49: =O49-L49 -> -11.830986 | R49: =O49/L49 -> 0.88826291 | S49: =R58 -> 0.9210729 | T49: 0.29097222 | U49: 0.34027778 | W49: =(U49-T49)*24*60 -> 71 | AF49: =N49-K49 -> -201.12676 | AG49: =N49/K49 -> 0.88826291 | AH49: =AG58 -> 0.92144307
B50: 義大利麵 | D50: 焗烤起司雙饗筆尖麵 | F50: =VLOOKUP(D50,廠價表!$C$1:$E$43,3,0) -> 49.97 | G50: 3117 | H50: =F50*G50 -> 155756.49 | J50: =VLOOKUP(D50,產線配置圖!$A$3:$C$40,2,0) -> 16 | K50: =VLOOKUP(D50,產線配置圖!$A$3:$C$40,3,0) -> 1800 | L50: =K50/J50 -> 112.5 | M50: 16 | N50: =G50/W50*60 -> 1532.9508 | O50: =N50/M50 -> 95.809426 | P50: =M50-J50 -> 0 | Q50: =O50-L50 -> -16.690574 | R50: =O50/L50 -> 0.85163934 | T50: 0.34722222 | U50: 0.43194444 | V50: =(T50-U49)*24*60 -> 10 | W50: =(U50-T50)*24*60 -> 122 | AF50: =N50-K50 -> -267.04918 | AG50: =N50/K50 -> 0.85163934
B51: 義大利麵 | D51: 黑松露野菇義大利麵 | F51: =VLOOKUP(D51,廠價表!$C$1:$E$43,3,0) -> 50.289 | G51: 925 | H51: =F51*G51 -> 46517.325 | J51: =VLOOKUP(D51,產線配置圖!$A$3:$C$40,2,0) -> 17 | K51: =VLOOKUP(D51,產線配置圖!$A$3:$C$40,3,0) -> 1636 | L51: =K51/J51 -> 96.235294 | M51: 17 | N51: =G51/W51*60 -> 1585.7143 | O51: =N51/M51 -> 93.277311 | P51: =M51-J51 -> 0 | Q51: =O51-L51 -> -2.9579832 | R51: =O51/L51 -> 0.96926301 | T51: 0.4375 | U51: 0.46180556 | V51: =(T51-U50)*24*60 -> 8 | W51: =(U51-T51)*24*60 -> 35 | AF51: =N51-K51 -> -50.285714 | AG51: =N51/K51 -> 0.96926301
B52: 義大利麵 | D52: 黑松露野菇義大利麵 | F52: =VLOOKUP(D52,廠價表!$C$1:$E$43,3,0) -> 50.289 | G52: 1850 | H52: =F52*G52 -> 93034.65 | J52: =VLOOKUP(D52,產線配置圖!$A$3:$C$40,2,0) -> 17 | K52: =VLOOKUP(D52,產線配置圖!$A$3:$C$40,3,0) -> 1636 | L52: =K52/J52 -> 96.235294 | M52: 17 | N52: =G52/W52*60 -> 1541.6667 | O52: =N52/M52 -> 90.686275 | P52: =M52-J52 -> 0 | Q52: =O52-L52 -> -5.5490196 | R52: =O52/L52 -> 0.94233904 | T52: 0.52430556 | U52: 0.57430556 | V52: =(T52-U51)*24*60 -> 90 | W52: =(U52-T52)*24*60 -> 72 | AF52: =N52-K52 -> -94.333333 | AG52: =N52/K52 -> 0.94233904
B53: 義大利麵 | D53: 焗烤起司雙饗筆尖麵 | F53: =VLOOKUP(D53,廠價表!$C$1:$E$43,3,0) -> 49.97 | G53: 2049 | H53: =F53*G53 -> 102388.53 | J53: =VLOOKUP(D53,產線配置圖!$A$3:$C$40,2,0) -> 16 | K53: =VLOOKUP(D53,產線配置圖!$A$3:$C$40,3,0) -> 1800 | L53: =K53/J53 -> 112.5 | M53: 16 | N53: =G53/W53*60 -> 1731.5493 | O53: =N53/M53 -> 108.22183 | P53: =M53-J53 -> 0 | Q53: =O53-L53 -> -4.278169 | R53: =O53/L53 -> 0.96197183 | T53: 0.58125 | U53: 0.63055556 | V53: =(T53-U52)*24*60 -> 10 | W53: =(U53-T53)*24*60 -> 71 | AF53: =N53-K53 -> -68.450704 | AG53: =N53/K53 -> 0.96197183
W54: =(U54-T54)*24*60 -> 0
W55: =(U55-T55)*24*60 -> 0
W56: =(U56-T56)*24*60 -> 0
W57: =(U57-T57)*24*60 -> 0
C58: 4度二組C2 | D58: 平均 | J58: =AVERAGE(J49:J57) -> 16.6 | K58: =AVERAGE(K49:K57) -> 1734.4 | L58: =AVERAGE(L49:L57) -> 104.67059 | M58: =AVERAGE(M49:M57) -> 16.6 | N58: =AVERAGE(N49:N57) -> 1598.1509 | O58: =AVERAGE(O49:O57) -> 96.409242 | P58: =M58-J58 -> 0 | Q58: =N58-K58 -> -136.24914 | R58: =O58/L58 -> 0.9210729 | Z58: =SUM(Z49:Z57) -> 0 | AA58: =SUM(AA49:AA57) -> 0 | AD58: =SUM(AD49:AD57) -> 0 | AE58: =SUM(AE49:AE57) -> 0 | AF58: =N58-K58 -> -136.24914 | AG58: =N58/K58 -> 0.92144307
A59: 調理包一線 (八爪機) | B59: 小吃、微波 | D59: 小滷青蔬 | F59: =VLOOKUP(D59,廠價表!$C$1:$E$43,3,0) -> 26.99 | G59: 3470 | H59: =F59*G59 -> 93655.3 | J59: =VLOOKUP(D59,產線配置圖!$A$3:$C$40,2,0) -> 15 | K59: =VLOOKUP(D59,產線配置圖!$A$3:$C$40,3,0) -> 1636 | L59: =K59/J59 -> 109.06667 | M59: 14 | N59: =G59/W59*60 -> 1487.1429 | O59: =N59/M59 -> 106.22449 | P59: =M59-J59 -> -1 | Q59: =O59-L59 -> -2.8421769 | R59: =O59/L59 -> 0.97394092 | S59: =R69 -> 0.96338587 | T59: 0.29166667 | U59: 0.38888889 | W59: =(U59-T59)*24*60 -> 140 | AF59: =N59-K59 -> -148.85714 | AG59: =N59/K59 -> 0.90901153 | AH59: =AG69 -> 0.94785719
B60: 小吃、微波 | D60: 起司馬鈴薯 | F60: =VLOOKUP(D60,廠價表!$C$1:$E$43,3,0) -> 28.26 | G60: 1643 | H60: =F60*G60 -> 46431.18 | J60: =VLOOKUP(D60,產線配置圖!$A$3:$C$40,2,0) -> 11 | K60: =VLOOKUP(D60,產線配置圖!$A$3:$C$40,3,0) -> 1636 | L60: =K60/J60 -> 148.72727 | M60: 11 | N60: =G60/W60*60 -> 1590 | O60: =N60/M60 -> 144.54545 | P60: =M60-J60 -> 0 | Q60: =O60-L60 -> -4.1818182 | R60: =O60/L60 -> 0.97188264 | T60: 0.39583333 | U60: 0.43888889 | V60: =(T60-U59)*24*60 -> 10 | W60: =(U60-T60)*24*60 -> 62 | AF60: =N60-K60 -> -46 | AG60: =N60/K60 -> 0.97188264
B61: 小吃、微波 | D61: 韓式炒冬粉 | F61: =VLOOKUP(D61,廠價表!$C$1:$E$43,3,0) -> 28.26 | G61: 2087 | H61: =F61*G61 -> 58978.62 | J61: =VLOOKUP(D61,產線配置圖!$A$3:$C$40,2,0) -> 11 | K61: =VLOOKUP(D61,產線配置圖!$A$3:$C$40,3,0) -> 1636 | L61: =K61/J61 -> 148.72727 | M61: 11 | N61: =G61/W61*60 -> 1605.3846 | O61: =N61/M61 -> 145.94406 | P61: =M61-J61 -> 0 | Q61: =O61-L61 -> -2.7832168 | R61: =O61/L61 -> 0.98128644 | T61: 0.44583333 | U61: 0.5 | V61: =(T61-U60)*24*60 -> 10 | W61: =(U61-T61)*24*60 -> 78 | AF61: =N61-K61 -> -30.615385 | AG61: =N61/K61 -> 0.98128644
B62: 小吃、微波 | D62: 麻辣雞心 | F62: =VLOOKUP(D62,廠價表!$C$1:$E$43,3,0) -> 28.26 | G62: 2027 | H62: =F62*G62 -> 57283.02 | J62: =VLOOKUP(D62,產線配置圖!$A$3:$C$40,2,0) -> 11 | K62: =VLOOKUP(D62,產線配置圖!$A$3:$C$40,3,0) -> 1636 | L62: =K62/J62 -> 148.72727 | M62: 11 | N62: =G62/W62*60 -> 1520.25 | O62: =N62/M62 -> 138.20455 | P62: =M62-J62 -> 0 | Q62: =O62-L62 -> -10.522727 | R62: =O62/L62 -> 0.92924817 | T62: 0.54861111 | U62: 0.60416667 | V62: =(T62-U61)*24*60 -> 70 | W62: =(U62-T62)*24*60 -> 80 | AF62: =N62-K62 -> -115.75 | AG62: =N62/K62 -> 0.92924817
W63: =(U63-T63)*24*60 -> 0
W64: =(U64-T64)*24*60 -> 0
W65: =(U65-T65)*24*60 -> 0
W66: =(U66-T66)*24*60 -> 0
W67: =(U67-T67)*24*60 -> 0
H68: =F68*G68 -> 0 | W68: =(U68-T68)*24*60 -> 0
C69: 4度三組 | D69: 平均 | J69: =AVERAGE(J59:J68) -> 12 | K69: =AVERAGE(K59:K68) -> 1636 | L69: =AVERAGE(L59:L68) -> 138.81212 | M69: =AVERAGE(M59:M68) -> 11.75 | N69: =AVERAGE(N59:N68) -> 1550.6944 | O69: =AVERAGE(O59:O68) -> 133.72964 | P69: =M69-J69 -> -0.25 | Q69: =N69-K69 -> -85.305632 | R69: =O69/L69 -> 0.96338587 | Z69: =SUM(Z59:Z68) -> 0 | AA69: =SUM(AA59:AA68) -> 0 | AD69: =SUM(AD59:AD68) -> 0 | AE69: =SUM(AE59:AE68) -> 0 | AF69: =N69-K69 -> -85.305632 | AG69: =N69/K69 -> 0.94785719
A70: 調理包二線 (手工) | B70: 小吃、微波 | D70: 麻辣雞心 | F70: =VLOOKUP(D70,廠價表!$C$1:$E$43,3,0) -> 28.26 | G70: 1774 | H70: =F70*G70 -> 50133.24 | J70: =VLOOKUP(D70,產線配置圖!$A$3:$C$40,2,0) -> 11 | K70: =VLOOKUP(D70,產線配置圖!$A$3:$C$40,3,0) -> 1636 | L70: =K70/J70 -> 148.72727 | M70: 11 | N70: =G70/W70*60 -> 1458.0822 | O70: =N70/M70 -> 132.55293 | P70: =M70-J70 -> 0 | Q70: =O70-L70 -> -16.174346 | R70: =O70/L70 -> 0.89124828 | S70: =R79 -> 0.85932205 | T70: 0.22430556 | U70: 0.275 | W70: =(U70-T70)*24*60 -> 73 | AF70: =N70-K70 -> -177.91781 | AG70: =N70/K70 -> 0.89124828 | AH70: =AG79 -> 0.81683875
B71: 義大利麵 | D71: 蕃茄莎莎海鮮冷義大利麵 | F71: =VLOOKUP(D71,廠價表!$C$1:$E$43,3,0) -> 46.34 | G71: 2509 | H71: =F71*G71 -> 116267.06 | J71: =VLOOKUP(D71,產線配置圖!$A$3:$C$40,2,0) -> 16 | K71: =VLOOKUP(D71,產線配置圖!$A$3:$C$40,3,0) -> 1500 | L71: =K71/J71 -> 93.75 | M71: 15 | N71: =G71/W71*60 -> 1158 | O71: =N71/M71 -> 77.2 | P71: =M71-J71 -> -1 | Q71: =O71-L71 -> -16.55 | R71: =O71/L71 -> 0.82346667 | T71: 0.38888889 | U71: 0.47916667 | V71: =(T71-U70)*24*60 -> 164 | W71: =(U71-T71)*24*60 -> 130 | AF71: -300.3125 | AG71: 0.80810703
B72: 義大利麵 | D72: 蕃茄莎莎海鮮冷義大利麵 | F72: =VLOOKUP(D72,廠價表!$C$1:$E$43,3,0) -> 46.34 | G72: 2360 | H72: =F72*G72 -> 109362.4 | J72: =VLOOKUP(D72,產線配置圖!$A$3:$C$40,2,0) -> 16 | K72: =VLOOKUP(D72,產線配置圖!$A$3:$C$40,3,0) -> 1500 | L72: =K72/J72 -> 93.75 | M72: 15 | N72: =G72/W72*60 -> 1160.6557 | O72: =N72/M72 -> 77.377049 | P72: =M72-J72 -> -1 | Q72: =O72-L72 -> -16.372951 | R72: =O72/L72 -> 0.82535519 | T72: 0.54513889 | U72: 0.62986111 | V72: =(T72-U71)*24*60 -> 95 | W72: =(U72-T72)*24*60 -> 122 | AF72: -130.33333 | AG72: 0.91671991
B73: 義大利麵 | D73: 蕃茄莎莎海鮮冷義大利麵 | F73: =VLOOKUP(D73,廠價表!$C$1:$E$43,3,0) -> 46.34 | G73: 803 | H73: =F73*G73 -> 37211.02 | J73: =VLOOKUP(D73,產線配置圖!$A$3:$C$40,2,0) -> 16 | K73: =VLOOKUP(D73,產線配置圖!$A$3:$C$40,3,0) -> 1500 | L73: =K73/J73 -> 93.75 | M73: 15 | N73: =G73/W73*60 -> 1235.3846 | O73: =N73/M73 -> 82.358974 | P73: =M73-J73 -> -1 | Q73: =O73-L73 -> -11.391026 | R73: =O73/L73 -> 0.87849573 | T73: 0.65 | U73: 0.67708333 | V73: =(T73-U72)*24*60 -> 29 | W73: =(U73-T73)*24*60 -> 39
W74: =(U74-T74)*24*60 -> 0
W75: =(U75-T75)*24*60 -> 0
W76: =(U76-T76)*24*60 -> 0
W77: =(U77-T77)*24*60 -> 0
W78: =(U78-T78)*24*60 -> 0
C79: 4度四組 | D79: 平均 | J79: =AVERAGE(J70:J78) -> 14.75 | K79: =AVERAGE(K70:K78) -> 1534 | L79: =AVERAGE(L70:L78) -> 107.49432 | M79: =AVERAGE(M70:M78) -> 14 | N79: =AVERAGE(N70:N78) -> 1253.0306 | O79: =AVERAGE(O70:O78) -> 92.372238 | P79: =M79-J79 -> -0.75 | Q79: =N79-K79 -> -280.96936 | R79: =O79/L79 -> 0.85932205 | Z79: =SUM(Z70:Z78) -> 0 | AA79: =SUM(AA70:AA78) -> 0 | AD79: =SUM(AD70:AD78) -> 0 | AE79: =SUM(AE70:AE78) -> 0 | AF79: =N79-K79 -> -280.96936 | AG79: =N79/K79 -> 0.81683875
AJ80: 1.當日出勤人數較多
AJ81: 2.當日出勤人數較少
AJ82: 3.當日出勤熟手較少
AJ83: 4.當日出勤新人較多
AJ84: 5.機台夾盒
AJ85: 6.封膜不順
AJ86: 7.更換膠膜
AJ87: 8.更換碳帶
AJ88: 9.當日熱轉印碳帶異常
AJ89: 10.訂單量過少
AJ90: 11.新品上市，尚未熟悉
AJ91: 12.商品結構，產能較低
AJ92: 13.區域出貨，分段生產

Sheet 0702總
B1: 長家廠組合室生產人時性分析
B3: 日期 | D3: 46205 | F3: 訂單量 | G3: ='0702'!E1 -> 62631 | I3: 營業額 | J3: ='0702'!G1 -> 2923029.5
B4: 項目 | D4: 3 | F4: ➀ | H4: ➁ | J4: ③ | L4: 異常停線 | N4: 短暫停線
B5: 人時性 | D5: 組合室 | F5: 全溫層 | H5: 義大利麵 | J5: 袋裝小吃、義麵 | L5: 合計次數 | M5: 時間 | N5: 合計次數 | O5: 設備次數
D6: 排關平均 | F6: =AVERAGE(D13:J13) -> 121.15875 | H6: =AVERAGE(D13:H13) -> 120.14264 | J6: =AVERAGE(I13:J13) -> 123.69904 | L6: =SUM(D18:J18) -> 0 | M6: =SUM(D19:J19) -> 0 | N6: =SUM(D20:J20) -> 0 | O6: =SUM(D20:J20) -> 0
D7: 實績平均 | F7: =AVERAGE(D14:J14) -> 108.68309 | H7: =AVERAGE(D14:H14) -> 109.91731 | J7: =AVERAGE(I14:J14) -> 105.59753 | L7: =AVERAGE(K14:L14) -> #DIV/0! | M7: =AVERAGE(L14:M14) -> #DIV/0! | N7: =AVERAGE(M14:N14) -> #DIV/0! | O7: =AVERAGE(N14:O14) -> #DIV/0!
D8: 達成率平均 | F8: =F7/F6 -> 0.89703043 | H8: =H7/H6 -> 0.9148901 | J8: =J7/J6 -> 0.85366494 | L8: =AVERAGE(K15:L15) -> #DIV/0! | M8: =AVERAGE(L15:M15) -> #DIV/0! | N8: =AVERAGE(M15:N15) -> #DIV/0! | O8: =AVERAGE(N15:O15) -> #DIV/0!
J9: ※現行日本鮮食廠以達成率80%為基本(即為現行KPI)
B10: 溫層 | D10: 4度C-各編組展開
B11: 編組 | D11: 1 | E11: 2 | F11: 3 | G11: 4 | H11: 5 | I11: 6 | J11: 7
D12: 自動1線 | E12: 自動2線 | F12: 手工3線 | G12: 手工4線 | H12: 手工5線 | I12: 調理包1線 | J12: 調理包2線
B13: 人時性 | C13: 排關 | D13: =VALUE('0702'!L15) -> 150 | E13: =VALUE('0702'!L26) -> 158.32256 | F13: =VALUE('0702'!L37) -> 89.038562 | G13: =VALUE('0702'!L48) -> 98.681481 | H13: =VALUE('0702'!L58) -> 104.67059 | I13: =VALUE('0702'!L69) -> 138.81212 | J13: ='0702'!L79 -> 108.58596
C14: 實績 | D14: =VALUE('0702'!O15) -> 136.05149 | E14: =VALUE('0702'!O26) -> 139.69092 | F14: =VALUE('0702'!O37) -> 82.417618 | G14: =VALUE('0702'!O48) -> 93.809626 | H14: =VALUE('0702'!O58) -> 97.61689 | I14: =VALUE('0702'!O69) -> 128.5303 | J14: ='0702'!O79 -> 82.664761
C15: 達成率 | D15: =D14/D13 -> 0.90700996 | E15: =E14/E13 -> 0.8823185 | F15: =F14/F13 -> 0.92563959 | G15: =G14/G13 -> 0.9506305 | H15: =H14/H13 -> 0.93261051 | I15: =I14/I13 -> 0.92592997 | J15: ='0702'!S70 -> 0.7612841
B16: 作業 時間 | C16: 開始 | D16: ='0702'!T5 -> 0.29375 | E16: ='0702'!T16 -> 0.29027778 | F16: ='0702'!T27 -> 0.28819444 | G16: ='0702'!T38 -> 0.33333333 | H16: ='0702'!T49 -> 0.29027778 | I16: ='0702'!T59 -> 0.28819444 | J16: ='0702'!T70 -> 0.29166667
C17: 結束 | D17: 0.59166667 | E17: 0.60625 | F17: 0.64583333 | G17: 0.58333333 | H17: 0.61111111 | I17: 0.59375 | J17: 0.71875
B18: 產線異常 (5分鐘以上) | C18: 次數 | D18: ='0702'!Z15 -> 0 | E18: ='0702'!Z26 -> 0 | F18: ='0702'!Z37 -> 0 | G18: ='0702'!Z48 -> 0 | H18: ='0702'!Z58 -> 0 | I18: ='0702'!Z69 -> 0 | J18: ='0702'!AA79 -> 0
C19: 時間/分 | D19: ='0702'!AA15 -> 0 | E19: ='0702'!AA26 -> 0 | F19: ='0702'!AA37 -> 0 | G19: ='0702'!AA48 -> 0 | H19: ='0702'!AA58 -> 0 | I19: ='0702'!AA69 -> 0 | J19: ='0702'!AB79 -> 0
B20: 短暫停線 (5分鐘以下) | C20: 次數 | D20: ='0702'!AD15 -> 0 | E20: ='0702'!AD26 -> 0 | F20: ='0702'!AD37 -> 0 | G20: ='0702'!AD48 -> 0 | H20: ='0702'!AD58 -> 0 | I20: ='0702'!AD69 -> 0 | J20: ='0702'!AD79 -> 0
C21: 設備次數 | D21: ='0702'!AE15 -> 0 | E21: ='0702'!AE26 -> 0 | F21: ='0702'!AE37 -> 0 | G21: ='0702'!AE48 -> 0 | H21: ='0702'!AE58 -> 0 | I21: ='0702'!AE69 -> 0 | J21: ='0702'!AE79 -> 0
B22: 配置人數 | D22: =VALUE('0702'!M15) -> 15 | E22: =VALUE('0702'!M26) -> 14.333333 | F22: =VALUE('0702'!M37) -> 17.2 | G22: =VALUE('0702'!M48) -> 16.333333 | H22: =VALUE('0702'!M58) -> 16.6 | I22: =VALUE('0702'!M69) -> 12 | J22: ='0702'!M79 -> 13.166667
B23: 主要應用設備 | D23: ET-600 | E23: ET-600 | F23: ET-55 | G23: ET-55 | H23: ET-55 | I23: 八爪機 | J23: 八爪機
B24: 次要應用設備 | H24: 封口機 | J24: 封口機
B25: 備註

Sheet 0702
A1: 長家廠4度C日報分析 | D1: 總生產量 | E1: =SUM(G5:G79) -> 62631 | F1: 營業額 | G1: =SUM(H5:H79) -> 2923029.5 | H1: 出勤人數 | I1: =M15+M26+M48+M58+M69+M79+M37 -> 104.63333 | J1: 產線配置圖 | M1: 生產實績 | P1: 人時性差異分析 | T1: 日報登錄 | Z1: 合計 次數 | AA1: 合計 時間/分 | AB1: 分析說明 | AD1: 合計 次數 | AE1: 合計 設備次數 | AF1: 產能差異分析
A2: 07月02日 星期四 | D2: 人時性 | E2: =AVERAGE(O15,O26,O37,O48,O58,O69,O79) -> 108.68309 | F2: 平均廠價 | G2: =G1/E1 -> 46.670651 | H2: 多次生產數 | I2: =COUNT(I5:I79) -> 0 | Z2: =Z15+Z26+Z37+Z48+Z58+Z69+Z79 -> 0 | AA2: =AA15+AA26+AA37+AA48+AA58+AA69+AA79 -> 0 | AD2: =AD15+AD26+AD37+AD48+AD58+AD69+AD79 -> 0 | AE2: =AE15+AE26+AE37+AE48+AE58+AE69+AE79 -> 0
A3: 線別 | B3: 品類 | D3: 品名 | F3: 廠價 | G3: 生產量 | H3: 營收 | I3: 多次 生產 | J3: 人數 | K3: 產能/時 | L3: 人時性 | M3: 人數 | N3: 產能/時 | O3: 人時性 | P3: 人數 | Q3: 人時性 | R3: 達成率 | S3: 達成率平均 | T3: 生產時間 | V3: 前置、換線時間/分 | W3: 稼動時間/分 | X3: 休息時間 | Z3: 產線異常統計 (5分鐘以上) | AD3: 短暫停線統計 (5分鐘以下) | AF3: 產能/時 | AG3: 達成率 | AH3: 達成率平均
T4: 開始 | U4: 結束 | X4: 開始 | Y4: 結束 | Z4: 次數 | AA4: 時間/分 | AD4: 總次數 | AE4: 設備因素(次數)
A5: 自動一線 (ET-600) | B5: 義大利麵 | D5: 白酒清炒鮮蛤義大利麵 | F5: =VLOOKUP(D5,廠價表!$C$1:$E$43,3,0) -> 56.87 | G5: 2765 | H5: =F5*G5 -> 157245.55 | J5: =VLOOKUP(D5,產線配置圖!$A$3:$C$40,2,0) -> 15 | K5: =VLOOKUP(D5,產線配置圖!$A$3:$C$40,3,0) -> 2250 | L5: =K5/J5 -> 150 | M5: 15 | N5: =G5/W5*60 -> 2048.1481 | O5: =N5/M5 -> 136.54321 | P5: =M5-J5 -> 0 | Q5: =O5-L5 -> -13.45679 | R5: =O5/L5 -> 0.91028807 | S5: =R15 -> 0.90700996 | T5: 0.29375 | U5: 0.35 | W5: =(U5-T5)*24*60 -> 81 | AF5: =N5-K5 -> -201.85185 | AG5: =N5/K5 -> 0.91028807 | AH5: =AG15 -> 0.90700996
B6: 義大利麵 | D6: 香煎魚排佐檸檬奶油義大利麵 | F6: =VLOOKUP(D6,廠價表!$C$1:$E$43,3,0) -> 58.17 | G6: 2330 | H6: =F6*G6 -> 135536.1 | J6: =VLOOKUP(D6,產線配置圖!$A$3:$C$40,2,0) -> 15 | K6: =VLOOKUP(D6,產線配置圖!$A$3:$C$40,3,0) -> 2250 | L6: =K6/J6 -> 150 | M6: 15 | N6: =G6/W6*60 -> 2086.5672 | O6: =N6/M6 -> 139.10448 | P6: =M6-J6 -> 0 | Q6: =O6-L6 -> -10.895522 | R6: =O6/L6 -> 0.92736318 | T6: 0.36111111 | U6: 0.40763889 | V6: =(T6-U5)*24*60 -> 16 | W6: =(U6-T6)*24*60 -> 67 | AF6: =N6-K6 -> -163.43284 | AG6: =N6/K6 -> 0.92736318
B7: 義大利麵 | D7: 奶油培根義大利麵 | F7: =VLOOKUP(D7,廠價表!$C$1:$E$43,3,0) -> 49.14 | G7: 3190 | H7: =F7*G7 -> 156756.6 | J7: =VLOOKUP(D7,產線配置圖!$A$3:$C$40,2,0) -> 15 | K7: =VLOOKUP(D7,產線配置圖!$A$3:$C$40,3,0) -> 2250 | L7: =K7/J7 -> 150 | M7: 15 | N7: =G7/W7*60 -> 2150.5618 | O7: =N7/M7 -> 143.37079 | P7: =M7-J7 -> 0 | Q7: =O7-L7 -> -6.6292135 | R7: =O7/L7 -> 0.95580524 | T7: 0.41666667 | U7: 0.47847222 | V7: =(T7-U6)*24*60 -> 13 | W7: =(U7-T7)*24*60 -> 89 | AF7: =N7-K7 -> -99.438202 | AG7: =N7/K7 -> 0.95580524
B8: 義大利麵 | D8: 奶油培根義大利麵 | F8: =VLOOKUP(D8,廠價表!$C$1:$E$43,3,0) -> 49.14 | G8: 2003 | H8: =F8*G8 -> 98427.42 | J8: =VLOOKUP(D8,產線配置圖!$A$3:$C$40,2,0) -> 15 | K8: =VLOOKUP(D8,產線配置圖!$A$3:$C$40,3,0) -> 2250 | L8: =K8/J8 -> 150 | M8: 15 | N8: =G8/W8*60 -> 1877.8125 | O8: =N8/M8 -> 125.1875 | P8: =M8-J8 -> 0 | Q8: =O8-L8 -> -24.8125 | R8: =O8/L8 -> 0.83458333 | T8: 0.54722222 | U8: 0.59166667 | V8: =(T8-U7)*24*60 -> 99 | W8: =(U8-T8)*24*60 -> 64 | AF8: =N8-K8 -> -372.1875 | AG8: =N8/K8 -> 0.83458333
W9: =(U9-T9)*24*60 -> 0 | AF9: =N9-K9 -> 0 | AG9: =N9/K9 -> #DIV/0!
W10: =(U10-T10)*24*60 -> 0 | AF10: =N10-K10 -> 0 | AG10: =N10/K10 -> #DIV/0!
W11: =(U11-T11)*24*60 -> 0 | AF11: =N11-K11 -> 0 | AG11: =N11/K11 -> #DIV/0!
W12: =(U12-T12)*24*60 -> 0
W13: =(U13-T13)*24*60 -> 0
W14: =(U14-T14)*24*60 -> 0
C15: 4度一組 | D15: 平均 | J15: =AVERAGE(J5:J14) -> 15 | K15: =AVERAGE(K5:K14) -> 2250 | L15: =AVERAGE(L5:L14) -> 150 | M15: =AVERAGE(M5:M14) -> 15 | N15: =AVERAGE(N5:N14) -> 2040.7724 | O15: =AVERAGE(O5:O14) -> 136.05149 | P15: =M15-J15 -> 0 | Q15: =O15-L15 -> -13.948506 | R15: =O15/L15 -> 0.90700996 | Z15: =SUM(Z5:Z14) -> 0 | AA15: =SUM(AA5:AA14) -> 0 | AD15: =SUM(AD5:AD14) -> 0 | AE15: =SUM(AE5:AE14) -> 0 | AF15: =N15-K15 -> -209.2276 | AG15: =N15/K15 -> 0.90700996
A16: 自動二線 (ET-600) | B16: 義大利麵 | D16: 青醬蛤蜊義大利麵 | F16: =VLOOKUP(D16,廠價表!$C$1:$E$43,3,0) -> 50.67 | G16: 2109 | H16: =F16*G16 -> 106863.03 | J16: =VLOOKUP(D16,產線配置圖!$A$3:$C$40,2,0) -> 14 | K16: =VLOOKUP(D16,產線配置圖!$A$3:$C$40,3,0) -> 2250 | L16: =K16/J16 -> 160.71429 | M16: 14 | N16: =G16/W16*60 -> 2040.9677 | O16: =N16/M16 -> 145.78341 | P16: =M16-J16 -> 0 | Q16: =O16-L16 -> -14.930876 | R16: =O16/L16 -> 0.90709677 | S16: =R26 -> 0.8823185 | T16: 0.29027778 | U16: 0.33333333 | W16: =(U16-T16)*24*60 -> 62 | AF16: =N16-K16 -> -209.03226 | AG16: =N16/K16 -> 0.90709677 | AH16: =AG26 -> 0.87905376
B17: 義大利麵 | D17: 蒜香奶油蝦蝦義大利麵 | F17: =VLOOKUP(D17,廠價表!$C$1:$E$43,3,0) -> 57.21 | G17: 1656 | H17: =F17*G17 -> 94739.76 | J17: =VLOOKUP(D17,產線配置圖!$A$3:$C$40,2,0) -> 17 | K17: =VLOOKUP(D17,產線配置圖!$A$3:$C$40,3,0) -> 2250 | L17: =K17/J17 -> 132.35294 | M17: 17 | N17: =G17/W17*60 -> 1874.717 | O17: =N17/M17 -> 110.27747 | P17: =M17-J17 -> 0 | Q17: =O17-L17 -> -22.075472 | R17: =O17/L17 -> 0.83320755 | T17: 0.34166667 | U17: 0.37847222 | V17: =(T17-U16)*24*60 -> 12 | W17: =(U17-T17)*24*60 -> 53 | AF17: =N17-K17 -> -375.28302 | AG17: =N17/K17 -> 0.83320755
B18: 義大利麵 | D18: 義式辣味嫩烤雞腿排義大利麵 | F18: =VLOOKUP(D18,廠價表!$C$1:$E$43,3,0) -> 56.61 | G18: 937 | H18: =F18*G18 -> 53043.57 | J18: =VLOOKUP(D18,產線配置圖!$A$3:$C$40,2,0) -> 15 | K18: =VLOOKUP(D18,產線配置圖!$A$3:$C$40,3,0) -> 2250 | L18: =K18/J18 -> 150 | M18: 15 | N18: =G18/W18*60 -> 1813.5484 | O18: =N18/M18 -> 120.90323 | P18: =M18-J18 -> 0 | Q18: =O18-L18 -> -29.096774 | R18: =O18/L18 -> 0.80602151 | T18: 0.39027778 | U18: 0.41180556 | V18: =(T18-U17)*24*60 -> 17 | W18: =(U18-T18)*24*60 -> 31 | AF18: =N18-K18 -> -436.45161 | AG18: =N18/K18 -> 0.80602151
B19: 義大利麵 | D19: 義式蕃茄起司義大利麵 | F19: =VLOOKUP(D19,廠價表!$C$1:$E$43,3,0) -> 50.39 | G19: 3097 | H19: =F19*G19 -> 156057.83 | J19: =VLOOKUP(D19,產線配置圖!$A$3:$C$40,2,0) -> 13 | K19: =VLOOKUP(D19,產線配置圖!$A$3:$C$40,3,0) -> 2250 | L19: =K19/J19 -> 173.07692 | M19: 13 | N19: =G19/W19*60 -> 2186.1176 | O19: =N19/M19 -> 168.1629 | P19: =M19-J19 -> 0 | Q19: =O19-L19 -> -4.9140271 | R19: =O19/L19 -> 0.97160784 | T19: 0.41875 | U19: 0.47777778 | V19: =(T19-U18)*24*60 -> 10 | W19: =(U19-T19)*24*60 -> 85 | AF19: =N19-K19 -> -63.882353 | AG19: =N19/K19 -> 0.97160784
B20: 義大利麵 | D20: 義式蕃茄起司義大利麵 | F20: =VLOOKUP(D20,廠價表!$C$1:$E$43,3,0) -> 50.39 | G20: 1173 | H20: =F20*G20 -> 59107.47 | J20: =VLOOKUP(D20,產線配置圖!$A$3:$C$40,2,0) -> 13 | K20: =VLOOKUP(D20,產線配置圖!$A$3:$C$40,3,0) -> 2250 | L20: =K20/J20 -> 173.07692 | M20: 13 | N20: =G20/W20*60 -> 1955 | O20: =N20/M20 -> 150.38462 | P20: =M20-J20 -> 0 | Q20: =O20-L20 -> -22.692308 | R20: =O20/L20 -> 0.86888889 | T20: 0.55208333 | U20: 0.57708333 | V20: =(T20-U19)*24*60 -> 107 | W20: =(U20-T20)*24*60 -> 36
B21: 義大利麵 | D21: 青醬蛤蜊義大利麵 | F21: =VLOOKUP(D21,廠價表!$C$1:$E$43,3,0) -> 50.67 | G21: 1065 | H21: =F21*G21 -> 53963.55 | J21: =VLOOKUP(D21,產線配置圖!$A$3:$C$40,2,0) -> 14 | K21: =VLOOKUP(D21,產線配置圖!$A$3:$C$40,3,0) -> 2250 | L21: =K21/J21 -> 160.71429 | M21: 14 | N21: =G21/W21*60 -> 1996.875 | O21: =N21/M21 -> 142.63393 | P21: =M21-J21 -> 0 | Q21: =O21-L21 -> -18.080357 | R21: =O21/L21 -> 0.8875 | T21: 0.58402778 | U21: 0.60625 | V21: =(T21-U20)*24*60 -> 10 | W21: =(U21-T21)*24*60 -> 32
W22: 0
W23: =(U23-T23)*24*60 -> 0
W24: =(U24-T24)*24*60 -> 0
H25: =F25*G25 -> 0 | W25: =(U25-T25)*24*60 -> 0
C26: 4度二組A | D26: 平均 | J26: =AVERAGE(J16:J25) -> 14.333333 | K26: =AVERAGE(K16:K25) -> 2250 | L26: =AVERAGE(L16:L25) -> 158.32256 | M26: =AVERAGE(M16:M25) -> 14.333333 | N26: =AVERAGE(N16:N25) -> 1977.871 | O26: =AVERAGE(O16:O25) -> 139.69092 | P26: =M26-J26 -> 0 | Q26: =O26-L26 -> -18.631636 | R26: =O26/L26 -> 0.8823185 | Z26: =SUM(Z16:Z25) -> 0 | AA26: =SUM(AA16:AA25) -> 0 | AD26: =SUM(AD16:AD25) -> 0 | AE26: =SUM(AE16:AE25) -> 0 | AF26: =N26-K26 -> -272.12904 | AG26: =N26/K26 -> 0.87905376
A27: 手工三線 (ET-55) | B27: 義大利麵 | D27: 義式蛋蛋青醬鮪魚冷義大利麵 | F27: =VLOOKUP(D27,廠價表!$C$1:$E$43,3,0) -> 45.66 | G27: 1773 | H27: =F27*G27 -> 80955.18 | J27: =VLOOKUP(D27,產線配置圖!$A$3:$C$40,2,0) -> 17 | K27: =VLOOKUP(D27,產線配置圖!$A$3:$C$40,3,0) -> 1500 | L27: =K27/J27 -> 88.235294 | M27: 17 | N27: =G27/W27*60 -> 1477.5 | O27: =N27/M27 -> 86.911765 | P27: =M27-J27 -> 0 | Q27: =O27-L27 -> -1.3235294 | R27: =O27/L27 -> 0.985 | S27: =R37 -> 0.92563959 | T27: 0.28819444 | U27: 0.33819444 | W27: =(U27-T27)*24*60 -> 72 | AF27: =N27-K27 -> -22.5 | AG27: =N27/K27 -> 0.985 | AH27: =AG37 -> 0.90411448
B28: 義大利麵 | D28: 奶油鮮蝦明太子細扁麵 | F28: =VLOOKUP(D28,廠價表!$C$1:$E$43,3,0) -> 57.21 | G28: 2270 | H28: =F28*G28 -> 129866.7 | J28: =VLOOKUP(D28,產線配置圖!$A$3:$C$40,2,0) -> 18 | K28: =VLOOKUP(D28,產線配置圖!$A$3:$C$40,3,0) -> 1636 | L28: =K28/J28 -> 90.888889 | M28: 17 | N28: =G28/W28*60 -> 1480.4348 | O28: =N28/M28 -> 87.084399 | P28: =M28-J28 -> -1 | Q28: =O28-L28 -> -3.8044899 | R28: =O28/L28 -> 0.95814131 | T28: 0.34375 | U28: 0.40763889 | V28: =(T28-U27)*24*60 -> 8 | W28: =(U28-T28)*24*60 -> 92 | AF28: =N28-K28 -> -155.56522 | AG28: =N28/K28 -> 0.90491124
B29: 義大利麵 | D29: 焦糖拿鐵烤雞細扁麵 | F29: =VLOOKUP(D29,廠價表!$C$1:$E$43,3,0) -> 57.21 | G29: 1681 | H29: =F29*G29 -> 96170.01 | J29: =VLOOKUP(D29,產線配置圖!$A$3:$C$40,2,0) -> 18 | K29: =VLOOKUP(D29,產線配置圖!$A$3:$C$40,3,0) -> 1565 | L29: =K29/J29 -> 86.944444 | M29: 18 | N29: =G29/W29*60 -> 1440.8571 | O29: =N29/M29 -> 80.047619 | P29: =M29-J29 -> 0 | Q29: =O29-L29 -> -6.8968254 | R29: =O29/L29 -> 0.92067549 | T29: 0.41319444 | U29: 0.46180556 | V29: =(T29-U28)*24*60 -> 8 | W29: =(U29-T29)*24*60 -> 70 | AF29: =N29-K29 -> -124.14286 | AG29: =N29/K29 -> 0.92067549
B30: 義大利麵 | D30: 義式蛋蛋青醬鮪魚冷義大利麵 | F30: =VLOOKUP(D30,廠價表!$C$1:$E$43,3,0) -> 45.66 | G30: 2400 | H30: =F30*G30 -> 109584 | J30: =VLOOKUP(D30,產線配置圖!$A$3:$C$40,2,0) -> 17 | K30: =VLOOKUP(D30,產線配置圖!$A$3:$C$40,3,0) -> 1500 | L30: =K30/J30 -> 88.235294 | M30: 17 | N30: =G30/W30*60 -> 1440 | O30: =N30/M30 -> 84.705882 | P30: =M30-J30 -> 0 | Q30: =O30-L30 -> -3.5294118 | R30: =O30/L30 -> 0.96 | T30: 0.51736111 | U30: 0.58680556 | V30: =(T30-U29)*24*60 -> 80 | W30: =(U30-T30)*24*60 -> 100 | AF30: =N30-K30 -> -60 | AG30: =N30/K30 -> 0.96
B31: 熱乾麵 | D31: 府城鹽水意麵 | F31: =VLOOKUP(D31,廠價表!$C$1:$E$43,3,0) -> 44.3 | G31: 1600 | H31: =F31*G31 -> 70880 | J31: =VLOOKUP(D31,產線配置圖!$A$3:$C$40,2,0) -> 18 | K31: =VLOOKUP(D31,產線配置圖!$A$3:$C$40,3,0) -> 1636 | L31: =K31/J31 -> 90.888889 | M31: 17 | N31: =G31/W31*60 -> 1246.7532 | O31: =N31/M31 -> 73.338426 | P31: =M31-J31 -> -1 | Q31: =O31-L31 -> -17.550463 | R31: =O31/L31 -> 0.806902 | T31: 0.59236111 | U31: 0.64583333 | V31: =(T31-U30)*24*60 -> 8 | W31: =(U31-T31)*24*60 -> 77 | AF31: =N31-K31 -> -389.24675 | AG31: =N31/K31 -> 0.76207411
W32: =(U32-T32)*24*60 -> 0
W33: =(U33-T33)*24*60 -> 0
W34: =(U34-T34)*24*60 -> 0
W35: =(U35-T35)*24*60 -> 0
H36: =F36*G36 -> 0 | W36: =(U36-T36)*24*60 -> 0
C37: 4度二組B | D37: 平均 | J37: =AVERAGE(J27:J36) -> 17.6 | K37: =AVERAGE(K27:K36) -> 1567.4 | L37: =AVERAGE(L27:L36) -> 89.038562 | M37: =AVERAGE(M27:M36) -> 17.2 | N37: =AVERAGE(N27:N36) -> 1417.109 | O37: =AVERAGE(O27:O36) -> 82.417618 | P37: =M37-J37 -> -0.4 | Q37: =N37-K37 -> -150.29097 | R37: =O37/L37 -> 0.92563959 | Z37: =SUM(Z27:Z36) -> 0 | AA37: =SUM(AA27:AA36) -> 0 | AD37: =SUM(AD27:AD36) -> 0 | AE37: =SUM(AE27:AE36) -> 0 | AF37: =N37-K37 -> -150.29097 | AG37: =N37/K37 -> 0.90411448
A38: 手工四線 (ET-55) | B38: 熱乾麵 | D38: 青花椒麻雞肉拌麵 | F38: =VLOOKUP(D38,廠價表!$C$1:$E$43,3,0) -> 49.91 | G38: 2842 | H38: =F38*G38 -> 141844.22 | J38: =VLOOKUP(D38,產線配置圖!$A$3:$C$40,2,0) -> 15 | K38: =VLOOKUP(D38,產線配置圖!$A$3:$C$40,3,0) -> 1714 | L38: =K38/J38 -> 114.26667 | M38: 15 | N38: =G38/W38*60 -> 1624 | O38: =N38/M38 -> 108.26667 | P38: =M38-J38 -> 0 | Q38: =O38-L38 -> -6 | R38: =O38/L38 -> 0.94749125 | S38: =R48 -> 0.9506305 | T38: 0.33333333 | U38: 0.40625 | W38: =(U38-T38)*24*60 -> 105 | AF38: =N38-K38 -> -90 | AG38: =N38/K38 -> 0.94749125 | AH38: =AG48 -> 0.91611664
B39: 熱乾麵 | D39: 府城鹽水意麵 | F39: =VLOOKUP(D39,廠價表!$C$1:$E$43,3,0) -> 44.3 | G39: 2380 | H39: =F39*G39 -> 105434 | J39: =VLOOKUP(D39,產線配置圖!$A$3:$C$40,2,0) -> 18 | K39: =VLOOKUP(D39,產線配置圖!$A$3:$C$40,3,0) -> 1636 | L39: =K39/J39 -> 90.888889 | M39: 17 | N39: =G39/W39*60 -> 1442.4242 | O39: =N39/M39 -> 84.848485 | P39: =M39-J39 -> -1 | Q39: =O39-L39 -> -6.040404 | R39: =O39/L39 -> 0.93354079 | T39: 0.42430556 | U39: 0.49305556 | V39: =(T39-U38)*24*60 -> 26 | W39: =(U39-T39)*24*60 -> 99 | AF39: =N39-K39 -> -193.57576 | AG39: =N39/K39 -> 0.88167741
B40: 熱乾麵 | D40: 府城鹽水意麵 | F40: =VLOOKUP(D40,廠價表!$C$1:$E$43,3,0) -> 44.3 | G40: 1126 | H40: =F40*G40 -> 49881.8 | J40: =VLOOKUP(D40,產線配置圖!$A$3:$C$40,2,0) -> 18 | K40: =VLOOKUP(D40,產線配置圖!$A$3:$C$40,3,0) -> 1636 | L40: =K40/J40 -> 90.888889 | M40: 17 | N40: =G40/W40*60 -> 1501.3333 | O40: =N40/M40 -> 88.313725 | P40: =M40-J40 -> -1 | Q40: =O40-L40 -> -2.5751634 | R40: =O40/L40 -> 0.97166691 | T40: 0.55208333 | U40: 0.58333333 | V40: =(T40-U39)*24*60 -> 85 | W40: =(U40-T40)*24*60 -> 45 | AF40: =N40-K40 -> -134.66667 | AG40: =N40/K40 -> 0.91768541
W41: =(U41-T41)*24*60 -> 0 | AF41: =N41-K41 -> 0 | AG41: =N41/K41 -> #DIV/0!
W42: =(U42-T42)*24*60 -> 0
W43: =(U43-T43)*24*60 -> 0
W44: =(U44-T44)*24*60 -> 0
W45: =(U45-T45)*24*60 -> 0
W46: =(U46-T46)*24*60 -> 0
H47: =F47*G47 -> 0 | W47: =(U47-T47)*24*60 -> 0
C48: 4度二組C1 | D48: 平均 | J48: =AVERAGE(J38:J47) -> 17 | K48: =AVERAGE(K38:K47) -> 1662 | L48: =AVERAGE(L38:L47) -> 98.681481 | M48: =AVERAGE(M38:M47) -> 16.333333 | N48: =AVERAGE(N38:N47) -> 1522.5859 | O48: =AVERAGE(O38:O47) -> 93.809626 | P48: =M48-J48 -> -0.66666667 | Q48: =N48-K48 -> -139.41414 | R48: =O48/L48 -> 0.9506305 | W48: =(U48-T48)*24*60 -> 0 | Z48: =SUM(Z38:Z47) -> 0 | AA48: =SUM(AA38:AA47) -> 0 | AD48: =SUM(AD38:AD47) -> 0 | AE48: =SUM(AE38:AE47) -> 0 | AF48: =N48-K48 -> -139.41414 | AG48: =N48/K48 -> 0.91611664
A49: 手工五線 (ET-55) | B49: 熱乾麵 | D49: 沙茶豬肉炒麵 | F49: =VLOOKUP(D49,廠價表!$C$1:$E$43,3,0) -> 49.52 | G49: 1956 | H49: =F49*G49 -> 96861.12 | J49: =VLOOKUP(D49,產線配置圖!$A$3:$C$40,2,0) -> 17 | K49: =VLOOKUP(D49,產線配置圖!$A$3:$C$40,3,0) -> 1800 | L49: =K49/J49 -> 105.88235 | M49: 17 | N49: =G49/W49*60 -> 1524.1558 | O49: =N49/M49 -> 89.656226 | P49: =M49-J49 -> 0 | Q49: =O49-L49 -> -16.226127 | R49: =O49/L49 -> 0.84675325 | S49: =R58 -> 0.93261051 | T49: 0.29027778 | U49: 0.34375 | W49: =(U49-T49)*24*60 -> 77 | AF49: =N49-K49 -> -275.84416 | AG49: =N49/K49 -> 0.84675325 | AH49: =AG58 -> 0.93193291
B50: 義大利麵 | D50: 焗烤起司雙饗筆尖麵 | F50: =VLOOKUP(D50,廠價表!$C$1:$E$43,3,0) -> 49.97 | G50: 3067 | H50: =F50*G50 -> 153257.99 | J50: =VLOOKUP(D50,產線配置圖!$A$3:$C$40,2,0) -> 16 | K50: =VLOOKUP(D50,產線配置圖!$A$3:$C$40,3,0) -> 1800 | L50: =K50/J50 -> 112.5 | M50: 16 | N50: =G50/W50*60 -> 1672.9091 | O50: =N50/M50 -> 104.55682 | P50: =M50-J50 -> 0 | Q50: =O50-L50 -> -7.9431818 | R50: =O50/L50 -> 0.92939394 | T50: 0.34930556 | U50: 0.42569444 | V50: =(T50-U49)*24*60 -> 8 | W50: =(U50-T50)*24*60 -> 110 | AF50: =N50-K50 -> -127.09091 | AG50: =N50/K50 -> 0.92939394
B51: 義大利麵 | D51: 黑松露野菇義大利麵 | F51: =VLOOKUP(D51,廠價表!$C$1:$E$43,3,0) -> 50.289 | G51: 948 | H51: =F51*G51 -> 47673.972 | J51: =VLOOKUP(D51,產線配置圖!$A$3:$C$40,2,0) -> 17 | K51: =VLOOKUP(D51,產線配置圖!$A$3:$C$40,3,0) -> 1636 | L51: =K51/J51 -> 96.235294 | M51: 17 | N51: =G51/W51*60 -> 1537.2973 | O51: =N51/M51 -> 90.429253 | P51: =M51-J51 -> 0 | Q51: =O51-L51 -> -5.8060413 | R51: =O51/L51 -> 0.93966827 | T51: 0.43263889 | U51: 0.45833333 | V51: =(T51-U50)*24*60 -> 10 | W51: =(U51-T51)*24*60 -> 37 | AF51: =N51-K51 -> -98.702703 | AG51: =N51/K51 -> 0.93966827
B52: 義大利麵 | D52: 黑松露野菇義大利麵 | F52: =VLOOKUP(D52,廠價表!$C$1:$E$43,3,0) -> 50.289 | G52: 1595 | H52: =F52*G52 -> 80210.955 | J52: =VLOOKUP(D52,產線配置圖!$A$3:$C$40,2,0) -> 17 | K52: =VLOOKUP(D52,產線配置圖!$A$3:$C$40,3,0) -> 1636 | L52: =K52/J52 -> 96.235294 | M52: 17 | N52: =G52/W52*60 -> 1568.8525 | O52: =N52/M52 -> 92.285439 | P52: =M52-J52 -> 0 | Q52: =O52-L52 -> -3.9498554 | R52: =O52/L52 -> 0.95895627 | T52: 0.51736111 | U52: 0.55972222 | V52: =(T52-U51)*24*60 -> 85 | W52: =(U52-T52)*24*60 -> 61 | AF52: =N52-K52 -> -67.147541 | AG52: =N52/K52 -> 0.95895627
B53: 義大利麵 | D53: 焗烤起司雙饗筆尖麵 | F53: =VLOOKUP(D53,廠價表!$C$1:$E$43,3,0) -> 49.97 | G53: 1986 | H53: =F53*G53 -> 99240.42 | J53: =VLOOKUP(D53,產線配置圖!$A$3:$C$40,2,0) -> 16 | K53: =VLOOKUP(D53,產線配置圖!$A$3:$C$40,3,0) -> 1800 | L53: =K53/J53 -> 112.5 | M53: 16 | N53: =G53/W53*60 -> 1778.5075 | O53: =N53/M53 -> 111.15672 | P53: =M53-J53 -> 0 | Q53: =O53-L53 -> -1.3432836 | R53: =O53/L53 -> 0.9880597 | T53: 0.56458333 | U53: 0.61111111 | V53: =(T53-U52)*24*60 -> 7 | W53: =(U53-T53)*24*60 -> 67 | AF53: =N53-K53 -> -21.492537 | AG53: =N53/K53 -> 0.9880597
W54: =(U54-T54)*24*60 -> 0
W55: =(U55-T55)*24*60 -> 0
W56: =(U56-T56)*24*60 -> 0
W57: =(U57-T57)*24*60 -> 0
C58: 4度二組C2 | D58: 平均 | J58: =AVERAGE(J49:J57) -> 16.6 | K58: =AVERAGE(K49:K57) -> 1734.4 | L58: =AVERAGE(L49:L57) -> 104.67059 | M58: =AVERAGE(M49:M57) -> 16.6 | N58: =AVERAGE(N49:N57) -> 1616.3444 | O58: =AVERAGE(O49:O57) -> 97.61689 | P58: =M58-J58 -> 0 | Q58: =N58-K58 -> -118.05557 | R58: =O58/L58 -> 0.93261051 | Z58: =SUM(Z49:Z57) -> 0 | AA58: =SUM(AA49:AA57) -> 0 | AD58: =SUM(AD49:AD57) -> 0 | AE58: =SUM(AE49:AE57) -> 0 | AF58: =N58-K58 -> -118.05557 | AG58: =N58/K58 -> 0.93193291
A59: 調理包一線 (八爪機) | B59: 小吃、微波 | D59: 小滷青蔬 | F59: =VLOOKUP(D59,廠價表!$C$1:$E$43,3,0) -> 26.99 | G59: 3178 | H59: =F59*G59 -> 85774.22 | J59: =VLOOKUP(D59,產線配置圖!$A$3:$C$40,2,0) -> 15 | K59: =VLOOKUP(D59,產線配置圖!$A$3:$C$40,3,0) -> 1636 | L59: =K59/J59 -> 109.06667 | M59: 15 | N59: =G59/W59*60 -> 1589 | O59: =N59/M59 -> 105.93333 | P59: =M59-J59 -> 0 | Q59: =O59-L59 -> -3.1333333 | R59: =O59/L59 -> 0.97127139 | S59: =R69 -> 0.92592997 | T59: 0.28819444 | U59: 0.37152778 | W59: =(U59-T59)*24*60 -> 120 | AF59: =N59-K59 -> -47 | AG59: =N59/K59 -> 0.97127139 | AH59: =AG69 -> 0.92895273
B60: 小吃、微波 | D60: 起司馬鈴薯 | F60: =VLOOKUP(D60,廠價表!$C$1:$E$43,3,0) -> 28.26 | G60: 1567 | H60: =F60*G60 -> 44283.42 | J60: =VLOOKUP(D60,產線配置圖!$A$3:$C$40,2,0) -> 11 | K60: =VLOOKUP(D60,產線配置圖!$A$3:$C$40,3,0) -> 1636 | L60: =K60/J60 -> 148.72727 | M60: 11 | N60: =G60/W60*60 -> 1567 | O60: =N60/M60 -> 142.45455 | P60: =M60-J60 -> 0 | Q60: =O60-L60 -> -6.2727273 | R60: =O60/L60 -> 0.95782396 | T60: 0.37847222 | U60: 0.42013889 | V60: =(T60-U59)*24*60 -> 10 | W60: =(U60-T60)*24*60 -> 60 | AF60: =N60-K60 -> -69 | AG60: =N60/K60 -> 0.95782396
B61: 小吃、微波 | D61: 韓式炒冬粉 | F61: =VLOOKUP(D61,廠價表!$C$1:$E$43,3,0) -> 28.26 | G61: 2065 | H61: =F61*G61 -> 58356.9 | J61: =VLOOKUP(D61,產線配置圖!$A$3:$C$40,2,0) -> 11 | K61: =VLOOKUP(D61,產線配置圖!$A$3:$C$40,3,0) -> 1636 | L61: =K61/J61 -> 148.72727 | M61: 11 | N61: =G61/W61*60 -> 1376.6667 | O61: =N61/M61 -> 125.15152 | P61: =M61-J61 -> 0 | Q61: =O61-L61 -> -23.575758 | R61: =O61/L61 -> 0.84148329 | T61: 0.42708333 | U61: 0.48958333 | V61: =(T61-U60)*24*60 -> 10 | W61: =(U61-T61)*24*60 -> 90 | AF61: =N61-K61 -> -259.33333 | AG61: =N61/K61 -> 0.84148329
B62: 小吃、微波 | D62: 麻辣雞心 | F62: =VLOOKUP(D62,廠價表!$C$1:$E$43,3,0) -> 28.26 | G62: 1933 | H62: =F62*G62 -> 54626.58 | J62: =VLOOKUP(D62,產線配置圖!$A$3:$C$40,2,0) -> 11 | K62: =VLOOKUP(D62,產線配置圖!$A$3:$C$40,3,0) -> 1636 | L62: =K62/J62 -> 148.72727 | M62: 11 | N62: =G62/W62*60 -> 1546.4 | O62: =N62/M62 -> 140.58182 | P62: =M62-J62 -> 0 | Q62: =O62-L62 -> -8.1454545 | R62: =O62/L62 -> 0.94523227 | T62: 0.54166667 | U62: 0.59375 | V62: =(T62-U61)*24*60 -> 75 | W62: =(U62-T62)*24*60 -> 75 | AF62: =N62-K62 -> -89.6 | AG62: =N62/K62 -> 0.94523227
W63: =(U63-T63)*24*60 -> 0
W64: =(U64-T64)*24*60 -> 0
W65: =(U65-T65)*24*60 -> 0
W66: =(U66-T66)*24*60 -> 0
W67: =(U67-T67)*24*60 -> 0
H68: =F68*G68 -> 0 | W68: =(U68-T68)*24*60 -> 0
C69: 4度三組 | D69: 平均 | J69: =AVERAGE(J59:J68) -> 12 | K69: =AVERAGE(K59:K68) -> 1636 | L69: =AVERAGE(L59:L68) -> 138.81212 | M69: =AVERAGE(M59:M68) -> 12 | N69: =AVERAGE(N59:N68) -> 1519.7667 | O69: =AVERAGE(O59:O68) -> 128.5303 | P69: =M69-J69 -> 0 | Q69: =N69-K69 -> -116.23333 | R69: =O69/L69 -> 0.92592997 | Z69: =SUM(Z59:Z68) -> 0 | AA69: =SUM(AA59:AA68) -> 0 | AD69: =SUM(AD59:AD68) -> 0 | AE69: =SUM(AE59:AE68) -> 0 | AF69: =N69-K69 -> -116.23333 | AG69: =N69/K69 -> 0.92895273
A70: 調理包二線 (手工) | B70: 小吃、微波 | D70: 麻辣雞心 | F70: =VLOOKUP(D70,廠價表!$C$1:$E$43,3,0) -> 28.26 | G70: 1480 | H70: =F70*G70 -> 41824.8 | J70: =VLOOKUP(D70,產線配置圖!$A$3:$C$40,2,0) -> 11 | K70: =VLOOKUP(D70,產線配置圖!$A$3:$C$40,3,0) -> 1636 | L70: =K70/J70 -> 148.72727 | M70: 8 | N70: =G70/W70*60 -> 1138.4615 | O70: =N70/M70 -> 142.30769 | P70: =M70-J70 -> -3 | Q70: =O70-L70 -> -6.4195804 | R70: =O70/L70 -> 0.95683656 | S70: =R79 -> 0.7612841 | T70: 0.29166667 | U70: 0.34583333 | W70: =(U70-T70)*24*60 -> 78 | AF70: =N70-K70 -> -497.53846 | AG70: =N70/K70 -> 0.69588114 | AH70: =AG79 -> 0.68880458
B71: 義大利麵 | D71: 焗烤起司肉醬筆尖麵 | F71: 50.67 | G71: 474 | H71: =F71*G71 -> 24017.58 | J71: =VLOOKUP(D71,產線配置圖!$A$3:$C$40,2,0) -> 13 | K71: =VLOOKUP(D71,產線配置圖!$A$3:$C$40,3,0) -> 1440 | L71: =K71/J71 -> 110.76923 | M71: 13 | N71: =G71/W71*60 -> 711 | O71: =N71/M71 -> 54.692308 | P71: =M71-J71 -> 0 | Q71: =O71-L71 -> -56.076923 | R71: =O71/L71 -> 0.49375 | T71: 0.35416667 | U71: 0.38194444 | V71: =(T71-U70)*24*60 -> 12 | W71: =(U71-T71)*24*60 -> 40 | AB71: 生產數量少 | AF71: -300.3125 | AG71: 0.80810703
B72: 義大利麵 | D72: 蕃茄莎莎海鮮冷義大利麵 | F72: =VLOOKUP(D72,廠價表!$C$1:$E$43,3,0) -> 46.34 | G72: 2296 | H72: =F72*G72 -> 106396.64 | J72: =VLOOKUP(D72,產線配置圖!$A$3:$C$40,2,0) -> 16 | K72: =VLOOKUP(D72,產線配置圖!$A$3:$C$40,3,0) -> 1500 | L72: =K72/J72 -> 93.75 | M72: 15 | N72: =G72/W72*60 -> 1219.115 | O72: =N72/M72 -> 81.274336 | P72: =M72-J72 -> -1 | Q72: =O72-L72 -> -12.475664 | R72: =O72/L72 -> 0.86692625 | T72: 0.39791667 | U72: 0.47638889 | V72: =(T72-U71)*24*60 -> 23 | W72: =(U72-T72)*24*60 -> 113 | AF72: -130.33333 | AG72: 0.91671991
B73: 義大利麵 | D73: 焗烤起司肉醬筆尖麵 | F73: 50.67 | G73: 739 | H73: =F73*G73 -> 37445.13 | J73: =VLOOKUP(D73,產線配置圖!$A$3:$C$40,2,0) -> 13 | K73: =VLOOKUP(D73,產線配置圖!$A$3:$C$40,3,0) -> 1440 | L73: =K73/J73 -> 110.76923 | M73: 13 | N73: =G73/W73*60 -> 806.18182 | O73: =N73/M73 -> 62.013986 | P73: =M73-J73 -> 0 | Q73: =O73-L73 -> -48.755245 | R73: =O73/L73 -> 0.55984848 | T73: 0.53819444 | U73: 0.57638889 | V73: =(T73-U72)*24*60 -> 89 | W73: =(U73-T73)*24*60 -> 55 | AB73: 生產數量少
B74: 義大利麵 | D74: 蕃茄莎莎海鮮冷義大利麵 | F74: =VLOOKUP(D74,廠價表!$C$1:$E$43,3,0) -> 46.34 | G74: 2275 | H74: =F74*G74 -> 105423.5 | J74: =VLOOKUP(D74,產線配置圖!$A$3:$C$40,2,0) -> 16 | K74: =VLOOKUP(D74,產線配置圖!$A$3:$C$40,3,0) -> 1500 | L74: =K74/J74 -> 93.75 | M74: 15 | N74: =G74/W74*60 -> 1240.9091 | O74: =N74/M74 -> 82.727273 | P74: =M74-J74 -> -1 | Q74: =O74-L74 -> -11.022727 | R74: =O74/L74 -> 0.88242424 | T74: 0.58333333 | U74: 0.65972222 | V74: =(T74-U73)*24*60 -> 10 | W74: =(U74-T74)*24*60 -> 110
B75: 義大利麵 | D75: 蕃茄莎莎海鮮冷義大利麵 | F75: =VLOOKUP(D75,廠價表!$C$1:$E$43,3,0) -> 46.34 | G75: 675 | H75: =F75*G75 -> 31279.5 | J75: =VLOOKUP(D75,產線配置圖!$A$3:$C$40,2,0) -> 16 | K75: =VLOOKUP(D75,產線配置圖!$A$3:$C$40,3,0) -> 1500 | L75: =K75/J75 -> 93.75 | M75: 15 | N75: =G75/W75*60 -> 1094.5946 | O75: =N75/M75 -> 72.972973 | P75: =M75-J75 -> -1 | Q75: =O75-L75 -> -20.777027 | R75: =O75/L75 -> 0.77837838 | T75: 0.69305556 | U75: 0.71875 | V75: =(T75-U74)*24*60 -> 48 | W75: =(U75-T75)*24*60 -> 37 | AB75: 生產數量少
W76: =(U76-T76)*24*60 -> 0
W77: =(U77-T77)*24*60 -> 0
H78: =F78*G78 -> 0 | W78: =(U78-T78)*24*60 -> 0
C79: 4度四組 | D79: 平均 | J79: =AVERAGE(J70:J78) -> 14.166667 | K79: =AVERAGE(K70:K78) -> 1502.6667 | L79: =AVERAGE(L70:L78) -> 108.58596 | M79: =AVERAGE(M70:M78) -> 13.166667 | N79: =AVERAGE(N70:N78) -> 1035.0437 | O79: =AVERAGE(O70:O78) -> 82.664761 | P79: =M79-J79 -> -1 | Q79: =N79-K79 -> -467.62299 | R79: =O79/L79 -> 0.7612841 | Z79: =SUM(Z70:Z78) -> 0 | AA79: =SUM(AA70:AA78) -> 0 | AD79: =SUM(AD70:AD78) -> 0 | AE79: =SUM(AE70:AE78) -> 0 | AF79: =N79-K79 -> -467.62299 | AG79: =N79/K79 -> 0.68880458
AJ80: 1.當日出勤人數較多
AJ81: 2.當日出勤人數較少
AJ82: 3.當日出勤熟手較少
AJ83: 4.當日出勤新人較多
AJ84: 5.機台夾盒
AJ85: 6.封膜不順
AJ86: 7.更換膠膜
AJ87: 8.更換碳帶
AJ88: 9.當日熱轉印碳帶異常
AJ89: 10.訂單量過少
AJ90: 11.新品上市，尚未熟悉
AJ91: 12.商品結構，產能較低
AJ92: 13.區域出貨，分段生產

Sheet 0703總
B1: 長家廠組合室生產人時性分析
B3: 日期 | D3: 46206 | F3: 訂單量 | G3: ='0703'!E1 -> 52244 | I3: 營業額 | J3: ='0703'!G1 -> 2423657.1
B4: 項目 | D4: 3 | F4: ➀ | H4: ➁ | J4: ③ | L4: 異常停線 | N4: 短暫停線
B5: 人時性 | D5: 組合室 | F5: 全溫層 | H5: 義大利麵 | J5: 袋裝小吃、義麵 | L5: 合計次數 | M5: 時間 | N5: 合計次數 | O5: 設備次數
D6: 排關平均 | F6: =AVERAGE(D13:J13) -> 122.16478 | H6: =AVERAGE(D13:H13) -> 120.91845 | J6: =AVERAGE(I13:J13) -> 125.28062 | L6: =SUM(D18:J18) -> 13 | M6: =SUM(D19:J19) -> 0 | N6: =SUM(D20:J20) -> 0 | O6: =SUM(D20:J20) -> 0
D7: 實績平均 | F7: =AVERAGE(D14:J14) -> 110.30961 | H7: =AVERAGE(D14:H14) -> 110.28999 | J7: =AVERAGE(I14:J14) -> 110.35868 | L7: =AVERAGE(K14:L14) -> #DIV/0! | M7: =AVERAGE(L14:M14) -> #DIV/0! | N7: =AVERAGE(M14:N14) -> #DIV/0! | O7: =AVERAGE(N14:O14) -> #DIV/0!
D8: 達成率平均 | F8: =F7/F6 -> 0.90295754 | H8: =H7/H6 -> 0.91210222 | J8: =J7/J6 -> 0.88089187 | L8: =AVERAGE(K15:L15) -> #DIV/0! | M8: =AVERAGE(L15:M15) -> #DIV/0! | N8: =AVERAGE(M15:N15) -> #DIV/0! | O8: =AVERAGE(N15:O15) -> #DIV/0!
J9: ※現行日本鮮食廠以達成率80%為基本(即為現行KPI)
B10: 溫層 | D10: 4度C-各編組展開
B11: 編組 | D11: 1 | E11: 2 | F11: 3 | G11: 4 | H11: 5 | I11: 6 | J11: 7
D12: 自動1線 | E12: 自動2線 | F12: 手工3線 | G12: 手工4線 | H12: 手工5線 | I12: 調理包1線 | J12: 調理包2線
B13: 人時性 | C13: 排關 | D13: =VALUE('0703'!L15) -> 150 | E13: =VALUE('0703'!L26) -> 154.03604 | F13: =VALUE('0703'!L37) -> 93.307843 | G13: =VALUE('0703'!L48) -> 102.57778 | H13: =VALUE('0703'!L58) -> 104.67059 | I13: =VALUE('0703'!L69) -> 138.81212 | J13: ='0703'!L79 -> 111.74913
C14: 實績 | D14: =VALUE('0703'!O15) -> 139.38823 | E14: =VALUE('0703'!O26) -> 136.99117 | F14: =VALUE('0703'!O37) -> 88.150269 | G14: =VALUE('0703'!O48) -> 93.100083 | H14: =VALUE('0703'!O58) -> 93.820171 | I14: =VALUE('0703'!O69) -> 127.74587 | J14: ='0703'!O79 -> 92.971497
C15: 達成率 | D15: =D14/D13 -> 0.92925489 | E15: =E14/E13 -> 0.88934497 | F15: =F14/F13 -> 0.94472518 | G15: =G14/G13 -> 0.90760479 | H15: =H14/H13 -> 0.89633748 | I15: =I14/I13 -> 0.92027891 | J15: ='0703'!S70 -> 0.83196621
B16: 作業 時間 | C16: 開始 | D16: ='0703'!T5 -> 0.29375 | E16: ='0703'!T16 -> 0.29166667 | F16: ='0703'!T27 -> 0.28819444 | G16: ='0703'!T38 -> 0.33333333 | H16: ='0703'!T49 -> 0.29166667 | I16: ='0703'!T59 -> 0.28819444 | J16: ='0703'!T70 -> 0.29166667
C17: 結束 | D17: 0.47569444 | E17: 0.48125 | F17: 0.58680556 | G17: 0.50277778 | H17: 0.58680556 | I17: 0.56597222 | J17: 0.625
B18: 產線異常 (5分鐘以上) | C18: 次數 | D18: ='0703'!Z15 -> 0 | E18: ='0703'!Z26 -> 0 | F18: ='0703'!Z37 -> 0 | G18: ='0703'!Z48 -> 0 | H18: ='0703'!Z58 -> 0 | I18: ='0703'!Z69 -> 0 | J18: ='0703'!AA79 -> 13
C19: 時間/分 | D19: ='0703'!AA15 -> 0 | E19: ='0703'!AA26 -> 0 | F19: ='0703'!AA37 -> 0 | G19: ='0703'!AA48 -> 0 | H19: ='0703'!AA58 -> 0 | I19: ='0703'!AA69 -> 0 | J19: ='0703'!AB79 -> 0
B20: 短暫停線 (5分鐘以下) | C20: 次數 | D20: ='0703'!AD15 -> 0 | E20: ='0703'!AD26 -> 0 | F20: ='0703'!AD37 -> 0 | G20: ='0703'!AD48 -> 0 | H20: ='0703'!AD58 -> 0 | I20: ='0703'!AD69 -> 0 | J20: ='0703'!AD79 -> 0
C21: 設備次數 | D21: ='0703'!AE15 -> 0 | E21: ='0703'!AE26 -> 0 | F21: ='0703'!AE37 -> 0 | G21: ='0703'!AE48 -> 0 | H21: ='0703'!AE58 -> 0 | I21: ='0703'!AE69 -> 0 | J21: ='0703'!AE79 -> 0
B22: 配置人數 | D22: =VALUE('0703'!M15) -> 15 | E22: =VALUE('0703'!M26) -> 14.5 | F22: =VALUE('0703'!M37) -> 17 | G22: =VALUE('0703'!M48) -> 16.5 | H22: =VALUE('0703'!M58) -> 16.6 | I22: =VALUE('0703'!M69) -> 12 | J22: ='0703'!M79 -> 13.75
B23: 主要應用設備 | D23: ET-600 | E23: ET-600 | F23: ET-55 | G23: ET-55 | H23: ET-55 | I23: 八爪機 | J23: 八爪機
B24: 次要應用設備 | H24: 封口機 | J24: 封口機
B25: 備註

Sheet 0703
A1: 長家廠4度C日報分析 | D1: 總生產量 | E1: =SUM(G5:G79) -> 52244 | F1: 營業額 | G1: =SUM(H5:H79) -> 2423657.1 | H1: 出勤人數 | I1: =M15+M26+M48+M58+M69+M79+M37 -> 105.35 | J1: 產線配置圖 | M1: 生產實績 | P1: 人時性差異分析 | T1: 日報登錄 | Z1: 合計 次數 | AA1: 合計 時間/分 | AB1: 分析說明 | AD1: 合計 次數 | AE1: 合計 設備次數 | AF1: 產能差異分析
A2: 07月03 日 星期五 | D2: 人時性 | E2: =AVERAGE(O15,O26,O37,O48,O58,O69,O79) -> 110.30961 | F2: 平均廠價 | G2: =G1/E1 -> 46.391108 | H2: 多次生產數 | I2: =COUNT(I5:I79) -> 0 | Z2: =Z15+Z26+Z37+Z48+Z58+Z69+Z79 -> 1 | AA2: =AA15+AA26+AA37+AA48+AA58+AA69+AA79 -> 13 | AD2: =AD15+AD26+AD37+AD48+AD58+AD69+AD79 -> 0 | AE2: =AE15+AE26+AE37+AE48+AE58+AE69+AE79 -> 0
A3: 線別 | B3: 品類 | D3: 品名 | F3: 廠價 | G3: 生產量 | H3: 營收 | I3: 多次 生產 | J3: 人數 | K3: 產能/時 | L3: 人時性 | M3: 人數 | N3: 產能/時 | O3: 人時性 | P3: 人數 | Q3: 人時性 | R3: 達成率 | S3: 達成率平均 | T3: 生產時間 | V3: 前置、換線時間/分 | W3: 稼動時間/分 | X3: 休息時間 | Z3: 產線異常統計 (5分鐘以上) | AD3: 短暫停線統計 (5分鐘以下) | AF3: 產能/時 | AG3: 達成率 | AH3: 達成率平均
T4: 開始 | U4: 結束 | X4: 開始 | Y4: 結束 | Z4: 次數 | AA4: 時間/分 | AD4: 總次數 | AE4: 設備因素(次數)
A5: 自動一線 (ET-600) | B5: 義大利麵 | D5: 白酒清炒鮮蛤義大利麵 | F5: =VLOOKUP(D5,廠價表!$C$1:$E$43,3,0) -> 56.87 | G5: 2128 | H5: =F5*G5 -> 121019.36 | J5: =VLOOKUP(D5,產線配置圖!$A$3:$C$40,2,0) -> 15 | K5: =VLOOKUP(D5,產線配置圖!$A$3:$C$40,3,0) -> 2250 | L5: =K5/J5 -> 150 | M5: 15 | N5: =G5/W5*60 -> 2093.1148 | O5: =N5/M5 -> 139.54098 | P5: =M5-J5 -> 0 | Q5: =O5-L5 -> -10.459016 | R5: =O5/L5 -> 0.93027322 | S5: =R15 -> 0.92925489 | T5: 0.29375 | U5: 0.33611111 | W5: =(U5-T5)*24*60 -> 61 | AF5: =N5-K5 -> -156.88525 | AG5: =N5/K5 -> 0.93027322 | AH5: =AG15 -> 0.92925489
B6: 義大利麵 | D6: 香煎魚排佐檸檬奶油義大利麵 | F6: =VLOOKUP(D6,廠價表!$C$1:$E$43,3,0) -> 58.17 | G6: 1797 | H6: =F6*G6 -> 104531.49 | J6: =VLOOKUP(D6,產線配置圖!$A$3:$C$40,2,0) -> 15 | K6: =VLOOKUP(D6,產線配置圖!$A$3:$C$40,3,0) -> 2250 | L6: =K6/J6 -> 150 | M6: 15 | N6: =G6/W6*60 -> 2114.1176 | O6: =N6/M6 -> 140.94118 | P6: =M6-J6 -> 0 | Q6: =O6-L6 -> -9.0588235 | R6: =O6/L6 -> 0.93960784 | T6: 0.34375 | U6: 0.37916667 | V6: =(T6-U5)*24*60 -> 11 | W6: =(U6-T6)*24*60 -> 51 | AF6: =N6-K6 -> -135.88235 | AG6: =N6/K6 -> 0.93960784
B7: 義大利麵 | D7: 奶油培根義大利麵 | F7: =VLOOKUP(D7,廠價表!$C$1:$E$43,3,0) -> 49.14 | G7: 4337 | H7: =F7*G7 -> 213120.18 | J7: =VLOOKUP(D7,產線配置圖!$A$3:$C$40,2,0) -> 15 | K7: =VLOOKUP(D7,產線配置圖!$A$3:$C$40,3,0) -> 2250 | L7: =K7/J7 -> 150 | M7: 15 | N7: =G7/W7*60 -> 2065.2381 | O7: =N7/M7 -> 137.68254 | P7: =M7-J7 -> 0 | Q7: =O7-L7 -> -12.31746 | R7: =O7/L7 -> 0.9178836 | T7: 0.38819444 | U7: 0.47569444 | V7: =(T7-U6)*24*60 -> 13 | W7: =(U7-T7)*24*60 -> 126 | AF7: =N7-K7 -> -184.7619 | AG7: =N7/K7 -> 0.9178836
W8: =(U8-T8)*24*60 -> 0 | AF8: =N8-K8 -> 0 | AG8: =N8/K8 -> #DIV/0!
W9: =(U9-T9)*24*60 -> 0 | AF9: =N9-K9 -> 0 | AG9: =N9/K9 -> #DIV/0!
W10: =(U10-T10)*24*60 -> 0 | AF10: =N10-K10 -> 0 | AG10: =N10/K10 -> #DIV/0!
W11: =(U11-T11)*24*60 -> 0 | AF11: =N11-K11 -> 0 | AG11: =N11/K11 -> #DIV/0!
W12: =(U12-T12)*24*60 -> 0
W13: =(U13-T13)*24*60 -> 0
W14: =(U14-T14)*24*60 -> 0
C15: 4度一組 | D15: 平均 | J15: =AVERAGE(J5:J14) -> 15 | K15: =AVERAGE(K5:K14) -> 2250 | L15: =AVERAGE(L5:L14) -> 150 | M15: =AVERAGE(M5:M14) -> 15 | N15: =AVERAGE(N5:N14) -> 2090.8235 | O15: =AVERAGE(O5:O14) -> 139.38823 | P15: =M15-J15 -> 0 | Q15: =O15-L15 -> -10.611767 | R15: =O15/L15 -> 0.92925489 | Z15: =SUM(Z5:Z14) -> 0 | AA15: =SUM(AA5:AA14) -> 0 | AD15: =SUM(AD5:AD14) -> 0 | AE15: =SUM(AE5:AE14) -> 0 | AF15: =N15-K15 -> -159.1765 | AG15: =N15/K15 -> 0.92925489
A16: 自動二線 (ET-600) | B16: 義大利麵 | D16: 青醬蛤蜊義大利麵 | F16: =VLOOKUP(D16,廠價表!$C$1:$E$43,3,0) -> 50.67 | G16: 2855 | H16: =F16*G16 -> 144662.85 | J16: =VLOOKUP(D16,產線配置圖!$A$3:$C$40,2,0) -> 14 | K16: =VLOOKUP(D16,產線配置圖!$A$3:$C$40,3,0) -> 2250 | L16: =K16/J16 -> 160.71429 | M16: 14 | N16: =G16/W16*60 -> 2224.6753 | O16: =N16/M16 -> 158.90538 | P16: =M16-J16 -> 0 | Q16: =O16-L16 -> -1.8089054 | R16: =O16/L16 -> 0.98874459 | S16: =R26 -> 0.88934497 | T16: 0.29166667 | U16: 0.34513889 | W16: =(U16-T16)*24*60 -> 77 | AF16: =N16-K16 -> -25.324675 | AG16: =N16/K16 -> 0.98874459 | AH16: =AG26 -> 0.87339128
B17: 義大利麵 | D17: 蒜香奶油蝦蝦義大利麵 | F17: =VLOOKUP(D17,廠價表!$C$1:$E$43,3,0) -> 57.21 | G17: 1212 | H17: =F17*G17 -> 69338.52 | J17: =VLOOKUP(D17,產線配置圖!$A$3:$C$40,2,0) -> 17 | K17: =VLOOKUP(D17,產線配置圖!$A$3:$C$40,3,0) -> 2250 | L17: =K17/J17 -> 132.35294 | M17: 16 | N17: =G17/W17*60 -> 1818 | O17: =N17/M17 -> 113.625 | P17: =M17-J17 -> -1 | Q17: =O17-L17 -> -18.727941 | R17: =O17/L17 -> 0.8585 | T17: 0.35347222 | U17: 0.38125 | V17: =(T17-U16)*24*60 -> 12 | W17: =(U17-T17)*24*60 -> 40 | AF17: =N17-K17 -> -432 | AG17: =N17/K17 -> 0.808
B18: 義大利麵 | D18: 義式辣味嫩烤雞腿排義大利麵 | F18: =VLOOKUP(D18,廠價表!$C$1:$E$43,3,0) -> 56.61 | G18: 593 | H18: =F18*G18 -> 33569.73 | J18: =VLOOKUP(D18,產線配置圖!$A$3:$C$40,2,0) -> 15 | K18: =VLOOKUP(D18,產線配置圖!$A$3:$C$40,3,0) -> 2250 | L18: =K18/J18 -> 150 | M18: 15 | N18: =G18/W18*60 -> 1779 | O18: =N18/M18 -> 118.6 | P18: =M18-J18 -> 0 | Q18: =O18-L18 -> -31.4 | R18: =O18/L18 -> 0.79066667 | T18: 0.3875 | U18: 0.40138889 | V18: =(T18-U17)*24*60 -> 9 | W18: =(U18-T18)*24*60 -> 20 | AB18: 生產數量少 | AF18: =N18-K18 -> -471 | AG18: =N18/K18 -> 0.79066667
B19: 義大利麵 | D19: 義式蕃茄起司義大利麵 | F19: =VLOOKUP(D19,廠價表!$C$1:$E$43,3,0) -> 50.39 | G19: 3534 | H19: =F19*G19 -> 178078.26 | J19: =VLOOKUP(D19,產線配置圖!$A$3:$C$40,2,0) -> 13 | K19: =VLOOKUP(D19,產線配置圖!$A$3:$C$40,3,0) -> 2250 | L19: =K19/J19 -> 173.07692 | M19: 13 | N19: =G19/W19*60 -> 2038.8462 | O19: =N19/M19 -> 156.83432 | P19: =M19-J19 -> 0 | Q19: =O19-L19 -> -16.242604 | R19: =O19/L19 -> 0.90615385 | T19: 0.40902778 | U19: 0.48125 | V19: =(T19-U18)*24*60 -> 11 | W19: =(U19-T19)*24*60 -> 104 | AF19: =N19-K19 -> -211.15385 | AG19: =N19/K19 -> 0.90615385
W20: =(U20-T20)*24*60 -> 0
W21: =(U21-T21)*24*60 -> 0
W22: 0
W23: =(U23-T23)*24*60 -> 0
H24: =F24*G24 -> 0 | W24: =(U24-T24)*24*60 -> 0
H25: =F25*G25 -> 0 | W25: =(U25-T25)*24*60 -> 0
C26: 4度二組A | D26: 平均 | J26: =AVERAGE(J16:J25) -> 14.75 | K26: =AVERAGE(K16:K25) -> 2250 | L26: =AVERAGE(L16:L25) -> 154.03604 | M26: =AVERAGE(M16:M25) -> 14.5 | N26: =AVERAGE(N16:N25) -> 1965.1304 | O26: =AVERAGE(O16:O25) -> 136.99117 | P26: =M26-J26 -> -0.25 | Q26: =O26-L26 -> -17.044863 | R26: =O26/L26 -> 0.88934497 | Z26: =SUM(Z16:Z25) -> 0 | AA26: =SUM(AA16:AA25) -> 0 | AD26: =SUM(AD16:AD25) -> 0 | AE26: =SUM(AE16:AE25) -> 0 | AF26: =N26-K26 -> -284.86963 | AG26: =N26/K26 -> 0.87339128
A27: 手工三線 (ET-55) | B27: 義大利麵 | D27: 義式蛋蛋青醬鮪魚冷義大利麵 | F27: =VLOOKUP(D27,廠價表!$C$1:$E$43,3,0) -> 45.66 | G27: 2313 | H27: =F27*G27 -> 105611.58 | J27: =VLOOKUP(D27,產線配置圖!$A$3:$C$40,2,0) -> 17 | K27: 1636 | L27: =K27/J27 -> 96.235294 | M27: 17 | N27: =G27/W27*60 -> 1595.1724 | O27: =N27/M27 -> 93.833671 | P27: =M27-J27 -> 0 | Q27: =O27-L27 -> -2.4016227 | R27: =O27/L27 -> 0.97504426 | S27: =R37 -> 0.94472518 | T27: 0.28819444 | U27: 0.34861111 | W27: =(U27-T27)*24*60 -> 87 | AF27: =N27-K27 -> -40.827586 | AG27: =N27/K27 -> 0.97504426 | AH27: =AG37 -> 0.92400701
B28: 義大利麵 | D28: 奶油鮮蝦明太子細扁麵 | F28: =VLOOKUP(D28,廠價表!$C$1:$E$43,3,0) -> 57.21 | G28: 1804 | H28: =F28*G28 -> 103206.84 | J28: =VLOOKUP(D28,產線配置圖!$A$3:$C$40,2,0) -> 18 | K28: =VLOOKUP(D28,產線配置圖!$A$3:$C$40,3,0) -> 1636 | L28: =K28/J28 -> 90.888889 | M28: 17 | N28: =G28/W28*60 -> 1443.2 | O28: =N28/M28 -> 84.894118 | P28: =M28-J28 -> -1 | Q28: =O28-L28 -> -5.9947712 | R28: =O28/L28 -> 0.93404286 | T28: 0.35416667 | U28: 0.40625 | V28: =(T28-U27)*24*60 -> 8 | W28: =(U28-T28)*24*60 -> 75 | AF28: =N28-K28 -> -192.8 | AG28: =N28/K28 -> 0.88215159
B29: 義大利麵 | D29: 焦糖拿鐵烤雞細扁麵 | F29: =VLOOKUP(D29,廠價表!$C$1:$E$43,3,0) -> 57.21 | G29: 1141 | H29: =F29*G29 -> 65276.61 | J29: =VLOOKUP(D29,產線配置圖!$A$3:$C$40,2,0) -> 18 | K29: =VLOOKUP(D29,產線配置圖!$A$3:$C$40,3,0) -> 1565 | L29: =K29/J29 -> 86.944444 | M29: 17 | N29: =G29/W29*60 -> 1426.25 | O29: =N29/M29 -> 83.897059 | P29: =M29-J29 -> -1 | Q29: =O29-L29 -> -3.0473856 | R29: =O29/L29 -> 0.9649502 | T29: 0.41111111 | U29: 0.44444444 | V29: =(T29-U28)*24*60 -> 7 | W29: =(U29-T29)*24*60 -> 48 | AF29: =N29-K29 -> -138.75 | AG29: =N29/K29 -> 0.91134185
B30: 義大利麵 | D30: 義式蛋蛋青醬鮪魚冷義大利麵 | F30: =VLOOKUP(D30,廠價表!$C$1:$E$43,3,0) -> 45.66 | G30: 554 | H30: =F30*G30 -> 25295.64 | J30: =VLOOKUP(D30,產線配置圖!$A$3:$C$40,2,0) -> 17 | K30: 1636 | L30: =K30/J30 -> 96.235294 | M30: 17 | N30: =G30/W30*60 -> 1510.9091 | O30: =N30/M30 -> 88.877005 | P30: =M30-J30 -> 0 | Q30: =O30-L30 -> -7.3582888 | R30: =O30/L30 -> 0.92353856 | T30: 0.44930556 | U30: 0.46458333 | V30: =(T30-U29)*24*60 -> 7 | W30: =(U30-T30)*24*60 -> 22 | AF30: =N30-K30 -> -125.09091 | AG30: =N30/K30 -> 0.92353856
B31: 義大利麵 | D31: 義式蛋蛋青醬鮪魚冷義大利麵 | F31: =VLOOKUP(D31,廠價表!$C$1:$E$43,3,0) -> 45.66 | G31: 2200 | H31: =F31*G31 -> 100452 | J31: =VLOOKUP(D31,產線配置圖!$A$3:$C$40,2,0) -> 17 | K31: 1636 | L31: =K31/J31 -> 96.235294 | M31: 17 | N31: =G31/W31*60 -> 1517.2414 | O31: =N31/M31 -> 89.249493 | P31: =M31-J31 -> 0 | Q31: =O31-L31 -> -6.9858012 | R31: =O31/L31 -> 0.92740916 | T31: 0.52638889 | U31: 0.58680556 | V31: =(T31-U30)*24*60 -> 89 | W31: =(U31-T31)*24*60 -> 87 | AF31: =N31-K31 -> -118.75862 | AG31: =N31/K31 -> 0.92740916
W32: =(U32-T32)*24*60 -> 0
W33: =(U33-T33)*24*60 -> 0
W34: =(U34-T34)*24*60 -> 0
W35: =(U35-T35)*24*60 -> 0
H36: =F36*G36 -> 0 | W36: =(U36-T36)*24*60 -> 0
C37: 4度二組B | D37: 平均 | J37: =AVERAGE(J27:J36) -> 17.4 | K37: =AVERAGE(K27:K36) -> 1621.8 | L37: =AVERAGE(L27:L36) -> 93.307843 | M37: =AVERAGE(M27:M36) -> 17 | N37: =AVERAGE(N27:N36) -> 1498.5546 | O37: =AVERAGE(O27:O36) -> 88.150269 | P37: =M37-J37 -> -0.4 | Q37: =N37-K37 -> -123.24542 | R37: =O37/L37 -> 0.94472518 | Z37: =SUM(Z27:Z36) -> 0 | AA37: =SUM(AA27:AA36) -> 0 | AD37: =SUM(AD27:AD36) -> 0 | AE37: =SUM(AE27:AE36) -> 0 | AF37: =N37-K37 -> -123.24542 | AG37: =N37/K37 -> 0.92400701
A38: 手工四線 (ET-55) | B38: 熱乾麵 | D38: 青花椒麻雞肉拌麵 | F38: =VLOOKUP(D38,廠價表!$C$1:$E$43,3,0) -> 49.91 | G38: 2493 | H38: =F38*G38 -> 124425.63 | J38: =VLOOKUP(D38,產線配置圖!$A$3:$C$40,2,0) -> 15 | K38: =VLOOKUP(D38,產線配置圖!$A$3:$C$40,3,0) -> 1714 | L38: =K38/J38 -> 114.26667 | M38: 15 | N38: =G38/W38*60 -> 1608.3871 | O38: =N38/M38 -> 107.22581 | P38: =M38-J38 -> 0 | Q38: =O38-L38 -> -7.0408602 | R38: =O38/L38 -> 0.9383822 | S38: =R48 -> 0.90760479 | T38: 0.33333333 | U38: 0.39791667 | W38: =(U38-T38)*24*60 -> 93 | AF38: =N38-K38 -> -105.6129 | AG38: =N38/K38 -> 0.9383822 | AH38: =AG48 -> 0.90445539
B39: 熱乾麵 | D39: 府城鹽水意麵 | F39: =VLOOKUP(D39,廠價表!$C$1:$E$43,3,0) -> 44.3 | G39: 3080 | H39: =F39*G39 -> 136444 | J39: =VLOOKUP(D39,產線配置圖!$A$3:$C$40,2,0) -> 18 | K39: =VLOOKUP(D39,產線配置圖!$A$3:$C$40,3,0) -> 1636 | L39: =K39/J39 -> 90.888889 | M39: 18 | N39: =G39/W39*60 -> 1421.5385 | O39: =N39/M39 -> 78.974359 | P39: =M39-J39 -> 0 | Q39: =O39-L39 -> -11.91453 | R39: =O39/L39 -> 0.86891104 | T39: 0.4125 | U39: 0.50277778 | V39: =(T39-U38)*24*60 -> 21 | W39: =(U39-T39)*24*60 -> 130 | AF39: =N39-K39 -> -214.46154 | AG39: =N39/K39 -> 0.86891104
W40: =(U40-T40)*24*60 -> 0 | AF40: =N40-K40 -> 0 | AG40: =N40/K40 -> #DIV/0!
W41: =(U41-T41)*24*60 -> 0 | AF41: =N41-K41 -> 0 | AG41: =N41/K41 -> #DIV/0!
W42: =(U42-T42)*24*60 -> 0
W43: =(U43-T43)*24*60 -> 0
W44: =(U44-T44)*24*60 -> 0
W45: =(U45-T45)*24*60 -> 0
W46: =(U46-T46)*24*60 -> 0
H47: =F47*G47 -> 0 | W47: =(U47-T47)*24*60 -> 0
C48: 4度二組C1 | D48: 平均 | J48: =AVERAGE(J38:J47) -> 16.5 | K48: =AVERAGE(K38:K47) -> 1675 | L48: =AVERAGE(L38:L47) -> 102.57778 | M48: =AVERAGE(M38:M47) -> 16.5 | N48: =AVERAGE(N38:N47) -> 1514.9628 | O48: =AVERAGE(O38:O47) -> 93.100083 | P48: =M48-J48 -> 0 | Q48: =N48-K48 -> -160.03722 | R48: =O48/L48 -> 0.90760479 | W48: =(U48-T48)*24*60 -> 0 | Z48: =SUM(Z38:Z47) -> 0 | AA48: =SUM(AA38:AA47) -> 0 | AD48: =SUM(AD38:AD47) -> 0 | AE48: =SUM(AE38:AE47) -> 0 | AF48: =N48-K48 -> -160.03722 | AG48: =N48/K48 -> 0.90445539
A49: 手工五線 (ET-55) | B49: 熱乾麵 | D49: 沙茶豬肉炒麵 | F49: =VLOOKUP(D49,廠價表!$C$1:$E$43,3,0) -> 49.52 | G49: 1718 | H49: =F49*G49 -> 85075.36 | J49: =VLOOKUP(D49,產線配置圖!$A$3:$C$40,2,0) -> 17 | K49: =VLOOKUP(D49,產線配置圖!$A$3:$C$40,3,0) -> 1800 | L49: =K49/J49 -> 105.88235 | M49: 17 | N49: =G49/W49*60 -> 1610.625 | O49: =N49/M49 -> 94.742647 | P49: =M49-J49 -> 0 | Q49: =O49-L49 -> -11.139706 | R49: =O49/L49 -> 0.89479167 | S49: =R58 -> 0.89633748 | T49: 0.29166667 | U49: 0.33611111 | W49: =(U49-T49)*24*60 -> 64 | AF49: =N49-K49 -> -189.375 | AG49: =N49/K49 -> 0.89479167 | AH49: =AG58 -> 0.89630787
B50: 義大利麵 | D50: 焗烤起司雙饗筆尖麵 | F50: =VLOOKUP(D50,廠價表!$C$1:$E$43,3,0) -> 49.97 | G50: 3153 | H50: =F50*G50 -> 157555.41 | J50: =VLOOKUP(D50,產線配置圖!$A$3:$C$40,2,0) -> 16 | K50: =VLOOKUP(D50,產線配置圖!$A$3:$C$40,3,0) -> 1800 | L50: =K50/J50 -> 112.5 | M50: 16 | N50: =G50/W50*60 -> 1616.9231 | O50: =N50/M50 -> 101.05769 | P50: =M50-J50 -> 0 | Q50: =O50-L50 -> -11.442308 | R50: =O50/L50 -> 0.8982906 | T50: 0.34236111 | U50: 0.42361111 | V50: =(T50-U49)*24*60 -> 9 | W50: =(U50-T50)*24*60 -> 117 | AF50: =N50-K50 -> -183.07692 | AG50: =N50/K50 -> 0.8982906
B51: 義大利麵 | D51: 黑松露野菇義大利麵 | F51: =VLOOKUP(D51,廠價表!$C$1:$E$43,3,0) -> 50.289 | G51: 957 | H51: =F51*G51 -> 48126.573 | J51: =VLOOKUP(D51,產線配置圖!$A$3:$C$40,2,0) -> 17 | K51: =VLOOKUP(D51,產線配置圖!$A$3:$C$40,3,0) -> 1636 | L51: =K51/J51 -> 96.235294 | M51: 17 | N51: =G51/W51*60 -> 1367.1429 | O51: =N51/M51 -> 80.420168 | P51: =M51-J51 -> 0 | Q51: =O51-L51 -> -15.815126 | R51: =O51/L51 -> 0.83566189 | T51: 0.43055556 | U51: 0.45972222 | V51: =(T51-U50)*24*60 -> 10 | W51: =(U51-T51)*24*60 -> 42 | AF51: =N51-K51 -> -268.85714 | AG51: =N51/K51 -> 0.83566189
B52: 義大利麵 | D52: 黑松露野菇義大利麵 | F52: =VLOOKUP(D52,廠價表!$C$1:$E$43,3,0) -> 50.289 | G52: 1147 | H52: =F52*G52 -> 57681.483 | J52: =VLOOKUP(D52,產線配置圖!$A$3:$C$40,2,0) -> 17 | K52: =VLOOKUP(D52,產線配置圖!$A$3:$C$40,3,0) -> 1636 | L52: =K52/J52 -> 96.235294 | M52: 17 | N52: =G52/W52*60 -> 1564.0909 | O52: =N52/M52 -> 92.005348 | P52: =M52-J52 -> 0 | Q52: =O52-L52 -> -4.2299465 | R52: =O52/L52 -> 0.95604579 | T52: 0.52152778 | U52: 0.55208333 | V52: =(T52-U51)*24*60 -> 89 | W52: =(U52-T52)*24*60 -> 44 | X52: 0.47916667 | Y52: 0.52083333 | AF52: =N52-K52 -> -71.909091 | AG52: =N52/K52 -> 0.95604579
B53: 義大利麵 | D53: 焗烤起司雙饗筆尖麵 | F53: =VLOOKUP(D53,廠價表!$C$1:$E$43,3,0) -> 49.97 | G53: 1076 | H53: =F53*G53 -> 53767.72 | J53: =VLOOKUP(D53,產線配置圖!$A$3:$C$40,2,0) -> 16 | K53: =VLOOKUP(D53,產線配置圖!$A$3:$C$40,3,0) -> 1800 | L53: =K53/J53 -> 112.5 | M53: 16 | N53: =G53/W53*60 -> 1614 | O53: =N53/M53 -> 100.875 | P53: =M53-J53 -> 0 | Q53: =O53-L53 -> -11.625 | R53: =O53/L53 -> 0.89666667 | T53: 0.55902778 | U53: 0.58680556 | V53: =(T53-U52)*24*60 -> 10 | W53: =(U53-T53)*24*60 -> 40 | AF53: =N53-K53 -> -186 | AG53: =N53/K53 -> 0.89666667
W54: =(U54-T54)*24*60 -> 0
W55: =(U55-T55)*24*60 -> 0
W56: =(U56-T56)*24*60 -> 0
W57: =(U57-T57)*24*60 -> 0
C58: 4度二組C2 | D58: 平均 | J58: =AVERAGE(J49:J57) -> 16.6 | K58: =AVERAGE(K49:K57) -> 1734.4 | L58: =AVERAGE(L49:L57) -> 104.67059 | M58: =AVERAGE(M49:M57) -> 16.6 | N58: =AVERAGE(N49:N57) -> 1554.5564 | O58: =AVERAGE(O49:O57) -> 93.820171 | P58: =M58-J58 -> 0 | Q58: =N58-K58 -> -179.84363 | R58: =O58/L58 -> 0.89633748 | Z58: =SUM(Z49:Z57) -> 0 | AA58: =SUM(AA49:AA57) -> 0 | AD58: =SUM(AD49:AD57) -> 0 | AE58: =SUM(AE49:AE57) -> 0 | AF58: =N58-K58 -> -179.84363 | AG58: =N58/K58 -> 0.89630787
A59: 調理包一線 (八爪機) | B59: 小吃、微波 | D59: 小滷青蔬 | F59: =VLOOKUP(D59,廠價表!$C$1:$E$43,3,0) -> 26.99 | G59: 2782 | H59: =F59*G59 -> 75086.18 | J59: =VLOOKUP(D59,產線配置圖!$A$3:$C$40,2,0) -> 15 | K59: =VLOOKUP(D59,產線配置圖!$A$3:$C$40,3,0) -> 1636 | L59: =K59/J59 -> 109.06667 | M59: 15 | N59: =G59/W59*60 -> 1560 | O59: =N59/M59 -> 104 | P59: =M59-J59 -> 0 | Q59: =O59-L59 -> -5.0666667 | R59: =O59/L59 -> 0.95354523 | S59: =R69 -> 0.92027891 | T59: 0.28819444 | U59: 0.3625 | W59: =(U59-T59)*24*60 -> 107 | AF59: =N59-K59 -> -76 | AG59: =N59/K59 -> 0.95354523 | AH59: =AG69 -> 0.92249667
B60: 小吃、微波 | D60: 起司馬鈴薯 | F60: =VLOOKUP(D60,廠價表!$C$1:$E$43,3,0) -> 28.26 | G60: 1448 | H60: =F60*G60 -> 40920.48 | J60: =VLOOKUP(D60,產線配置圖!$A$3:$C$40,2,0) -> 11 | K60: =VLOOKUP(D60,產線配置圖!$A$3:$C$40,3,0) -> 1636 | L60: =K60/J60 -> 148.72727 | M60: 11 | N60: =G60/W60*60 -> 1579.6364 | O60: =N60/M60 -> 143.60331 | P60: =M60-J60 -> 0 | Q60: =O60-L60 -> -5.1239669 | R60: =O60/L60 -> 0.9655479 | T60: 0.36944444 | U60: 0.40763889 | V60: =(T60-U59)*24*60 -> 10 | W60: =(U60-T60)*24*60 -> 55 | AF60: =N60-K60 -> -56.363636 | AG60: =N60/K60 -> 0.9655479
B61: 小吃、微波 | D61: 韓式炒冬粉 | F61: =VLOOKUP(D61,廠價表!$C$1:$E$43,3,0) -> 28.26 | G61: 1743 | H61: =F61*G61 -> 49257.18 | J61: =VLOOKUP(D61,產線配置圖!$A$3:$C$40,2,0) -> 11 | K61: =VLOOKUP(D61,產線配置圖!$A$3:$C$40,3,0) -> 1636 | L61: =K61/J61 -> 148.72727 | M61: 11 | N61: =G61/W61*60 -> 1358.1818 | O61: =N61/M61 -> 123.47107 | P61: =M61-J61 -> 0 | Q61: =O61-L61 -> -25.256198 | R61: =O61/L61 -> 0.83018449 | T61: 0.41527778 | U61: 0.46875 | V61: =(T61-U60)*24*60 -> 11 | W61: =(U61-T61)*24*60 -> 77 | AF61: =N61-K61 -> -277.81818 | AG61: =N61/K61 -> 0.83018449
B62: 小吃、微波 | D62: 麻辣雞心 | F62: =VLOOKUP(D62,廠價表!$C$1:$E$43,3,0) -> 28.26 | G62: 1539 | H62: =F62*G62 -> 43492.14 | J62: =VLOOKUP(D62,產線配置圖!$A$3:$C$40,2,0) -> 11 | K62: =VLOOKUP(D62,產線配置圖!$A$3:$C$40,3,0) -> 1636 | L62: =K62/J62 -> 148.72727 | M62: 11 | N62: =G62/W62*60 -> 1539 | O62: =N62/M62 -> 139.90909 | P62: =M62-J62 -> 0 | Q62: =O62-L62 -> -8.8181818 | R62: =O62/L62 -> 0.94070905 | T62: 0.52430556 | U62: 0.56597222 | V62: =(T62-U61)*24*60 -> 80 | W62: =(U62-T62)*24*60 -> 60 | X62: 0.50347222 | Y62: 0.54513889 | AF62: =N62-K62 -> -97 | AG62: =N62/K62 -> 0.94070905
W63: =(U63-T63)*24*60 -> 0
W64: =(U64-T64)*24*60 -> 0
W65: =(U65-T65)*24*60 -> 0
W66: =(U66-T66)*24*60 -> 0
W67: =(U67-T67)*24*60 -> 0
H68: =F68*G68 -> 0 | W68: =(U68-T68)*24*60 -> 0
C69: 4度三組 | D69: 平均 | J69: =AVERAGE(J59:J68) -> 12 | K69: =AVERAGE(K59:K68) -> 1636 | L69: =AVERAGE(L59:L68) -> 138.81212 | M69: =AVERAGE(M59:M68) -> 12 | N69: =AVERAGE(N59:N68) -> 1509.2045 | O69: =AVERAGE(O59:O68) -> 127.74587 | P69: =M69-J69 -> 0 | Q69: =N69-K69 -> -126.79545 | R69: =O69/L69 -> 0.92027891 | Z69: =SUM(Z59:Z68) -> 0 | AA69: =SUM(AA59:AA68) -> 0 | AD69: =SUM(AD59:AD68) -> 0 | AE69: =SUM(AE59:AE68) -> 0 | AF69: =N69-K69 -> -126.79545 | AG69: =N69/K69 -> 0.92249667
A70: 調理包二線 (手工) | B70: 義大利麵 | D70: 焗烤起司肉醬筆尖麵 | F70: 50.67 | G70: 968 | H70: =F70*G70 -> 49048.56 | J70: =VLOOKUP(D70,產線配置圖!$A$3:$C$40,2,0) -> 13 | K70: =VLOOKUP(D70,產線配置圖!$A$3:$C$40,3,0) -> 1440 | L70: =K70/J70 -> 110.76923 | M70: 13 | N70: =G70/W70*60 -> 968 | O70: =N70/M70 -> 74.461538 | P70: =M70-J70 -> 0 | Q70: =O70-L70 -> -36.307692 | R70: =O70/L70 -> 0.67222222 | S70: =R79 -> 0.83196621 | T70: 0.29166667 | U70: 0.33333333 | W70: =(U70-T70)*24*60 -> 60 | Z70: 1 | AA70: 13 | AB70: 7:30-7:43L型封口機異常 | AF70: =N70-K70 -> -472 | AG70: =N70/K70 -> 0.67222222 | AH70: =AG79 -> 0.8203814
B71: 小吃、微波 | D71: 麻辣雞心 | F71: =VLOOKUP(D71,廠價表!$C$1:$E$43,3,0) -> 28.26 | G71: 1340 | H71: =F71*G71 -> 37868.4 | J71: =VLOOKUP(D71,產線配置圖!$A$3:$C$40,2,0) -> 11 | K71: =VLOOKUP(D71,產線配置圖!$A$3:$C$40,3,0) -> 1636 | L71: =K71/J71 -> 148.72727 | M71: 10 | N71: =G71/W71*60 -> 1236.9231 | O71: =N71/M71 -> 123.69231 | P71: =M71-J71 -> -1 | Q71: =O71-L71 -> -25.034965 | R71: =O71/L71 -> 0.831672 | T71: 0.375 | U71: 0.42013889 | V71: =(T71-U70)*24*60 -> 60 | W71: =(U71-T71)*24*60 -> 65 | AF71: -300.3125 | AG71: 0.80810703
B72: 義大利麵 | D72: 蕃茄莎莎海鮮冷義大利麵 | F72: =VLOOKUP(D72,廠價表!$C$1:$E$43,3,0) -> 46.34 | G72: 1549 | H72: =F72*G72 -> 71780.66 | J72: =VLOOKUP(D72,產線配置圖!$A$3:$C$40,2,0) -> 16 | K72: =VLOOKUP(D72,產線配置圖!$A$3:$C$40,3,0) -> 1500 | L72: =K72/J72 -> 93.75 | M72: 16 | N72: =G72/W72*60 -> 1327.7143 | O72: =N72/M72 -> 82.982143 | P72: =M72-J72 -> 0 | Q72: =O72-L72 -> -10.767857 | R72: =O72/L72 -> 0.88514286 | T72: 0.43055556 | U72: 0.47916667 | V72: =(T72-U71)*24*60 -> 15 | W72: =(U72-T72)*24*60 -> 70 | AF72: -130.33333 | AG72: 0.91671991
B73: 義大利麵 | D73: 蕃茄莎莎海鮮冷義大利麵 | F73: =VLOOKUP(D73,廠價表!$C$1:$E$43,3,0) -> 46.34 | G73: 2783 | H73: =F73*G73 -> 128964.22 | J73: =VLOOKUP(D73,產線配置圖!$A$3:$C$40,2,0) -> 16 | K73: =VLOOKUP(D73,產線配置圖!$A$3:$C$40,3,0) -> 1500 | L73: =K73/J73 -> 93.75 | M73: 16 | N73: =G73/W73*60 -> 1452 | O73: =N73/M73 -> 90.75 | P73: =M73-J73 -> 0 | Q73: =O73-L73 -> -3 | R73: =O73/L73 -> 0.968 | T73: 0.54513889 | U73: 0.625 | V73: =(T73-U72)*24*60 -> 95 | W73: =(U73-T73)*24*60 -> 115
W74: =(U74-T74)*24*60 -> 0
W75: =(U75-T75)*24*60 -> 0
W76: =(U76-T76)*24*60 -> 0
W77: =(U77-T77)*24*60 -> 0
W78: =(U78-T78)*24*60 -> 0
C79: 4度四組 | D79: 平均 | J79: =AVERAGE(J70:J78) -> 14 | K79: =AVERAGE(K70:K78) -> 1519 | L79: =AVERAGE(L70:L78) -> 111.74913 | M79: =AVERAGE(M70:M78) -> 13.75 | N79: =AVERAGE(N70:N78) -> 1246.1593 | O79: =AVERAGE(O70:O78) -> 92.971497 | P79: =M79-J79 -> -0.25 | Q79: =N79-K79 -> -272.84066 | R79: =O79/L79 -> 0.83196621 | Z79: =SUM(Z70:Z78) -> 1 | AA79: =SUM(AA70:AA78) -> 13 | AD79: =SUM(AD70:AD78) -> 0 | AE79: =SUM(AE70:AE78) -> 0 | AF79: =N79-K79 -> -272.84066 | AG79: =N79/K79 -> 0.8203814
AJ80: 1.當日出勤人數較多
AJ81: 2.當日出勤人數較少
AJ82: 3.當日出勤熟手較少
AJ83: 4.當日出勤新人較多
AJ84: 5.機台夾盒
AJ85: 6.封膜不順
AJ86: 7.更換膠膜
AJ87: 8.更換碳帶
AJ88: 9.當日熱轉印碳帶異常
AJ89: 10.訂單量過少
AJ90: 11.新品上市，尚未熟悉
AJ91: 12.商品結構，產能較低
AJ92: 13.區域出貨，分段生產

Sheet 0704總 
B1: 長家廠組合室生產人時性分析
B3: 日期 | D3: 46207 | F3: 訂單量 | G3: ='0704'!E1 -> 61707 | I3: 營業額 | J3: ='0704'!G1 -> 2869729
B4: 項目 | D4: 3 | F4: ➀ | H4: ➁ | J4: ③ | L4: 異常停線 | N4: 短暫停線
B5: 人時性 | D5: 組合室 | F5: 全溫層 | H5: 義大利麵 | J5: 袋裝小吃、義麵 | L5: 合計次數 | M5: 時間 | N5: 合計次數 | O5: 設備次數
D6: 排關平均 | F6: =AVERAGE(D13:J13) -> 120.62052 | H6: =AVERAGE(D13:H13) -> 121.10873 | J6: =AVERAGE(I13:J13) -> 119.39998 | L6: =SUM(D18:J18) -> 0 | M6: =SUM(D19:J19) -> 0 | N6: =SUM(D20:J20) -> 0 | O6: =SUM(D20:J20) -> 0
D7: 實績平均 | F7: =AVERAGE(D14:J14) -> 110.61865 | H7: =AVERAGE(D14:H14) -> 111.32913 | J7: =AVERAGE(I14:J14) -> 108.84245 | L7: =AVERAGE(K14:L14) -> #DIV/0! | M7: =AVERAGE(L14:M14) -> #DIV/0! | N7: =AVERAGE(M14:N14) -> #DIV/0! | O7: =AVERAGE(N14:O14) -> #DIV/0!
D8: 達成率平均 | F8: =F7/F6 -> 0.91707986 | H8: =H7/H6 -> 0.91924938 | J8: =J7/J6 -> 0.91157845 | L8: =AVERAGE(K15:L15) -> #DIV/0! | M8: =AVERAGE(L15:M15) -> #DIV/0! | N8: =AVERAGE(M15:N15) -> #DIV/0! | O8: =AVERAGE(N15:O15) -> #DIV/0!
J9: ※現行日本鮮食廠以達成率80%為基本(即為現行KPI)
B10: 溫層 | D10: 4度C-各編組展開
B11: 編組 | D11: 1 | E11: 2 | F11: 3 | G11: 4 | H11: 5 | I11: 6 | J11: 7
D12: 自動1線 | E12: 自動2線 | F12: 手工3線 | G12: 手工4線 | H12: 手工5線 | I12: 調理包1線 | J12: 調理包2線
B13: 人時性 | C13: 排關 | D13: =VALUE('0704'!L15) -> 150 | E13: =VALUE('0704'!L26) -> 157.84421 | F13: =VALUE('0704'!L37) -> 92.238562 | G13: =VALUE('0704'!L48) -> 98.681481 | H13: =VALUE('0704'!L58) -> 106.77941 | I13: =VALUE('0704'!L69) -> 140.79515 | J13: ='0704'!L79 -> 98.004808
C14: 實績 | D14: =VALUE('0704'!O15) -> 141.97138 | E14: =VALUE('0704'!O26) -> 140.37218 | F14: =VALUE('0704'!O37) -> 87.877423 | G14: =VALUE('0704'!O48) -> 88.447048 | H14: =VALUE('0704'!O58) -> 97.977616 | I14: =VALUE('0704'!O69) -> 130.47147 | J14: ='0704'!O79 -> 87.213424
C15: 達成率 | D15: =D14/D13 -> 0.94647586 | E15: =E14/E13 -> 0.88930835 | F15: =F14/F13 -> 0.95271892 | G15: =G14/G13 -> 0.89628821 | H15: =H14/H13 -> 0.91757029 | I15: =I14/I13 -> 0.92667589 | J15: ='0704'!S70 -> 0.88988924
B16: 作業 時間 | C16: 開始 | D16: ='0704'!T5 -> 0.3 | E16: ='0704'!T16 -> 0.29861111 | F16: ='0704'!T27 -> 0.28819444 | G16: ='0704'!T38 -> 0.33333333 | H16: ='0704'!T49 -> 0.28958333 | I16: ='0704'!T59 -> 0.28819444 | J16: ='0704'!T70 -> 0.29722222
C17: 結束 | D17: 0.57638889 | E17: 0.59722222 | F17: 0.61111111 | G17: 0.57847222 | H17: 0.61805556 | I17: 0.57986111 | J17: 0.68402778
B18: 產線異常 (5分鐘以上) | C18: 次數 | D18: ='0704'!Z15 -> 0 | E18: ='0704'!Z26 -> 0 | F18: ='0704'!Z37 -> 0 | G18: ='0704'!Z48 -> 0 | H18: ='0704'!Z58 -> 0 | I18: ='0704'!Z69 -> 0 | J18: ='0704'!AA79 -> 0
C19: 時間/分 | D19: ='0704'!AA15 -> 0 | E19: ='0704'!AA26 -> 0 | F19: ='0704'!AA37 -> 0 | G19: ='0704'!AA48 -> 0 | H19: ='0704'!AA58 -> 0 | I19: ='0704'!AA69 -> 0 | J19: ='0704'!AB79 -> 0
B20: 短暫停線 (5分鐘以下) | C20: 次數 | D20: ='0704'!AD15 -> 0 | E20: ='0704'!AD26 -> 0 | F20: ='0704'!AD37 -> 0 | G20: ='0704'!AD48 -> 0 | H20: ='0704'!AD58 -> 0 | I20: ='0704'!AD69 -> 0 | J20: ='0704'!AD79 -> 0
C21: 設備次數 | D21: ='0704'!AE15 -> 0 | E21: ='0704'!AE26 -> 0 | F21: ='0704'!AE37 -> 0 | G21: ='0704'!AE48 -> 0 | H21: ='0704'!AE58 -> 0 | I21: ='0704'!AE69 -> 0 | J21: ='0704'!AE79 -> 0
B22: 配置人數 | D22: =VALUE('0704'!M15) -> 15 | E22: =VALUE('0704'!M26) -> 14.4 | F22: =VALUE('0704'!M37) -> 17.2 | G22: =VALUE('0704'!M48) -> 16.333333 | H22: =VALUE('0704'!M58) -> 16.5 | I22: =VALUE('0704'!M69) -> 11.2 | J22: ='0704'!M79 -> 14.25
B23: 主要應用設備 | D23: ET-600 | E23: ET-600 | F23: ET-55 | G23: ET-55 | H23: ET-55 | I23: 八爪機 | J23: 八爪機
B24: 次要應用設備 | H24: 封口機 | J24: 封口機
B25: 備註

Sheet 0704
A1: 長家廠4度C日報分析 | D1: 總生產量 | E1: =SUM(G5:G79) -> 61707 | F1: 營業額 | G1: =SUM(H5:H79) -> 2869729 | H1: 出勤人數 | I1: =M15+M26+M48+M58+M69+M79+M37 -> 104.88333 | J1: 產線配置圖 | M1: 生產實績 | P1: 人時性差異分析 | T1: 日報登錄 | Z1: 合計 次數 | AA1: 合計 時間/分 | AB1: 分析說明 | AD1: 合計 次數 | AE1: 合計 設備次數 | AF1: 產能差異分析
A2: 07月04日 星期六 | D2: 人時性 | E2: =AVERAGE(O15,O26,O37,O48,O58,O69,O79) -> 110.61865 | F2: 平均廠價 | G2: =G1/E1 -> 46.505729 | H2: 多次生產數 | I2: =COUNT(I5:I79) -> 0 | Z2: =Z15+Z26+Z37+Z48+Z58+Z69+Z79 -> 0 | AA2: =AA15+AA26+AA37+AA48+AA58+AA69+AA79 -> 0 | AD2: =AD15+AD26+AD37+AD48+AD58+AD69+AD79 -> 0 | AE2: =AE15+AE26+AE37+AE48+AE58+AE69+AE79 -> 0
A3: 線別 | B3: 品類 | D3: 品名 | F3: 廠價 | G3: 生產量 | H3: 營收 | I3: 多次 生產 | J3: 人數 | K3: 產能/時 | L3: 人時性 | M3: 人數 | N3: 產能/時 | O3: 人時性 | P3: 人數 | Q3: 人時性 | R3: 達成率 | S3: 達成率平均 | T3: 生產時間 | V3: 前置、換線時間/分 | W3: 稼動時間/分 | X3: 休息時間 | Z3: 產線異常統計 (5分鐘以上) | AD3: 短暫停線統計 (5分鐘以下) | AF3: 產能/時 | AG3: 達成率 | AH3: 達成率平均
T4: 開始 | U4: 結束 | X4: 開始 | Y4: 結束 | Z4: 次數 | AA4: 時間/分 | AD4: 總次數 | AE4: 設備因素(次數)
A5: 自動一線 (ET-600) | B5: 義大利麵 | D5: 白酒清炒鮮蛤義大利麵 | F5: =VLOOKUP(D5,廠價表!$C$1:$E$43,3,0) -> 56.87 | G5: 2525 | H5: =F5*G5 -> 143596.75 | J5: =VLOOKUP(D5,產線配置圖!$A$3:$C$40,2,0) -> 15 | K5: =VLOOKUP(D5,產線配置圖!$A$3:$C$40,3,0) -> 2250 | L5: =K5/J5 -> 150 | M5: 15 | N5: =G5/W5*60 -> 2164.2857 | O5: =N5/M5 -> 144.28571 | P5: =M5-J5 -> 0 | Q5: =O5-L5 -> -5.7142857 | R5: =O5/L5 -> 0.96190476 | S5: =R15 -> 0.94647586 | T5: 0.3 | U5: 0.34861111 | W5: =(U5-T5)*24*60 -> 70 | AF5: =N5-K5 -> -85.714286 | AG5: =N5/K5 -> 0.96190476 | AH5: =AG15 -> 0.94647586
B6: 義大利麵 | D6: 香煎魚排佐檸檬奶油義大利麵 | F6: =VLOOKUP(D6,廠價表!$C$1:$E$43,3,0) -> 58.17 | G6: 2203 | H6: =F6*G6 -> 128148.51 | J6: =VLOOKUP(D6,產線配置圖!$A$3:$C$40,2,0) -> 15 | K6: =VLOOKUP(D6,產線配置圖!$A$3:$C$40,3,0) -> 2250 | L6: =K6/J6 -> 150 | M6: 15 | N6: =G6/W6*60 -> 2131.9355 | O6: =N6/M6 -> 142.12903 | P6: =M6-J6 -> 0 | Q6: =O6-L6 -> -7.8709677 | R6: =O6/L6 -> 0.94752688 | T6: 0.35625 | U6: 0.39930556 | V6: =(T6-U5)*24*60 -> 11 | W6: =(U6-T6)*24*60 -> 62 | AF6: =N6-K6 -> -118.06452 | AG6: =N6/K6 -> 0.94752688
B7: 義大利麵 | D7: 奶油培根義大利麵 | F7: =VLOOKUP(D7,廠價表!$C$1:$E$43,3,0) -> 49.14 | G7: 3816 | H7: =F7*G7 -> 187518.24 | J7: =VLOOKUP(D7,產線配置圖!$A$3:$C$40,2,0) -> 15 | K7: =VLOOKUP(D7,產線配置圖!$A$3:$C$40,3,0) -> 2250 | L7: =K7/J7 -> 150 | M7: 15 | N7: =G7/W7*60 -> 2222.9126 | O7: =N7/M7 -> 148.19417 | P7: =M7-J7 -> 0 | Q7: =O7-L7 -> -1.8058252 | R7: =O7/L7 -> 0.98796117 | T7: 0.40763889 | U7: 0.47916667 | V7: =(T7-U6)*24*60 -> 12 | W7: =(U7-T7)*24*60 -> 103 | AF7: =N7-K7 -> -27.087379 | AG7: =N7/K7 -> 0.98796117
B8: 義大利麵 | D8: 奶油培根義大利麵 | F8: =VLOOKUP(D8,廠價表!$C$1:$E$43,3,0) -> 49.14 | G8: 1566 | H8: =F8*G8 -> 76953.24 | J8: =VLOOKUP(D8,產線配置圖!$A$3:$C$40,2,0) -> 15 | K8: =VLOOKUP(D8,產線配置圖!$A$3:$C$40,3,0) -> 2250 | L8: =K8/J8 -> 150 | M8: 15 | N8: =G8/W8*60 -> 1999.1489 | O8: =N8/M8 -> 133.2766 | P8: =M8-J8 -> 0 | Q8: =O8-L8 -> -16.723404 | R8: =O8/L8 -> 0.88851064 | T8: 0.54375 | U8: 0.57638889 | V8: =(T8-U7)*24*60 -> 93 | W8: =(U8-T8)*24*60 -> 47 | AF8: =N8-K8 -> -250.85106 | AG8: =N8/K8 -> 0.88851064
W9: =(U9-T9)*24*60 -> 0 | AF9: =N9-K9 -> 0 | AG9: =N9/K9 -> #DIV/0!
W10: =(U10-T10)*24*60 -> 0 | AF10: =N10-K10 -> 0 | AG10: =N10/K10 -> #DIV/0!
W11: =(U11-T11)*24*60 -> 0 | AF11: =N11-K11 -> 0 | AG11: =N11/K11 -> #DIV/0!
W12: =(U12-T12)*24*60 -> 0
W13: =(U13-T13)*24*60 -> 0
W14: =(U14-T14)*24*60 -> 0
C15: 4度一組 | D15: 平均 | J15: =AVERAGE(J5:J14) -> 15 | K15: =AVERAGE(K5:K14) -> 2250 | L15: =AVERAGE(L5:L14) -> 150 | M15: =AVERAGE(M5:M14) -> 15 | N15: =AVERAGE(N5:N14) -> 2129.5707 | O15: =AVERAGE(O5:O14) -> 141.97138 | P15: =M15-J15 -> 0 | Q15: =O15-L15 -> -8.0286207 | R15: =O15/L15 -> 0.94647586 | Z15: =SUM(Z5:Z14) -> 0 | AA15: =SUM(AA5:AA14) -> 0 | AD15: =SUM(AD5:AD14) -> 0 | AE15: =SUM(AE5:AE14) -> 0 | AF15: =N15-K15 -> -120.42931 | AG15: =N15/K15 -> 0.94647586
A16: 自動二線 (ET-600) | B16: 義大利麵 | D16: 青醬蛤蜊義大利麵 | F16: =VLOOKUP(D16,廠價表!$C$1:$E$43,3,0) -> 50.67 | G16: 3539 | H16: =F16*G16 -> 179321.13 | J16: =VLOOKUP(D16,產線配置圖!$A$3:$C$40,2,0) -> 14 | K16: =VLOOKUP(D16,產線配置圖!$A$3:$C$40,3,0) -> 2250 | L16: =K16/J16 -> 160.71429 | M16: 14 | N16: =G16/W16*60 -> 2081.7647 | O16: =N16/M16 -> 148.69748 | P16: =M16-J16 -> 0 | Q16: =O16-L16 -> -12.016807 | R16: =O16/L16 -> 0.92522876 | S16: =R26 -> 0.88930835 | T16: 0.29861111 | U16: 0.36944444 | W16: =(U16-T16)*24*60 -> 102 | AF16: =N16-K16 -> -168.23529 | AG16: =N16/K16 -> 0.92522876 | AH16: =AG26 -> 0.88721698
B17: 義大利麵 | D17: 蒜香奶油蝦蝦義大利麵 | F17: =VLOOKUP(D17,廠價表!$C$1:$E$43,3,0) -> 57.21 | G17: 1555 | H17: =F17*G17 -> 88961.55 | J17: =VLOOKUP(D17,產線配置圖!$A$3:$C$40,2,0) -> 17 | K17: =VLOOKUP(D17,產線配置圖!$A$3:$C$40,3,0) -> 2250 | L17: =K17/J17 -> 132.35294 | M17: 17 | N17: =G17/W17*60 -> 2120.4545 | O17: =N17/M17 -> 124.73262 | P17: =M17-J17 -> 0 | Q17: =O17-L17 -> -7.6203209 | R17: =O17/L17 -> 0.94242424 | T17: 0.37708333 | U17: 0.40763889 | V17: =(T17-U16)*24*60 -> 11 | W17: =(U17-T17)*24*60 -> 44 | AF17: =N17-K17 -> -129.54545 | AG17: =N17/K17 -> 0.94242424
B18: 義大利麵 | D18: 義式辣味嫩烤雞腿排義大利麵 | F18: =VLOOKUP(D18,廠價表!$C$1:$E$43,3,0) -> 56.61 | G18: 916 | H18: =F18*G18 -> 51854.76 | J18: =VLOOKUP(D18,產線配置圖!$A$3:$C$40,2,0) -> 15 | K18: =VLOOKUP(D18,產線配置圖!$A$3:$C$40,3,0) -> 2250 | L18: =K18/J18 -> 150 | M18: 15 | N18: =G18/W18*60 -> 1570.2857 | O18: =N18/M18 -> 104.68571 | P18: =M18-J18 -> 0 | Q18: =O18-L18 -> -45.314286 | R18: =O18/L18 -> 0.69790476 | T18: 0.41944444 | U18: 0.44375 | V18: =(T18-U17)*24*60 -> 17 | W18: =(U18-T18)*24*60 -> 35 | AB18: 生產數量少 | AF18: =N18-K18 -> -679.71429 | AG18: =N18/K18 -> 0.69790476
B19: 義大利麵 | D19: 義式蕃茄起司義大利麵 | F19: =VLOOKUP(D19,廠價表!$C$1:$E$43,3,0) -> 50.39 | G19: 1508 | H19: =F19*G19 -> 75988.12 | J19: =VLOOKUP(D19,產線配置圖!$A$3:$C$40,2,0) -> 13 | K19: =VLOOKUP(D19,產線配置圖!$A$3:$C$40,3,0) -> 2250 | L19: =K19/J19 -> 173.07692 | M19: 13 | N19: =G19/W19*60 -> 2104.186 | O19: =N19/M19 -> 161.86047 | P19: =M19-J19 -> 0 | Q19: =O19-L19 -> -11.216458 | R19: =O19/L19 -> 0.9351938 | T19: 0.44930556 | U19: 0.47916667 | V19: =(T19-U18)*24*60 -> 8 | W19: =(U19-T19)*24*60 -> 43 | AF19: =N19-K19 -> -145.81395 | AG19: =N19/K19 -> 0.9351938
B20: 義大利麵 | D20: 義式蕃茄起司義大利麵 | F20: =VLOOKUP(D20,廠價表!$C$1:$E$43,3,0) -> 50.39 | G20: 2806 | H20: =F20*G20 -> 141394.34 | J20: =VLOOKUP(D20,產線配置圖!$A$3:$C$40,2,0) -> 13 | K20: =VLOOKUP(D20,產線配置圖!$A$3:$C$40,3,0) -> 2250 | L20: =K20/J20 -> 173.07692 | M20: 13 | N20: =G20/W20*60 -> 2104.5 | O20: =N20/M20 -> 161.88462 | P20: =M20-J20 -> 0 | Q20: =O20-L20 -> -11.192308 | R20: =O20/L20 -> 0.93533333 | T20: 0.54166667 | U20: 0.59722222 | V20: =(T20-U19)*24*60 -> 90 | W20: =(U20-T20)*24*60 -> 80
W21: =(U21-T21)*24*60 -> 0
W22: 0
W23: =(U23-T23)*24*60 -> 0
W24: =(U24-T24)*24*60 -> 0
H25: =F25*G25 -> 0 | W25: =(U25-T25)*24*60 -> 0
C26: 4度二組A | D26: 平均 | J26: =AVERAGE(J16:J25) -> 14.4 | K26: =AVERAGE(K16:K25) -> 2250 | L26: =AVERAGE(L16:L25) -> 157.84421 | M26: =AVERAGE(M16:M25) -> 14.4 | N26: =AVERAGE(N16:N25) -> 1996.2382 | O26: =AVERAGE(O16:O25) -> 140.37218 | P26: =M26-J26 -> 0 | Q26: =O26-L26 -> -17.472036 | R26: =O26/L26 -> 0.88930835 | Z26: =SUM(Z16:Z25) -> 0 | AA26: =SUM(AA16:AA25) -> 0 | AD26: =SUM(AD16:AD25) -> 0 | AE26: =SUM(AE16:AE25) -> 0 | AF26: =N26-K26 -> -253.7618 | AG26: =N26/K26 -> 0.88721698
A27: 手工三線 (ET-55) | B27: 義大利麵 | D27: 義式蛋蛋青醬鮪魚冷義大利麵 | F27: =VLOOKUP(D27,廠價表!$C$1:$E$43,3,0) -> 45.66 | G27: 2438 | H27: =F27*G27 -> 111319.08 | J27: =VLOOKUP(D27,產線配置圖!$A$3:$C$40,2,0) -> 17 | K27: 1636 | L27: =K27/J27 -> 96.235294 | M27: 17 | N27: =G27/W27*60 -> 1590 | O27: =N27/M27 -> 93.529412 | P27: =M27-J27 -> 0 | Q27: =O27-L27 -> -2.7058824 | R27: =O27/L27 -> 0.97188264 | S27: =R37 -> 0.95271892 | T27: 0.28819444 | U27: 0.35208333 | W27: =(U27-T27)*24*60 -> 92 | AF27: =N27-K27 -> -46 | AG27: =N27/K27 -> 0.97188264 | AH27: =AG37 -> 0.93155421
B28: 義大利麵 | D28: 奶油鮮蝦明太子細扁麵 | F28: =VLOOKUP(D28,廠價表!$C$1:$E$43,3,0) -> 57.21 | G28: 2152 | H28: =F28*G28 -> 123115.92 | J28: =VLOOKUP(D28,產線配置圖!$A$3:$C$40,2,0) -> 18 | K28: =VLOOKUP(D28,產線配置圖!$A$3:$C$40,3,0) -> 1636 | L28: =K28/J28 -> 90.888889 | M28: 18 | N28: =G28/W28*60 -> 1519.0588 | O28: =N28/M28 -> 84.392157 | P28: =M28-J28 -> 0 | Q28: =O28-L28 -> -6.496732 | R28: =O28/L28 -> 0.92852006 | T28: 0.35763889 | U28: 0.41666667 | V28: =(T28-U27)*24*60 -> 8 | W28: =(U28-T28)*24*60 -> 85 | AF28: =N28-K28 -> -116.94118 | AG28: =N28/K28 -> 0.92852006
B29: 義大利麵 | D29: 焦糖拿鐵烤雞細扁麵 | F29: =VLOOKUP(D29,廠價表!$C$1:$E$43,3,0) -> 57.21 | G29: 1191 | H29: =F29*G29 -> 68137.11 | J29: =VLOOKUP(D29,產線配置圖!$A$3:$C$40,2,0) -> 18 | K29: =VLOOKUP(D29,產線配置圖!$A$3:$C$40,3,0) -> 1565 | L29: =K29/J29 -> 86.944444 | M29: 17 | N29: =G29/W29*60 -> 1429.2 | O29: =N29/M29 -> 84.070588 | P29: =M29-J29 -> -1 | Q29: =O29-L29 -> -2.8738562 | R29: =O29/L29 -> 0.96694606 | T29: 0.42222222 | U29: 0.45694444 | V29: =(T29-U28)*24*60 -> 8 | W29: =(U29-T29)*24*60 -> 50 | AF29: =N29-K29 -> -135.8 | AG29: =N29/K29 -> 0.91322684
B30: 義大利麵 | D30: 義式蛋蛋青醬鮪魚冷義大利麵 | F30: =VLOOKUP(D30,廠價表!$C$1:$E$43,3,0) -> 45.66 | G30: 1300 | H30: =F30*G30 -> 59358 | J30: =VLOOKUP(D30,產線配置圖!$A$3:$C$40,2,0) -> 17 | K30: 1636 | L30: =K30/J30 -> 96.235294 | M30: 17 | N30: =G30/W30*60 -> 1560 | O30: =N30/M30 -> 91.764706 | P30: =M30-J30 -> 0 | Q30: =O30-L30 -> -4.4705882 | R30: =O30/L30 -> 0.95354523 | T30: 0.52083333 | U30: 0.55555556 | V30: =(T30-U29)*24*60 -> 92 | W30: =(U30-T30)*24*60 -> 50 | AF30: =N30-K30 -> -76 | AG30: =N30/K30 -> 0.95354523
B31: 熱乾麵 | D31: 府城鹽水意麵 | F31: =VLOOKUP(D31,廠價表!$C$1:$E$43,3,0) -> 44.3 | G31: 1019 | H31: =F31*G31 -> 45141.7 | J31: =VLOOKUP(D31,產線配置圖!$A$3:$C$40,2,0) -> 18 | K31: =VLOOKUP(D31,產線配置圖!$A$3:$C$40,3,0) -> 1636 | L31: =K31/J31 -> 90.888889 | M31: 17 | N31: =G31/W31*60 -> 1455.7143 | O31: =N31/M31 -> 85.630252 | P31: =M31-J31 -> -1 | Q31: =O31-L31 -> -5.2586368 | R31: =O31/L31 -> 0.94214214 | T31: 0.58194444 | U31: 0.61111111 | V31: =(T31-U30)*24*60 -> 38 | W31: =(U31-T31)*24*60 -> 42 | AF31: =N31-K31 -> -180.28571 | AG31: =N31/K31 -> 0.88980091
W32: =(U32-T32)*24*60 -> 0
W33: =(U33-T33)*24*60 -> 0
W34: =(U34-T34)*24*60 -> 0
W35: =(U35-T35)*24*60 -> 0
H36: =F36*G36 -> 0 | W36: =(U36-T36)*24*60 -> 0
C37: 4度二組B | D37: 平均 | J37: =AVERAGE(J27:J36) -> 17.6 | K37: =AVERAGE(K27:K36) -> 1621.8 | L37: =AVERAGE(L27:L36) -> 92.238562 | M37: =AVERAGE(M27:M36) -> 17.2 | N37: =AVERAGE(N27:N36) -> 1510.7946 | O37: =AVERAGE(O27:O36) -> 87.877423 | P37: =M37-J37 -> -0.4 | Q37: =N37-K37 -> -111.00538 | R37: =O37/L37 -> 0.95271892 | Z37: =SUM(Z27:Z36) -> 0 | AA37: =SUM(AA27:AA36) -> 0 | AD37: =SUM(AD27:AD36) -> 0 | AE37: =SUM(AE27:AE36) -> 0 | AF37: =N37-K37 -> -111.00538 | AG37: =N37/K37 -> 0.93155421
A38: 手工四線 (ET-55) | B38: 熱乾麵 | D38: 青花椒麻雞肉拌麵 | F38: =VLOOKUP(D38,廠價表!$C$1:$E$43,3,0) -> 49.91 | G38: 2869 | H38: =F38*G38 -> 143191.79 | J38: =VLOOKUP(D38,產線配置圖!$A$3:$C$40,2,0) -> 15 | K38: =VLOOKUP(D38,產線配置圖!$A$3:$C$40,3,0) -> 1714 | L38: =K38/J38 -> 114.26667 | M38: 15 | N38: =G38/W38*60 -> 1639.4286 | O38: =N38/M38 -> 109.29524 | P38: =M38-J38 -> 0 | Q38: =O38-L38 -> -4.9714286 | R38: =O38/L38 -> 0.95649275 | S38: =R48 -> 0.89628821 | T38: 0.33333333 | U38: 0.40625 | W38: =(U38-T38)*24*60 -> 105 | AF38: =N38-K38 -> -74.571429 | AG38: =N38/K38 -> 0.95649275 | AH38: =AG48 -> 0.86085218
B39: 熱乾麵 | D39: 府城鹽水意麵 | F39: =VLOOKUP(D39,廠價表!$C$1:$E$43,3,0) -> 44.3 | G39: 2560 | H39: =F39*G39 -> 113408 | J39: =VLOOKUP(D39,產線配置圖!$A$3:$C$40,2,0) -> 18 | K39: =VLOOKUP(D39,產線配置圖!$A$3:$C$40,3,0) -> 1636 | L39: =K39/J39 -> 90.888889 | M39: 17 | N39: =G39/W39*60 -> 1359.292 | O39: =N39/M39 -> 79.958355 | P39: =M39-J39 -> -1 | Q39: =O39-L39 -> -10.930534 | R39: =O39/L39 -> 0.8797374 | T39: 0.41458333 | U39: 0.49305556 | V39: =(T39-U38)*24*60 -> 12 | W39: =(U39-T39)*24*60 -> 113 | AF39: =N39-K39 -> -276.70796 | AG39: =N39/K39 -> 0.8308631
B40: 熱乾麵 | D40: 府城鹽水意麵 | F40: =VLOOKUP(D40,廠價表!$C$1:$E$43,3,0) -> 44.3 | G40: 927 | H40: =F40*G40 -> 41066.1 | J40: =VLOOKUP(D40,產線配置圖!$A$3:$C$40,2,0) -> 18 | K40: =VLOOKUP(D40,產線配置圖!$A$3:$C$40,3,0) -> 1636 | L40: =K40/J40 -> 90.888889 | M40: 17 | N40: =G40/W40*60 -> 1293.4884 | O40: =N40/M40 -> 76.087551 | P40: =M40-J40 -> -1 | Q40: =O40-L40 -> -14.801338 | R40: =O40/L40 -> 0.8371491 | T40: 0.54861111 | U40: 0.57847222 | V40: =(T40-U39)*24*60 -> 80 | W40: =(U40-T40)*24*60 -> 43 | AF40: =N40-K40 -> -342.51163 | AG40: =N40/K40 -> 0.79064081
W41: =(U41-T41)*24*60 -> 0 | AF41: =N41-K41 -> 0 | AG41: =N41/K41 -> #DIV/0!
W42: =(U42-T42)*24*60 -> 0
W43: =(U43-T43)*24*60 -> 0
W44: =(U44-T44)*24*60 -> 0
W45: =(U45-T45)*24*60 -> 0
W46: =(U46-T46)*24*60 -> 0
H47: =F47*G47 -> 0 | W47: =(U47-T47)*24*60 -> 0
C48: 4度二組C1 | D48: 平均 | J48: =AVERAGE(J38:J47) -> 17 | K48: =AVERAGE(K38:K47) -> 1662 | L48: =AVERAGE(L38:L47) -> 98.681481 | M48: =AVERAGE(M38:M47) -> 16.333333 | N48: =AVERAGE(N38:N47) -> 1430.7363 | O48: =AVERAGE(O38:O47) -> 88.447048 | P48: =M48-J48 -> -0.66666667 | Q48: =N48-K48 -> -231.26367 | R48: =O48/L48 -> 0.89628821 | W48: =(U48-T48)*24*60 -> 0 | Z48: =SUM(Z38:Z47) -> 0 | AA48: =SUM(AA38:AA47) -> 0 | AD48: =SUM(AD38:AD47) -> 0 | AE48: =SUM(AE38:AE47) -> 0 | AF48: =N48-K48 -> -231.26367 | AG48: =N48/K48 -> 0.86085218
A49: 手工五線 (ET-55) | B49: 熱乾麵 | D49: 沙茶豬肉炒麵 | F49: =VLOOKUP(D49,廠價表!$C$1:$E$43,3,0) -> 49.52 | G49: 1907 | H49: =F49*G49 -> 94434.64 | J49: =VLOOKUP(D49,產線配置圖!$A$3:$C$40,2,0) -> 17 | K49: =VLOOKUP(D49,產線配置圖!$A$3:$C$40,3,0) -> 1800 | L49: =K49/J49 -> 105.88235 | M49: 17 | N49: =G49/W49*60 -> 1682.6471 | O49: =N49/M49 -> 98.979239 | P49: =M49-J49 -> 0 | Q49: =O49-L49 -> -6.9031142 | R49: =O49/L49 -> 0.93480392 | S49: =R58 -> 0.91757029 | T49: 0.28958333 | U49: 0.33680556 | W49: =(U49-T49)*24*60 -> 68 | AF49: =N49-K49 -> -117.35294 | AG49: =N49/K49 -> 0.93480392 | AH49: =AG58 -> 0.91798893
B50: 義大利麵 | D50: 黑松露野菇義大利麵 | F50: =VLOOKUP(D50,廠價表!$C$1:$E$43,3,0) -> 50.289 | G50: 2559 | H50: =F50*G50 -> 128689.55 | J50: =VLOOKUP(D50,產線配置圖!$A$3:$C$40,2,0) -> 17 | K50: =VLOOKUP(D50,產線配置圖!$A$3:$C$40,3,0) -> 1636 | L50: =K50/J50 -> 96.235294 | M50: 17 | N50: =G50/W50*60 -> 1520.198 | O50: =N50/M50 -> 89.423413 | P50: =M50-J50 -> 0 | Q50: =O50-L50 -> -6.8118812 | R50: =O50/L50 -> 0.92921639 | T50: 0.34375 | U50: 0.41388889 | V50: =(T50-U49)*24*60 -> 10 | W50: =(U50-T50)*24*60 -> 101 | AF50: =N50-K50 -> -115.80198 | AG50: =N50/K50 -> 0.92921639
B51: 義大利麵 | D51: 焗烤起司雙饗筆尖麵 | F51: =VLOOKUP(D51,廠價表!$C$1:$E$43,3,0) -> 49.97 | G51: 1726 | H51: =F51*G51 -> 86248.22 | J51: =VLOOKUP(D51,產線配置圖!$A$3:$C$40,2,0) -> 16 | K51: =VLOOKUP(D51,產線配置圖!$A$3:$C$40,3,0) -> 1800 | L51: =K51/J51 -> 112.5 | M51: 16 | N51: =G51/W51*60 -> 1618.125 | O51: =N51/M51 -> 101.13281 | P51: =M51-J51 -> 0 | Q51: =O51-L51 -> -11.367188 | R51: =O51/L51 -> 0.89895833 | T51: 0.42083333 | U51: 0.46527778 | V51: =(T51-U50)*24*60 -> 10 | W51: =(U51-T51)*24*60 -> 64 | AF51: =N51-K51 -> -181.875 | AG51: =N51/K51 -> 0.89895833
B52: 義大利麵 | D52: 焗烤起司雙饗筆尖麵 | F52: =VLOOKUP(D52,廠價表!$C$1:$E$43,3,0) -> 49.97 | G52: 3549 | H52: =F52*G52 -> 177343.53 | J52: =VLOOKUP(D52,產線配置圖!$A$3:$C$40,2,0) -> 16 | K52: =VLOOKUP(D52,產線配置圖!$A$3:$C$40,3,0) -> 1800 | L52: =K52/J52 -> 112.5 | M52: 16 | N52: =G52/W52*60 -> 1638 | O52: =N52/M52 -> 102.375 | P52: =M52-J52 -> 0 | Q52: =O52-L52 -> -10.125 | R52: =O52/L52 -> 0.91 | T52: 0.52777778 | U52: 0.61805556 | V52: =(T52-U51)*24*60 -> 90 | W52: =(U52-T52)*24*60 -> 130 | AF52: =N52-K52 -> -162 | AG52: =N52/K52 -> 0.91
W53: =(U53-T53)*24*60 -> 0 | AF53: =N53-K53 -> 0 | AG53: =N53/K53 -> #DIV/0!
W54: =(U54-T54)*24*60 -> 0
W55: =(U55-T55)*24*60 -> 0
W56: =(U56-T56)*24*60 -> 0
W57: =(U57-T57)*24*60 -> 0
C58: 4度二組C2 | D58: 平均 | J58: =AVERAGE(J49:J57) -> 16.5 | K58: =AVERAGE(K49:K57) -> 1759 | L58: =AVERAGE(L49:L57) -> 106.77941 | M58: =AVERAGE(M49:M57) -> 16.5 | N58: =AVERAGE(N49:N57) -> 1614.7425 | O58: =AVERAGE(O49:O57) -> 97.977616 | P58: =M58-J58 -> 0 | Q58: =N58-K58 -> -144.25748 | R58: =O58/L58 -> 0.91757029 | Z58: =SUM(Z49:Z57) -> 0 | AA58: =SUM(AA49:AA57) -> 0 | AD58: =SUM(AD49:AD57) -> 0 | AE58: =SUM(AE49:AE57) -> 0 | AF58: =N58-K58 -> -144.25748 | AG58: =N58/K58 -> 0.91798893
A59: 調理包一線 (八爪機) | B59: 小吃、微波 | D59: 小滷青蔬 | F59: =VLOOKUP(D59,廠價表!$C$1:$E$43,3,0) -> 26.99 | G59: 3393 | H59: =F59*G59 -> 91577.07 | J59: =VLOOKUP(D59,產線配置圖!$A$3:$C$40,2,0) -> 15 | K59: =VLOOKUP(D59,產線配置圖!$A$3:$C$40,3,0) -> 1636 | L59: =K59/J59 -> 109.06667 | M59: 15 | N59: =G59/W59*60 -> 1566 | O59: =N59/M59 -> 104.4 | P59: =M59-J59 -> 0 | Q59: =O59-L59 -> -4.6666667 | R59: =O59/L59 -> 0.95721271 | S59: =R69 -> 0.92667589 | T59: 0.28819444 | U59: 0.37847222 | W59: =(U59-T59)*24*60 -> 130 | AF59: =N59-K59 -> -70 | AG59: =N59/K59 -> 0.95721271 | AH59: =AG69 -> 0.87803382
B60: 小吃、微波 | D60: 起司馬鈴薯 | F60: =VLOOKUP(D60,廠價表!$C$1:$E$43,3,0) -> 28.26 | G60: 1672 | H60: =F60*G60 -> 47250.72 | J60: =VLOOKUP(D60,產線配置圖!$A$3:$C$40,2,0) -> 11 | K60: =VLOOKUP(D60,產線配置圖!$A$3:$C$40,3,0) -> 1636 | L60: =K60/J60 -> 148.72727 | M60: 11 | N60: =G60/W60*60 -> 1497.3134 | O60: =N60/M60 -> 136.1194 | P60: =M60-J60 -> 0 | Q60: =O60-L60 -> -12.60787 | R60: =O60/L60 -> 0.91522826 | T60: 0.38541667 | U60: 0.43194444 | V60: =(T60-U59)*24*60 -> 10 | W60: =(U60-T60)*24*60 -> 67 | AF60: =N60-K60 -> -138.68657 | AG60: =N60/K60 -> 0.91522826
B61: 小吃、微波 | D61: 麻辣雞心 | F61: =VLOOKUP(D61,廠價表!$C$1:$E$43,3,0) -> 28.26 | G61: 1919 | H61: =F61*G61 -> 54230.94 | J61: =VLOOKUP(D61,產線配置圖!$A$3:$C$40,2,0) -> 11 | K61: =VLOOKUP(D61,產線配置圖!$A$3:$C$40,3,0) -> 1636 | L61: =K61/J61 -> 148.72727 | M61: 8 | N61: =G61/W61*60 -> 1096.5714 | O61: =N61/M61 -> 137.07143 | P61: =M61-J61 -> -3 | Q61: =O61-L61 -> -11.655844 | R61: =O61/L61 -> 0.92162941 | T61: 0.41666667 | U61: 0.48958333 | V61: =(T61-U60)*24*60 -> -22 | W61: =(U61-T61)*24*60 -> 105 | AF61: =N61-K61 -> -539.42857 | AG61: =N61/K61 -> 0.67027593
B62: 小吃、微波 | D62: 韓式炒冬粉 | F62: =VLOOKUP(D62,廠價表!$C$1:$E$43,3,0) -> 28.26 | G62: 2043 | H62: =F62*G62 -> 57735.18 | J62: =VLOOKUP(D62,產線配置圖!$A$3:$C$40,2,0) -> 11 | K62: =VLOOKUP(D62,產線配置圖!$A$3:$C$40,3,0) -> 1636 | L62: =K62/J62 -> 148.72727 | M62: 11 | N62: =G62/W62*60 -> 1532.25 | O62: =N62/M62 -> 139.29545 | P62: =M62-J62 -> 0 | Q62: =O62-L62 -> -9.4318182 | R62: =O62/L62 -> 0.93658313 | T62: 0.43402778 | U62: 0.48958333 | V62: =(T62-U61)*24*60 -> -80 | W62: =(U62-T62)*24*60 -> 80 | AF62: =N62-K62 -> -103.75 | AG62: =N62/K62 -> 0.93658313
B63: 小吃、微波 | D63: 麻辣雞心 | F63: =VLOOKUP(D63,廠價表!$C$1:$E$43,3,0) -> 28.26 | G63: 1366 | H63: =F63*G63 -> 38603.16 | J63: =VLOOKUP(D63,產線配置圖!$A$3:$C$40,2,0) -> 11 | K63: =VLOOKUP(D63,產線配置圖!$A$3:$C$40,3,0) -> 1636 | L63: =K63/J63 -> 148.72727 | M63: 11 | N63: =G63/W63*60 -> 1490.1818 | O63: =N63/M63 -> 135.47107 | P63: =M63-J63 -> 0 | Q63: =O63-L63 -> -13.256198 | R63: =O63/L63 -> 0.91086908 | T63: 0.54166667 | U63: 0.57986111 | V63: =(T63-U62)*24*60 -> 75 | W63: =(U63-T63)*24*60 -> 55
W64: =(U64-T64)*24*60 -> 0
W65: =(U65-T65)*24*60 -> 0
W66: =(U66-T66)*24*60 -> 0
W67: =(U67-T67)*24*60 -> 0
H68: =F68*G68 -> 0 | W68: =(U68-T68)*24*60 -> 0
C69: 4度三組 | D69: 平均 | J69: =AVERAGE(J59:J68) -> 11.8 | K69: =AVERAGE(K59:K68) -> 1636 | L69: =AVERAGE(L59:L68) -> 140.79515 | M69: =AVERAGE(M59:M68) -> 11.2 | N69: =AVERAGE(N59:N68) -> 1436.4633 | O69: =AVERAGE(O59:O68) -> 130.47147 | P69: =M69-J69 -> -0.6 | Q69: =N69-K69 -> -199.53666 | R69: =O69/L69 -> 0.92667589 | Z69: =SUM(Z59:Z68) -> 0 | AA69: =SUM(AA59:AA68) -> 0 | AD69: =SUM(AD59:AD68) -> 0 | AE69: =SUM(AE59:AE68) -> 0 | AF69: =N69-K69 -> -199.53666 | AG69: =N69/K69 -> 0.87803382
A70: 調理包二線 (手工) | B70: 義大利麵 | D70: 蕃茄莎莎海鮮冷義大利麵 | F70: =VLOOKUP(D70,廠價表!$C$1:$E$43,3,0) -> 46.34 | G70: 2505 | H70: =F70*G70 -> 116081.7 | J70: =VLOOKUP(D70,產線配置圖!$A$3:$C$40,2,0) -> 16 | K70: =VLOOKUP(D70,產線配置圖!$A$3:$C$40,3,0) -> 1500 | L70: =K70/J70 -> 93.75 | M70: 14 | N70: =G70/W70*60 -> 1183.4646 | O70: =N70/M70 -> 84.533183 | P70: =M70-J70 -> -2 | Q70: =O70-L70 -> -9.2168166 | R70: =O70/L70 -> 0.90168729 | S70: =R79 -> 0.88988924 | T70: 0.29722222 | U70: 0.38541667 | W70: =(U70-T70)*24*60 -> 127 | AF70: =N70-K70 -> -316.53543 | AG70: =N70/K70 -> 0.78897638 | AH70: =AG79 -> 0.83413714
B71: 義大利麵 | D71: 焗烤起司肉醬筆尖麵 | F71: 50.67 | G71: 1259 | H71: =F71*G71 -> 63793.53 | J71: =VLOOKUP(D71,產線配置圖!$A$3:$C$40,2,0) -> 13 | K71: =VLOOKUP(D71,產線配置圖!$A$3:$C$40,3,0) -> 1440 | L71: =K71/J71 -> 110.76923 | M71: 11 | N71: =G71/W71*60 -> 1007.2 | O71: =N71/M71 -> 91.563636 | P71: =M71-J71 -> -2 | Q71: =O71-L71 -> -19.205594 | R71: =O71/L71 -> 0.82661616 | T71: 0.39583333 | U71: 0.44791667 | V71: =(T71-U70)*24*60 -> 15 | W71: =(U71-T71)*24*60 -> 75 | AF71: -300.3125 | AG71: 0.80810703
B72: 義大利麵 | D72: 蕃茄莎莎海鮮冷義大利麵 | F72: =VLOOKUP(D72,廠價表!$C$1:$E$43,3,0) -> 46.34 | G72: 1766 | H72: =F72*G72 -> 81836.44 | J72: =VLOOKUP(D72,產線配置圖!$A$3:$C$40,2,0) -> 16 | K72: =VLOOKUP(D72,產線配置圖!$A$3:$C$40,3,0) -> 1500 | L72: =K72/J72 -> 93.75 | M72: 16 | N72: =G72/W72*60 -> 1292.1951 | O72: =N72/M72 -> 80.762195 | P72: =M72-J72 -> 0 | Q72: =O72-L72 -> -12.987805 | R72: =O72/L72 -> 0.86146341 | T72: 0.53125 | U72: 0.58819444 | V72: =(T72-U71)*24*60 -> 120 | W72: =(U72-T72)*24*60 -> 82 | AF72: -130.33333 | AG72: 0.91671991
B73: 義大利麵 | D73: 蕃茄莎莎海鮮冷義大利麵 | F73: =VLOOKUP(D73,廠價表!$C$1:$E$43,3,0) -> 46.34 | G73: 1153 | H73: =F73*G73 -> 53430.02 | J73: =VLOOKUP(D73,產線配置圖!$A$3:$C$40,2,0) -> 16 | K73: =VLOOKUP(D73,產線配置圖!$A$3:$C$40,3,0) -> 1500 | L73: =K73/J73 -> 93.75 | M73: 16 | N73: =G73/W73*60 -> 1471.9149 | O73: =N73/M73 -> 91.994681 | P73: =M73-J73 -> 0 | Q73: =O73-L73 -> -1.7553191 | R73: =O73/L73 -> 0.9812766 | T73: 0.65138889 | U73: 0.68402778 | V73: =(T73-U72)*24*60 -> 91 | W73: =(U73-T73)*24*60 -> 47
W74: =(U74-T74)*24*60 -> 0
W75: =(U75-T75)*24*60 -> 0
W76: =(U76-T76)*24*60 -> 0
W77: =(U77-T77)*24*60 -> 0
H78: =F78*G78 -> 0 | W78: =(U78-T78)*24*60 -> 0
C79: 4度四組 | D79: 平均 | J79: =AVERAGE(J70:J78) -> 15.25 | K79: =AVERAGE(K70:K78) -> 1485 | L79: =AVERAGE(L70:L78) -> 98.004808 | M79: =AVERAGE(M70:M78) -> 14.25 | N79: =AVERAGE(N70:N78) -> 1238.6936 | O79: =AVERAGE(O70:O78) -> 87.213424 | P79: =M79-J79 -> -1 | Q79: =N79-K79 -> -246.30635 | R79: =O79/L79 -> 0.88988924 | Z79: =SUM(Z70:Z78) -> 0 | AA79: =SUM(AA70:AA78) -> 0 | AD79: =SUM(AD70:AD78) -> 0 | AE79: =SUM(AE70:AE78) -> 0 | AF79: =N79-K79 -> -246.30635 | AG79: =N79/K79 -> 0.83413714
AJ80: 1.當日出勤人數較多
AJ81: 2.當日出勤人數較少
AJ82: 3.當日出勤熟手較少
AJ83: 4.當日出勤新人較多
AJ84: 5.機台夾盒
AJ85: 6.封膜不順
AJ86: 7.更換膠膜
AJ87: 8.更換碳帶
AJ88: 9.當日熱轉印碳帶異常
AJ89: 10.訂單量過少
AJ90: 11.新品上市，尚未熟悉
AJ91: 12.商品結構，產能較低
AJ92: 13.區域出貨，分段生產

Sheet 0705總
B1: 長家廠組合室生產人時性分析
B3: 日期 | D3: 46208 | F3: 訂單量 | G3: ='0705'!E1 -> 73271 | I3: 營業額 | J3: ='0705'!G1 -> 3411803
B4: 項目 | D4: 3 | F4: ➀ | H4: ➁ | J4: ③ | L4: 異常停線 | N4: 短暫停線
B5: 人時性 | D5: 組合室 | F5: 全溫層 | H5: 義大利麵 | J5: 袋裝小吃、義麵 | L5: 合計次數 | M5: 時間 | N5: 合計次數 | O5: 設備次數
D6: 排關平均 | F6: =AVERAGE(D13:J13) -> 122.55062 | H6: =AVERAGE(D13:H13) -> 122.58312 | J6: =AVERAGE(I13:J13) -> 122.46939 | L6: =SUM(D18:J18) -> 0 | M6: =SUM(D19:J19) -> 0 | N6: =SUM(D20:J20) -> 0 | O6: =SUM(D20:J20) -> 0
D7: 實績平均 | F7: =AVERAGE(D14:J14) -> 112.73922 | H7: =AVERAGE(D14:H14) -> 114.21247 | J7: =AVERAGE(I14:J14) -> 109.05608 | L7: =AVERAGE(K14:L14) -> #DIV/0! | M7: =AVERAGE(L14:M14) -> #DIV/0! | N7: =AVERAGE(M14:N14) -> #DIV/0! | O7: =AVERAGE(N14:O14) -> #DIV/0!
D8: 達成率平均 | F8: =F7/F6 -> 0.91993997 | H8: =H7/H6 -> 0.93171455 | J8: =J7/J6 -> 0.89047619 | L8: =AVERAGE(K15:L15) -> #DIV/0! | M8: =AVERAGE(L15:M15) -> #DIV/0! | N8: =AVERAGE(M15:N15) -> #DIV/0! | O8: =AVERAGE(N15:O15) -> #DIV/0!
J9: ※現行日本鮮食廠以達成率80%為基本(即為現行KPI)
B10: 溫層 | D10: 4度C-各編組展開
B11: 編組 | D11: 1 | E11: 2 | F11: 3 | G11: 4 | H11: 5 | I11: 6 | J11: 7
D12: 自動1線 | E12: 自動2線 | F12: 手工3線 | G12: 手工4線 | H12: 手工5線 | I12: 調理包1線 | J12: 調理包2線
B13: 人時性 | C13: 排關 | D13: =VALUE('0705'!L15) -> 150 | E13: =VALUE('0705'!L26) -> 158.32256 | F13: =VALUE('0705'!L37) -> 96.914118 | G13: =VALUE('0705'!L48) -> 101.70342 | H13: =VALUE('0705'!L58) -> 105.97549 | I13: =VALUE('0705'!L69) -> 132.86303 | J13: ='0705'!L79 -> 112.07576
C14: 實績 | D14: =VALUE('0705'!O15) -> 142.45391 | E14: =VALUE('0705'!O26) -> 147.45542 | F14: =VALUE('0705'!O37) -> 89.487448 | G14: =VALUE('0705'!O48) -> 92.321891 | H14: =VALUE('0705'!O58) -> 99.343697 | I14: =VALUE('0705'!O69) -> 122.02244 | J14: ='0705'!O79 -> 96.089717
C15: 達成率 | D15: =D14/D13 -> 0.94969276 | E15: =E14/E13 -> 0.93136076 | F15: =F14/F13 -> 0.92336855 | G15: =G14/G13 -> 0.90775603 | H15: =H14/H13 -> 0.93742145 | I15: =I14/I13 -> 0.91840778 | J15: ='0705'!S70 -> 0.85736398
B16: 作業 時間 | C16: 開始 | D16: ='0705'!T5 -> 0.3 | E16: ='0705'!T16 -> 0.30208333 | F16: ='0705'!T27 -> 0.29166667 | G16: ='0705'!T38 -> 0.33333333 | H16: ='0705'!T49 -> 0.29166667 | I16: ='0705'!T59 -> 0.29861111 | J16: ='0705'!T70 -> 0.29166667
C17: 結束 | D17: 0.61388889 | E17: 0.63194444 | F17: 0.64305556 | G17: 0.66666667 | H17: 0.69791667 | I17: 0.68402778 | J17: 0.70138889
B18: 產線異常 (5分鐘以上) | C18: 次數 | D18: ='0705'!Z15 -> 0 | E18: ='0705'!Z26 -> 0 | F18: ='0705'!Z37 -> 0 | G18: ='0705'!Z48 -> 0 | H18: ='0705'!Z58 -> 0 | I18: ='0705'!Z69 -> 0 | J18: ='0705'!AA79 -> 0
C19: 時間/分 | D19: ='0705'!AA15 -> 0 | E19: ='0705'!AA26 -> 0 | F19: ='0705'!AA37 -> 0 | G19: ='0705'!AA48 -> 0 | H19: ='0705'!AA58 -> 0 | I19: ='0705'!AA69 -> 0 | J19: ='0705'!AB79 -> 0
B20: 短暫停線 (5分鐘以下) | C20: 次數 | D20: ='0705'!AD15 -> 0 | E20: ='0705'!AD26 -> 0 | F20: ='0705'!AD37 -> 0 | G20: ='0705'!AD48 -> 0 | H20: ='0705'!AD58 -> 0 | I20: ='0705'!AD69 -> 0 | J20: ='0705'!AD79 -> 0
C21: 設備次數 | D21: ='0705'!AE15 -> 0 | E21: ='0705'!AE26 -> 0 | F21: ='0705'!AE37 -> 0 | G21: ='0705'!AE48 -> 0 | H21: ='0705'!AE58 -> 0 | I21: ='0705'!AE69 -> 0 | J21: ='0705'!AE79 -> 0
B22: 配置人數 | D22: =VALUE('0705'!M15) -> 15 | E22: =VALUE('0705'!M26) -> 14.333333 | F22: =VALUE('0705'!M37) -> 16.6 | G22: =VALUE('0705'!M48) -> 15.5 | H22: =VALUE('0705'!M58) -> 14.333333 | I22: =VALUE('0705'!M69) -> 11.8 | J22: ='0705'!M79 -> 13
B23: 主要應用設備 | D23: ET-600 | E23: ET-600 | F23: ET-55 | G23: ET-55 | H23: ET-55 | I23: 八爪機 | J23: 八爪機
B24: 次要應用設備 | H24: 封口機 | J24: 封口機
B25: 備註

Sheet 0705
A1: 長家廠4度C日報分析 | D1: 總生產量 | E1: =SUM(G5:G79) -> 73271 | F1: 營業額 | G1: =SUM(H5:H79) -> 3411803 | H1: 出勤人數 | I1: =M15+M26+M48+M58+M69+M79+M37 -> 100.56667 | J1: 產線配置圖 | M1: 生產實績 | P1: 人時性差異分析 | T1: 日報登錄 | Z1: 合計 次數 | AA1: 合計 時間/分 | AB1: 分析說明 | AD1: 合計 次數 | AE1: 合計 設備次數 | AF1: 產能差異分析
A2: 07月05日 星期日 | D2: 人時性 | E2: =AVERAGE(O15,O26,O37,O48,O58,O69,O79) -> 112.73922 | F2: 平均廠價 | G2: =G1/E1 -> 46.564166 | H2: 多次生產數 | I2: =COUNT(I5:I79) -> 0 | Z2: =Z15+Z26+Z37+Z48+Z58+Z69+Z79 -> 0 | AA2: =AA15+AA26+AA37+AA48+AA58+AA69+AA79 -> 0 | AD2: =AD15+AD26+AD37+AD48+AD58+AD69+AD79 -> 0 | AE2: =AE15+AE26+AE37+AE48+AE58+AE69+AE79 -> 0
A3: 線別 | B3: 品類 | D3: 品名 | F3: 廠價 | G3: 生產量 | H3: 營收 | I3: 多次 生產 | J3: 人數 | K3: 產能/時 | L3: 人時性 | M3: 人數 | N3: 產能/時 | O3: 人時性 | P3: 人數 | Q3: 人時性 | R3: 達成率 | S3: 達成率平均 | T3: 生產時間 | V3: 前置、換線時間/分 | W3: 稼動時間/分 | X3: 休息時間 | Z3: 產線異常統計 (5分鐘以上) | AD3: 短暫停線統計 (5分鐘以下) | AF3: 產能/時 | AG3: 達成率 | AH3: 達成率平均
T4: 開始 | U4: 結束 | X4: 開始 | Y4: 結束 | Z4: 次數 | AA4: 時間/分 | AD4: 總次數 | AE4: 設備因素(次數)
A5: 自動一線 (ET-600) | B5: 義大利麵 | D5: 白酒清炒鮮蛤義大利麵 | F5: =VLOOKUP(D5,廠價表!$C$1:$E$43,3,0) -> 56.87 | G5: 3105 | H5: =F5*G5 -> 176581.35 | J5: =VLOOKUP(D5,產線配置圖!$A$3:$C$40,2,0) -> 15 | K5: =VLOOKUP(D5,產線配置圖!$A$3:$C$40,3,0) -> 2250 | L5: =K5/J5 -> 150 | M5: 15 | N5: =G5/W5*60 -> 2191.7647 | O5: =N5/M5 -> 146.11765 | P5: =M5-J5 -> 0 | Q5: =O5-L5 -> -3.8823529 | R5: =O5/L5 -> 0.97411765 | S5: =R15 -> 0.94969276 | T5: 0.3 | U5: 0.35902778 | W5: =(U5-T5)*24*60 -> 85 | AF5: =N5-K5 -> -58.235294 | AG5: =N5/K5 -> 0.97411765 | AH5: =AG15 -> 0.94969276
B6: 義大利麵 | D6: 香煎魚排佐檸檬奶油義大利麵 | F6: =VLOOKUP(D6,廠價表!$C$1:$E$43,3,0) -> 58.17 | G6: 2701 | H6: =F6*G6 -> 157117.17 | J6: =VLOOKUP(D6,產線配置圖!$A$3:$C$40,2,0) -> 15 | K6: =VLOOKUP(D6,產線配置圖!$A$3:$C$40,3,0) -> 2250 | L6: =K6/J6 -> 150 | M6: 15 | N6: =G6/W6*60 -> 2132.3684 | O6: =N6/M6 -> 142.15789 | P6: =M6-J6 -> 0 | Q6: =O6-L6 -> -7.8421053 | R6: =O6/L6 -> 0.9477193 | T6: 0.36597222 | U6: 0.41875 | V6: =(T6-U5)*24*60 -> 10 | W6: =(U6-T6)*24*60 -> 76 | AF6: =N6-K6 -> -117.63158 | AG6: =N6/K6 -> 0.9477193
B7: 義大利麵 | D7: 奶油培根義大利麵 | F7: =VLOOKUP(D7,廠價表!$C$1:$E$43,3,0) -> 49.14 | G7: 2538 | H7: =F7*G7 -> 124717.32 | J7: =VLOOKUP(D7,產線配置圖!$A$3:$C$40,2,0) -> 15 | K7: =VLOOKUP(D7,產線配置圖!$A$3:$C$40,3,0) -> 2250 | L7: =K7/J7 -> 150 | M7: 15 | N7: =G7/W7*60 -> 2003.6842 | O7: =N7/M7 -> 133.57895 | P7: =M7-J7 -> 0 | Q7: =O7-L7 -> -16.421053 | R7: =O7/L7 -> 0.89052632 | T7: 0.42638889 | U7: 0.47916667 | V7: =(T7-U6)*24*60 -> 11 | W7: =(U7-T7)*24*60 -> 76 | AF7: =N7-K7 -> -246.31579 | AG7: =N7/K7 -> 0.89052632
B8: 義大利麵 | D8: 奶油培根義大利麵 | F8: =VLOOKUP(D8,廠價表!$C$1:$E$43,3,0) -> 49.14 | G8: 3810 | H8: =F8*G8 -> 187223.4 | J8: =VLOOKUP(D8,產線配置圖!$A$3:$C$40,2,0) -> 15 | K8: =VLOOKUP(D8,產線配置圖!$A$3:$C$40,3,0) -> 2250 | L8: =K8/J8 -> 150 | M8: 15 | N8: =G8/W8*60 -> 2219.4175 | O8: =N8/M8 -> 147.96117 | P8: =M8-J8 -> 0 | Q8: =O8-L8 -> -2.038835 | R8: =O8/L8 -> 0.98640777 | T8: 0.54236111 | U8: 0.61388889 | V8: =(T8-U7)*24*60 -> 91 | W8: =(U8-T8)*24*60 -> 103 | X8: 0.48611111 | Y8: 0.52777778 | AF8: =N8-K8 -> -30.582524 | AG8: =N8/K8 -> 0.98640777
W9: =(U9-T9)*24*60 -> 0 | AF9: =N9-K9 -> 0 | AG9: =N9/K9 -> #DIV/0!
W10: =(U10-T10)*24*60 -> 0 | AF10: =N10-K10 -> 0 | AG10: =N10/K10 -> #DIV/0!
W11: =(U11-T11)*24*60 -> 0 | AF11: =N11-K11 -> 0 | AG11: =N11/K11 -> #DIV/0!
W12: =(U12-T12)*24*60 -> 0
W13: =(U13-T13)*24*60 -> 0
W14: =(U14-T14)*24*60 -> 0
C15: 4度一組 | D15: 平均 | J15: =AVERAGE(J5:J14) -> 15 | K15: =AVERAGE(K5:K14) -> 2250 | L15: =AVERAGE(L5:L14) -> 150 | M15: =AVERAGE(M5:M14) -> 15 | N15: =AVERAGE(N5:N14) -> 2136.8087 | O15: =AVERAGE(O5:O14) -> 142.45391 | P15: =M15-J15 -> 0 | Q15: =O15-L15 -> -7.5460864 | R15: =O15/L15 -> 0.94969276 | Z15: =SUM(Z5:Z14) -> 0 | AA15: =SUM(AA5:AA14) -> 0 | AD15: =SUM(AD5:AD14) -> 0 | AE15: =SUM(AE5:AE14) -> 0 | AF15: =N15-K15 -> -113.1913 | AG15: =N15/K15 -> 0.94969276
A16: 自動二線 (ET-600) | B16: 義大利麵 | D16: 青醬蛤蜊義大利麵 | F16: =VLOOKUP(D16,廠價表!$C$1:$E$43,3,0) -> 50.67 | G16: 2497 | H16: =F16*G16 -> 126522.99 | J16: =VLOOKUP(D16,產線配置圖!$A$3:$C$40,2,0) -> 14 | K16: =VLOOKUP(D16,產線配置圖!$A$3:$C$40,3,0) -> 2250 | L16: =K16/J16 -> 160.71429 | M16: 14 | N16: =G16/W16*60 -> 2140.2857 | O16: =N16/M16 -> 152.87755 | P16: =M16-J16 -> 0 | Q16: =O16-L16 -> -7.8367347 | R16: =O16/L16 -> 0.9512381 | S16: =R26 -> 0.93136076 | T16: 0.30208333 | U16: 0.35069444 | W16: =(U16-T16)*24*60 -> 70 | AF16: =N16-K16 -> -109.71429 | AG16: =N16/K16 -> 0.9512381 | AH16: =AG26 -> 0.93007958
B17: 義大利麵 | D17: 蒜香奶油蝦蝦義大利麵 | F17: =VLOOKUP(D17,廠價表!$C$1:$E$43,3,0) -> 57.21 | G17: 1712 | H17: =F17*G17 -> 97943.52 | J17: =VLOOKUP(D17,產線配置圖!$A$3:$C$40,2,0) -> 17 | K17: =VLOOKUP(D17,產線配置圖!$A$3:$C$40,3,0) -> 2250 | L17: =K17/J17 -> 132.35294 | M17: 17 | N17: =G17/W17*60 -> 2096.3265 | O17: =N17/M17 -> 123.31333 | P17: =M17-J17 -> 0 | Q17: =O17-L17 -> -9.0396158 | R17: =O17/L17 -> 0.93170068 | T17: 0.35694444 | U17: 0.39097222 | V17: =(T17-U16)*24*60 -> 9 | W17: =(U17-T17)*24*60 -> 49 | AF17: =N17-K17 -> -153.67347 | AG17: =N17/K17 -> 0.93170068
B18: 義大利麵 | D18: 義式辣味嫩烤雞腿排義大利麵 | F18: =VLOOKUP(D18,廠價表!$C$1:$E$43,3,0) -> 56.61 | G18: 875 | H18: =F18*G18 -> 49533.75 | J18: =VLOOKUP(D18,產線配置圖!$A$3:$C$40,2,0) -> 15 | K18: =VLOOKUP(D18,產線配置圖!$A$3:$C$40,3,0) -> 2250 | L18: =K18/J18 -> 150 | M18: 15 | N18: =G18/W18*60 -> 1944.4444 | O18: =N18/M18 -> 129.62963 | P18: =M18-J18 -> 0 | Q18: =O18-L18 -> -20.37037 | R18: =O18/L18 -> 0.86419753 | T18: 0.4 | U18: 0.41875 | V18: =(T18-U17)*24*60 -> 13 | W18: =(U18-T18)*24*60 -> 27 | X18: 0.48611111 | Y18: 0.52777778 | AF18: =N18-K18 -> -305.55556 | AG18: =N18/K18 -> 0.86419753
B19: 義大利麵 | D19: 義式蕃茄起司義大利麵 | F19: =VLOOKUP(D19,廠價表!$C$1:$E$43,3,0) -> 50.39 | G19: 2706 | H19: =F19*G19 -> 136355.34 | J19: =VLOOKUP(D19,產線配置圖!$A$3:$C$40,2,0) -> 13 | K19: =VLOOKUP(D19,產線配置圖!$A$3:$C$40,3,0) -> 2250 | L19: =K19/J19 -> 173.07692 | M19: 13 | N19: =G19/W19*60 -> 2194.0541 | O19: =N19/M19 -> 168.77339 | P19: =M19-J19 -> 0 | Q19: =O19-L19 -> -4.3035343 | R19: =O19/L19 -> 0.97513514 | T19: 0.42777778 | U19: 0.47916667 | V19: =(T19-U18)*24*60 -> 13 | W19: =(U19-T19)*24*60 -> 74 | AF19: =N19-K19 -> -55.945946 | AG19: =N19/K19 -> 0.97513514
B20: 義大利麵 | D20: 義式蕃茄起司義大利麵 | F20: =VLOOKUP(D20,廠價表!$C$1:$E$43,3,0) -> 50.39 | G20: 2581 | H20: =F20*G20 -> 130056.59 | J20: =VLOOKUP(D20,產線配置圖!$A$3:$C$40,2,0) -> 13 | K20: =VLOOKUP(D20,產線配置圖!$A$3:$C$40,3,0) -> 2250 | L20: =K20/J20 -> 173.07692 | M20: 13 | N20: =G20/W20*60 -> 2092.7027 | O20: =N20/M20 -> 160.97713 | P20: =M20-J20 -> 0 | Q20: =O20-L20 -> -12.099792 | R20: =O20/L20 -> 0.93009009 | T20: 0.54166667 | U20: 0.59305556 | V20: =(T20-U19)*24*60 -> 90 | W20: =(U20-T20)*24*60 -> 74
B21: 義大利麵 | D21: 青醬蛤蜊義大利麵 | F21: =VLOOKUP(D21,廠價表!$C$1:$E$43,3,0) -> 50.67 | G21: 1601 | H21: =F21*G21 -> 81122.67 | J21: =VLOOKUP(D21,產線配置圖!$A$3:$C$40,2,0) -> 14 | K21: =VLOOKUP(D21,產線配置圖!$A$3:$C$40,3,0) -> 2250 | L21: =K21/J21 -> 160.71429 | M21: 14 | N21: =G21/W21*60 -> 2088.2609 | O21: =N21/M21 -> 149.16149 | P21: =M21-J21 -> 0 | Q21: =O21-L21 -> -11.552795 | R21: =O21/L21 -> 0.92811594 | T21: 0.6 | U21: 0.63194444 | V21: =(T21-U20)*24*60 -> 10 | W21: =(U21-T21)*24*60 -> 46
W22: 0
W23: =(U23-T23)*24*60 -> 0
H24: =F24*G24 -> 0 | W24: =(U24-T24)*24*60 -> 0
H25: =F25*G25 -> 0 | W25: =(U25-T25)*24*60 -> 0
C26: 4度二組A | D26: 平均 | J26: =AVERAGE(J16:J25) -> 14.333333 | K26: =AVERAGE(K16:K25) -> 2250 | L26: =AVERAGE(L16:L25) -> 158.32256 | M26: =AVERAGE(M16:M25) -> 14.333333 | N26: =AVERAGE(N16:N25) -> 2092.6791 | O26: =AVERAGE(O16:O25) -> 147.45542 | P26: =M26-J26 -> 0 | Q26: =O26-L26 -> -10.86714 | R26: =O26/L26 -> 0.93136076 | Z26: =SUM(Z16:Z25) -> 0 | AA26: =SUM(AA16:AA25) -> 0 | AD26: =SUM(AD16:AD25) -> 0 | AE26: =SUM(AE16:AE25) -> 0 | AF26: =N26-K26 -> -157.32095 | AG26: =N26/K26 -> 0.93007958
A27: 手工三線 (ET-55) | B27: 義大利麵 | D27: 義式蛋蛋青醬鮪魚冷義大利麵 | F27: =VLOOKUP(D27,廠價表!$C$1:$E$43,3,0) -> 45.66 | G27: 1727 | H27: =F27*G27 -> 78854.82 | J27: =VLOOKUP(D27,產線配置圖!$A$3:$C$40,2,0) -> 17 | K27: 1636 | L27: =K27/J27 -> 96.235294 | M27: 17 | N27: =G27/W27*60 -> 1480.2857 | O27: =N27/M27 -> 87.07563 | P27: =M27-J27 -> 0 | Q27: =O27-L27 -> -9.1596639 | R27: =O27/L27 -> 0.90482012 | S27: =R37 -> 0.92336855 | T27: 0.29166667 | U27: 0.34027778 | W27: =(U27-T27)*24*60 -> 70 | AF27: =N27-K27 -> -155.71429 | AG27: =N27/K27 -> 0.90482012 | AH27: =AG37 -> 0.9023464
B28: 義大利麵 | D28: 奶油鮮蝦明太子細扁麵 | F28: =VLOOKUP(D28,廠價表!$C$1:$E$43,3,0) -> 57.21 | G28: 2524 | H28: =F28*G28 -> 144398.04 | J28: =VLOOKUP(D28,產線配置圖!$A$3:$C$40,2,0) -> 18 | K28: =VLOOKUP(D28,產線配置圖!$A$3:$C$40,3,0) -> 1636 | L28: =K28/J28 -> 90.888889 | M28: 17 | N28: =G28/W28*60 -> 1402.2222 | O28: =N28/M28 -> 82.48366 | P28: =M28-J28 -> -1 | Q28: =O28-L28 -> -8.4052288 | R28: =O28/L28 -> 0.90752193 | T28: 0.34722222 | U28: 0.42222222 | V28: =(T28-U27)*24*60 -> 10 | W28: =(U28-T28)*24*60 -> 108 | AF28: =N28-K28 -> -233.77778 | AG28: =N28/K28 -> 0.85710405
B29: 義大利麵 | D29: 焦糖拿鐵烤雞細扁麵 | F29: =VLOOKUP(D29,廠價表!$C$1:$E$43,3,0) -> 57.21 | G29: 1220 | H29: =F29*G29 -> 69796.2 | J29: =VLOOKUP(D29,產線配置圖!$A$3:$C$40,2,0) -> 18 | K29: =VLOOKUP(D29,產線配置圖!$A$3:$C$40,3,0) -> 1565 | L29: =K29/J29 -> 86.944444 | M29: 17 | N29: =G29/W29*60 -> 1381.1321 | O29: =N29/M29 -> 81.243063 | P29: =M29-J29 -> -1 | Q29: =O29-L29 -> -5.7013812 | R29: =O29/L29 -> 0.93442501 | T29: 0.42708333 | U29: 0.46388889 | V29: =(T29-U28)*24*60 -> 7 | W29: =(U29-T29)*24*60 -> 53 | AF29: =N29-K29 -> -183.86792 | AG29: =N29/K29 -> 0.88251251
B30: 義大利麵 | D30: 義式蛋蛋青醬鮪魚冷義大利麵 | F30: =VLOOKUP(D30,廠價表!$C$1:$E$43,3,0) -> 45.66 | G30: 2791 | H30: =F30*G30 -> 127437.06 | J30: =VLOOKUP(D30,產線配置圖!$A$3:$C$40,2,0) -> 17 | K30: 1636 | L30: =K30/J30 -> 96.235294 | M30: 17 | N30: =G30/W30*60 -> 1481.9469 | O30: =N30/M30 -> 87.173347 | P30: =M30-J30 -> 0 | Q30: =O30-L30 -> -9.0619469 | R30: =O30/L30 -> 0.90583552 | T30: 0.52222222 | U30: 0.60069444 | V30: =(T30-U29)*24*60 -> 84 | W30: =(U30-T30)*24*60 -> 113 | X30: 0.49652778 | Y30: 0.53819444 | AF30: =N30-K30 -> -154.0531 | AG30: =N30/K30 -> 0.90583552
B31: 熱乾麵 | D31: 青花椒麻雞肉拌麵 | F31: =VLOOKUP(D31,廠價表!$C$1:$E$43,3,0) -> 49.91 | G31: 1423 | H31: =F31*G31 -> 71021.93 | J31: =VLOOKUP(D31,產線配置圖!$A$3:$C$40,2,0) -> 15 | K31: =VLOOKUP(D31,產線配置圖!$A$3:$C$40,3,0) -> 1714 | L31: =K31/J31 -> 114.26667 | M31: 15 | N31: =G31/W31*60 -> 1641.9231 | O31: =N31/M31 -> 109.46154 | P31: =M31-J31 -> 0 | Q31: =O31-L31 -> -4.8051282 | R31: =O31/L31 -> 0.95794812 | T31: 0.60694444 | U31: 0.64305556 | V31: =(T31-U30)*24*60 -> 9 | W31: =(U31-T31)*24*60 -> 52 | AF31: =N31-K31 -> -72.076923 | AG31: =N31/K31 -> 0.95794812
W32: =(U32-T32)*24*60 -> 0
W33: =(U33-T33)*24*60 -> 0
W34: =(U34-T34)*24*60 -> 0
W35: =(U35-T35)*24*60 -> 0
H36: =F36*G36 -> 0 | W36: =(U36-T36)*24*60 -> 0
C37: 4度二組B | D37: 平均 | J37: =AVERAGE(J27:J36) -> 17 | K37: =AVERAGE(K27:K36) -> 1637.4 | L37: =AVERAGE(L27:L36) -> 96.914118 | M37: =AVERAGE(M27:M36) -> 16.6 | N37: =AVERAGE(N27:N36) -> 1477.502 | O37: =AVERAGE(O27:O36) -> 89.487448 | P37: =M37-J37 -> -0.4 | Q37: =N37-K37 -> -159.898 | R37: =O37/L37 -> 0.92336855 | Z37: =SUM(Z27:Z36) -> 0 | AA37: =SUM(AA27:AA36) -> 0 | AD37: =SUM(AD27:AD36) -> 0 | AE37: =SUM(AE27:AE36) -> 0 | AF37: =N37-K37 -> -159.898 | AG37: =N37/K37 -> 0.9023464
A38: 手工四線 (ET-55) | B38: 義大利麵 | D38: 焗烤起司肉醬筆尖麵 | F38: 50.67 | G38: 1304 | H38: =F38*G38 -> 66073.68 | J38: =VLOOKUP(D38,產線配置圖!$A$3:$C$40,2,0) -> 13 | K38: =VLOOKUP(D38,產線配置圖!$A$3:$C$40,3,0) -> 1440 | L38: =K38/J38 -> 110.76923 | M38: 13 | N38: =G38/W38*60 -> 1304 | O38: =N38/M38 -> 100.30769 | P38: =M38-J38 -> 0 | Q38: =O38-L38 -> -10.461538 | R38: =O38/L38 -> 0.90555556 | S38: =R48 -> 0.90775603 | T38: 0.33333333 | U38: 0.375 | W38: =(U38-T38)*24*60 -> 60 | AF38: =N38-K38 -> -136 | AG38: =N38/K38 -> 0.90555556 | AH38: =AG48 -> 0.88265482
B39: 熱乾麵 | D39: 青花椒麻雞肉拌麵 | F39: =VLOOKUP(D39,廠價表!$C$1:$E$43,3,0) -> 49.91 | G39: 1996 | H39: =F39*G39 -> 99620.36 | J39: =VLOOKUP(D39,產線配置圖!$A$3:$C$40,2,0) -> 15 | K39: =VLOOKUP(D39,產線配置圖!$A$3:$C$40,3,0) -> 1714 | L39: =K39/J39 -> 114.26667 | M39: 15 | N39: =G39/W39*60 -> 1535.3846 | O39: =N39/M39 -> 102.35897 | P39: =M39-J39 -> 0 | Q39: =O39-L39 -> -11.907692 | R39: =O39/L39 -> 0.89579032 | T39: 0.38194444 | U39: 0.43611111 | V39: =(T39-U38)*24*60 -> 10 | W39: =(U39-T39)*24*60 -> 78 | AF39: =N39-K39 -> -178.61538 | AG39: =N39/K39 -> 0.89579032
B40: 熱乾麵 | D40: 府城鹽水意麵 | F40: =VLOOKUP(D40,廠價表!$C$1:$E$43,3,0) -> 44.3 | G40: 1713 | H40: =F40*G40 -> 75885.9 | J40: =VLOOKUP(D40,產線配置圖!$A$3:$C$40,2,0) -> 18 | K40: =VLOOKUP(D40,產線配置圖!$A$3:$C$40,3,0) -> 1636 | L40: =K40/J40 -> 90.888889 | M40: 17 | N40: =G40/W40*60 -> 1388.9189 | O40: =N40/M40 -> 81.701113 | P40: =M40-J40 -> -1 | Q40: =O40-L40 -> -9.187776 | R40: =O40/L40 -> 0.898912 | T40: 0.44305556 | U40: 0.49444444 | V40: =(T40-U39)*24*60 -> 10 | W40: =(U40-T40)*24*60 -> 74 | AF40: =N40-K40 -> -247.08108 | AG40: =N40/K40 -> 0.84897244
B41: 熱乾麵 | D41: 府城鹽水意麵 | F41: =VLOOKUP(D41,廠價表!$C$1:$E$43,3,0) -> 44.3 | G41: 3970 | H41: =F41*G41 -> 175871 | J41: =VLOOKUP(D41,產線配置圖!$A$3:$C$40,2,0) -> 18 | K41: =VLOOKUP(D41,產線配置圖!$A$3:$C$40,3,0) -> 1636 | L41: =K41/J41 -> 90.888889 | M41: 17 | N41: =G41/W41*60 -> 1443.6364 | O41: =N41/M41 -> 84.919786 | P41: =M41-J41 -> -1 | Q41: =O41-L41 -> -5.9691028 | R41: =O41/L41 -> 0.93432527 | T41: 0.55208333 | U41: 0.66666667 | V41: =(T41-U40)*24*60 -> 83 | W41: =(U41-T41)*24*60 -> 165 | AF41: =N41-K41 -> -192.36364 | AG41: =N41/K41 -> 0.88241832
W42: =(U42-T42)*24*60 -> 0
W43: =(U43-T43)*24*60 -> 0
W44: =(U44-T44)*24*60 -> 0
W45: =(U45-T45)*24*60 -> 0
W46: =(U46-T46)*24*60 -> 0
H47: =F47*G47 -> 0 | W47: =(U47-T47)*24*60 -> 0
C48: 4度二組C1 | D48: 平均 | J48: =AVERAGE(J38:J47) -> 16 | K48: =AVERAGE(K38:K47) -> 1606.5 | L48: =AVERAGE(L38:L47) -> 101.70342 | M48: =AVERAGE(M38:M47) -> 15.5 | N48: =AVERAGE(N38:N47) -> 1417.985 | O48: =AVERAGE(O38:O47) -> 92.321891 | P48: =M48-J48 -> -0.5 | Q48: =N48-K48 -> -188.51503 | R48: =O48/L48 -> 0.90775603 | W48: =(U48-T48)*24*60 -> 0 | Z48: =SUM(Z38:Z47) -> 0 | AA48: =SUM(AA38:AA47) -> 0 | AD48: =SUM(AD38:AD47) -> 0 | AE48: =SUM(AE38:AE47) -> 0 | AF48: =N48-K48 -> -188.51503 | AG48: =N48/K48 -> 0.88265482
A49: 手工五線 (ET-55) | B49: 熱乾麵 | D49: 沙茶豬肉炒麵 | F49: =VLOOKUP(D49,廠價表!$C$1:$E$43,3,0) -> 49.52 | G49: 2178 | H49: =F49*G49 -> 107854.56 | J49: =VLOOKUP(D49,產線配置圖!$A$3:$C$40,2,0) -> 17 | K49: =VLOOKUP(D49,產線配置圖!$A$3:$C$40,3,0) -> 1800 | L49: =K49/J49 -> 105.88235 | M49: 17 | N49: =G49/W49*60 -> 1765.9459 | O49: =N49/M49 -> 103.87917 | P49: =M49-J49 -> 0 | Q49: =O49-L49 -> -2.0031797 | R49: =O49/L49 -> 0.98108108 | S49: =R58 -> 0.93742145 | T49: 0.29166667 | U49: 0.34305556 | W49: =(U49-T49)*24*60 -> 74 | AF49: =N49-K49 -> -34.054054 | AG49: =N49/K49 -> 0.98108108 | AH49: =AG58 -> 0.80285515
B50: 義大利麵 | D50: 黑松露野菇義大利麵 | F50: =VLOOKUP(D50,廠價表!$C$1:$E$43,3,0) -> 50.289 | G50: 1942 | H50: =F50*G50 -> 97661.238 | J50: =VLOOKUP(D50,產線配置圖!$A$3:$C$40,2,0) -> 17 | K50: =VLOOKUP(D50,產線配置圖!$A$3:$C$40,3,0) -> 1636 | L50: =K50/J50 -> 96.235294 | M50: 16 | N50: =G50/W50*60 -> 1387.1429 | O50: =N50/M50 -> 86.696429 | P50: =M50-J50 -> -1 | Q50: =O50-L50 -> -9.5388655 | R50: =O50/L50 -> 0.90087976 | T50: 0.35833333 | U50: 0.41666667 | V50: =(T50-U49)*24*60 -> 22 | W50: =(U50-T50)*24*60 -> 84 | AF50: =N50-K50 -> -248.85714 | AG50: =N50/K50 -> 0.84788683
B51: 義大利麵 | D51: 焗烤起司雙饗筆尖麵 | F51: =VLOOKUP(D51,廠價表!$C$1:$E$43,3,0) -> 49.97 | G51: 2008 | H51: =F51*G51 -> 100339.76 | J51: =VLOOKUP(D51,產線配置圖!$A$3:$C$40,2,0) -> 16 | K51: =VLOOKUP(D51,產線配置圖!$A$3:$C$40,3,0) -> 1800 | L51: =K51/J51 -> 112.5 | M51: 16 | N51: =G51/W51*60 -> 1746.087 | O51: =N51/M51 -> 109.13043 | P51: =M51-J51 -> 0 | Q51: =O51-L51 -> -3.3695652 | R51: =O51/L51 -> 0.97004831 | T51: 0.42361111 | U51: 0.47152778 | V51: =(T51-U50)*24*60 -> 10 | W51: =(U51-T51)*24*60 -> 69 | AF51: =N51-K51 -> -53.913043 | AG51: =N51/K51 -> 0.97004831
B52: 義大利麵 | D52: 焗烤起司雙饗筆尖麵 | F52: =VLOOKUP(D52,廠價表!$C$1:$E$43,3,0) -> 49.97 | G52: 3788 | H52: =F52*G52 -> 189286.36 | J52: =VLOOKUP(D52,產線配置圖!$A$3:$C$40,2,0) -> 16 | K52: =VLOOKUP(D52,產線配置圖!$A$3:$C$40,3,0) -> 1800 | L52: =K52/J52 -> 112.5 | M52: 16 | N52: =G52/W52*60 -> 1696.1194 | O52: =N52/M52 -> 106.00746 | P52: =M52-J52 -> 0 | Q52: =O52-L52 -> -6.4925373 | R52: =O52/L52 -> 0.94228856 | T52: 0.53194444 | U52: 0.625 | V52: =(T52-U51)*24*60 -> 87 | W52: =(U52-T52)*24*60 -> 134 | X52: 0.47916667 | Y52: 0.52083333 | AF52: =N52-K52 -> -103.8806 | AG52: =N52/K52 -> 0.94228856
B53: 義大利麵 | D53: 黑松露野菇義大利麵 | F53: =VLOOKUP(D53,廠價表!$C$1:$E$43,3,0) -> 50.289 | G53: 1189 | H53: =F53*G53 -> 59793.621 | J53: =VLOOKUP(D53,產線配置圖!$A$3:$C$40,2,0) -> 17 | K53: =VLOOKUP(D53,產線配置圖!$A$3:$C$40,3,0) -> 1636 | L53: =K53/J53 -> 96.235294 | M53: 16 | N53: =G53/W53*60 -> 1251.5789 | O53: =N53/M53 -> 78.223684 | P53: =M53-J53 -> -1 | Q53: =O53-L53 -> -18.01161 | R53: =O53/L53 -> 0.81283779 | T53: 0.63055556 | U53: 0.67013889 | V53: =(T53-U52)*24*60 -> 8 | W53: =(U53-T53)*24*60 -> 57 | AF53: =N53-K53 -> -384.42105 | AG53: =N53/K53 -> 0.76502381
B54: 義大利麵 | D54: 焗烤起司雙饗筆尖麵 | F54: =VLOOKUP(D54,廠價表!$C$1:$E$43,3,0) -> 49.97 | G54: 299 | H54: =F54*G54 -> 14941.03 | J54: =VLOOKUP(D54,產線配置圖!$A$3:$C$40,2,0) -> 16 | K54: =VLOOKUP(D54,產線配置圖!$A$3:$C$40,3,0) -> 1800 | L54: =K54/J54 -> 112.5 | M54: 5 | N54: =G54/W54*60 -> 560.625 | O54: =N54/M54 -> 112.125 | P54: =M54-J54 -> -11 | Q54: =O54-L54 -> -0.375 | R54: =O54/L54 -> 0.99666667 | T54: 0.67569444 | U54: 0.69791667 | V54: =(T54-U53)*24*60 -> 8 | W54: =(U54-T54)*24*60 -> 32
W55: =(U55-T55)*24*60 -> 0
W56: =(U56-T56)*24*60 -> 0
W57: =(U57-T57)*24*60 -> 0
C58: 4度二組C2 | D58: 平均 | J58: =AVERAGE(J49:J57) -> 16.5 | K58: =AVERAGE(K49:K57) -> 1745.3333 | L58: =AVERAGE(L49:L57) -> 105.97549 | M58: =AVERAGE(M49:M57) -> 14.333333 | N58: =AVERAGE(N49:N57) -> 1401.2499 | O58: =AVERAGE(O49:O57) -> 99.343697 | P58: =M58-J58 -> -2.1666667 | Q58: =N58-K58 -> -344.08348 | R58: =O58/L58 -> 0.93742145 | Z58: =SUM(Z49:Z57) -> 0 | AA58: =SUM(AA49:AA57) -> 0 | AD58: =SUM(AD49:AD57) -> 0 | AE58: =SUM(AE49:AE57) -> 0 | AF58: =N58-K58 -> -344.08348 | AG58: =N58/K58 -> 0.80285515
A59: 調理包一線 (八爪機) | B59: 小吃、微波 | D59: 小滷青蔬 | F59: =VLOOKUP(D59,廠價表!$C$1:$E$43,3,0) -> 26.99 | G59: 2317 | H59: =F59*G59 -> 62535.83 | J59: =VLOOKUP(D59,產線配置圖!$A$3:$C$40,2,0) -> 15 | K59: =VLOOKUP(D59,產線配置圖!$A$3:$C$40,3,0) -> 1636 | L59: =K59/J59 -> 109.06667 | M59: 14 | N59: =G59/W59*60 -> 1324 | O59: =N59/M59 -> 94.571429 | P59: =M59-J59 -> -1 | Q59: =O59-L59 -> -14.495238 | R59: =O59/L59 -> 0.86709745 | S59: =R69 -> 0.91840778 | T59: 0.29861111 | U59: 0.37152778 | W59: =(U59-T59)*24*60 -> 105 | AF59: =N59-K59 -> -312 | AG59: =N59/K59 -> 0.80929095 | AH59: =AG69 -> 0.8573918
B60: 小吃、微波 | D60: 起司馬鈴薯 | F60: =VLOOKUP(D60,廠價表!$C$1:$E$43,3,0) -> 28.26 | G60: 1738 | H60: =F60*G60 -> 49115.88 | J60: =VLOOKUP(D60,產線配置圖!$A$3:$C$40,2,0) -> 11 | K60: =VLOOKUP(D60,產線配置圖!$A$3:$C$40,3,0) -> 1636 | L60: =K60/J60 -> 148.72727 | M60: 11 | N60: =G60/W60*60 -> 1489.7143 | O60: =N60/M60 -> 135.42857 | P60: =M60-J60 -> 0 | Q60: =O60-L60 -> -13.298701 | R60: =O60/L60 -> 0.9105833 | T60: 0.38541667 | U60: 0.43402778 | V60: =(T60-U59)*24*60 -> 20 | W60: =(U60-T60)*24*60 -> 70 | AF60: =N60-K60 -> -146.28571 | AG60: =N60/K60 -> 0.9105833
B61: 小吃、微波 | D61: 韓式炒冬粉 | F61: =VLOOKUP(D61,廠價表!$C$1:$E$43,3,0) -> 28.26 | G61: 2238 | H61: =F61*G61 -> 63245.88 | J61: =VLOOKUP(D61,產線配置圖!$A$3:$C$40,2,0) -> 11 | K61: =VLOOKUP(D61,產線配置圖!$A$3:$C$40,3,0) -> 1636 | L61: =K61/J61 -> 148.72727 | M61: 10 | N61: =G61/W61*60 -> 1413.4737 | O61: =N61/M61 -> 141.34737 | P61: =M61-J61 -> -1 | Q61: =O61-L61 -> -7.3799043 | R61: =O61/L61 -> 0.95037962 | T61: 0.44444444 | U61: 0.51041667 | V61: =(T61-U60)*24*60 -> 15 | W61: =(U61-T61)*24*60 -> 95 | AF61: =N61-K61 -> -222.52632 | AG61: =N61/K61 -> 0.86398147
B62: 小吃、微波 | D62: 麻辣雞心 | F62: =VLOOKUP(D62,廠價表!$C$1:$E$43,3,0) -> 28.26 | G62: 1507 | H62: =F62*G62 -> 42587.82 | J62: =VLOOKUP(D62,產線配置圖!$A$3:$C$40,2,0) -> 11 | K62: =VLOOKUP(D62,產線配置圖!$A$3:$C$40,3,0) -> 1636 | L62: =K62/J62 -> 148.72727 | M62: 10 | N62: =G62/W62*60 -> 1391.0769 | O62: =N62/M62 -> 139.10769 | P62: =M62-J62 -> -1 | Q62: =O62-L62 -> -9.6195804 | R62: =O62/L62 -> 0.93532067 | T62: 0.56944444 | U62: 0.61458333 | V62: =(T62-U61)*24*60 -> 85 | W62: =(U62-T62)*24*60 -> 65 | X62: 0.50347222 | Y62: 0.54513889 | AF62: =N62-K62 -> -244.92308 | AG62: =N62/K62 -> 0.85029152
B63: 小吃、微波 | D63: 小滷青蔬 | F63: =VLOOKUP(D63,廠價表!$C$1:$E$43,3,0) -> 26.99 | G63: 1744 | H63: =F63*G63 -> 47070.56 | J63: =VLOOKUP(D63,產線配置圖!$A$3:$C$40,2,0) -> 15 | K63: =VLOOKUP(D63,產線配置圖!$A$3:$C$40,3,0) -> 1636 | L63: =K63/J63 -> 109.06667 | M63: 14 | N63: =G63/W63*60 -> 1395.2 | O63: =N63/M63 -> 99.657143 | P63: =M63-J63 -> -1 | Q63: =O63-L63 -> -9.4095238 | R63: =O63/L63 -> 0.91372686 | T63: 0.63194444 | U63: 0.68402778 | V63: =(T63-U62)*24*60 -> 25 | W63: =(U63-T63)*24*60 -> 75
W64: =(U64-T64)*24*60 -> 0
W65: =(U65-T65)*24*60 -> 0
W66: =(U66-T66)*24*60 -> 0
W67: =(U67-T67)*24*60 -> 0
H68: =F68*G68 -> 0 | W68: =(U68-T68)*24*60 -> 0
C69: 4度三組 | D69: 平均 | J69: =AVERAGE(J59:J68) -> 12.6 | K69: =AVERAGE(K59:K68) -> 1636 | L69: =AVERAGE(L59:L68) -> 132.86303 | M69: =AVERAGE(M59:M68) -> 11.8 | N69: =AVERAGE(N59:N68) -> 1402.693 | O69: =AVERAGE(O59:O68) -> 122.02244 | P69: =M69-J69 -> -0.8 | Q69: =N69-K69 -> -233.30702 | R69: =O69/L69 -> 0.91840778 | Z69: =SUM(Z59:Z68) -> 0 | AA69: =SUM(AA59:AA68) -> 0 | AD69: =SUM(AD59:AD68) -> 0 | AE69: =SUM(AE59:AE68) -> 0 | AF69: =N69-K69 -> -233.30702 | AG69: =N69/K69 -> 0.8573918
A70: 調理包二線 (手工) | B70: 小吃、微波 | D70: 麻辣雞心 | F70: =VLOOKUP(D70,廠價表!$C$1:$E$43,3,0) -> 28.26 | G70: 2231 | H70: =F70*G70 -> 63048.06 | J70: =VLOOKUP(D70,產線配置圖!$A$3:$C$40,2,0) -> 11 | K70: =VLOOKUP(D70,產線配置圖!$A$3:$C$40,3,0) -> 1636 | L70: =K70/J70 -> 148.72727 | M70: 9 | N70: =G70/W70*60 -> 1115.5 | O70: =N70/M70 -> 123.94444 | P70: =M70-J70 -> -2 | Q70: =O70-L70 -> -24.782828 | R70: =O70/L70 -> 0.83336729 | S70: =R79 -> 0.85736398 | T70: 0.29166667 | U70: 0.375 | W70: =(U70-T70)*24*60 -> 120 | AF70: =N70-K70 -> -520.5 | AG70: =N70/K70 -> 0.68184597 | AH70: =AG79 -> 0.77229737
B71: 義大利麵 | D71: 蕃茄莎莎海鮮冷義大利麵 | F71: =VLOOKUP(D71,廠價表!$C$1:$E$43,3,0) -> 46.34 | G71: 3124 | H71: =F71*G71 -> 144766.16 | J71: =VLOOKUP(D71,產線配置圖!$A$3:$C$40,2,0) -> 16 | K71: =VLOOKUP(D71,產線配置圖!$A$3:$C$40,3,0) -> 1500 | L71: =K71/J71 -> 93.75 | M71: 15 | N71: =G71/W71*60 -> 1310.7692 | O71: =N71/M71 -> 87.384615 | P71: =M71-J71 -> -1 | Q71: =O71-L71 -> -6.3653846 | R71: =O71/L71 -> 0.93210256 | T71: 0.38333333 | U71: 0.48263889 | V71: =(T71-U70)*24*60 -> 12 | W71: =(U71-T71)*24*60 -> 143 | AF71: -300.3125 | AG71: 0.80810703
B72: 義大利麵 | D72: 蕃茄莎莎海鮮冷義大利麵 | F72: =VLOOKUP(D72,廠價表!$C$1:$E$43,3,0) -> 46.34 | G72: 4174 | H72: =F72*G72 -> 193423.16 | J72: =VLOOKUP(D72,產線配置圖!$A$3:$C$40,2,0) -> 16 | K72: =VLOOKUP(D72,產線配置圖!$A$3:$C$40,3,0) -> 1500 | L72: =K72/J72 -> 93.75 | M72: 15 | N72: =G72/W72*60 -> 1154.1014 | O72: =N72/M72 -> 76.940092 | P72: =M72-J72 -> -1 | Q72: =O72-L72 -> -16.809908 | R72: =O72/L72 -> 0.82069432 | T72: 0.55069444 | U72: 0.70138889 | V72: =(T72-U71)*24*60 -> 98 | W72: =(U72-T72)*24*60 -> 217 | AF72: -130.33333 | AG72: 0.91671991
W73: =(U73-T73)*24*60 -> 0
W74: =(U74-T74)*24*60 -> 0
W75: =(U75-T75)*24*60 -> 0
W76: =(U76-T76)*24*60 -> 0
W77: =(U77-T77)*24*60 -> 0
W78: =(U78-T78)*24*60 -> 0
C79: 4度四組 | D79: 平均 | J79: =AVERAGE(J70:J78) -> 14.333333 | K79: =AVERAGE(K70:K78) -> 1545.3333 | L79: =AVERAGE(L70:L78) -> 112.07576 | M79: =AVERAGE(M70:M78) -> 13 | N79: =AVERAGE(N70:N78) -> 1193.4569 | O79: =AVERAGE(O70:O78) -> 96.089717 | P79: =M79-J79 -> -1.3333333 | Q79: =N79-K79 -> -351.87646 | R79: =O79/L79 -> 0.85736398 | Z79: =SUM(Z70:Z78) -> 0 | AA79: =SUM(AA70:AA78) -> 0 | AD79: =SUM(AD70:AD78) -> 0 | AE79: =SUM(AE70:AE78) -> 0 | AF79: =N79-K79 -> -351.87646 | AG79: =N79/K79 -> 0.77229737
AJ80: 1.當日出勤人數較多
AJ81: 2.當日出勤人數較少
AJ82: 3.當日出勤熟手較少
AJ83: 4.當日出勤新人較多
AJ84: 5.機台夾盒
AJ85: 6.封膜不順
AJ86: 7.更換膠膜
AJ87: 8.更換碳帶
AJ88: 9.當日熱轉印碳帶異常
AJ89: 10.訂單量過少
AJ90: 11.新品上市，尚未熟悉
AJ91: 12.商品結構，產能較低
AJ92: 13.區域出貨，分段生產

Sheet 0706總
B1: 長家廠組合室生產人時性分析
B3: 日期 | D3: 46209 | F3: 訂單量 | G3: ='0706'!E1 -> 71566 | I3: 營業額 | J3: ='0706'!G1 -> 3339872.9
B4: 項目 | D4: 3 | F4: ➀ | H4: ➁ | J4: ③ | L4: 異常停線 | N4: 短暫停線
B5: 人時性 | D5: 組合室 | F5: 全溫層 | H5: 義大利麵 | J5: 袋裝小吃、義麵 | L5: 合計次數 | M5: 時間 | N5: 合計次數 | O5: 設備次數
D6: 排關平均 | F6: =AVERAGE(D13:J13) -> 123.4365 | H6: =AVERAGE(D13:H13) -> 122.78397 | J6: =AVERAGE(I13:J13) -> 125.0678 | L6: =SUM(D18:J18) -> 3 | M6: =SUM(D19:J19) -> 35 | N6: =SUM(D20:J20) -> 0 | O6: =SUM(D20:J20) -> 0
D7: 實績平均 | F7: =AVERAGE(D14:J14) -> 112.10631 | H7: =AVERAGE(D14:H14) -> 111.10467 | J7: =AVERAGE(I14:J14) -> 114.61041 | L7: =AVERAGE(K14:L14) -> #DIV/0! | M7: =AVERAGE(L14:M14) -> #DIV/0! | N7: =AVERAGE(M14:N14) -> #DIV/0! | O7: =AVERAGE(N14:O14) -> #DIV/0!
D8: 達成率平均 | F8: =F7/F6 -> 0.90821041 | H8: =H7/H6 -> 0.90487926 | J8: =J7/J6 -> 0.91638621 | L8: =AVERAGE(K15:L15) -> #DIV/0! | M8: =AVERAGE(L15:M15) -> #DIV/0! | N8: =AVERAGE(M15:N15) -> #DIV/0! | O8: =AVERAGE(N15:O15) -> #DIV/0!
J9: ※現行日本鮮食廠以達成率80%為基本(即為現行KPI)
B10: 溫層 | D10: 4度C-各編組展開
B11: 編組 | D11: 1 | E11: 2 | F11: 3 | G11: 4 | H11: 5 | I11: 6 | J11: 7
D12: 自動1線 | E12: 自動2線 | F12: 手工3線 | G12: 手工4線 | H12: 手工5線 | I12: 調理包1線 | J12: 調理包2線
B13: 人時性 | C13: 排關 | D13: =VALUE('0706'!L15) -> 150 | E13: =VALUE('0706'!L26) -> 158.32256 | F13: =VALUE('0706'!L37) -> 99.223303 | G13: =VALUE('0706'!L48) -> 101.70342 | H13: =VALUE('0706'!L58) -> 104.67059 | I13: =VALUE('0706'!L69) -> 132.86303 | J13: ='0706'!L79 -> 117.27258
C14: 實績 | D14: =VALUE('0706'!O15) -> 141.14595 | E14: =VALUE('0706'!O26) -> 146.40604 | F14: =VALUE('0706'!O37) -> 82.747143 | G14: =VALUE('0706'!O48) -> 90.746258 | H14: =VALUE('0706'!O58) -> 94.477962 | I14: =VALUE('0706'!O69) -> 124.80312 | J14: ='0706'!O79 -> 104.4177
C15: 達成率 | D15: =D14/D13 -> 0.94097301 | E15: =E14/E13 -> 0.92473267 | F15: =F14/F13 -> 0.83394868 | G15: =G14/G13 -> 0.89226359 | H15: =H14/H13 -> 0.90262187 | I15: =I14/I13 -> 0.93933669 | J15: ='0706'!S70 -> 0.89038466
B16: 作業 時間 | C16: 開始 | D16: ='0706'!T5 -> 0.3 | E16: ='0706'!T16 -> 0.29861111 | F16: ='0706'!T27 -> 0.28819444 | G16: ='0706'!T38 -> 0.33333333 | H16: ='0706'!T49 -> 0.29027778 | I16: ='0706'!T59 -> 0.28819444 | J16: ='0706'!T70 -> 0.29375
C17: 結束 | D17: 0.61805556 | E17: 0.64513889 | F17: 0.66319444 | G17: 0.66319444 | H17: 0.66666667 | I17: 0.65277778 | J17: 0.60763889
B18: 產線異常 (5分鐘以上) | C18: 次數 | D18: ='0706'!Z15 -> 0 | E18: ='0706'!Z26 -> 0 | F18: ='0706'!Z37 -> 3 | G18: ='0706'!Z48 -> 0 | H18: ='0706'!Z58 -> 0 | I18: ='0706'!Z69 -> 0 | J18: ='0706'!AA79 -> 0
C19: 時間/分 | D19: ='0706'!AA15 -> 0 | E19: ='0706'!AA26 -> 0 | F19: ='0706'!AA37 -> 35 | G19: ='0706'!AA48 -> 0 | H19: ='0706'!AA58 -> 0 | I19: ='0706'!AA69 -> 0 | J19: ='0706'!AB79 -> 0
B20: 短暫停線 (5分鐘以下) | C20: 次數 | D20: ='0706'!AD15 -> 0 | E20: ='0706'!AD26 -> 0 | F20: ='0706'!AD37 -> 0 | G20: ='0706'!AD48 -> 0 | H20: ='0706'!AD58 -> 0 | I20: ='0706'!AD69 -> 0 | J20: ='0706'!AD79 -> 0
C21: 設備次數 | D21: ='0706'!AE15 -> 0 | E21: ='0706'!AE26 -> 0 | F21: ='0706'!AE37 -> 0 | G21: ='0706'!AE48 -> 0 | H21: ='0706'!AE58 -> 0 | I21: ='0706'!AE69 -> 0 | J21: ='0706'!AE79 -> 0
B22: 配置人數 | D22: =VALUE('0706'!M15) -> 15 | E22: =VALUE('0706'!M26) -> 14.333333 | F22: =VALUE('0706'!M37) -> 16.333333 | G22: =VALUE('0706'!M48) -> 15.5 | H22: =VALUE('0706'!M58) -> 16.4 | I22: =VALUE('0706'!M69) -> 12.6 | J22: ='0706'!M79 -> 13.4
B23: 主要應用設備 | D23: ET-600 | E23: ET-600 | F23: ET-55 | G23: ET-55 | H23: ET-55 | I23: 八爪機 | J23: 八爪機
B24: 次要應用設備 | H24: 封口機 | J24: 封口機
B25: 備註

Sheet 0706
A1: 長家廠4度C日報分析 | D1: 總生產量 | E1: =SUM(G5:G79) -> 71566 | F1: 營業額 | G1: =SUM(H5:H79) -> 3339872.9 | H1: 出勤人數 | I1: =M15+M26+M48+M58+M69+M79+M37 -> 103.56667 | J1: 產線配置圖 | M1: 生產實績 | P1: 人時性差異分析 | T1: 日報登錄 | Z1: 合計 次數 | AA1: 合計 時間/分 | AB1: 分析說明 | AD1: 合計 次數 | AE1: 合計 設備次數 | AF1: 產能差異分析
A2: 07月06日 星期一 | D2: 人時性 | E2: =AVERAGE(O15,O26,O37,O48,O58,O69,O79) -> 112.10631 | F2: 平均廠價 | G2: =G1/E1 -> 46.66843 | H2: 多次生產數 | I2: =COUNT(I5:I79) -> 0 | Z2: =Z15+Z26+Z37+Z48+Z58+Z69+Z79 -> 3 | AA2: =AA15+AA26+AA37+AA48+AA58+AA69+AA79 -> 35 | AD2: =AD15+AD26+AD37+AD48+AD58+AD69+AD79 -> 0 | AE2: =AE15+AE26+AE37+AE48+AE58+AE69+AE79 -> 0
A3: 線別 | B3: 品類 | D3: 品名 | F3: 廠價 | G3: 生產量 | H3: 營收 | I3: 多次 生產 | J3: 人數 | K3: 產能/時 | L3: 人時性 | M3: 人數 | N3: 產能/時 | O3: 人時性 | P3: 人數 | Q3: 人時性 | R3: 達成率 | S3: 達成率平均 | T3: 生產時間 | V3: 前置、換線時間/分 | W3: 稼動時間/分 | X3: 休息時間 | Z3: 產線異常統計 (5分鐘以上) | AD3: 短暫停線統計 (5分鐘以下) | AF3: 產能/時 | AG3: 達成率 | AH3: 達成率平均
T4: 開始 | U4: 結束 | X4: 開始 | Y4: 結束 | Z4: 次數 | AA4: 時間/分 | AD4: 總次數 | AE4: 設備因素(次數)
A5: 自動一線 (ET-600) | B5: 義大利麵 | D5: 白酒清炒鮮蛤義大利麵 | F5: =VLOOKUP(D5,廠價表!$C$1:$E$43,3,0) -> 56.87 | G5: 3299 | H5: =F5*G5 -> 187614.13 | J5: =VLOOKUP(D5,產線配置圖!$A$3:$C$40,2,0) -> 15 | K5: =VLOOKUP(D5,產線配置圖!$A$3:$C$40,3,0) -> 2250 | L5: =K5/J5 -> 150 | M5: 15 | N5: =G5/W5*60 -> 2105.7447 | O5: =N5/M5 -> 140.38298 | P5: =M5-J5 -> 0 | Q5: =O5-L5 -> -9.6170213 | R5: =O5/L5 -> 0.93588652 | S5: =R15 -> 0.94097301 | T5: 0.3 | U5: 0.36527778 | W5: =(U5-T5)*24*60 -> 94 | AF5: =N5-K5 -> -144.25532 | AG5: =N5/K5 -> 0.93588652 | AH5: =AG15 -> 0.94097301
B6: 義大利麵 | D6: 香煎魚排佐檸檬奶油義大利麵 | F6: =VLOOKUP(D6,廠價表!$C$1:$E$43,3,0) -> 58.17 | G6: 2776 | H6: =F6*G6 -> 161479.92 | J6: =VLOOKUP(D6,產線配置圖!$A$3:$C$40,2,0) -> 15 | K6: =VLOOKUP(D6,產線配置圖!$A$3:$C$40,3,0) -> 2250 | L6: =K6/J6 -> 150 | M6: 15 | N6: =G6/W6*60 -> 2191.5789 | O6: =N6/M6 -> 146.10526 | P6: =M6-J6 -> 0 | Q6: =O6-L6 -> -3.8947368 | R6: =O6/L6 -> 0.97403509 | T6: 0.37083333 | U6: 0.42361111 | V6: =(T6-U5)*24*60 -> 8 | W6: =(U6-T6)*24*60 -> 76 | AF6: =N6-K6 -> -58.421053 | AG6: =N6/K6 -> 0.97403509
B7: 義大利麵 | D7: 奶油培根義大利麵 | F7: =VLOOKUP(D7,廠價表!$C$1:$E$43,3,0) -> 49.14 | G7: 2351 | H7: =F7*G7 -> 115528.14 | J7: =VLOOKUP(D7,產線配置圖!$A$3:$C$40,2,0) -> 15 | K7: =VLOOKUP(D7,產線配置圖!$A$3:$C$40,3,0) -> 2250 | L7: =K7/J7 -> 150 | M7: 15 | N7: =G7/W7*60 -> 1986.7606 | O7: =N7/M7 -> 132.4507 | P7: =M7-J7 -> 0 | Q7: =O7-L7 -> -17.549296 | R7: =O7/L7 -> 0.88300469 | T7: 0.42916667 | U7: 0.47847222 | V7: =(T7-U6)*24*60 -> 8 | W7: =(U7-T7)*24*60 -> 71 | AF7: =N7-K7 -> -263.23944 | AG7: =N7/K7 -> 0.88300469
B8: 義大利麵 | D8: 奶油培根義大利麵 | F8: =VLOOKUP(D8,廠價表!$C$1:$E$43,3,0) -> 49.14 | G8: 3896 | H8: =F8*G8 -> 191449.44 | J8: =VLOOKUP(D8,產線配置圖!$A$3:$C$40,2,0) -> 15 | K8: =VLOOKUP(D8,產線配置圖!$A$3:$C$40,3,0) -> 2250 | L8: =K8/J8 -> 150 | M8: 15 | N8: =G8/W8*60 -> 2184.6729 | O8: =N8/M8 -> 145.64486 | P8: =M8-J8 -> 0 | Q8: =O8-L8 -> -4.3551402 | R8: =O8/L8 -> 0.97096573 | T8: 0.54375 | U8: 0.61805556 | V8: =(T8-U7)*24*60 -> 94 | W8: =(U8-T8)*24*60 -> 107 | X8: 0.48611111 | Y8: 0.52777778 | AF8: =N8-K8 -> -65.327103 | AG8: =N8/K8 -> 0.97096573
W9: =(U9-T9)*24*60 -> 0 | AF9: =N9-K9 -> 0 | AG9: =N9/K9 -> #DIV/0!
W10: =(U10-T10)*24*60 -> 0 | AF10: =N10-K10 -> 0 | AG10: =N10/K10 -> #DIV/0!
W11: =(U11-T11)*24*60 -> 0 | AF11: =N11-K11 -> 0 | AG11: =N11/K11 -> #DIV/0!
W12: =(U12-T12)*24*60 -> 0
W13: =(U13-T13)*24*60 -> 0
W14: =(U14-T14)*24*60 -> 0
C15: 4度一組 | D15: 平均 | J15: =AVERAGE(J5:J14) -> 15 | K15: =AVERAGE(K5:K14) -> 2250 | L15: =AVERAGE(L5:L14) -> 150 | M15: =AVERAGE(M5:M14) -> 15 | N15: =AVERAGE(N5:N14) -> 2117.1893 | O15: =AVERAGE(O5:O14) -> 141.14595 | P15: =M15-J15 -> 0 | Q15: =O15-L15 -> -8.8540485 | R15: =O15/L15 -> 0.94097301 | Z15: =SUM(Z5:Z14) -> 0 | AA15: =SUM(AA5:AA14) -> 0 | AD15: =SUM(AD5:AD14) -> 0 | AE15: =SUM(AE5:AE14) -> 0 | AF15: =N15-K15 -> -132.81073 | AG15: =N15/K15 -> 0.94097301
A16: 自動二線 (ET-600) | B16: 義大利麵 | D16: 青醬蛤蜊義大利麵 | F16: =VLOOKUP(D16,廠價表!$C$1:$E$43,3,0) -> 50.67 | G16: 2107 | H16: =F16*G16 -> 106761.69 | J16: =VLOOKUP(D16,產線配置圖!$A$3:$C$40,2,0) -> 14 | K16: =VLOOKUP(D16,產線配置圖!$A$3:$C$40,3,0) -> 2250 | L16: =K16/J16 -> 160.71429 | M16: 14 | N16: =G16/W16*60 -> 2006.6667 | O16: =N16/M16 -> 143.33333 | P16: =M16-J16 -> 0 | Q16: =O16-L16 -> -17.380952 | R16: =O16/L16 -> 0.89185185 | S16: =R26 -> 0.92473267 | T16: 0.29861111 | U16: 0.34236111 | W16: =(U16-T16)*24*60 -> 63 | AF16: =N16-K16 -> -243.33333 | AG16: =N16/K16 -> 0.89185185 | AH16: =AG26 -> 0.92459939
B17: 義大利麵 | D17: 蒜香奶油蝦蝦義大利麵 | F17: =VLOOKUP(D17,廠價表!$C$1:$E$43,3,0) -> 57.21 | G17: 2001 | H17: =F17*G17 -> 114477.21 | J17: =VLOOKUP(D17,產線配置圖!$A$3:$C$40,2,0) -> 17 | K17: =VLOOKUP(D17,產線配置圖!$A$3:$C$40,3,0) -> 2250 | L17: =K17/J17 -> 132.35294 | M17: 17 | N17: =G17/W17*60 -> 2106.3158 | O17: =N17/M17 -> 123.90093 | P17: =M17-J17 -> 0 | Q17: =O17-L17 -> -8.4520124 | R17: =O17/L17 -> 0.93614035 | T17: 0.35069444 | U17: 0.39027778 | V17: =(T17-U16)*24*60 -> 12 | W17: =(U17-T17)*24*60 -> 57 | AF17: =N17-K17 -> -143.68421 | AG17: =N17/K17 -> 0.93614035
B18: 義大利麵 | D18: 義式辣味嫩烤雞腿排義大利麵 | F18: =VLOOKUP(D18,廠價表!$C$1:$E$43,3,0) -> 56.61 | G18: 1152 | H18: =F18*G18 -> 65214.72 | J18: =VLOOKUP(D18,產線配置圖!$A$3:$C$40,2,0) -> 15 | K18: =VLOOKUP(D18,產線配置圖!$A$3:$C$40,3,0) -> 2250 | L18: =K18/J18 -> 150 | M18: 15 | N18: =G18/W18*60 -> 2094.5455 | O18: =N18/M18 -> 139.63636 | P18: =M18-J18 -> 0 | Q18: =O18-L18 -> -10.363636 | R18: =O18/L18 -> 0.93090909 | T18: 0.39861111 | U18: 0.42152778 | V18: =(T18-U17)*24*60 -> 12 | W18: =(U18-T18)*24*60 -> 33 | X18: 0.48611111 | Y18: 0.52777778 | AF18: =N18-K18 -> -155.45455 | AG18: =N18/K18 -> 0.93090909
B19: 義大利麵 | D19: 義式蕃茄起司義大利麵 | F19: =VLOOKUP(D19,廠價表!$C$1:$E$43,3,0) -> 50.39 | G19: 2574 | H19: =F19*G19 -> 129703.86 | J19: =VLOOKUP(D19,產線配置圖!$A$3:$C$40,2,0) -> 13 | K19: =VLOOKUP(D19,產線配置圖!$A$3:$C$40,3,0) -> 2250 | L19: =K19/J19 -> 173.07692 | M19: 13 | N19: =G19/W19*60 -> 2115.6164 | O19: =N19/M19 -> 162.73973 | P19: =M19-J19 -> 0 | Q19: =O19-L19 -> -10.337197 | R19: =O19/L19 -> 0.94027397 | T19: 0.42847222 | U19: 0.47916667 | V19: =(T19-U18)*24*60 -> 10 | W19: =(U19-T19)*24*60 -> 73 | AF19: =N19-K19 -> -134.38356 | AG19: =N19/K19 -> 0.94027397
B20: 義大利麵 | D20: 義式蕃茄起司義大利麵 | F20: =VLOOKUP(D20,廠價表!$C$1:$E$43,3,0) -> 50.39 | G20: 2782 | H20: =F20*G20 -> 140184.98 | J20: =VLOOKUP(D20,產線配置圖!$A$3:$C$40,2,0) -> 13 | K20: =VLOOKUP(D20,產線配置圖!$A$3:$C$40,3,0) -> 2250 | L20: =K20/J20 -> 173.07692 | M20: 13 | N20: =G20/W20*60 -> 2140 | O20: =N20/M20 -> 164.61538 | P20: =M20-J20 -> 0 | Q20: =O20-L20 -> -8.4615385 | R20: =O20/L20 -> 0.95111111 | T20: 0.54166667 | U20: 0.59583333 | V20: =(T20-U19)*24*60 -> 90 | W20: =(U20-T20)*24*60 -> 78
B21: 義大利麵 | D21: 青醬蛤蜊義大利麵 | F21: =VLOOKUP(D21,廠價表!$C$1:$E$43,3,0) -> 50.67 | G21: 1918 | H21: =F21*G21 -> 97185.06 | J21: =VLOOKUP(D21,產線配置圖!$A$3:$C$40,2,0) -> 14 | K21: =VLOOKUP(D21,產線配置圖!$A$3:$C$40,3,0) -> 2250 | L21: =K21/J21 -> 160.71429 | M21: 14 | N21: =G21/W21*60 -> 2018.9474 | O21: =N21/M21 -> 144.21053 | P21: =M21-J21 -> 0 | Q21: =O21-L21 -> -16.503759 | R21: =O21/L21 -> 0.89730994 | T21: 0.60555556 | U21: 0.64513889 | V21: =(T21-U20)*24*60 -> 14 | W21: =(U21-T21)*24*60 -> 57
W22: 0
W23: =(U23-T23)*24*60 -> 0
H24: =F24*G24 -> 0 | W24: =(U24-T24)*24*60 -> 0
H25: =F25*G25 -> 0 | W25: =(U25-T25)*24*60 -> 0
C26: 4度二組A | D26: 平均 | J26: =AVERAGE(J16:J25) -> 14.333333 | K26: =AVERAGE(K16:K25) -> 2250 | L26: =AVERAGE(L16:L25) -> 158.32256 | M26: =AVERAGE(M16:M25) -> 14.333333 | N26: =AVERAGE(N16:N25) -> 2080.3486 | O26: =AVERAGE(O16:O25) -> 146.40604 | P26: =M26-J26 -> 0 | Q26: =O26-L26 -> -11.916516 | R26: =O26/L26 -> 0.92473267 | Z26: =SUM(Z16:Z25) -> 0 | AA26: =SUM(AA16:AA25) -> 0 | AD26: =SUM(AD16:AD25) -> 0 | AE26: =SUM(AE16:AE25) -> 0 | AF26: =N26-K26 -> -169.65138 | AG26: =N26/K26 -> 0.92459939
A27: 手工三線 (ET-55) | B27: 義大利麵 | D27: 義式蛋蛋青醬鮪魚冷義大利麵 | F27: =VLOOKUP(D27,廠價表!$C$1:$E$43,3,0) -> 45.66 | G27: 2154 | H27: =F27*G27 -> 98351.64 | J27: =VLOOKUP(D27,產線配置圖!$A$3:$C$40,2,0) -> 17 | K27: 1636 | L27: =K27/J27 -> 96.235294 | M27: 17 | N27: =G27/W27*60 -> 1595.5556 | O27: =N27/M27 -> 93.856209 | P27: =M27-J27 -> 0 | Q27: =O27-L27 -> -2.379085 | R27: =O27/L27 -> 0.97527846 | S27: =R37 -> 0.83394868 | T27: 0.28819444 | U27: 0.34444444 | W27: =(U27-T27)*24*60 -> 81 | AF27: =N27-K27 -> -40.444444 | AG27: =N27/K27 -> 0.97527846 | AH27: =AG37 -> 0.8537164
B28: 義大利麵 | D28: 奶油鮮蝦明太子細扁麵 | F28: =VLOOKUP(D28,廠價表!$C$1:$E$43,3,0) -> 57.21 | G28: 2599 | H28: =F28*G28 -> 148688.79 | J28: =VLOOKUP(D28,產線配置圖!$A$3:$C$40,2,0) -> 18 | K28: =VLOOKUP(D28,產線配置圖!$A$3:$C$40,3,0) -> 1636 | L28: =K28/J28 -> 90.888889 | M28: 18 | N28: =G28/W28*60 -> 1513.9806 | O28: =N28/M28 -> 84.110032 | P28: =M28-J28 -> 0 | Q28: =O28-L28 -> -6.7788565 | R28: =O28/L28 -> 0.925416 | T28: 0.34930556 | U28: 0.42083333 | V28: =(T28-U27)*24*60 -> 7 | W28: =(U28-T28)*24*60 -> 103 | AF28: =N28-K28 -> -122.01942 | AG28: =N28/K28 -> 0.925416
B29: 義大利麵 | D29: 焦糖拿鐵烤雞細扁麵 | F29: =VLOOKUP(D29,廠價表!$C$1:$E$43,3,0) -> 57.21 | G29: 1361 | H29: =F29*G29 -> 77862.81 | J29: =VLOOKUP(D29,產線配置圖!$A$3:$C$40,2,0) -> 18 | K29: =VLOOKUP(D29,產線配置圖!$A$3:$C$40,3,0) -> 1565 | L29: =K29/J29 -> 86.944444 | M29: 18 | N29: =G29/W29*60 -> 1407.931 | O29: =N29/M29 -> 78.218391 | P29: =M29-J29 -> 0 | Q29: =O29-L29 -> -8.7260536 | R29: =O29/L29 -> 0.89963644 | T29: 0.42638889 | U29: 0.46666667 | V29: =(T29-U28)*24*60 -> 8 | W29: =(U29-T29)*24*60 -> 58 | AF29: =N29-K29 -> -157.06897 | AG29: =N29/K29 -> 0.89963644
B30: 義大利麵 | D30: 焗烤起司肉醬筆尖麵 | F30: 50.67 | G30: 800 | H30: =F30*G30 -> 40536 | J30: =VLOOKUP(D30,產線配置圖!$A$3:$C$40,2,0) -> 13 | K30: =VLOOKUP(D30,產線配置圖!$A$3:$C$40,3,0) -> 1440 | L30: =K30/J30 -> 110.76923 | M30: 13 | N30: =G30/W30*60 -> 578.31325 | O30: =N30/M30 -> 44.485635 | P30: =M30-J30 -> 0 | Q30: =O30-L30 -> -66.283596 | R30: =O30/L30 -> 0.40160643 | T30: 0.53125 | U30: 0.58888889 | V30: =(T30-U29)*24*60 -> 93 | W30: =(U30-T30)*24*60 -> 83 | X30: 0.49652778 | Y30: 0.53819444 | Z30: 3 | AA30: 35 | AB30: 12:45-13:00 機台溫度不足、13:25-13:45 L型封膜機換膜 | AF30: =N30-K30 -> -861.68675 | AG30: =N30/K30 -> 0.40160643
B31: 義大利麵 | D31: 義式蛋蛋青醬鮪魚冷義大利麵 | F31: =VLOOKUP(D31,廠價表!$C$1:$E$43,3,0) -> 45.66 | G31: 1500 | H31: =F31*G31 -> 68490 | J31: =VLOOKUP(D31,產線配置圖!$A$3:$C$40,2,0) -> 17 | K31: 1636 | L31: =K31/J31 -> 96.235294 | M31: 17 | N31: =G31/W31*60 -> 1578.9474 | O31: =N31/M31 -> 92.879257 | P31: =M31-J31 -> 0 | Q31: =O31-L31 -> -3.3560372 | R31: =O31/L31 -> 0.96512675 | T31: 0.59583333 | U31: 0.63541667 | V31: =(T31-U30)*24*60 -> 10 | W31: =(U31-T31)*24*60 -> 57 | AF31: =N31-K31 -> -57.052632 | AG31: =N31/K31 -> 0.96512675
B32: 熱乾麵 | D32: 青花椒麻雞肉拌麵 | F32: =VLOOKUP(D32,廠價表!$C$1:$E$43,3,0) -> 49.91 | G32: 772 | H32: =F32*G32 -> 38530.52 | J32: =VLOOKUP(D32,產線配置圖!$A$3:$C$40,2,0) -> 15 | K32: =VLOOKUP(D32,產線配置圖!$A$3:$C$40,3,0) -> 1714 | L32: =K32/J32 -> 114.26667 | M32: 15 | N32: =G32/W32*60 -> 1544 | O32: =N32/M32 -> 102.93333 | P32: =M32-J32 -> 0 | Q32: =O32-L32 -> -11.333333 | R32: =O32/L32 -> 0.9008168 | T32: 0.64236111 | U32: 0.66319444 | V32: =(T32-U31)*24*60 -> 10 | W32: =(U32-T32)*24*60 -> 30
W33: =(U33-T33)*24*60 -> 0
W34: =(U34-T34)*24*60 -> 0
W35: =(U35-T35)*24*60 -> 0
H36: =F36*G36 -> 0 | W36: =(U36-T36)*24*60 -> 0
C37: 4度二組B | D37: 平均 | J37: =AVERAGE(J27:J36) -> 16.333333 | K37: =AVERAGE(K27:K36) -> 1604.5 | L37: =AVERAGE(L27:L36) -> 99.223303 | M37: =AVERAGE(M27:M36) -> 16.333333 | N37: =AVERAGE(N27:N36) -> 1369.788 | O37: =AVERAGE(O27:O36) -> 82.747143 | P37: =M37-J37 -> 0 | Q37: =N37-K37 -> -234.71203 | R37: =O37/L37 -> 0.83394868 | Z37: =SUM(Z27:Z36) -> 3 | AA37: =SUM(AA27:AA36) -> 35 | AD37: =SUM(AD27:AD36) -> 0 | AE37: =SUM(AE27:AE36) -> 0 | AF37: =N37-K37 -> -234.71203 | AG37: =N37/K37 -> 0.8537164
A38: 手工四線 (ET-55) | B38: 義大利麵 | D38: 焗烤起司肉醬筆尖麵 | F38: 50.67 | G38: 604 | H38: =F38*G38 -> 30604.68 | J38: =VLOOKUP(D38,產線配置圖!$A$3:$C$40,2,0) -> 13 | K38: =VLOOKUP(D38,產線配置圖!$A$3:$C$40,3,0) -> 1440 | L38: =K38/J38 -> 110.76923 | M38: 13 | N38: =G38/W38*60 -> 1208 | O38: =N38/M38 -> 92.923077 | P38: =M38-J38 -> 0 | Q38: =O38-L38 -> -17.846154 | R38: =O38/L38 -> 0.83888889 | S38: =R48 -> 0.89226359 | T38: 0.33333333 | U38: 0.35416667 | W38: =(U38-T38)*24*60 -> 30 | AF38: =N38-K38 -> -232 | AG38: =N38/K38 -> 0.83888889 | AH38: =AG48 -> 0.87293293
B39: 熱乾麵 | D39: 青花椒麻雞肉拌麵 | F39: =VLOOKUP(D39,廠價表!$C$1:$E$43,3,0) -> 49.91 | G39: 2749 | H39: =F39*G39 -> 137202.59 | J39: =VLOOKUP(D39,產線配置圖!$A$3:$C$40,2,0) -> 15 | K39: =VLOOKUP(D39,產線配置圖!$A$3:$C$40,3,0) -> 1714 | L39: =K39/J39 -> 114.26667 | M39: 15 | N39: =G39/W39*60 -> 1421.8966 | O39: =N39/M39 -> 94.793103 | P39: =M39-J39 -> 0 | Q39: =O39-L39 -> -19.473563 | R39: =O39/L39 -> 0.82957792 | T39: 0.3625 | U39: 0.44305556 | V39: =(T39-U38)*24*60 -> 12 | W39: =(U39-T39)*24*60 -> 116 | AF39: =N39-K39 -> -292.10345 | AG39: =N39/K39 -> 0.82957792
B40: 熱乾麵 | D40: 府城鹽水意麵 | F40: =VLOOKUP(D40,廠價表!$C$1:$E$43,3,0) -> 44.3 | G40: 1855 | H40: =F40*G40 -> 82176.5 | J40: =VLOOKUP(D40,產線配置圖!$A$3:$C$40,2,0) -> 18 | K40: =VLOOKUP(D40,產線配置圖!$A$3:$C$40,3,0) -> 1636 | L40: =K40/J40 -> 90.888889 | M40: 17 | N40: =G40/W40*60 -> 1464.4737 | O40: =N40/M40 -> 86.145511 | P40: =M40-J40 -> -1 | Q40: =O40-L40 -> -4.7433781 | R40: =O40/L40 -> 0.94781124 | T40: 0.45 | U40: 0.50277778 | V40: =(T40-U39)*24*60 -> 10 | W40: =(U40-T40)*24*60 -> 76 | AF40: =N40-K40 -> -171.52632 | AG40: =N40/K40 -> 0.89515506
B41: 熱乾麵 | D41: 府城鹽水意麵 | F41: =VLOOKUP(D41,廠價表!$C$1:$E$43,3,0) -> 44.3 | G41: 3914 | H41: =F41*G41 -> 173390.2 | J41: =VLOOKUP(D41,產線配置圖!$A$3:$C$40,2,0) -> 18 | K41: =VLOOKUP(D41,產線配置圖!$A$3:$C$40,3,0) -> 1636 | L41: =K41/J41 -> 90.888889 | M41: 17 | N41: =G41/W41*60 -> 1515.0968 | O41: =N41/M41 -> 89.12334 | P41: =M41-J41 -> -1 | Q41: =O41-L41 -> -1.7655492 | R41: =O41/L41 -> 0.98057464 | T41: 0.55555556 | U41: 0.66319444 | V41: =(T41-U40)*24*60 -> 76 | W41: =(U41-T41)*24*60 -> 155 | AF41: =N41-K41 -> -120.90323 | AG41: =N41/K41 -> 0.92609827
W42: =(U42-T42)*24*60 -> 0
W43: =(U43-T43)*24*60 -> 0
W44: =(U44-T44)*24*60 -> 0
W45: =(U45-T45)*24*60 -> 0
W46: =(U46-T46)*24*60 -> 0
H47: =F47*G47 -> 0 | W47: =(U47-T47)*24*60 -> 0
C48: 4度二組C1 | D48: 平均 | J48: =AVERAGE(J38:J47) -> 16 | K48: =AVERAGE(K38:K47) -> 1606.5 | L48: =AVERAGE(L38:L47) -> 101.70342 | M48: =AVERAGE(M38:M47) -> 15.5 | N48: =AVERAGE(N38:N47) -> 1402.3668 | O48: =AVERAGE(O38:O47) -> 90.746258 | P48: =M48-J48 -> -0.5 | Q48: =N48-K48 -> -204.13325 | R48: =O48/L48 -> 0.89226359 | W48: =(U48-T48)*24*60 -> 0 | Z48: =SUM(Z38:Z47) -> 0 | AA48: =SUM(AA38:AA47) -> 0 | AD48: =SUM(AD38:AD47) -> 0 | AE48: =SUM(AE38:AE47) -> 0 | AF48: =N48-K48 -> -204.13325 | AG48: =N48/K48 -> 0.87293293
A49: 手工五線 (ET-55) | B49: 熱乾麵 | D49: 沙茶豬肉炒麵 | F49: =VLOOKUP(D49,廠價表!$C$1:$E$43,3,0) -> 49.52 | G49: 2339 | H49: =F49*G49 -> 115827.28 | J49: =VLOOKUP(D49,產線配置圖!$A$3:$C$40,2,0) -> 17 | K49: =VLOOKUP(D49,產線配置圖!$A$3:$C$40,3,0) -> 1800 | L49: =K49/J49 -> 105.88235 | M49: 17 | N49: =G49/W49*60 -> 1651.0588 | O49: =N49/M49 -> 97.121107 | P49: =M49-J49 -> 0 | Q49: =O49-L49 -> -8.7612457 | R49: =O49/L49 -> 0.9172549 | S49: =R58 -> 0.90262187 | T49: 0.29027778 | U49: 0.34930556 | W49: =(U49-T49)*24*60 -> 85 | AF49: =N49-K49 -> -148.94118 | AG49: =N49/K49 -> 0.9172549 | AH49: =AG58 -> 0.89196773
B50: 義大利麵 | D50: 黑松露野菇義大利麵 | F50: =VLOOKUP(D50,廠價表!$C$1:$E$43,3,0) -> 50.289 | G50: 2474 | H50: =F50*G50 -> 124414.99 | J50: =VLOOKUP(D50,產線配置圖!$A$3:$C$40,2,0) -> 17 | K50: =VLOOKUP(D50,產線配置圖!$A$3:$C$40,3,0) -> 1636 | L50: =K50/J50 -> 96.235294 | M50: 16 | N50: =G50/W50*60 -> 1484.4 | O50: =N50/M50 -> 92.775 | P50: =M50-J50 -> -1 | Q50: =O50-L50 -> -3.4602941 | R50: =O50/L50 -> 0.9640434 | T50: 0.35277778 | U50: 0.42222222 | V50: =(T50-U49)*24*60 -> 5 | W50: =(U50-T50)*24*60 -> 100 | AF50: =N50-K50 -> -151.6 | AG50: =N50/K50 -> 0.90733496
B51: 義大利麵 | D51: 焗烤起司雙饗筆尖麵 | F51: =VLOOKUP(D51,廠價表!$C$1:$E$43,3,0) -> 49.97 | G51: 1759 | H51: =F51*G51 -> 87897.23 | J51: =VLOOKUP(D51,產線配置圖!$A$3:$C$40,2,0) -> 16 | K51: =VLOOKUP(D51,產線配置圖!$A$3:$C$40,3,0) -> 1800 | L51: =K51/J51 -> 112.5 | M51: 16 | N51: =G51/W51*60 -> 1599.0909 | O51: =N51/M51 -> 99.943182 | P51: =M51-J51 -> 0 | Q51: =O51-L51 -> -12.556818 | R51: =O51/L51 -> 0.88838384 | T51: 0.42638889 | U51: 0.47222222 | V51: =(T51-U50)*24*60 -> 6 | W51: =(U51-T51)*24*60 -> 66 | AF51: =N51-K51 -> -200.90909 | AG51: =N51/K51 -> 0.88838384
B52: 義大利麵 | D52: 焗烤起司雙饗筆尖麵 | F52: =VLOOKUP(D52,廠價表!$C$1:$E$43,3,0) -> 49.97 | G52: 4275 | H52: =F52*G52 -> 213621.75 | J52: =VLOOKUP(D52,產線配置圖!$A$3:$C$40,2,0) -> 16 | K52: =VLOOKUP(D52,產線配置圖!$A$3:$C$40,3,0) -> 1800 | L52: =K52/J52 -> 112.5 | M52: 16 | N52: =G52/W52*60 -> 1644.2308 | O52: =N52/M52 -> 102.76442 | P52: =M52-J52 -> 0 | Q52: =O52-L52 -> -9.7355769 | R52: =O52/L52 -> 0.91346154 | T52: 0.53125 | U52: 0.63958333 | V52: =(T52-U51)*24*60 -> 85 | W52: =(U52-T52)*24*60 -> 156 | AF52: =N52-K52 -> -155.76923 | AG52: =N52/K52 -> 0.91346154
B53: 義大利麵 | D53: 黑松露野菇義大利麵 | F53: =VLOOKUP(D53,廠價表!$C$1:$E$43,3,0) -> 50.289 | G53: 746 | H53: =F53*G53 -> 37515.594 | J53: =VLOOKUP(D53,產線配置圖!$A$3:$C$40,2,0) -> 17 | K53: =VLOOKUP(D53,產線配置圖!$A$3:$C$40,3,0) -> 1636 | L53: =K53/J53 -> 96.235294 | M53: 17 | N53: =G53/W53*60 -> 1356.3636 | O53: =N53/M53 -> 79.786096 | P53: =M53-J53 -> 0 | Q53: =O53-L53 -> -16.449198 | R53: =O53/L53 -> 0.82907313 | T53: 0.64375 | U53: 0.66666667 | V53: =(T53-U52)*24*60 -> 6 | W53: =(U53-T53)*24*60 -> 33 | AF53: =N53-K53 -> -279.63636 | AG53: =N53/K53 -> 0.82907313
W54: =(U54-T54)*24*60 -> 0
W55: =(U55-T55)*24*60 -> 0
W56: =(U56-T56)*24*60 -> 0
W57: =(U57-T57)*24*60 -> 0
C58: 4度二組C2 | D58: 平均 | J58: =AVERAGE(J49:J57) -> 16.6 | K58: =AVERAGE(K49:K57) -> 1734.4 | L58: =AVERAGE(L49:L57) -> 104.67059 | M58: =AVERAGE(M49:M57) -> 16.4 | N58: =AVERAGE(N49:N57) -> 1547.0288 | O58: =AVERAGE(O49:O57) -> 94.477962 | P58: =M58-J58 -> -0.2 | Q58: =N58-K58 -> -187.37117 | R58: =O58/L58 -> 0.90262187 | Z58: =SUM(Z49:Z57) -> 0 | AA58: =SUM(AA49:AA57) -> 0 | AD58: =SUM(AD49:AD57) -> 0 | AE58: =SUM(AE49:AE57) -> 0 | AF58: =N58-K58 -> -187.37117 | AG58: =N58/K58 -> 0.89196773
A59: 調理包一線 (八爪機) | B59: 小吃、微波 | D59: 小滷青蔬 | F59: =VLOOKUP(D59,廠價表!$C$1:$E$43,3,0) -> 26.99 | G59: 2882 | H59: =F59*G59 -> 77785.18 | J59: =VLOOKUP(D59,產線配置圖!$A$3:$C$40,2,0) -> 15 | K59: =VLOOKUP(D59,產線配置圖!$A$3:$C$40,3,0) -> 1636 | L59: =K59/J59 -> 109.06667 | M59: 15 | N59: =G59/W59*60 -> 1572 | O59: =N59/M59 -> 104.8 | P59: =M59-J59 -> 0 | Q59: =O59-L59 -> -4.2666667 | R59: =O59/L59 -> 0.9608802 | S59: =R69 -> 0.93933669 | T59: 0.28819444 | U59: 0.36458333 | W59: =(U59-T59)*24*60 -> 110 | AF59: =N59-K59 -> -64 | AG59: =N59/K59 -> 0.9608802 | AH59: =AG69 -> 0.94050453
B60: 小吃、微波 | D60: 起司馬鈴薯 | F60: =VLOOKUP(D60,廠價表!$C$1:$E$43,3,0) -> 28.26 | G60: 1855 | H60: =F60*G60 -> 52422.3 | J60: =VLOOKUP(D60,產線配置圖!$A$3:$C$40,2,0) -> 11 | K60: =VLOOKUP(D60,產線配置圖!$A$3:$C$40,3,0) -> 1636 | L60: =K60/J60 -> 148.72727 | M60: 11 | N60: =G60/W60*60 -> 1524.6575 | O60: =N60/M60 -> 138.60523 | P60: =M60-J60 -> 0 | Q60: =O60-L60 -> -10.122042 | R60: =O60/L60 -> 0.93194226 | T60: 0.37152778 | U60: 0.42222222 | V60: =(T60-U59)*24*60 -> 10 | W60: =(U60-T60)*24*60 -> 73 | AF60: =N60-K60 -> -111.34247 | AG60: =N60/K60 -> 0.93194226
B61: 小吃、微波 | D61: 韓式炒冬粉 | F61: =VLOOKUP(D61,廠價表!$C$1:$E$43,3,0) -> 28.26 | G61: 2273 | H61: =F61*G61 -> 64234.98 | J61: =VLOOKUP(D61,產線配置圖!$A$3:$C$40,2,0) -> 11 | K61: =VLOOKUP(D61,產線配置圖!$A$3:$C$40,3,0) -> 1636 | L61: =K61/J61 -> 148.72727 | M61: 11 | N61: =G61/W61*60 -> 1567.5862 | O61: =N61/M61 -> 142.50784 | P61: =M61-J61 -> 0 | Q61: =O61-L61 -> -6.2194357 | R61: =O61/L61 -> 0.95818228 | T61: 0.42916667 | U61: 0.48958333 | V61: =(T61-U60)*24*60 -> 10 | W61: =(U61-T61)*24*60 -> 87 | AF61: =N61-K61 -> -68.413793 | AG61: =N61/K61 -> 0.95818228
B62: 小吃、微波 | D62: 麻辣雞心 | F62: =VLOOKUP(D62,廠價表!$C$1:$E$43,3,0) -> 28.26 | G62: 1989 | H62: =F62*G62 -> 56209.14 | J62: =VLOOKUP(D62,產線配置圖!$A$3:$C$40,2,0) -> 11 | K62: =VLOOKUP(D62,產線配置圖!$A$3:$C$40,3,0) -> 1636 | L62: =K62/J62 -> 148.72727 | M62: 11 | N62: =G62/W62*60 -> 1491.75 | O62: =N62/M62 -> 135.61364 | P62: =M62-J62 -> 0 | Q62: =O62-L62 -> -13.113636 | R62: =O62/L62 -> 0.91182763 | T62: 0.53819444 | U62: 0.59375 | V62: =(T62-U61)*24*60 -> 70 | W62: =(U62-T62)*24*60 -> 80 | AB62: 14:15-14:55試產 | AF62: =N62-K62 -> -144.25 | AG62: =N62/K62 -> 0.91182763
B63: 小吃、微波 | D63: 小滷青蔬 | F63: =VLOOKUP(D63,廠價表!$C$1:$E$43,3,0) -> 26.99 | G63: 1153 | H63: =F63*G63 -> 31119.47 | J63: =VLOOKUP(D63,產線配置圖!$A$3:$C$40,2,0) -> 15 | K63: =VLOOKUP(D63,產線配置圖!$A$3:$C$40,3,0) -> 1636 | L63: =K63/J63 -> 109.06667 | M63: 15 | N63: =G63/W63*60 -> 1537.3333 | O63: =N63/M63 -> 102.48889 | P63: =M63-J63 -> 0 | Q63: =O63-L63 -> -6.5777778 | R63: =O63/L63 -> 0.9396903 | T63: 0.62152778 | U63: 0.65277778 | V63: =(T63-U62)*24*60 -> 40 | W63: =(U63-T63)*24*60 -> 45
W64: =(U64-T64)*24*60 -> 0
W65: =(U65-T65)*24*60 -> 0
W66: =(U66-T66)*24*60 -> 0
W67: =(U67-T67)*24*60 -> 0
H68: =F68*G68 -> 0 | W68: =(U68-T68)*24*60 -> 0
C69: 4度三組 | D69: 平均 | J69: =AVERAGE(J59:J68) -> 12.6 | K69: =AVERAGE(K59:K68) -> 1636 | L69: =AVERAGE(L59:L68) -> 132.86303 | M69: =AVERAGE(M59:M68) -> 12.6 | N69: =AVERAGE(N59:N68) -> 1538.6654 | O69: =AVERAGE(O59:O68) -> 124.80312 | P69: =M69-J69 -> 0 | Q69: =N69-K69 -> -97.334585 | R69: =O69/L69 -> 0.93933669 | Z69: =SUM(Z59:Z68) -> 0 | AA69: =SUM(AA59:AA68) -> 0 | AD69: =SUM(AD59:AD68) -> 0 | AE69: =SUM(AE59:AE68) -> 0 | AF69: =N69-K69 -> -97.334585 | AG69: =N69/K69 -> 0.94050453
A70: 調理包二線 (手工) | B70: 小吃、微波 | D70: 麻辣雞心 | F70: =VLOOKUP(D70,廠價表!$C$1:$E$43,3,0) -> 28.26 | G70: 1941 | H70: =F70*G70 -> 54852.66 | J70: =VLOOKUP(D70,產線配置圖!$A$3:$C$40,2,0) -> 11 | K70: =VLOOKUP(D70,產線配置圖!$A$3:$C$40,3,0) -> 1636 | L70: =K70/J70 -> 148.72727 | M70: 9 | N70: =G70/W70*60 -> 1265.8696 | O70: =N70/M70 -> 140.65217 | P70: =M70-J70 -> -2 | Q70: =O70-L70 -> -8.0750988 | R70: =O70/L70 -> 0.94570533 | S70: =R79 -> 0.89038466 | T70: 0.29375 | U70: 0.35763889 | W70: =(U70-T70)*24*60 -> 92 | AF70: =N70-K70 -> -370.13043 | AG70: =N70/K70 -> 0.7737589 | AH70: =AG79 -> 0.83545651
B71: 義大利麵 | D71: 蕃茄莎莎海鮮冷義大利麵 | F71: =VLOOKUP(D71,廠價表!$C$1:$E$43,3,0) -> 46.34 | G71: 2802 | H71: =F71*G71 -> 129844.68 | J71: =VLOOKUP(D71,產線配置圖!$A$3:$C$40,2,0) -> 16 | K71: =VLOOKUP(D71,產線配置圖!$A$3:$C$40,3,0) -> 1500 | L71: =K71/J71 -> 93.75 | M71: 16 | N71: =G71/W71*60 -> 1159.4483 | O71: =N71/M71 -> 72.465517 | P71: =M71-J71 -> 0 | Q71: =O71-L71 -> -21.284483 | R71: =O71/L71 -> 0.77296552 | T71: 0.37847222 | U71: 0.47916667 | V71: =(T71-U70)*24*60 -> 30 | W71: =(U71-T71)*24*60 -> 145 | AB71: 8:40-9:00 支援製作醬杯 | AF71: -300.3125 | AG71: 0.80810703
B72: 義大利麵 | D72: 蕃茄莎莎海鮮冷義大利麵 | F72: =VLOOKUP(D72,廠價表!$C$1:$E$43,3,0) -> 46.34 | G72: 1914 | H72: =F72*G72 -> 88694.76 | J72: =VLOOKUP(D72,產線配置圖!$A$3:$C$40,2,0) -> 16 | K72: =VLOOKUP(D72,產線配置圖!$A$3:$C$40,3,0) -> 1500 | L72: =K72/J72 -> 93.75 | M72: 16 | N72: =G72/W72*60 -> 1276 | O72: =N72/M72 -> 79.75 | P72: =M72-J72 -> 0 | Q72: =O72-L72 -> -14 | R72: =O72/L72 -> 0.85066667 | T72: 0.54513889 | U72: 0.60763889 | V72: =(T72-U71)*24*60 -> 95 | W72: =(U72-T72)*24*60 -> 90 | AF72: -130.33333 | AG72: 0.91671991
W73: =(U73-T73)*24*60 -> 0
W74: =(U74-T74)*24*60 -> 0
W75: =(U75-T75)*24*60 -> 0
W76: =(U76-T76)*24*60 -> 0
W77: =(U77-T77)*24*60 -> 0
W78: =(U78-T78)*24*60 -> 0
C79: 4度四組 | D79: 平均 | J79: =AVERAGE(J69:J78) -> 13.9 | K79: =AVERAGE(K69:K78) -> 1568 | L79: =AVERAGE(L69:L78) -> 117.27258 | M79: =AVERAGE(M69:M78) -> 13.4 | N79: =AVERAGE(N69:N78) -> 1309.9958 | O79: =AVERAGE(O69:O78) -> 104.4177 | P79: =M79-J79 -> -0.5 | Q79: =N79-K79 -> -258.00419 | R79: =O79/L79 -> 0.89038466 | Z79: =SUM(Z70:Z78) -> 0 | AA79: =SUM(AA70:AA78) -> 0 | AD79: =SUM(AD70:AD78) -> 0 | AE79: =SUM(AE70:AE78) -> 0 | AF79: =N79-K79 -> -258.00419 | AG79: =N79/K79 -> 0.83545651
AJ80: 1.當日出勤人數較多
AJ81: 2.當日出勤人數較少
AJ82: 3.當日出勤熟手較少
AJ83: 4.當日出勤新人較多
AJ84: 5.機台夾盒
AJ85: 6.封膜不順
AJ86: 7.更換膠膜
AJ87: 8.更換碳帶
AJ88: 9.當日熱轉印碳帶異常
AJ89: 10.訂單量過少
AJ90: 11.新品上市，尚未熟悉
AJ91: 12.商品結構，產能較低
AJ92: 13.區域出貨，分段生產

Sheet 0707總
B1: 長家廠組合室生產人時性分析
B3: 日期 | D3: 46210 | F3: 訂單量 | G3: ='0707'!E1 -> 73106 | I3: 營業額 | J3: ='0707'!G1 -> 3425033.2
B4: 項目 | D4: 3 | F4: ➀ | H4: ➁ | J4: ③ | L4: 異常停線 | N4: 短暫停線
B5: 人時性 | D5: 組合室 | F5: 全溫層 | H5: 義大利麵 | J5: 袋裝小吃、義麵 | L5: 合計次數 | M5: 時間 | N5: 合計次數 | O5: 設備次數
D6: 排關平均 | F6: =AVERAGE(D13:J13) -> 125.9702 | H6: =AVERAGE(D13:H13) -> 121.92505 | J6: =AVERAGE(I13:J13) -> 136.08307 | L6: =SUM(D18:J18) -> 1 | M6: =SUM(D19:J19) -> 35 | N6: =SUM(D20:J20) -> 0 | O6: =SUM(D20:J20) -> 0
D7: 實績平均 | F7: =AVERAGE(D14:J14) -> 113.86074 | H7: =AVERAGE(D14:H14) -> 113.86804 | J7: =AVERAGE(I14:J14) -> 113.8425 | L7: =AVERAGE(K14:L14) -> #DIV/0! | M7: =AVERAGE(L14:M14) -> #DIV/0! | N7: =AVERAGE(M14:N14) -> #DIV/0! | O7: =AVERAGE(N14:O14) -> #DIV/0!
D8: 達成率平均 | F8: =F7/F6 -> 0.90387045 | H8: =H7/H6 -> 0.93391829 | J8: =J7/J6 -> 0.83656626 | L8: =AVERAGE(K15:L15) -> #DIV/0! | M8: =AVERAGE(L15:M15) -> #DIV/0! | N8: =AVERAGE(M15:N15) -> #DIV/0! | O8: =AVERAGE(N15:O15) -> #DIV/0!
J9: ※現行日本鮮食廠以達成率80%為基本(即為現行KPI)
B10: 溫層 | D10: 4度C-各編組展開
B11: 編組 | D11: 1 | E11: 2 | F11: 3 | G11: 4 | H11: 5 | I11: 6 | J11: 7
D12: 自動1線 | E12: 自動2線 | F12: 手工3線 | G12: 手工4線 | H12: 手工5線 | I12: 調理包1線 | J12: 調理包2線
B13: 人時性 | C13: 排關 | D13: =VALUE('0707'!L15) -> 145.3125 | E13: =VALUE('0707'!L26) -> 161.26374 | F13: =VALUE('0707'!L37) -> 95.800654 | G13: =VALUE('0707'!L48) -> 102.57778 | H13: =VALUE('0707'!L58) -> 104.67059 | I13: =VALUE('0707'!L69) -> 128.89697 | J13: ='0707'!L79 -> 143.26916
C14: 實績 | D14: =VALUE('0707'!O15) -> 137.87915 | E14: =VALUE('0707'!O26) -> 154.1246 | F14: =VALUE('0707'!O37) -> 89.889476 | G14: =VALUE('0707'!O48) -> 91.901689 | H14: =VALUE('0707'!O58) -> 95.545262 | I14: =VALUE('0707'!O69) -> 118.90232 | J14: ='0707'!O79 -> 108.78268
C15: 達成率 | D15: =D14/D13 -> 0.9488458 | E15: =E14/E13 -> 0.95573003 | F15: =F14/F13 -> 0.9382971 | G15: =G14/G13 -> 0.89592201 | H15: =H14/H13 -> 0.91281862 | I15: =I14/I13 -> 0.92246019 | J15: ='0707'!S70 -> 0.75928888
B16: 作業 時間 | C16: 開始 | D16: ='0707'!T5 -> 0.29861111 | E16: ='0707'!T16 -> 0.28819444 | F16: ='0707'!T27 -> 0.29166667 | G16: ='0707'!T38 -> 0.33333333 | H16: ='0707'!T49 -> 0.29166667 | I16: ='0707'!T59 -> 0.29166667 | J16: ='0707'!T70 -> 0.29861111
C17: 結束 | D17: 0.68333333 | E17: 0.65138889 | F17: 0.65277778 | G17: 0.65625 | H17: 0.65277778 | I17: 0.57291667 | J17: 0.58333333
B18: 產線異常 (5分鐘以上) | C18: 次數 | D18: ='0707'!Z15 -> 0 | E18: ='0707'!Z26 -> 0 | F18: ='0707'!Z37 -> 0 | G18: ='0707'!Z48 -> 1 | H18: ='0707'!Z58 -> 0 | I18: ='0707'!Z69 -> 0 | J18: ='0707'!AA79 -> 0
C19: 時間/分 | D19: ='0707'!AA15 -> 0 | E19: ='0707'!AA26 -> 0 | F19: ='0707'!AA37 -> 0 | G19: ='0707'!AA48 -> 35 | H19: ='0707'!AA58 -> 0 | I19: ='0707'!AA69 -> 0 | J19: ='0707'!AB79 -> 0
B20: 短暫停線 (5分鐘以下) | C20: 次數 | D20: ='0707'!AD15 -> 0 | E20: ='0707'!AD26 -> 0 | F20: ='0707'!AD37 -> 0 | G20: ='0707'!AD48 -> 0 | H20: ='0707'!AD58 -> 0 | I20: ='0707'!AD69 -> 0 | J20: ='0707'!AD79 -> 0
C21: 設備次數 | D21: ='0707'!AE15 -> 0 | E21: ='0707'!AE26 -> 0 | F21: ='0707'!AE37 -> 0 | G21: ='0707'!AE48 -> 0 | H21: ='0707'!AE58 -> 0 | I21: ='0707'!AE69 -> 0 | J21: ='0707'!AE79 -> 0
B22: 配置人數 | D22: =VALUE('0707'!M15) -> 15.5 | E22: =VALUE('0707'!M26) -> 14 | F22: =VALUE('0707'!M37) -> 17 | G22: =VALUE('0707'!M48) -> 16.5 | H22: =VALUE('0707'!M58) -> 16.6 | I22: =VALUE('0707'!M69) -> 13 | J22: ='0707'!M79 -> 11.666667
B23: 主要應用設備 | D23: ET-600 | E23: ET-600 | F23: ET-55 | G23: ET-55 | H23: ET-55 | I23: 八爪機 | J23: 八爪機
B24: 次要應用設備 | H24: 封口機 | J24: 封口機
B25: 備註

Sheet 0707
A1: 長家廠4度C日報分析 | D1: 總生產量 | E1: =SUM(G5:G79) -> 73106 | F1: 營業額 | G1: =SUM(H5:H79) -> 3425033.2 | H1: 出勤人數 | I1: =M15+M26+M48+M58+M69+M79+M37 -> 104.26667 | J1: 產線配置圖 | M1: 生產實績 | P1: 人時性差異分析 | T1: 日報登錄 | Z1: 合計 次數 | AA1: 合計 時間/分 | AB1: 分析說明 | AD1: 合計 次數 | AE1: 合計 設備次數 | AF1: 產能差異分析
A2: 07月07日 星期二 | D2: 人時性 | E2: =AVERAGE(O15,O26,O37,O48,O58,O69,O79) -> 113.86074 | F2: 平均廠價 | G2: =G1/E1 -> 46.850234 | H2: 多次生產數 | I2: =COUNT(I5:I79) -> 0 | Z2: =Z15+Z26+Z37+Z48+Z58+Z69+Z79 -> 1 | AA2: =AA15+AA26+AA37+AA48+AA58+AA69+AA79 -> 35 | AD2: =AD15+AD26+AD37+AD48+AD58+AD69+AD79 -> 0 | AE2: =AE15+AE26+AE37+AE48+AE58+AE69+AE79 -> 0
A3: 線別 | B3: 品類 | D3: 品名 | F3: 廠價 | G3: 生產量 | H3: 營收 | I3: 多次 生產 | J3: 人數 | K3: 產能/時 | L3: 人時性 | M3: 人數 | N3: 產能/時 | O3: 人時性 | P3: 人數 | Q3: 人時性 | R3: 達成率 | S3: 達成率平均 | T3: 生產時間 | V3: 前置、換線時間/分 | W3: 稼動時間/分 | X3: 休息時間 | Z3: 產線異常統計 (5分鐘以上) | AD3: 短暫停線統計 (5分鐘以下) | AF3: 產能/時 | AG3: 達成率 | AH3: 達成率平均
T4: 開始 | U4: 結束 | X4: 開始 | Y4: 結束 | Z4: 次數 | AA4: 時間/分 | AD4: 總次數 | AE4: 設備因素(次數)
A5: 自動一線 (ET-600) | B5: 義大利麵 | D5: 羅馬黑胡椒起司義大利麵 | F5: =VLOOKUP(D5,廠價表!$C$1:$E$43,3,0) -> 50.67 | G5: 6055 | H5: =F5*G5 -> 306806.85 | J5: 16 | K5: =VLOOKUP(D5,產線配置圖!$A$3:$C$40,3,0) -> 2250 | L5: =K5/J5 -> 140.625 | M5: 16 | N5: =G5/W5*60 -> 2162.5 | O5: =N5/M5 -> 135.15625 | P5: =M5-J5 -> 0 | Q5: =O5-L5 -> -5.46875 | R5: =O5/L5 -> 0.96111111 | S5: =R15 -> 0.9488458 | T5: 0.29861111 | U5: 0.41527778 | W5: =(U5-T5)*24*60 -> 168 | AB5: 07:00-07:10注醬機調整 | AF5: =N5-K5 -> -87.5 | AG5: =N5/K5 -> 0.96111111 | AH5: =AG15 -> 0.94890828
B6: 義大利麵 | D6: 奶油培根義大利麵 | F6: =VLOOKUP(D6,廠價表!$C$1:$E$43,3,0) -> 49.14 | G6: 3331 | H6: =F6*G6 -> 163685.34 | J6: =VLOOKUP(D6,產線配置圖!$A$3:$C$40,2,0) -> 15 | K6: =VLOOKUP(D6,產線配置圖!$A$3:$C$40,3,0) -> 2250 | L6: =K6/J6 -> 150 | M6: 15 | N6: =G6/W6*60 -> 2126.1702 | O6: =N6/M6 -> 141.74468 | P6: =M6-J6 -> 0 | Q6: =O6-L6 -> -8.2553191 | R6: =O6/L6 -> 0.94496454 | T6: 0.42777778 | U6: 0.49305556 | V6: =(T6-U5)*24*60 -> 18 | W6: =(U6-T6)*24*60 -> 94 | AB6: 09:58-10:14、14:33-14:50注醬機清洗組裝 | AF6: =N6-K6 -> -123.82979 | AG6: =N6/K6 -> 0.94496454
B7: 義大利麵 | D7: 奶油培根義大利麵 | F7: =VLOOKUP(D7,廠價表!$C$1:$E$43,3,0) -> 49.14 | G7: 2669 | H7: =F7*G7 -> 131154.66 | J7: =VLOOKUP(D7,產線配置圖!$A$3:$C$40,2,0) -> 15 | K7: =VLOOKUP(D7,產線配置圖!$A$3:$C$40,3,0) -> 2250 | L7: =K7/J7 -> 150 | M7: 15 | N7: =G7/W7*60 -> 2135.2 | O7: =N7/M7 -> 142.34667 | P7: =M7-J7 -> 0 | Q7: =O7-L7 -> -7.6533333 | R7: =O7/L7 -> 0.94897778 | T7: 0.55416667 | U7: 0.60625 | V7: =(T7-U6)*24*60 -> 88 | W7: =(U7-T7)*24*60 -> 75 | AF7: =N7-K7 -> -114.8 | AG7: =N7/K7 -> 0.94897778
B8: 義大利麵 | D8: 羅馬黑胡椒起司義大利麵 | F8: =VLOOKUP(D8,廠價表!$C$1:$E$43,3,0) -> 50.67 | G8: 3245 | H8: =F8*G8 -> 164424.15 | J8: 16 | K8: =VLOOKUP(D8,產線配置圖!$A$3:$C$40,3,0) -> 2250 | L8: =K8/J8 -> 140.625 | M8: 16 | N8: =G8/W8*60 -> 2116.3043 | O8: =N8/M8 -> 132.26902 | P8: =M8-J8 -> 0 | Q8: =O8-L8 -> -8.3559783 | R8: =O8/L8 -> 0.94057971 | T8: 0.61944444 | U8: 0.68333333 | V8: =(T8-U7)*24*60 -> 19 | W8: =(U8-T8)*24*60 -> 92 | AF8: =N8-K8 -> -133.69565 | AG8: =N8/K8 -> 0.94057971
W9: =(U9-T9)*24*60 -> 0 | AF9: =N9-K9 -> 0 | AG9: =N9/K9 -> #DIV/0!
W10: =(U10-T10)*24*60 -> 0 | AF10: =N10-K10 -> 0 | AG10: =N10/K10 -> #DIV/0!
W11: =(U11-T11)*24*60 -> 0 | AF11: =N11-K11 -> 0 | AG11: =N11/K11 -> #DIV/0!
W12: =(U12-T12)*24*60 -> 0
W13: =(U13-T13)*24*60 -> 0
W14: =(U14-T14)*24*60 -> 0
C15: 4度一組 | D15: 平均 | J15: =AVERAGE(J5:J14) -> 15.5 | K15: =AVERAGE(K5:K14) -> 2250 | L15: =AVERAGE(L5:L14) -> 145.3125 | M15: =AVERAGE(M5:M14) -> 15.5 | N15: =AVERAGE(N5:N14) -> 2135.0436 | O15: =AVERAGE(O5:O14) -> 137.87915 | P15: =M15-J15 -> 0 | Q15: =O15-L15 -> -7.4333452 | R15: =O15/L15 -> 0.9488458 | Z15: =SUM(Z5:Z14) -> 0 | AA15: =SUM(AA5:AA14) -> 0 | AD15: =SUM(AD5:AD14) -> 0 | AE15: =SUM(AE5:AE14) -> 0 | AF15: =N15-K15 -> -114.95636 | AG15: =N15/K15 -> 0.94890828
A16: 自動二線 (ET-600) | B16: 義大利麵 | D16: 青醬蛤蜊義大利麵 | F16: =VLOOKUP(D16,廠價表!$C$1:$E$43,3,0) -> 50.67 | G16: 2412 | H16: =F16*G16 -> 122216.04 | J16: =VLOOKUP(D16,產線配置圖!$A$3:$C$40,2,0) -> 14 | K16: =VLOOKUP(D16,產線配置圖!$A$3:$C$40,3,0) -> 2250 | L16: =K16/J16 -> 160.71429 | M16: 14 | N16: =G16/W16*60 -> 2128.2353 | O16: =N16/M16 -> 152.01681 | P16: =M16-J16 -> 0 | Q16: =O16-L16 -> -8.697479 | R16: =O16/L16 -> 0.94588235 | S16: =R26 -> 0.95573003 | T16: 0.28819444 | U16: 0.33541667 | W16: =(U16-T16)*24*60 -> 68 | AF16: =N16-K16 -> -121.76471 | AG16: =N16/K16 -> 0.94588235 | AH16: =AG26 -> 0.95577472
B17: 義大利麵 | D17: 白酒清炒鮮蛤義大利麵 | F17: =VLOOKUP(D17,廠價表!$C$1:$E$43,3,0) -> 56.87 | G17: 3018 | H17: =F17*G17 -> 171633.66 | J17: =VLOOKUP(D17,產線配置圖!$A$3:$C$40,2,0) -> 15 | K17: =VLOOKUP(D17,產線配置圖!$A$3:$C$40,3,0) -> 2250 | L17: =K17/J17 -> 150 | M17: 15 | N17: =G17/W17*60 -> 2130.3529 | O17: =N17/M17 -> 142.02353 | P17: =M17-J17 -> 0 | Q17: =O17-L17 -> -7.9764706 | R17: =O17/L17 -> 0.94682353 | T17: 0.34027778 | U17: 0.39930556 | V17: =(T17-U16)*24*60 -> 7 | W17: =(U17-T17)*24*60 -> 85 | AF17: =N17-K17 -> -119.64706 | AG17: =N17/K17 -> 0.94682353
B18: 義大利麵 | D18: 香煎魚排佐檸檬奶油義大利麵 | F18: =VLOOKUP(D18,廠價表!$C$1:$E$43,3,0) -> 58.17 | G18: 2464 | H18: =F18*G18 -> 143330.88 | J18: =VLOOKUP(D18,產線配置圖!$A$3:$C$40,2,0) -> 15 | K18: =VLOOKUP(D18,產線配置圖!$A$3:$C$40,3,0) -> 2250 | L18: =K18/J18 -> 150 | M18: 15 | N18: =G18/W18*60 -> 2174.1176 | O18: =N18/M18 -> 144.94118 | P18: =M18-J18 -> 0 | Q18: =O18-L18 -> -5.0588235 | R18: =O18/L18 -> 0.96627451 | T18: 0.40555556 | U18: 0.45277778 | V18: =(T18-U17)*24*60 -> 9 | W18: =(U18-T18)*24*60 -> 68 | AF18: =N18-K18 -> -75.882353 | AG18: =N18/K18 -> 0.96627451
B19: 義大利麵 | D19: 義式蕃茄起司義大利麵 | F19: =VLOOKUP(D19,廠價表!$C$1:$E$43,3,0) -> 50.39 | G19: 1534 | H19: =F19*G19 -> 77298.26 | J19: =VLOOKUP(D19,產線配置圖!$A$3:$C$40,2,0) -> 13 | K19: =VLOOKUP(D19,產線配置圖!$A$3:$C$40,3,0) -> 2250 | L19: =K19/J19 -> 173.07692 | M19: 13 | N19: =G19/W19*60 -> 2140.4651 | O19: =N19/M19 -> 164.65116 | P19: =M19-J19 -> 0 | Q19: =O19-L19 -> -8.4257603 | R19: =O19/L19 -> 0.95131783 | T19: 0.45972222 | U19: 0.48958333 | V19: =(T19-U18)*24*60 -> 10 | W19: =(U19-T19)*24*60 -> 43 | AF19: =N19-K19 -> -109.53488 | AG19: =N19/K19 -> 0.95131783
B20: 義大利麵 | D20: 義式蕃茄起司義大利麵 | F20: =VLOOKUP(D20,廠價表!$C$1:$E$43,3,0) -> 50.39 | G20: 3485 | H20: =F20*G20 -> 175609.15 | J20: =VLOOKUP(D20,產線配置圖!$A$3:$C$40,2,0) -> 13 | K20: =VLOOKUP(D20,產線配置圖!$A$3:$C$40,3,0) -> 2250 | L20: =K20/J20 -> 173.07692 | M20: 13 | N20: =G20/W20*60 -> 2155.6701 | O20: =N20/M20 -> 165.82078 | P20: =M20-J20 -> 0 | Q20: =O20-L20 -> -7.2561459 | R20: =O20/L20 -> 0.9580756 | T20: 0.55208333 | U20: 0.61944444 | V20: =(T20-U19)*24*60 -> 90 | W20: =(U20-T20)*24*60 -> 97
B21: 義大利麵 | D21: 青醬蛤蜊義大利麵 | F21: =VLOOKUP(D21,廠價表!$C$1:$E$43,3,0) -> 50.67 | G21: 1232 | H21: =F21*G21 -> 62425.44 | J21: =VLOOKUP(D21,產線配置圖!$A$3:$C$40,2,0) -> 14 | K21: =VLOOKUP(D21,產線配置圖!$A$3:$C$40,3,0) -> 2250 | L21: =K21/J21 -> 160.71429 | M21: 14 | N21: =G21/W21*60 -> 2174.1176 | O21: =N21/M21 -> 155.29412 | P21: =M21-J21 -> 0 | Q21: =O21-L21 -> -5.4201681 | R21: =O21/L21 -> 0.96627451 | T21: 0.62777778 | U21: 0.65138889 | V21: =(T21-U20)*24*60 -> 12 | W21: =(U21-T21)*24*60 -> 34
W22: 0
W23: =(U23-T23)*24*60 -> 0
H24: =F24*G24 -> 0 | W24: =(U24-T24)*24*60 -> 0
H25: =F25*G25 -> 0 | W25: =(U25-T25)*24*60 -> 0
C26: 4度二組A | D26: 平均 | J26: =AVERAGE(J16:J25) -> 14 | K26: =AVERAGE(K16:K25) -> 2250 | L26: =AVERAGE(L16:L25) -> 161.26374 | M26: =AVERAGE(M16:M25) -> 14 | N26: =AVERAGE(N16:N25) -> 2150.4931 | O26: =AVERAGE(O16:O25) -> 154.1246 | P26: =M26-J26 -> 0 | Q26: =O26-L26 -> -7.1391412 | R26: =O26/L26 -> 0.95573003 | Z26: =SUM(Z16:Z25) -> 0 | AA26: =SUM(AA16:AA25) -> 0 | AD26: =SUM(AD16:AD25) -> 0 | AE26: =SUM(AE16:AE25) -> 0 | AF26: =N26-K26 -> -99.506875 | AG26: =N26/K26 -> 0.95577472
A27: 手工三線 (ET-55) | B27: 義大利麵 | D27: 義式蛋蛋青醬鮪魚冷義大利麵 | F27: =VLOOKUP(D27,廠價表!$C$1:$E$43,3,0) -> 45.66 | G27: 1378 | H27: =F27*G27 -> 62919.48 | J27: =VLOOKUP(D27,產線配置圖!$A$3:$C$40,2,0) -> 17 | K27: 1636 | L27: =K27/J27 -> 96.235294 | M27: 17 | N27: =G27/W27*60 -> 1560 | O27: =N27/M27 -> 91.764706 | P27: =M27-J27 -> 0 | Q27: =O27-L27 -> -4.4705882 | R27: =O27/L27 -> 0.95354523 | S27: =R37 -> 0.9382971 | T27: 0.29166667 | U27: 0.32847222 | W27: =(U27-T27)*24*60 -> 53 | AF27: =N27-K27 -> -76 | AG27: =N27/K27 -> 0.95354523 | AH27: =AG37 -> 0.9393151
B28: 義大利麵 | D28: 蕃茄莎莎海鮮冷義大利麵 | F28: =VLOOKUP(D28,廠價表!$C$1:$E$43,3,0) -> 46.34 | G28: 994 | H28: =F28*G28 -> 46061.96 | J28: =VLOOKUP(D28,產線配置圖!$A$3:$C$40,2,0) -> 16 | K28: 1636 | L28: =K28/J28 -> 102.25 | M28: 16 | N28: =G28/W28*60 -> 1420 | O28: =N28/M28 -> 88.75 | P28: =M28-J28 -> 0 | Q28: =O28-L28 -> -13.5 | R28: =O28/L28 -> 0.86797066 | T28: 0.33402778 | U28: 0.36319444 | V28: =(T28-U27)*24*60 -> 8 | W28: =(U28-T28)*24*60 -> 42 | AF28: =N28-K28 -> -216 | AG28: =N28/K28 -> 0.86797066
B29: 義大利麵 | D29: 焦糖拿鐵烤雞細扁麵 | F29: =VLOOKUP(D29,廠價表!$C$1:$E$43,3,0) -> 57.21 | G29: 1201 | H29: =F29*G29 -> 68709.21 | J29: =VLOOKUP(D29,產線配置圖!$A$3:$C$40,2,0) -> 18 | K29: =VLOOKUP(D29,產線配置圖!$A$3:$C$40,3,0) -> 1565 | L29: =K29/J29 -> 86.944444 | M29: 18 | N29: =G29/W29*60 -> 1501.25 | O29: =N29/M29 -> 83.402778 | P29: =M29-J29 -> 0 | Q29: =O29-L29 -> -3.5416667 | R29: =O29/L29 -> 0.95926518 | T29: 0.36805556 | U29: 0.40138889 | V29: =(T29-U28)*24*60 -> 7 | W29: =(U29-T29)*24*60 -> 48 | AF29: =N29-K29 -> -63.75 | AG29: =N29/K29 -> 0.95926518
B30: 義大利麵 | D30: 奶油鮮蝦明太子細扁麵 | F30: =VLOOKUP(D30,廠價表!$C$1:$E$43,3,0) -> 57.21 | G30: 2375 | H30: =F30*G30 -> 135873.75 | J30: =VLOOKUP(D30,產線配置圖!$A$3:$C$40,2,0) -> 18 | K30: =VLOOKUP(D30,產線配置圖!$A$3:$C$40,3,0) -> 1636 | L30: =K30/J30 -> 90.888889 | M30: 18 | N30: =G30/W30*60 -> 1565.9341 | O30: =N30/M30 -> 86.996337 | P30: =M30-J30 -> 0 | Q30: =O30-L30 -> -3.8925519 | R30: =O30/L30 -> 0.95717241 | T30: 0.40694444 | U30: 0.47013889 | V30: =(T30-U29)*24*60 -> 8 | W30: =(U30-T30)*24*60 -> 91 | AF30: =N30-K30 -> -70.065934 | AG30: =N30/K30 -> 0.95717241
B31: 義大利麵 | D31: 蕃茄莎莎海鮮冷義大利麵 | F31: =VLOOKUP(D31,廠價表!$C$1:$E$43,3,0) -> 46.34 | G31: 2580 | H31: =F31*G31 -> 119557.2 | J31: =VLOOKUP(D31,產線配置圖!$A$3:$C$40,2,0) -> 16 | K31: 1636 | L31: =K31/J31 -> 102.25 | M31: 16 | N31: =G31/W31*60 -> 1548 | O31: =N31/M31 -> 96.75 | P31: =M31-J31 -> 0 | Q31: =O31-L31 -> -5.5 | R31: =O31/L31 -> 0.94621027 | T31: 0.52361111 | U31: 0.59305556 | V31: =(T31-U30)*24*60 -> 77 | W31: =(U31-T31)*24*60 -> 100 | AF31: =N31-K31 -> -88 | AG31: =N31/K31 -> 0.94621027
B32: 義大利麵 | D32: 義式蛋蛋青醬鮪魚冷義大利麵 | F32: =VLOOKUP(D32,廠價表!$C$1:$E$43,3,0) -> 45.66 | G32: 2000 | H32: =F32*G32 -> 91320 | J32: =VLOOKUP(D32,產線配置圖!$A$3:$C$40,2,0) -> 17 | K32: 1636 | L32: =K32/J32 -> 96.235294 | M32: 17 | N32: =G32/W32*60 -> 1558.4416 | O32: =N32/M32 -> 91.673033 | P32: =M32-J32 -> 0 | Q32: =O32-L32 -> -4.5622613 | R32: =O32/L32 -> 0.95259264 | T32: 0.59930556 | U32: 0.65277778 | V32: =(T32-U31)*24*60 -> 9 | W32: =(U32-T32)*24*60 -> 77
W33: =(U33-T33)*24*60 -> 0
W34: =(U34-T34)*24*60 -> 0
W35: =(U35-T35)*24*60 -> 0
H36: =F36*G36 -> 0 | W36: =(U36-T36)*24*60 -> 0
C37: 4度二組B | D37: 平均 | J37: =AVERAGE(J27:J36) -> 17 | K37: =AVERAGE(K27:K36) -> 1624.1667 | L37: =AVERAGE(L27:L36) -> 95.800654 | M37: =AVERAGE(M27:M36) -> 17 | N37: =AVERAGE(N27:N36) -> 1525.6043 | O37: =AVERAGE(O27:O36) -> 89.889476 | P37: =M37-J37 -> 0 | Q37: =N37-K37 -> -98.562396 | R37: =O37/L37 -> 0.9382971 | Z37: =SUM(Z27:Z36) -> 0 | AA37: =SUM(AA27:AA36) -> 0 | AD37: =SUM(AD27:AD36) -> 0 | AE37: =SUM(AE27:AE36) -> 0 | AF37: =N37-K37 -> -98.562396 | AG37: =N37/K37 -> 0.9393151
A38: 手工四線 (ET-55) | B38: 熱乾麵 | D38: 青花椒麻雞肉拌麵 | F38: =VLOOKUP(D38,廠價表!$C$1:$E$43,3,0) -> 49.91 | G38: 2434 | H38: =F38*G38 -> 121480.94 | J38: =VLOOKUP(D38,產線配置圖!$A$3:$C$40,2,0) -> 15 | K38: =VLOOKUP(D38,產線配置圖!$A$3:$C$40,3,0) -> 1714 | L38: =K38/J38 -> 114.26667 | M38: 15 | N38: =G38/W38*60 -> 1659.5455 | O38: =N38/M38 -> 110.63636 | P38: =M38-J38 -> 0 | Q38: =O38-L38 -> -3.630303 | R38: =O38/L38 -> 0.96822955 | S38: =R48 -> 0.89592201 | T38: 0.33333333 | U38: 0.39444444 | W38: =(U38-T38)*24*60 -> 88 | AF38: =N38-K38 -> -54.454545 | AG38: =N38/K38 -> 0.96822955 | AH38: =AG48 -> 0.89030037
B39: 熱乾麵 | D39: 府城鹽水意麵 | F39: =VLOOKUP(D39,廠價表!$C$1:$E$43,3,0) -> 44.3 | G39: 2414 | H39: =F39*G39 -> 106940.2 | J39: =VLOOKUP(D39,產線配置圖!$A$3:$C$40,2,0) -> 18 | K39: =VLOOKUP(D39,產線配置圖!$A$3:$C$40,3,0) -> 1636 | L39: =K39/J39 -> 90.888889 | M39: 18 | N39: =G39/W39*60 -> 1105.6489 | O39: =N39/M39 -> 61.424936 | P39: =M39-J39 -> 0 | Q39: =O39-L39 -> -29.463953 | R39: =O39/L39 -> 0.67582448 | T39: 0.40694444 | U39: 0.49791667 | V39: =(T39-U38)*24*60 -> 18 | W39: =(U39-T39)*24*60 -> 131 | Z39: 1 | AA39: 35 | AB39: 10:05-10:40熱轉印異常 | AF39: =N39-K39 -> -530.35115 | AG39: =N39/K39 -> 0.67582448
B40: 熱乾麵 | D40: 府城鹽水意麵 | F40: =VLOOKUP(D40,廠價表!$C$1:$E$43,3,0) -> 44.3 | G40: 2933 | H40: =F40*G40 -> 129931.9 | J40: =VLOOKUP(D40,產線配置圖!$A$3:$C$40,2,0) -> 18 | K40: =VLOOKUP(D40,產線配置圖!$A$3:$C$40,3,0) -> 1636 | L40: =K40/J40 -> 90.888889 | M40: 18 | N40: =G40/W40*60 -> 1599.8182 | O40: =N40/M40 -> 88.878788 | P40: =M40-J40 -> 0 | Q40: =O40-L40 -> -2.010101 | R40: =O40/L40 -> 0.97788397 | T40: 0.55208333 | U40: 0.62847222 | V40: =(T40-U39)*24*60 -> 78 | W40: =(U40-T40)*24*60 -> 110 | AF40: =N40-K40 -> -36.181818 | AG40: =N40/K40 -> 0.97788397
B41: 熱乾麵 | D41: 青花椒麻雞肉拌麵 | F41: =VLOOKUP(D41,廠價表!$C$1:$E$43,3,0) -> 49.91 | G41: 800 | H41: =F41*G41 -> 39928 | J41: =VLOOKUP(D41,產線配置圖!$A$3:$C$40,2,0) -> 15 | K41: =VLOOKUP(D41,產線配置圖!$A$3:$C$40,3,0) -> 1714 | L41: =K41/J41 -> 114.26667 | M41: 15 | N41: =G41/W41*60 -> 1600 | O41: =N41/M41 -> 106.66667 | P41: =M41-J41 -> 0 | Q41: =O41-L41 -> -7.6 | R41: =O41/L41 -> 0.93348891 | T41: 0.63541667 | U41: 0.65625 | V41: =(T41-U40)*24*60 -> 10 | W41: =(U41-T41)*24*60 -> 30 | AF41: =N41-K41 -> -114 | AG41: =N41/K41 -> 0.93348891
W42: =(U42-T42)*24*60 -> 0
W43: =(U43-T43)*24*60 -> 0
W44: =(U44-T44)*24*60 -> 0
W45: =(U45-T45)*24*60 -> 0
W46: =(U46-T46)*24*60 -> 0
