Workbook

Sheet 廠價表
A1: check | B1: 溫層 | C1: 品名 | D1: 類別 | E1: 廠價
B2: 4度C | C2: 奶油鮮蝦明太子細扁麵 | D2: 義大利麵 | E2: 57.21
B3: 4度C | C3: 白酒清炒鮮蛤義大利麵 | D3: 義大利麵 | E3: 56.87
B4: 4度C | C4: 義式蕃茄起司義大利麵 | D4: 義大利麵 | E4: 50.39
B5: 4度C | C5: 焗烤起司雙饗筆尖麵 | D5: 義大利麵 | E5: 49.97
B6: 4度C | C6: 奶油培根義大利麵 | D6: 義大利麵 | E6: 49.14
B7: 4度C | C7: 香煎魚排佐檸檬奶油義大利麵 | D7: 義大利麵 | E7: 58.17
B8: 4度C | C8: 青醬蛤蜊義大利麵 | D8: 義大利麵 | E8: 50.67
B9: 4度C | C9: 金沙豆腐義大利麵 | D9: 義大利麵 | E9: 49.91
B10: 4度C | C10: 黑松露野菇義大利麵 | D10: 義大利麵 | E10: 50.289
B11: 4度C | C11: 燻鴨佐白蘭地義大利麵 | D11: 義大利麵 | E11: 61.65
B12: 4度C | C12: 拿坡里燻腸義大利麵 | D12: 義大利麵 | E12: 52.21
B13: 4度C | C13: 羅馬黑胡椒起司義大利麵 | D13: 義大利麵 | E13: 50.67
... B19: 4度C | C19: 番茄蘑菇義大利麵 | D19: 義大利麵 | E19: 43.89
B20: 4度C | D20: 義大利麵
B21: 4度C | D21: 義大利麵
B22: 4度C | D22: 義大利麵
B23: 4度C | C23: 韓式炒冬粉 | D23: 小吃、微波 | E23: 28.26
B24: 4度C | C24: 小滷青蔬 | D24: 小吃、微波 | E24: 26.99
B25: 4度C | C25: 起司馬鈴薯 | D25: 小吃、微波 | E25: 28.26
B26: 4度C | C26: 麻辣雞心 | D26: 小吃、微波 | E26: 28.26
B46: 冷凍 | C46: 青醬蛤蜊義大利麵 | D46: 冷凍調理麵 | E46: 29.38
B47: 冷凍 | C47: 經典肉醬義大利麵 | D47: 冷凍調理麵 | E47: 29.38
B48: 冷凍 | C48: 奶油蘑菇培根義大利麵 | D48: 冷凍調理麵 | E48: 29.38
B49: 冷凍 | C49: 清炒蛤蜊義大利麵 | D49: 冷凍調理麵 | E49: 29.38
B50: 冷凍 | C50: 青醬乳酪筆尖麵 | D50: 冷凍調理麵 | E50: 29.38
B51: 冷凍 | C51: 辣蕃茄義大利麵 | D51: 冷凍調理麵 | E51: 29.38
B52: 冷凍 | D52: 冷凍調理麵
B53: 冷凍 | C53: 韓式起司義大利麵 | D53: 冷凍調理麵 | E53: 29.38
B54: 冷凍 | D54: 冷凍調理麵
B55: 冷凍 | C55: 和風明太子細扁麵 | D55: 冷凍調理麵 | E55: 29.38

Sheet 產線配置圖
A1: 品項 | B1: 人數 | C1: 產能 | E1: 人時 | G1: 備註
A2: 義大利麵
A3: 白酒清炒鮮蛤義大利麵 | B3: 14 | C3: 2250 | D3: ET-600 | E3: =C3/B3 -> 160.71429
A4: 白酒清炒鮮蛤義大利麵-手 | B4: 15 | C4: 1716 | D4: ET-55 | E4: =C4/B4 -> 114.4
A5: 青醬蛤蜊義大利麵 | B5: 13 | C5: 2250 | E5: =C5/B5 -> 173.07692
A6: 青醬蛤蜊義大利麵-手 | B6: 16 | C6: 1714 | E6: =C6/B6 -> 107.125
A7: 義式蕃茄起司義大利麵 | B7: 12 | C7: 2250 | E7: =C7/B7 -> 187.5
A8: 奶油培根義大利麵 | B8: 14 | C8: 2250 | E8: =C8/B8 -> 160.71429
A9: 燻鴨佐白蘭地義大利麵 | B9: 18 | C9: 1636 | E9: =C9/B9 -> 90.888889
A10: 蒜香奶油蝦蝦義大利麵-手 | B10: 17 | C10: 1716 | E10: =C10/B10 -> 100.94118
A11: 拿坡里燻腸義大利麵 | B11: 18 | C11: 1636 | E11: =C11/B11 -> 90.888889
A12: 香煎魚排佐檸檬奶油義大利麵 | B12: 13 | C12: 2250 | E12: =C12/B12 -> 173.07692
A13: 黑松露野菇義大利麵 | B13: 17 | C13: 1636 | E13: =C13/B13 -> 96.235294 | J13: 黑松露野菇義大利麵 | K13: 17 | L13: 1565 | N13: =L13/K13 -> 92.058824
A14: 青花椒麻雞肉拌麵 | B14: 16 | C14: 1714 | E14: =C14/B14 -> 107.125 | J14: 青花椒麻雞肉拌麵 | K14: 14 | L14: 1714 | N14: =L14/K14 -> 122.42857
A15: 焗烤起司雙饗筆尖麵 | B15: 16 | C15: 1800 | E15: =C15/B15 -> 112.5 | G15: 目前使用手工 | J15: 焗烤起司雙饗筆尖麵 | K15: 15 | L15: 1800 | N15: =L15/K15 -> 120
A16: 沙茶豬肉炒麵 | B16: 17 | C16: 1800 | E16: =C16/B16 -> 105.88235 | J16: 沙茶豬肉炒麵 | K16: 16 | L16: 1500 | N16: =L16/K16 -> 93.75
A17: 府城鹽水意麵 | B17: 18 | C17: 1636 | E17: =C17/B17 -> 90.888889 | J17: 府城鹽水意麵 | K17: 16 | L17: 1636 | N17: =L17/K17 -> 102.25
A18: 羅馬黑胡椒起司義大利麵 | B18: 17 | C18: 2250 | E18: =C18/B18 -> 132.35294 | J18: 焗烤起司肉醬筆尖麵 | K18: 12 | L18: 1440 | N18: =L18/K18 -> 120
A19: 羅馬黑胡椒起司義大利麵-自動 | B19: 14 | C19: 2250 | E19: =C19/B19 -> 160.71429 | G19: 目前使用雙排 | J19: 整條德式香腸義大利麵 | K19: 16 | L19: 1565 | N19: =L19/K19 -> 97.8125
A20: 義式蛋蛋青醬鮪魚冷義大利麵 | B20: 17 | C20: 1636 | E20: =C20/B20 -> 96.235294
A21: 蕃茄莎莎海鮮冷義大利麵 | B21: 16 | C21: 1636 | E21: =C21/B21 -> 102.25
A22: 金沙豆腐義大利麵 | B22: 18 | C22: 2250 | E22: =C22/B22 -> 125
A23: 奶油鮮蝦明太子細扁麵 | B23: 18 | C23: 1636
A24: 番茄蘑菇義大利麵 | B24: 13 | C24: 1565
A26: 調理包
A27: 小滷青蔬 | B27: 15 | C27: 1636 | E27: =C27/B27 -> 109.06667 | G27: 夏季+1人補料
A28: 起司馬鈴薯 | B28: 11 | C28: 1636 | E28: =C28/B28 -> 148.72727
A29: 麻辣雞心 | B29: 11 | C29: 1636 | E29: =C29/B29 -> 148.72727
A30: 韓式炒冬粉 | B30: 11 | C30: 1636 | E30: =C30/B30 -> 148.72727
E34: 更新日期07/03

Sheet 範本總
B1: 長家廠組合室生產人時性分析
B3: 日期 | D3: 46015 | F3: 訂單量 | G3: =範本!E1 -> 43309 | I3: 營業額 | J3: =範本!G1 -> #N/A
B4: 項目 | D4: 3 | F4: ➀ | H4: ➁ | J4: ③ | L4: 異常停線 | N4: 短暫停線
B5: 人時性 | D5: 組合室 | F5: 全溫層 | H5: 義大利麵 | J5: 袋裝小吃、義麵 | L5: 合計次數 | M5: 時間 | N5: 合計次數 | O5: 設備次數
D6: 排關平均 | F6: =AVERAGE(D13:J13) -> #N/A | H6: =AVERAGE(D13:H13) -> #N/A | J6: =AVERAGE(I13:J13) -> #N/A | L6: =範本!Z2 -> 0 | M6: =範本!AA2 -> 0 | N6: =範本!AD2 -> 0 | O6: =範本!AE2 -> 0
D7: 實績平均 | F7: =AVERAGE(D14:J14) -> 116.11475 | H7: =AVERAGE(D14:H14) -> 117.36075 | J7: =AVERAGE(I14:J14) -> 112.99975
D8: 達成率平均 | F8: =AVERAGE(D15:J15) -> #N/A | H8: =AVERAGE(D15:H15) -> #N/A | J8: =AVERAGE(I15:J15) -> #N/A
J9: ※現行日本鮮食廠以達成率80%為基本(即為現行KPI)
B10: 溫層 | D10: 4度C-各編組展開
B11: 編組 | D11: 1 | E11: 2 | F11: 3 | G11: 4 | H11: 5 | I11: 6 | J11: 7
D12: 自動1線 | E12: 自動2線 | F12: 手工3線 | G12: 手工4線 | H12: 手工5線 | I12: 調理包1線 | J12: 調理包2線
B13: 人時性 | C13: 排關 | D13: =VALUE(範本!L15) -> #N/A | E13: =VALUE(範本!L26) -> #N/A | F13: =VALUE(範本!L37) -> #N/A | G13: =VALUE(範本!L48) -> #N/A | H13: =VALUE(範本!L58) -> #N/A | I13: =VALUE(範本!L69) -> #N/A | J13: =範本!L79 -> #N/A
C14: 實績 | D14: =VALUE(範本!O15) -> 113.91637 | E14: =VALUE(範本!O26) -> 132.12003 | F14: =VALUE(範本!O37) -> 126.23842 | G14: =VALUE(範本!O48) -> 112.0543 | H14: =VALUE(範本!O58) -> 102.47462 | I14: =VALUE(範本!O69) -> 155.46443 | J14: =範本!O79 -> 70.535065
C15: 達成率 | D15: =D14/D13 -> #N/A | E15: =E14/E13 -> #N/A | F15: =F14/F13 -> #N/A | G15: =G14/G13 -> #N/A | H15: =H14/H13 -> #N/A | I15: =I14/I13 -> #N/A | J15: =範本!S70 -> #N/A
B16: 作業 時間 | C16: 開始 | D16: =範本!T5 -> 0.29097222 | E16: =範本!T16 -> 0.29097222 | F16: =範本!T27 -> 0.29166667 | G16: =範本!T38 -> 0.33333333 | H16: =範本!T49 -> 0.29166667 | I16: =範本!T59 -> 0.29166667 | J16: =範本!T70 -> 0.34722222
C17: 結束 | D17: 0.47361111 | E17: 0.48263889 | F17: 0.56944444 | G17: 0.60416667 | H17: 0.58333333 | I17: 0.48819444 | J17: 0.46875
B18: 產線異常 (5分鐘以上) | C18: 次數
C19: 時間/分
B20: 短暫停線 (5分鐘以下) | C20: 次數
C21: 設備次數
B22: 配置人數 | D22: =VALUE(範本!M15) -> 15 | E22: =VALUE(範本!M26) -> 12.666667 | F22: =VALUE(範本!M37) -> 14.666667 | G22: =VALUE(範本!M48) -> 14 | H22: =VALUE(範本!M58) -> 17.666667 | I22: =VALUE(範本!M69) -> 12.333333 | J22: =範本!M79 -> 11
B23: 主要應用設備 | D23: ET-600 | E23: ET-600 | F23: ET-55 | G23: ET-55 | H23: ET-55 | I23: 八爪機
B24: 次要應用設備 | H24: 封口機
B25: 備註

Sheet 範本
A1: 長家廠4度C日報分析 | D1: 總生產量 | E1: =SUM(G5:G79) -> 43309 | F1: 營業額 | G1: =SUM(H5:H79) -> #N/A | H1: 出勤人數 | I1: =M15+M26+M48+M58+M69+M79+M37 -> 97.333333 | J1: 產線配置圖 | M1: 生產實績 | P1: 人時性差異分析 | T1: 日報登錄 | Z1: 合計 次數 | AA1: 合計 時間/分 | AB1: 分析說明 | AD1: 合計 次數 | AE1: 合計 設備次數 | AF1: 產能差異分析
A2: 12月24日 星期三 | D2: 人時性 | E2: =AVERAGE(O15,O26,O37,O48,O58,O69,O79) -> 116.11475 | F2: 平均廠價 | G2: =G1/E1 -> #N/A | H2: 多次生產數 | I2: =COUNT(I5:I79) -> 0 | Z2: =Z15+Z26+Z37+Z48+Z58+Z69+Z79 -> 0 | AA2: =AA15+AA26+AA37+AA48+AA58+AA69+AA79 -> 0 | AD2: =AD15+AD26+AD37+AD48+AD58+AD69+AD79 -> 0 | AE2: =AE15+AE26+AE37+AE48+AE58+AE69+AE79 -> 0
A3: 線別 | B3: 品類 | D3: 品名 | F3: 廠價 | G3: 生產量 | H3: 營收 | I3: 多次 生產 | J3: 人數 | K3: 產能/時 | L3: 人時性 | M3: 人數 | N3: 產能/時 | O3: 人時性 | P3: 人數 | Q3: 人時性 | R3: 達成率 | S3: 達成率平均 | T3: 生產時間 | V3: 前置、換線時間/分 | W3: 稼動時間/分 | X3: 休息時間 | Z3: 產線異常統計 (5分鐘以上) | AD3: 短暫停線統計 (5分鐘以下) | AF3: 產能/時 | AG3: 達成率 | AH3: 達成率平均
T4: 開始 | U4: 結束 | X4: 開始 | Y4: 結束 | Z4: 次數 | AA4: 時間/分 | AD4: 總次數 | AE4: 設備因素(次數)
A5: 自動一線 (ET-600) | B5: =VLOOKUP(D5,廠價表!$C$1:$E$43,2,0) -> #N/A | F5: =VLOOKUP(D5,廠價表!$C$1:$E$43,3,0) -> #N/A | G5: 2263 | H5: =F5*G5 -> #N/A | J5: =VLOOKUP(D5,產線配置圖!$A$3:$C$40,2,0) -> #N/A | K5: =VLOOKUP(D5,產線配置圖!$A$3:$C$40,3,0) -> #N/A | L5: =K5/J5 -> #N/A | M5: 15 | N5: =G5/W5*60 -> 1444.4681 | O5: =N5/M5 -> 96.297872 | P5: =M5-J5 -> #N/A | Q5: =O5-L5 -> #N/A | R5: =O5/L5 -> #N/A | S5: =R15 -> #N/A | T5: 0.29097222 | U5: 0.35625 | W5: =(U5-T5)*24*60 -> 94 | AF5: =N5-K5 -> #N/A | AG5: =N5/K5 -> #N/A | AH5: =AG15 -> #N/A
B6: =VLOOKUP(D6,廠價表!$C$1:$E$43,2,0) -> #N/A | F6: =VLOOKUP(D6,廠價表!$C$1:$E$43,3,0) -> #N/A | G6: 1180 | H6: =F6*G6 -> #N/A | J6: =VLOOKUP(D6,產線配置圖!$A$3:$C$40,2,0) -> #N/A | K6: =VLOOKUP(D6,產線配置圖!$A$3:$C$40,3,0) -> #N/A | L6: =K6/J6 -> #N/A | M6: 17 | N6: =G6/W6*60 -> 1609.0909 | O6: =N6/M6 -> 94.652406 | P6: =M6-J6 -> #N/A | Q6: =O6-L6 -> #N/A | R6: =O6/L6 -> #N/A | T6: 0.36458333 | U6: 0.39513889 | V6: =(T6-U5)*24*60 -> 12 | W6: =(U6-T6)*24*60 -> 44 | AF6: =N6-K6 -> #N/A | AG6: =N6/K6 -> #N/A
B7: =VLOOKUP(D7,廠價表!$C$1:$E$43,2,0) -> #N/A | F7: =VLOOKUP(D7,廠價表!$C$1:$E$43,3,0) -> #N/A | G7: 3398 | H7: =F7*G7 -> #N/A | J7: =VLOOKUP(D7,產線配置圖!$A$3:$C$40,2,0) -> #N/A | K7: =VLOOKUP(D7,產線配置圖!$A$3:$C$40,3,0) -> #N/A | L7: =K7/J7 -> #N/A | M7: 13 | N7: =G7/W7*60 -> 1960.3846 | O7: =N7/M7 -> 150.79882 | P7: =M7-J7 -> #N/A | Q7: =O7-L7 -> #N/A | R7: =O7/L7 -> #N/A | T7: 0.40138889 | U7: 0.47361111 | V7: =(T7-U6)*24*60 -> 9 | W7: =(U7-T7)*24*60 -> 104 | AF7: =N7-K7 -> #N/A | AG7: =N7/K7 -> #N/A
W8: =(U8-T8)*24*60 -> 0 | X8: 0.48611111 | Y8: 0.52777778 | AF8: =N8-K8 -> 0 | AG8: =N8/K8 -> #DIV/0!
W9: =(U9-T9)*24*60 -> 0 | AF9: =N9-K9 -> 0 | AG9: =N9/K9 -> #DIV/0!
W10: =(U10-T10)*24*60 -> 0 | AF10: =N10-K10 -> 0 | AG10: =N10/K10 -> #DIV/0!
W11: =(U11-T11)*24*60 -> 0 | AF11: =N11-K11 -> 0 | AG11: =N11/K11 -> #DIV/0!
W12: =(U12-T12)*24*60 -> 0
W13: =(U13-T13)*24*60 -> 0
W14: =(U14-T14)*24*60 -> 0
C15: 4度一組 | D15: 平均 | J15: =AVERAGE(J5:J14) -> #N/A | K15: =AVERAGE(K5:K14) -> #N/A | L15: =AVERAGE(L5:L14) -> #N/A | M15: =AVERAGE(M5:M14) -> 15 | N15: =AVERAGE(N5:N14) -> 1671.3145 | O15: =AVERAGE(O5:O14) -> 113.91637 | P15: =M15-J15 -> #N/A | Q15: =O15-L15 -> #N/A | R15: =O15/L15 -> #N/A | Z15: =SUM(Z5:Z14) -> 0 | AA15: =SUM(AA5:AA14) -> 0 | AD15: =SUM(AD5:AD14) -> 0 | AE15: =SUM(AE5:AE14) -> 0 | AF15: =N15-K15 -> #N/A | AG15: =N15/K15 -> #N/A
A16: 自動二線 (ET-600) | B16: =VLOOKUP(D16,廠價表!$C$1:$E$43,2,0) -> #N/A | F16: =VLOOKUP(D16,廠價表!$C$1:$E$43,3,0) -> #N/A | G16: 2263 | H16: =F16*G16 -> #N/A | J16: =VLOOKUP(D16,產線配置圖!$A$3:$C$40,2,0) -> #N/A | K16: =VLOOKUP(D16,產線配置圖!$A$3:$C$40,3,0) -> #N/A | L16: =K16/J16 -> #N/A | M16: 13 | N16: =G16/W16*60 -> 2225.9016 | O16: =N16/M16 -> 171.2232 | P16: =M16-J16 -> #N/A | Q16: =O16-L16 -> #N/A | R16: =O16/L16 -> #N/A | S16: =R26 -> #N/A | T16: 0.29097222 | U16: 0.33333333 | W16: =(U16-T16)*24*60 -> 61 | AF16: =N16-K16 -> #N/A | AG16: =N16/K16 -> #N/A | AH16: =AG26 -> #N/A
B17: =VLOOKUP(D17,廠價表!$C$1:$E$43,2,0) -> #N/A | F17: =VLOOKUP(D17,廠價表!$C$1:$E$43,3,0) -> #N/A | G17: 1180 | H17: =F17*G17 -> #N/A | J17: =VLOOKUP(D17,產線配置圖!$A$3:$C$40,2,0) -> #N/A | K17: =VLOOKUP(D17,產線配置圖!$A$3:$C$40,3,0) -> #N/A | L17: =K17/J17 -> #N/A | M17: 13 | N17: =G17/W17*60 -> 823.25581 | O17: =N17/M17 -> 63.32737 | P17: =M17-J17 -> #N/A | Q17: =O17-L17 -> #N/A | R17: =O17/L17 -> #N/A | T17: 0.34166667 | U17: 0.40138889 | V17: =(T17-U16)*24*60 -> 12 | W17: =(U17-T17)*24*60 -> 86 | AF17: =N17-K17 -> #N/A | AG17: =N17/K17 -> #N/A
B18: =VLOOKUP(D18,廠價表!$C$1:$E$43,2,0) -> #N/A | F18: =VLOOKUP(D18,廠價表!$C$1:$E$43,3,0) -> #N/A | G18: 3398 | H18: =F18*G18 -> #N/A | J18: =VLOOKUP(D18,產線配置圖!$A$3:$C$40,2,0) -> #N/A | K18: =VLOOKUP(D18,產線配置圖!$A$3:$C$40,3,0) -> #N/A | L18: =K18/J18 -> #N/A | M18: 12 | N18: =G18/W18*60 -> 1941.7143 | O18: =N18/M18 -> 161.80952 | P18: =M18-J18 -> #N/A | Q18: =O18-L18 -> #N/A | R18: =O18/L18 -> #N/A | T18: 0.40972222 | U18: 0.48263889 | V18: =(T18-U17)*24*60 -> 12 | W18: =(U18-T18)*24*60 -> 105 | X18: 0.48611111 | Y18: 0.52777778 | AF18: =N18-K18 -> #N/A | AG18: =N18/K18 -> #N/A
V19: =(T19-U18)*24*60 -> -695 | W19: =(U19-T19)*24*60 -> 0 | AF19: =N19-K19 -> 0 | AG19: =N19/K19 -> #DIV/0!
V20: =(T20-U19)*24*60 -> 0 | W20: =(U20-T20)*24*60 -> 0
W21: =(U21-T21)*24*60 -> 0
W22: 0
W23: =(U23-T23)*24*60 -> 0
H24: =F24*G24 -> 0 | W24: =(U24-T24)*24*60 -> 0
H25: =F25*G25 -> 0 | W25: =(U25-T25)*24*60 -> 0
C26: 4度二組A | D26: 平均 | J26: =AVERAGE(J16:J25) -> #N/A | K26: =AVERAGE(K16:K25) -> #N/A | L26: =AVERAGE(L16:L25) -> #N/A | M26: =AVERAGE(M16:M25) -> 12.666667 | N26: =AVERAGE(N16:N25) -> 1663.6239 | O26: =AVERAGE(O16:O25) -> 132.12003 | P26: =M26-J26 -> #N/A | Q26: =O26-L26 -> #N/A | R26: =O26/L26 -> #N/A | Z26: =SUM(Z16:Z25) -> 0 | AA26: =SUM(AA16:AA25) -> 0 | AD26: =SUM(AD16:AD25) -> 0 | AE26: =SUM(AE16:AE25) -> 0 | AF26: =N26-K26 -> #N/A | AG26: =N26/K26 -> #N/A
A27: 手工三線 (ET-55) | B27: =VLOOKUP(D27,廠價表!$C$1:$E$43,2,0) -> #N/A | F27: =VLOOKUP(D27,廠價表!$C$1:$E$43,3,0) -> #N/A | G27: 2263 | H27: =F27*G27 -> #N/A | J27: =VLOOKUP(D27,產線配置圖!$A$3:$C$40,2,0) -> #N/A | K27: =VLOOKUP(D27,產線配置圖!$A$3:$C$40,3,0) -> #N/A | L27: =K27/J27 -> #N/A | M27: 14 | N27: =G27/W27*60 -> 1212.3214 | O27: =N27/M27 -> 86.594388 | P27: =M27-J27 -> #N/A | Q27: =O27-L27 -> #N/A | R27: =O27/L27 -> #N/A | S27: =R37 -> #N/A | T27: 0.29166667 | U27: 0.36944444 | W27: =(U27-T27)*24*60 -> 112 | AF27: =N27-K27 -> #N/A | AG27: =N27/K27 -> #N/A | AH27: =AG37 -> #N/A
B28: =VLOOKUP(D28,廠價表!$C$1:$E$43,2,0) -> #N/A | F28: =VLOOKUP(D28,廠價表!$C$1:$E$43,3,0) -> #N/A | G28: 1180 | H28: =F28*G28 -> #N/A | J28: =VLOOKUP(D28,產線配置圖!$A$3:$C$40,2,0) -> #N/A | K28: =VLOOKUP(D28,產線配置圖!$A$3:$C$40,3,0) -> #N/A | L28: =K28/J28 -> #N/A | M28: 16 | N28: =G28/W28*60 -> 1089.2308 | O28: =N28/M28 -> 68.076923 | P28: =M28-J28 -> #N/A | Q28: =O28-L28 -> #N/A | R28: =O28/L28 -> #N/A | T28: 0.375 | U28: 0.42013889 | V28: =(T28-U27)*24*60 -> 8 | W28: =(U28-T28)*24*60 -> 65 | AF28: =N28-K28 -> #N/A | AG28: =N28/K28 -> #N/A
B29: =VLOOKUP(D29,廠價表!$C$1:$E$43,2,0) -> #N/A | F29: =VLOOKUP(D29,廠價表!$C$1:$E$43,3,0) -> #N/A | G29: 3398 | H29: =F29*G29 -> #N/A | J29: =VLOOKUP(D29,產線配置圖!$A$3:$C$40,2,0) -> #N/A | K29: =VLOOKUP(D29,產線配置圖!$A$3:$C$40,3,0) -> #N/A | L29: =K29/J29 -> #N/A | M29: 14 | N29: =G29/W29*60 -> 3136.6154 | O29: =N29/M29 -> 224.04396 | P29: =M29-J29 -> #N/A | Q29: =O29-L29 -> #N/A | R29: =O29/L29 -> #N/A | T29: 0.43055556 | U29: 0.47569444 | V29: =(T29-U28)*24*60 -> 15 | W29: =(U29-T29)*24*60 -> 65 | AF29: =N29-K29 -> #N/A | AG29: =N29/K29 -> #N/A
T30: 0.53958333 | U30: 0.56944444 | V30: =(T30-U29)*24*60 -> 92 | W30: =(U30-T30)*24*60 -> 43 | X30: 0.49652778 | Y30: 0.53819444 | AF30: =N30-K30 -> 0 | AG30: =N30/K30 -> #DIV/0!
W31: =(U31-T31)*24*60 -> 0 | AF31: =N31-K31 -> 0 | AG31: =N31/K31 -> #DIV/0!
W32: =(U32-T32)*24*60 -> 0
W33: =(U33-T33)*24*60 -> 0
W34: =(U34-T34)*24*60 -> 0
W35: =(U35-T35)*24*60 -> 0
H36: =F36*G36 -> 0 | W36: =(U36-T36)*24*60 -> 0
C37: 4度二組B | D37: 平均 | J37: =AVERAGE(J27:J36) -> #N/A | K37: =AVERAGE(K27:K36) -> #N/A | L37: =AVERAGE(L27:L36) -> #N/A | M37: =AVERAGE(M27:M36) -> 14.666667 | N37: =AVERAGE(N27:N36) -> 1812.7225 | O37: =AVERAGE(O27:O36) -> 126.23842 | P37: =M37-J37 -> #N/A | Q37: =N37-K37 -> #N/A | R37: =O37/L37 -> #N/A | Z37: =SUM(Z27:Z36) -> 0 | AA37: =SUM(AA27:AA36) -> 0 | AD37: =SUM(AD27:AD36) -> 0 | AE37: =SUM(AE27:AE36) -> 0 | AF37: =N37-K37 -> #N/A | AG37: =N37/K37 -> #N/A
A38: 手工四線 (ET-55) | B38: =VLOOKUP(D38,廠價表!$C$1:$E$43,2,0) -> #N/A | F38: =VLOOKUP(D38,廠價表!$C$1:$E$43,3,0) -> #N/A | G38: 2263 | H38: =F38*G38 -> #N/A | J38: =VLOOKUP(D38,產線配置圖!$A$3:$C$40,2,0) -> #N/A | K38: =VLOOKUP(D38,產線配置圖!$A$3:$C$40,3,0) -> #N/A | L38: =K38/J38 -> #N/A | M38: 14 | N38: =G38/W38*60 -> 1967.8261 | O38: =N38/M38 -> 140.55901 | P38: =M38-J38 -> #N/A | Q38: =O38-L38 -> #N/A | R38: =O38/L38 -> #N/A | S38: =R48 -> #N/A | T38: 0.33333333 | U38: 0.38125 | W38: =(U38-T38)*24*60 -> 69 | AF38: =N38-K38 -> #N/A | AG38: =N38/K38 -> #N/A | AH38: =AG48 -> #N/A
B39: =VLOOKUP(D39,廠價表!$C$1:$E$43,2,0) -> #N/A | F39: =VLOOKUP(D39,廠價表!$C$1:$E$43,3,0) -> #N/A | G39: 1180 | H39: =F39*G39 -> #N/A | J39: =VLOOKUP(D39,產線配置圖!$A$3:$C$40,2,0) -> #N/A | K39: =VLOOKUP(D39,產線配置圖!$A$3:$C$40,3,0) -> #N/A | L39: =K39/J39 -> #N/A | M39: 14 | N39: =G39/W39*60 -> 885 | O39: =N39/M39 -> 63.214286 | P39: =M39-J39 -> #N/A | Q39: =O39-L39 -> #N/A | R39: =O39/L39 -> #N/A | T39: 0.38888889 | U39: 0.44444444 | V39: =(T39-U38)*24*60 -> 11 | W39: =(U39-T39)*24*60 -> 80 | AF39: =N39-K39 -> #N/A | AG39: =N39/K39 -> #N/A
B40: =VLOOKUP(D40,廠價表!$C$1:$E$43,2,0) -> #N/A | F40: =VLOOKUP(D40,廠價表!$C$1:$E$43,3,0) -> #N/A | G40: 3398 | H40: =F40*G40 -> #N/A | J40: =VLOOKUP(D40,產線配置圖!$A$3:$C$40,2,0) -> #N/A | K40: =VLOOKUP(D40,產線配置圖!$A$3:$C$40,3,0) -> #N/A | L40: =K40/J40 -> #N/A | M40: 14 | N40: =G40/W40*60 -> 1853.4545 | O40: =N40/M40 -> 132.38961 | P40: =M40-J40 -> #N/A | Q40: =O40-L40 -> #N/A | R40: =O40/L40 -> #N/A | T40: 0.52777778 | U40: 0.60416667 | V40: =(T40-U39)*24*60 -> 120 | W40: =(U40-T40)*24*60 -> 110 | AF40: =N40-K40 -> #N/A | AG40: =N40/K40 -> #N/A
W41: =(U41-T41)*24*60 -> 0 | AF41: =N41-K41 -> 0 | AG41: =N41/K41 -> #DIV/0!
W42: =(U42-T42)*24*60 -> 0
W43: =(U43-T43)*24*60 -> 0
W44: =(U44-T44)*24*60 -> 0
W45: =(U45-T45)*24*60 -> 0
W46: =(U46-T46)*24*60 -> 0
H47: =F47*G47 -> 0 | W47: =(U47-T47)*24*60 -> 0
C48: 4度二組C1 | D48: 平均 | J48: =AVERAGE(J38:J47) -> #N/A | K48: =AVERAGE(K38:K47) -> #N/A | L48: =AVERAGE(L38:L47) -> #N/A | M48: =AVERAGE(M38:M47) -> 14 | N48: =AVERAGE(N38:N47) -> 1568.7602 | O48: =AVERAGE(O38:O47) -> 112.0543 | P48: =M48-J48 -> #N/A | Q48: =N48-K48 -> #N/A | R48: =O48/L48 -> #N/A | W48: =(U48-T48)*24*60 -> 0 | Z48: =SUM(Z38:Z47) -> 0 | AA48: =SUM(AA38:AA47) -> 0 | AD48: =SUM(AD38:AD47) -> 0 | AE48: =SUM(AE38:AE47) -> 0 | AF48: =N48-K48 -> #N/A | AG48: =N48/K48 -> #N/A
A49: 手工五線 (ET-55) | B49: =VLOOKUP(D49,廠價表!$C$1:$E$43,2,0) -> #N/A | F49: =VLOOKUP(D49,廠價表!$C$1:$E$43,3,0) -> #N/A | G49: 2263 | H49: =F49*G49 -> #N/A | J49: =VLOOKUP(D49,產線配置圖!$A$3:$C$40,2,0) -> #N/A | K49: =VLOOKUP(D49,產線配置圖!$A$3:$C$40,3,0) -> #N/A | L49: =K49/J49 -> #N/A | M49: 18 | N49: =G49/W49*60 -> 1996.7647 | O49: =N49/M49 -> 110.93137 | P49: =M49-J49 -> #N/A | Q49: =O49-L49 -> #N/A | R49: =O49/L49 -> #N/A | S49: =R58 -> #N/A | T49: 0.29166667 | U49: 0.33888889 | W49: =(U49-T49)*24*60 -> 68 | AF49: =N49-K49 -> #N/A | AG49: =N49/K49 -> #N/A | AH49: =AG58 -> #N/A
B50: =VLOOKUP(D50,廠價表!$C$1:$E$43,2,0) -> #N/A | F50: =VLOOKUP(D50,廠價表!$C$1:$E$43,3,0) -> #N/A | G50: 1180 | H50: =F50*G50 -> #N/A | J50: =VLOOKUP(D50,產線配置圖!$A$3:$C$40,2,0) -> #N/A | K50: =VLOOKUP(D50,產線配置圖!$A$3:$C$40,3,0) -> #N/A | L50: =K50/J50 -> #N/A | M50: 18 | N50: =G50/W50*60 -> 997.1831 | O50: =N50/M50 -> 55.399061 | P50: =M50-J50 -> #N/A | Q50: =O50-L50 -> #N/A | R50: =O50/L50 -> #N/A | T50: 0.34513889 | U50: 0.39444444 | V50: =(T50-U49)*24*60 -> 9 | W50: =(U50-T50)*24*60 -> 71 | AF50: =N50-K50 -> #N/A | AG50: =N50/K50 -> #N/A
B51: =VLOOKUP(D51,廠價表!$C$1:$E$43,2,0) -> #N/A | F51: =VLOOKUP(D51,廠價表!$C$1:$E$43,3,0) -> #N/A | G51: 3398 | H51: =F51*G51 -> #N/A | J51: =VLOOKUP(D51,產線配置圖!$A$3:$C$40,2,0) -> #N/A | K51: =VLOOKUP(D51,產線配置圖!$A$3:$C$40,3,0) -> #N/A | L51: =K51/J51 -> #N/A | M51: 17 | N51: =G51/W51*60 -> 2398.5882 | O51: =N51/M51 -> 141.09343 | P51: =M51-J51 -> #N/A | Q51: =O51-L51 -> #N/A | R51: =O51/L51 -> #N/A | T51: 0.40138889 | U51: 0.46041667 | V51: =(T51-U50)*24*60 -> 10 | W51: =(U51-T51)*24*60 -> 85 | AF51: =N51-K51 -> #N/A | AG51: =N51/K51 -> #N/A
T52: 0.52986111 | U52: 0.58333333 | V52: =(T52-U51)*24*60 -> 100 | W52: =(U52-T52)*24*60 -> 77 | X52: 0.47916667 | Y52: 0.52083333 | AF52: =N52-K52 -> 0 | AG52: =N52/K52 -> #DIV/0!
W53: =(U53-T53)*24*60 -> 0 | AF53: =N53-K53 -> 0 | AG53: =N53/K53 -> #DIV/0!
W54: =(U54-T54)*24*60 -> 0
W55: =(U55-T55)*24*60 -> 0
W56: =(U56-T56)*24*60 -> 0
W57: =(U57-T57)*24*60 -> 0
C58: 4度二組C2 | D58: 平均 | J58: =AVERAGE(J49:J57) -> #N/A | K58: =AVERAGE(K49:K57) -> #N/A | L58: =AVERAGE(L49:L57) -> #N/A | M58: =AVERAGE(M49:M57) -> 17.666667 | N58: =AVERAGE(N49:N57) -> 1797.512 | O58: =AVERAGE(O49:O57) -> 102.47462 | P58: =M58-J58 -> #N/A | Q58: =N58-K58 -> #N/A | R58: =O58/L58 -> #N/A | Z58: =SUM(Z49:Z57) -> 0 | AA58: =SUM(AA49:AA57) -> 0 | AD58: =SUM(AD49:AD57) -> 0 | AE58: =SUM(AE49:AE57) -> 0 | AF58: =N58-K58 -> #N/A | AG58: =N58/K58 -> #N/A
A59: 調理包一線 (八爪機) | B59: =VLOOKUP(D59,廠價表!$C$1:$E$43,2,0) -> #N/A | F59: =VLOOKUP(D59,廠價表!$C$1:$E$43,3,0) -> #N/A | G59: 2263 | H59: =F59*G59 -> #N/A | J59: =VLOOKUP(D59,產線配置圖!$A$3:$C$40,2,0) -> #N/A | K59: =VLOOKUP(D59,產線配置圖!$A$3:$C$40,3,0) -> #N/A | L59: =K59/J59 -> #N/A | M59: 13 | N59: =G59/W59*60 -> 1131.5 | O59: =N59/M59 -> 87.038462 | P59: =M59-J59 -> #N/A | Q59: =O59-L59 -> #N/A | R59: =O59/L59 -> #N/A | S59: =R69 -> #N/A | T59: 0.29166667 | U59: 0.375 | W59: =(U59-T59)*24*60 -> 120 | AF59: =N59-K59 -> #N/A | AG59: =N59/K59 -> #N/A | AH59: =AG69 -> #N/A
B60: =VLOOKUP(D60,廠價表!$C$1:$E$43,2,0) -> #N/A | F60: =VLOOKUP(D60,廠價表!$C$1:$E$43,3,0) -> #N/A | G60: 1180 | H60: =F60*G60 -> #N/A | J60: =VLOOKUP(D60,產線配置圖!$A$3:$C$40,2,0) -> #N/A | K60: =VLOOKUP(D60,產線配置圖!$A$3:$C$40,3,0) -> #N/A | L60: =K60/J60 -> #N/A | M60: 12 | N60: =G60/W60*60 -> 2360 | O60: =N60/M60 -> 196.66667 | P60: =M60-J60 -> #N/A | Q60: =O60-L60 -> #N/A | R60: =O60/L60 -> #N/A | T60: 0.38541667 | U60: 0.40625 | V60: =(T60-U59)*24*60 -> 15 | W60: =(U60-T60)*24*60 -> 30 | AF60: =N60-K60 -> #N/A | AG60: =N60/K60 -> #N/A
B61: =VLOOKUP(D61,廠價表!$C$1:$E$43,2,0) -> #N/A | F61: =VLOOKUP(D61,廠價表!$C$1:$E$43,3,0) -> #N/A | G61: 3398 | H61: =F61*G61 -> #N/A | J61: =VLOOKUP(D61,產線配置圖!$A$3:$C$40,2,0) -> #N/A | K61: =VLOOKUP(D61,產線配置圖!$A$3:$C$40,3,0) -> #N/A | L61: =K61/J61 -> #N/A | M61: 12 | N61: =G61/W61*60 -> 2192.2581 | O61: =N61/M61 -> 182.68817 | P61: =M61-J61 -> #N/A | Q61: =O61-L61 -> #N/A | R61: =O61/L61 -> #N/A | T61: 0.42361111 | U61: 0.48819444 | V61: =(T61-U60)*24*60 -> 25 | W61: =(U61-T61)*24*60 -> 93 | AF61: =N61-K61 -> #N/A | AG61: =N61/K61 -> #N/A
W62: =(U62-T62)*24*60 -> 0 | X62: 0.50347222 | Y62: 0.54513889 | AF62: =N62-K62 -> 0 | AG62: =N62/K62 -> #DIV/0!
W63: =(U63-T63)*24*60 -> 0
W64: =(U64-T64)*24*60 -> 0
W65: =(U65-T65)*24*60 -> 0
W66: =(U66-T66)*24*60 -> 0
W67: =(U67-T67)*24*60 -> 0
H68: =F68*G68 -> 0 | W68: =(U68-T68)*24*60 -> 0
C69: 4度三組 | D69: 平均 | J69: =AVERAGE(J59:J68) -> #N/A | K69: =AVERAGE(K59:K68) -> #N/A | L69: =AVERAGE(L59:L68) -> #N/A | M69: =AVERAGE(M59:M68) -> 12.333333 | N69: =AVERAGE(N59:N68) -> 1894.586 | O69: =AVERAGE(O59:O68) -> 155.46443 | P69: =M69-J69 -> #N/A | Q69: =N69-K69 -> #N/A | R69: =O69/L69 -> #N/A | Z69: =SUM(Z59:Z68) -> 0 | AA69: =SUM(AA59:AA68) -> 0 | AD69: =SUM(AD59:AD68) -> 0 | AE69: =SUM(AE59:AE68) -> 0 | AF69: =N69-K69 -> #N/A | AG69: =N69/K69 -> #N/A
A70: 調理包二線 (手工) | B70: =VLOOKUP(D70,廠價表!$C$1:$E$43,2,0) -> #N/A | F70: =VLOOKUP(D70,廠價表!$C$1:$E$43,3,0) -> #N/A | G70: 2263 | H70: =F70*G70 -> #N/A | J70: =VLOOKUP(D70,產線配置圖!$A$3:$C$40,2,0) -> #N/A | K70: =VLOOKUP(D70,產線配置圖!$A$3:$C$40,3,0) -> #N/A | L70: =K70/J70 -> #N/A | M70: 11 | N70: =G70/W70*60 -> 775.88571 | O70: =N70/M70 -> 70.535065 | P70: =M70-J70 -> #N/A | Q70: =O70-L70 -> #N/A | R70: =O70/L70 -> #N/A | S70: =R79 -> #N/A | T70: 0.34722222 | U70: 0.46875 | W70: =(U70-T70)*24*60 -> 175 | AF70: =N70-K70 -> #N/A | AG70: =N70/K70 -> #N/A | AH70: =AG79 -> #N/A
W71: =(U71-T71)*24*60 -> 0 | AF71: -300.3125 | AG71: 0.80810703
W72: =(U72-T72)*24*60 -> 0 | AF72: -130.33333 | AG72: 0.91671991
W73: =(U73-T73)*24*60 -> 0
W74: =(U74-T74)*24*60 -> 0
H75: =F75*G75 -> 0 | W75: =(U75-T75)*24*60 -> 0
H76: =F76*G76 -> 0 | W76: =(U76-T76)*24*60 -> 0
H77: =F77*G77 -> 0 | W77: =(U77-T77)*24*60 -> 0
H78: =F78*G78 -> 0 | W78: =(U78-T78)*24*60 -> 0
C79: 4度四組 | D79: 平均 | J79: =AVERAGE(J70:J78) -> #N/A | K79: =AVERAGE(K70:K78) -> #N/A | L79: =AVERAGE(L70:L78) -> #N/A | M79: =AVERAGE(M70:M78) -> 11 | N79: =AVERAGE(N70:N78) -> 775.88571 | O79: =AVERAGE(O70:O78) -> 70.535065 | P79: =M79-J79 -> #N/A | Q79: =N79-K79 -> #N/A | R79: =O79/L79 -> #N/A | Z79: =SUM(Z70:Z78) -> 0 | AA79: =SUM(AA70:AA78) -> 0 | AD79: =SUM(AD70:AD78) -> 0 | AE79: =SUM(AE70:AE78) -> 0 | AF79: =N79-K79 -> #N/A | AG79: =N79/K79 -> #N/A
AJ80: 1.當日出勤人數較多
AJ81: 2.當日出勤人數較少
AJ82: 3.當日出勤熟手較少
AJ83: 4.當日出勤新人較多
AJ84: 5.機台夾盒
AJ85: 6.封膜不順
AJ86: 7.更換膠膜
AJ87: 8.更換碳帶
AJ88: 9.當日熱轉印碳帶異常
AJ89: 10.訂單量過少
AJ90: 11.新品上市，尚未熟悉
AJ91: 12.商品結構，產能較低
AJ92: 13.區域出貨，分段生產

Sheet 0901總
B1: 長家廠組合室生產人時性分析
B3: 日期 | D3: 46266 | F3: 訂單量 | G3: ='0901'!E1 -> 56325 | I3: 營業額 | J3: ='0901'!G1 -> 2635970.6
B4: 項目 | D4: 3 | F4: ➀ | H4: ➁ | J4: ③ | L4: 異常停線 | N4: 短暫停線
B5: 人時性 | D5: 組合室 | F5: 全溫層 | H5: 義大利麵 | J5: 袋裝小吃、義麵 | L5: 合計次數 | M5: 時間 | N5: 合計次數 | O5: 設備次數
D6: 排關平均 | F6: =AVERAGE(D13:J13) -> 129.38591 | H6: =AVERAGE(D13:H13) -> 126.46666 | J6: =AVERAGE(I13:J13) -> 136.68403 | L6: ='0901'!Z2 -> 0 | M6: ='0901'!AA2 -> 0 | N6: ='0901'!AD2 -> 0 | O6: ='0901'!AE2 -> 0
D7: 實績平均 | F7: =AVERAGE(D14:J14) -> 111.92004 | H7: =AVERAGE(D14:H14) -> 109.7724 | J7: =AVERAGE(I14:J14) -> 117.28914
D8: 達成率平均 | F8: =AVERAGE(D15:J15) -> 0.86688563 | H8: =AVERAGE(D15:H15) -> 0.86993221 | J8: =AVERAGE(I15:J15) -> 0.85926918
J9: ※現行日本鮮食廠以達成率80%為基本(即為現行KPI)
B10: 溫層 | D10: 4度C-各編組展開
B11: 編組 | D11: 1 | E11: 2 | F11: 3 | G11: 4 | H11: 5 | I11: 6 | J11: 7
D12: 自動1線 | E12: 自動2線 | F12: 手工3線 | G12: 手工4線 | H12: 手工5線 | I12: 調理包1線 | J12: 調理包2線
B13: 人時性 | C13: 排關 | D13: =VALUE('0901'!L15) -> 157.51454 | E13: =VALUE('0901'!L26) -> 176.37363 | F13: =VALUE('0901'!L37) -> 95.065768 | G13: =VALUE('0901'!L48) -> 96.300926 | H13: =VALUE('0901'!L58) -> 107.07843 | I13: =VALUE('0901'!L69) -> 138.81212 | J13: ='0901'!L79 -> 134.55594
C14: 實績 | D14: =VALUE('0901'!O15) -> 128.89228 | E14: =VALUE('0901'!O26) -> 157.35262 | F14: =VALUE('0901'!O37) -> 83.132191 | G14: =VALUE('0901'!O48) -> 84.720816 | H14: =VALUE('0901'!O58) -> 94.764073 | I14: =VALUE('0901'!O69) -> 108.88997 | J14: ='0901'!O79 -> 125.6883
C15: 達成率 | D15: =D14/D13 -> 0.8182881 | E15: =E14/E13 -> 0.89215503 | F15: =F14/F13 -> 0.87447031 | G15: =G14/G13 -> 0.87975079 | H15: =H14/H13 -> 0.88499684 | I15: =I14/I13 -> 0.78444137 | J15: ='0901'!S70 -> 0.93409698
B16: 作業 時間 | C16: 開始 | D16: ='0901'!T5 -> 0.29236111 | E16: ='0901'!T16 -> 0.29166667 | F16: ='0901'!T27 -> 0.29166667 | G16: ='0901'!T38 -> 0.33333333 | H16: ='0901'!T49 -> 0.29166667 | I16: ='0901'!T59 -> 0.29166667 | J16: ='0901'!T70 -> 0.39027778
C17: 結束 | D17: 0.62638889 | E17: 0.63194444 | F17: 0.46527778 | G17: 0.65972222 | H17: 0.58472222 | I17: 0.59027778 | J17: 0.51180556
B18: 產線異常 (5分鐘以上) | C18: 次數 | D18: ='0901'!Z15 -> 0 | E18: ='0901'!Z26 -> 0 | F18: ='0901'!Z37 -> 0 | G18: ='0901'!Z48 -> 0 | H18: ='0901'!Z58 -> 0 | I18: ='0901'!Z69 -> 0 | J18: ='0901'!AA79 -> 0
C19: 時間/分 | D19: ='0901'!AA15 -> 0 | E19: ='0901'!AA26 -> 0 | F19: ='0901'!AA37 -> 0 | G19: ='0901'!AA48 -> 0 | H19: ='0901'!AA58 -> 0 | I19: ='0901'!AA69 -> 0 | J19: ='0901'!AB79 -> 0
B20: 短暫停線 (5分鐘以下) | C20: 次數 | D20: ='0901'!AD15 -> 0 | E20: ='0901'!AD26 -> 0 | F20: ='0901'!AD37 -> 0 | G20: ='0901'!AD48 -> 0 | H20: ='0901'!AD58 -> 0 | I20: ='0901'!AD69 -> 0 | J20: ='0901'!AD79 -> 0
C21: 設備次數 | D21: ='0901'!AE15 -> 0 | E21: ='0901'!AE26 -> 0 | F21: ='0901'!AE37 -> 0 | G21: ='0901'!AE48 -> 0 | H21: ='0901'!AE58 -> 0 | I21: ='0901'!AE69 -> 0 | J21: ='0901'!AE79 -> 0
B22: 配置人數 | D22: =VALUE('0901'!M15) -> 16.2 | E22: =VALUE('0901'!M26) -> 13.6 | F22: =VALUE('0901'!M37) -> 16.5 | G22: =VALUE('0901'!M48) -> 17.333333 | H22: =VALUE('0901'!M58) -> 16.333333 | I22: =VALUE('0901'!M69) -> 14 | J22: ='0901'!M79 -> 8.5
B23: 主要應用設備 | D23: ET-600 | E23: ET-600 | F23: ET-55 | G23: ET-55 | H23: ET-55 | I23: 八爪機
B24: 次要應用設備 | H24: 封口機
B25: 備註

Sheet 0901
A1: 長家廠4度C日報分析 | D1: 總生產量 | E1: =SUM(G5:G79) -> 56325 | F1: 營業額 | G1: =SUM(H5:H79) -> 2635970.6 | H1: 出勤人數 | I1: =M15+M26+M48+M58+M69+M79+M37 -> 102.46667 | J1: 產線配置圖 | M1: 生產實績 | P1: 人時性差異分析 | T1: 日報登錄 | Z1: 合計 次數 | AA1: 合計 時間/分 | AB1: 分析說明 | AD1: 合計 次數 | AE1: 合計 設備次數 | AF1: 產能差異分析
A2: 9月1日 星期二 | D2: 人時性 | E2: =AVERAGE(O15,O26,O37,O48,O58,O69,O79) -> 111.92004 | F2: 平均廠價 | G2: =G1/E1 -> 46.799301 | H2: 多次生產數 | I2: =COUNT(I5:I79) -> 0 | Z2: =Z15+Z26+Z37+Z48+Z58+Z69+Z79 -> 0 | AA2: =AA15+AA26+AA37+AA48+AA58+AA69+AA79 -> 0 | AD2: =AD15+AD26+AD37+AD48+AD58+AD69+AD79 -> 0 | AE2: =AE15+AE26+AE37+AE48+AE58+AE69+AE79 -> 0
A3: 線別 | B3: 品類 | D3: 品名 | F3: 廠價 | G3: 生產量 | H3: 營收 | I3: 多次 生產 | J3: 人數 | K3: 產能/時 | L3: 人時性 | M3: 人數 | N3: 產能/時 | O3: 人時性 | P3: 人數 | Q3: 人時性 | R3: 達成率 | S3: 達成率平均 | T3: 生產時間 | V3: 前置、換線時間/分 | W3: 稼動時間/分 | X3: 休息時間 | Z3: 產線異常統計 (5分鐘以上) | AD3: 短暫停線統計 (5分鐘以下) | AF3: 產能/時 | AG3: 達成率 | AH3: 達成率平均
T4: 開始 | U4: 結束 | X4: 開始 | Y4: 結束 | Z4: 次數 | AA4: 時間/分 | AD4: 總次數 | AE4: 設備因素(次數)
A5: 自動一線 (ET-600) | B5: 義大利麵 | D5: 白酒清炒鮮蛤義大利麵 | F5: =VLOOKUP(D5,廠價表!$C$1:$E$43,3,0) -> 56.87 | G5: 2083 | H5: =F5*G5 -> 118460.21 | J5: =VLOOKUP(D5,產線配置圖!$A$3:$C$40,2,0) -> 14 | K5: =VLOOKUP(D5,產線配置圖!$A$3:$C$40,3,0) -> 2250 | L5: =K5/J5 -> 160.71429 | M5: 16 | N5: =G5/W5*60 -> 2048.8525 | O5: =N5/M5 -> 128.05328 | P5: =M5-J5 -> 2 | Q5: =O5-L5 -> -32.661007 | R5: =O5/L5 -> 0.79677596 | S5: =R15 -> 0.8182881 | T5: 0.29236111 | U5: 0.33472222 | W5: =(U5-T5)*24*60 -> 61 | AF5: =N5-K5 -> -201.14754 | AG5: =N5/K5 -> 0.91060109 | AH5: =AG15 -> 0.92346241
B6: 義大利麵 | D6: 羅馬黑胡椒起司義大利麵 | F6: =VLOOKUP(D6,廠價表!$C$1:$E$43,3,0) -> 50.67 | G6: 1021 | H6: =F6*G6 -> 51734.07 | J6: =VLOOKUP(D6,產線配置圖!$A$3:$C$40,2,0) -> 17 | K6: =VLOOKUP(D6,產線配置圖!$A$3:$C$40,3,0) -> 2250 | L6: =K6/J6 -> 132.35294 | M6: 18 | N6: =G6/W6*60 -> 1976.129 | O6: =N6/M6 -> 109.78495 | P6: =M6-J6 -> 1 | Q6: =O6-L6 -> -22.567995 | R6: =O6/L6 -> 0.82948626 | T6: 0.35069444 | U6: 0.37222222 | V6: =(T6-U5)*24*60 -> 23 | W6: =(U6-T6)*24*60 -> 31 | AB6: 8:12-8:25待玉取機換麵 | AF6: =N6-K6 -> -273.87097 | AG6: =N6/K6 -> 0.87827957
B7: 義大利麵 | D7: 香煎魚排佐檸檬奶油義大利麵 | F7: =VLOOKUP(D7,廠價表!$C$1:$E$43,3,0) -> 58.17 | G7: 2698 | H7: =F7*G7 -> 156942.66 | J7: =VLOOKUP(D7,產線配置圖!$A$3:$C$40,2,0) -> 13 | K7: =VLOOKUP(D7,產線配置圖!$A$3:$C$40,3,0) -> 2250 | L7: =K7/J7 -> 173.07692 | M7: 15 | N7: =G7/W7*60 -> 2130 | O7: =N7/M7 -> 142 | P7: =M7-J7 -> 2 | Q7: =O7-L7 -> -31.076923 | R7: =O7/L7 -> 0.82044444 | T7: 0.37777778 | U7: 0.43055556 | V7: =(T7-U6)*24*60 -> 8 | W7: =(U7-T7)*24*60 -> 76 | AF7: =N7-K7 -> -120 | AG7: =N7/K7 -> 0.94666667
B8: 義大利麵 | D8: 奶油培根義大利麵 | F8: =VLOOKUP(D8,廠價表!$C$1:$E$43,3,0) -> 49.14 | G8: 1971 | H8: =F8*G8 -> 96854.94 | J8: =VLOOKUP(D8,產線配置圖!$A$3:$C$40,2,0) -> 14 | K8: =VLOOKUP(D8,產線配置圖!$A$3:$C$40,3,0) -> 2250 | L8: =K8/J8 -> 160.71429 | M8: 16 | N8: =G8/W8*60 -> 2111.7857 | O8: =N8/M8 -> 131.98661 | P8: =M8-J8 -> 2 | Q8: =O8-L8 -> -28.727679 | R8: =O8/L8 -> 0.82125 | T8: 0.4375 | U8: 0.47638889 | V8: =(T8-U7)*24*60 -> 10 | W8: =(U8-T8)*24*60 -> 56 | X8: 0.48611111 | Y8: 0.52777778 | AF8: =N8-K8 -> -138.21429 | AG8: =N8/K8 -> 0.93857143
B9: 義大利麵 | D9: 奶油培根義大利麵 | F9: =VLOOKUP(D9,廠價表!$C$1:$E$43,3,0) -> 49.14 | G9: 4209 | H9: =F9*G9 -> 206830.26 | J9: =VLOOKUP(D9,產線配置圖!$A$3:$C$40,2,0) -> 14 | K9: =VLOOKUP(D9,產線配置圖!$A$3:$C$40,3,0) -> 2250 | L9: =K9/J9 -> 160.71429 | M9: 16 | N9: =G9/W9*60 -> 2122.1849 | O9: =N9/M9 -> 132.63655 | P9: =M9-J9 -> 2 | Q9: =O9-L9 -> -28.077731 | R9: =O9/L9 -> 0.82529412 | T9: 0.54375 | U9: 0.62638889 | V9: =(T9-U8)*24*60 -> 97 | W9: =(U9-T9)*24*60 -> 119 | AF9: =N9-K9 -> -127.81513 | AG9: =N9/K9 -> 0.94319328
W10: =(U10-T10)*24*60 -> 0 | AF10: =N10-K10 -> 0 | AG10: =N10/K10 -> #DIV/0!
W11: =(U11-T11)*24*60 -> 0 | AB11: 多兩位新人學習 | AF11: =N11-K11 -> 0 | AG11: =N11/K11 -> #DIV/0!
W12: =(U12-T12)*24*60 -> 0
W13: =(U13-T13)*24*60 -> 0
W14: =(U14-T14)*24*60 -> 0
C15: 4度一組 | D15: 平均 | J15: =AVERAGE(J5:J14) -> 14.4 | K15: =AVERAGE(K5:K14) -> 2250 | L15: =AVERAGE(L5:L14) -> 157.51454 | M15: =AVERAGE(M5:M14) -> 16.2 | N15: =AVERAGE(N5:N14) -> 2077.7904 | O15: =AVERAGE(O5:O14) -> 128.89228 | P15: =M15-J15 -> 1.8 | Q15: =O15-L15 -> -28.622267 | R15: =O15/L15 -> 0.8182881 | Z15: =SUM(Z5:Z14) -> 0 | AA15: =SUM(AA5:AA14) -> 0 | AD15: =SUM(AD5:AD14) -> 0 | AE15: =SUM(AE5:AE14) -> 0 | AF15: =N15-K15 -> -172.20958 | AG15: =N15/K15 -> 0.92346241
A16: 自動二線 (ET-600) | B16: 義大利麵 | D16: 白酒清炒鮮蛤義大利麵 | F16: =VLOOKUP(D16,廠價表!$C$1:$E$43,3,0) -> 56.87 | G16: 2451 | H16: =F16*G16 -> 139388.37 | J16: =VLOOKUP(D16,產線配置圖!$A$3:$C$40,2,0) -> 14 | K16: =VLOOKUP(D16,產線配置圖!$A$3:$C$40,3,0) -> 2250 | L16: =K16/J16 -> 160.71429 | M16: 15 | N16: =G16/W16*60 -> 1909.8701 | O16: =N16/M16 -> 127.32468 | P16: =M16-J16 -> 1 | Q16: =O16-L16 -> -33.38961 | R16: =O16/L16 -> 0.79224242 | S16: =R26 -> 0.89215503 | T16: 0.29166667 | U16: 0.34513889 | W16: =(U16-T16)*24*60 -> 77 | AF16: =N16-K16 -> -340.12987 | AG16: =N16/K16 -> 0.84883117 | AH16: =AG26 -> 0.94511221
B17: 義大利麵 | D17: 青醬蛤蜊義大利麵 | F17: =VLOOKUP(D17,廠價表!$C$1:$E$43,3,0) -> 50.67 | G17: 2624 | H17: =F17*G17 -> 132958.08 | J17: =VLOOKUP(D17,產線配置圖!$A$3:$C$40,2,0) -> 13 | K17: =VLOOKUP(D17,產線配置圖!$A$3:$C$40,3,0) -> 2250 | L17: =K17/J17 -> 173.07692 | M17: 14 | N17: =G17/W17*60 -> 2099.2 | O17: =N17/M17 -> 149.94286 | P17: =M17-J17 -> 1 | Q17: =O17-L17 -> -23.134066 | R17: =O17/L17 -> 0.86633651 | T17: 0.35555556 | U17: 0.40763889 | V17: =(T17-U16)*24*60 -> 15 | W17: =(U17-T17)*24*60 -> 75 | AF17: =N17-K17 -> -150.8 | AG17: =N17/K17 -> 0.93297778
B18: 義大利麵 | D18: 義式蕃茄起司義大利麵 | F18: =VLOOKUP(D18,廠價表!$C$1:$E$43,3,0) -> 50.39 | G18: 3108 | H18: =F18*G18 -> 156612.12 | J18: =VLOOKUP(D18,產線配置圖!$A$3:$C$40,2,0) -> 12 | K18: =VLOOKUP(D18,產線配置圖!$A$3:$C$40,3,0) -> 2250 | L18: =K18/J18 -> 187.5 | M18: 13 | N18: =G18/W18*60 -> 2220 | O18: =N18/M18 -> 170.76923 | P18: =M18-J18 -> 1 | Q18: =O18-L18 -> -16.730769 | R18: =O18/L18 -> 0.91076923 | T18: 0.41805556 | U18: 0.47638889 | V18: =(T18-U17)*24*60 -> 15 | W18: =(U18-T18)*24*60 -> 84 | X18: 0.48611111 | Y18: 0.52777778 | AF18: =N18-K18 -> -30 | AG18: =N18/K18 -> 0.98666667
B19: 義大利麵 | D19: 義式蕃茄起司義大利麵 | F19: =VLOOKUP(D19,廠價表!$C$1:$E$43,3,0) -> 50.39 | G19: 3062 | H19: =F19*G19 -> 154294.18 | J19: =VLOOKUP(D19,產線配置圖!$A$3:$C$40,2,0) -> 12 | K19: =VLOOKUP(D19,產線配置圖!$A$3:$C$40,3,0) -> 2250 | L19: =K19/J19 -> 187.5 | M19: 13 | N19: =G19/W19*60 -> 2268.1481 | O19: =N19/M19 -> 174.47293 | P19: =M19-J19 -> 1 | Q19: =O19-L19 -> -13.027066 | R19: =O19/L19 -> 0.93052232 | T19: 0.54166667 | U19: 0.59791667 | V19: =(T19-U18)*24*60 -> 94 | W19: =(U19-T19)*24*60 -> 81 | AF19: =N19-K19 -> 18.148148 | AG19: =N19/K19 -> 1.0080658
B20: 義大利麵 | D20: 青醬蛤蜊義大利麵 | F20: =VLOOKUP(D20,廠價表!$C$1:$E$43,3,0) -> 50.67 | G20: 1210 | H20: =F20*G20 -> 61310.7 | J20: =VLOOKUP(D20,產線配置圖!$A$3:$C$40,2,0) -> 13 | K20: =VLOOKUP(D20,產線配置圖!$A$3:$C$40,3,0) -> 2250 | L20: =K20/J20 -> 173.07692 | M20: 13 | N20: =G20/W20*60 -> 2135.2941 | O20: =N20/M20 -> 164.25339 | P20: =M20-J20 -> 0 | Q20: =O20-L20 -> -8.8235294 | R20: =O20/L20 -> 0.94901961 | T20: 0.60833333 | U20: 0.63194444 | V20: =(T20-U19)*24*60 -> 15 | W20: =(U20-T20)*24*60 -> 34
W21: =(U21-T21)*24*60 -> 0 | AB21: 多一位新人學習
W22: 0
W23: =(U23-T23)*24*60 -> 0
H24: =F24*G24 -> 0 | W24: =(U24-T24)*24*60 -> 0
H25: =F25*G25 -> 0 | W25: =(U25-T25)*24*60 -> 0
C26: 4度二組A | D26: 平均 | J26: =AVERAGE(J16:J25) -> 12.8 | K26: =AVERAGE(K16:K25) -> 2250 | L26: =AVERAGE(L16:L25) -> 176.37363 | M26: =AVERAGE(M16:M25) -> 13.6 | N26: =AVERAGE(N16:N25) -> 2126.5025 | O26: =AVERAGE(O16:O25) -> 157.35262 | P26: =M26-J26 -> 0.8 | Q26: =O26-L26 -> -19.021008 | R26: =O26/L26 -> 0.89215503 | Z26: =SUM(Z16:Z25) -> 0 | AA26: =SUM(AA16:AA25) -> 0 | AD26: =SUM(AD16:AD25) -> 0 | AE26: =SUM(AE16:AE25) -> 0 | AF26: =N26-K26 -> -123.49752 | AG26: =N26/K26 -> 0.94511221
A27: 手工三線 (ET-55) | B27: 義大利麵 | D27: 金沙豆腐義大利麵 | F27: =VLOOKUP(D27,廠價表!$C$1:$E$43,3,0) -> 49.91 | G27: 997 | H27: =F27*G27 -> 49760.27 | J27: =VLOOKUP(D27,產線配置圖!$A$3:$C$40,2,0) -> 18 | K27: 1636 | L27: =K27/J27 -> 90.888889 | M27: 18 | N27: =G27/W27*60 -> 1329.3333 | O27: =N27/M27 -> 73.851852 | P27: =M27-J27 -> 0 | Q27: =O27-L27 -> -17.037037 | R27: =O27/L27 -> 0.81255094 | S27: =R37 -> 0.87447031 | T27: 0.29166667 | U27: 0.32291667 | W27: =(U27-T27)*24*60 -> 45 | AF27: =N27-K27 -> -306.66667 | AG27: =N27/K27 -> 0.81255094 | AH27: =AG37 -> 0.83511457
B28: 義大利麵 | D28: 奶油鮮蝦明太子細扁麵 | F28: =VLOOKUP(D28,廠價表!$C$1:$E$43,3,0) -> 57.21 | G28: 1446 | H28: =F28*G28 -> 82725.66 | J28: =VLOOKUP(D28,產線配置圖!$A$3:$C$40,2,0) -> 18 | K28: =VLOOKUP(D28,產線配置圖!$A$3:$C$40,3,0) -> 1636 | L28: =K28/J28 -> 90.888889 | M28: 14 | N28: =G28/W28*60 -> 1221.9718 | O28: =N28/M28 -> 87.283702 | P28: =M28-J28 -> -4 | Q28: =O28-L28 -> -3.6051867 | R28: =O28/L28 -> 0.96033413 | T28: 0.32986111 | U28: 0.37916667 | V28: =(T28-U27)*24*60 -> 10 | W28: =(U28-T28)*24*60 -> 71 | AF28: =N28-K28 -> -414.02817 | AG28: =N28/K28 -> 0.74692655
B29: 義大利麵 | D29: 蕃茄莎莎海鮮冷義大利麵 | F29: =VLOOKUP(D29,廠價表!$C$1:$E$43,3,0) -> 46.34 | G29: 1273 | H29: =F29*G29 -> 58990.82 | J29: =VLOOKUP(D29,產線配置圖!$A$3:$C$40,2,0) -> 16 | K29: =VLOOKUP(D29,產線配置圖!$A$3:$C$40,3,0) -> 1636 | L29: =K29/J29 -> 102.25 | M29: 17 | N29: =G29/W29*60 -> 1558.7755 | O29: =N29/M29 -> 91.692677 | P29: =M29-J29 -> 1 | Q29: =O29-L29 -> -10.557323 | R29: =O29/L29 -> 0.8967499 | T29: 0.38611111 | U29: 0.42013889 | V29: =(T29-U28)*24*60 -> 10 | W29: =(U29-T29)*24*60 -> 49 | AB29: 多一位新人學習收籃 | AF29: =N29-K29 -> -77.22449 | AG29: =N29/K29 -> 0.95279677
B30: 義大利麵 | D30: 義式蛋蛋青醬鮪魚冷義大利麵 | F30: =VLOOKUP(D30,廠價表!$C$1:$E$43,3,0) -> 45.66 | G30: 1242 | H30: =F30*G30 -> 56709.72 | J30: =VLOOKUP(D30,產線配置圖!$A$3:$C$40,2,0) -> 17 | K30: =VLOOKUP(D30,產線配置圖!$A$3:$C$40,3,0) -> 1636 | L30: =K30/J30 -> 96.235294 | M30: 17 | N30: =G30/W30*60 -> 1354.9091 | O30: =N30/M30 -> 79.700535 | P30: =M30-J30 -> 0 | Q30: =O30-L30 -> -16.534759 | R30: =O30/L30 -> 0.82818404 | T30: 0.42708333 | U30: 0.46527778 | V30: =(T30-U29)*24*60 -> 10 | W30: =(U30-T30)*24*60 -> 55 | X30: 0.49652778 | Y30: 0.53819444 | AF30: =N30-K30 -> -281.09091 | AG30: =N30/K30 -> 0.82818404
W31: =(U31-T31)*24*60 -> 0 | AF31: =N31-K31 -> 0 | AG31: =N31/K31 -> #DIV/0!
W32: =(U32-T32)*24*60 -> 0
W33: =(U33-T33)*24*60 -> 0
W34: =(U34-T34)*24*60 -> 0
W35: =(U35-T35)*24*60 -> 0
H36: =F36*G36 -> 0 | W36: =(U36-T36)*24*60 -> 0
C37: 4度二組B | D37: 平均 | J37: =AVERAGE(J27:J36) -> 17.25 | K37: =AVERAGE(K27:K36) -> 1636 | L37: =AVERAGE(L27:L36) -> 95.065768 | M37: =AVERAGE(M27:M36) -> 16.5 | N37: =AVERAGE(N27:N36) -> 1366.2474 | O37: =AVERAGE(O27:O36) -> 83.132191 | P37: =M37-J37 -> -0.75 | Q37: =N37-K37 -> -269.75256 | R37: =O37/L37 -> 0.87447031 | Z37: =SUM(Z27:Z36) -> 0 | AA37: =SUM(AA27:AA36) -> 0 | AD37: =SUM(AD27:AD36) -> 0 | AE37: =SUM(AE27:AE36) -> 0 | AF37: =N37-K37 -> -269.75256 | AG37: =N37/K37 -> 0.83511457
A38: 手工四線 (ET-55) | B38: 熱乾麵 | D38: 青花椒麻雞肉拌麵 | F38: =VLOOKUP(D38,廠價表!$C$1:$E$43,3,0) -> 49.91 | G38: 2615 | H38: =F38*G38 -> 130514.65 | J38: =VLOOKUP(D38,產線配置圖!$A$3:$C$40,2,0) -> 16 | K38: =VLOOKUP(D38,產線配置圖!$A$3:$C$40,3,0) -> 1714 | L38: =K38/J38 -> 107.125 | M38: 16 | N38: =G38/W38*60 -> 1569 | O38: =N38/M38 -> 98.0625 | P38: =M38-J38 -> 0 | Q38: =O38-L38 -> -9.0625 | R38: =O38/L38 -> 0.91540257 | S38: =R48 -> 0.87975079 | T38: 0.33333333 | U38: 0.40277778 | W38: =(U38-T38)*24*60 -> 100 | AF38: =N38-K38 -> -145 | AG38: =N38/K38 -> 0.91540257 | AH38: =AG48 -> 0.87821882
B39: 熱乾麵 | D39: 府城鹽水意麵 | F39: =VLOOKUP(D39,廠價表!$C$1:$E$43,3,0) -> 44.3 | G39: 2322 | H39: =F39*G39 -> 102864.6 | J39: =VLOOKUP(D39,產線配置圖!$A$3:$C$40,2,0) -> 18 | K39: =VLOOKUP(D39,產線配置圖!$A$3:$C$40,3,0) -> 1636 | L39: =K39/J39 -> 90.888889 | M39: 18 | N39: =G39/W39*60 -> 1466.5263 | O39: =N39/M39 -> 81.473684 | P39: =M39-J39 -> 0 | Q39: =O39-L39 -> -9.4152047 | R39: =O39/L39 -> 0.89640973 | T39: 0.41319444 | U39: 0.47916667 | V39: =(T39-U38)*24*60 -> 15 | W39: =(U39-T39)*24*60 -> 95 | AF39: =N39-K39 -> -169.47368 | AG39: =N39/K39 -> 0.89640973
B40: 熱乾麵 | D40: 府城鹽水意麵 | F40: =VLOOKUP(D40,廠價表!$C$1:$E$43,3,0) -> 44.3 | G40: 3694 | H40: =F40*G40 -> 163644.2 | J40: =VLOOKUP(D40,產線配置圖!$A$3:$C$40,2,0) -> 18 | K40: =VLOOKUP(D40,產線配置圖!$A$3:$C$40,3,0) -> 1636 | L40: =K40/J40 -> 90.888889 | M40: 18 | N40: =G40/W40*60 -> 1343.2727 | O40: =N40/M40 -> 74.626263 | P40: =M40-J40 -> 0 | Q40: =O40-L40 -> -16.262626 | R40: =O40/L40 -> 0.82107135 | T40: 0.54513889 | U40: 0.65972222 | V40: =(T40-U39)*24*60 -> 95 | W40: =(U40-T40)*24*60 -> 165 | AF40: =N40-K40 -> -292.72727 | AG40: =N40/K40 -> 0.82107135
W41: =(U41-T41)*24*60 -> 0 | AF41: =N41-K41 -> 0 | AG41: =N41/K41 -> #DIV/0!
W42: =(U42-T42)*24*60 -> 0
W43: =(U43-T43)*24*60 -> 0
W44: =(U44-T44)*24*60 -> 0
W45: =(U45-T45)*24*60 -> 0
W46: =(U46-T46)*24*60 -> 0
H47: =F47*G47 -> 0 | W47: =(U47-T47)*24*60 -> 0
C48: 4度二組C1 | D48: 平均 | J48: =AVERAGE(J38:J47) -> 17.333333 | K48: =AVERAGE(K38:K47) -> 1662 | L48: =AVERAGE(L38:L47) -> 96.300926 | M48: =AVERAGE(M38:M47) -> 17.333333 | N48: =AVERAGE(N38:N47) -> 1459.5997 | O48: =AVERAGE(O38:O47) -> 84.720816 | P48: =M48-J48 -> 0 | Q48: =N48-K48 -> -202.40032 | R48: =O48/L48 -> 0.87975079 | W48: =(U48-T48)*24*60 -> 0 | Z48: =SUM(Z38:Z47) -> 0 | AA48: =SUM(AA38:AA47) -> 0 | AD48: =SUM(AD38:AD47) -> 0 | AE48: =SUM(AE38:AE47) -> 0 | AF48: =N48-K48 -> -202.40032 | AG48: =N48/K48 -> 0.87821882
A49: 手工五線 (ET-55) | B49: 義大利麵 | D49: 黑松露野菇義大利麵 | F49: =VLOOKUP(D49,廠價表!$C$1:$E$43,3,0) -> 50.289 | G49: 2296 | H49: =F49*G49 -> 115463.54 | J49: =VLOOKUP(D49,產線配置圖!$A$3:$C$40,2,0) -> 17 | K49: =VLOOKUP(D49,產線配置圖!$A$3:$C$40,3,0) -> 1636 | L49: =K49/J49 -> 96.235294 | M49: 17 | N49: =G49/W49*60 -> 1530.6667 | O49: =N49/M49 -> 90.039216 | P49: =M49-J49 -> 0 | Q49: =O49-L49 -> -6.1960784 | R49: =O49/L49 -> 0.93561532 | S49: =R58 -> 0.88499684 | T49: 0.29166667 | U49: 0.35416667 | W49: =(U49-T49)*24*60 -> 90 | AF49: =N49-K49 -> -105.33333 | AG49: =N49/K49 -> 0.93561532 | AH49: =AG58 -> 0.88592719
B50: 義大利麵 | D50: 焗烤起司雙饗筆尖麵 | F50: =VLOOKUP(D50,廠價表!$C$1:$E$43,3,0) -> 49.97 | G50: 4083 | H50: =F50*G50 -> 204027.51 | J50: =VLOOKUP(D50,產線配置圖!$A$3:$C$40,2,0) -> 16 | K50: =VLOOKUP(D50,產線配置圖!$A$3:$C$40,3,0) -> 1800 | L50: =K50/J50 -> 112.5 | M50: 16 | N50: =G50/W50*60 -> 1531.125 | O50: =N50/M50 -> 95.695313 | P50: =M50-J50 -> 0 | Q50: =O50-L50 -> -16.804687 | R50: =O50/L50 -> 0.850625 | T50: 0.36111111 | U50: 0.47222222 | V50: =(T50-U49)*24*60 -> 10 | W50: =(U50-T50)*24*60 -> 160 | AF50: =N50-K50 -> -268.875 | AG50: =N50/K50 -> 0.850625
B51: 義大利麵 | D51: 焗烤起司雙饗筆尖麵 | F51: =VLOOKUP(D51,廠價表!$C$1:$E$43,3,0) -> 49.97 | G51: 2050 | H51: =F51*G51 -> 102438.5 | J51: =VLOOKUP(D51,產線配置圖!$A$3:$C$40,2,0) -> 16 | K51: =VLOOKUP(D51,產線配置圖!$A$3:$C$40,3,0) -> 1800 | L51: =K51/J51 -> 112.5 | M51: 16 | N51: =G51/W51*60 -> 1576.9231 | O51: =N51/M51 -> 98.557692 | P51: =M51-J51 -> 0 | Q51: =O51-L51 -> -13.942308 | R51: =O51/L51 -> 0.87606838 | T51: 0.53055556 | U51: 0.58472222 | V51: =(T51-U50)*24*60 -> 84 | W51: =(U51-T51)*24*60 -> 78 | AF51: =N51-K51 -> -223.07692 | AG51: =N51/K51 -> 0.87606838
W52: =(U52-T52)*24*60 -> 0 | X52: 0.47916667 | Y52: 0.52083333 | AF52: =N52-K52 -> 0 | AG52: =N52/K52 -> #DIV/0!
W53: =(U53-T53)*24*60 -> 0 | AF53: =N53-K53 -> 0 | AG53: =N53/K53 -> #DIV/0!
W54: =(U54-T54)*24*60 -> 0
W55: =(U55-T55)*24*60 -> 0
W56: =(U56-T56)*24*60 -> 0
W57: =(U57-T57)*24*60 -> 0
C58: 4度二組C2 | D58: 平均 | J58: =AVERAGE(J49:J57) -> 16.333333 | K58: =AVERAGE(K49:K57) -> 1745.3333 | L58: =AVERAGE(L49:L57) -> 107.07843 | M58: =AVERAGE(M49:M57) -> 16.333333 | N58: =AVERAGE(N49:N57) -> 1546.2382 | O58: =AVERAGE(O49:O57) -> 94.764073 | P58: =M58-J58 -> 0 | Q58: =N58-K58 -> -199.09509 | R58: =O58/L58 -> 0.88499684 | Z58: =SUM(Z49:Z57) -> 0 | AA58: =SUM(AA49:AA57) -> 0 | AD58: =SUM(AD49:AD57) -> 0 | AE58: =SUM(AE49:AE57) -> 0 | AF58: =N58-K58 -> -199.09509 | AG58: =N58/K58 -> 0.88592719
A59: 調理包一線 (八爪機) | B59: 小吃、微波 | D59: 小滷青蔬 | F59: =VLOOKUP(D59,廠價表!$C$1:$E$43,3,0) -> 26.99 | G59: 3459 | H59: =F59*G59 -> 93358.41 | J59: =VLOOKUP(D59,產線配置圖!$A$3:$C$40,2,0) -> 15 | K59: =VLOOKUP(D59,產線配置圖!$A$3:$C$40,3,0) -> 1636 | L59: =K59/J59 -> 109.06667 | M59: 15 | N59: =G59/W59*60 -> 1431.3103 | O59: =N59/M59 -> 95.42069 | P59: =M59-J59 -> 0 | Q59: =O59-L59 -> -13.645977 | R59: =O59/L59 -> 0.87488407 | S59: =R69 -> 0.78444137 | T59: 0.29166667 | U59: 0.39236111 | W59: =(U59-T59)*24*60 -> 145 | AF59: =N59-K59 -> -204.68966 | AG59: =N59/K59 -> 0.87488407 | AH59: =AG69 -> 0.9250678
B60: 小吃、微波 | D60: 起司馬鈴薯 | F60: =VLOOKUP(D60,廠價表!$C$1:$E$43,3,0) -> 28.26 | G60: 1365 | H60: =F60*G60 -> 38574.9 | J60: =VLOOKUP(D60,產線配置圖!$A$3:$C$40,2,0) -> 11 | K60: =VLOOKUP(D60,產線配置圖!$A$3:$C$40,3,0) -> 1636 | L60: =K60/J60 -> 148.72727 | M60: 14 | N60: =G60/W60*60 -> 1638 | O60: =N60/M60 -> 117 | P60: =M60-J60 -> 3 | Q60: =O60-L60 -> -31.727273 | R60: =O60/L60 -> 0.78667482 | T60: 0.40972222 | U60: 0.44444444 | V60: =(T60-U59)*24*60 -> 25 | W60: =(U60-T60)*24*60 -> 50 | AF60: =N60-K60 -> 2 | AG60: =N60/K60 -> 1.0012225
B61: 小吃、微波 | D61: 韓式炒冬粉 | F61: =VLOOKUP(D61,廠價表!$C$1:$E$43,3,0) -> 28.26 | G61: 877 | H61: =F61*G61 -> 24784.02 | J61: =VLOOKUP(D61,產線配置圖!$A$3:$C$40,2,0) -> 11 | K61: =VLOOKUP(D61,產線配置圖!$A$3:$C$40,3,0) -> 1636 | L61: =K61/J61 -> 148.72727 | M61: 14 | N61: =G61/W61*60 -> 1169.3333 | O61: =N61/M61 -> 83.52381 | P61: =M61-J61 -> 3 | Q61: =O61-L61 -> -65.203463 | R61: =O61/L61 -> 0.56159041 | T61: 0.45833333 | U61: 0.48958333 | V61: =(T61-U60)*24*60 -> 20 | W61: =(U61-T61)*24*60 -> 45 | AF61: =N61-K61 -> -466.66667 | AG61: =N61/K61 -> 0.71475143
B62: 小吃、微波 | D62: 麻辣雞心 | F62: =VLOOKUP(D62,廠價表!$C$1:$E$43,3,0) -> 28.26 | G62: 1815 | H62: =F62*G62 -> 51291.9 | J62: =VLOOKUP(D62,產線配置圖!$A$3:$C$40,2,0) -> 11 | K62: =VLOOKUP(D62,產線配置圖!$A$3:$C$40,3,0) -> 1636 | L62: =K62/J62 -> 148.72727 | M62: 13 | N62: =G62/W62*60 -> 1815 | O62: =N62/M62 -> 139.61538 | P62: =M62-J62 -> 2 | Q62: =O62-L62 -> -9.1118881 | R62: =O62/L62 -> 0.93873425 | T62: 0.54861111 | U62: 0.59027778 | V62: =(T62-U61)*24*60 -> 85 | W62: =(U62-T62)*24*60 -> 60 | X62: 0.50347222 | Y62: 0.54513889 | AB62: 生產數量少 | AF62: =N62-K62 -> 179 | AG62: =N62/K62 -> 1.1094132
W63: =(U63-T63)*24*60 -> 0 | AB63: 多三位新人學習補料、投料、收籃
W64: =(U64-T64)*24*60 -> 0
W65: =(U65-T65)*24*60 -> 0
W66: =(U66-T66)*24*60 -> 0
W67: =(U67-T67)*24*60 -> 0
H68: =F68*G68 -> 0 | W68: =(U68-T68)*24*60 -> 0
C69: 4度三組 | D69: 平均 | J69: =AVERAGE(J59:J68) -> 12 | K69: =AVERAGE(K59:K68) -> 1636 | L69: =AVERAGE(L59:L68) -> 138.81212 | M69: =AVERAGE(M59:M68) -> 14 | N69: =AVERAGE(N59:N68) -> 1513.4109 | O69: =AVERAGE(O59:O68) -> 108.88997 | P69: =M69-J69 -> 2 | Q69: =N69-K69 -> -122.58908 | R69: =O69/L69 -> 0.78444137 | Z69: =SUM(Z59:Z68) -> 0 | AA69: =SUM(AA59:AA68) -> 0 | AD69: =SUM(AD59:AD68) -> 0 | AE69: =SUM(AE59:AE68) -> 0 | AF69: =N69-K69 -> -122.58908 | AG69: =N69/K69 -> 0.9250678
A70: 調理包二線 (手工) | B70: 小吃、微波 | D70: 麻辣雞心 | F70: =VLOOKUP(D70,廠價表!$C$1:$E$43,3,0) -> 28.26 | G70: 1144 | H70: =F70*G70 -> 32329.44 | J70: =VLOOKUP(D70,產線配置圖!$A$3:$C$40,2,0) -> 11 | K70: =VLOOKUP(D70,產線配置圖!$A$3:$C$40,3,0) -> 1636 | L70: =K70/J70 -> 148.72727 | M70: 6 | N70: =G70/W70*60 -> 837.07317 | O70: =N70/M70 -> 139.5122 | P70: =M70-J70 -> -5 | Q70: =O70-L70 -> -9.2150776 | R70: =O70/L70 -> 0.93804043 | S70: =R79 -> 0.93409698 | T70: 0.39027778 | U70: 0.44722222 | W70: =(U70-T70)*24*60 -> 82 | AB70: 10:45-11:05 製作醬杯 | AF70: =N70-K70 -> -798.92683 | AG70: =N70/K70 -> 0.51165842 | AH70: =AG79 -> 0.64591741
B71: 義大利麵 | D71: 番茄蘑菇義大利麵 | F71: =VLOOKUP(D71,廠價表!$C$1:$E$43,3,0) -> 43.89 | G71: 1210 | H71: =F71*G71 -> 53106.9 | J71: =VLOOKUP(D71,產線配置圖!$A$3:$C$40,2,0) -> 13 | K71: =VLOOKUP(D71,產線配置圖!$A$3:$C$40,3,0) -> 1565 | L71: =K71/J71 -> 120.38462 | M71: 11 | N71: =G71/W71*60 -> 1230.5085 | O71: =N71/M71 -> 111.86441 | P71: =M71-J71 -> -2 | Q71: =O71-L71 -> -8.5202086 | R71: =O71/L71 -> 0.9292251 | T71: 0.47083333 | U71: 0.51180556 | V71: =(T71-U70)*24*60 -> 34 | W71: =(U71-T71)*24*60 -> 59 | AF71: -300.3125 | AG71: 0.80810703
W72: =(U72-T72)*24*60 -> 0 | AF72: -130.33333 | AG72: 0.91671991
W73: =(U73-T73)*24*60 -> 0
W74: =(U74-T74)*24*60 -> 0
W75: =(U75-T75)*24*60 -> 0
W76: =(U76-T76)*24*60 -> 0
H77: =F77*G77 -> 0 | W77: =(U77-T77)*24*60 -> 0
H78: =F78*G78 -> 0 | W78: =(U78-T78)*24*60 -> 0
C79: 4度四組 | D79: 平均 | J79: =AVERAGE(J70:J78) -> 12 | K79: =AVERAGE(K70:K78) -> 1600.5 | L79: =AVERAGE(L70:L78) -> 134.55594 | M79: =AVERAGE(M70:M78) -> 8.5 | N79: =AVERAGE(N70:N78) -> 1033.7908 | O79: =AVERAGE(O70:O78) -> 125.6883 | P79: =M79-J79 -> -3.5 | Q79: =N79-K79 -> -566.70918 | R79: =O79/L79 -> 0.93409698 | Z79: =SUM(Z70:Z78) -> 0 | AA79: =SUM(AA70:AA78) -> 0 | AD79: =SUM(AD70:AD78) -> 0 | AE79: =SUM(AE70:AE78) -> 0 | AF79: =N79-K79 -> -566.70918 | AG79: =N79/K79 -> 0.64591741
AJ80: 1.當日出勤人數較多
AJ81: 2.當日出勤人數較少
AJ82: 3.當日出勤熟手較少
AJ83: 4.當日出勤新人較多
AJ84: 5.機台夾盒
AJ85: 6.封膜不順
AJ86: 7.更換膠膜
AJ87: 8.更換碳帶
AJ88: 9.當日熱轉印碳帶異常
AJ89: 10.訂單量過少
AJ90: 11.新品上市，尚未熟悉
AJ91: 12.商品結構，產能較低
AJ92: 13.區域出貨，分段生產

Sheet 0902總
B1: 長家廠組合室生產人時性分析
B3: 日期 | D3: 46267 | F3: 訂單量 | G3: ='0902'!E1 -> 51934 | I3: 營業額 | J3: ='0902'!G1 -> 2427089.2
B4: 項目 | D4: 3 | F4: ➀ | H4: ➁ | J4: ③ | L4: 異常停線 | N4: 短暫停線
B5: 人時性 | D5: 組合室 | F5: 全溫層 | H5: 義大利麵 | J5: 袋裝小吃、義麵 | L5: 合計次數 | M5: 時間 | N5: 合計次數 | O5: 設備次數
D6: 排關平均 | F6: =AVERAGE(D13:J13) -> 130.24975 | H6: =AVERAGE(D13:H13) -> 128.33705 | J6: =AVERAGE(I13:J13) -> 135.03151 | L6: ='0902'!Z2 -> 0 | M6: ='0902'!AA2 -> 0 | N6: ='0902'!AD2 -> 0 | O6: ='0902'!AE2 -> 0
D7: 實績平均 | F7: =AVERAGE(D14:J14) -> 116.81133 | H7: =AVERAGE(D14:H14) -> 114.14255 | J7: =AVERAGE(I14:J14) -> 123.48328
D8: 達成率平均 | F8: =AVERAGE(D15:J15) -> 0.89131714 | H8: =AVERAGE(D15:H15) -> 0.88202685 | J8: =AVERAGE(I15:J15) -> 0.91454286
J9: ※現行日本鮮食廠以達成率80%為基本(即為現行KPI)
B10: 溫層 | D10: 4度C-各編組展開
B11: 編組 | D11: 1 | E11: 2 | F11: 3 | G11: 4 | H11: 5 | I11: 6 | J11: 7
D12: 自動1線 | E12: 自動2線 | F12: 手工3線 | G12: 手工4線 | H12: 手工5線 | I12: 調理包1線 | J12: 調理包2線
B13: 人時性 | C13: 排關 | D13: =VALUE('0902'!L15) -> 157.51454 | E13: =VALUE('0902'!L26) -> 177.1978 | F13: =VALUE('0902'!L37) -> 103.59355 | G13: =VALUE('0902'!L48) -> 96.300926 | H13: =VALUE('0902'!L58) -> 107.07843 | I13: =VALUE('0902'!L69) -> 135.50707 | J13: ='0902'!L79 -> 134.55594
C14: 實績 | D14: =VALUE('0902'!O15) -> 140.93249 | E14: =VALUE('0902'!O26) -> 165.32903 | F14: =VALUE('0902'!O37) -> 90.79917 | G14: =VALUE('0902'!O48) -> 80.528481 | H14: =VALUE('0902'!O58) -> 93.123566 | I14: =VALUE('0902'!O69) -> 121.414 | J14: ='0902'!O79 -> 125.55256
C15: 達成率 | D15: =D14/D13 -> 0.89472681 | E15: =E14/E13 -> 0.93301965 | F15: =F14/F13 -> 0.87649447 | G15: =G14/G13 -> 0.8362171 | H15: =H14/H13 -> 0.86967622 | I15: =I14/I13 -> 0.8959975 | J15: ='0902'!S70 -> 0.93308821
B16: 作業 時間 | C16: 開始 | D16: ='0902'!T5 -> 0.29861111 | E16: ='0902'!T16 -> 0.29861111 | F16: ='0902'!T27 -> 0.29166667 | G16: ='0902'!T38 -> 0.33541667 | H16: ='0902'!T49 -> 0.29166667 | I16: ='0902'!T59 -> 0.29166667 | J16: ='0902'!T70 -> 0.29305556
C17: 結束 | D17: 0.62152778 | E17: 0.59166667 | F17: 0.59305556 | G17: 0.64583333 | H17: 0.56944444 | I17: 0.44791667 | J17: 0.49305556
B18: 產線異常 (5分鐘以上) | C18: 次數 | D18: ='0902'!Z15 -> 0 | E18: ='0902'!Z26 -> 0 | F18: ='0902'!Z37 -> 0 | G18: ='0902'!Z48 -> 0 | H18: ='0902'!Z58 -> 0 | I18: ='0902'!Z69 -> 0 | J18: ='0902'!AA79 -> 0
C19: 時間/分 | D19: ='0902'!AA15 -> 0 | E19: ='0902'!AA26 -> 0 | F19: ='0902'!AA37 -> 0 | G19: ='0902'!AA48 -> 0 | H19: ='0902'!AA58 -> 0 | I19: ='0902'!AA69 -> 0 | J19: ='0902'!AB79 -> 0
B20: 短暫停線 (5分鐘以下) | C20: 次數 | D20: ='0902'!AD15 -> 0 | E20: ='0902'!AD26 -> 0 | F20: ='0902'!AD37 -> 0 | G20: ='0902'!AD48 -> 0 | H20: ='0902'!AD58 -> 0 | I20: ='0902'!AD69 -> 0 | J20: ='0902'!AD79 -> 0
C21: 設備次數 | D21: ='0902'!AE15 -> 0 | E21: ='0902'!AE26 -> 0 | F21: ='0902'!AE37 -> 0 | G21: ='0902'!AE48 -> 0 | H21: ='0902'!AE58 -> 0 | I21: ='0902'!AE69 -> 0 | J21: ='0902'!AE79 -> 0
B22: 配置人數 | D22: =VALUE('0902'!M15) -> 14.4 | E22: =VALUE('0902'!M26) -> 12.75 | F22: =VALUE('0902'!M37) -> 16.75 | G22: =VALUE('0902'!M48) -> 16.666667 | H22: =VALUE('0902'!M58) -> 16.333333 | I22: =VALUE('0902'!M69) -> 12.333333 | J22: ='0902'!M79 -> 7.5
B23: 主要應用設備 | D23: ET-600 | E23: ET-600 | F23: ET-55 | G23: ET-55 | H23: ET-55 | I23: 八爪機
B24: 次要應用設備 | H24: 封口機
B25: 備註

Sheet 0902
A1: 長家廠4度C日報分析 | D1: 總生產量 | E1: =SUM(G5:G79) -> 51934 | F1: 營業額 | G1: =SUM(H5:H79) -> 2427089.2 | H1: 出勤人數 | I1: =M15+M26+M48+M58+M69+M79+M37 -> 96.733333 | J1: 產線配置圖 | M1: 生產實績 | P1: 人時性差異分析 | T1: 日報登錄 | Z1: 合計 次數 | AA1: 合計 時間/分 | AB1: 分析說明 | AD1: 合計 次數 | AE1: 合計 設備次數 | AF1: 產能差異分析
A2: 9月2日 星期三 | D2: 人時性 | E2: =AVERAGE(O15,O26,O37,O48,O58,O69,O79) -> 116.81133 | F2: 平均廠價 | G2: =G1/E1 -> 46.734108 | H2: 多次生產數 | I2: =COUNT(I5:I79) -> 0 | Z2: =Z15+Z26+Z37+Z48+Z58+Z69+Z79 -> 0 | AA2: =AA15+AA26+AA37+AA48+AA58+AA69+AA79 -> 0 | AD2: =AD15+AD26+AD37+AD48+AD58+AD69+AD79 -> 0 | AE2: =AE15+AE26+AE37+AE48+AE58+AE69+AE79 -> 0
A3: 線別 | B3: 品類 | D3: 品名 | F3: 廠價 | G3: 生產量 | H3: 營收 | I3: 多次 生產 | J3: 人數 | K3: 產能/時 | L3: 人時性 | M3: 人數 | N3: 產能/時 | O3: 人時性 | P3: 人數 | Q3: 人時性 | R3: 達成率 | S3: 達成率平均 | T3: 生產時間 | V3: 前置、換線時間/分 | W3: 稼動時間/分 | X3: 休息時間 | Z3: 產線異常統計 (5分鐘以上) | AD3: 短暫停線統計 (5分鐘以下) | AF3: 產能/時 | AG3: 達成率 | AH3: 達成率平均
T4: 開始 | U4: 結束 | X4: 開始 | Y4: 結束 | Z4: 次數 | AA4: 時間/分 | AD4: 總次數 | AE4: 設備因素(次數)
A5: 自動一線 (ET-600) | B5: 義大利麵 | D5: 白酒清炒鮮蛤義大利麵 | F5: =VLOOKUP(D5,廠價表!$C$1:$E$43,3,0) -> 56.87 | G5: 2255 | H5: =F5*G5 -> 128241.85 | J5: =VLOOKUP(D5,產線配置圖!$A$3:$C$40,2,0) -> 14 | K5: =VLOOKUP(D5,產線配置圖!$A$3:$C$40,3,0) -> 2250 | L5: =K5/J5 -> 160.71429 | M5: 14 | N5: =G5/W5*60 -> 2182.2581 | O5: =N5/M5 -> 155.87558 | P5: =M5-J5 -> 0 | Q5: =O5-L5 -> -4.8387097 | R5: =O5/L5 -> 0.96989247 | S5: =R15 -> 0.89472681 | T5: 0.29861111 | U5: 0.34166667 | W5: =(U5-T5)*24*60 -> 62 | AF5: =N5-K5 -> -67.741935 | AG5: =N5/K5 -> 0.96989247 | AH5: =AG15 -> 0.89417506
B6: 義大利麵 | D6: 羅馬黑胡椒起司義大利麵 | F6: =VLOOKUP(D6,廠價表!$C$1:$E$43,3,0) -> 50.67 | G6: 986 | H6: =F6*G6 -> 49960.62 | J6: =VLOOKUP(D6,產線配置圖!$A$3:$C$40,2,0) -> 17 | K6: =VLOOKUP(D6,產線配置圖!$A$3:$C$40,3,0) -> 2250 | L6: =K6/J6 -> 132.35294 | M6: 17 | N6: =G6/W6*60 -> 1972 | O6: =N6/M6 -> 116 | P6: =M6-J6 -> 0 | Q6: =O6-L6 -> -16.352941 | R6: =O6/L6 -> 0.87644444 | T6: 0.35208333 | U6: 0.37291667 | V6: =(T6-U5)*24*60 -> 15 | W6: =(U6-T6)*24*60 -> 30 | AF6: =N6-K6 -> -278 | AG6: =N6/K6 -> 0.87644444
B7: 義大利麵 | D7: 香煎魚排佐檸檬奶油義大利麵 | F7: =VLOOKUP(D7,廠價表!$C$1:$E$43,3,0) -> 58.17 | G7: 2466 | H7: =F7*G7 -> 143447.22 | J7: =VLOOKUP(D7,產線配置圖!$A$3:$C$40,2,0) -> 13 | K7: =VLOOKUP(D7,產線配置圖!$A$3:$C$40,3,0) -> 2250 | L7: =K7/J7 -> 173.07692 | M7: 13 | N7: =G7/W7*60 -> 1999.4595 | O7: =N7/M7 -> 153.80457 | P7: =M7-J7 -> 0 | Q7: =O7-L7 -> -19.272349 | R7: =O7/L7 -> 0.88864865 | T7: 0.38055556 | U7: 0.43194444 | V7: =(T7-U6)*24*60 -> 11 | W7: =(U7-T7)*24*60 -> 74 | AF7: =N7-K7 -> -250.54054 | AG7: =N7/K7 -> 0.88864865
B8: 義大利麵 | D8: 奶油培根義大利麵 | F8: =VLOOKUP(D8,廠價表!$C$1:$E$43,3,0) -> 49.14 | G8: 1762 | H8: =F8*G8 -> 86584.68 | J8: =VLOOKUP(D8,產線配置圖!$A$3:$C$40,2,0) -> 14 | K8: =VLOOKUP(D8,產線配置圖!$A$3:$C$40,3,0) -> 2250 | L8: =K8/J8 -> 160.71429 | M8: 14 | N8: =G8/W8*60 -> 1887.8571 | O8: =N8/M8 -> 134.84694 | P8: =M8-J8 -> 0 | Q8: =O8-L8 -> -25.867347 | R8: =O8/L8 -> 0.83904762 | T8: 0.43888889 | U8: 0.47777778 | V8: =(T8-U7)*24*60 -> 10 | W8: =(U8-T8)*24*60 -> 56 | X8: 0.48611111 | Y8: 0.52777778 | AF8: =N8-K8 -> -362.14286 | AG8: =N8/K8 -> 0.83904762
B9: 義大利麵 | D9: 奶油培根義大利麵 | F9: =VLOOKUP(D9,廠價表!$C$1:$E$43,3,0) -> 49.14 | G9: 3834 | H9: =F9*G9 -> 188402.76 | J9: =VLOOKUP(D9,產線配置圖!$A$3:$C$40,2,0) -> 14 | K9: =VLOOKUP(D9,產線配置圖!$A$3:$C$40,3,0) -> 2250 | L9: =K9/J9 -> 160.71429 | M9: 14 | N9: =G9/W9*60 -> 2017.8947 | O9: =N9/M9 -> 144.13534 | P9: =M9-J9 -> 0 | Q9: =O9-L9 -> -16.578947 | R9: =O9/L9 -> 0.89684211 | T9: 0.54236111 | U9: 0.62152778 | V9: =(T9-U8)*24*60 -> 93 | W9: =(U9-T9)*24*60 -> 114 | AF9: =N9-K9 -> -232.10526 | AG9: =N9/K9 -> 0.89684211
W10: =(U10-T10)*24*60 -> 0 | AF10: =N10-K10 -> 0 | AG10: =N10/K10 -> #DIV/0!
W11: =(U11-T11)*24*60 -> 0 | AF11: =N11-K11 -> 0 | AG11: =N11/K11 -> #DIV/0!
W12: =(U12-T12)*24*60 -> 0
W13: =(U13-T13)*24*60 -> 0
W14: =(U14-T14)*24*60 -> 0
C15: 4度一組 | D15: 平均 | J15: =AVERAGE(J5:J14) -> 14.4 | K15: =AVERAGE(K5:K14) -> 2250 | L15: =AVERAGE(L5:L14) -> 157.51454 | M15: =AVERAGE(M5:M14) -> 14.4 | N15: =AVERAGE(N5:N14) -> 2011.8939 | O15: =AVERAGE(O5:O14) -> 140.93249 | P15: =M15-J15 -> 0 | Q15: =O15-L15 -> -16.582059 | R15: =O15/L15 -> 0.89472681 | Z15: =SUM(Z5:Z14) -> 0 | AA15: =SUM(AA5:AA14) -> 0 | AD15: =SUM(AD5:AD14) -> 0 | AE15: =SUM(AE5:AE14) -> 0 | AF15: =N15-K15 -> -238.10612 | AG15: =N15/K15 -> 0.89417506
A16: 自動二線 (ET-600) | B16: 義大利麵 | D16: 白酒清炒鮮蛤義大利麵 | F16: =VLOOKUP(D16,廠價表!$C$1:$E$43,3,0) -> 56.87 | G16: 1924 | H16: =F16*G16 -> 109417.88 | J16: =VLOOKUP(D16,產線配置圖!$A$3:$C$40,2,0) -> 14 | K16: =VLOOKUP(D16,產線配置圖!$A$3:$C$40,3,0) -> 2250 | L16: =K16/J16 -> 160.71429 | M16: 14 | N16: =G16/W16*60 -> 2098.9091 | O16: =N16/M16 -> 149.92208 | P16: =M16-J16 -> 0 | Q16: =O16-L16 -> -10.792208 | R16: =O16/L16 -> 0.93284848 | S16: =R26 -> 0.93301965 | T16: 0.29861111 | U16: 0.33680556 | W16: =(U16-T16)*24*60 -> 55 | AF16: =N16-K16 -> -151.09091 | AG16: =N16/K16 -> 0.93284848 | AH16: =AG26 -> 0.93383153
B17: 義大利麵 | D17: 青醬蛤蜊義大利麵 | F17: =VLOOKUP(D17,廠價表!$C$1:$E$43,3,0) -> 50.67 | G17: 3512 | H17: =F17*G17 -> 177953.04 | J17: =VLOOKUP(D17,產線配置圖!$A$3:$C$40,2,0) -> 13 | K17: =VLOOKUP(D17,產線配置圖!$A$3:$C$40,3,0) -> 2250 | L17: =K17/J17 -> 173.07692 | M17: 13 | N17: =G17/W17*60 -> 2195 | O17: =N17/M17 -> 168.84615 | P17: =M17-J17 -> 0 | Q17: =O17-L17 -> -4.2307692 | R17: =O17/L17 -> 0.97555556 | T17: 0.34305556 | U17: 0.40972222 | V17: =(T17-U16)*24*60 -> 9 | W17: =(U17-T17)*24*60 -> 96 | AF17: =N17-K17 -> -55 | AG17: =N17/K17 -> 0.97555556
B18: 義大利麵 | D18: 義式蕃茄起司義大利麵 | F18: =VLOOKUP(D18,廠價表!$C$1:$E$43,3,0) -> 50.39 | G18: 2983 | H18: =F18*G18 -> 150313.37 | J18: =VLOOKUP(D18,產線配置圖!$A$3:$C$40,2,0) -> 12 | K18: =VLOOKUP(D18,產線配置圖!$A$3:$C$40,3,0) -> 2250 | L18: =K18/J18 -> 187.5 | M18: 12 | N18: =G18/W18*60 -> 2057.2414 | O18: =N18/M18 -> 171.43678 | P18: =M18-J18 -> 0 | Q18: =O18-L18 -> -16.063218 | R18: =O18/L18 -> 0.9143295 | T18: 0.41597222 | U18: 0.47638889 | V18: =(T18-U17)*24*60 -> 9 | W18: =(U18-T18)*24*60 -> 87 | X18: 0.48611111 | Y18: 0.52777778 | AF18: =N18-K18 -> -192.75862 | AG18: =N18/K18 -> 0.9143295
B19: 義大利麵 | D19: 義式蕃茄起司義大利麵 | F19: =VLOOKUP(D19,廠價表!$C$1:$E$43,3,0) -> 50.39 | G19: 2464 | H19: =F19*G19 -> 124160.96 | J19: =VLOOKUP(D19,產線配置圖!$A$3:$C$40,2,0) -> 12 | K19: =VLOOKUP(D19,產線配置圖!$A$3:$C$40,3,0) -> 2250 | L19: =K19/J19 -> 187.5 | M19: 12 | N19: =G19/W19*60 -> 2053.3333 | O19: =N19/M19 -> 171.11111 | P19: =M19-J19 -> 0 | Q19: =O19-L19 -> -16.388889 | R19: =O19/L19 -> 0.91259259 | T19: 0.54166667 | U19: 0.59166667 | V19: =(T19-U18)*24*60 -> 94 | W19: =(U19-T19)*24*60 -> 72 | AF19: =N19-K19 -> -196.66667 | AG19: =N19/K19 -> 0.91259259
W20: =(U20-T20)*24*60 -> 0
W21: =(U21-T21)*24*60 -> 0
W22: 0
W23: =(U23-T23)*24*60 -> 0
H24: =F24*G24 -> 0 | W24: =(U24-T24)*24*60 -> 0
H25: =F25*G25 -> 0 | W25: =(U25-T25)*24*60 -> 0
C26: 4度二組A | D26: 平均 | J26: =AVERAGE(J16:J25) -> 12.75 | K26: =AVERAGE(K16:K25) -> 2250 | L26: =AVERAGE(L16:L25) -> 177.1978 | M26: =AVERAGE(M16:M25) -> 12.75 | N26: =AVERAGE(N16:N25) -> 2101.121 | O26: =AVERAGE(O16:O25) -> 165.32903 | P26: =M26-J26 -> 0 | Q26: =O26-L26 -> -11.868771 | R26: =O26/L26 -> 0.93301965 | Z26: =SUM(Z16:Z25) -> 0 | AA26: =SUM(AA16:AA25) -> 0 | AD26: =SUM(AD16:AD25) -> 0 | AE26: =SUM(AE16:AE25) -> 0 | AF26: =N26-K26 -> -148.87905 | AG26: =N26/K26 -> 0.93383153
A27: 手工三線 (ET-55) | B27: 義大利麵 | D27: 金沙豆腐義大利麵 | F27: =VLOOKUP(D27,廠價表!$C$1:$E$43,3,0) -> 49.91 | G27: 995 | H27: =F27*G27 -> 49660.45 | J27: =VLOOKUP(D27,產線配置圖!$A$3:$C$40,2,0) -> 18 | K27: =VLOOKUP(D27,產線配置圖!$A$3:$C$40,3,0) -> 2250 | L27: =K27/J27 -> 125 | M27: 17 | N27: =G27/W27*60 -> 1705.7143 | O27: =N27/M27 -> 100.33613 | P27: =M27-J27 -> -1 | Q27: =O27-L27 -> -24.663866 | R27: =O27/L27 -> 0.80268908 | S27: =R37 -> 0.87649447 | T27: 0.29166667 | U27: 0.31597222 | W27: =(U27-T27)*24*60 -> 35 | AF27: =N27-K27 -> -544.28571 | AG27: =N27/K27 -> 0.75809524 | AH27: =AG37 -> 0.84913045
B28: 義大利麵 | D28: 奶油鮮蝦明太子細扁麵 | F28: =VLOOKUP(D28,廠價表!$C$1:$E$43,3,0) -> 57.21 | G28: 1363 | H28: =F28*G28 -> 77977.23 | J28: =VLOOKUP(D28,產線配置圖!$A$3:$C$40,2,0) -> 18 | K28: =VLOOKUP(D28,產線配置圖!$A$3:$C$40,3,0) -> 1636 | L28: =K28/J28 -> 90.888889 | M28: 17 | N28: =G28/W28*60 -> 1319.0323 | O28: =N28/M28 -> 77.590133 | P28: =M28-J28 -> -1 | Q28: =O28-L28 -> -13.298756 | R28: =O28/L28 -> 0.85368117 | T28: 0.32291667 | U28: 0.36597222 | V28: =(T28-U27)*24*60 -> 10 | W28: =(U28-T28)*24*60 -> 62 | AF28: =N28-K28 -> -316.96774 | AG28: =N28/K28 -> 0.80625444
B29: 義大利麵 | D29: 義式蛋蛋青醬鮪魚冷義大利麵 | F29: =VLOOKUP(D29,廠價表!$C$1:$E$43,3,0) -> 45.66 | G29: 1160 | H29: =F29*G29 -> 52965.6 | J29: =VLOOKUP(D29,產線配置圖!$A$3:$C$40,2,0) -> 17 | K29: =VLOOKUP(D29,產線配置圖!$A$3:$C$40,3,0) -> 1636 | L29: =K29/J29 -> 96.235294 | M29: 17 | N29: =G29/W29*60 -> 1513.0435 | O29: =N29/M29 -> 89.002558 | P29: =M29-J29 -> 0 | Q29: =O29-L29 -> -7.2327366 | R29: =O29/L29 -> 0.9248432 | T29: 0.37291667 | U29: 0.40486111 | V29: =(T29-U28)*24*60 -> 10 | W29: =(U29-T29)*24*60 -> 46 | AF29: =N29-K29 -> -122.95652 | AG29: =N29/K29 -> 0.9248432
B30: 義大利麵 | D30: 蕃茄莎莎海鮮冷義大利麵 | F30: =VLOOKUP(D30,廠價表!$C$1:$E$43,3,0) -> 46.34 | G30: 1797 | H30: =F30*G30 -> 83272.98 | J30: =VLOOKUP(D30,產線配置圖!$A$3:$C$40,2,0) -> 16 | K30: =VLOOKUP(D30,產線配置圖!$A$3:$C$40,3,0) -> 1636 | L30: =K30/J30 -> 102.25 | M30: 16 | N30: =G30/W30*60 -> 1540.2857 | O30: =N30/M30 -> 96.267857 | P30: =M30-J30 -> 0 | Q30: =O30-L30 -> -5.9821429 | R30: =O30/L30 -> 0.94149494 | T30: 0.41111111 | U30: 0.45972222 | V30: =(T30-U29)*24*60 -> 9 | W30: =(U30-T30)*24*60 -> 70 | X30: 0.49652778 | Y30: 0.53819444 | AF30: =N30-K30 -> -95.714286 | AG30: =N30/K30 -> 0.94149494
T31: 0.59027778 | U31: 0.59305556 | W31: =(U31-T31)*24*60 -> 4 | AF31: =N31-K31 -> 0 | AG31: =N31/K31 -> #DIV/0!
W32: =(U32-T32)*24*60 -> 0
W33: =(U33-T33)*24*60 -> 0
W34: =(U34-T34)*24*60 -> 0
W35: =(U35-T35)*24*60 -> 0
H36: =F36*G36 -> 0 | W36: =(U36-T36)*24*60 -> 0
C37: 4度二組B | D37: 平均 | J37: =AVERAGE(J27:J36) -> 17.25 | K37: =AVERAGE(K27:K36) -> 1789.5 | L37: =AVERAGE(L27:L36) -> 103.59355 | M37: =AVERAGE(M27:M36) -> 16.75 | N37: =AVERAGE(N27:N36) -> 1519.5189 | O37: =AVERAGE(O27:O36) -> 90.79917 | P37: =M37-J37 -> -0.5 | Q37: =N37-K37 -> -269.98107 | R37: =O37/L37 -> 0.87649447 | Z37: =SUM(Z27:Z36) -> 0 | AA37: =SUM(AA27:AA36) -> 0 | AD37: =SUM(AD27:AD36) -> 0 | AE37: =SUM(AE27:AE36) -> 0 | AF37: =N37-K37 -> -269.98107 | AG37: =N37/K37 -> 0.84913045
A38: 手工四線 (ET-55) | B38: 熱乾麵 | D38: 青花椒麻雞肉拌麵 | F38: =VLOOKUP(D38,廠價表!$C$1:$E$43,3,0) -> 49.91 | G38: 2135 | H38: =F38*G38 -> 106557.85 | J38: =VLOOKUP(D38,產線配置圖!$A$3:$C$40,2,0) -> 16 | K38: =VLOOKUP(D38,產線配置圖!$A$3:$C$40,3,0) -> 1714 | L38: =K38/J38 -> 107.125 | M38: 16 | N38: =G38/W38*60 -> 1377.4194 | O38: =N38/M38 -> 86.08871 | P38: =M38-J38 -> 0 | Q38: =O38-L38 -> -21.03629 | R38: =O38/L38 -> 0.80362856 | S38: =R48 -> 0.8362171 | T38: 0.33541667 | U38: 0.4 | W38: =(U38-T38)*24*60 -> 93 | AF38: =N38-K38 -> -336.58065 | AG38: =N38/K38 -> 0.80362856 | AH38: =AG48 -> 0.80643077
B39: 熱乾麵 | D39: 府城鹽水意麵 | F39: =VLOOKUP(D39,廠價表!$C$1:$E$43,3,0) -> 44.3 | G39: 2447 | H39: =F39*G39 -> 108402.1 | J39: =VLOOKUP(D39,產線配置圖!$A$3:$C$40,2,0) -> 18 | K39: =VLOOKUP(D39,產線配置圖!$A$3:$C$40,3,0) -> 1636 | L39: =K39/J39 -> 90.888889 | M39: 17 | N39: =G39/W39*60 -> 1359.4444 | O39: =N39/M39 -> 79.96732 | P39: =M39-J39 -> -1 | Q39: =O39-L39 -> -10.921569 | R39: =O39/L39 -> 0.87983604 | T39: 0.41458333 | U39: 0.48958333 | V39: =(T39-U38)*24*60 -> 21 | W39: =(U39-T39)*24*60 -> 108 | AF39: =N39-K39 -> -276.55556 | AG39: =N39/K39 -> 0.83095626
B40: 熱乾麵 | D40: 府城鹽水意麵 | F40: =VLOOKUP(D40,廠價表!$C$1:$E$43,3,0) -> 44.3 | G40: 2996 | H40: =F40*G40 -> 132722.8 | J40: =VLOOKUP(D40,產線配置圖!$A$3:$C$40,2,0) -> 18 | K40: =VLOOKUP(D40,產線配置圖!$A$3:$C$40,3,0) -> 1636 | L40: =K40/J40 -> 90.888889 | M40: 17 | N40: =G40/W40*60 -> 1284 | O40: =N40/M40 -> 75.529412 | P40: =M40-J40 -> -1 | Q40: =O40-L40 -> -15.359477 | R40: =O40/L40 -> 0.8310082 | T40: 0.54861111 | U40: 0.64583333 | V40: =(T40-U39)*24*60 -> 85 | W40: =(U40-T40)*24*60 -> 140 | AF40: =N40-K40 -> -352 | AG40: =N40/K40 -> 0.78484108
W41: =(U41-T41)*24*60 -> 0 | AF41: =N41-K41 -> 0 | AG41: =N41/K41 -> #DIV/0!
W42: =(U42-T42)*24*60 -> 0
W43: =(U43-T43)*24*60 -> 0
W44: =(U44-T44)*24*60 -> 0
W45: =(U45-T45)*24*60 -> 0
W46: =(U46-T46)*24*60 -> 0
H47: =F47*G47 -> 0 | W47: =(U47-T47)*24*60 -> 0
C48: 4度二組C1 | D48: 平均 | J48: =AVERAGE(J38:J47) -> 17.333333 | K48: =AVERAGE(K38:K47) -> 1662 | L48: =AVERAGE(L38:L47) -> 96.300926 | M48: =AVERAGE(M38:M47) -> 16.666667 | N48: =AVERAGE(N38:N47) -> 1340.2879 | O48: =AVERAGE(O38:O47) -> 80.528481 | P48: =M48-J48 -> -0.66666667 | Q48: =N48-K48 -> -321.71207 | R48: =O48/L48 -> 0.8362171 | W48: =(U48-T48)*24*60 -> 0 | Z48: =SUM(Z38:Z47) -> 0 | AA48: =SUM(AA38:AA47) -> 0 | AD48: =SUM(AD38:AD47) -> 0 | AE48: =SUM(AE38:AE47) -> 0 | AF48: =N48-K48 -> -321.71207 | AG48: =N48/K48 -> 0.80643077
A49: 手工五線 (ET-55) | B49: 義大利麵 | D49: 黑松露野菇義大利麵 | F49: =VLOOKUP(D49,廠價表!$C$1:$E$43,3,0) -> 50.289 | G49: 2182 | H49: =F49*G49 -> 109730.6 | J49: =VLOOKUP(D49,產線配置圖!$A$3:$C$40,2,0) -> 17 | K49: =VLOOKUP(D49,產線配置圖!$A$3:$C$40,3,0) -> 1636 | L49: =K49/J49 -> 96.235294 | M49: 17 | N49: =G49/W49*60 -> 1423.0435 | O49: =N49/M49 -> 83.70844 | P49: =M49-J49 -> 0 | Q49: =O49-L49 -> -12.526854 | R49: =O49/L49 -> 0.86983098 | S49: =R58 -> 0.86967622 | T49: 0.29166667 | U49: 0.35555556 | W49: =(U49-T49)*24*60 -> 92 | AF49: =N49-K49 -> -212.95652 | AG49: =N49/K49 -> 0.86983098 | AH49: =AG58 -> 0.86967907
B50: 義大利麵 | D50: 焗烤起司雙饗筆尖麵 | F50: =VLOOKUP(D50,廠價表!$C$1:$E$43,3,0) -> 49.97 | G50: 3590 | H50: =F50*G50 -> 179392.3 | J50: =VLOOKUP(D50,產線配置圖!$A$3:$C$40,2,0) -> 16 | K50: =VLOOKUP(D50,產線配置圖!$A$3:$C$40,3,0) -> 1800 | L50: =K50/J50 -> 112.5 | M50: 16 | N50: =G50/W50*60 -> 1572.2628 | O50: =N50/M50 -> 98.266423 | P50: =M50-J50 -> 0 | Q50: =O50-L50 -> -14.233577 | R50: =O50/L50 -> 0.87347932 | T50: 0.36319444 | U50: 0.45833333 | V50: =(T50-U49)*24*60 -> 11 | W50: =(U50-T50)*24*60 -> 137 | AF50: =N50-K50 -> -227.73723 | AG50: =N50/K50 -> 0.87347932
B51: 義大利麵 | D51: 焗烤起司雙饗筆尖麵 | F51: =VLOOKUP(D51,廠價表!$C$1:$E$43,3,0) -> 49.97 | G51: 1870 | H51: =F51*G51 -> 93443.9 | J51: =VLOOKUP(D51,產線配置圖!$A$3:$C$40,2,0) -> 16 | K51: =VLOOKUP(D51,產線配置圖!$A$3:$C$40,3,0) -> 1800 | L51: =K51/J51 -> 112.5 | M51: 16 | N51: =G51/W51*60 -> 1558.3333 | O51: =N51/M51 -> 97.395833 | P51: =M51-J51 -> 0 | Q51: =O51-L51 -> -15.104167 | R51: =O51/L51 -> 0.86574074 | T51: 0.51944444 | U51: 0.56944444 | V51: =(T51-U50)*24*60 -> 88 | W51: =(U51-T51)*24*60 -> 72 | AF51: =N51-K51 -> -241.66667 | AG51: =N51/K51 -> 0.86574074
W52: =(U52-T52)*24*60 -> 0 | X52: 0.47916667 | Y52: 0.52083333 | AF52: =N52-K52 -> 0 | AG52: =N52/K52 -> #DIV/0!
W53: =(U53-T53)*24*60 -> 0 | AF53: =N53-K53 -> 0 | AG53: =N53/K53 -> #DIV/0!
W54: =(U54-T54)*24*60 -> 0
W55: =(U55-T55)*24*60 -> 0
W56: =(U56-T56)*24*60 -> 0
W57: =(U57-T57)*24*60 -> 0
C58: 4度二組C2 | D58: 平均 | J58: =AVERAGE(J49:J57) -> 16.333333 | K58: =AVERAGE(K49:K57) -> 1745.3333 | L58: =AVERAGE(L49:L57) -> 107.07843 | M58: =AVERAGE(M49:M57) -> 16.333333 | N58: =AVERAGE(N49:N57) -> 1517.8799 | O58: =AVERAGE(O49:O57) -> 93.123566 | P58: =M58-J58 -> 0 | Q58: =N58-K58 -> -227.45347 | R58: =O58/L58 -> 0.86967622 | Z58: =SUM(Z49:Z57) -> 0 | AA58: =SUM(AA49:AA57) -> 0 | AD58: =SUM(AD49:AD57) -> 0 | AE58: =SUM(AE49:AE57) -> 0 | AF58: =N58-K58 -> -227.45347 | AG58: =N58/K58 -> 0.86967907
A59: 調理包一線 (八爪機) | B59: 小吃、微波 | D59: 小滷青蔬 | F59: =VLOOKUP(D59,廠價表!$C$1:$E$43,3,0) -> 26.99 | G59: 3083 | H59: =F59*G59 -> 83210.17 | J59: =VLOOKUP(D59,產線配置圖!$A$3:$C$40,2,0) -> 15 | K59: =VLOOKUP(D59,產線配置圖!$A$3:$C$40,3,0) -> 1636 | L59: =K59/J59 -> 109.06667 | M59: 15 | N59: =G59/W59*60 -> 1541.5 | O59: =N59/M59 -> 102.76667 | P59: =M59-J59 -> 0 | Q59: =O59-L59 -> -6.3 | R59: =O59/L59 -> 0.94223716 | S59: =R69 -> 0.8959975 | T59: 0.29166667 | U59: 0.375 | W59: =(U59-T59)*24*60 -> 120 | AF59: =N59-K59 -> -94.5 | AG59: =N59/K59 -> 0.94223716 | AH59: =AG69 -> 0.9001077
B60: 小吃、微波 | D60: 韓式炒冬粉 | F60: =VLOOKUP(D60,廠價表!$C$1:$E$43,3,0) -> 28.26 | G60: 800 | H60: =F60*G60 -> 22608 | J60: =VLOOKUP(D60,產線配置圖!$A$3:$C$40,2,0) -> 11 | K60: =VLOOKUP(D60,產線配置圖!$A$3:$C$40,3,0) -> 1636 | L60: =K60/J60 -> 148.72727 | M60: 11 | N60: =G60/W60*60 -> 1371.4286 | O60: =N60/M60 -> 124.67532 | P60: =M60-J60 -> 0 | Q60: =O60-L60 -> -24.051948 | R60: =O60/L60 -> 0.83828152 | T60: 0.38194444 | U60: 0.40625 | V60: =(T60-U59)*24*60 -> 10 | W60: =(U60-T60)*24*60 -> 35 | AF60: =N60-K60 -> -264.57143 | AG60: =N60/K60 -> 0.83828152
B61: 小吃、微波 | D61: 起司馬鈴薯 | F61: =VLOOKUP(D61,廠價表!$C$1:$E$43,3,0) -> 28.26 | G61: 1254 | H61: =F61*G61 -> 35438.04 | J61: =VLOOKUP(D61,產線配置圖!$A$3:$C$40,2,0) -> 11 | K61: =VLOOKUP(D61,產線配置圖!$A$3:$C$40,3,0) -> 1636 | L61: =K61/J61 -> 148.72727 | M61: 11 | N61: =G61/W61*60 -> 1504.8 | O61: =N61/M61 -> 136.8 | P61: =M61-J61 -> 0 | Q61: =O61-L61 -> -11.927273 | R61: =O61/L61 -> 0.9198044 | T61: 0.41319444 | U61: 0.44791667 | V61: =(T61-U60)*24*60 -> 10 | W61: =(U61-T61)*24*60 -> 50 | AF61: =N61-K61 -> -131.2 | AG61: =N61/K61 -> 0.9198044
W62: =(U62-T62)*24*60 -> 0 | X62: 0.50347222 | Y62: 0.54513889 | AF62: =N62-K62 -> 0 | AG62: =N62/K62 -> #DIV/0!
W63: =(U63-T63)*24*60 -> 0
W64: =(U64-T64)*24*60 -> 0
W65: =(U65-T65)*24*60 -> 0
W66: =(U66-T66)*24*60 -> 0
W67: =(U67-T67)*24*60 -> 0
H68: =F68*G68 -> 0 | W68: =(U68-T68)*24*60 -> 0
C69: 4度三組 | D69: 平均 | J69: =AVERAGE(J59:J68) -> 12.333333 | K69: =AVERAGE(K59:K68) -> 1636 | L69: =AVERAGE(L59:L68) -> 135.50707 | M69: =AVERAGE(M59:M68) -> 12.333333 | N69: =AVERAGE(N59:N68) -> 1472.5762 | O69: =AVERAGE(O59:O68) -> 121.414 | P69: =M69-J69 -> 0 | Q69: =N69-K69 -> -163.42381 | R69: =O69/L69 -> 0.8959975 | Z69: =SUM(Z59:Z68) -> 0 | AA69: =SUM(AA59:AA68) -> 0 | AD69: =SUM(AD59:AD68) -> 0 | AE69: =SUM(AE59:AE68) -> 0 | AF69: =N69-K69 -> -163.42381 | AG69: =N69/K69 -> 0.9001077
A70: 調理包二線 (手工) | B70: 義大利麵 | D70: 番茄蘑菇義大利麵 | F70: =VLOOKUP(D70,廠價表!$C$1:$E$43,3,0) -> 43.89 | G70: 1154 | H70: =F70*G70 -> 50649.06 | J70: =VLOOKUP(D70,產線配置圖!$A$3:$C$40,2,0) -> 13 | K70: =VLOOKUP(D70,產線配置圖!$A$3:$C$40,3,0) -> 1565 | L70: =K70/J70 -> 120.38462 | M70: 7 | N70: =G70/W70*60 -> 786.81818 | O70: =N70/M70 -> 112.4026 | P70: =M70-J70 -> -6 | Q70: =O70-L70 -> -7.982018 | R70: =O70/L70 -> 0.9336957 | S70: =R79 -> 0.93308821 | T70: 0.29305556 | U70: 0.35416667 | W70: =(U70-T70)*24*60 -> 88 | AF70: =N70-K70 -> -778.18182 | AG70: =N70/K70 -> 0.50275922 | AH70: =AG79 -> 0.59245187
B71: 小吃、微波 | D71: 麻辣雞心 | F71: =VLOOKUP(D71,廠價表!$C$1:$E$43,3,0) -> 28.26 | G71: 2922 | H71: =F71*G71 -> 82575.72 | J71: =VLOOKUP(D71,產線配置圖!$A$3:$C$40,2,0) -> 11 | K71: =VLOOKUP(D71,產線配置圖!$A$3:$C$40,3,0) -> 1636 | L71: =K71/J71 -> 148.72727 | M71: 8 | N71: =G71/W71*60 -> 1109.6203 | O71: =N71/M71 -> 138.70253 | P71: =M71-J71 -> -3 | Q71: =O71-L71 -> -10.024741 | R71: =O71/L71 -> 0.93259648 | T71: 0.38333333 | U71: 0.49305556 | V71: =(T71-U70)*24*60 -> 42 | W71: =(U71-T71)*24*60 -> 158 | AB71: 8:40-9:02製作醬杯 | AF71: -300.3125 | AG71: 0.80810703
W72: =(U72-T72)*24*60 -> 0 | AF72: -130.33333 | AG72: 0.91671991
W73: =(U73-T73)*24*60 -> 0
W74: =(U74-T74)*24*60 -> 0
W75: =(U75-T75)*24*60 -> 0
W76: =(U76-T76)*24*60 -> 0
W77: =(U77-T77)*24*60 -> 0
H78: =F78*G78 -> 0 | W78: =(U78-T78)*24*60 -> 0
C79: 4度四組 | D79: 平均 | J79: =AVERAGE(J70:J78) -> 12 | K79: =AVERAGE(K70:K78) -> 1600.5 | L79: =AVERAGE(L70:L78) -> 134.55594 | M79: =AVERAGE(M70:M78) -> 7.5 | N79: =AVERAGE(N70:N78) -> 948.21922 | O79: =AVERAGE(O70:O78) -> 125.55256 | P79: =M79-J79 -> -4.5 | Q79: =N79-K79 -> -652.28078 | R79: =O79/L79 -> 0.93308821 | Z79: =SUM(Z70:Z78) -> 0 | AA79: =SUM(AA70:AA78) -> 0 | AD79: =SUM(AD70:AD78) -> 0 | AE79: =SUM(AE70:AE78) -> 0 | AF79: =N79-K79 -> -652.28078 | AG79: =N79/K79 -> 0.59245187
AJ80: 1.當日出勤人數較多
AJ81: 2.當日出勤人數較少
AJ82: 3.當日出勤熟手較少
AJ83: 4.當日出勤新人較多
AJ84: 5.機台夾盒
AJ85: 6.封膜不順
AJ86: 7.更換膠膜
AJ87: 8.更換碳帶
AJ88: 9.當日熱轉印碳帶異常
AJ89: 10.訂單量過少
AJ90: 11.新品上市，尚未熟悉
AJ91: 12.商品結構，產能較低
AJ92: 13.區域出貨，分段生產

Sheet 0903總
B1: 長家廠組合室生產人時性分析
B3: 日期 | D3: 46268 | F3: 訂單量 | G3: ='0903'!E1 -> 44607 | I3: 營業額 | J3: ='0903'!G1 -> 2072932.1
B4: 項目 | D4: 3 | F4: ➀ | H4: ➁ | J4: ③ | L4: 異常停線 | N4: 短暫停線
B5: 人時性 | D5: 組合室 | F5: 全溫層 | H5: 義大利麵 | J5: 袋裝小吃、義麵 | L5: 合計次數 | M5: 時間 | N5: 合計次數 | O5: 設備次數
D6: 排關平均 | F6: =AVERAGE(D13:I13) -> 127.40298 | H6: =AVERAGE(D13:H13) -> 124.72455 | J6: =AVERAGE(I13) -> 140.79515 | L6: ='0903'!Z2 -> 4 | M6: ='0903'!AA2 -> 50 | N6: ='0903'!AD2 -> 0 | O6: ='0903'!AE2 -> 0
D7: 實績平均 | F7: =AVERAGE(D14:I14) -> 110.15841 | H7: =AVERAGE(D14:H14) -> 107.04519 | J7: =AVERAGE(I14) -> 125.72454
D8: 達成率平均 | F8: =AVERAGE(D15:I15) -> 0.86735403 | H8: =AVERAGE(D15:H15) -> 0.86223269 | J8: =AVERAGE(I15) -> 0.89296073
J9: ※現行日本鮮食廠以達成率80%為基本(即為現行KPI)
B10: 溫層 | D10: 4度C-各編組展開
B11: 編組 | D11: 1 | E11: 2 | F11: 3 | G11: 4 | H11: 5 | I11: 6 | J11: 7
D12: 自動1線 | E12: 自動2線 | F12: 手工3線 | G12: 手工4線 | H12: 手工5線 | I12: 調理包1線 | J12: 調理包2線
B13: 人時性 | C13: 排關 | D13: =VALUE('0903'!L15) -> 149.22173 | E13: =VALUE('0903'!L26) -> 174.10714 | F13: =VALUE('0903'!L37) -> 96.919281 | G13: =VALUE('0903'!L48) -> 99.006944 | H13: =VALUE('0903'!L58) -> 104.36765 | I13: =VALUE('0903'!L69) -> 140.79515 | J13: ='0903'!L79 -> 0
C14: 實績 | D14: =VALUE('0903'!O15) -> 120.37079 | E14: =VALUE('0903'!O26) -> 150.4186 | F14: =VALUE('0903'!O37) -> 86.67939 | G14: =VALUE('0903'!O48) -> 82.952186 | H14: =VALUE('0903'!O58) -> 94.804983 | I14: =VALUE('0903'!O69) -> 125.72454 | J14: ='0903'!O79 -> 0
C15: 達成率 | D15: =D14/D13 -> 0.8066572 | E15: =E14/E13 -> 0.86394274 | F15: =F14/F13 -> 0.89434619 | G15: =G14/G13 -> 0.8378421 | H15: =H14/H13 -> 0.90837521 | I15: =I14/I13 -> 0.89296073 | J15: ='0903'!S70 -> 0
B16: 作業 時間 | C16: 開始 | D16: ='0903'!T5 -> 0.30555556 | E16: ='0903'!T16 -> 0.29861111 | F16: ='0903'!T27 -> 0.29166667 | G16: ='0903'!T38 -> 0.33333333 | H16: ='0903'!T49 -> 0.29166667 | I16: ='0903'!T59 -> 0.29166667 | J16: ='0903'!T70 -> 0
C17: 結束 | D17: 0.6125 | E17: 0.61111111 | F17: 0.5 | G17: 0.49583333 | H17: 0.45486111 | I17: 0.59861111 | J17: ='0903'!T71 -> 0
B18: 產線異常 (5分鐘以上) | C18: 次數 | D18: ='0903'!Z15 -> 2 | E18: ='0903'!Z26 -> 2 | F18: ='0903'!Z37 -> 0 | G18: ='0903'!Z48 -> 0 | H18: ='0903'!Z58 -> 0 | I18: ='0903'!Z69 -> 0 | J18: ='0903'!AA79 -> 0
C19: 時間/分 | D19: ='0903'!AA15 -> 25 | E19: ='0903'!AA26 -> 25 | F19: ='0903'!AA37 -> 0 | G19: ='0903'!AA48 -> 0 | H19: ='0903'!AA58 -> 0 | I19: ='0903'!AA69 -> 0 | J19: ='0903'!AB79 -> 0
B20: 短暫停線 (5分鐘以下) | C20: 次數 | D20: ='0903'!AD15 -> 0 | E20: ='0903'!AD26 -> 0 | F20: ='0903'!AD37 -> 0 | G20: ='0903'!AD48 -> 0 | H20: ='0903'!AD58 -> 0 | I20: ='0903'!AD69 -> 0 | J20: ='0903'!AD79 -> 0
C21: 設備次數 | D21: ='0903'!AE15 -> 0 | E21: ='0903'!AE26 -> 0 | F21: ='0903'!AE37 -> 0 | G21: ='0903'!AE48 -> 0 | H21: ='0903'!AE58 -> 0 | I21: ='0903'!AE69 -> 0 | J21: ='0903'!AE79 -> 0
B22: 配置人數 | D22: =VALUE('0903'!M15) -> 14.6 | E22: =VALUE('0903'!M26) -> 13 | F22: =VALUE('0903'!M37) -> 16.4 | G22: =VALUE('0903'!M48) -> 16.5 | H22: =VALUE('0903'!M58) -> 16.5 | I22: =VALUE('0903'!M69) -> 11.8 | J22: ='0903'!M79 -> 0
B23: 主要應用設備 | D23: ET-600 | E23: ET-600 | F23: ET-55 | G23: ET-55 | H23: ET-55 | I23: 八爪機
B24: 次要應用設備 | H24: 封口機
B25: 備註

Sheet 0903
A1: 長家廠4度C日報分析 | D1: 總生產量 | E1: =SUM(G5:G79) -> 44607 | F1: 營業額 | G1: =SUM(H5:H79) -> 2072932.1 | H1: 出勤人數 | I1: =M15+M26+M48+M58+M69+M79+M37 -> 88.8 | J1: 產線配置圖 | M1: 生產實績 | P1: 人時性差異分析 | T1: 日報登錄 | Z1: 合計 次數 | AA1: 合計 時間/分 | AB1: 分析說明 | AD1: 合計 次數 | AE1: 合計 設備次數 | AF1: 產能差異分析
A2: 9月3日 星期四 | D2: 人時性 | E2: =AVERAGE(O15,O26,O37,O48,O58,O69,O79) -> 110.15841 | F2: 平均廠價 | G2: =G1/E1 -> 46.471006 | H2: 多次生產數 | I2: =COUNT(I5:I79) -> 0 | Z2: =Z15+Z26+Z37+Z48+Z58+Z69+Z79 -> 4 | AA2: =AA15+AA26+AA37+AA48+AA58+AA69+AA79 -> 50 | AD2: =AD15+AD26+AD37+AD48+AD58+AD69+AD79 -> 0 | AE2: =AE15+AE26+AE37+AE48+AE58+AE69+AE79 -> 0
A3: 線別 | B3: 品類 | D3: 品名 | F3: 廠價 | G3: 生產量 | H3: 營收 | I3: 多次 生產 | J3: 人數 | K3: 產能/時 | L3: 人時性 | M3: 人數 | N3: 產能/時 | O3: 人時性 | P3: 人數 | Q3: 人時性 | R3: 達成率 | S3: 達成率平均 | T3: 生產時間 | V3: 前置、換線時間/分 | W3: 稼動時間/分 | X3: 休息時間 | Z3: 產線異常統計 (5分鐘以上) | AD3: 短暫停線統計 (5分鐘以下) | AF3: 產能/時 | AG3: 達成率 | AH3: 達成率平均
T4: 開始 | U4: 結束 | X4: 開始 | Y4: 結束 | Z4: 次數 | AA4: 時間/分 | AD4: 總次數 | AE4: 設備因素(次數)
A5: 自動一線 (ET-600) | B5: 義大利麵 | D5: 白酒清炒鮮蛤義大利麵 | F5: =VLOOKUP(D5,廠價表!$C$1:$E$43,3,0) -> 56.87 | G5: 1905 | H5: =F5*G5 -> 108337.35 | J5: =VLOOKUP(D5,產線配置圖!$A$3:$C$40,2,0) -> 14 | K5: =VLOOKUP(D5,產線配置圖!$A$3:$C$40,3,0) -> 2250 | L5: =K5/J5 -> 160.71429 | M5: 14 | N5: =G5/W5*60 -> 1465.3846 | O5: =N5/M5 -> 104.67033 | P5: =M5-J5 -> 0 | Q5: =O5-L5 -> -56.043956 | R5: =O5/L5 -> 0.65128205 | S5: =R15 -> 0.8066572 | T5: 0.30555556 | U5: 0.35972222 | W5: =(U5-T5)*24*60 -> 78 | Z5: 2 | AA5: 25 | AB5: 7:00-7:20、7:58-8:03玉取機異常 | AF5: =N5-K5 -> -784.61538 | AG5: =N5/K5 -> 0.65128205 | AH5: =AG15 -> 0.80665064
B6: 義大利麵 | D6: 香煎魚排佐檸檬奶油義大利麵 | F6: =VLOOKUP(D6,廠價表!$C$1:$E$43,3,0) -> 58.17 | G6: 2280 | H6: =F6*G6 -> 132627.6 | J6: =VLOOKUP(D6,產線配置圖!$A$3:$C$40,2,0) -> 13 | K6: =VLOOKUP(D6,產線配置圖!$A$3:$C$40,3,0) -> 2250 | L6: =K6/J6 -> 173.07692 | M6: 13 | N6: =G6/W6*60 -> 1824 | O6: =N6/M6 -> 140.30769 | P6: =M6-J6 -> 0 | Q6: =O6-L6 -> -32.769231 | R6: =O6/L6 -> 0.81066667 | T6: 0.36805556 | U6: 0.42013889 | V6: =(T6-U5)*24*60 -> 12 | W6: =(U6-T6)*24*60 -> 75 | AF6: =N6-K6 -> -426 | AG6: =N6/K6 -> 0.81066667
B7: 義大利麵 | D7: 奶油培根義大利麵 | F7: =VLOOKUP(D7,廠價表!$C$1:$E$43,3,0) -> 49.14 | G7: 2476 | H7: =F7*G7 -> 121670.64 | J7: =VLOOKUP(D7,產線配置圖!$A$3:$C$40,2,0) -> 14 | K7: =VLOOKUP(D7,產線配置圖!$A$3:$C$40,3,0) -> 2250 | L7: =K7/J7 -> 160.71429 | M7: 14 | N7: =G7/W7*60 -> 2122.2857 | O7: =N7/M7 -> 151.59184 | P7: =M7-J7 -> 0 | Q7: =O7-L7 -> -9.122449 | R7: =O7/L7 -> 0.9432381 | T7: 0.42847222 | U7: 0.47708333 | V7: =(T7-U6)*24*60 -> 12 | W7: =(U7-T7)*24*60 -> 70 | AF7: =N7-K7 -> -127.71429 | AG7: =N7/K7 -> 0.9432381
B8: 義大利麵 | D8: 奶油培根義大利麵 | F8: =VLOOKUP(D8,廠價表!$C$1:$E$43,3,0) -> 49.14 | G8: 1261 | H8: =F8*G8 -> 61965.54 | J8: =VLOOKUP(D8,產線配置圖!$A$3:$C$40,2,0) -> 14 | K8: =VLOOKUP(D8,產線配置圖!$A$3:$C$40,3,0) -> 2250 | L8: =K8/J8 -> 160.71429 | M8: 14 | N8: =G8/W8*60 -> 1845.3659 | O8: =N8/M8 -> 131.81185 | P8: =M8-J8 -> 0 | Q8: =O8-L8 -> -28.902439 | R8: =O8/L8 -> 0.8201626 | T8: 0.54375 | U8: 0.57222222 | V8: =(T8-U7)*24*60 -> 96 | W8: =(U8-T8)*24*60 -> 41 | AF8: =N8-K8 -> -404.63415 | AG8: =N8/K8 -> 0.8201626
B9: 熱乾麵 | D9: 府城鹽水意麵 | F9: =VLOOKUP(D9,廠價表!$C$1:$E$43,3,0) -> 44.3 | G9: 1058 | H9: =F9*G9 -> 46869.4 | J9: =VLOOKUP(D9,產線配置圖!$A$3:$C$40,2,0) -> 18 | K9: =VLOOKUP(D9,產線配置圖!$A$3:$C$40,3,0) -> 1636 | L9: =K9/J9 -> 90.888889 | M9: 18 | N9: =G9/W9*60 -> 1322.5 | O9: =N9/M9 -> 73.472222 | P9: =M9-J9 -> 0 | Q9: =O9-L9 -> -17.416667 | R9: =O9/L9 -> 0.80837408 | T9: 0.57916667 | U9: 0.6125 | V9: =(T9-U8)*24*60 -> 10 | W9: =(U9-T9)*24*60 -> 48 | AF9: =N9-K9 -> -313.5 | AG9: =N9/K9 -> 0.80837408
W10: =(U10-T10)*24*60 -> 0 | AF10: =N10-K10 -> 0 | AG10: =N10/K10 -> #DIV/0!
W11: =(U11-T11)*24*60 -> 0 | AF11: =N11-K11 -> 0 | AG11: =N11/K11 -> #DIV/0!
W12: =(U12-T12)*24*60 -> 0
W13: =(U13-T13)*24*60 -> 0
W14: =(U14-T14)*24*60 -> 0
C15: 4度一組 | D15: 平均 | J15: =AVERAGE(J5:J14) -> 14.6 | K15: =AVERAGE(K5:K14) -> 2127.2 | L15: =AVERAGE(L5:L14) -> 149.22173 | M15: =AVERAGE(M5:M14) -> 14.6 | N15: =AVERAGE(N5:N14) -> 1715.9072 | O15: =AVERAGE(O5:O14) -> 120.37079 | P15: =M15-J15 -> 0 | Q15: =O15-L15 -> -28.850948 | R15: =O15/L15 -> 0.8066572 | Z15: =SUM(Z5:Z14) -> 2 | AA15: =SUM(AA5:AA14) -> 25 | AD15: =SUM(AD5:AD14) -> 0 | AE15: =SUM(AE5:AE14) -> 0 | AF15: =N15-K15 -> -411.29276 | AG15: =N15/K15 -> 0.80665064
A16: 自動二線 (ET-600) | B16: 義大利麵 | D16: 白酒清炒鮮蛤義大利麵 | F16: =VLOOKUP(D16,廠價表!$C$1:$E$43,3,0) -> 56.87 | G16: 2003 | H16: =F16*G16 -> 113910.61 | J16: =VLOOKUP(D16,產線配置圖!$A$3:$C$40,2,0) -> 14 | K16: =VLOOKUP(D16,產線配置圖!$A$3:$C$40,3,0) -> 2250 | L16: =K16/J16 -> 160.71429 | M16: 14 | N16: =G16/W16*60 -> 1465.6098 | O16: =N16/M16 -> 104.68641 | P16: =M16-J16 -> 0 | Q16: =O16-L16 -> -56.027875 | R16: =O16/L16 -> 0.65138211 | S16: =R26 -> 0.86394274 | T16: 0.29861111 | U16: 0.35555556 | W16: =(U16-T16)*24*60 -> 82 | Z16: 2 | AA16: 25 | AB16: 7:00-7:20、7:58-8:03玉取機異常 | AF16: =N16-K16 -> -784.39024 | AG16: =N16/K16 -> 0.65138211 | AH16: =AG26 -> 0.86022064
B17: 義大利麵 | D17: 青醬蛤蜊義大利麵 | F17: =VLOOKUP(D17,廠價表!$C$1:$E$43,3,0) -> 50.67 | G17: 3245 | H17: =F17*G17 -> 164424.15 | J17: 14 | K17: =VLOOKUP(D17,產線配置圖!$A$3:$C$40,3,0) -> 2250 | L17: =K17/J17 -> 160.71429 | M17: 14 | N17: =G17/W17*60 -> 2187.6404 | O17: =N17/M17 -> 156.26003 | P17: =M17-J17 -> 0 | Q17: =O17-L17 -> -4.4542536 | R17: =O17/L17 -> 0.97228464 | T17: 0.36388889 | U17: 0.42569444 | V17: =(T17-U16)*24*60 -> 12 | W17: =(U17-T17)*24*60 -> 89 | AB17: 秤蛤蠣+1人 | AF17: =N17-K17 -> -62.359551 | AG17: =N17/K17 -> 0.97228464
B18: 義大利麵 | D18: 義式蕃茄起司義大利麵 | F18: =VLOOKUP(D18,廠價表!$C$1:$E$43,3,0) -> 50.39 | G18: 2014 | H18: =F18*G18 -> 101485.46 | J18: =VLOOKUP(D18,產線配置圖!$A$3:$C$40,2,0) -> 12 | K18: =VLOOKUP(D18,產線配置圖!$A$3:$C$40,3,0) -> 2250 | L18: =K18/J18 -> 187.5 | M18: 12 | N18: =G18/W18*60 -> 2048.1356 | O18: =N18/M18 -> 170.67797 | P18: =M18-J18 -> 0 | Q18: =O18-L18 -> -16.822034 | R18: =O18/L18 -> 0.91028249 | T18: 0.43611111 | U18: 0.47708333 | V18: =(T18-U17)*24*60 -> 15 | W18: =(U18-T18)*24*60 -> 59 | AF18: =N18-K18 -> -201.86441 | AG18: =N18/K18 -> 0.91028249
B19: 義大利麵 | D19: 義式蕃茄起司義大利麵 | F19: =VLOOKUP(D19,廠價表!$C$1:$E$43,3,0) -> 50.39 | G19: 3401 | H19: =F19*G19 -> 171376.39 | J19: =VLOOKUP(D19,產線配置圖!$A$3:$C$40,2,0) -> 12 | K19: =VLOOKUP(D19,產線配置圖!$A$3:$C$40,3,0) -> 2250 | L19: =K19/J19 -> 187.5 | M19: 12 | N19: =G19/W19*60 -> 2040.6 | O19: =N19/M19 -> 170.05 | P19: =M19-J19 -> 0 | Q19: =O19-L19 -> -17.45 | R19: =O19/L19 -> 0.90693333 | T19: 0.54166667 | U19: 0.61111111 | V19: =(T19-U18)*24*60 -> 93 | W19: =(U19-T19)*24*60 -> 100 | AF19: =N19-K19 -> -209.4 | AG19: =N19/K19 -> 0.90693333
W20: =(U20-T20)*24*60 -> 0
W21: =(U21-T21)*24*60 -> 0
W22: 0
W23: =(U23-T23)*24*60 -> 0
W24: =(U24-T24)*24*60 -> 0
H25: =F25*G25 -> 0 | W25: =(U25-T25)*24*60 -> 0
C26: 4度二組A | D26: 平均 | J26: =AVERAGE(J16:J25) -> 13 | K26: =AVERAGE(K16:K25) -> 2250 | L26: =AVERAGE(L16:L25) -> 174.10714 | M26: =AVERAGE(M16:M25) -> 13 | N26: =AVERAGE(N16:N25) -> 1935.4964 | O26: =AVERAGE(O16:O25) -> 150.4186 | P26: =M26-J26 -> 0 | Q26: =O26-L26 -> -23.688541 | R26: =O26/L26 -> 0.86394274 | Z26: =SUM(Z16:Z25) -> 2 | AA26: =SUM(AA16:AA25) -> 25 | AD26: =SUM(AD16:AD25) -> 0 | AE26: =SUM(AE16:AE25) -> 0 | AF26: =N26-K26 -> -314.50355 | AG26: =N26/K26 -> 0.86022064
A27: 手工三線 (ET-55) | B27: 義大利麵 | D27: 金沙豆腐義大利麵 | F27: =VLOOKUP(D27,廠價表!$C$1:$E$43,3,0) -> 49.91 | G27: 1004 | H27: =F27*G27 -> 50109.64 | J27: =VLOOKUP(D27,產線配置圖!$A$3:$C$40,2,0) -> 18 | K27: 1636 | L27: =K27/J27 -> 90.888889 | M27: 17 | N27: =G27/W27*60 -> 1434.2857 | O27: =N27/M27 -> 84.369748 | P27: =M27-J27 -> -1 | Q27: =O27-L27 -> -6.519141 | R27: =O27/L27 -> 0.92827351 | S27: =R37 -> 0.89434619 | T27: 0.29166667 | U27: 0.32083333 | W27: =(U27-T27)*24*60 -> 42 | AF27: =N27-K27 -> -201.71429 | AG27: =N27/K27 -> 0.87670276 | AH27: =AG37 -> 0.87414001
B28: 義大利麵 | D28: 奶油鮮蝦明太子細扁麵 | F28: =VLOOKUP(D28,廠價表!$C$1:$E$43,3,0) -> 57.21 | G28: 1320 | H28: =F28*G28 -> 75517.2 | J28: =VLOOKUP(D28,產線配置圖!$A$3:$C$40,2,0) -> 18 | K28: =VLOOKUP(D28,產線配置圖!$A$3:$C$40,3,0) -> 1636 | L28: =K28/J28 -> 90.888889 | M28: 17 | N28: =G28/W28*60 -> 1365.5172 | O28: =N28/M28 -> 80.324544 | P28: =M28-J28 -> -1 | Q28: =O28-L28 -> -10.564345 | R28: =O28/L28 -> 0.88376637 | T28: 0.32777778 | U28: 0.36805556 | V28: =(T28-U27)*24*60 -> 10 | W28: =(U28-T28)*24*60 -> 58 | AF28: =N28-K28 -> -270.48276 | AG28: =N28/K28 -> 0.83466824
B29: 義大利麵 | D29: 義式蛋蛋青醬鮪魚冷義大利麵 | F29: =VLOOKUP(D29,廠價表!$C$1:$E$43,3,0) -> 45.66 | G29: 1204 | H29: =F29*G29 -> 54974.64 | J29: =VLOOKUP(D29,產線配置圖!$A$3:$C$40,2,0) -> 17 | K29: =VLOOKUP(D29,產線配置圖!$A$3:$C$40,3,0) -> 1636 | L29: =K29/J29 -> 96.235294 | M29: 17 | N29: =G29/W29*60 -> 1389.2308 | O29: =N29/M29 -> 81.719457 | P29: =M29-J29 -> 0 | Q29: =O29-L29 -> -14.515837 | R29: =O29/L29 -> 0.84916306 | T29: 0.37361111 | U29: 0.40972222 | V29: =(T29-U28)*24*60 -> 8 | W29: =(U29-T29)*24*60 -> 52 | AF29: =N29-K29 -> -246.76923 | AG29: =N29/K29 -> 0.84916306
B30: 義大利麵 | D30: 番茄蘑菇義大利麵 | F30: =VLOOKUP(D30,廠價表!$C$1:$E$43,3,0) -> 43.89 | G30: 1016 | H30: =F30*G30 -> 44592.24 | J30: 15 | K30: =VLOOKUP(D30,產線配置圖!$A$3:$C$40,3,0) -> 1565 | L30: =K30/J30 -> 104.33333 | M30: 15 | N30: =G30/W30*60 -> 1385.4545 | O30: =N30/M30 -> 92.363636 | P30: =M30-J30 -> 0 | Q30: =O30-L30 -> -11.969697 | R30: =O30/L30 -> 0.88527447 | T30: 0.41597222 | U30: 0.44652778 | V30: =(T30-U29)*24*60 -> 9 | W30: =(U30-T30)*24*60 -> 44 | AF30: =N30-K30 -> -179.54545 | AG30: =N30/K30 -> 0.88527447
B31: 義大利麵 | D31: 蕃茄莎莎海鮮冷義大利麵 | F31: =VLOOKUP(D31,廠價表!$C$1:$E$43,3,0) -> 46.34 | G31: 1741 | H31: =F31*G31 -> 80677.94 | J31: =VLOOKUP(D31,產線配置圖!$A$3:$C$40,2,0) -> 16 | K31: =VLOOKUP(D31,產線配置圖!$A$3:$C$40,3,0) -> 1636 | L31: =K31/J31 -> 102.25 | M31: 16 | N31: =G31/W31*60 -> 1513.913 | O31: =N31/M31 -> 94.619565 | P31: =M31-J31 -> 0 | Q31: =O31-L31 -> -7.6304348 | R31: =O31/L31 -> 0.92537472 | T31: 0.45208333 | U31: 0.5 | V31: =(T31-U30)*24*60 -> 8 | W31: =(U31-T31)*24*60 -> 69 | AF31: =N31-K31 -> -122.08696 | AG31: =N31/K31 -> 0.92537472
W32: =(U32-T32)*24*60 -> 0
W33: =(U33-T33)*24*60 -> 0
W34: =(U34-T34)*24*60 -> 0
W35: =(U35-T35)*24*60 -> 0
H36: =F36*G36 -> 0 | W36: =(U36-T36)*24*60 -> 0
C37: 4度二組B | D37: 平均 | J37: =AVERAGE(J27:J36) -> 16.8 | K37: =AVERAGE(K27:K36) -> 1621.8 | L37: =AVERAGE(L27:L36) -> 96.919281 | M37: =AVERAGE(M27:M36) -> 16.4 | N37: =AVERAGE(N27:N36) -> 1417.6803 | O37: =AVERAGE(O27:O36) -> 86.67939 | P37: =M37-J37 -> -0.4 | Q37: =N37-K37 -> -204.11974 | R37: =O37/L37 -> 0.89434619 | Z37: =SUM(Z27:Z36) -> 0 | AA37: =SUM(AA27:AA36) -> 0 | AD37: =SUM(AD27:AD36) -> 0 | AE37: =SUM(AE27:AE36) -> 0 | AF37: =N37-K37 -> -204.11974 | AG37: =N37/K37 -> 0.87414001
A38: 手工四線 (ET-55) | B38: 熱乾麵 | D38: 青花椒麻雞肉拌麵 | F38: =VLOOKUP(D38,廠價表!$C$1:$E$43,3,0) -> 49.91 | G38: 2204 | H38: =F38*G38 -> 110001.64 | J38: =VLOOKUP(D38,產線配置圖!$A$3:$C$40,2,0) -> 16 | K38: =VLOOKUP(D38,產線配置圖!$A$3:$C$40,3,0) -> 1714 | L38: =K38/J38 -> 107.125 | M38: 15 | N38: =G38/W38*60 -> 1377.5 | O38: =N38/M38 -> 91.833333 | P38: =M38-J38 -> -1 | Q38: =O38-L38 -> -15.291667 | R38: =O38/L38 -> 0.85725399 | S38: =R48 -> 0.8378421 | T38: 0.33333333 | U38: 0.4 | W38: =(U38-T38)*24*60 -> 96 | AF38: =N38-K38 -> -336.5 | AG38: =N38/K38 -> 0.80367561 | AH38: =AG48 -> 0.80918767
B39: 熱乾麵 | D39: 府城鹽水意麵 | F39: =VLOOKUP(D39,廠價表!$C$1:$E$43,3,0) -> 44.3 | G39: 2711 | H39: =F39*G39 -> 120097.3 | J39: =VLOOKUP(D39,產線配置圖!$A$3:$C$40,2,0) -> 18 | K39: =VLOOKUP(D39,產線配置圖!$A$3:$C$40,3,0) -> 1636 | L39: =K39/J39 -> 90.888889 | M39: 18 | N39: =G39/W39*60 -> 1333.2787 | O39: =N39/M39 -> 74.071038 | P39: =M39-J39 -> 0 | Q39: =O39-L39 -> -16.817851 | R39: =O39/L39 -> 0.81496252 | T39: 0.41111111 | U39: 0.49583333 | V39: =(T39-U38)*24*60 -> 16 | W39: =(U39-T39)*24*60 -> 122 | AF39: =N39-K39 -> -302.72131 | AG39: =N39/K39 -> 0.81496252
W40: =(U40-T40)*24*60 -> 0 | AF40: =N40-K40 -> 0 | AG40: =N40/K40 -> #DIV/0!
W41: =(U41-T41)*24*60 -> 0 | AF41: =N41-K41 -> 0 | AG41: =N41/K41 -> #DIV/0!
W42: =(U42-T42)*24*60 -> 0
W43: =(U43-T43)*24*60 -> 0
W44: =(U44-T44)*24*60 -> 0
W45: =(U45-T45)*24*60 -> 0
W46: =(U46-T46)*24*60 -> 0
H47: =F47*G47 -> 0 | W47: =(U47-T47)*24*60 -> 0
C48: 4度二組C1 | D48: 平均 | J48: =AVERAGE(J38:J47) -> 17 | K48: =AVERAGE(K38:K47) -> 1675 | L48: =AVERAGE(L38:L47) -> 99.006944 | M48: =AVERAGE(M38:M47) -> 16.5 | N48: =AVERAGE(N38:N47) -> 1355.3893 | O48: =AVERAGE(O38:O47) -> 82.952186 | P48: =M48-J48 -> -0.5 | Q48: =N48-K48 -> -319.61066 | R48: =O48/L48 -> 0.8378421 | W48: =(U48-T48)*24*60 -> 0 | Z48: =SUM(Z38:Z47) -> 0 | AA48: =SUM(AA38:AA47) -> 0 | AD48: =SUM(AD38:AD47) -> 0 | AE48: =SUM(AE38:AE47) -> 0 | AF48: =N48-K48 -> -319.61066 | AG48: =N48/K48 -> 0.80918767
A49: 手工五線 (ET-55) | B49: 義大利麵 | D49: 黑松露野菇義大利麵 | F49: =VLOOKUP(D49,廠價表!$C$1:$E$43,3,0) -> 50.289 | G49: 2125 | H49: =F49*G49 -> 106864.12 | J49: =VLOOKUP(D49,產線配置圖!$A$3:$C$40,2,0) -> 17 | K49: =VLOOKUP(D49,產線配置圖!$A$3:$C$40,3,0) -> 1636 | L49: =K49/J49 -> 96.235294 | M49: 17 | N49: =G49/W49*60 -> 1554.878 | O49: =N49/M49 -> 91.463415 | P49: =M49-J49 -> 0 | Q49: =O49-L49 -> -4.7718795 | R49: =O49/L49 -> 0.95041446 | S49: =R58 -> 0.90837521 | T49: 0.29166667 | U49: 0.34861111 | W49: =(U49-T49)*24*60 -> 82 | AF49: =N49-K49 -> -81.121951 | AG49: =N49/K49 -> 0.95041446 | AH49: =AG58 -> 0.90955264
B50: 義大利麵 | D50: 焗烤起司雙饗筆尖麵 | F50: =VLOOKUP(D50,廠價表!$C$1:$E$43,3,0) -> 49.97 | G50: 3795 | H50: =F50*G50 -> 189636.15 | J50: =VLOOKUP(D50,產線配置圖!$A$3:$C$40,2,0) -> 16 | K50: =VLOOKUP(D50,產線配置圖!$A$3:$C$40,3,0) -> 1800 | L50: =K50/J50 -> 112.5 | M50: 16 | N50: =G50/W50*60 -> 1570.3448 | O50: =N50/M50 -> 98.146552 | P50: =M50-J50 -> 0 | Q50: =O50-L50 -> -14.353448 | R50: =O50/L50 -> 0.87241379 | T50: 0.35416667 | U50: 0.45486111 | V50: =(T50-U49)*24*60 -> 8 | W50: =(U50-T50)*24*60 -> 145 | AF50: =N50-K50 -> -229.65517 | AG50: =N50/K50 -> 0.87241379
W51: =(U51-T51)*24*60 -> 0 | AF51: =N51-K51 -> 0 | AG51: =N51/K51 -> #DIV/0!
W52: =(U52-T52)*24*60 -> 0 | AF52: =N52-K52 -> 0 | AG52: =N52/K52 -> #DIV/0!
W53: =(U53-T53)*24*60 -> 0 | AF53: =N53-K53 -> 0 | AG53: =N53/K53 -> #DIV/0!
W54: =(U54-T54)*24*60 -> 0
W55: =(U55-T55)*24*60 -> 0
W56: =(U56-T56)*24*60 -> 0
W57: =(U57-T57)*24*60 -> 0
C58: 4度二組C2 | D58: 平均 | J58: =AVERAGE(J49:J57) -> 16.5 | K58: =AVERAGE(K49:K57) -> 1718 | L58: =AVERAGE(L49:L57) -> 104.36765 | M58: =AVERAGE(M49:M57) -> 16.5 | N58: =AVERAGE(N49:N57) -> 1562.6114 | O58: =AVERAGE(O49:O57) -> 94.804983 | P58: =M58-J58 -> 0 | Q58: =N58-K58 -> -155.38856 | R58: =O58/L58 -> 0.90837521 | Z58: =SUM(Z49:Z57) -> 0 | AA58: =SUM(AA49:AA57) -> 0 | AD58: =SUM(AD49:AD57) -> 0 | AE58: =SUM(AE49:AE57) -> 0 | AF58: =N58-K58 -> -155.38856 | AG58: =N58/K58 -> 0.90955264
A59: 調理包一線 (八爪機) | B59: 小吃、微波 | D59: 小滷青蔬 | F59: =VLOOKUP(D59,廠價表!$C$1:$E$43,3,0) -> 26.99 | G59: 3053 | H59: =F59*G59 -> 82400.47 | J59: =VLOOKUP(D59,產線配置圖!$A$3:$C$40,2,0) -> 15 | K59: =VLOOKUP(D59,產線配置圖!$A$3:$C$40,3,0) -> 1636 | L59: =K59/J59 -> 109.06667 | M59: 15 | N59: =G59/W59*60 -> 1409.0769 | O59: =N59/M59 -> 93.938462 | P59: =M59-J59 -> 0 | Q59: =O59-L59 -> -15.128205 | R59: =O59/L59 -> 0.86129396 | S59: =R69 -> 0.89296073 | T59: 0.29166667 | U59: 0.38194444 | W59: =(U59-T59)*24*60 -> 130 | AF59: =N59-K59 -> -226.92308 | AG59: =N59/K59 -> 0.86129396 | AH59: =AG69 -> 0.89127184
B60: 小吃、微波 | D60: 起司馬鈴薯 | F60: =VLOOKUP(D60,廠價表!$C$1:$E$43,3,0) -> 28.26 | G60: 1184 | H60: =F60*G60 -> 33459.84 | J60: =VLOOKUP(D60,產線配置圖!$A$3:$C$40,2,0) -> 11 | K60: =VLOOKUP(D60,產線配置圖!$A$3:$C$40,3,0) -> 1636 | L60: =K60/J60 -> 148.72727 | M60: 11 | N60: =G60/W60*60 -> 1511.4894 | O60: =N60/M60 -> 137.40812 | P60: =M60-J60 -> 0 | Q60: =O60-L60 -> -11.319149 | R60: =O60/L60 -> 0.92389325 | T60: 0.38888889 | U60: 0.42152778 | V60: =(T60-U59)*24*60 -> 10 | W60: =(U60-T60)*24*60 -> 47 | AF60: =N60-K60 -> -124.51064 | AG60: =N60/K60 -> 0.92389325
B61: 小吃、微波 | D61: 韓式炒冬粉 | F61: =VLOOKUP(D61,廠價表!$C$1:$E$43,3,0) -> 28.26 | G61: 732 | H61: =F61*G61 -> 20686.32 | J61: =VLOOKUP(D61,產線配置圖!$A$3:$C$40,2,0) -> 11 | K61: =VLOOKUP(D61,產線配置圖!$A$3:$C$40,3,0) -> 1636 | L61: =K61/J61 -> 148.72727 | M61: 11 | N61: =G61/W61*60 -> 1416.7742 | O61: =N61/M61 -> 128.79765 | P61: =M61-J61 -> 0 | Q61: =O61-L61 -> -19.929619 | R61: =O61/L61 -> 0.8659989 | T61: 0.42847222 | U61: 0.45 | V61: =(T61-U60)*24*60 -> 10 | W61: =(U61-T61)*24*60 -> 31 | AF61: =N61-K61 -> -219.22581 | AG61: =N61/K61 -> 0.8659989
B62: 小吃、微波 | D62: 麻辣雞心 | F62: =VLOOKUP(D62,廠價表!$C$1:$E$43,3,0) -> 28.26 | G62: 1388 | H62: =F62*G62 -> 39224.88 | J62: =VLOOKUP(D62,產線配置圖!$A$3:$C$40,2,0) -> 11 | K62: =VLOOKUP(D62,產線配置圖!$A$3:$C$40,3,0) -> 1636 | L62: =K62/J62 -> 148.72727 | M62: 11 | N62: =G62/W62*60 -> 1388 | O62: =N62/M62 -> 126.18182 | P62: =M62-J62 -> 0 | Q62: =O62-L62 -> -22.545455 | R62: =O62/L62 -> 0.84841076 | T62: 0.45833333 | U62: 0.5 | V62: =(T62-U61)*24*60 -> 12 | W62: =(U62-T62)*24*60 -> 60 | AF62: =N62-K62 -> -248 | AG62: =N62/K62 -> 0.84841076
B63: 小吃、微波 | D63: 麻辣雞心 | F63: =VLOOKUP(D63,廠價表!$C$1:$E$43,3,0) -> 28.26 | G63: 1487 | H63: =F63*G63 -> 42022.62 | J63: =VLOOKUP(D63,產線配置圖!$A$3:$C$40,2,0) -> 11 | K63: =VLOOKUP(D63,產線配置圖!$A$3:$C$40,3,0) -> 1636 | L63: =K63/J63 -> 148.72727 | M63: 11 | N63: =G63/W63*60 -> 1565.2632 | O63: =N63/M63 -> 142.29665 | P63: =M63-J63 -> 0 | Q63: =O63-L63 -> -6.430622 | R63: =O63/L63 -> 0.95676232 | T63: 0.55902778 | U63: 0.59861111 | V63: =(T63-U62)*24*60 -> 85 | W63: =(U63-T63)*24*60 -> 57
W64: =(U64-T64)*24*60 -> 0
W65: =(U65-T65)*24*60 -> 0
W66: =(U66-T66)*24*60 -> 0
W67: =(U67-T67)*24*60 -> 0
H68: =F68*G68 -> 0 | W68: =(U68-T68)*24*60 -> 0
C69: 4度三組 | D69: 平均 | J69: =AVERAGE(J59:J68) -> 11.8 | K69: =AVERAGE(K59:K68) -> 1636 | L69: =AVERAGE(L59:L68) -> 140.79515 | M69: =AVERAGE(M59:M68) -> 11.8 | N69: =AVERAGE(N59:N68) -> 1458.1207 | O69: =AVERAGE(O59:O68) -> 125.72454 | P69: =M69-J69 -> 0 | Q69: =N69-K69 -> -177.87927 | R69: =O69/L69 -> 0.89296073 | Z69: =SUM(Z59:Z68) -> 0 | AA69: =SUM(AA59:AA68) -> 0 | AD69: =SUM(AD59:AD68) -> 0 | AE69: =SUM(AE59:AE68) -> 0 | AF69: =N69-K69 -> -177.87927 | AG69: =N69/K69 -> 0.89127184
A70: 調理包二線 (手工) | S70: =R79 -> 0 | W70: =(U70-T70)*24*60 -> 0 | AF70: =N70-K70 -> 0 | AG70: =N70/K70 -> #DIV/0! | AH70: =AG79 -> #DIV/0!
W71: =(U71-T71)*24*60 -> 0 | AF71: -300.3125 | AG71: 0.80810703
W72: =(U72-T72)*24*60 -> 0 | AF72: -130.33333 | AG72: 0.91671991
W73: =(U73-T73)*24*60 -> 0
W74: =(U74-T74)*24*60 -> 0
W75: =(U75-T75)*24*60 -> 0
W76: =(U76-T76)*24*60 -> 0
W77: =(U77-T77)*24*60 -> 0
W78: =(U78-T78)*24*60 -> 0
Z79: =SUM(Z70:Z78) -> 0 | AA79: =SUM(AA70:AA78) -> 0 | AD79: =SUM(AD70:AD78) -> 0 | AE79: =SUM(AE70:AE78) -> 0 | AF79: =N79-K79 -> 0 | AG79: =N79/K79 -> #DIV/0!
AJ80: 1.當日出勤人數較多
AJ81: 2.當日出勤人數較少
AJ82: 3.當日出勤熟手較少
AJ83: 4.當日出勤新人較多
AJ84: 5.機台夾盒
AJ85: 6.封膜不順
AJ86: 7.更換膠膜
AJ87: 8.更換碳帶
AJ88: 9.當日熱轉印碳帶異常
AJ89: 10.訂單量過少
AJ90: 11.新品上市，尚未熟悉
AJ91: 12.商品結構，產能較低
AJ92: 13.區域出貨，分段生產

Sheet 0904總
B1: 長家廠組合室生產人時性分析
B3: 日期 | D3: 46269 | F3: 訂單量 | G3: ='0904'!E1 -> 34349 | I3: 營業額 | J3: ='0904'!G1 -> 1576746.3
B4: 項目 | D4: 3 | F4: ➀ | H4: ➁ | J4: ③ | L4: 異常停線 | N4: 短暫停線
B5: 人時性 | D5: 組合室 | F5: 全溫層 | H5: 義大利麵 | J5: 袋裝小吃、義麵 | L5: 合計次數 | M5: 時間 | N5: 合計次數 | O5: 設備次數
D6: 排關平均 | F6: =AVERAGE(D13:J13) -> 127.4112 | H6: =AVERAGE(D13:H13) -> 125.68509 | J6: =AVERAGE(I13:J13) -> 131.72646 | L6: ='0904'!Z2 -> 0 | M6: ='0904'!AA2 -> 0 | N6: ='0904'!AD2 -> 1 | O6: ='0904'!AE2 -> 1
D7: 實績平均 | F7: =AVERAGE(D14:J14) -> 112.72404 | H7: =AVERAGE(D14:H14) -> 110.15933 | J7: =AVERAGE(I14:J14) -> 119.13582
D8: 達成率平均 | F8: =AVERAGE(D15:J15) -> 0.88406809 | H8: =AVERAGE(D15:H15) -> 0.8762384 | J8: =AVERAGE(I15:J15) -> 0.90364232
J9: ※現行日本鮮食廠以達成率80%為基本(即為現行KPI)
B10: 溫層 | D10: 4度C-各編組展開
B11: 編組 | D11: 1 | E11: 2 | F11: 3 | G11: 4 | H11: 5 | I11: 6 | J11: 7
D12: 自動1線 | E12: 自動2線 | F12: 手工3線 | G12: 手工4線 | H12: 手工5線 | I12: 調理包1線 | J12: 調理包2線
B13: 人時性 | C13: 排關 | D13: =VALUE('0904'!L15) -> 164.83516 | E13: =VALUE('0904'!L26) -> 169.64286 | F13: =VALUE('0904'!L37) -> 95.065768 | G13: =VALUE('0904'!L48) -> 99.006944 | H13: =VALUE('0904'!L58) -> 99.874728 | I13: =VALUE('0904'!L69) -> 128.89697 | J13: ='0904'!L79 -> 134.55594
C14: 實績 | D14: =VALUE('0904'!O15) -> 143.60592 | E14: =VALUE('0904'!O26) -> 149.60031 | F14: =VALUE('0904'!O37) -> 81.274109 | G14: =VALUE('0904'!O48) -> 89.204126 | H14: =VALUE('0904'!O58) -> 87.112201 | I14: =VALUE('0904'!O69) -> 111.82033 | J14: ='0904'!O79 -> 126.4513
C15: 達成率 | D15: =D14/D13 -> 0.87120926 | E15: =E14/E13 -> 0.88185444 | F15: =F14/F13 -> 0.85492507 | G15: =G14/G13 -> 0.90098858 | H15: =H14/H13 -> 0.87221465 | I15: =I14/I13 -> 0.86751717 | J15: ='0904'!S70 -> 0.93976747
B16: 作業 時間 | C16: 開始 | D16: ='0904'!T5 -> 0.29513889 | E16: ='0904'!T16 -> 0.29861111 | F16: ='0904'!T27 -> 0.29513889 | G16: ='0904'!T38 -> 0.33611111 | H16: ='0904'!T49 -> 0.29166667 | I16: ='0904'!T59 -> 0.29166667 | J16: ='0904'!T70 -> 0.29861111
C17: 結束 | D17: 0.44444444 | E17: 0.46805556 | F17: 0.43402778 | G17: 0.47430556 | H17: 0.55555556 | I17: 0.59722222 | J17: 0.45486111
B18: 產線異常 (5分鐘以上) | C18: 次數 | D18: ='0904'!Z15 -> 0 | E18: ='0904'!Z26 -> 0 | F18: ='0904'!Z37 -> 0 | G18: ='0904'!Z48 -> 0 | H18: ='0904'!Z58 -> 0 | I18: ='0904'!Z69 -> 0 | J18: ='0904'!AA79 -> 0
C19: 時間/分 | D19: ='0904'!AA15 -> 0 | E19: ='0904'!AA26 -> 0 | F19: ='0904'!AA37 -> 0 | G19: ='0904'!AA48 -> 0 | H19: ='0904'!AA58 -> 0 | I19: ='0904'!AA69 -> 0 | J19: ='0904'!AB79 -> 0
B20: 短暫停線 (5分鐘以下) | C20: 次數 | D20: ='0904'!AD15 -> 0 | E20: ='0904'!AD26 -> 0 | F20: ='0904'!AD37 -> 1 | G20: ='0904'!AD48 -> 0 | H20: ='0904'!AD58 -> 0 | I20: ='0904'!AD69 -> 0 | J20: ='0904'!AD79 -> 0
C21: 設備次數 | D21: ='0904'!AE15 -> 0 | E21: ='0904'!AE26 -> 0 | F21: ='0904'!AE37 -> 1 | G21: ='0904'!AE48 -> 0 | H21: ='0904'!AE58 -> 0 | I21: ='0904'!AE69 -> 0 | J21: ='0904'!AE79 -> 0
B22: 配置人數 | D22: =VALUE('0904'!M15) -> 13.666667 | E22: =VALUE('0904'!M26) -> 13.333333 | F22: =VALUE('0904'!M37) -> 16 | G22: =VALUE('0904'!M48) -> 15.5 | H22: =VALUE('0904'!M58) -> 16.333333 | I22: =VALUE('0904'!M69) -> 12 | J22: ='0904'!M79 -> 8.5
B23: 主要應用設備 | D23: ET-600 | E23: ET-600 | F23: ET-55 | G23: ET-55 | H23: ET-55 | I23: 八爪機
B24: 次要應用設備 | H24: 封口機
B25: 備註

Sheet 0904
A1: 長家廠4度C日報分析 | D1: 總生產量 | E1: =SUM(G5:G79) -> 34349 | F1: 營業額 | G1: =SUM(H5:H79) -> 1576746.3 | H1: 出勤人數 | I1: =M15+M26+M48+M58+M69+M79+M37 -> 95.333333 | J1: 產線配置圖 | M1: 生產實績 | P1: 人時性差異分析 | T1: 日報登錄 | Z1: 合計 次數 | AA1: 合計 時間/分 | AB1: 分析說明 | AD1: 合計 次數 | AE1: 合計 設備次數 | AF1: 產能差異分析
A2: 9月4日 星期五 | D2: 人時性 | E2: =AVERAGE(O15,O26,O37,O48,O58,O69,O79) -> 112.72404 | F2: 平均廠價 | G2: =G1/E1 -> 45.903704 | H2: 多次生產數 | I2: =COUNT(I5:I79) -> 0 | Z2: =Z15+Z26+Z37+Z48+Z58+Z69+Z79 -> 0 | AA2: =AA15+AA26+AA37+AA48+AA58+AA69+AA79 -> 0 | AD2: =AD15+AD26+AD37+AD48+AD58+AD69+AD79 -> 1 | AE2: =AE15+AE26+AE37+AE48+AE58+AE69+AE79 -> 1
A3: 線別 | B3: 品類 | D3: 品名 | F3: 廠價 | G3: 生產量 | H3: 營收 | I3: 多次 生產 | J3: 人數 | K3: 產能/時 | L3: 人時性 | M3: 人數 | N3: 產能/時 | O3: 人時性 | P3: 人數 | Q3: 人時性 | R3: 達成率 | S3: 達成率平均 | T3: 生產時間 | V3: 前置、換線時間/分 | W3: 稼動時間/分 | X3: 休息時間 | Z3: 產線異常統計 (5分鐘以上) | AD3: 短暫停線統計 (5分鐘以下) | AF3: 產能/時 | AG3: 達成率 | AH3: 達成率平均
T4: 開始 | U4: 結束 | X4: 開始 | Y4: 結束 | Z4: 次數 | AA4: 時間/分 | AD4: 總次數 | AE4: 設備因素(次數)
A5: 自動一線 (ET-600) | B5: 義大利麵 | D5: 白酒清炒鮮蛤義大利麵 | F5: =VLOOKUP(D5,廠價表!$C$1:$E$43,3,0) -> 56.87 | G5: 1289 | H5: =F5*G5 -> 73305.43 | J5: =VLOOKUP(D5,產線配置圖!$A$3:$C$40,2,0) -> 14 | K5: =VLOOKUP(D5,產線配置圖!$A$3:$C$40,3,0) -> 2250 | L5: =K5/J5 -> 160.71429 | M5: 14 | N5: =G5/W5*60 -> 1933.5 | O5: =N5/M5 -> 138.10714 | P5: =M5-J5 -> 0 | Q5: =O5-L5 -> -22.607143 | R5: =O5/L5 -> 0.85933333 | S5: =R15 -> 0.87120926 | T5: 0.29513889 | U5: 0.32291667 | W5: =(U5-T5)*24*60 -> 40 | AF5: =N5-K5 -> -316.5 | AG5: =N5/K5 -> 0.85933333 | AH5: =AG15 -> 0.8717284
B6: 義大利麵 | D6: 香煎魚排佐檸檬奶油義大利麵 | F6: =VLOOKUP(D6,廠價表!$C$1:$E$43,3,0) -> 58.17 | G6: 1436 | H6: =F6*G6 -> 83532.12 | J6: =VLOOKUP(D6,產線配置圖!$A$3:$C$40,2,0) -> 13 | K6: =VLOOKUP(D6,產線配置圖!$A$3:$C$40,3,0) -> 2250 | L6: =K6/J6 -> 173.07692 | M6: 13 | N6: =G6/W6*60 -> 1914.6667 | O6: =N6/M6 -> 147.28205 | P6: =M6-J6 -> 0 | Q6: =O6-L6 -> -25.794872 | R6: =O6/L6 -> 0.85096296 | T6: 0.33333333 | U6: 0.36458333 | V6: =(T6-U5)*24*60 -> 15 | W6: =(U6-T6)*24*60 -> 45 | AF6: =N6-K6 -> -335.33333 | AG6: =N6/K6 -> 0.85096296
B7: 義大利麵 | D7: 奶油培根義大利麵 | F7: =VLOOKUP(D7,廠價表!$C$1:$E$43,3,0) -> 49.14 | G7: 3563 | H7: =F7*G7 -> 175085.82 | J7: =VLOOKUP(D7,產線配置圖!$A$3:$C$40,2,0) -> 14 | K7: =VLOOKUP(D7,產線配置圖!$A$3:$C$40,3,0) -> 2250 | L7: =K7/J7 -> 160.71429 | M7: 14 | N7: =G7/W7*60 -> 2036 | O7: =N7/M7 -> 145.42857 | P7: =M7-J7 -> 0 | Q7: =O7-L7 -> -15.285714 | R7: =O7/L7 -> 0.90488889 | T7: 0.37152778 | U7: 0.44444444 | V7: =(T7-U6)*24*60 -> 10 | W7: =(U7-T7)*24*60 -> 105 | AF7: =N7-K7 -> -214 | AG7: =N7/K7 -> 0.90488889
W8: =(U8-T8)*24*60 -> 0 | AF8: =N8-K8 -> 0 | AG8: =N8/K8 -> #DIV/0!
W9: =(U9-T9)*24*60 -> 0 | AF9: =N9-K9 -> 0 | AG9: =N9/K9 -> #DIV/0!
W10: =(U10-T10)*24*60 -> 0 | AF10: =N10-K10 -> 0 | AG10: =N10/K10 -> #DIV/0!
W11: =(U11-T11)*24*60 -> 0 | AF11: =N11-K11 -> 0 | AG11: =N11/K11 -> #DIV/0!
W12: =(U12-T12)*24*60 -> 0
W13: =(U13-T13)*24*60 -> 0
W14: =(U14-T14)*24*60 -> 0
C15: 4度一組 | D15: 平均 | J15: =AVERAGE(J5:J14) -> 13.666667 | K15: =AVERAGE(K5:K14) -> 2250 | L15: =AVERAGE(L5:L14) -> 164.83516 | M15: =AVERAGE(M5:M14) -> 13.666667 | N15: =AVERAGE(N5:N14) -> 1961.3889 | O15: =AVERAGE(O5:O14) -> 143.60592 | P15: =M15-J15 -> 0 | Q15: =O15-L15 -> -21.229243 | R15: =O15/L15 -> 0.87120926 | Z15: =SUM(Z5:Z14) -> 0 | AA15: =SUM(AA5:AA14) -> 0 | AD15: =SUM(AD5:AD14) -> 0 | AE15: =SUM(AE5:AE14) -> 0 | AF15: =N15-K15 -> -288.61111 | AG15: =N15/K15 -> 0.8717284
A16: 自動二線 (ET-600) | B16: 義大利麵 | D16: 白酒清炒鮮蛤義大利麵 | F16: =VLOOKUP(D16,廠價表!$C$1:$E$43,3,0) -> 56.87 | G16: 1336 | H16: =F16*G16 -> 75978.32 | J16: =VLOOKUP(D16,產線配置圖!$A$3:$C$40,2,0) -> 14 | K16: =VLOOKUP(D16,產線配置圖!$A$3:$C$40,3,0) -> 2250 | L16: =K16/J16 -> 160.71429 | M16: 14 | N16: =G16/W16*60 -> 2055.3846 | O16: =N16/M16 -> 146.81319 | P16: =M16-J16 -> 0 | Q16: =O16-L16 -> -13.901099 | R16: =O16/L16 -> 0.91350427 | S16: =R26 -> 0.88185444 | T16: 0.29861111 | U16: 0.32569444 | W16: =(U16-T16)*24*60 -> 39 | AF16: =N16-K16 -> -194.61538 | AG16: =N16/K16 -> 0.91350427 | AH16: =AG26 -> 0.88233209
B17: 義大利麵 | D17: 青醬蛤蜊義大利麵 | F17: =VLOOKUP(D17,廠價表!$C$1:$E$43,3,0) -> 50.67 | G17: 2742 | H17: =F17*G17 -> 138937.14 | J17: 14 | K17: =VLOOKUP(D17,產線配置圖!$A$3:$C$40,3,0) -> 2250 | L17: =K17/J17 -> 160.71429 | M17: 14 | N17: =G17/W17*60 -> 1935.5294 | O17: =N17/M17 -> 138.2521 | P17: =M17-J17 -> 0 | Q17: =O17-L17 -> -22.462185 | R17: =O17/L17 -> 0.86023529 | T17: 0.33402778 | U17: 0.39305556 | V17: =(T17-U16)*24*60 -> 12 | W17: =(U17-T17)*24*60 -> 85 | AF17: =N17-K17 -> -314.47059 | AG17: =N17/K17 -> 0.86023529
B18: 義大利麵 | D18: 義式蕃茄起司義大利麵 | F18: =VLOOKUP(D18,廠價表!$C$1:$E$43,3,0) -> 50.39 | G18: 2849 | H18: =F18*G18 -> 143561.11 | J18: =VLOOKUP(D18,產線配置圖!$A$3:$C$40,2,0) -> 12 | K18: =VLOOKUP(D18,產線配置圖!$A$3:$C$40,3,0) -> 2250 | L18: =K18/J18 -> 187.5 | M18: 12 | N18: =G18/W18*60 -> 1964.8276 | O18: =N18/M18 -> 163.73563 | P18: =M18-J18 -> 0 | Q18: =O18-L18 -> -23.764368 | R18: =O18/L18 -> 0.8732567 | T18: 0.40763889 | U18: 0.46805556 | V18: =(T18-U17)*24*60 -> 21 | W18: =(U18-T18)*24*60 -> 87 | AF18: =N18-K18 -> -285.17241 | AG18: =N18/K18 -> 0.8732567
W19: =(U19-T19)*24*60 -> 0 | AF19: =N19-K19 -> 0 | AG19: =N19/K19 -> #DIV/0!
W20: =(U20-T20)*24*60 -> 0
W21: =(U21-T21)*24*60 -> 0
W22: 0
W23: =(U23-T23)*24*60 -> 0
H24: =F24*G24 -> 0 | W24: =(U24-T24)*24*60 -> 0
H25: =F25*G25 -> 0 | W25: =(U25-T25)*24*60 -> 0
C26: 4度二組A | D26: 平均 | J26: =AVERAGE(J16:J25) -> 13.333333 | K26: =AVERAGE(K16:K25) -> 2250 | L26: =AVERAGE(L16:L25) -> 169.64286 | M26: =AVERAGE(M16:M25) -> 13.333333 | N26: =AVERAGE(N16:N25) -> 1985.2472 | O26: =AVERAGE(O16:O25) -> 149.60031 | P26: =M26-J26 -> 0 | Q26: =O26-L26 -> -20.042551 | R26: =O26/L26 -> 0.88185444 | Z26: =SUM(Z16:Z25) -> 0 | AA26: =SUM(AA16:AA25) -> 0 | AD26: =SUM(AD16:AD25) -> 0 | AE26: =SUM(AE16:AE25) -> 0 | AF26: =N26-K26 -> -264.7528 | AG26: =N26/K26 -> 0.88233209
A27: 手工三線 (ET-55) | B27: 義大利麵 | D27: 金沙豆腐義大利麵 | F27: =VLOOKUP(D27,廠價表!$C$1:$E$43,3,0) -> 49.91 | G27: 627 | H27: =F27*G27 -> 31293.57 | J27: =VLOOKUP(D27,產線配置圖!$A$3:$C$40,2,0) -> 18 | K27: 1636 | L27: =K27/J27 -> 90.888889 | M27: 16 | N27: =G27/W27*60 -> 1254 | O27: =N27/M27 -> 78.375 | P27: =M27-J27 -> -2 | Q27: =O27-L27 -> -12.513889 | R27: =O27/L27 -> 0.86231663 | S27: =R37 -> 0.85492507 | T27: 0.29513889 | U27: 0.31597222 | W27: =(U27-T27)*24*60 -> 30 | AB27: 生產數量少 | AF27: =N27-K27 -> -382 | AG27: =N27/K27 -> 0.76650367 | AH27: =AG37 -> 0.79828534
B28: 義大利麵 | D28: 奶油鮮蝦明太子細扁麵 | F28: =VLOOKUP(D28,廠價表!$C$1:$E$43,3,0) -> 57.21 | G28: 827 | H28: =F28*G28 -> 47312.67 | J28: =VLOOKUP(D28,產線配置圖!$A$3:$C$40,2,0) -> 18 | K28: =VLOOKUP(D28,產線配置圖!$A$3:$C$40,3,0) -> 1636 | L28: =K28/J28 -> 90.888889 | M28: 15 | N28: =G28/W28*60 -> 1012.6531 | O28: =N28/M28 -> 67.510204 | P28: =M28-J28 -> -3 | Q28: =O28-L28 -> -23.378685 | R28: =O28/L28 -> 0.74277731 | T28: 0.32152778 | U28: 0.35555556 | V28: =(T28-U27)*24*60 -> 8 | W28: =(U28-T28)*24*60 -> 49 | AB28: 7:58-8:01熱轉印異常 | AD28: 1 | AE28: 1 | AF28: =N28-K28 -> -623.34694 | AG28: =N28/K28 -> 0.61898109
B29: 義大利麵 | D29: 蕃茄莎莎海鮮冷義大利麵 | F29: =VLOOKUP(D29,廠價表!$C$1:$E$43,3,0) -> 46.34 | G29: 1214 | H29: =F29*G29 -> 56256.76 | J29: =VLOOKUP(D29,產線配置圖!$A$3:$C$40,2,0) -> 16 | K29: =VLOOKUP(D29,產線配置圖!$A$3:$C$40,3,0) -> 1636 | L29: =K29/J29 -> 102.25 | M29: 16 | N29: =G29/W29*60 -> 1428.2353 | O29: =N29/M29 -> 89.264706 | P29: =M29-J29 -> 0 | Q29: =O29-L29 -> -12.985294 | R29: =O29/L29 -> 0.87300446 | T29: 0.36111111 | U29: 0.39652778 | V29: =(T29-U28)*24*60 -> 8 | W29: =(U29-T29)*24*60 -> 51 | AF29: =N29-K29 -> -207.76471 | AG29: =N29/K29 -> 0.87300446
B30: 義大利麵 | D30: 義式蛋蛋青醬鮪魚冷義大利麵 | F30: =VLOOKUP(D30,廠價表!$C$1:$E$43,3,0) -> 45.66 | G30: 841 | H30: =F30*G30 -> 38400.06 | J30: =VLOOKUP(D30,產線配置圖!$A$3:$C$40,2,0) -> 17 | K30: =VLOOKUP(D30,產線配置圖!$A$3:$C$40,3,0) -> 1636 | L30: =K30/J30 -> 96.235294 | M30: 17 | N30: =G30/W30*60 -> 1529.0909 | O30: =N30/M30 -> 89.946524 | P30: =M30-J30 -> 0 | Q30: =O30-L30 -> -6.2887701 | R30: =O30/L30 -> 0.93465214 | T30: 0.41111111 | U30: 0.43402778 | V30: =(T30-U29)*24*60 -> 21 | W30: =(U30-T30)*24*60 -> 33 | AB30: 9:38-9:48休息 | AF30: =N30-K30 -> -106.90909 | AG30: =N30/K30 -> 0.93465214
W31: =(U31-T31)*24*60 -> 0 | AF31: =N31-K31 -> 0 | AG31: =N31/K31 -> #DIV/0!
W32: =(U32-T32)*24*60 -> 0
W33: =(U33-T33)*24*60 -> 0
W34: =(U34-T34)*24*60 -> 0
W35: =(U35-T35)*24*60 -> 0
H36: =F36*G36 -> 0 | W36: =(U36-T36)*24*60 -> 0
C37: 4度二組B | D37: 平均 | J37: =AVERAGE(J27:J36) -> 17.25 | K37: =AVERAGE(K27:K36) -> 1636 | L37: =AVERAGE(L27:L36) -> 95.065768 | M37: =AVERAGE(M27:M36) -> 16 | N37: =AVERAGE(N27:N36) -> 1305.9948 | O37: =AVERAGE(O27:O36) -> 81.274109 | P37: =M37-J37 -> -1.25 | Q37: =N37-K37 -> -330.00518 | R37: =O37/L37 -> 0.85492507 | Z37: =SUM(Z27:Z36) -> 0 | AA37: =SUM(AA27:AA36) -> 0 | AD37: =SUM(AD27:AD36) -> 1 | AE37: =SUM(AE27:AE36) -> 1 | AF37: =N37-K37 -> -330.00518 | AG37: =N37/K37 -> 0.79828534
A38: 手工四線 (ET-55) | B38: 熱乾麵 | D38: 青花椒麻雞肉拌麵 | F38: =VLOOKUP(D38,廠價表!$C$1:$E$43,3,0) -> 49.91 | G38: 1837 | H38: =F38*G38 -> 91684.67 | J38: =VLOOKUP(D38,產線配置圖!$A$3:$C$40,2,0) -> 16 | K38: =VLOOKUP(D38,產線配置圖!$A$3:$C$40,3,0) -> 1714 | L38: =K38/J38 -> 107.125 | M38: 14 | N38: =G38/W38*60 -> 1360.7407 | O38: =N38/M38 -> 97.195767 | P38: =M38-J38 -> -2 | Q38: =O38-L38 -> -9.9292328 | R38: =O38/L38 -> 0.90731171 | S38: =R48 -> 0.90098858 | T38: 0.33611111 | U38: 0.39236111 | W38: =(U38-T38)*24*60 -> 81 | AF38: =N38-K38 -> -353.25926 | AG38: =N38/K38 -> 0.79389775 | AH38: =AG48 -> 0.81831432
B39: 熱乾麵 | D39: 府城鹽水意麵 | F39: =VLOOKUP(D39,廠價表!$C$1:$E$43,3,0) -> 44.3 | G39: 2255 | H39: =F39*G39 -> 99896.5 | J39: =VLOOKUP(D39,產線配置圖!$A$3:$C$40,2,0) -> 18 | K39: =VLOOKUP(D39,產線配置圖!$A$3:$C$40,3,0) -> 1636 | L39: =K39/J39 -> 90.888889 | M39: 17 | N39: =G39/W39*60 -> 1380.6122 | O39: =N39/M39 -> 81.212485 | P39: =M39-J39 -> -1 | Q39: =O39-L39 -> -9.6764039 | R39: =O39/L39 -> 0.8935359 | T39: 0.40625 | U39: 0.47430556 | V39: =(T39-U38)*24*60 -> 20 | W39: =(U39-T39)*24*60 -> 98 | AF39: =N39-K39 -> -255.38776 | AG39: =N39/K39 -> 0.84389502
W40: =(U40-T40)*24*60 -> 0 | AF40: =N40-K40 -> 0 | AG40: =N40/K40 -> #DIV/0!
W41: =(U41-T41)*24*60 -> 0 | AF41: =N41-K41 -> 0 | AG41: =N41/K41 -> #DIV/0!
W42: =(U42-T42)*24*60 -> 0
W43: =(U43-T43)*24*60 -> 0
W44: =(U44-T44)*24*60 -> 0
W45: =(U45-T45)*24*60 -> 0
W46: =(U46-T46)*24*60 -> 0
H47: =F47*G47 -> 0 | W47: =(U47-T47)*24*60 -> 0
C48: 4度二組C1 | D48: 平均 | J48: =AVERAGE(J38:J47) -> 17 | K48: =AVERAGE(K38:K47) -> 1675 | L48: =AVERAGE(L38:L47) -> 99.006944 | M48: =AVERAGE(M38:M47) -> 15.5 | N48: =AVERAGE(N38:N47) -> 1370.6765 | O48: =AVERAGE(O38:O47) -> 89.204126 | P48: =M48-J48 -> -1.5 | Q48: =N48-K48 -> -304.32351 | R48: =O48/L48 -> 0.90098858 | W48: =(U48-T48)*24*60 -> 0 | Z48: =SUM(Z38:Z47) -> 0 | AA48: =SUM(AA38:AA47) -> 0 | AD48: =SUM(AD38:AD47) -> 0 | AE48: =SUM(AE38:AE47) -> 0 | AF48: =N48-K48 -> -304.32351 | AG48: =N48/K48 -> 0.81831432
A49: 手工五線 (ET-55) | B49: 義大利麵 | D49: 黑松露野菇義大利麵 | F49: =VLOOKUP(D49,廠價表!$C$1:$E$43,3,0) -> 50.289 | G49: 1605 | H49: =F49*G49 -> 80713.845 | J49: =VLOOKUP(D49,產線配置圖!$A$3:$C$40,2,0) -> 17 | K49: =VLOOKUP(D49,產線配置圖!$A$3:$C$40,3,0) -> 1636 | L49: =K49/J49 -> 96.235294 | M49: 17 | N49: =G49/W49*60 -> 1605 | O49: =N49/M49 -> 94.411765 | P49: =M49-J49 -> 0 | Q49: =O49-L49 -> -1.8235294 | R49: =O49/L49 -> 0.98105134 | S49: =R58 -> 0.87221465 | T49: 0.29166667 | U49: 0.33333333 | W49: =(U49-T49)*24*60 -> 60 | AF49: =N49-K49 -> -31 | AG49: =N49/K49 -> 0.98105134 | AH49: =AG58 -> 0.83895122
B50: 義大利麵 | D50: 焗烤起司雙饗筆尖麵 | F50: =VLOOKUP(D50,廠價表!$C$1:$E$43,3,0) -> 49.97 | G50: 3423 | H50: =F50*G50 -> 171047.31 | J50: =VLOOKUP(D50,產線配置圖!$A$3:$C$40,2,0) -> 16 | K50: =VLOOKUP(D50,產線配置圖!$A$3:$C$40,3,0) -> 1800 | L50: =K50/J50 -> 112.5 | M50: 15 | N50: =G50/W50*60 -> 1406.7123 | O50: =N50/M50 -> 93.780822 | P50: =M50-J50 -> -1 | Q50: =O50-L50 -> -18.719178 | R50: =O50/L50 -> 0.83360731 | T50: 0.33888889 | U50: 0.44027778 | V50: =(T50-U49)*24*60 -> 8 | W50: =(U50-T50)*24*60 -> 146 | AF50: =N50-K50 -> -393.28767 | AG50: =N50/K50 -> 0.78150685
B51: 熱乾麵 | D51: 府城鹽水意麵 | F51: =VLOOKUP(D51,廠價表!$C$1:$E$43,3,0) -> 44.3 | G51: 1202 | H51: =F51*G51 -> 53248.6 | J51: =VLOOKUP(D51,產線配置圖!$A$3:$C$40,2,0) -> 18 | K51: =VLOOKUP(D51,產線配置圖!$A$3:$C$40,3,0) -> 1636 | L51: =K51/J51 -> 90.888889 | M51: 17 | N51: =G51/W51*60 -> 1243.4483 | O51: =N51/M51 -> 73.144016 | P51: =M51-J51 -> -1 | Q51: =O51-L51 -> -17.744873 | R51: =O51/L51 -> 0.80476301 | T51: 0.51527778 | U51: 0.55555556 | V51: =(T51-U50)*24*60 -> 108 | W51: =(U51-T51)*24*60 -> 58 | AF51: =N51-K51 -> -392.55172 | AG51: =N51/K51 -> 0.76005396
W52: =(U52-T52)*24*60 -> 0 | AF52: =N52-K52 -> 0 | AG52: =N52/K52 -> #DIV/0!
W53: =(U53-T53)*24*60 -> 0 | AF53: =N53-K53 -> 0 | AG53: =N53/K53 -> #DIV/0!
W54: =(U54-T54)*24*60 -> 0
W55: =(U55-T55)*24*60 -> 0
W56: =(U56-T56)*24*60 -> 0
W57: =(U57-T57)*24*60 -> 0
C58: 4度二組C2 | D58: 平均 | J58: =AVERAGE(J49:J57) -> 17 | K58: =AVERAGE(K49:K57) -> 1690.6667 | L58: =AVERAGE(L49:L57) -> 99.874728 | M58: =AVERAGE(M49:M57) -> 16.333333 | N58: =AVERAGE(N49:N57) -> 1418.3869 | O58: =AVERAGE(O49:O57) -> 87.112201 | P58: =M58-J58 -> -0.66666667 | Q58: =N58-K58 -> -272.2798 | R58: =O58/L58 -> 0.87221465 | Z58: =SUM(Z49:Z57) -> 0 | AA58: =SUM(AA49:AA57) -> 0 | AD58: =SUM(AD49:AD57) -> 0 | AE58: =SUM(AE49:AE57) -> 0 | AF58: =N58-K58 -> -272.2798 | AG58: =N58/K58 -> 0.83895122
A59: 調理包一線 (八爪機) | B59: 小吃、微波 | D59: 小滷青蔬 | F59: =VLOOKUP(D59,廠價表!$C$1:$E$43,3,0) -> 26.99 | G59: 2139 | H59: =F59*G59 -> 57731.61 | J59: =VLOOKUP(D59,產線配置圖!$A$3:$C$40,2,0) -> 15 | K59: =VLOOKUP(D59,產線配置圖!$A$3:$C$40,3,0) -> 1636 | L59: =K59/J59 -> 109.06667 | M59: 15 | N59: =G59/W59*60 -> 1350.9474 | O59: =N59/M59 -> 90.063158 | P59: =M59-J59 -> 0 | Q59: =O59-L59 -> -19.003509 | R59: =O59/L59 -> 0.82576245 | S59: =R69 -> 0.86751717 | T59: 0.29166667 | U59: 0.35763889 | W59: =(U59-T59)*24*60 -> 95 | AF59: =N59-K59 -> -285.05263 | AG59: =N59/K59 -> 0.82576245 | AH59: =AG69 -> 0.80689905
B60: 小吃、微波 | D60: 起司馬鈴薯 | F60: =VLOOKUP(D60,廠價表!$C$1:$E$43,3,0) -> 28.26 | G60: 998 | H60: =F60*G60 -> 28203.48 | J60: =VLOOKUP(D60,產線配置圖!$A$3:$C$40,2,0) -> 11 | K60: =VLOOKUP(D60,產線配置圖!$A$3:$C$40,3,0) -> 1636 | L60: =K60/J60 -> 148.72727 | M60: 11 | N60: =G60/W60*60 -> 1497 | O60: =N60/M60 -> 136.09091 | P60: =M60-J60 -> 0 | Q60: =O60-L60 -> -12.636364 | R60: =O60/L60 -> 0.91503667 | T60: 0.36458333 | U60: 0.39236111 | V60: =(T60-U59)*24*60 -> 10 | W60: =(U60-T60)*24*60 -> 40 | AF60: =N60-K60 -> -139 | AG60: =N60/K60 -> 0.91503667
B61: 小吃、微波 | D61: 韓式炒冬粉 | F61: =VLOOKUP(D61,廠價表!$C$1:$E$43,3,0) -> 28.26 | G61: 546 | H61: =F61*G61 -> 15429.96 | J61: =VLOOKUP(D61,產線配置圖!$A$3:$C$40,2,0) -> 11 | K61: =VLOOKUP(D61,產線配置圖!$A$3:$C$40,3,0) -> 1636 | L61: =K61/J61 -> 148.72727 | M61: 11 | N61: =G61/W61*60 -> 1310.4 | O61: =N61/M61 -> 119.12727 | P61: =M61-J61 -> 0 | Q61: =O61-L61 -> -29.6 | R61: =O61/L61 -> 0.800978 | T61: 0.44791667 | U61: 0.46527778 | V61: =(T61-U60)*24*60 -> 80 | W61: =(U61-T61)*24*60 -> 25 | AF61: =N61-K61 -> -325.6 | AG61: =N61/K61 -> 0.800978
B62: 小吃、微波 | D62: 小滷青蔬 | F62: =VLOOKUP(D62,廠價表!$C$1:$E$43,3,0) -> 26.99 | G62: 374 | H62: =F62*G62 -> 10094.26 | J62: =VLOOKUP(D62,產線配置圖!$A$3:$C$40,2,0) -> 15 | K62: =VLOOKUP(D62,產線配置圖!$A$3:$C$40,3,0) -> 1636 | L62: =K62/J62 -> 109.06667 | M62: 11 | N62: =G62/W62*60 -> 1122 | O62: =N62/M62 -> 102 | P62: =M62-J62 -> -4 | Q62: =O62-L62 -> -7.0666667 | R62: =O62/L62 -> 0.93520782 | T62: 0.58333333 | U62: 0.59722222 | V62: =(T62-U61)*24*60 -> 170 | W62: =(U62-T62)*24*60 -> 20 | AF62: =N62-K62 -> -514 | AG62: =N62/K62 -> 0.68581907
W63: =(U63-T63)*24*60 -> 0
W64: =(U64-T64)*24*60 -> 0
W65: =(U65-T65)*24*60 -> 0
W66: =(U66-T66)*24*60 -> 0
W67: =(U67-T67)*24*60 -> 0
H68: =F68*G68 -> 0 | W68: =(U68-T68)*24*60 -> 0
C69: 4度三組 | D69: 平均 | J69: =AVERAGE(J59:J68) -> 13 | K69: =AVERAGE(K59:K68) -> 1636 | L69: =AVERAGE(L59:L68) -> 128.89697 | M69: =AVERAGE(M59:M68) -> 12 | N69: =AVERAGE(N59:N68) -> 1320.0868 | O69: =AVERAGE(O59:O68) -> 111.82033 | P69: =M69-J69 -> -1 | Q69: =N69-K69 -> -315.91316 | R69: =O69/L69 -> 0.86751717 | Z69: =SUM(Z59:Z68) -> 0 | AA69: =SUM(AA59:AA68) -> 0 | AD69: =SUM(AD59:AD68) -> 0 | AE69: =SUM(AE59:AE68) -> 0 | AF69: =N69-K69 -> -315.91316 | AG69: =N69/K69 -> 0.80689905
A70: 調理包二線 (手工) | B70: 義大利麵 | D70: 番茄蘑菇義大利麵 | F70: =VLOOKUP(D70,廠價表!$C$1:$E$43,3,0) -> 43.89 | G70: 851 | H70: =F70*G70 -> 37350.39 | J70: =VLOOKUP(D70,產線配置圖!$A$3:$C$40,2,0) -> 13 | K70: =VLOOKUP(D70,產線配置圖!$A$3:$C$40,3,0) -> 1565 | L70: =K70/J70 -> 120.38462 | M70: 11 | N70: =G70/W70*60 -> 1276.5 | O70: =N70/M70 -> 116.04545 | P70: =M70-J70 -> -2 | Q70: =O70-L70 -> -4.3391608 | R70: =O70/L70 -> 0.96395585 | S70: =R79 -> 0.93976747 | T70: 0.29861111 | U70: 0.32638889 | W70: =(U70-T70)*24*60 -> 40 | AF70: =N70-K70 -> -288.5 | AG70: =N70/K70 -> 0.81565495 | AH70: =AG79 -> 0.65530861
B71: 小吃、微波 | D71: 麻辣雞心 | F71: =VLOOKUP(D71,廠價表!$C$1:$E$43,3,0) -> 28.26 | G71: 2395 | H71: =F71*G71 -> 67682.7 | J71: =VLOOKUP(D71,產線配置圖!$A$3:$C$40,2,0) -> 11 | K71: =VLOOKUP(D71,產線配置圖!$A$3:$C$40,3,0) -> 1636 | L71: =K71/J71 -> 148.72727 | M71: 6 | N71: =G71/W71*60 -> 821.14286 | O71: =N71/M71 -> 136.85714 | P71: =M71-J71 -> -5 | Q71: =O71-L71 -> -11.87013 | R71: =O71/L71 -> 0.92018861 | T71: 0.33333333 | U71: 0.45486111 | V71: =(T71-U70)*24*60 -> 10 | W71: =(U71-T71)*24*60 -> 175 | AF71: -300.3125 | AG71: 0.80810703
W72: =(U72-T72)*24*60 -> 0 | AF72: -130.33333 | AG72: 0.91671991
W73: =(U73-T73)*24*60 -> 0
W74: =(U74-T74)*24*60 -> 0
H75: =F75*G75 -> 0 | W75: =(U75-T75)*24*60 -> 0
H76: =F76*G76 -> 0 | W76: =(U76-T76)*24*60 -> 0
H77: =F77*G77 -> 0 | W77: =(U77-T77)*24*60 -> 0
H78: =F78*G78 -> 0 | W78: =(U78-T78)*24*60 -> 0
C79: 4度四組 | D79: 平均 | J79: =AVERAGE(J70:J78) -> 12 | K79: =AVERAGE(K70:K78) -> 1600.5 | L79: =AVERAGE(L70:L78) -> 134.55594 | M79: =AVERAGE(M70:M78) -> 8.5 | N79: =AVERAGE(N70:N78) -> 1048.8214 | O79: =AVERAGE(O70:O78) -> 126.4513 | P79: =M79-J79 -> -3.5 | Q79: =N79-K79 -> -551.67857 | R79: =O79/L79 -> 0.93976747 | Z79: =SUM(Z70:Z78) -> 0 | AA79: =SUM(AA70:AA78) -> 0 | AD79: =SUM(AD70:AD78) -> 0 | AE79: =SUM(AE70:AE78) -> 0 | AF79: =N79-K79 -> -551.67857 | AG79: =N79/K79 -> 0.65530861
AJ80: 1.當日出勤人數較多
AJ81: 2.當日出勤人數較少
AJ82: 3.當日出勤熟手較少
AJ83: 4.當日出勤新人較多
AJ84: 5.機台夾盒
AJ85: 6.封膜不順
AJ86: 7.更換膠膜
AJ87: 8.更換碳帶
AJ88: 9.當日熱轉印碳帶異常
AJ89: 10.訂單量過少
AJ90: 11.新品上市，尚未熟悉
AJ91: 12.商品結構，產能較低
AJ92: 13.區域出貨，分段生產

Sheet 0905總
B1: 長家廠組合室生產人時性分析
B3: 日期 | D3: 46270 | F3: 訂單量 | G3: ='0905'!E1 -> 40593 | I3: 營業額 | J3: ='0905'!G1 -> 1874479.3
B4: 項目 | D4: 3 | F4: ➀ | H4: ➁ | J4: ③ | L4: 異常停線 | N4: 短暫停線
B5: 人時性 | D5: 組合室 | F5: 全溫層 | H5: 義大利麵 | J5: 袋裝小吃、義麵 | L5: 合計次數 | M5: 時間 | N5: 合計次數 | O5: 設備次數
D6: 排關平均 | F6: =AVERAGE(D13:J13) -> 127.97949 | H6: =AVERAGE(D13:H13) -> 126.93533 | J6: =AVERAGE(I13:J13) -> 130.58988 | L6: ='0905'!Z2 -> 5 | M6: ='0905'!AA2 -> 59 | N6: ='0905'!AD2 -> 0 | O6: ='0905'!AE2 -> 0
D7: 實績平均 | F7: =AVERAGE(D14:J14) -> 109.71025 | H7: =AVERAGE(D14:H14) -> 106.98492 | J7: =AVERAGE(I14:J14) -> 116.52358
D8: 達成率平均 | F8: =AVERAGE(D15:J15) -> 0.86466918 | H8: =AVERAGE(D15:H15) -> 0.85318096 | J8: =AVERAGE(I15:J15) -> 0.89338974
J9: ※現行日本鮮食廠以達成率80%為基本(即為現行KPI)
B10: 溫層 | D10: 4度C-各編組展開
B11: 編組 | D11: 1 | E11: 2 | F11: 3 | G11: 4 | H11: 5 | I11: 6 | J11: 7
D12: 自動1線 | E12: 自動2線 | F12: 手工3線 | G12: 手工4線 | H12: 手工5線 | I12: 調理包1線 | J12: 調理包2線
B13: 人時性 | C13: 排關 | D13: =VALUE('0905'!L15) -> 164.83516 | E13: =VALUE('0905'!L26) -> 174.10714 | F13: =VALUE('0905'!L37) -> 95.065768 | G13: =VALUE('0905'!L48) -> 96.300926 | H13: =VALUE('0905'!L58) -> 104.36765 | I13: =VALUE('0905'!L69) -> 140.79515 | J13: ='0905'!L79 -> 120.38462
C14: 實績 | D14: =VALUE('0905'!O15) -> 140.35617 | E14: =VALUE('0905'!O26) -> 133.57461 | F14: =VALUE('0905'!O37) -> 84.052128 | G14: =VALUE('0905'!O48) -> 84.346462 | H14: =VALUE('0905'!O58) -> 92.595218 | I14: =VALUE('0905'!O69) -> 123.79716 | J14: ='0905'!O79 -> 109.25
C15: 達成率 | D15: =D14/D13 -> 0.85149412 | E15: =E14/E13 -> 0.76719774 | F15: =F14/F13 -> 0.88414716 | G15: =G14/G13 -> 0.87586345 | H15: =H14/H13 -> 0.88720232 | I15: =I14/I13 -> 0.8792715 | J15: ='0905'!S70 -> 0.90750799
B16: 作業 時間 | C16: 開始 | D16: ='0905'!T5 -> 0.29375 | E16: ='0905'!T16 -> 0.29375 | F16: ='0905'!T27 -> 0.29166667 | G16: ='0905'!T38 -> 0.33333333 | H16: ='0905'!T49 -> 0.29166667 | I16: ='0905'!T59 -> 0.29166667 | J16: ='0905'!T70 -> 0.29166667
C17: 結束 | D17: 0.47916667 | E17: 0.57291667 | F17: 0.4125 | G17: 0.59722222 | H17: 0.47361111 | I17: 0.58333333 | J17: 0.325
B18: 產線異常 (5分鐘以上) | C18: 次數 | D18: ='0905'!Z15 -> 1 | E18: ='0905'!Z26 -> 4 | F18: ='0905'!Z37 -> 0 | G18: ='0905'!Z48 -> 0 | H18: ='0905'!Z58 -> 0 | I18: ='0905'!Z69 -> 0 | J18: ='0905'!AA79 -> 0
C19: 時間/分 | D19: ='0905'!AA15 -> 27 | E19: ='0905'!AA26 -> 32 | F19: ='0905'!AA37 -> 0 | G19: ='0905'!AA48 -> 0 | H19: ='0905'!AA58 -> 0 | I19: ='0905'!AA69 -> 0 | J19: ='0905'!AB79 -> 0
B20: 短暫停線 (5分鐘以下) | C20: 次數 | D20: ='0905'!AD15 -> 0 | E20: ='0905'!AD26 -> 0 | F20: ='0905'!AD37 -> 0 | G20: ='0905'!AD48 -> 0 | H20: ='0905'!AD58 -> 0 | I20: ='0905'!AD69 -> 0 | J20: ='0905'!AD79 -> 0
C21: 設備次數 | D21: ='0905'!AE15 -> 0 | E21: ='0905'!AE26 -> 0 | F21: ='0905'!AE37 -> 0 | G21: ='0905'!AE48 -> 0 | H21: ='0905'!AE58 -> 0 | I21: ='0905'!AE69 -> 0 | J21: ='0905'!AE79 -> 0
B22: 配置人數 | D22: =VALUE('0905'!M15) -> 13.666667 | E22: =VALUE('0905'!M26) -> 13 | F22: =VALUE('0905'!M37) -> 16.75 | G22: =VALUE('0905'!M48) -> 17.333333 | H22: =VALUE('0905'!M58) -> 16.5 | I22: =VALUE('0905'!M69) -> 11.8 | J22: ='0905'!M79 -> 10
B23: 主要應用設備 | D23: ET-600 | E23: ET-600 | F23: ET-55 | G23: ET-55 | H23: ET-55 | I23: 八爪機
B24: 次要應用設備 | H24: 封口機
B25: 備註

Sheet 0905
A1: 長家廠4度C日報分析 | D1: 總生產量 | E1: =SUM(G5:G79) -> 40593 | F1: 營業額 | G1: =SUM(H5:H79) -> 1874479.3 | H1: 出勤人數 | I1: =M15+M26+M48+M58+M69+M79+M37 -> 99.05 | J1: 產線配置圖 | M1: 生產實績 | P1: 人時性差異分析 | T1: 日報登錄 | Z1: 合計 次數 | AA1: 合計 時間/分 | AB1: 分析說明 | AD1: 合計 次數 | AE1: 合計 設備次數 | AF1: 產能差異分析
A2: 9月5日 星期六 | D2: 人時性 | E2: =AVERAGE(O15,O26,O37,O48,O58,O69,O79) -> 109.71025 | F2: 平均廠價 | G2: =G1/E1 -> 46.177403 | H2: 多次生產數 | I2: =COUNT(I5:I79) -> 0 | Z2: =Z15+Z26+Z37+Z48+Z58+Z69+Z79 -> 5 | AA2: =AA15+AA26+AA37+AA48+AA58+AA69+AA79 -> 59 | AD2: =AD15+AD26+AD37+AD48+AD58+AD69+AD79 -> 0 | AE2: =AE15+AE26+AE37+AE48+AE58+AE69+AE79 -> 0
A3: 線別 | B3: 品類 | D3: 品名 | F3: 廠價 | G3: 生產量 | H3: 營收 | I3: 多次 生產 | J3: 人數 | K3: 產能/時 | L3: 人時性 | M3: 人數 | N3: 產能/時 | O3: 人時性 | P3: 人數 | Q3: 人時性 | R3: 達成率 | S3: 達成率平均 | T3: 生產時間 | V3: 前置、換線時間/分 | W3: 稼動時間/分 | X3: 休息時間 | Z3: 產線異常統計 (5分鐘以上) | AD3: 短暫停線統計 (5分鐘以下) | AF3: 產能/時 | AG3: 達成率 | AH3: 達成率平均
T4: 開始 | U4: 結束 | X4: 開始 | Y4: 結束 | Z4: 次數 | AA4: 時間/分 | AD4: 總次數 | AE4: 設備因素(次數)
A5: 自動一線 (ET-600) | B5: 義大利麵 | D5: 白酒清炒鮮蛤義大利麵 | F5: =VLOOKUP(D5,廠價表!$C$1:$E$43,3,0) -> 56.87 | G5: 1531 | H5: =F5*G5 -> 87067.97 | J5: =VLOOKUP(D5,產線配置圖!$A$3:$C$40,2,0) -> 14 | K5: =VLOOKUP(D5,產線配置圖!$A$3:$C$40,3,0) -> 2250 | L5: =K5/J5 -> 160.71429 | M5: 14 | N5: =G5/W5*60 -> 1611.5789 | O5: =N5/M5 -> 115.11278 | P5: =M5-J5 -> 0 | Q5: =O5-L5 -> -45.601504 | R5: =O5/L5 -> 0.71625731 | S5: =R15 -> 0.85149412 | T5: 0.29375 | U5: 0.33333333 | W5: =(U5-T5)*24*60 -> 57 | Z5: 1 | AA5: 27 | AB5: 7:03-7:30玉取機異常，手抓麵 | AF5: =N5-K5 -> -638.42105 | AG5: =N5/K5 -> 0.71625731 | AH5: =AG15 -> 0.85080593
B6: 義大利麵 | D6: 香煎魚排佐檸檬奶油義大利麵 | F6: =VLOOKUP(D6,廠價表!$C$1:$E$43,3,0) -> 58.17 | G6: 1581 | H6: =F6*G6 -> 91966.77 | J6: =VLOOKUP(D6,產線配置圖!$A$3:$C$40,2,0) -> 13 | K6: =VLOOKUP(D6,產線配置圖!$A$3:$C$40,3,0) -> 2250 | L6: =K6/J6 -> 173.07692 | M6: 13 | N6: =G6/W6*60 -> 1976.25 | O6: =N6/M6 -> 152.01923 | P6: =M6-J6 -> 0 | Q6: =O6-L6 -> -21.057692 | R6: =O6/L6 -> 0.87833333 | T6: 0.34444444 | U6: 0.37777778 | V6: =(T6-U5)*24*60 -> 16 | W6: =(U6-T6)*24*60 -> 48 | AF6: =N6-K6 -> -273.75 | AG6: =N6/K6 -> 0.87833333
B7: 義大利麵 | D7: 奶油培根義大利麵 | F7: =VLOOKUP(D7,廠價表!$C$1:$E$43,3,0) -> 49.14 | G7: 4849 | H7: =F7*G7 -> 238279.86 | J7: =VLOOKUP(D7,產線配置圖!$A$3:$C$40,2,0) -> 14 | K7: =VLOOKUP(D7,產線配置圖!$A$3:$C$40,3,0) -> 2250 | L7: =K7/J7 -> 160.71429 | M7: 14 | N7: =G7/W7*60 -> 2155.1111 | O7: =N7/M7 -> 153.93651 | P7: =M7-J7 -> 0 | Q7: =O7-L7 -> -6.7777778 | R7: =O7/L7 -> 0.95782716 | T7: 0.38541667 | U7: 0.47916667 | V7: =(T7-U6)*24*60 -> 11 | W7: =(U7-T7)*24*60 -> 135 | AF7: =N7-K7 -> -94.888889 | AG7: =N7/K7 -> 0.95782716
W8: =(U8-T8)*24*60 -> 0 | AF8: =N8-K8 -> 0 | AG8: =N8/K8 -> #DIV/0!
W9: =(U9-T9)*24*60 -> 0 | AF9: =N9-K9 -> 0 | AG9: =N9/K9 -> #DIV/0!
W10: =(U10-T10)*24*60 -> 0 | AF10: =N10-K10 -> 0 | AG10: =N10/K10 -> #DIV/0!
W11: =(U11-T11)*24*60 -> 0 | AF11: =N11-K11 -> 0 | AG11: =N11/K11 -> #DIV/0!
W12: =(U12-T12)*24*60 -> 0
W13: =(U13-T13)*24*60 -> 0
W14: =(U14-T14)*24*60 -> 0
C15: 4度一組 | D15: 平均 | J15: =AVERAGE(J5:J14) -> 13.666667 | K15: =AVERAGE(K5:K14) -> 2250 | L15: =AVERAGE(L5:L14) -> 164.83516 | M15: =AVERAGE(M5:M14) -> 13.666667 | N15: =AVERAGE(N5:N14) -> 1914.3134 | O15: =AVERAGE(O5:O14) -> 140.35617 | P15: =M15-J15 -> 0 | Q15: =O15-L15 -> -24.478991 | R15: =O15/L15 -> 0.85149412 | Z15: =SUM(Z5:Z14) -> 1 | AA15: =SUM(AA5:AA14) -> 27 | AD15: =SUM(AD5:AD14) -> 0 | AE15: =SUM(AE5:AE14) -> 0 | AF15: =N15-K15 -> -335.68665 | AG15: =N15/K15 -> 0.85080593
A16: 自動二線 (ET-600) | B16: 義大利麵 | D16: 白酒清炒鮮蛤義大利麵 | F16: =VLOOKUP(D16,廠價表!$C$1:$E$43,3,0) -> 56.87 | G16: 1300 | H16: =F16*G16 -> 73931 | J16: =VLOOKUP(D16,產線配置圖!$A$3:$C$40,2,0) -> 14 | K16: =VLOOKUP(D16,產線配置圖!$A$3:$C$40,3,0) -> 2250 | L16: =K16/J16 -> 160.71429 | M16: 14 | N16: =G16/W16*60 -> 1368.4211 | O16: =N16/M16 -> 97.744361 | P16: =M16-J16 -> 0 | Q16: =O16-L16 -> -62.969925 | R16: =O16/L16 -> 0.60818713 | S16: =R26 -> 0.76719774 | T16: 0.29375 | U16: 0.33333333 | W16: =(U16-T16)*24*60 -> 57 | Z16: 1 | AA16: 27 | AB16: 7:03-7:30玉取機異常，手抓麵 | AF16: =N16-K16 -> -881.57895 | AG16: =N16/K16 -> 0.60818713 | AH16: =AG26 -> 0.76701264
B17: 義大利麵 | D17: 青醬蛤蜊義大利麵 | F17: =VLOOKUP(D17,廠價表!$C$1:$E$43,3,0) -> 50.67 | G17: 3143 | H17: =F17*G17 -> 159255.81 | J17: 14 | K17: =VLOOKUP(D17,產線配置圖!$A$3:$C$40,3,0) -> 2250 | L17: =K17/J17 -> 160.71429 | M17: 14 | N17: =G17/W17*60 -> 2072.3077 | O17: =N17/M17 -> 148.02198 | P17: =M17-J17 -> 0 | Q17: =O17-L17 -> -12.692308 | R17: =O17/L17 -> 0.92102564 | T17: 0.34375 | U17: 0.40694444 | V17: =(T17-U16)*24*60 -> 15 | W17: =(U17-T17)*24*60 -> 91 | AF17: =N17-K17 -> -177.69231 | AG17: =N17/K17 -> 0.92102564
B18: 義大利麵 | D18: 義式蕃茄起司義大利麵 | F18: =VLOOKUP(D18,廠價表!$C$1:$E$43,3,0) -> 50.39 | G18: 3093 | H18: =F18*G18 -> 155856.27 | J18: =VLOOKUP(D18,產線配置圖!$A$3:$C$40,2,0) -> 12 | K18: =VLOOKUP(D18,產線配置圖!$A$3:$C$40,3,0) -> 2250 | L18: =K18/J18 -> 187.5 | M18: 12 | N18: =G18/W18*60 -> 2183.2941 | O18: =N18/M18 -> 181.94118 | P18: =M18-J18 -> 0 | Q18: =O18-L18 -> -5.5588235 | R18: =O18/L18 -> 0.97035294 | T18: 0.41736111 | U18: 0.47638889 | V18: =(T18-U17)*24*60 -> 15 | W18: =(U18-T18)*24*60 -> 85 | AF18: =N18-K18 -> -66.705882 | AG18: =N18/K18 -> 0.97035294
B19: 義大利麵 | D19: 義式蕃茄起司義大利麵 | F19: =VLOOKUP(D19,廠價表!$C$1:$E$43,3,0) -> 50.39 | G19: 938 | H19: =F19*G19 -> 47265.82 | J19: =VLOOKUP(D19,產線配置圖!$A$3:$C$40,2,0) -> 12 | K19: =VLOOKUP(D19,產線配置圖!$A$3:$C$40,3,0) -> 2250 | L19: =K19/J19 -> 187.5 | M19: 12 | N19: =G19/W19*60 -> 1279.0909 | O19: =N19/M19 -> 106.59091 | P19: =M19-J19 -> 0 | Q19: =O19-L19 -> -80.909091 | R19: =O19/L19 -> 0.56848485 | T19: 0.54236111 | U19: 0.57291667 | V19: =(T19-U18)*24*60 -> 95 | W19: =(U19-T19)*24*60 -> 44 | Z19: 3 | AA19: 5 | AB19: 13:26-13:28,13:33-13:34,13:40-13:41玉取機異常,停線 | AF19: =N19-K19 -> -970.90909 | AG19: =N19/K19 -> 0.56848485
W20: =(U20-T20)*24*60 -> 0
W21: =(U21-T21)*24*60 -> 0
W22: 0
W23: =(U23-T23)*24*60 -> 0
W24: =(U24-T24)*24*60 -> 0
H25: =F25*G25 -> 0 | W25: =(U25-T25)*24*60 -> 0
C26: 4度二組A | D26: 平均 | J26: =AVERAGE(J16:J25) -> 13 | K26: =AVERAGE(K16:K25) -> 2250 | L26: =AVERAGE(L16:L25) -> 174.10714 | M26: =AVERAGE(M16:M25) -> 13 | N26: =AVERAGE(N16:N25) -> 1725.7784 | O26: =AVERAGE(O16:O25) -> 133.57461 | P26: =M26-J26 -> 0 | Q26: =O26-L26 -> -40.532537 | R26: =O26/L26 -> 0.76719774 | Z26: =SUM(Z16:Z25) -> 4 | AA26: =SUM(AA16:AA25) -> 32 | AD26: =SUM(AD16:AD25) -> 0 | AE26: =SUM(AE16:AE25) -> 0 | AF26: =N26-K26 -> -524.22156 | AG26: =N26/K26 -> 0.76701264
A27: 手工三線 (ET-55) | B27: 義大利麵 | D27: 金沙豆腐義大利麵 | F27: =VLOOKUP(D27,廠價表!$C$1:$E$43,3,0) -> 49.91 | G27: 609 | H27: =F27*G27 -> 30395.19 | J27: =VLOOKUP(D27,產線配置圖!$A$3:$C$40,2,0) -> 18 | K27: 1636 | L27: =K27/J27 -> 90.888889 | M27: 17 | N27: =G27/W27*60 -> 1461.6 | O27: =N27/M27 -> 85.976471 | P27: =M27-J27 -> -1 | Q27: =O27-L27 -> -4.9124183 | R27: =O27/L27 -> 0.94595139 | S27: =R37 -> 0.88414716 | T27: 0.29166667 | U27: 0.30902778 | W27: =(U27-T27)*24*60 -> 25 | AF27: =N27-K27 -> -174.4 | AG27: =N27/K27 -> 0.89339853 | AH27: =AG37 -> 0.86031399
B28: 義大利麵 | D28: 奶油鮮蝦明太子細扁麵 | F28: =VLOOKUP(D28,廠價表!$C$1:$E$43,3,0) -> 57.21 | G28: 917 | H28: =F28*G28 -> 52461.57 | J28: =VLOOKUP(D28,產線配置圖!$A$3:$C$40,2,0) -> 18 | K28: =VLOOKUP(D28,產線配置圖!$A$3:$C$40,3,0) -> 1636 | L28: =K28/J28 -> 90.888889 | M28: 17 | N28: =G28/W28*60 -> 1447.8947 | O28: =N28/M28 -> 85.170279 | P28: =M28-J28 -> -1 | Q28: =O28-L28 -> -5.7186103 | R28: =O28/L28 -> 0.93708131 | T28: 0.31527778 | U28: 0.34166667 | V28: =(T28-U27)*24*60 -> 9 | W28: =(U28-T28)*24*60 -> 38 | AF28: =N28-K28 -> -188.10526 | AG28: =N28/K28 -> 0.88502123
B29: 義大利麵 | D29: 蕃茄莎莎海鮮冷義大利麵 | F29: =VLOOKUP(D29,廠價表!$C$1:$E$43,3,0) -> 46.34 | G29: 1142 | H29: =F29*G29 -> 52920.28 | J29: =VLOOKUP(D29,產線配置圖!$A$3:$C$40,2,0) -> 16 | K29: =VLOOKUP(D29,產線配置圖!$A$3:$C$40,3,0) -> 1636 | L29: =K29/J29 -> 102.25 | M29: 16 | N29: =G29/W29*60 -> 1370.4 | O29: =N29/M29 -> 85.65 | P29: =M29-J29 -> 0 | Q29: =O29-L29 -> -16.6 | R29: =O29/L29 -> 0.83765281 | T29: 0.34861111 | U29: 0.38333333 | V29: =(T29-U28)*24*60 -> 10 | W29: =(U29-T29)*24*60 -> 50 | AF29: =N29-K29 -> -265.6 | AG29: =N29/K29 -> 0.83765281
B30: 義大利麵 | D30: 義式蛋蛋青醬鮪魚冷義大利麵 | F30: =VLOOKUP(D30,廠價表!$C$1:$E$43,3,0) -> 45.66 | G30: 675 | H30: =F30*G30 -> 30820.5 | J30: =VLOOKUP(D30,產線配置圖!$A$3:$C$40,2,0) -> 17 | K30: =VLOOKUP(D30,產線配置圖!$A$3:$C$40,3,0) -> 1636 | L30: =K30/J30 -> 96.235294 | M30: 17 | N30: =G30/W30*60 -> 1350 | O30: =N30/M30 -> 79.411765 | P30: =M30-J30 -> 0 | Q30: =O30-L30 -> -16.823529 | R30: =O30/L30 -> 0.82518337 | T30: 0.39166667 | U30: 0.4125 | V30: =(T30-U29)*24*60 -> 12 | W30: =(U30-T30)*24*60 -> 30 | AF30: =N30-K30 -> -286 | AG30: =N30/K30 -> 0.82518337
W31: =(U31-T31)*24*60 -> 0 | AF31: =N31-K31 -> 0 | AG31: =N31/K31 -> #DIV/0!
W32: =(U32-T32)*24*60 -> 0
W33: =(U33-T33)*24*60 -> 0
W34: =(U34-T34)*24*60 -> 0
W35: =(U35-T35)*24*60 -> 0
H36: =F36*G36 -> 0 | W36: =(U36-T36)*24*60 -> 0
C37: 4度二組B | D37: 平均 | J37: =AVERAGE(J27:J36) -> 17.25 | K37: =AVERAGE(K27:K36) -> 1636 | L37: =AVERAGE(L27:L36) -> 95.065768 | M37: =AVERAGE(M27:M36) -> 16.75 | N37: =AVERAGE(N27:N36) -> 1407.4737 | O37: =AVERAGE(O27:O36) -> 84.052128 | P37: =M37-J37 -> -0.5 | Q37: =N37-K37 -> -228.52632 | R37: =O37/L37 -> 0.88414716 | Z37: =SUM(Z27:Z36) -> 0 | AA37: =SUM(AA27:AA36) -> 0 | AD37: =SUM(AD27:AD36) -> 0 | AE37: =SUM(AE27:AE36) -> 0 | AF37: =N37-K37 -> -228.52632 | AG37: =N37/K37 -> 0.86031399
A38: 手工四線 (ET-55) | B38: 熱乾麵 | D38: 青花椒麻雞肉拌麵 | F38: =VLOOKUP(D38,廠價表!$C$1:$E$43,3,0) -> 49.91 | G38: 2025 | H38: =F38*G38 -> 101067.75 | J38: =VLOOKUP(D38,產線配置圖!$A$3:$C$40,2,0) -> 16 | K38: =VLOOKUP(D38,產線配置圖!$A$3:$C$40,3,0) -> 1714 | L38: =K38/J38 -> 107.125 | M38: 16 | N38: =G38/W38*60 -> 1429.4118 | O38: =N38/M38 -> 89.338235 | P38: =M38-J38 -> 0 | Q38: =O38-L38 -> -17.786765 | R38: =O38/L38 -> 0.83396252 | S38: =R48 -> 0.87586345 | T38: 0.33333333 | U38: 0.39236111 | W38: =(U38-T38)*24*60 -> 85 | AF38: =N38-K38 -> -284.58824 | AG38: =N38/K38 -> 0.83396252 | AH38: =AG48 -> 0.87766395
B39: 熱乾麵 | D39: 府城鹽水意麵 | F39: =VLOOKUP(D39,廠價表!$C$1:$E$43,3,0) -> 44.3 | G39: 2646 | H39: =F39*G39 -> 117217.8 | J39: =VLOOKUP(D39,產線配置圖!$A$3:$C$40,2,0) -> 18 | K39: =VLOOKUP(D39,產線配置圖!$A$3:$C$40,3,0) -> 1636 | L39: =K39/J39 -> 90.888889 | M39: 18 | N39: =G39/W39*60 -> 1368.6207 | O39: =N39/M39 -> 76.034483 | P39: =M39-J39 -> 0 | Q39: =O39-L39 -> -14.854406 | R39: =O39/L39 -> 0.83656521 | T39: 0.39861111 | U39: 0.47916667 | V39: =(T39-U38)*24*60 -> 9 | W39: =(U39-T39)*24*60 -> 116 | AF39: =N39-K39 -> -267.37931 | AG39: =N39/K39 -> 0.83656521
B40: 熱乾麵 | D40: 府城鹽水意麵 | F40: =VLOOKUP(D40,廠價表!$C$1:$E$43,3,0) -> 44.3 | G40: 1841 | H40: =F40*G40 -> 81556.3 | J40: =VLOOKUP(D40,產線配置圖!$A$3:$C$40,2,0) -> 18 | K40: =VLOOKUP(D40,產線配置圖!$A$3:$C$40,3,0) -> 1636 | L40: =K40/J40 -> 90.888889 | M40: 18 | N40: =G40/W40*60 -> 1578 | O40: =N40/M40 -> 87.666667 | P40: =M40-J40 -> 0 | Q40: =O40-L40 -> -3.2222222 | R40: =O40/L40 -> 0.96454768 | T40: 0.54861111 | U40: 0.59722222 | V40: =(T40-U39)*24*60 -> 100 | W40: =(U40-T40)*24*60 -> 70 | AF40: =N40-K40 -> -58 | AG40: =N40/K40 -> 0.96454768
W41: =(U41-T41)*24*60 -> 0 | AF41: =N41-K41 -> 0 | AG41: =N41/K41 -> #DIV/0!
W42: =(U42-T42)*24*60 -> 0
W43: =(U43-T43)*24*60 -> 0
W44: =(U44-T44)*24*60 -> 0
W45: =(U45-T45)*24*60 -> 0
W46: =(U46-T46)*24*60 -> 0
H47: =F47*G47 -> 0 | W47: =(U47-T47)*24*60 -> 0
C48: 4度二組C1 | D48: 平均 | J48: =AVERAGE(J38:J47) -> 17.333333 | K48: =AVERAGE(K38:K47) -> 1662 | L48: =AVERAGE(L38:L47) -> 96.300926 | M48: =AVERAGE(M38:M47) -> 17.333333 | N48: =AVERAGE(N38:N47) -> 1458.6775 | O48: =AVERAGE(O38:O47) -> 84.346462 | P48: =M48-J48 -> 0 | Q48: =N48-K48 -> -203.32252 | R48: =O48/L48 -> 0.87586345 | W48: =(U48-T48)*24*60 -> 0 | Z48: =SUM(Z38:Z47) -> 0 | AA48: =SUM(AA38:AA47) -> 0 | AD48: =SUM(AD38:AD47) -> 0 | AE48: =SUM(AE38:AE47) -> 0 | AF48: =N48-K48 -> -203.32252 | AG48: =N48/K48 -> 0.87766395
A49: 手工五線 (ET-55) | B49: 義大利麵 | D49: 黑松露野菇義大利麵 | F49: =VLOOKUP(D49,廠價表!$C$1:$E$43,3,0) -> 50.289 | G49: 1698 | H49: =F49*G49 -> 85390.722 | J49: =VLOOKUP(D49,產線配置圖!$A$3:$C$40,2,0) -> 17 | K49: =VLOOKUP(D49,產線配置圖!$A$3:$C$40,3,0) -> 1636 | L49: =K49/J49 -> 96.235294 | M49: 17 | N49: =G49/W49*60 -> 1543.6364 | O49: =N49/M49 -> 90.802139 | P49: =M49-J49 -> 0 | Q49: =O49-L49 -> -5.4331551 | R49: =O49/L49 -> 0.94354301 | S49: =R58 -> 0.88720232 | T49: 0.29166667 | U49: 0.3375 | W49: =(U49-T49)*24*60 -> 66 | AF49: =N49-K49 -> -92.363636 | AG49: =N49/K49 -> 0.94354301 | AH49: =AG58 -> 0.88878031
B50: 義大利麵 | D50: 焗烤起司雙饗筆尖麵 | F50: =VLOOKUP(D50,廠價表!$C$1:$E$43,3,0) -> 49.97 | G50: 4732 | H50: =F50*G50 -> 236458.04 | J50: =VLOOKUP(D50,產線配置圖!$A$3:$C$40,2,0) -> 16 | K50: =VLOOKUP(D50,產線配置圖!$A$3:$C$40,3,0) -> 1800 | L50: =K50/J50 -> 112.5 | M50: 16 | N50: =G50/W50*60 -> 1510.2128 | O50: =N50/M50 -> 94.388298 | P50: =M50-J50 -> 0 | Q50: =O50-L50 -> -18.111702 | R50: =O50/L50 -> 0.83900709 | T50: 0.34305556 | U50: 0.47361111 | V50: =(T50-U49)*24*60 -> 8 | W50: =(U50-T50)*24*60 -> 188 | AF50: =N50-K50 -> -289.78723 | AG50: =N50/K50 -> 0.83900709
W51: =(U51-T51)*24*60 -> 0 | AF51: =N51-K51 -> 0 | AG51: =N51/K51 -> #DIV/0!
W52: =(U52-T52)*24*60 -> 0 | AF52: =N52-K52 -> 0 | AG52: =N52/K52 -> #DIV/0!
W53: =(U53-T53)*24*60 -> 0 | AF53: =N53-K53 -> 0 | AG53: =N53/K53 -> #DIV/0!
W54: =(U54-T54)*24*60 -> 0
W55: =(U55-T55)*24*60 -> 0
W56: =(U56-T56)*24*60 -> 0
W57: =(U57-T57)*24*60 -> 0
C58: 4度二組C2 | D58: 平均 | J58: =AVERAGE(J49:J57) -> 16.5 | K58: =AVERAGE(K49:K57) -> 1718 | L58: =AVERAGE(L49:L57) -> 104.36765 | M58: =AVERAGE(M49:M57) -> 16.5 | N58: =AVERAGE(N49:N57) -> 1526.9246 | O58: =AVERAGE(O49:O57) -> 92.595218 | P58: =M58-J58 -> 0 | Q58: =N58-K58 -> -191.07544 | R58: =O58/L58 -> 0.88720232 | Z58: =SUM(Z49:Z57) -> 0 | AA58: =SUM(AA49:AA57) -> 0 | AD58: =SUM(AD49:AD57) -> 0 | AE58: =SUM(AE49:AE57) -> 0 | AF58: =N58-K58 -> -191.07544 | AG58: =N58/K58 -> 0.88878031
A59: 調理包一線 (八爪機) | B59: 小吃、微波 | D59: 小滷青蔬 | F59: =VLOOKUP(D59,廠價表!$C$1:$E$43,3,0) -> 26.99 | G59: 2822 | H59: =F59*G59 -> 76165.78 | J59: =VLOOKUP(D59,產線配置圖!$A$3:$C$40,2,0) -> 15 | K59: =VLOOKUP(D59,產線配置圖!$A$3:$C$40,3,0) -> 1636 | L59: =K59/J59 -> 109.06667 | M59: 15 | N59: =G59/W59*60 -> 1354.56 | O59: =N59/M59 -> 90.304 | P59: =M59-J59 -> 0 | Q59: =O59-L59 -> -18.762667 | R59: =O59/L59 -> 0.82797066 | S59: =R69 -> 0.8792715 | T59: 0.29166667 | U59: 0.37847222 | W59: =(U59-T59)*24*60 -> 125 | AF59: =N59-K59 -> -281.44 | AG59: =N59/K59 -> 0.82797066 | AH59: =AG69 -> 0.87653545
B60: 小吃、微波 | D60: 起司馬鈴薯 | F60: =VLOOKUP(D60,廠價表!$C$1:$E$43,3,0) -> 28.26 | G60: 1045 | H60: =F60*G60 -> 29531.7 | J60: =VLOOKUP(D60,產線配置圖!$A$3:$C$40,2,0) -> 11 | K60: =VLOOKUP(D60,產線配置圖!$A$3:$C$40,3,0) -> 1636 | L60: =K60/J60 -> 148.72727 | M60: 11 | N60: =G60/W60*60 -> 1567.5 | O60: =N60/M60 -> 142.5 | P60: =M60-J60 -> 0 | Q60: =O60-L60 -> -6.2272727 | R60: =O60/L60 -> 0.95812958 | T60: 0.38541667 | U60: 0.41319444 | V60: =(T60-U59)*24*60 -> 10 | W60: =(U60-T60)*24*60 -> 40 | AF60: =N60-K60 -> -68.5 | AG60: =N60/K60 -> 0.95812958
B61: 小吃、微波 | D61: 韓式炒冬粉 | F61: =VLOOKUP(D61,廠價表!$C$1:$E$43,3,0) -> 28.26 | G61: 612 | H61: =F61*G61 -> 17295.12 | J61: =VLOOKUP(D61,產線配置圖!$A$3:$C$40,2,0) -> 11 | K61: =VLOOKUP(D61,產線配置圖!$A$3:$C$40,3,0) -> 1636 | L61: =K61/J61 -> 148.72727 | M61: 11 | N61: =G61/W61*60 -> 1224 | O61: =N61/M61 -> 111.27273 | P61: =M61-J61 -> 0 | Q61: =O61-L61 -> -37.454545 | R61: =O61/L61 -> 0.74816626 | T61: 0.42013889 | U61: 0.44097222 | V61: =(T61-U60)*24*60 -> 10 | W61: =(U61-T61)*24*60 -> 30 | AB61: 生產數量少 | AF61: =N61-K61 -> -412 | AG61: =N61/K61 -> 0.74816626
B62: 小吃、微波 | D62: 麻辣雞心 | F62: =VLOOKUP(D62,廠價表!$C$1:$E$43,3,0) -> 28.26 | G62: 1254 | H62: =F62*G62 -> 35438.04 | J62: =VLOOKUP(D62,產線配置圖!$A$3:$C$40,2,0) -> 11 | K62: =VLOOKUP(D62,產線配置圖!$A$3:$C$40,3,0) -> 1636 | L62: =K62/J62 -> 148.72727 | M62: 11 | N62: =G62/W62*60 -> 1504.8 | O62: =N62/M62 -> 136.8 | P62: =M62-J62 -> 0 | Q62: =O62-L62 -> -11.927273 | R62: =O62/L62 -> 0.9198044 | T62: 0.44791667 | U62: 0.48263889 | V62: =(T62-U61)*24*60 -> 10 | W62: =(U62-T62)*24*60 -> 50 | AF62: =N62-K62 -> -131.2 | AG62: =N62/K62 -> 0.9198044
B63: 小吃、微波 | D63: 麻辣雞心 | F63: =VLOOKUP(D63,廠價表!$C$1:$E$43,3,0) -> 28.26 | G63: 1266 | H63: =F63*G63 -> 35777.16 | J63: =VLOOKUP(D63,產線配置圖!$A$3:$C$40,2,0) -> 11 | K63: =VLOOKUP(D63,產線配置圖!$A$3:$C$40,3,0) -> 1636 | L63: =K63/J63 -> 148.72727 | M63: 11 | N63: =G63/W63*60 -> 1519.2 | O63: =N63/M63 -> 138.10909 | P63: =M63-J63 -> 0 | Q63: =O63-L63 -> -10.618182 | R63: =O63/L63 -> 0.92860636 | T63: 0.54861111 | U63: 0.58333333 | V63: =(T63-U62)*24*60 -> 95 | W63: =(U63-T63)*24*60 -> 50
W64: =(U64-T64)*24*60 -> 0
W65: =(U65-T65)*24*60 -> 0
W66: =(U66-T66)*24*60 -> 0
W67: =(U67-T67)*24*60 -> 0
H68: =F68*G68 -> 0 | W68: =(U68-T68)*24*60 -> 0
C69: 4度三組 | D69: 平均 | J69: =AVERAGE(J59:J68) -> 11.8 | K69: =AVERAGE(K59:K68) -> 1636 | L69: =AVERAGE(L59:L68) -> 140.79515 | M69: =AVERAGE(M59:M68) -> 11.8 | N69: =AVERAGE(N59:N68) -> 1434.012 | O69: =AVERAGE(O59:O68) -> 123.79716 | P69: =M69-J69 -> 0 | Q69: =N69-K69 -> -201.988 | R69: =O69/L69 -> 0.8792715 | Z69: =SUM(Z59:Z68) -> 0 | AA69: =SUM(AA59:AA68) -> 0 | AD69: =SUM(AD59:AD68) -> 0 | AE69: =SUM(AE59:AE68) -> 0 | AF69: =N69-K69 -> -201.988 | AG69: =N69/K69 -> 0.87653545
A70: 調理包二線 (手工) | B70: 義大利麵 | D70: 番茄蘑菇義大利麵 | F70: =VLOOKUP(D70,廠價表!$C$1:$E$43,3,0) -> 43.89 | G70: 874 | H70: =F70*G70 -> 38359.86 | J70: =VLOOKUP(D70,產線配置圖!$A$3:$C$40,2,0) -> 13 | K70: =VLOOKUP(D70,產線配置圖!$A$3:$C$40,3,0) -> 1565 | L70: =K70/J70 -> 120.38462 | M70: 10 | N70: =G70/W70*60 -> 1092.5 | O70: =N70/M70 -> 109.25 | P70: =M70-J70 -> -3 | Q70: =O70-L70 -> -11.134615 | R70: =O70/L70 -> 0.90750799 | S70: =R79 -> 0.90750799 | T70: 0.29166667 | U70: 0.325 | W70: =(U70-T70)*24*60 -> 48 | AF70: =N70-K70 -> -472.5 | AG70: =N70/K70 -> 0.69808307 | AH70: =AG79 -> 0.69808307
W71: =(U71-T71)*24*60 -> 0 | AF71: -300.3125 | AG71: 0.80810703
W72: =(U72-T72)*24*60 -> 0 | AF72: -130.33333 | AG72: 0.91671991
W73: =(U73-T73)*24*60 -> 0
W74: =(U74-T74)*24*60 -> 0
H75: =F75*G75 -> 0 | W75: =(U75-T75)*24*60 -> 0
H76: =F76*G76 -> 0 | W76: =(U76-T76)*24*60 -> 0
H77: =F77*G77 -> 0 | W77: =(U77-T77)*24*60 -> 0
H78: =F78*G78 -> 0 | W78: =(U78-T78)*24*60 -> 0
C79: 4度四組 | D79: 平均 | J79: =AVERAGE(J70:J78) -> 13 | K79: =AVERAGE(K70:K78) -> 1565 | L79: =AVERAGE(L70:L78) -> 120.38462 | M79: =AVERAGE(M70:M78) -> 10 | N79: =AVERAGE(N70:N78) -> 1092.5 | O79: =AVERAGE(O70:O78) -> 109.25 | P79: =M79-J79 -> -3 | Q79: =N79-K79 -> -472.5 | R79: =O79/L79 -> 0.90750799 | Z79: =SUM(Z70:Z78) -> 0 | AA79: =SUM(AA70:AA78) -> 0 | AD79: =SUM(AD70:AD78) -> 0 | AE79: =SUM(AE70:AE78) -> 0 | AF79: =N79-K79 -> -472.5 | AG79: =N79/K79 -> 0.69808307
AJ80: 1.當日出勤人數較多
AJ81: 2.當日出勤人數較少
AJ82: 3.當日出勤熟手較少
AJ83: 4.當日出勤新人較多
AJ84: 5.機台夾盒
AJ85: 6.封膜不順
AJ86: 7.更換膠膜
AJ87: 8.更換碳帶
AJ88: 9.當日熱轉印碳帶異常
AJ89: 10.訂單量過少
AJ90: 11.新品上市，尚未熟悉
AJ91: 12.商品結構，產能較低
AJ92: 13.區域出貨，分段生產

Sheet 0906總
B1: 長家廠組合室生產人時性分析
B3: 日期 | D3: 46271 | F3: 訂單量 | G3: ='0906'!E1 -> 56985 | I3: 營業額 | J3: ='0906'!G1 -> 2650953.7
B4: 項目 | D4: 3 | F4: ➀ | H4: ➁ | J4: ③ | L4: 異常停線 | N4: 短暫停線
B5: 人時性 | D5: 組合室 | F5: 全溫層 | H5: 義大利麵 | J5: 袋裝小吃、義麵 | L5: 合計次數 | M5: 時間 | N5: 合計次數 | O5: 設備次數
D6: 排關平均 | F6: =AVERAGE(D13:J13) -> 128.98661 | H6: =AVERAGE(D13:H13) -> 126.56865 | J6: =AVERAGE(I13:J13) -> 135.03151 | L6: ='0906'!Z2 -> 0 | M6: ='0906'!AA2 -> 0 | N6: ='0906'!AD2 -> 4 | O6: ='0906'!AE2 -> 4
D7: 實績平均 | F7: =AVERAGE(D14:J14) -> 116.06775 | H7: =AVERAGE(D14:H14) -> 112.04631 | J7: =AVERAGE(I14:J14) -> 126.12136
D8: 達成率平均 | F8: =AVERAGE(D15:J15) -> 0.90248419 | H8: =AVERAGE(D15:H15) -> 0.88985369 | J8: =AVERAGE(I15:J15) -> 0.93406045
J9: ※現行日本鮮食廠以達成率80%為基本(即為現行KPI)
B10: 溫層 | D10: 4度C-各編組展開
B11: 編組 | D11: 1 | E11: 2 | F11: 3 | G11: 4 | H11: 5 | I11: 6 | J11: 7
D12: 自動1線 | E12: 自動2線 | F12: 手工3線 | G12: 手工4線 | H12: 手工5線 | I12: 調理包1線 | J12: 調理包2線
B13: 人時性 | C13: 排關 | D13: =VALUE('0906'!L15) -> 163.80495 | E13: =VALUE('0906'!L26) -> 171.42857 | F13: =VALUE('0906'!L37) -> 94.230392 | G13: =VALUE('0906'!L48) -> 96.300926 | H13: =VALUE('0906'!L58) -> 107.07843 | I13: =VALUE('0906'!L69) -> 135.50707 | J13: ='0906'!L79 -> 134.55594
C14: 實績 | D14: =VALUE('0906'!O15) -> 146.77188 | E14: =VALUE('0906'!O26) -> 144.93043 | F14: =VALUE('0906'!O37) -> 86.22742 | G14: =VALUE('0906'!O48) -> 86.347111 | H14: =VALUE('0906'!O58) -> 95.954713 | I14: =VALUE('0906'!O69) -> 124.79638 | J14: ='0906'!O79 -> 127.44634
C15: 達成率 | D15: =D14/D13 -> 0.89601619 | E15: =E14/E13 -> 0.8454275 | F15: =F14/F13 -> 0.91507016 | G15: =G14/G13 -> 0.89663843 | H15: =H14/H13 -> 0.89611616 | I15: =I14/I13 -> 0.9209584 | J15: ='0906'!S70 -> 0.94716249
B16: 作業 時間 | C16: 開始 | D16: ='0906'!T5 -> 0.29166667 | E16: ='0906'!T16 -> 0.29027778 | F16: ='0906'!T27 -> 0.29722222 | G16: ='0906'!T38 -> 0.34027778 | H16: ='0906'!T49 -> 0.29166667 | I16: ='0906'!T59 -> 0.29166667 | J16: ='0906'!T70 -> 0.30833333
C17: 結束 | D17: 0.61111111 | E17: 0.63541667 | F17: 0.55208333 | G17: 0.66319444 | H17: 0.59236111 | I17: 0.47569444 | J17: 0.50694444
B18: 產線異常 (5分鐘以上) | C18: 次數 | D18: ='0906'!Z15 -> 0 | E18: ='0906'!Z26 -> 0 | F18: ='0906'!Z37 -> 0 | G18: ='0906'!Z48 -> 0 | H18: ='0906'!Z58 -> 0 | I18: ='0906'!Z69 -> 0 | J18: ='0906'!AA79 -> 0
C19: 時間/分 | D19: ='0906'!AA15 -> 0 | E19: ='0906'!AA26 -> 0 | F19: ='0906'!AA37 -> 0 | G19: ='0906'!AA48 -> 0 | H19: ='0906'!AA58 -> 0 | I19: ='0906'!AA69 -> 0 | J19: ='0906'!AB79 -> 0
B20: 短暫停線 (5分鐘以下) | C20: 次數 | D20: ='0906'!AD15 -> 2 | E20: ='0906'!AD26 -> 2 | F20: ='0906'!AD37 -> 0 | G20: ='0906'!AD48 -> 0 | H20: ='0906'!AD58 -> 0 | I20: ='0906'!AD69 -> 0 | J20: ='0906'!AD79 -> 0
C21: 設備次數 | D21: ='0906'!AE15 -> 2 | E21: ='0906'!AE26 -> 2 | F21: ='0906'!AE37 -> 0 | G21: ='0906'!AE48 -> 0 | H21: ='0906'!AE58 -> 0 | I21: ='0906'!AE69 -> 0 | J21: ='0906'!AE79 -> 0
B22: 配置人數 | D22: =VALUE('0906'!M15) -> 13.75 | E22: =VALUE('0906'!M26) -> 13.2 | F22: =VALUE('0906'!M37) -> 16.4 | G22: =VALUE('0906'!M48) -> 17.333333 | H22: =VALUE('0906'!M58) -> 16.333333 | I22: =VALUE('0906'!M69) -> 12.333333 | J22: ='0906'!M79 -> 7.5
B23: 主要應用設備 | D23: ET-600 | E23: ET-600 | F23: ET-55 | G23: ET-55 | H23: ET-55 | I23: 八爪機
B24: 次要應用設備 | H24: 封口機
B25: 備註

Sheet 0906
A1: 長家廠4度C日報分析 | D1: 總生產量 | E1: =SUM(G5:G79) -> 56985 | F1: 營業額 | G1: =SUM(H5:H79) -> 2650953.7 | H1: 出勤人數 | I1: =M15+M26+M48+M58+M69+M79+M37 -> 96.85 | J1: 產線配置圖 | M1: 生產實績 | P1: 人時性差異分析 | T1: 日報登錄 | Z1: 合計 次數 | AA1: 合計 時間/分 | AB1: 分析說明 | AD1: 合計 次數 | AE1: 合計 設備次數 | AF1: 產能差異分析
A2: 9月6日 星期日 | D2: 人時性 | E2: =AVERAGE(O15,O26,O37,O48,O58,O69,O79) -> 116.06775 | F2: 平均廠價 | G2: =G1/E1 -> 46.520202 | H2: 多次生產數 | I2: =COUNT(I5:I79) -> 0 | Z2: =Z15+Z26+Z37+Z48+Z58+Z69+Z79 -> 0 | AA2: =AA15+AA26+AA37+AA48+AA58+AA69+AA79 -> 0 | AD2: =AD15+AD26+AD37+AD48+AD58+AD69+AD79 -> 4 | AE2: =AE15+AE26+AE37+AE48+AE58+AE69+AE79 -> 4
A3: 線別 | B3: 品類 | D3: 品名 | F3: 廠價 | G3: 生產量 | H3: 營收 | I3: 多次 生產 | J3: 人數 | K3: 產能/時 | L3: 人時性 | M3: 人數 | N3: 產能/時 | O3: 人時性 | P3: 人數 | Q3: 人時性 | R3: 達成率 | S3: 達成率平均 | T3: 生產時間 | V3: 前置、換線時間/分 | W3: 稼動時間/分 | X3: 休息時間 | Z3: 產線異常統計 (5分鐘以上) | AD3: 短暫停線統計 (5分鐘以下) | AF3: 產能/時 | AG3: 達成率 | AH3: 達成率平均
T4: 開始 | U4: 結束 | X4: 開始 | Y4: 結束 | Z4: 次數 | AA4: 時間/分 | AD4: 總次數 | AE4: 設備因素(次數)
A5: 自動一線 (ET-600) | B5: 義大利麵 | D5: 白酒清炒鮮蛤義大利麵 | F5: =VLOOKUP(D5,廠價表!$C$1:$E$43,3,0) -> 56.87 | G5: 2324 | H5: =F5*G5 -> 132165.88 | J5: =VLOOKUP(D5,產線配置圖!$A$3:$C$40,2,0) -> 14 | K5: =VLOOKUP(D5,產線配置圖!$A$3:$C$40,3,0) -> 2250 | L5: =K5/J5 -> 160.71429 | M5: 14 | N5: =G5/W5*60 -> 1834.7368 | O5: =N5/M5 -> 131.05263 | P5: =M5-J5 -> 0 | Q5: =O5-L5 -> -29.661654 | R5: =O5/L5 -> 0.8154386 | S5: =R15 -> 0.89601619 | T5: 0.29166667 | U5: 0.34444444 | W5: =(U5-T5)*24*60 -> 76 | AB5: 7:13-7:14、7:25-7:26玉取機停麵 08:17-08:20待麵，停線 | AD5: 2 | AE5: 2 | AF5: =N5-K5 -> -415.26316 | AG5: =N5/K5 -> 0.8154386 | AH5: =AG15 -> 0.89473445
B6: 義大利麵 | D6: 香煎魚排佐檸檬奶油義大利麵 | F6: =VLOOKUP(D6,廠價表!$C$1:$E$43,3,0) -> 58.17 | G6: 2888 | H6: =F6*G6 -> 167994.96 | J6: =VLOOKUP(D6,產線配置圖!$A$3:$C$40,2,0) -> 13 | K6: =VLOOKUP(D6,產線配置圖!$A$3:$C$40,3,0) -> 2250 | L6: =K6/J6 -> 173.07692 | M6: 13 | N6: =G6/W6*60 -> 2166 | O6: =N6/M6 -> 166.61538 | P6: =M6-J6 -> 0 | Q6: =O6-L6 -> -6.4615385 | R6: =O6/L6 -> 0.96266667 | T6: 0.35486111 | U6: 0.41041667 | V6: =(T6-U5)*24*60 -> 15 | W6: =(U6-T6)*24*60 -> 80 | AF6: =N6-K6 -> -84 | AG6: =N6/K6 -> 0.96266667
B7: 義大利麵 | D7: 奶油培根義大利麵 | F7: =VLOOKUP(D7,廠價表!$C$1:$E$43,3,0) -> 49.14 | G7: 2948 | H7: =F7*G7 -> 144864.72 | J7: =VLOOKUP(D7,產線配置圖!$A$3:$C$40,2,0) -> 14 | K7: =VLOOKUP(D7,產線配置圖!$A$3:$C$40,3,0) -> 2250 | L7: =K7/J7 -> 160.71429 | M7: 14 | N7: =G7/W7*60 -> 2157.0732 | O7: =N7/M7 -> 154.07666 | P7: =M7-J7 -> 0 | Q7: =O7-L7 -> -6.6376307 | R7: =O7/L7 -> 0.95869919 | T7: 0.41875 | U7: 0.47569444 | V7: =(T7-U6)*24*60 -> 12 | W7: =(U7-T7)*24*60 -> 82 | AF7: =N7-K7 -> -92.926829 | AG7: =N7/K7 -> 0.95869919
B8: 義大利麵 | D8: 奶油培根義大利麵 | F8: =VLOOKUP(D8,廠價表!$C$1:$E$43,3,0) -> 49.14 | G8: 3158 | H8: =F8*G8 -> 155184.12 | J8: =VLOOKUP(D8,產線配置圖!$A$3:$C$40,2,0) -> 14 | K8: =VLOOKUP(D8,產線配置圖!$A$3:$C$40,3,0) -> 2250 | L8: =K8/J8 -> 160.71429 | M8: 14 | N8: =G8/W8*60 -> 1894.8 | O8: =N8/M8 -> 135.34286 | P8: =M8-J8 -> 0 | Q8: =O8-L8 -> -25.371429 | R8: =O8/L8 -> 0.84213333 | T8: 0.54166667 | U8: 0.61111111 | V8: =(T8-U7)*24*60 -> 95 | W8: =(U8-T8)*24*60 -> 100 | AF8: =N8-K8 -> -355.2 | AG8: =N8/K8 -> 0.84213333
W9: =(U9-T9)*24*60 -> 0 | AF9: =N9-K9 -> 0 | AG9: =N9/K9 -> #DIV/0!
W10: =(U10-T10)*24*60 -> 0 | AF10: =N10-K10 -> 0 | AG10: =N10/K10 -> #DIV/0!
W11: =(U11-T11)*24*60 -> 0 | AF11: =N11-K11 -> 0 | AG11: =N11/K11 -> #DIV/0!
W12: =(U12-T12)*24*60 -> 0
W13: =(U13-T13)*24*60 -> 0
W14: =(U14-T14)*24*60 -> 0
C15: 4度一組 | D15: 平均 | J15: =AVERAGE(J5:J14) -> 13.75 | K15: =AVERAGE(K5:K14) -> 2250 | L15: =AVERAGE(L5:L14) -> 163.80495 | M15: =AVERAGE(M5:M14) -> 13.75 | N15: =AVERAGE(N5:N14) -> 2013.1525 | O15: =AVERAGE(O5:O14) -> 146.77188 | P15: =M15-J15 -> 0 | Q15: =O15-L15 -> -17.033063 | R15: =O15/L15 -> 0.89601619 | Z15: =SUM(Z5:Z14) -> 0 | AA15: =SUM(AA5:AA14) -> 0 | AD15: =SUM(AD5:AD14) -> 2 | AE15: =SUM(AE5:AE14) -> 2 | AF15: =N15-K15 -> -236.8475 | AG15: =N15/K15 -> 0.89473445
A16: 自動二線 (ET-600) | B16: 義大利麵 | D16: 白酒清炒鮮蛤義大利麵 | F16: =VLOOKUP(D16,廠價表!$C$1:$E$43,3,0) -> 56.87 | G16: 1964 | H16: =F16*G16 -> 111692.68 | J16: =VLOOKUP(D16,產線配置圖!$A$3:$C$40,2,0) -> 14 | K16: =VLOOKUP(D16,產線配置圖!$A$3:$C$40,3,0) -> 2250 | L16: =K16/J16 -> 160.71429 | M16: 14 | N16: =G16/W16*60 -> 1758.806 | O16: =N16/M16 -> 125.629 | P16: =M16-J16 -> 0 | Q16: =O16-L16 -> -35.085288 | R16: =O16/L16 -> 0.78169154 | S16: =R26 -> 0.8454275 | T16: 0.29027778 | U16: 0.33680556 | W16: =(U16-T16)*24*60 -> 67 | AB16: 7:13-7:14、7:25-7:26玉取機停麵 08:17-08:20待麵，停線 | AD16: 2 | AE16: 2 | AF16: =N16-K16 -> -491.19403 | AG16: =N16/K16 -> 0.78169154 | AH16: =AG26 -> 0.84373704
B17: 義大利麵 | D17: 青醬蛤蜊義大利麵 | F17: =VLOOKUP(D17,廠價表!$C$1:$E$43,3,0) -> 50.67 | G17: 3493 | H17: =F17*G17 -> 176990.31 | J17: 14 | K17: =VLOOKUP(D17,產線配置圖!$A$3:$C$40,3,0) -> 2250 | L17: =K17/J17 -> 160.71429 | M17: 14 | N17: =G17/W17*60 -> 2054.7059 | O17: =N17/M17 -> 146.76471 | P17: =M17-J17 -> 0 | Q17: =O17-L17 -> -13.94958 | R17: =O17/L17 -> 0.91320261 | T17: 0.34375 | U17: 0.41458333 | V17: =(T17-U16)*24*60 -> 10 | W17: =(U17-T17)*24*60 -> 102 | AF17: =N17-K17 -> -195.29412 | AG17: =N17/K17 -> 0.91320261
B18: 義大利麵 | D18: 義式蕃茄起司義大利麵 | F18: =VLOOKUP(D18,廠價表!$C$1:$E$43,3,0) -> 50.39 | G18: 2708 | H18: =F18*G18 -> 136456.12 | J18: =VLOOKUP(D18,產線配置圖!$A$3:$C$40,2,0) -> 12 | K18: =VLOOKUP(D18,產線配置圖!$A$3:$C$40,3,0) -> 2250 | L18: =K18/J18 -> 187.5 | M18: 12 | N18: =G18/W18*60 -> 2110.1299 | O18: =N18/M18 -> 175.84416 | P18: =M18-J18 -> 0 | Q18: =O18-L18 -> -11.655844 | R18: =O18/L18 -> 0.9378355 | T18: 0.425 | U18: 0.47847222 | V18: =(T18-U17)*24*60 -> 15 | W18: =(U18-T18)*24*60 -> 77 | AF18: =N18-K18 -> -139.87013 | AG18: =N18/K18 -> 0.9378355
B19: 義大利麵 | D19: 義式蕃茄起司義大利麵 | F19: =VLOOKUP(D19,廠價表!$C$1:$E$43,3,0) -> 50.39 | G19: 3014 | H19: =F19*G19 -> 151875.46 | J19: =VLOOKUP(D19,產線配置圖!$A$3:$C$40,2,0) -> 12 | K19: =VLOOKUP(D19,產線配置圖!$A$3:$C$40,3,0) -> 2250 | L19: =K19/J19 -> 187.5 | M19: 12 | N19: =G19/W19*60 -> 1808.4 | O19: =N19/M19 -> 150.7 | P19: =M19-J19 -> 0 | Q19: =O19-L19 -> -36.8 | R19: =O19/L19 -> 0.80373333 | T19: 0.54236111 | U19: 0.61180556 | V19: =(T19-U18)*24*60 -> 92 | W19: =(U19-T19)*24*60 -> 100 | AF19: =N19-K19 -> -441.6 | AG19: =N19/K19 -> 0.80373333
B20: 義大利麵 | D20: 青醬蛤蜊義大利麵 | F20: =VLOOKUP(D20,廠價表!$C$1:$E$43,3,0) -> 50.67 | G20: 704 | H20: =F20*G20 -> 35671.68 | J20: 14 | K20: =VLOOKUP(D20,產線配置圖!$A$3:$C$40,3,0) -> 2250 | L20: =K20/J20 -> 160.71429 | M20: 14 | N20: =G20/W20*60 -> 1760 | O20: =N20/M20 -> 125.71429 | P20: =M20-J20 -> 0 | Q20: =O20-L20 -> -35 | R20: =O20/L20 -> 0.78222222 | T20: 0.61875 | U20: 0.63541667 | V20: =(T20-U19)*24*60 -> 10 | W20: =(U20-T20)*24*60 -> 24 | AB20: 生產數量少
W21: =(U21-T21)*24*60 -> 0
W22: 0
W23: =(U23-T23)*24*60 -> 0
H24: =F24*G24 -> 0 | W24: =(U24-T24)*24*60 -> 0
H25: =F25*G25 -> 0 | W25: =(U25-T25)*24*60 -> 0
C26: 4度二組A | D26: 平均 | J26: =AVERAGE(J16:J25) -> 13.2 | K26: =AVERAGE(K16:K25) -> 2250 | L26: =AVERAGE(L16:L25) -> 171.42857 | M26: =AVERAGE(M16:M25) -> 13.2 | N26: =AVERAGE(N16:N25) -> 1898.4083 | O26: =AVERAGE(O16:O25) -> 144.93043 | P26: =M26-J26 -> 0 | Q26: =O26-L26 -> -26.498142 | R26: =O26/L26 -> 0.8454275 | Z26: =SUM(Z16:Z25) -> 0 | AA26: =SUM(AA16:AA25) -> 0 | AD26: =SUM(AD16:AD25) -> 2 | AE26: =SUM(AE16:AE25) -> 2 | AF26: =N26-K26 -> -351.59166 | AG26: =N26/K26 -> 0.84373704
A27: 手工三線 (ET-55) | B27: 義大利麵 | D27: 金沙豆腐義大利麵 | F27: =VLOOKUP(D27,廠價表!$C$1:$E$43,3,0) -> 49.91 | G27: 985 | H27: =F27*G27 -> 49161.35 | J27: =VLOOKUP(D27,產線配置圖!$A$3:$C$40,2,0) -> 18 | K27: 1636 | L27: =K27/J27 -> 90.888889 | M27: 17 | N27: =G27/W27*60 -> 1407.1429 | O27: =N27/M27 -> 82.773109 | P27: =M27-J27 -> -1 | Q27: =O27-L27 -> -8.1157796 | R27: =O27/L27 -> 0.91070658 | S27: =R37 -> 0.91507016 | T27: 0.29722222 | U27: 0.32638889 | W27: =(U27-T27)*24*60 -> 42 | AF27: =N27-K27 -> -228.85714 | AG27: =N27/K27 -> 0.86011177 | AH27: =AG37 -> 0.86395117
B28: 義大利麵 | D28: 奶油鮮蝦明太子細扁麵 | F28: =VLOOKUP(D28,廠價表!$C$1:$E$43,3,0) -> 57.21 | G28: 952 | H28: =F28*G28 -> 54463.92 | J28: =VLOOKUP(D28,產線配置圖!$A$3:$C$40,2,0) -> 18 | K28: =VLOOKUP(D28,產線配置圖!$A$3:$C$40,3,0) -> 1636 | L28: =K28/J28 -> 90.888889 | M28: 17 | N28: =G28/W28*60 -> 1464.6154 | O28: =N28/M28 -> 86.153846 | P28: =M28-J28 -> -1 | Q28: =O28-L28 -> -4.7350427 | R28: =O28/L28 -> 0.94790295 | T28: 0.33263889 | U28: 0.35972222 | V28: =(T28-U27)*24*60 -> 9 | W28: =(U28-T28)*24*60 -> 39 | AB28: 08:38-08:45停線休息 | AF28: =N28-K28 -> -171.38462 | AG28: =N28/K28 -> 0.89524168
B29: 義大利麵 | D29: 義式蛋蛋青醬鮪魚冷義大利麵 | F29: =VLOOKUP(D29,廠價表!$C$1:$E$43,3,0) -> 45.66 | G29: 1103 | H29: =F29*G29 -> 50362.98 | J29: =VLOOKUP(D29,產線配置圖!$A$3:$C$40,2,0) -> 17 | K29: =VLOOKUP(D29,產線配置圖!$A$3:$C$40,3,0) -> 1636 | L29: =K29/J29 -> 96.235294 | M29: 16 | N29: =G29/W29*60 -> 1470.6667 | O29: =N29/M29 -> 91.916667 | P29: =M29-J29 -> -1 | Q29: =O29-L29 -> -4.3186275 | R29: =O29/L29 -> 0.95512429 | T29: 0.37430556 | U29: 0.40555556 | V29: =(T29-U28)*24*60 -> 21 | W29: =(U29-T29)*24*60 -> 45 | AF29: =N29-K29 -> -165.33333 | AG29: =N29/K29 -> 0.89894051
B30: 義大利麵 | D30: 蕃茄莎莎海鮮冷義大利麵 | F30: =VLOOKUP(D30,廠價表!$C$1:$E$43,3,0) -> 46.34 | G30: 1643 | H30: =F30*G30 -> 76136.62 | J30: =VLOOKUP(D30,產線配置圖!$A$3:$C$40,2,0) -> 16 | K30: =VLOOKUP(D30,產線配置圖!$A$3:$C$40,3,0) -> 1636 | L30: =K30/J30 -> 102.25 | M30: 16 | N30: =G30/W30*60 -> 1428.6957 | O30: =N30/M30 -> 89.293478 | P30: =M30-J30 -> 0 | Q30: =O30-L30 -> -12.956522 | R30: =O30/L30 -> 0.87328585 | T30: 0.41180556 | U30: 0.45972222 | V30: =(T30-U29)*24*60 -> 9 | W30: =(U30-T30)*24*60 -> 69 | AF30: =N30-K30 -> -207.30435 | AG30: =N30/K30 -> 0.87328585
B31: 義大利麵 | D31: 奶油鮮蝦明太子細扁麵 | F31: =VLOOKUP(D31,廠價表!$C$1:$E$43,3,0) -> 57.21 | G31: 756 | H31: =F31*G31 -> 43250.76 | J31: =VLOOKUP(D31,產線配置圖!$A$3:$C$40,2,0) -> 18 | K31: =VLOOKUP(D31,產線配置圖!$A$3:$C$40,3,0) -> 1636 | L31: =K31/J31 -> 90.888889 | M31: 16 | N31: =G31/W31*60 -> 1296 | O31: =N31/M31 -> 81 | P31: =M31-J31 -> -2 | Q31: =O31-L31 -> -9.8888889 | R31: =O31/L31 -> 0.89119804 | T31: 0.52777778 | U31: 0.55208333 | V31: =(T31-U30)*24*60 -> 98 | W31: =(U31-T31)*24*60 -> 35 | AF31: =N31-K31 -> -340 | AG31: =N31/K31 -> 0.79217604
W32: =(U32-T32)*24*60 -> 0
W33: =(U33-T33)*24*60 -> 0
W34: =(U34-T34)*24*60 -> 0
W35: =(U35-T35)*24*60 -> 0
H36: =F36*G36 -> 0 | W36: =(U36-T36)*24*60 -> 0
C37: 4度二組B | D37: 平均 | J37: =AVERAGE(J27:J36) -> 17.4 | K37: =AVERAGE(K27:K36) -> 1636 | L37: =AVERAGE(L27:L36) -> 94.230392 | M37: =AVERAGE(M27:M36) -> 16.4 | N37: =AVERAGE(N27:N36) -> 1413.4241 | O37: =AVERAGE(O27:O36) -> 86.22742 | P37: =M37-J37 -> -1 | Q37: =N37-K37 -> -222.57589 | R37: =O37/L37 -> 0.91507016 | Z37: =SUM(Z27:Z36) -> 0 | AA37: =SUM(AA27:AA36) -> 0 | AD37: =SUM(AD27:AD36) -> 0 | AE37: =SUM(AE27:AE36) -> 0 | AF37: =N37-K37 -> -222.57589 | AG37: =N37/K37 -> 0.86395117
A38: 手工四線 (ET-55) | B38: 熱乾麵 | D38: 青花椒麻雞肉拌麵 | F38: =VLOOKUP(D38,廠價表!$C$1:$E$43,3,0) -> 49.91 | G38: 2976 | H38: =F38*G38 -> 148532.16 | J38: =VLOOKUP(D38,產線配置圖!$A$3:$C$40,2,0) -> 16 | K38: =VLOOKUP(D38,產線配置圖!$A$3:$C$40,3,0) -> 1714 | L38: =K38/J38 -> 107.125 | M38: 16 | N38: =G38/W38*60 -> 1580.177 | O38: =N38/M38 -> 98.761062 | P38: =M38-J38 -> 0 | Q38: =O38-L38 -> -8.3639381 | R38: =O38/L38 -> 0.92192357 | S38: =R48 -> 0.89663843 | T38: 0.34027778 | U38: 0.41875 | W38: =(U38-T38)*24*60 -> 113 | AF38: =N38-K38 -> -133.82301 | AG38: =N38/K38 -> 0.92192357 | AH38: =AG48 -> 0.89555192
B39: 熱乾麵 | D39: 府城鹽水意麵 | F39: =VLOOKUP(D39,廠價表!$C$1:$E$43,3,0) -> 44.3 | G39: 2173 | H39: =F39*G39 -> 96263.9 | J39: =VLOOKUP(D39,產線配置圖!$A$3:$C$40,2,0) -> 18 | K39: =VLOOKUP(D39,產線配置圖!$A$3:$C$40,3,0) -> 1636 | L39: =K39/J39 -> 90.888889 | M39: 18 | N39: =G39/W39*60 -> 1417.1739 | O39: =N39/M39 -> 78.731884 | P39: =M39-J39 -> 0 | Q39: =O39-L39 -> -12.157005 | R39: =O39/L39 -> 0.86624322 | T39: 0.42916667 | U39: 0.49305556 | V39: =(T39-U38)*24*60 -> 15 | W39: =(U39-T39)*24*60 -> 92 | AF39: =N39-K39 -> -218.82609 | AG39: =N39/K39 -> 0.86624322
B40: 熱乾麵 | D40: 府城鹽水意麵 | F40: =VLOOKUP(D40,廠價表!$C$1:$E$43,3,0) -> 44.3 | G40: 3792 | H40: =F40*G40 -> 167985.6 | J40: =VLOOKUP(D40,產線配置圖!$A$3:$C$40,2,0) -> 18 | K40: =VLOOKUP(D40,產線配置圖!$A$3:$C$40,3,0) -> 1636 | L40: =K40/J40 -> 90.888889 | M40: 18 | N40: =G40/W40*60 -> 1467.871 | O40: =N40/M40 -> 81.548387 | P40: =M40-J40 -> 0 | Q40: =O40-L40 -> -9.3405018 | R40: =O40/L40 -> 0.89723164 | T40: 0.55555556 | U40: 0.66319444 | V40: =(T40-U39)*24*60 -> 90 | W40: =(U40-T40)*24*60 -> 155 | AF40: =N40-K40 -> -168.12903 | AG40: =N40/K40 -> 0.89723164
W41: =(U41-T41)*24*60 -> 0 | AF41: =N41-K41 -> 0 | AG41: =N41/K41 -> #DIV/0!
W42: =(U42-T42)*24*60 -> 0
W43: =(U43-T43)*24*60 -> 0
W44: =(U44-T44)*24*60 -> 0
W45: =(U45-T45)*24*60 -> 0
W46: =(U46-T46)*24*60 -> 0
H47: =F47*G47 -> 0 | W47: =(U47-T47)*24*60 -> 0
C48: 4度二組C1 | D48: 平均 | J48: =AVERAGE(J38:J47) -> 17.333333 | K48: =AVERAGE(K38:K47) -> 1662 | L48: =AVERAGE(L38:L47) -> 96.300926 | M48: =AVERAGE(M38:M47) -> 17.333333 | N48: =AVERAGE(N38:N47) -> 1488.4073 | O48: =AVERAGE(O38:O47) -> 86.347111 | P48: =M48-J48 -> 0 | Q48: =N48-K48 -> -173.59271 | R48: =O48/L48 -> 0.89663843 | W48: =(U48-T48)*24*60 -> 0 | Z48: =SUM(Z38:Z47) -> 0 | AA48: =SUM(AA38:AA47) -> 0 | AD48: =SUM(AD38:AD47) -> 0 | AE48: =SUM(AE38:AE47) -> 0 | AF48: =N48-K48 -> -173.59271 | AG48: =N48/K48 -> 0.89555192
A49: 手工五線 (ET-55) | B49: 義大利麵 | D49: 黑松露野菇義大利麵 | F49: =VLOOKUP(D49,廠價表!$C$1:$E$43,3,0) -> 50.289 | G49: 2566 | H49: =F49*G49 -> 129041.57 | J49: =VLOOKUP(D49,產線配置圖!$A$3:$C$40,2,0) -> 17 | K49: =VLOOKUP(D49,產線配置圖!$A$3:$C$40,3,0) -> 1636 | L49: =K49/J49 -> 96.235294 | M49: 17 | N49: =G49/W49*60 -> 1539.6 | O49: =N49/M49 -> 90.564706 | P49: =M49-J49 -> 0 | Q49: =O49-L49 -> -5.6705882 | R49: =O49/L49 -> 0.94107579 | S49: =R58 -> 0.89611616 | T49: 0.29166667 | U49: 0.36111111 | W49: =(U49-T49)*24*60 -> 100 | AF49: =N49-K49 -> -96.4 | AG49: =N49/K49 -> 0.94107579 | AH49: =AG58 -> 0.8969425
B50: 義大利麵 | D50: 焗烤起司雙饗筆尖麵 | F50: =VLOOKUP(D50,廠價表!$C$1:$E$43,3,0) -> 49.97 | G50: 3410 | H50: =F50*G50 -> 170397.7 | J50: =VLOOKUP(D50,產線配置圖!$A$3:$C$40,2,0) -> 16 | K50: =VLOOKUP(D50,產線配置圖!$A$3:$C$40,3,0) -> 1800 | L50: =K50/J50 -> 112.5 | M50: 16 | N50: =G50/W50*60 -> 1471.9424 | O50: =N50/M50 -> 91.996403 | P50: =M50-J50 -> 0 | Q50: =O50-L50 -> -20.503597 | R50: =O50/L50 -> 0.8177458 | T50: 0.36597222 | U50: 0.4625 | V50: =(T50-U49)*24*60 -> 7 | W50: =(U50-T50)*24*60 -> 139 | AF50: =N50-K50 -> -328.05755 | AG50: =N50/K50 -> 0.8177458
B51: 義大利麵 | D51: 焗烤起司雙饗筆尖麵 | F51: =VLOOKUP(D51,廠價表!$C$1:$E$43,3,0) -> 49.97 | G51: 2780 | H51: =F51*G51 -> 138916.6 | J51: =VLOOKUP(D51,產線配置圖!$A$3:$C$40,2,0) -> 16 | K51: =VLOOKUP(D51,產線配置圖!$A$3:$C$40,3,0) -> 1800 | L51: =K51/J51 -> 112.5 | M51: 16 | N51: =G51/W51*60 -> 1684.8485 | O51: =N51/M51 -> 105.30303 | P51: =M51-J51 -> 0 | Q51: =O51-L51 -> -7.1969697 | R51: =O51/L51 -> 0.93602694 | T51: 0.52361111 | U51: 0.59236111 | V51: =(T51-U50)*24*60 -> 88 | W51: =(U51-T51)*24*60 -> 99 | AF51: =N51-K51 -> -115.15152 | AG51: =N51/K51 -> 0.93602694
W52: =(U52-T52)*24*60 -> 0 | AF52: =N52-K52 -> 0 | AG52: =N52/K52 -> #DIV/0!
W53: =(U53-T53)*24*60 -> 0 | AF53: =N53-K53 -> 0 | AG53: =N53/K53 -> #DIV/0!
W54: =(U54-T54)*24*60 -> 0
W55: =(U55-T55)*24*60 -> 0
W56: =(U56-T56)*24*60 -> 0
W57: =(U57-T57)*24*60 -> 0
C58: 4度二組C2 | D58: 平均 | J58: =AVERAGE(J49:J57) -> 16.333333 | K58: =AVERAGE(K49:K57) -> 1745.3333 | L58: =AVERAGE(L49:L57) -> 107.07843 | M58: =AVERAGE(M49:M57) -> 16.333333 | N58: =AVERAGE(N49:N57) -> 1565.4636 | O58: =AVERAGE(O49:O57) -> 95.954713 | P58: =M58-J58 -> 0 | Q58: =N58-K58 -> -179.86969 | R58: =O58/L58 -> 0.89611616 | Z58: =SUM(Z49:Z57) -> 0 | AA58: =SUM(AA49:AA57) -> 0 | AD58: =SUM(AD49:AD57) -> 0 | AE58: =SUM(AE49:AE57) -> 0 | AF58: =N58-K58 -> -179.86969 | AG58: =N58/K58 -> 0.8969425
A59: 調理包一線 (八爪機) | B59: 小吃、微波 | D59: 小滷青蔬 | F59: =VLOOKUP(D59,廠價表!$C$1:$E$43,3,0) -> 26.99 | G59: 3862 | H59: =F59*G59 -> 104235.38 | J59: =VLOOKUP(D59,產線配置圖!$A$3:$C$40,2,0) -> 15 | K59: =VLOOKUP(D59,產線配置圖!$A$3:$C$40,3,0) -> 1636 | L59: =K59/J59 -> 109.06667 | M59: 15 | N59: =G59/W59*60 -> 1565.6757 | O59: =N59/M59 -> 104.37838 | P59: =M59-J59 -> 0 | Q59: =O59-L59 -> -4.6882883 | R59: =O59/L59 -> 0.95701447 | S59: =R69 -> 0.9209584 | T59: 0.29166667 | U59: 0.39444444 | W59: =(U59-T59)*24*60 -> 148 | AF59: =N59-K59 -> -70.324324 | AG59: =N59/K59 -> 0.95701447 | AH59: =AG69 -> 0.92416339
B60: 小吃、微波 | D60: 起司馬鈴薯 | F60: =VLOOKUP(D60,廠價表!$C$1:$E$43,3,0) -> 28.26 | G60: 1441 | H60: =F60*G60 -> 40722.66 | J60: =VLOOKUP(D60,產線配置圖!$A$3:$C$40,2,0) -> 11 | K60: =VLOOKUP(D60,產線配置圖!$A$3:$C$40,3,0) -> 1636 | L60: =K60/J60 -> 148.72727 | M60: 11 | N60: =G60/W60*60 -> 1490.6897 | O60: =N60/M60 -> 135.51724 | P60: =M60-J60 -> 0 | Q60: =O60-L60 -> -13.210031 | R60: =O60/L60 -> 0.9111795 | T60: 0.40277778 | U60: 0.44305556 | V60: =(T60-U59)*24*60 -> 12 | W60: =(U60-T60)*24*60 -> 58 | AF60: =N60-K60 -> -145.31034 | AG60: =N60/K60 -> 0.9111795
B61: 小吃、微波 | D61: 韓式炒冬粉 | F61: =VLOOKUP(D61,廠價表!$C$1:$E$43,3,0) -> 28.26 | G61: 863 | H61: =F61*G61 -> 24388.38 | J61: =VLOOKUP(D61,產線配置圖!$A$3:$C$40,2,0) -> 11 | K61: =VLOOKUP(D61,產線配置圖!$A$3:$C$40,3,0) -> 1636 | L61: =K61/J61 -> 148.72727 | M61: 11 | N61: =G61/W61*60 -> 1479.4286 | O61: =N61/M61 -> 134.49351 | P61: =M61-J61 -> 0 | Q61: =O61-L61 -> -14.233766 | R61: =O61/L61 -> 0.90429619 | T61: 0.45138889 | U61: 0.47569444 | V61: =(T61-U60)*24*60 -> 12 | W61: =(U61-T61)*24*60 -> 35 | AF61: =N61-K61 -> -156.57143 | AG61: =N61/K61 -> 0.90429619
W62: =(U62-T62)*24*60 -> 0 | AF62: =N62-K62 -> 0 | AG62: =N62/K62 -> #DIV/0!
W63: =(U63-T63)*24*60 -> 0
W64: =(U64-T64)*24*60 -> 0
W65: =(U65-T65)*24*60 -> 0
W66: =(U66-T66)*24*60 -> 0
W67: =(U67-T67)*24*60 -> 0
H68: =F68*G68 -> 0 | W68: =(U68-T68)*24*60 -> 0
C69: 4度三組 | D69: 平均 | J69: =AVERAGE(J59:J68) -> 12.333333 | K69: =AVERAGE(K59:K68) -> 1636 | L69: =AVERAGE(L59:L68) -> 135.50707 | M69: =AVERAGE(M59:M68) -> 12.333333 | N69: =AVERAGE(N59:N68) -> 1511.9313 | O69: =AVERAGE(O59:O68) -> 124.79638 | P69: =M69-J69 -> 0 | Q69: =N69-K69 -> -124.0687 | R69: =O69/L69 -> 0.9209584 | Z69: =SUM(Z59:Z68) -> 0 | AA69: =SUM(AA59:AA68) -> 0 | AD69: =SUM(AD59:AD68) -> 0 | AE69: =SUM(AE59:AE68) -> 0 | AF69: =N69-K69 -> -124.0687 | AG69: =N69/K69 -> 0.92416339
A70: 調理包二線 (手工) | B70: 小吃、微波 | D70: 麻辣雞心 | F70: =VLOOKUP(D70,廠價表!$C$1:$E$43,3,0) -> 28.26 | G70: 3360 | H70: =F70*G70 -> 94953.6 | J70: =VLOOKUP(D70,產線配置圖!$A$3:$C$40,2,0) -> 11 | K70: =VLOOKUP(D70,產線配置圖!$A$3:$C$40,3,0) -> 1636 | L70: =K70/J70 -> 148.72727 | M70: 7 | N70: =G70/W70*60 -> 988.23529 | O70: =N70/M70 -> 141.17647 | P70: =M70-J70 -> -4 | Q70: =O70-L70 -> -7.5508021 | R70: =O70/L70 -> 0.94923055 | S70: =R79 -> 0.94716249 | T70: 0.30833333 | U70: 0.45 | W70: =(U70-T70)*24*60 -> 204 | AF70: =N70-K70 -> -647.76471 | AG70: =N70/K70 -> 0.6040558 | AH70: =AG79 -> 0.59292878
B71: 義大利麵 | D71: 番茄蘑菇義大利麵 | F71: =VLOOKUP(D71,廠價表!$C$1:$E$43,3,0) -> 43.89 | G71: 1122 | H71: =F71*G71 -> 49244.58 | J71: =VLOOKUP(D71,產線配置圖!$A$3:$C$40,2,0) -> 13 | K71: =VLOOKUP(D71,產線配置圖!$A$3:$C$40,3,0) -> 1565 | L71: =K71/J71 -> 120.38462 | M71: 8 | N71: =G71/W71*60 -> 909.72973 | O71: =N71/M71 -> 113.71622 | P71: =M71-J71 -> -5 | Q71: =O71-L71 -> -6.6683992 | R71: =O71/L71 -> 0.94460755 | T71: 0.45555556 | U71: 0.50694444 | V71: =(T71-U70)*24*60 -> 8 | W71: =(U71-T71)*24*60 -> 74 | AF71: -300.3125 | AG71: 0.80810703
W72: =(U72-T72)*24*60 -> 0 | AF72: -130.33333 | AG72: 0.91671991
W73: =(U73-T73)*24*60 -> 0
W74: =(U74-T74)*24*60 -> 0
H75: =F75*G75 -> 0 | W75: =(U75-T75)*24*60 -> 0
H76: =F76*G76 -> 0 | W76: =(U76-T76)*24*60 -> 0
H77: =F77*G77 -> 0 | W77: =(U77-T77)*24*60 -> 0
H78: =F78*G78 -> 0 | W78: =(U78-T78)*24*60 -> 0
C79: 4度四組 | D79: 平均 | J79: =AVERAGE(J70:J78) -> 12 | K79: =AVERAGE(K70:K78) -> 1600.5 | L79: =AVERAGE(L70:L78) -> 134.55594 | M79: =AVERAGE(M70:M78) -> 7.5 | N79: =AVERAGE(N70:N78) -> 948.98251 | O79: =AVERAGE(O70:O78) -> 127.44634 | P79: =M79-J79 -> -4.5 | Q79: =N79-K79 -> -651.51749 | R79: =O79/L79 -> 0.94716249 | Z79: =SUM(Z70:Z78) -> 0 | AA79: =SUM(AA70:AA78) -> 0 | AD79: =SUM(AD70:AD78) -> 0 | AE79: =SUM(AE70:AE78) -> 0 | AF79: =N79-K79 -> -651.51749 | AG79: =N79/K79 -> 0.59292878
AJ80: 1.當日出勤人數較多
AJ81: 2.當日出勤人數較少
AJ82: 3.當日出勤熟手較少
AJ83: 4.當日出勤新人較多
AJ84: 5.機台夾盒
AJ85: 6.封膜不順
AJ86: 7.更換膠膜
AJ87: 8.更換碳帶
AJ88: 9.當日熱轉印碳帶異常
AJ89: 10.訂單量過少
AJ90: 11.新品上市，尚未熟悉
AJ91: 12.商品結構，產能較低
AJ92: 13.區域出貨，分段生產

Sheet 0907總
B1: 長家廠組合室生產人時性分析
B3: 日期 | D3: 46272 | F3: 訂單量 | G3: ='0907'!E1 -> 61066 | I3: 營業額 | J3: ='0907'!G1 -> 2833451.1
B4: 項目 | D4: 3 | F4: ➀ | H4: ➁ | J4: ③ | L4: 異常停線 | N4: 短暫停線
B5: 人時性 | D5: 組合室 | F5: 全溫層 | H5: 義大利麵 | J5: 袋裝小吃、義麵 | L5: 合計次數 | M5: 時間 | N5: 合計次數 | O5: 設備次數
D6: 排關平均 | F6: =AVERAGE(D13:J13) -> 129.41153 | H6: =AVERAGE(D13:H13) -> 127.16353 | J6: =AVERAGE(I13:J13) -> 135.03151 | L6: ='0907'!Z2 -> 0 | M6: ='0907'!AA2 -> 0 | N6: ='0907'!AD2 -> 0 | O6: ='0907'!AE2 -> 0
D7: 實績平均 | F7: =AVERAGE(D14:J14) -> 118.89875 | H7: =AVERAGE(D14:H14) -> 117.41239 | J7: =AVERAGE(I14:J14) -> 122.61465
D8: 達成率平均 | F8: =AVERAGE(D15:J15) -> 0.91730748 | H8: =AVERAGE(D15:H15) -> 0.92097233 | J8: =AVERAGE(I15:J15) -> 0.90814536
J9: ※現行日本鮮食廠以達成率80%為基本(即為現行KPI)
B10: 溫層 | D10: 4度C-各編組展開
B11: 編組 | D11: 1 | E11: 2 | F11: 3 | G11: 4 | H11: 5 | I11: 6 | J11: 7
D12: 自動1線 | E12: 自動2線 | F12: 手工3線 | G12: 手工4線 | H12: 手工5線 | I12: 調理包1線 | J12: 調理包2線
B13: 人時性 | C13: 排關 | D13: =VALUE('0907'!L15) -> 163.80495 | E13: =VALUE('0907'!L26) -> 171.42857 | F13: =VALUE('0907'!L37) -> 101.25218 | G13: =VALUE('0907'!L48) -> 96.300926 | H13: =VALUE('0907'!L58) -> 103.03105 | I13: =VALUE('0907'!L69) -> 135.50707 | J13: ='0907'!L79 -> 134.55594
C14: 實績 | D14: =VALUE('0907'!O15) -> 155.08579 | E14: =VALUE('0907'!O26) -> 157.6894 | F14: =VALUE('0907'!O37) -> 91.833829 | G14: =VALUE('0907'!O48) -> 89.046512 | H14: =VALUE('0907'!O58) -> 93.406416 | I14: =VALUE('0907'!O69) -> 119.18763 | J14: ='0907'!O79 -> 126.04167
C15: 達成率 | D15: =D14/D13 -> 0.94677108 | E15: =E14/E13 -> 0.91985484 | F15: =F14/F13 -> 0.90698126 | G15: =G14/G13 -> 0.92466932 | H15: =H14/H13 -> 0.90658515 | I15: =I14/I13 -> 0.87956758 | J15: ='0907'!S70 -> 0.93672314
B16: 作業 時間 | C16: 開始 | D16: ='0907'!T5 -> 0.29861111 | E16: ='0907'!T16 -> 0.29652778 | F16: ='0907'!T27 -> 0.29166667 | G16: ='0907'!T38 -> 0.33333333 | H16: ='0907'!T49 -> 0.29166667 | I16: ='0907'!T59 -> 0.29166667 | J16: ='0907'!T70 -> 0.29166667
C17: 結束 | D17: 0.61111111 | E17: 0.64236111 | F17: 0.56597222 | G17: 0.59722222 | H17: 0.67013889 | I17: 0.49305556 | J17: 0.48958333
B18: 產線異常 (5分鐘以上) | C18: 次數 | D18: ='0907'!Z15 -> 0 | E18: ='0907'!Z26 -> 0 | F18: ='0907'!Z37 -> 0 | G18: ='0907'!Z48 -> 0 | H18: ='0907'!Z58 -> 0 | I18: ='0907'!Z69 -> 0 | J18: ='0907'!AA79 -> 0
C19: 時間/分 | D19: ='0907'!AA15 -> 0 | E19: ='0907'!AA26 -> 0 | F19: ='0907'!AA37 -> 0 | G19: ='0907'!AA48 -> 0 | H19: ='0907'!AA58 -> 0 | I19: ='0907'!AA69 -> 0 | J19: ='0907'!AB79 -> 0
B20: 短暫停線 (5分鐘以下) | C20: 次數 | D20: ='0907'!AD15 -> 0 | E20: ='0907'!AD26 -> 0 | F20: ='0907'!AD37 -> 0 | G20: ='0907'!AD48 -> 0 | H20: ='0907'!AD58 -> 0 | I20: ='0907'!AD69 -> 0 | J20: ='0907'!AD79 -> 0
C21: 設備次數 | D21: ='0907'!AE15 -> 0 | E21: ='0907'!AE26 -> 0 | F21: ='0907'!AE37 -> 0 | G21: ='0907'!AE48 -> 0 | H21: ='0907'!AE58 -> 0 | I21: ='0907'!AE69 -> 0 | J21: ='0907'!AE79 -> 0
B22: 配置人數 | D22: =VALUE('0907'!M15) -> 13.75 | E22: =VALUE('0907'!M26) -> 13 | F22: =VALUE('0907'!M37) -> 17 | G22: =VALUE('0907'!M48) -> 17.333333 | H22: =VALUE('0907'!M58) -> 16.75 | I22: =VALUE('0907'!M69) -> 12.333333 | J22: ='0907'!M79 -> 8.5
B23: 主要應用設備 | D23: ET-600 | E23: ET-600 | F23: ET-55 | G23: ET-55 | H23: ET-55 | I23: 八爪機
B24: 次要應用設備 | H24: 封口機
B25: 備註

Sheet 0907
A1: 長家廠4度C日報分析 | D1: 總生產量 | E1: =SUM(G5:G79) -> 61066 | F1: 營業額 | G1: =SUM(H5:H79) -> 2833451.1 | H1: 出勤人數 | I1: =M15+M26+M48+M58+M69+M79+M37 -> 98.666667 | J1: 產線配置圖 | M1: 生產實績 | P1: 人時性差異分析 | T1: 日報登錄 | Z1: 合計 次數 | AA1: 合計 時間/分 | AB1: 分析說明 | AD1: 合計 次數 | AE1: 合計 設備次數 | AF1: 產能差異分析
A2: 9月7日 星期一 | D2: 人時性 | E2: =AVERAGE(O15,O26,O37,O48,O58,O69,O79) -> 118.89875 | F2: 平均廠價 | G2: =G1/E1 -> 46.399815 | H2: 多次生產數 | I2: =COUNT(I5:I79) -> 0 | Z2: =Z15+Z26+Z37+Z48+Z58+Z69+Z79 -> 0 | AA2: =AA15+AA26+AA37+AA48+AA58+AA69+AA79 -> 0 | AD2: =AD15+AD26+AD37+AD48+AD58+AD69+AD79 -> 0 | AE2: =AE15+AE26+AE37+AE48+AE58+AE69+AE79 -> 0
A3: 線別 | B3: 品類 | D3: 品名 | F3: 廠價 | G3: 生產量 | H3: 營收 | I3: 多次 生產 | J3: 人數 | K3: 產能/時 | L3: 人時性 | M3: 人數 | N3: 產能/時 | O3: 人時性 | P3: 人數 | Q3: 人時性 | R3: 達成率 | S3: 達成率平均 | T3: 生產時間 | V3: 前置、換線時間/分 | W3: 稼動時間/分 | X3: 休息時間 | Z3: 產線異常統計 (5分鐘以上) | AD3: 短暫停線統計 (5分鐘以下) | AF3: 產能/時 | AG3: 達成率 | AH3: 達成率平均
T4: 開始 | U4: 結束 | X4: 開始 | Y4: 結束 | Z4: 次數 | AA4: 時間/分 | AD4: 總次數 | AE4: 設備因素(次數)
A5: 自動一線 (ET-600) | B5: 義大利麵 | D5: 白酒清炒鮮蛤義大利麵 | F5: =VLOOKUP(D5,廠價表!$C$1:$E$43,3,0) -> 56.87 | G5: 2395 | H5: =F5*G5 -> 136203.65 | J5: =VLOOKUP(D5,產線配置圖!$A$3:$C$40,2,0) -> 14 | K5: =VLOOKUP(D5,產線配置圖!$A$3:$C$40,3,0) -> 2250 | L5: =K5/J5 -> 160.71429 | M5: 14 | N5: =G5/W5*60 -> 2144.7761 | O5: =N5/M5 -> 153.19829 | P5: =M5-J5 -> 0 | Q5: =O5-L5 -> -7.5159915 | R5: =O5/L5 -> 0.95323383 | S5: =R15 -> 0.94677108 | T5: 0.29861111 | U5: 0.34513889 | W5: =(U5-T5)*24*60 -> 67 | AF5: =N5-K5 -> -105.22388 | AG5: =N5/K5 -> 0.95323383 | AH5: =AG15 -> 0.94652919
B6: 義大利麵 | D6: 香煎魚排佐檸檬奶油義大利麵 | F6: =VLOOKUP(D6,廠價表!$C$1:$E$43,3,0) -> 58.17 | G6: 2950 | H6: =F6*G6 -> 171601.5 | J6: =VLOOKUP(D6,產線配置圖!$A$3:$C$40,2,0) -> 13 | K6: =VLOOKUP(D6,產線配置圖!$A$3:$C$40,3,0) -> 2250 | L6: =K6/J6 -> 173.07692 | M6: 13 | N6: =G6/W6*60 -> 2158.5366 | O6: =N6/M6 -> 166.04128 | P6: =M6-J6 -> 0 | Q6: =O6-L6 -> -7.0356473 | R6: =O6/L6 -> 0.95934959 | T6: 0.35486111 | U6: 0.41180556 | V6: =(T6-U5)*24*60 -> 14 | W6: =(U6-T6)*24*60 -> 82 | AF6: =N6-K6 -> -91.463415 | AG6: =N6/K6 -> 0.95934959
B7: 義大利麵 | D7: 奶油培根義大利麵 | F7: =VLOOKUP(D7,廠價表!$C$1:$E$43,3,0) -> 49.14 | G7: 2751 | H7: =F7*G7 -> 135184.14 | J7: =VLOOKUP(D7,產線配置圖!$A$3:$C$40,2,0) -> 14 | K7: =VLOOKUP(D7,產線配置圖!$A$3:$C$40,3,0) -> 2250 | L7: =K7/J7 -> 160.71429 | M7: 14 | N7: =G7/W7*60 -> 2063.25 | O7: =N7/M7 -> 147.375 | P7: =M7-J7 -> 0 | Q7: =O7-L7 -> -13.339286 | R7: =O7/L7 -> 0.917 | T7: 0.42013889 | U7: 0.47569444 | V7: =(T7-U6)*24*60 -> 12 | W7: =(U7-T7)*24*60 -> 80 | AF7: =N7-K7 -> -186.75 | AG7: =N7/K7 -> 0.917
B8: 義大利麵 | D8: 奶油培根義大利麵 | F8: =VLOOKUP(D8,廠價表!$C$1:$E$43,3,0) -> 49.14 | G8: 3587 | H8: =F8*G8 -> 176265.18 | J8: =VLOOKUP(D8,產線配置圖!$A$3:$C$40,2,0) -> 14 | K8: =VLOOKUP(D8,產線配置圖!$A$3:$C$40,3,0) -> 2250 | L8: =K8/J8 -> 160.71429 | M8: 14 | N8: =G8/W8*60 -> 2152.2 | O8: =N8/M8 -> 153.72857 | P8: =M8-J8 -> 0 | Q8: =O8-L8 -> -6.9857143 | R8: =O8/L8 -> 0.95653333 | T8: 0.54166667 | U8: 0.61111111 | V8: =(T8-U7)*24*60 -> 95 | W8: =(U8-T8)*24*60 -> 100 | AF8: =N8-K8 -> -97.8 | AG8: =N8/K8 -> 0.95653333
W9: =(U9-T9)*24*60 -> 0 | AF9: =N9-K9 -> 0 | AG9: =N9/K9 -> #DIV/0!
W10: =(U10-T10)*24*60 -> 0 | AF10: =N10-K10 -> 0 | AG10: =N10/K10 -> #DIV/0!
W11: =(U11-T11)*24*60 -> 0 | AF11: =N11-K11 -> 0 | AG11: =N11/K11 -> #DIV/0!
W12: =(U12-T12)*24*60 -> 0
W13: =(U13-T13)*24*60 -> 0
W14: =(U14-T14)*24*60 -> 0
C15: 4度一組 | D15: 平均 | J15: =AVERAGE(J5:J14) -> 13.75 | K15: =AVERAGE(K5:K14) -> 2250 | L15: =AVERAGE(L5:L14) -> 163.80495 | M15: =AVERAGE(M5:M14) -> 13.75 | N15: =AVERAGE(N5:N14) -> 2129.6907 | O15: =AVERAGE(O5:O14) -> 155.08579 | P15: =M15-J15 -> 0 | Q15: =O15-L15 -> -8.7191597 | R15: =O15/L15 -> 0.94677108 | Z15: =SUM(Z5:Z14) -> 0 | AA15: =SUM(AA5:AA14) -> 0 | AD15: =SUM(AD5:AD14) -> 0 | AE15: =SUM(AE5:AE14) -> 0 | AF15: =N15-K15 -> -120.30932 | AG15: =N15/K15 -> 0.94652919
A16: 自動二線 (ET-600) | B16: 義大利麵 | D16: 白酒清炒鮮蛤義大利麵 | F16: =VLOOKUP(D16,廠價表!$C$1:$E$43,3,0) -> 56.87 | G16: 2195 | H16: =F16*G16 -> 124829.65 | J16: =VLOOKUP(D16,產線配置圖!$A$3:$C$40,2,0) -> 14 | K16: =VLOOKUP(D16,產線配置圖!$A$3:$C$40,3,0) -> 2250 | L16: =K16/J16 -> 160.71429 | M16: 14 | N16: =G16/W16*60 -> 1965.6716 | O16: =N16/M16 -> 140.40512 | P16: =M16-J16 -> 0 | Q16: =O16-L16 -> -20.309168 | R16: =O16/L16 -> 0.87363184 | S16: =R26 -> 0.91985484 | T16: 0.29652778 | U16: 0.34305556 | W16: =(U16-T16)*24*60 -> 67 | AF16: =N16-K16 -> -284.32836 | AG16: =N16/K16 -> 0.87363184 | AH16: =AG26 -> 0.90587152
B17: 義大利麵 | D17: 青醬蛤蜊義大利麵 | F17: =VLOOKUP(D17,廠價表!$C$1:$E$43,3,0) -> 50.67 | G17: 3624 | H17: =F17*G17 -> 183628.08 | J17: 14 | K17: =VLOOKUP(D17,產線配置圖!$A$3:$C$40,3,0) -> 2250 | L17: =K17/J17 -> 160.71429 | M17: 14 | N17: =G17/W17*60 -> 2174.4 | O17: =N17/M17 -> 155.31429 | P17: =M17-J17 -> 0 | Q17: =O17-L17 -> -5.4 | R17: =O17/L17 -> 0.9664 | T17: 0.35208333 | U17: 0.42152778 | V17: =(T17-U16)*24*60 -> 13 | W17: =(U17-T17)*24*60 -> 100 | AF17: =N17-K17 -> -75.6 | AG17: =N17/K17 -> 0.9664
B18: 義大利麵 | D18: 義式蕃茄起司義大利麵 | F18: =VLOOKUP(D18,廠價表!$C$1:$E$43,3,0) -> 50.39 | G18: 2185 | H18: =F18*G18 -> 110102.15 | J18: =VLOOKUP(D18,產線配置圖!$A$3:$C$40,2,0) -> 12 | K18: =VLOOKUP(D18,產線配置圖!$A$3:$C$40,3,0) -> 2250 | L18: =K18/J18 -> 187.5 | M18: 12 | N18: =G18/W18*60 -> 2048.4375 | O18: =N18/M18 -> 170.70313 | P18: =M18-J18 -> 0 | Q18: =O18-L18 -> -16.796875 | R18: =O18/L18 -> 0.91041667 | T18: 0.43125 | U18: 0.47569444 | V18: =(T18-U17)*24*60 -> 14 | W18: =(U18-T18)*24*60 -> 64 | AF18: =N18-K18 -> -201.5625 | AG18: =N18/K18 -> 0.91041667
B19: 義大利麵 | D19: 義式蕃茄起司義大利麵 | F19: =VLOOKUP(D19,廠價表!$C$1:$E$43,3,0) -> 50.39 | G19: 4043 | H19: =F19*G19 -> 203726.77 | J19: =VLOOKUP(D19,產線配置圖!$A$3:$C$40,2,0) -> 12 | K19: =VLOOKUP(D19,產線配置圖!$A$3:$C$40,3,0) -> 2250 | L19: =K19/J19 -> 187.5 | M19: 12 | N19: =G19/W19*60 -> 2205.2727 | O19: =N19/M19 -> 183.77273 | P19: =M19-J19 -> 0 | Q19: =O19-L19 -> -3.7272727 | R19: =O19/L19 -> 0.98012121 | T19: 0.54166667 | U19: 0.61805556 | V19: =(T19-U18)*24*60 -> 95 | W19: =(U19-T19)*24*60 -> 110 | AF19: =N19-K19 -> -44.727273 | AG19: =N19/K19 -> 0.98012121
B20: 義大利麵 | D20: 青醬蛤蜊義大利麵 | F20: =VLOOKUP(D20,廠價表!$C$1:$E$43,3,0) -> 50.67 | G20: 659 | H20: =F20*G20 -> 33391.53 | J20: 14 | K20: =VLOOKUP(D20,產線配置圖!$A$3:$C$40,3,0) -> 2250 | L20: =K20/J20 -> 160.71429 | M20: 13 | N20: =G20/W20*60 -> 1797.2727 | O20: =N20/M20 -> 138.25175 | P20: =M20-J20 -> -1 | Q20: =O20-L20 -> -22.462537 | R20: =O20/L20 -> 0.8602331 | T20: 0.62708333 | U20: 0.64236111 | V20: =(T20-U19)*24*60 -> 13 | W20: =(U20-T20)*24*60 -> 22
W21: =(U21-T21)*24*60 -> 0
W22: 0
W23: =(U23-T23)*24*60 -> 0
H24: =F24*G24 -> 0 | W24: =(U24-T24)*24*60 -> 0
H25: =F25*G25 -> 0 | W25: =(U25-T25)*24*60 -> 0
C26: 4度二組A | D26: 平均 | J26: =AVERAGE(J16:J25) -> 13.2 | K26: =AVERAGE(K16:K25) -> 2250 | L26: =AVERAGE(L16:L25) -> 171.42857 | M26: =AVERAGE(M16:M25) -> 13 | N26: =AVERAGE(N16:N25) -> 2038.2109 | O26: =AVERAGE(O16:O25) -> 157.6894 | P26: =M26-J26 -> -0.2 | Q26: =O26-L26 -> -13.739171 | R26: =O26/L26 -> 0.91985484 | Z26: =SUM(Z16:Z25) -> 0 | AA26: =SUM(AA16:AA25) -> 0 | AD26: =SUM(AD16:AD25) -> 0 | AE26: =SUM(AE16:AE25) -> 0 | AF26: =N26-K26 -> -211.78908 | AG26: =N26/K26 -> 0.90587152
A27: 手工三線 (ET-55) | B27: 義大利麵 | D27: 金沙豆腐義大利麵 | F27: =VLOOKUP(D27,廠價表!$C$1:$E$43,3,0) -> 49.91 | G27: 1193 | H27: =F27*G27 -> 59542.63 | J27: =VLOOKUP(D27,產線配置圖!$A$3:$C$40,2,0) -> 18 | K27: =VLOOKUP(D27,產線配置圖!$A$3:$C$40,3,0) -> 2250 | L27: =K27/J27 -> 125 | M27: 17 | N27: =G27/W27*60 -> 1835.3846 | O27: =N27/M27 -> 107.9638 | P27: =M27-J27 -> -1 | Q27: =O27-L27 -> -17.036199 | R27: =O27/L27 -> 0.86371041 | S27: =R37 -> 0.90698126 | T27: 0.29166667 | U27: 0.31875 | W27: =(U27-T27)*24*60 -> 39 | AF27: =N27-K27 -> -414.61538 | AG27: =N27/K27 -> 0.8157265 | AH27: =AG37 -> 0.89618252
B28: 義大利麵 | D28: 奶油鮮蝦明太子細扁麵 | F28: =VLOOKUP(D28,廠價表!$C$1:$E$43,3,0) -> 57.21 | G28: 1345 | H28: =F28*G28 -> 76947.45 | J28: =VLOOKUP(D28,產線配置圖!$A$3:$C$40,2,0) -> 18 | K28: =VLOOKUP(D28,產線配置圖!$A$3:$C$40,3,0) -> 1636 | L28: =K28/J28 -> 90.888889 | M28: 18 | N28: =G28/W28*60 -> 1441.0714 | O28: =N28/M28 -> 80.059524 | P28: =M28-J28 -> 0 | Q28: =O28-L28 -> -10.829365 | R28: =O28/L28 -> 0.88085051 | T28: 0.32569444 | U28: 0.36458333 | V28: =(T28-U27)*24*60 -> 10 | W28: =(U28-T28)*24*60 -> 56 | AF28: =N28-K28 -> -194.92857 | AG28: =N28/K28 -> 0.88085051
B29: 義大利麵 | D29: 蕃茄莎莎海鮮冷義大利麵 | F29: =VLOOKUP(D29,廠價表!$C$1:$E$43,3,0) -> 46.34 | G29: 1149 | H29: =F29*G29 -> 53244.66 | J29: =VLOOKUP(D29,產線配置圖!$A$3:$C$40,2,0) -> 16 | K29: =VLOOKUP(D29,產線配置圖!$A$3:$C$40,3,0) -> 1636 | L29: =K29/J29 -> 102.25 | M29: 16 | N29: =G29/W29*60 -> 1406.9388 | O29: =N29/M29 -> 87.933673 | P29: =M29-J29 -> 0 | Q29: =O29-L29 -> -14.316327 | R29: =O29/L29 -> 0.85998703 | T29: 0.37083333 | U29: 0.40486111 | V29: =(T29-U28)*24*60 -> 9 | W29: =(U29-T29)*24*60 -> 49 | AF29: =N29-K29 -> -229.06122 | AG29: =N29/K29 -> 0.85998703
B30: 義大利麵 | D30: 義式蛋蛋青醬鮪魚冷義大利麵 | F30: =VLOOKUP(D30,廠價表!$C$1:$E$43,3,0) -> 45.66 | G30: 1450 | H30: =F30*G30 -> 66207 | J30: =VLOOKUP(D30,產線配置圖!$A$3:$C$40,2,0) -> 17 | K30: =VLOOKUP(D30,產線配置圖!$A$3:$C$40,3,0) -> 1636 | L30: =K30/J30 -> 96.235294 | M30: 17 | N30: =G30/W30*60 -> 1553.5714 | O30: =N30/M30 -> 91.386555 | P30: =M30-J30 -> 0 | Q30: =O30-L30 -> -4.8487395 | R30: =O30/L30 -> 0.94961579 | T30: 0.41111111 | U30: 0.45 | V30: =(T30-U29)*24*60 -> 9 | W30: =(U30-T30)*24*60 -> 56 | AF30: =N30-K30 -> -82.428571 | AG30: =N30/K30 -> 0.94961579
B31: 義大利麵 | D31: 蕃茄莎莎海鮮冷義大利麵 | F31: =VLOOKUP(D31,廠價表!$C$1:$E$43,3,0) -> 46.34 | G31: 1200 | H31: =F31*G31 -> 55608 | J31: =VLOOKUP(D31,產線配置圖!$A$3:$C$40,2,0) -> 16 | K31: =VLOOKUP(D31,產線配置圖!$A$3:$C$40,3,0) -> 1636 | L31: =K31/J31 -> 102.25 | M31: 16 | N31: =G31/W31*60 -> 1565.2174 | O31: =N31/M31 -> 97.826087 | P31: =M31-J31 -> 0 | Q31: =O31-L31 -> -4.423913 | R31: =O31/L31 -> 0.95673435 | T31: 0.51736111 | U31: 0.54930556 | V31: =(T31-U30)*24*60 -> 97 | W31: =(U31-T31)*24*60 -> 46 | AF31: =N31-K31 -> -70.782609 | AG31: =N31/K31 -> 0.95673435
B32: 義大利麵 | D32: 奶油鮮蝦明太子細扁麵 | F32: =VLOOKUP(D32,廠價表!$C$1:$E$43,3,0) -> 57.21 | G32: 412 | H32: =F32*G32 -> 23570.52 | J32: =VLOOKUP(D32,產線配置圖!$A$3:$C$40,2,0) -> 18 | K32: =VLOOKUP(D32,產線配置圖!$A$3:$C$40,3,0) -> 1636 | L32: =K32/J32 -> 90.888889 | M32: 18 | N32: =G32/W32*60 -> 1545 | O32: =N32/M32 -> 85.833333 | P32: =M32-J32 -> 0 | Q32: =O32-L32 -> -5.0555556 | R32: =O32/L32 -> 0.94437653 | T32: 0.55486111 | U32: 0.56597222 | V32: =(T32-U31)*24*60 -> 8 | W32: =(U32-T32)*24*60 -> 16
W33: =(U33-T33)*24*60 -> 0
W34: =(U34-T34)*24*60 -> 0
W35: =(U35-T35)*24*60 -> 0
H36: =F36*G36 -> 0 | W36: =(U36-T36)*24*60 -> 0
C37: 4度二組B | D37: 平均 | J37: =AVERAGE(J27:J36) -> 17.166667 | K37: =AVERAGE(K27:K36) -> 1738.3333 | L37: =AVERAGE(L27:L36) -> 101.25218 | M37: =AVERAGE(M27:M36) -> 17 | N37: =AVERAGE(N27:N36) -> 1557.8639 | O37: =AVERAGE(O27:O36) -> 91.833829 | P37: =M37-J37 -> -0.16666667 | Q37: =N37-K37 -> -180.46939 | R37: =O37/L37 -> 0.90698126 | Z37: =SUM(Z27:Z36) -> 0 | AA37: =SUM(AA27:AA36) -> 0 | AD37: =SUM(AD27:AD36) -> 0 | AE37: =SUM(AE27:AE36) -> 0 | AF37: =N37-K37 -> -180.46939 | AG37: =N37/K37 -> 0.89618252
A38: 手工四線 (ET-55) | B38: 熱乾麵 | D38: 青花椒麻雞肉拌麵 | F38: =VLOOKUP(D38,廠價表!$C$1:$E$43,3,0) -> 49.91 | G38: 3274 | H38: =F38*G38 -> 163405.34 | J38: =VLOOKUP(D38,產線配置圖!$A$3:$C$40,2,0) -> 16 | K38: =VLOOKUP(D38,產線配置圖!$A$3:$C$40,3,0) -> 1714 | L38: =K38/J38 -> 107.125 | M38: 16 | N38: =G38/W38*60 -> 1455.1111 | O38: =N38/M38 -> 90.944444 | P38: =M38-J38 -> 0 | Q38: =O38-L38 -> -16.180556 | R38: =O38/L38 -> 0.84895631 | S38: =R48 -> 0.92466932 | T38: 0.33333333 | U38: 0.42708333 | W38: =(U38-T38)*24*60 -> 135 | AF38: =N38-K38 -> -258.88889 | AG38: =N38/K38 -> 0.84895631 | AH38: =AG48 -> 0.92792273
B39: 熱乾麵 | D39: 府城鹽水意麵 | F39: =VLOOKUP(D39,廠價表!$C$1:$E$43,3,0) -> 44.3 | G39: 2274 | H39: =F39*G39 -> 100738.2 | J39: =VLOOKUP(D39,產線配置圖!$A$3:$C$40,2,0) -> 18 | K39: =VLOOKUP(D39,產線配置圖!$A$3:$C$40,3,0) -> 1636 | L39: =K39/J39 -> 90.888889 | M39: 18 | N39: =G39/W39*60 -> 1586.5116 | O39: =N39/M39 -> 88.139535 | P39: =M39-J39 -> 0 | Q39: =O39-L39 -> -2.749354 | R39: =O39/L39 -> 0.96975038 | T39: 0.43333333 | U39: 0.49305556 | V39: =(T39-U38)*24*60 -> 9 | W39: =(U39-T39)*24*60 -> 86 | AF39: =N39-K39 -> -49.488372 | AG39: =N39/K39 -> 0.96975038
B40: 熱乾麵 | D40: 府城鹽水意麵 | F40: =VLOOKUP(D40,廠價表!$C$1:$E$43,3,0) -> 44.3 | G40: 1585 | H40: =F40*G40 -> 70215.5 | J40: =VLOOKUP(D40,產線配置圖!$A$3:$C$40,2,0) -> 18 | K40: =VLOOKUP(D40,產線配置圖!$A$3:$C$40,3,0) -> 1636 | L40: =K40/J40 -> 90.888889 | M40: 18 | N40: =G40/W40*60 -> 1585 | O40: =N40/M40 -> 88.055556 | P40: =M40-J40 -> 0 | Q40: =O40-L40 -> -2.8333333 | R40: =O40/L40 -> 0.96882641 | T40: 0.55555556 | U40: 0.59722222 | V40: =(T40-U39)*24*60 -> 90 | W40: =(U40-T40)*24*60 -> 60 | AF40: =N40-K40 -> -51 | AG40: =N40/K40 -> 0.96882641
W41: =(U41-T41)*24*60 -> 0 | AF41: =N41-K41 -> 0 | AG41: =N41/K41 -> #DIV/0!
W42: =(U42-T42)*24*60 -> 0
W43: =(U43-T43)*24*60 -> 0
W44: =(U44-T44)*24*60 -> 0
W45: =(U45-T45)*24*60 -> 0
W46: =(U46-T46)*24*60 -> 0
H47: =F47*G47 -> 0 | W47: =(U47-T47)*24*60 -> 0
C48: 4度二組C1 | D48: 平均 | J48: =AVERAGE(J38:J47) -> 17.333333 | K48: =AVERAGE(K38:K47) -> 1662 | L48: =AVERAGE(L38:L47) -> 96.300926 | M48: =AVERAGE(M38:M47) -> 17.333333 | N48: =AVERAGE(N38:N47) -> 1542.2076 | O48: =AVERAGE(O38:O47) -> 89.046512 | P48: =M48-J48 -> 0 | Q48: =N48-K48 -> -119.79242 | R48: =O48/L48 -> 0.92466932 | W48: =(U48-T48)*24*60 -> 0 | Z48: =SUM(Z38:Z47) -> 0 | AA48: =SUM(AA38:AA47) -> 0 | AD48: =SUM(AD38:AD47) -> 0 | AE48: =SUM(AE38:AE47) -> 0 | AF48: =N48-K48 -> -119.79242 | AG48: =N48/K48 -> 0.92792273
A49: 手工五線 (ET-55) | B49: 義大利麵 | D49: 黑松露野菇義大利麵 | F49: =VLOOKUP(D49,廠價表!$C$1:$E$43,3,0) -> 50.289 | G49: 2632 | H49: =F49*G49 -> 132360.65 | J49: =VLOOKUP(D49,產線配置圖!$A$3:$C$40,2,0) -> 17 | K49: =VLOOKUP(D49,產線配置圖!$A$3:$C$40,3,0) -> 1636 | L49: =K49/J49 -> 96.235294 | M49: 17 | N49: =G49/W49*60 -> 1579.2 | O49: =N49/M49 -> 92.894118 | P49: =M49-J49 -> 0 | Q49: =O49-L49 -> -3.3411765 | R49: =O49/L49 -> 0.96528117 | S49: =R58 -> 0.90658515 | T49: 0.29166667 | U49: 0.36111111 | W49: =(U49-T49)*24*60 -> 100 | AF49: =N49-K49 -> -56.8 | AG49: =N49/K49 -> 0.96528117 | AH49: =AG58 -> 0.90587477
B50: 義大利麵 | D50: 焗烤起司雙饗筆尖麵 | F50: =VLOOKUP(D50,廠價表!$C$1:$E$43,3,0) -> 49.97 | G50: 3639 | H50: =F50*G50 -> 181840.83 | J50: =VLOOKUP(D50,產線配置圖!$A$3:$C$40,2,0) -> 16 | K50: =VLOOKUP(D50,產線配置圖!$A$3:$C$40,3,0) -> 1800 | L50: =K50/J50 -> 112.5 | M50: 16 | N50: =G50/W50*60 -> 1559.5714 | O50: =N50/M50 -> 97.473214 | P50: =M50-J50 -> 0 | Q50: =O50-L50 -> -15.026786 | R50: =O50/L50 -> 0.86642857 | T50: 0.36666667 | U50: 0.46388889 | V50: =(T50-U49)*24*60 -> 8 | W50: =(U50-T50)*24*60 -> 140 | AF50: =N50-K50 -> -240.42857 | AG50: =N50/K50 -> 0.86642857
B51: 義大利麵 | D51: 焗烤起司雙饗筆尖麵 | F51: =VLOOKUP(D51,廠價表!$C$1:$E$43,3,0) -> 49.97 | G51: 2547 | H51: =F51*G51 -> 127273.59 | J51: =VLOOKUP(D51,產線配置圖!$A$3:$C$40,2,0) -> 16 | K51: =VLOOKUP(D51,產線配置圖!$A$3:$C$40,3,0) -> 1800 | L51: =K51/J51 -> 112.5 | M51: 16 | N51: =G51/W51*60 -> 1698 | O51: =N51/M51 -> 106.125 | P51: =M51-J51 -> 0 | Q51: =O51-L51 -> -6.375 | R51: =O51/L51 -> 0.94333333 | T51: 0.52430556 | U51: 0.58680556 | V51: =(T51-U50)*24*60 -> 87 | W51: =(U51-T51)*24*60 -> 90 | AF51: =N51-K51 -> -102 | AG51: =N51/K51 -> 0.94333333
B52: 熱乾麵 | D52: 府城鹽水意麵 | F52: =VLOOKUP(D52,廠價表!$C$1:$E$43,3,0) -> 44.3 | G52: 2314 | H52: =F52*G52 -> 102510.2 | J52: =VLOOKUP(D52,產線配置圖!$A$3:$C$40,2,0) -> 18 | K52: =VLOOKUP(D52,產線配置圖!$A$3:$C$40,3,0) -> 1636 | L52: =K52/J52 -> 90.888889 | M52: 18 | N52: =G52/W52*60 -> 1388.4 | O52: =N52/M52 -> 77.133333 | P52: =M52-J52 -> 0 | Q52: =O52-L52 -> -13.755556 | R52: =O52/L52 -> 0.84865526 | T52: 0.60069444 | U52: 0.67013889 | V52: =(T52-U51)*24*60 -> 20 | W52: =(U52-T52)*24*60 -> 100 | AF52: =N52-K52 -> -247.6 | AG52: =N52/K52 -> 0.84865526
W53: =(U53-T53)*24*60 -> 0 | AF53: =N53-K53 -> 0 | AG53: =N53/K53 -> #DIV/0!
W54: =(U54-T54)*24*60 -> 0
W55: =(U55-T55)*24*60 -> 0
W56: =(U56-T56)*24*60 -> 0
W57: =(U57-T57)*24*60 -> 0
C58: 4度二組C2 | D58: 平均 | J58: =AVERAGE(J49:J57) -> 16.75 | K58: =AVERAGE(K49:K57) -> 1718 | L58: =AVERAGE(L49:L57) -> 103.03105 | M58: =AVERAGE(M49:M57) -> 16.75 | N58: =AVERAGE(N49:N57) -> 1556.2929 | O58: =AVERAGE(O49:O57) -> 93.406416 | P58: =M58-J58 -> 0 | Q58: =N58-K58 -> -161.70714 | R58: =O58/L58 -> 0.90658515 | Z58: =SUM(Z49:Z57) -> 0 | AA58: =SUM(AA49:AA57) -> 0 | AD58: =SUM(AD49:AD57) -> 0 | AE58: =SUM(AE49:AE57) -> 0 | AF58: =N58-K58 -> -161.70714 | AG58: =N58/K58 -> 0.90587477
A59: 調理包一線 (八爪機) | B59: 小吃、微波 | D59: 小滷青蔬 | F59: =VLOOKUP(D59,廠價表!$C$1:$E$43,3,0) -> 26.99 | G59: 4111 | H59: =F59*G59 -> 110955.89 | J59: =VLOOKUP(D59,產線配置圖!$A$3:$C$40,2,0) -> 15 | K59: =VLOOKUP(D59,產線配置圖!$A$3:$C$40,3,0) -> 1636 | L59: =K59/J59 -> 109.06667 | M59: 15 | N59: =G59/W59*60 -> 1541.625 | O59: =N59/M59 -> 102.775 | P59: =M59-J59 -> 0 | Q59: =O59-L59 -> -6.2916667 | R59: =O59/L59 -> 0.94231357 | S59: =R69 -> 0.87956758 | T59: 0.29166667 | U59: 0.40277778 | W59: =(U59-T59)*24*60 -> 160 | AF59: =N59-K59 -> -94.375 | AG59: =N59/K59 -> 0.94231357 | AH59: =AG69 -> 0.885145
B60: 小吃、微波 | D60: 起司馬鈴薯 | F60: =VLOOKUP(D60,廠價表!$C$1:$E$43,3,0) -> 28.26 | G60: 1612 | H60: =F60*G60 -> 45555.12 | J60: =VLOOKUP(D60,產線配置圖!$A$3:$C$40,2,0) -> 11 | K60: =VLOOKUP(D60,產線配置圖!$A$3:$C$40,3,0) -> 1636 | L60: =K60/J60 -> 148.72727 | M60: 11 | N60: =G60/W60*60 -> 1488 | O60: =N60/M60 -> 135.27273 | P60: =M60-J60 -> 0 | Q60: =O60-L60 -> -13.454545 | R60: =O60/L60 -> 0.90953545 | T60: 0.40972222 | U60: 0.45486111 | V60: =(T60-U59)*24*60 -> 10 | W60: =(U60-T60)*24*60 -> 65 | AF60: =N60-K60 -> -148 | AG60: =N60/K60 -> 0.90953545
B61: 小吃、微波 | D61: 韓式炒冬粉 | F61: =VLOOKUP(D61,廠價表!$C$1:$E$43,3,0) -> 28.26 | G61: 986 | H61: =F61*G61 -> 27864.36 | J61: =VLOOKUP(D61,產線配置圖!$A$3:$C$40,2,0) -> 11 | K61: =VLOOKUP(D61,產線配置圖!$A$3:$C$40,3,0) -> 1636 | L61: =K61/J61 -> 148.72727 | M61: 11 | N61: =G61/W61*60 -> 1314.6667 | O61: =N61/M61 -> 119.51515 | P61: =M61-J61 -> 0 | Q61: =O61-L61 -> -29.212121 | R61: =O61/L61 -> 0.80358598 | T61: 0.46180556 | U61: 0.49305556 | V61: =(T61-U60)*24*60 -> 10 | W61: =(U61-T61)*24*60 -> 45 | AF61: =N61-K61 -> -321.33333 | AG61: =N61/K61 -> 0.80358598
W62: =(U62-T62)*24*60 -> 0 | AF62: =N62-K62 -> 0 | AG62: =N62/K62 -> #DIV/0!
W63: =(U63-T63)*24*60 -> 0
W64: =(U64-T64)*24*60 -> 0
W65: =(U65-T65)*24*60 -> 0
W66: =(U66-T66)*24*60 -> 0
W67: =(U67-T67)*24*60 -> 0
H68: =F68*G68 -> 0 | W68: =(U68-T68)*24*60 -> 0
C69: 4度三組 | D69: 平均 | J69: =AVERAGE(J59:J68) -> 12.333333 | K69: =AVERAGE(K59:K68) -> 1636 | L69: =AVERAGE(L59:L68) -> 135.50707 | M69: =AVERAGE(M59:M68) -> 12.333333 | N69: =AVERAGE(N59:N68) -> 1448.0972 | O69: =AVERAGE(O59:O68) -> 119.18763 | P69: =M69-J69 -> 0 | Q69: =N69-K69 -> -187.90278 | R69: =O69/L69 -> 0.87956758 | Z69: =SUM(Z59:Z68) -> 0 | AA69: =SUM(AA59:AA68) -> 0 | AD69: =SUM(AD59:AD68) -> 0 | AE69: =SUM(AE59:AE68) -> 0 | AF69: =N69-K69 -> -187.90278 | AG69: =N69/K69 -> 0.885145
A70: 調理包二線 (手工) | B70: 義大利麵 | D70: 番茄蘑菇義大利麵 | F70: =VLOOKUP(D70,廠價表!$C$1:$E$43,3,0) -> 43.89 | G70: 1323 | H70: =F70*G70 -> 58066.47 | J70: =VLOOKUP(D70,產線配置圖!$A$3:$C$40,2,0) -> 13 | K70: =VLOOKUP(D70,產線配置圖!$A$3:$C$40,3,0) -> 1565 | L70: =K70/J70 -> 120.38462 | M70: 9 | N70: =G70/W70*60 -> 1030.9091 | O70: =N70/M70 -> 114.54545 | P70: =M70-J70 -> -4 | Q70: =O70-L70 -> -5.8391608 | R70: =O70/L70 -> 0.95149579 | S70: =R79 -> 0.93672314 | T70: 0.29166667 | U70: 0.34513889 | W70: =(U70-T70)*24*60 -> 77 | AF70: =N70-K70 -> -534.09091 | AG70: =N70/K70 -> 0.65872785 | AH70: =AG79 -> 0.66579573
B71: 小吃、微波 | D71: 麻辣雞心 | F71: =VLOOKUP(D71,廠價表!$C$1:$E$43,3,0) -> 28.26 | G71: 3631 | H71: =F71*G71 -> 102612.06 | J71: =VLOOKUP(D71,產線配置圖!$A$3:$C$40,2,0) -> 11 | K71: =VLOOKUP(D71,產線配置圖!$A$3:$C$40,3,0) -> 1636 | L71: =K71/J71 -> 148.72727 | M71: 8 | N71: =G71/W71*60 -> 1100.303 | O71: =N71/M71 -> 137.53788 | P71: =M71-J71 -> -3 | Q71: =O71-L71 -> -11.189394 | R71: =O71/L71 -> 0.92476569 | T71: 0.35208333 | U71: 0.48958333 | V71: =(T71-U70)*24*60 -> 10 | W71: =(U71-T71)*24*60 -> 198 | AF71: -300.3125 | AG71: 0.80810703
W72: =(U72-T72)*24*60 -> 0 | AF72: -130.33333 | AG72: 0.91671991
W73: =(U73-T73)*24*60 -> 0
W74: =(U74-T74)*24*60 -> 0
H75: =F75*G75 -> 0 | W75: =(U75-T75)*24*60 -> 0
H76: =F76*G76 -> 0 | W76: =(U76-T76)*24*60 -> 0
H77: =F77*G77 -> 0 | W77: =(U77-T77)*24*60 -> 0
H78: =F78*G78 -> 0 | W78: =(U78-T78)*24*60 -> 0
C79: 4度四組 | D79: 平均 | J79: =AVERAGE(J70:J78) -> 12 | K79: =AVERAGE(K70:K78) -> 1600.5 | L79: =AVERAGE(L70:L78) -> 134.55594 | M79: =AVERAGE(M70:M78) -> 8.5 | N79: =AVERAGE(N70:N78) -> 1065.6061 | O79: =AVERAGE(O70:O78) -> 126.04167 | P79: =M79-J79 -> -3.5 | Q79: =N79-K79 -> -534.89394 | R79: =O79/L79 -> 0.93672314 | Z79: =SUM(Z70:Z78) -> 0 | AA79: =SUM(AA70:AA78) -> 0 | AD79: =SUM(AD70:AD78) -> 0 | AE79: =SUM(AE70:AE78) -> 0 | AF79: =N79-K79 -> -534.89394 | AG79: =N79/K79 -> 0.66579573
AJ80: 1.當日出勤人數較多
AJ81: 2.當日出勤人數較少
AJ82: 3.當日出勤熟手較少
AJ83: 4.當日出勤新人較多
AJ84: 5.機台夾盒
AJ85: 6.封膜不順
AJ86: 7.更換膠膜
AJ87: 8.更換碳帶
AJ88: 9.當日熱轉印碳帶異常
AJ89: 10.訂單量過少
AJ90: 11.新品上市，尚未熟悉
AJ91: 12.商品結構，產能較低
AJ92: 13.區域出貨，分段生產

Sheet 0908總
B1: 長家廠組合室生產人時性分析
B3: 日期 | D3: 46273 | F3: 訂單量 | G3: ='0908'!E1 -> 64351 | I3: 營業額 | J3: ='0908'!G1 -> 3047356.6
B4: 項目 | D4: 3 | F4: ➀ | H4: ➁ | J4: ③ | L4: 異常停線 | N4: 短暫停線
B5: 人時性 | D5: 組合室 | F5: 全溫層 | H5: 義大利麵 | J5: 袋裝小吃、義麵 | L5: 合計次數 | M5: 時間 | N5: 合計次數 | O5: 設備次數
D6: 排關平均 | F6: =AVERAGE(D13:J13) -> 125.26828 | H6: =AVERAGE(D13:H13) -> 128.13002 | J6: =AVERAGE(I13:J13) -> 118.11393 | L6: ='0908'!Z2 -> 1 | M6: ='0908'!AA2 -> 52 | N6: ='0908'!AD2 -> 0 | O6: ='0908'!AE2 -> 0
D7: 實績平均 | F7: =AVERAGE(D14:J14) -> 110.72755 | H7: =AVERAGE(D14:H14) -> 112.15325 | J7: =AVERAGE(I14:J14) -> 107.16328
D8: 達成率平均 | F8: =AVERAGE(D15:J15) -> 0.88762042 | H8: =AVERAGE(D15:H15) -> 0.88173215 | J8: =AVERAGE(I15:J15) -> 0.90234111
J9: ※現行日本鮮食廠以達成率80%為基本(即為現行KPI)
B10: 溫層 | D10: 4度C-各編組展開
B11: 編組 | D11: 1 | E11: 2 | F11: 3 | G11: 4 | H11: 5 | I11: 6 | J11: 7
D12: 自動1線 | E12: 自動2線 | F12: 手工3線 | G12: 手工4線 | H12: 手工5線 | I12: 調理包1線 | J12: 調理包2線
B13: 人時性 | C13: 排關 | D13: =VALUE('0908'!L15) -> 163.80495 | E13: =VALUE('0908'!L26) -> 174.10714 | F13: =VALUE('0908'!L37) -> 99.35866 | G13: =VALUE('0908'!L48) -> 96.300926 | H13: =VALUE('0908'!L58) -> 107.07843 | I13: =VALUE('0908'!L69) -> 135.50707 | J13: ='0908'!L79 -> 100.7208
C14: 實績 | D14: =VALUE('0908'!O15) -> 151.83786 | E14: =VALUE('0908'!O26) -> 136.38986 | F14: =VALUE('0908'!O37) -> 90.287224 | G14: =VALUE('0908'!O48) -> 83.828176 | H14: =VALUE('0908'!O58) -> 98.423142 | I14: =VALUE('0908'!O69) -> 126.8252 | J14: ='0908'!O79 -> 87.501366
C15: 達成率 | D15: =D14/D13 -> 0.92694305 | E15: =E14/E13 -> 0.78336739 | F15: =F14/F13 -> 0.9087001 | G15: =G14/G13 -> 0.87048151 | H15: =H14/H13 -> 0.9191687 | I15: =I14/I13 -> 0.9359305 | J15: ='0908'!S70 -> 0.86875172
B16: 作業 時間 | C16: 開始 | D16: ='0908'!T5 -> 0.28819444 | E16: ='0908'!T16 -> 0.29027778 | F16: ='0908'!T27 -> 0.29166667 | G16: ='0908'!T38 -> 0.33333333 | H16: ='0908'!T49 -> 0.29166667 | I16: ='0908'!T59 -> 0.29861111 | J16: ='0908'!T70 -> 0.30416667
C17: 結束 | D17: 0.61597222 | E17: 0.64097222 | F17: 0.64027778 | G17: 0.64930556 | H17: 0.57638889 | I17: 0.63541667 | J17: 0.6375
B18: 產線異常 (5分鐘以上) | C18: 次數 | D18: ='0908'!Z15 -> 0 | E18: ='0908'!Z26 -> 1 | F18: ='0908'!Z37 -> 0 | G18: ='0908'!Z48 -> 0 | H18: ='0908'!Z58 -> 0 | I18: ='0908'!Z69 -> 0 | J18: ='0908'!AA79 -> 0
C19: 時間/分 | D19: ='0908'!AA15 -> 0 | E19: ='0908'!AA26 -> 52 | F19: ='0908'!AA37 -> 0 | G19: ='0908'!AA48 -> 0 | H19: ='0908'!AA58 -> 0 | I19: ='0908'!AA69 -> 0 | J19: ='0908'!AB79 -> 0
B20: 短暫停線 (5分鐘以下) | C20: 次數 | D20: ='0908'!AD15 -> 0 | E20: ='0908'!AD26 -> 0 | F20: ='0908'!AD37 -> 0 | G20: ='0908'!AD48 -> 0 | H20: ='0908'!AD58 -> 0 | I20: ='0908'!AD69 -> 0 | J20: ='0908'!AD79 -> 0
C21: 設備次數 | D21: ='0908'!AE15 -> 0 | E21: ='0908'!AE26 -> 0 | F21: ='0908'!AE37 -> 0 | G21: ='0908'!AE48 -> 0 | H21: ='0908'!AE58 -> 0 | I21: ='0908'!AE69 -> 0 | J21: ='0908'!AE79 -> 0
B22: 配置人數 | D22: =VALUE('0908'!M15) -> 13.75 | E22: =VALUE('0908'!M26) -> 13 | F22: =VALUE('0908'!M37) -> 16.833333 | G22: =VALUE('0908'!M48) -> 17.333333 | H22: =VALUE('0908'!M58) -> 16.333333 | I22: =VALUE('0908'!M69) -> 12.333333 | J22: ='0908'!M79 -> 14.666667
B23: 主要應用設備 | D23: ET-600 | E23: ET-600 | F23: ET-55 | G23: ET-55 | H23: ET-55 | I23: 八爪機
B24: 次要應用設備 | H24: 封口機
B25: 備註

Sheet 0908
A1: 長家廠4度C日報分析 | D1: 總生產量 | E1: =SUM(G5:G79) -> 64351 | F1: 營業額 | G1: =SUM(H5:H79) -> 3047356.6 | H1: 出勤人數 | I1: =M15+M26+M48+M58+M69+M79+M37 -> 104.25 | J1: 產線配置圖 | M1: 生產實績 | P1: 人時性差異分析 | T1: 日報登錄 | Z1: 合計 次數 | AA1: 合計 時間/分 | AB1: 分析說明 | AD1: 合計 次數 | AE1: 合計 設備次數 | AF1: 產能差異分析
A2: 9月8日 星期二 | D2: 人時性 | E2: =AVERAGE(O15,O26,O37,O48,O58,O69,O79) -> 110.72755 | F2: 平均廠價 | G2: =G1/E1 -> 47.355232 | H2: 多次生產數 | I2: =COUNT(I5:I79) -> 0 | Z2: =Z15+Z26+Z37+Z48+Z58+Z69+Z79 -> 1 | AA2: =AA15+AA26+AA37+AA48+AA58+AA69+AA79 -> 52 | AD2: =AD15+AD26+AD37+AD48+AD58+AD69+AD79 -> 0 | AE2: =AE15+AE26+AE37+AE48+AE58+AE69+AE79 -> 0
A3: 線別 | B3: 品類 | D3: 品名 | F3: 廠價 | G3: 生產量 | H3: 營收 | I3: 多次 生產 | J3: 人數 | K3: 產能/時 | L3: 人時性 | M3: 人數 | N3: 產能/時 | O3: 人時性 | P3: 人數 | Q3: 人時性 | R3: 達成率 | S3: 達成率平均 | T3: 生產時間 | V3: 前置、換線時間/分 | W3: 稼動時間/分 | X3: 休息時間 | Z3: 產線異常統計 (5分鐘以上) | AD3: 短暫停線統計 (5分鐘以下) | AF3: 產能/時 | AG3: 達成率 | AH3: 達成率平均
T4: 開始 | U4: 結束 | X4: 開始 | Y4: 結束 | Z4: 次數 | AA4: 時間/分 | AD4: 總次數 | AE4: 設備因素(次數)
A5: 自動一線 (ET-600) | B5: 義大利麵 | D5: 白酒清炒鮮蛤義大利麵 | F5: =VLOOKUP(D5,廠價表!$C$1:$E$43,3,0) -> 56.87 | G5: 3190 | H5: =F5*G5 -> 181415.3 | J5: =VLOOKUP(D5,產線配置圖!$A$3:$C$40,2,0) -> 14 | K5: =VLOOKUP(D5,產線配置圖!$A$3:$C$40,3,0) -> 2250 | L5: =K5/J5 -> 160.71429 | M5: 14 | N5: =G5/W5*60 -> 2126.6667 | O5: =N5/M5 -> 151.90476 | P5: =M5-J5 -> 0 | Q5: =O5-L5 -> -8.8095238 | R5: =O5/L5 -> 0.94518519 | S5: =R15 -> 0.92694305 | T5: 0.28819444 | U5: 0.35069444 | W5: =(U5-T5)*24*60 -> 90 | AB5: 8:30-8:35待1.6麵 | AF5: =N5-K5 -> -123.33333 | AG5: =N5/K5 -> 0.94518519 | AH5: =AG15 -> 0.92680508
B6: 義大利麵 | D6: 香煎魚排佐檸檬奶油義大利麵 | F6: =VLOOKUP(D6,廠價表!$C$1:$E$43,3,0) -> 58.17 | G6: 2382 | H6: =F6*G6 -> 138560.94 | J6: =VLOOKUP(D6,產線配置圖!$A$3:$C$40,2,0) -> 13 | K6: =VLOOKUP(D6,產線配置圖!$A$3:$C$40,3,0) -> 2250 | L6: =K6/J6 -> 173.07692 | M6: 13 | N6: =G6/W6*60 -> 2101.7647 | O6: =N6/M6 -> 161.67421 | P6: =M6-J6 -> 0 | Q6: =O6-L6 -> -11.402715 | R6: =O6/L6 -> 0.93411765 | T6: 0.35763889 | U6: 0.40486111 | V6: =(T6-U5)*24*60 -> 10 | W6: =(U6-T6)*24*60 -> 68 | AF6: =N6-K6 -> -148.23529 | AG6: =N6/K6 -> 0.93411765
B7: 義大利麵 | D7: 奶油培根義大利麵 | F7: =VLOOKUP(D7,廠價表!$C$1:$E$43,3,0) -> 49.14 | G7: 3100 | H7: =F7*G7 -> 152334 | J7: =VLOOKUP(D7,產線配置圖!$A$3:$C$40,2,0) -> 14 | K7: =VLOOKUP(D7,產線配置圖!$A$3:$C$40,3,0) -> 2250 | L7: =K7/J7 -> 160.71429 | M7: 14 | N7: =G7/W7*60 -> 1978.7234 | O7: =N7/M7 -> 141.33739 | P7: =M7-J7 -> 0 | Q7: =O7-L7 -> -19.3769 | R7: =O7/L7 -> 0.87943262 | T7: 0.41388889 | U7: 0.47916667 | V7: =(T7-U6)*24*60 -> 13 | W7: =(U7-T7)*24*60 -> 94 | AF7: =N7-K7 -> -271.2766 | AG7: =N7/K7 -> 0.87943262
B8: 義大利麵 | D8: 奶油培根義大利麵 | F8: =VLOOKUP(D8,廠價表!$C$1:$E$43,3,0) -> 49.14 | G8: 3130 | H8: =F8*G8 -> 153808.2 | J8: =VLOOKUP(D8,產線配置圖!$A$3:$C$40,2,0) -> 14 | K8: =VLOOKUP(D8,產線配置圖!$A$3:$C$40,3,0) -> 2250 | L8: =K8/J8 -> 160.71429 | M8: 14 | N8: =G8/W8*60 -> 2134.0909 | O8: =N8/M8 -> 152.43506 | P8: =M8-J8 -> 0 | Q8: =O8-L8 -> -8.2792208 | R8: =O8/L8 -> 0.94848485 | T8: 0.55486111 | U8: 0.61597222 | V8: =(T8-U7)*24*60 -> 109 | W8: =(U8-T8)*24*60 -> 88 | X8: 0.48611111 | Y8: 0.52777778 | AF8: =N8-K8 -> -115.90909 | AG8: =N8/K8 -> 0.94848485
W9: =(U9-T9)*24*60 -> 0 | AF9: =N9-K9 -> 0 | AG9: =N9/K9 -> #DIV/0!
W10: =(U10-T10)*24*60 -> 0 | AF10: =N10-K10 -> 0 | AG10: =N10/K10 -> #DIV/0!
W11: =(U11-T11)*24*60 -> 0 | AF11: =N11-K11 -> 0 | AG11: =N11/K11 -> #DIV/0!
W12: =(U12-T12)*24*60 -> 0
W13: =(U13-T13)*24*60 -> 0
W14: =(U14-T14)*24*60 -> 0
C15: 4度一組 | D15: 平均 | J15: =AVERAGE(J5:J14) -> 13.75 | K15: =AVERAGE(K5:K14) -> 2250 | L15: =AVERAGE(L5:L14) -> 163.80495 | M15: =AVERAGE(M5:M14) -> 13.75 | N15: =AVERAGE(N5:N14) -> 2085.3114 | O15: =AVERAGE(O5:O14) -> 151.83786 | P15: =M15-J15 -> 0 | Q15: =O15-L15 -> -11.96709 | R15: =O15/L15 -> 0.92694305 | Z15: =SUM(Z5:Z14) -> 0 | AA15: =SUM(AA5:AA14) -> 0 | AD15: =SUM(AD5:AD14) -> 0 | AE15: =SUM(AE5:AE14) -> 0 | AF15: =N15-K15 -> -164.68858 | AG15: =N15/K15 -> 0.92680508
A16: 自動二線 (ET-600) | B16: 義大利麵 | D16: 白酒清炒鮮蛤義大利麵 | F16: =VLOOKUP(D16,廠價表!$C$1:$E$43,3,0) -> 56.87 | G16: 1073 | H16: =F16*G16 -> 61021.51 | J16: =VLOOKUP(D16,產線配置圖!$A$3:$C$40,2,0) -> 14 | K16: =VLOOKUP(D16,產線配置圖!$A$3:$C$40,3,0) -> 2250 | L16: =K16/J16 -> 160.71429 | M16: 14 | N16: =G16/W16*60 -> 677.68421 | O16: =N16/M16 -> 48.406015 | P16: =M16-J16 -> 0 | Q16: =O16-L16 -> -112.30827 | R16: =O16/L16 -> 0.30119298 | S16: =R26 -> 0.78336739 | T16: 0.29027778 | U16: 0.35625 | W16: =(U16-T16)*24*60 -> 95 | Z16: 1 | AA16: 52 | AB16: 07:08-08:00封膜機收料異常，停線拆盒 | AF16: =N16-K16 -> -1572.3158 | AG16: =N16/K16 -> 0.30119298 | AH16: =AG26 -> 0.77194841
B17: 義大利麵 | D17: 青醬蛤蜊義大利麵 | F17: =VLOOKUP(D17,廠價表!$C$1:$E$43,3,0) -> 50.67 | G17: 3866 | H17: =F17*G17 -> 195890.22 | J17: 14 | K17: =VLOOKUP(D17,產線配置圖!$A$3:$C$40,3,0) -> 2250 | L17: =K17/J17 -> 160.71429 | M17: 14 | N17: =G17/W17*60 -> 2128.0734 | O17: =N17/M17 -> 152.00524 | P17: =M17-J17 -> 0 | Q17: =O17-L17 -> -8.7090433 | R17: =O17/L17 -> 0.9458104 | T17: 0.36388889 | U17: 0.43958333 | V17: =(T17-U16)*24*60 -> 11 | W17: =(U17-T17)*24*60 -> 109 | AF17: =N17-K17 -> -121.92661 | AG17: =N17/K17 -> 0.9458104
B18: 義大利麵 | D18: 義式蕃茄起司義大利麵 | F18: =VLOOKUP(D18,廠價表!$C$1:$E$43,3,0) -> 50.39 | G18: 2068 | H18: =F18*G18 -> 104206.52 | J18: =VLOOKUP(D18,產線配置圖!$A$3:$C$40,2,0) -> 12 | K18: =VLOOKUP(D18,產線配置圖!$A$3:$C$40,3,0) -> 2250 | L18: =K18/J18 -> 187.5 | M18: 12 | N18: =G18/W18*60 -> 2001.2903 | O18: =N18/M18 -> 166.77419 | P18: =M18-J18 -> 0 | Q18: =O18-L18 -> -20.725806 | R18: =O18/L18 -> 0.88946237 | T18: 0.44861111 | U18: 0.49166667 | V18: =(T18-U17)*24*60 -> 13 | W18: =(U18-T18)*24*60 -> 62 | X18: 0.48611111 | Y18: 0.52777778 | AF18: =N18-K18 -> -248.70968 | AG18: =N18/K18 -> 0.88946237
B19: 義大利麵 | D19: 義式蕃茄起司義大利麵 | F19: =VLOOKUP(D19,廠價表!$C$1:$E$43,3,0) -> 50.39 | G19: 4388 | H19: =F19*G19 -> 221111.32 | J19: =VLOOKUP(D19,產線配置圖!$A$3:$C$40,2,0) -> 12 | K19: =VLOOKUP(D19,產線配置圖!$A$3:$C$40,3,0) -> 2250 | L19: =K19/J19 -> 187.5 | M19: 12 | N19: =G19/W19*60 -> 2140.4878 | O19: =N19/M19 -> 178.37398 | P19: =M19-J19 -> 0 | Q19: =O19-L19 -> -9.1260163 | R19: =O19/L19 -> 0.95132791 | T19: 0.55555556 | U19: 0.64097222 | V19: =(T19-U18)*24*60 -> 92 | W19: =(U19-T19)*24*60 -> 123 | AF19: =N19-K19 -> -109.5122 | AG19: =N19/K19 -> 0.95132791
W20: =(U20-T20)*24*60 -> 0 | AB20: ET-600收料卷軸故障，暫時排出，須待料
W21: =(U21-T21)*24*60 -> 0
W22: 0
W23: =(U23-T23)*24*60 -> 0
H24: =F24*G24 -> 0 | W24: =(U24-T24)*24*60 -> 0
H25: =F25*G25 -> 0 | W25: =(U25-T25)*24*60 -> 0
C26: 4度二組A | D26: 平均 | J26: =AVERAGE(J16:J25) -> 13 | K26: =AVERAGE(K16:K25) -> 2250 | L26: =AVERAGE(L16:L25) -> 174.10714 | M26: =AVERAGE(M16:M25) -> 13 | N26: =AVERAGE(N16:N25) -> 1736.8839 | O26: =AVERAGE(O16:O25) -> 136.38986 | P26: =M26-J26 -> 0 | Q26: =O26-L26 -> -37.717284 | R26: =O26/L26 -> 0.78336739 | Z26: =SUM(Z16:Z25) -> 1 | AA26: =SUM(AA16:AA25) -> 52 | AD26: =SUM(AD16:AD25) -> 0 | AE26: =SUM(AE16:AE25) -> 0 | AF26: =N26-K26 -> -513.11607 | AG26: =N26/K26 -> 0.77194841
A27: 手工三線 (ET-55) | B27: 義大利麵 | D27: 金沙豆腐義大利麵 | F27: =VLOOKUP(D27,廠價表!$C$1:$E$43,3,0) -> 49.91 | G27: 812 | H27: =F27*G27 -> 40526.92 | J27: =VLOOKUP(D27,產線配置圖!$A$3:$C$40,2,0) -> 18 | K27: =VLOOKUP(D27,產線配置圖!$A$3:$C$40,3,0) -> 2250 | L27: =K27/J27 -> 125 | M27: 17 | N27: =G27/W27*60 -> 1804.4444 | O27: =N27/M27 -> 106.14379 | P27: =M27-J27 -> -1 | Q27: =O27-L27 -> -18.856209 | R27: =O27/L27 -> 0.84915033 | S27: =R37 -> 0.9087001 | T27: 0.29166667 | U27: 0.31041667 | W27: =(U27-T27)*24*60 -> 27 | AF27: =N27-K27 -> -445.55556 | AG27: =N27/K27 -> 0.80197531 | AH27: =AG37 -> 0.87386658
B28: 義大利麵 | D28: 奶油鮮蝦明太子細扁麵 | F28: =VLOOKUP(D28,廠價表!$C$1:$E$43,3,0) -> 57.21 | G28: 1485 | H28: =F28*G28 -> 84956.85 | J28: =VLOOKUP(D28,產線配置圖!$A$3:$C$40,2,0) -> 18 | K28: =VLOOKUP(D28,產線配置圖!$A$3:$C$40,3,0) -> 1636 | L28: =K28/J28 -> 90.888889 | M28: 17 | N28: =G28/W28*60 -> 1392.1875 | O28: =N28/M28 -> 81.893382 | P28: =M28-J28 -> -1 | Q28: =O28-L28 -> -8.9955065 | R28: =O28/L28 -> 0.90102743 | T28: 0.31666667 | U28: 0.36111111 | V28: =(T28-U27)*24*60 -> 9 | W28: =(U28-T28)*24*60 -> 64 | AF28: =N28-K28 -> -243.8125 | AG28: =N28/K28 -> 0.85097035
B29: 義大利麵 | D29: 義式蛋蛋青醬鮪魚冷義大利麵 | F29: =VLOOKUP(D29,廠價表!$C$1:$E$43,3,0) -> 45.66 | G29: 903 | H29: =F29*G29 -> 41230.98 | J29: =VLOOKUP(D29,產線配置圖!$A$3:$C$40,2,0) -> 17 | K29: =VLOOKUP(D29,產線配置圖!$A$3:$C$40,3,0) -> 1636 | L29: =K29/J29 -> 96.235294 | M29: 17 | N29: =G29/W29*60 -> 1548 | O29: =N29/M29 -> 91.058824 | P29: =M29-J29 -> 0 | Q29: =O29-L29 -> -5.1764706 | R29: =O29/L29 -> 0.94621027 | T29: 0.36805556 | U29: 0.39236111 | V29: =(T29-U28)*24*60 -> 10 | W29: =(U29-T29)*24*60 -> 35 | AF29: =N29-K29 -> -88 | AG29: =N29/K29 -> 0.94621027
B30: 義大利麵 | D30: 蕃茄莎莎海鮮冷義大利麵 | F30: =VLOOKUP(D30,廠價表!$C$1:$E$43,3,0) -> 46.34 | G30: 1442 | H30: =F30*G30 -> 66822.28 | J30: =VLOOKUP(D30,產線配置圖!$A$3:$C$40,2,0) -> 16 | K30: =VLOOKUP(D30,產線配置圖!$A$3:$C$40,3,0) -> 1636 | L30: =K30/J30 -> 102.25 | M30: 16 | N30: =G30/W30*60 -> 1517.8947 | O30: =N30/M30 -> 94.868421 | P30: =M30-J30 -> 0 | Q30: =O30-L30 -> -7.3815789 | R30: =O30/L30 -> 0.92780852 | T30: 0.40486111 | U30: 0.44444444 | V30: =(T30-U29)*24*60 -> 18 | W30: =(U30-T30)*24*60 -> 57 | X30: 0.49652778 | Y30: 0.53819444 | AF30: =N30-K30 -> -118.10526 | AG30: =N30/K30 -> 0.92780852
B31: 義大利麵 | D31: 拿坡里燻腸義大利麵 | F31: =VLOOKUP(D31,廠價表!$C$1:$E$43,3,0) -> 52.21 | G31: 2345 | H31: =F31*G31 -> 122432.45 | J31: =VLOOKUP(D31,產線配置圖!$A$3:$C$40,2,0) -> 18 | K31: =VLOOKUP(D31,產線配置圖!$A$3:$C$40,3,0) -> 1636 | L31: =K31/J31 -> 90.888889 | M31: 17 | N31: =G31/W31*60 -> 1366.0194 | O31: =N31/M31 -> 80.354083 | P31: =M31-J31 -> -1 | Q31: =O31-L31 -> -10.534806 | R31: =O31/L31 -> 0.88409138 | T31: 0.52083333 | U31: 0.59236111 | V31: =(T31-U30)*24*60 -> 110 | W31: =(U31-T31)*24*60 -> 103 | AB31: 新品上市初次生產 | AF31: =N31-K31 -> -269.98058 | AG31: =N31/K31 -> 0.83497519
B32: 義大利麵 | D32: 拿坡里燻腸義大利麵 | F32: =VLOOKUP(D32,廠價表!$C$1:$E$43,3,0) -> 52.21 | G32: 842 | H32: =F32*G32 -> 43960.82 | J32: =VLOOKUP(D32,產線配置圖!$A$3:$C$40,2,0) -> 18 | K32: =VLOOKUP(D32,產線配置圖!$A$3:$C$40,3,0) -> 1636 | L32: =K32/J32 -> 90.888889 | M32: 17 | N32: =G32/W32*60 -> 1485.8824 | O32: =N32/M32 -> 87.404844 | P32: =M32-J32 -> -1 | Q32: =O32-L32 -> -3.4840446 | R32: =O32/L32 -> 0.96166699 | T32: 0.61666667 | U32: 0.64027778 | V32: =(T32-U31)*24*60 -> 35 | W32: =(U32-T32)*24*60 -> 34 | AB32: 新品上市初次生產
W33: =(U33-T33)*24*60 -> 0
W34: =(U34-T34)*24*60 -> 0
W35: =(U35-T35)*24*60 -> 0
H36: =F36*G36 -> 0 | W36: =(U36-T36)*24*60 -> 0
C37: 4度二組B | D37: 平均 | J37: =AVERAGE(J27:J36) -> 17.5 | K37: =AVERAGE(K27:K36) -> 1738.3333 | L37: =AVERAGE(L27:L36) -> 99.35866 | M37: =AVERAGE(M27:M36) -> 16.833333 | N37: =AVERAGE(N27:N36) -> 1519.0714 | O37: =AVERAGE(O27:O36) -> 90.287224 | P37: =M37-J37 -> -0.66666667 | Q37: =N37-K37 -> -219.26192 | R37: =O37/L37 -> 0.9087001 | Z37: =SUM(Z27:Z36) -> 0 | AA37: =SUM(AA27:AA36) -> 0 | AD37: =SUM(AD27:AD36) -> 0 | AE37: =SUM(AE27:AE36) -> 0 | AF37: =N37-K37 -> -219.26192 | AG37: =N37/K37 -> 0.87386658
A38: 手工四線 (ET-55) | B38: 熱乾麵 | D38: 青花椒麻雞肉拌麵 | F38: =VLOOKUP(D38,廠價表!$C$1:$E$43,3,0) -> 49.91 | G38: 2803 | H38: =F38*G38 -> 139897.73 | J38: =VLOOKUP(D38,產線配置圖!$A$3:$C$40,2,0) -> 16 | K38: =VLOOKUP(D38,產線配置圖!$A$3:$C$40,3,0) -> 1714 | L38: =K38/J38 -> 107.125 | M38: 16 | N38: =G38/W38*60 -> 1462.4348 | O38: =N38/M38 -> 91.402174 | P38: =M38-J38 -> 0 | Q38: =O38-L38 -> -15.722826 | R38: =O38/L38 -> 0.85322916 | S38: =R48 -> 0.87048151 | T38: 0.33333333 | U38: 0.41319444 | W38: =(U38-T38)*24*60 -> 115 | AF38: =N38-K38 -> -251.56522 | AG38: =N38/K38 -> 0.85322916 | AH38: =AG48 -> 0.87122285
B39: 熱乾麵 | D39: 府城鹽水意麵 | F39: =VLOOKUP(D39,廠價表!$C$1:$E$43,3,0) -> 44.3 | G39: 2088 | H39: =F39*G39 -> 92498.4 | J39: =VLOOKUP(D39,產線配置圖!$A$3:$C$40,2,0) -> 18 | K39: =VLOOKUP(D39,產線配置圖!$A$3:$C$40,3,0) -> 1636 | L39: =K39/J39 -> 90.888889 | M39: 18 | N39: =G39/W39*60 -> 1473.8824 | O39: =N39/M39 -> 81.882353 | P39: =M39-J39 -> 0 | Q39: =O39-L39 -> -9.0065359 | R39: =O39/L39 -> 0.90090608 | T39: 0.42361111 | U39: 0.48263889 | V39: =(T39-U38)*24*60 -> 15 | W39: =(U39-T39)*24*60 -> 85 | AF39: =N39-K39 -> -162.11765 | AG39: =N39/K39 -> 0.90090608
B40: 熱乾麵 | D40: 府城鹽水意麵 | F40: =VLOOKUP(D40,廠價表!$C$1:$E$43,3,0) -> 44.3 | G40: 3519 | H40: =F40*G40 -> 155891.7 | J40: =VLOOKUP(D40,產線配置圖!$A$3:$C$40,2,0) -> 18 | K40: =VLOOKUP(D40,產線配置圖!$A$3:$C$40,3,0) -> 1636 | L40: =K40/J40 -> 90.888889 | M40: 18 | N40: =G40/W40*60 -> 1407.6 | O40: =N40/M40 -> 78.2 | P40: =M40-J40 -> 0 | Q40: =O40-L40 -> -12.688889 | R40: =O40/L40 -> 0.8603912 | T40: 0.54513889 | U40: 0.64930556 | V40: =(T40-U39)*24*60 -> 90 | W40: =(U40-T40)*24*60 -> 150 | AF40: =N40-K40 -> -228.4 | AG40: =N40/K40 -> 0.8603912
W41: =(U41-T41)*24*60 -> 0 | AF41: =N41-K41 -> 0 | AG41: =N41/K41 -> #DIV/0!
W42: =(U42-T42)*24*60 -> 0
W43: =(U43-T43)*24*60 -> 0
W44: =(U44-T44)*24*60 -> 0
W45: =(U45-T45)*24*60 -> 0
W46: =(U46-T46)*24*60 -> 0
H47: =F47*G47 -> 0 | W47: =(U47-T47)*24*60 -> 0
