Workbook

Sheet 廠價表
A1: check | B1: 溫層 | C1: 品名 | D1: 類別 | E1: 廠價
B2: 4度C | C2: 白酒蛤蜊義大利麵 | D2: 義大利麵 | E2: 57.21
B3: 4度C | C3: 白酒清炒鮮蛤義大利麵 | D3: 義大利麵 | E3: 56.87
B4: 4度C | C4: 義式蕃茄起司義大利麵 | D4: 義大利麵 | E4: 50.39
B5: 4度C | C5: 焗烤起司雙饗筆尖麵 | D5: 義大利麵 | E5: 49.97
B6: 4度C | C6: 奶油培根義大利麵 | D6: 義大利麵 | E6: 49.14
B7: 4度C | C7: 燻火腿貓耳朵麵 | D7: 義大利麵 | E7: 58.17
B8: 4度C | C8: 義式辣味嫩烤雞腿排義大利麵 | D8: 義大利麵 | E8: 56.61
B9: 4度C | C9: 焗烤起司肉醬筆尖麵 | D9: 義大利麵 | E9: 50.67
B10: 4度C | C10: 辣味香菜雞肉義大利麵 | D10: 義大利麵 | E10: 56.28
B11: 4度C | C11: 蒜香奶油蝦蝦義大利麵 | D11: 義大利麵 | E11: 57.21
B12: 4度C | C12: 義式辣味嫩烤雞腿排義大利麵 | D12: 義大利麵 | E12: 56.61
B13: 4度C | C13: 香煎魚排佐檸檬奶油義大利麵 | D13: 義大利麵 | E13: 58.17
... B21: 4度C | C21: 沙茶豬肉炒麵 | D21: 熱乾麵 | E21: 49.52
B23: 4度C | D23: 小吃、微波
B24: 4度C | C24: 小滷青蔬 | D24: 小吃、微波 | E24: 26.99
B25: 4度C | C25: 起司馬鈴薯 | D25: 小吃、微波 | E25: 28.26
B26: 4度C | C26: 麻辣雞心 | D26: 小吃、微波 | E26: 28.26
B46: 冷凍 | C46: 青醬蛤蜊義大利麵 | D46: 冷凍調理麵 | E46: 29.38
B47: 冷凍 | C47: 經典肉醬義大利麵 | D47: 冷凍調理麵 | E47: 29.38
B48: 冷凍 | C48: 奶油蘑菇培根義大利麵 | D48: 冷凍調理麵 | E48: 29.38
B49: 冷凍 | C49: 清炒蛤蜊義大利麵 | D49: 冷凍調理麵 | E49: 29.38
B50: 冷凍 | C50: 青醬乳酪筆尖麵 | D50: 冷凍調理麵 | E50: 29.38
B51: 冷凍 | C51: 辣蕃茄義大利麵 | D51: 冷凍調理麵 | E51: 29.38
B52: 冷凍 | D52: 冷凍調理麵
B53: 冷凍 | C53: 韓式起司義大利麵 | D53: 冷凍調理麵 | E53: 29.38
B54: 冷凍 | D54: 冷凍調理麵
B55: 冷凍 | C55: 和風明太子細扁麵 | D55: 冷凍調理麵 | E55: 29.38

Sheet 產線配置圖
A1: 品項 | B1: 人數 | C1: 產能 | E1: 人時 | G1: 備註
A2: 義大利麵
A3: 白酒清炒鮮蛤義大利麵 | B3: 15 | C3: 2250 | D3: ET-600 | E3: =C3/B3 -> 150
A4: 白酒清炒鮮蛤義大利麵-手 | B4: 17 | C4: 1716 | D4: ET-55 | E4: =C4/B4 -> 100.94118
A5: 青醬蛤蜊義大利麵 | B5: 13 | C5: 2250 | E5: =C5/B5 -> 173.07692
A6: 青醬蛤蜊義大利麵-手 | B6: 16 | C6: 1714 | E6: =C6/B6 -> 107.125
A7: 義式蕃茄起司義大利麵 | B7: 12 | C7: 2250 | E7: =C7/B7 -> 187.5
A8: 奶油培根義大利麵 | B8: 15 | C8: 2250 | E8: =C8/B8 -> 150
A9: 蒜香奶油蝦蝦義大利麵-自 | B9: 14 | C9: 2118 | E9: =C9/B9 -> 151.28571
A10: 蒜香奶油蝦蝦義大利麵 | B10: 17 | C10: 1716 | E10: =C10/B10 -> 100.94118
A11: 義式辣味嫩烤雞腿排義大利麵 | B11: 15 | C11: 2250 | E11: =C11/B11 -> 150
A12: 香煎魚排佐檸檬奶油義大利麵 | B12: 15 | C12: 2250 | E12: =C12/B12 -> 150
A13: 黑松露野菇義大利麵 | B13: 19 | C13: 1565 | E13: =C13/B13 -> 82.368421 | J13: 黑松露野菇義大利麵 | K13: 17 | L13: 1565 | N13: =L13/K13 -> 92.058824
A14: 青花椒麻雞肉拌麵 | B14: 15 | C14: 1714 | E14: =C14/B14 -> 114.26667 | J14: 青花椒麻雞肉拌麵 | K14: 14 | L14: 1714 | N14: =L14/K14 -> 122.42857
A15: 焗烤起司雙饗筆尖麵 | B15: 16 | C15: 1800 | E15: =C15/B15 -> 112.5 | G15: 目前使用手工 | J15: 焗烤起司雙饗筆尖麵 | K15: 15 | L15: 1800 | N15: =L15/K15 -> 120
A16: 沙茶豬肉炒麵 | B16: 17 | C16: 1500 | E16: =C16/B16 -> 88.235294 | J16: 沙茶豬肉炒麵 | K16: 16 | L16: 1500 | N16: =L16/K16 -> 93.75
A17: 府城鹽水意麵 | B17: 17 | C17: 1636 | E17: =C17/B17 -> 96.235294 | J17: 府城鹽水意麵 | K17: 16 | L17: 1636 | N17: =L17/K17 -> 102.25
A18: 焗烤起司肉醬筆尖麵-降 | B18: 10 | C18: 1125 | E18: =C18/B18 -> 112.5 | J18: 焗烤起司肉醬筆尖麵 | K18: 12 | L18: 1440 | N18: =L18/K18 -> 120
A19: 焗烤起司肉醬筆尖麵 | B19: 13 | C19: 1440 | E19: =C19/B19 -> 110.76923 | G19: 目前使用雙排 | J19: 整條德式香腸義大利麵 | K19: 16 | L19: 1565 | N19: =L19/K19 -> 97.8125
A20: 整條德式香腸義大利麵 | B20: 17 | C20: 1565 | E20: =C20/B20 -> 92.058824
A26: 調理包
A27: 小滷青蔬 | B27: 15 | C27: 1565 | E27: =C27/B27 -> 104.33333 | G27: 夏季+1人補料
A28: 起司馬鈴薯 | B28: 12 | C28: 1565 | E28: =C28/B28 -> 130.41667
A29: 麻辣雞心 | B29: 9 | C29: 1636 | E29: =C29/B29 -> 181.77778
E34: 更新日期05/03

Sheet 範本總
B1: 長家廠組合室生產人時性分析
B3: 日期 | D3: 46015 | F3: 訂單量 | G3: =範本!E1 -> 43309 | I3: 營業額 | J3: =範本!G1 -> #N/A
B4: 項目 | D4: 3 | F4: ➀ | H4: ➁ | J4: ③ | L4: 異常停線 | N4: 短暫停線
B5: 人時性 | D5: 組合室 | F5: 全溫層 | H5: 義大利麵 | J5: 袋裝小吃、義麵 | L5: 合計次數 | M5: 時間 | N5: 合計次數 | O5: 設備次數
D6: 排關平均 | F6: =AVERAGE(D13:J13) -> #N/A | H6: =AVERAGE(D13:H13) -> #N/A | J6: =AVERAGE(I13:J13) -> #N/A | L6: =範本!Z2 -> 0 | M6: =範本!AA2 -> 0 | N6: =範本!AD2 -> 0 | O6: =範本!AE2 -> 0
D7: 實績平均 | F7: =AVERAGE(D14:J14) -> 116.11475 | H7: =AVERAGE(D14:H14) -> 117.36075 | J7: =AVERAGE(I14:J14) -> 112.99975
D8: 達成率平均 | F8: =AVERAGE(D15:J15) -> #N/A | H8: =AVERAGE(D15:H15) -> #N/A | J8: =AVERAGE(I15:J15) -> #N/A
J9: ※現行日本鮮食廠以達成率80%為基本(即為現行KPI)
B10: 溫層 | D10: 4度C-各編組展開
B11: 編組 | D11: 1 | E11: 2 | F11: 3 | G11: 4 | H11: 5 | I11: 6 | J11: 7
D12: 自動1線 | E12: 自動2線 | F12: 手工3線 | G12: 手工4線 | H12: 手工5線 | I12: 調理包1線 | J12: 調理包2線
B13: 人時性 | C13: 排關 | D13: =VALUE(範本!L15) -> #N/A | E13: =VALUE(範本!L26) -> #N/A | F13: =VALUE(範本!L37) -> #N/A | G13: =VALUE(範本!L48) -> #N/A | H13: =VALUE(範本!L58) -> #N/A | I13: =VALUE(範本!L69) -> #N/A | J13: =範本!L79 -> #N/A
C14: 實績 | D14: =VALUE(範本!O15) -> 113.91637 | E14: =VALUE(範本!O26) -> 132.12003 | F14: =VALUE(範本!O37) -> 126.23842 | G14: =VALUE(範本!O48) -> 112.0543 | H14: =VALUE(範本!O58) -> 102.47462 | I14: =VALUE(範本!O69) -> 155.46443 | J14: =範本!O79 -> 70.535065
C15: 達成率 | D15: =D14/D13 -> #N/A | E15: =E14/E13 -> #N/A | F15: =F14/F13 -> #N/A | G15: =G14/G13 -> #N/A | H15: =H14/H13 -> #N/A | I15: =I14/I13 -> #N/A | J15: =範本!S70 -> #N/A
B16: 作業 時間 | C16: 開始 | D16: =範本!T5 -> 0.29097222 | E16: =範本!T16 -> 0.29097222 | F16: =範本!T27 -> 0.29166667 | G16: =範本!T38 -> 0.33333333 | H16: =範本!T49 -> 0.29166667 | I16: =範本!T59 -> 0.29166667 | J16: =範本!T70 -> 0.34722222
C17: 結束 | D17: 0.47361111 | E17: 0.48263889 | F17: 0.56944444 | G17: 0.60416667 | H17: 0.58333333 | I17: 0.48819444 | J17: 0.46875
B18: 產線異常 (5分鐘以上) | C18: 次數
C19: 時間/分
B20: 短暫停線 (5分鐘以下) | C20: 次數
C21: 設備次數
B22: 配置人數 | D22: =VALUE(範本!M15) -> 15 | E22: =VALUE(範本!M26) -> 12.666667 | F22: =VALUE(範本!M37) -> 14.666667 | G22: =VALUE(範本!M48) -> 14 | H22: =VALUE(範本!M58) -> 17.666667 | I22: =VALUE(範本!M69) -> 12.333333 | J22: =範本!M79 -> 11
B23: 主要應用設備 | D23: ET-600 | E23: ET-600 | F23: ET-55 | G23: ET-55 | H23: ET-55 | I23: 八爪機
B24: 次要應用設備 | H24: 封口機
B25: 備註

Sheet 範本
A1: 長家廠4度C日報分析 | D1: 總生產量 | E1: =SUM(G5:G79) -> 43309 | F1: 營業額 | G1: =SUM(H5:H79) -> #N/A | H1: 出勤人數 | I1: =M15+M26+M48+M58+M69+M79+M37 -> 97.333333 | J1: 產線配置圖 | M1: 生產實績 | P1: 人時性差異分析 | T1: 日報登錄 | Z1: 合計 次數 | AA1: 合計 時間/分 | AB1: 分析說明 | AD1: 合計 次數 | AE1: 合計 設備次數 | AF1: 產能差異分析
A2: 12月24日 星期三 | D2: 人時性 | E2: =AVERAGE(O15,O26,O37,O48,O58,O69,O79) -> 116.11475 | F2: 平均廠價 | G2: =G1/E1 -> #N/A | H2: 多次生產數 | I2: =COUNT(I5:I79) -> 0 | Z2: =Z15+Z26+Z37+Z48+Z58+Z69+Z79 -> 0 | AA2: =AA15+AA26+AA37+AA48+AA58+AA69+AA79 -> 0 | AD2: =AD15+AD26+AD37+AD48+AD58+AD69+AD79 -> 0 | AE2: =AE15+AE26+AE37+AE48+AE58+AE69+AE79 -> 0
A3: 線別 | B3: 品類 | D3: 品名 | F3: 廠價 | G3: 生產量 | H3: 營收 | I3: 多次 生產 | J3: 人數 | K3: 產能/時 | L3: 人時性 | M3: 人數 | N3: 產能/時 | O3: 人時性 | P3: 人數 | Q3: 人時性 | R3: 達成率 | S3: 達成率平均 | T3: 生產時間 | V3: 前置、換線時間/分 | W3: 稼動時間/分 | X3: 休息時間 | Z3: 產線異常統計 (5分鐘以上) | AD3: 短暫停線統計 (5分鐘以下) | AF3: 產能/時 | AG3: 達成率 | AH3: 達成率平均
T4: 開始 | U4: 結束 | X4: 開始 | Y4: 結束 | Z4: 次數 | AA4: 時間/分 | AD4: 總次數 | AE4: 設備因素(次數)
A5: 自動一線 (ET-600) | B5: =VLOOKUP(D5,廠價表!$C$1:$E$43,2,0) -> #N/A | F5: =VLOOKUP(D5,廠價表!$C$1:$E$43,3,0) -> #N/A | G5: 2263 | H5: =F5*G5 -> #N/A | J5: =VLOOKUP(D5,產線配置圖!$A$3:$C$40,2,0) -> #N/A | K5: =VLOOKUP(D5,產線配置圖!$A$3:$C$40,3,0) -> #N/A | L5: =K5/J5 -> #N/A | M5: 15 | N5: =G5/W5*60 -> 1444.4681 | O5: =N5/M5 -> 96.297872 | P5: =M5-J5 -> #N/A | Q5: =O5-L5 -> #N/A | R5: =O5/L5 -> #N/A | S5: =R15 -> #N/A | T5: 0.29097222 | U5: 0.35625 | W5: =(U5-T5)*24*60 -> 94 | AF5: =N5-K5 -> #N/A | AG5: =N5/K5 -> #N/A | AH5: =AG15 -> #N/A
B6: =VLOOKUP(D6,廠價表!$C$1:$E$43,2,0) -> #N/A | F6: =VLOOKUP(D6,廠價表!$C$1:$E$43,3,0) -> #N/A | G6: 1180 | H6: =F6*G6 -> #N/A | J6: =VLOOKUP(D6,產線配置圖!$A$3:$C$40,2,0) -> #N/A | K6: =VLOOKUP(D6,產線配置圖!$A$3:$C$40,3,0) -> #N/A | L6: =K6/J6 -> #N/A | M6: 17 | N6: =G6/W6*60 -> 1609.0909 | O6: =N6/M6 -> 94.652406 | P6: =M6-J6 -> #N/A | Q6: =O6-L6 -> #N/A | R6: =O6/L6 -> #N/A | T6: 0.36458333 | U6: 0.39513889 | V6: =(T6-U5)*24*60 -> 12 | W6: =(U6-T6)*24*60 -> 44 | AF6: =N6-K6 -> #N/A | AG6: =N6/K6 -> #N/A
B7: =VLOOKUP(D7,廠價表!$C$1:$E$43,2,0) -> #N/A | F7: =VLOOKUP(D7,廠價表!$C$1:$E$43,3,0) -> #N/A | G7: 3398 | H7: =F7*G7 -> #N/A | J7: =VLOOKUP(D7,產線配置圖!$A$3:$C$40,2,0) -> #N/A | K7: =VLOOKUP(D7,產線配置圖!$A$3:$C$40,3,0) -> #N/A | L7: =K7/J7 -> #N/A | M7: 13 | N7: =G7/W7*60 -> 1960.3846 | O7: =N7/M7 -> 150.79882 | P7: =M7-J7 -> #N/A | Q7: =O7-L7 -> #N/A | R7: =O7/L7 -> #N/A | T7: 0.40138889 | U7: 0.47361111 | V7: =(T7-U6)*24*60 -> 9 | W7: =(U7-T7)*24*60 -> 104 | AF7: =N7-K7 -> #N/A | AG7: =N7/K7 -> #N/A
W8: =(U8-T8)*24*60 -> 0 | X8: 0.48611111 | Y8: 0.52777778 | AF8: =N8-K8 -> 0 | AG8: =N8/K8 -> #DIV/0!
W9: =(U9-T9)*24*60 -> 0 | AF9: =N9-K9 -> 0 | AG9: =N9/K9 -> #DIV/0!
W10: =(U10-T10)*24*60 -> 0 | AF10: =N10-K10 -> 0 | AG10: =N10/K10 -> #DIV/0!
W11: =(U11-T11)*24*60 -> 0 | AF11: =N11-K11 -> 0 | AG11: =N11/K11 -> #DIV/0!
W12: =(U12-T12)*24*60 -> 0
W13: =(U13-T13)*24*60 -> 0
W14: =(U14-T14)*24*60 -> 0
C15: 4度一組 | D15: 平均 | J15: =AVERAGE(J5:J14) -> #N/A | K15: =AVERAGE(K5:K14) -> #N/A | L15: =AVERAGE(L5:L14) -> #N/A | M15: =AVERAGE(M5:M14) -> 15 | N15: =AVERAGE(N5:N14) -> 1671.3145 | O15: =AVERAGE(O5:O14) -> 113.91637 | P15: =M15-J15 -> #N/A | Q15: =O15-L15 -> #N/A | R15: =O15/L15 -> #N/A | Z15: =SUM(Z5:Z14) -> 0 | AA15: =SUM(AA5:AA14) -> 0 | AD15: =SUM(AD5:AD14) -> 0 | AE15: =SUM(AE5:AE14) -> 0 | AF15: =N15-K15 -> #N/A | AG15: =N15/K15 -> #N/A
A16: 自動二線 (ET-600) | B16: =VLOOKUP(D16,廠價表!$C$1:$E$43,2,0) -> #N/A | F16: =VLOOKUP(D16,廠價表!$C$1:$E$43,3,0) -> #N/A | G16: 2263 | H16: =F16*G16 -> #N/A | J16: =VLOOKUP(D16,產線配置圖!$A$3:$C$40,2,0) -> #N/A | K16: =VLOOKUP(D16,產線配置圖!$A$3:$C$40,3,0) -> #N/A | L16: =K16/J16 -> #N/A | M16: 13 | N16: =G16/W16*60 -> 2225.9016 | O16: =N16/M16 -> 171.2232 | P16: =M16-J16 -> #N/A | Q16: =O16-L16 -> #N/A | R16: =O16/L16 -> #N/A | S16: =R26 -> #N/A | T16: 0.29097222 | U16: 0.33333333 | W16: =(U16-T16)*24*60 -> 61 | AF16: =N16-K16 -> #N/A | AG16: =N16/K16 -> #N/A | AH16: =AG26 -> #N/A
B17: =VLOOKUP(D17,廠價表!$C$1:$E$43,2,0) -> #N/A | F17: =VLOOKUP(D17,廠價表!$C$1:$E$43,3,0) -> #N/A | G17: 1180 | H17: =F17*G17 -> #N/A | J17: =VLOOKUP(D17,產線配置圖!$A$3:$C$40,2,0) -> #N/A | K17: =VLOOKUP(D17,產線配置圖!$A$3:$C$40,3,0) -> #N/A | L17: =K17/J17 -> #N/A | M17: 13 | N17: =G17/W17*60 -> 823.25581 | O17: =N17/M17 -> 63.32737 | P17: =M17-J17 -> #N/A | Q17: =O17-L17 -> #N/A | R17: =O17/L17 -> #N/A | T17: 0.34166667 | U17: 0.40138889 | V17: =(T17-U16)*24*60 -> 12 | W17: =(U17-T17)*24*60 -> 86 | AF17: =N17-K17 -> #N/A | AG17: =N17/K17 -> #N/A
B18: =VLOOKUP(D18,廠價表!$C$1:$E$43,2,0) -> #N/A | F18: =VLOOKUP(D18,廠價表!$C$1:$E$43,3,0) -> #N/A | G18: 3398 | H18: =F18*G18 -> #N/A | J18: =VLOOKUP(D18,產線配置圖!$A$3:$C$40,2,0) -> #N/A | K18: =VLOOKUP(D18,產線配置圖!$A$3:$C$40,3,0) -> #N/A | L18: =K18/J18 -> #N/A | M18: 12 | N18: =G18/W18*60 -> 1941.7143 | O18: =N18/M18 -> 161.80952 | P18: =M18-J18 -> #N/A | Q18: =O18-L18 -> #N/A | R18: =O18/L18 -> #N/A | T18: 0.40972222 | U18: 0.48263889 | V18: =(T18-U17)*24*60 -> 12 | W18: =(U18-T18)*24*60 -> 105 | X18: 0.48611111 | Y18: 0.52777778 | AF18: =N18-K18 -> #N/A | AG18: =N18/K18 -> #N/A
V19: =(T19-U18)*24*60 -> -695 | W19: =(U19-T19)*24*60 -> 0 | AF19: =N19-K19 -> 0 | AG19: =N19/K19 -> #DIV/0!
V20: =(T20-U19)*24*60 -> 0 | W20: =(U20-T20)*24*60 -> 0
W21: =(U21-T21)*24*60 -> 0
W22: 0
W23: =(U23-T23)*24*60 -> 0
H24: =F24*G24 -> 0 | W24: =(U24-T24)*24*60 -> 0
H25: =F25*G25 -> 0 | W25: =(U25-T25)*24*60 -> 0
C26: 4度二組A | D26: 平均 | J26: =AVERAGE(J16:J25) -> #N/A | K26: =AVERAGE(K16:K25) -> #N/A | L26: =AVERAGE(L16:L25) -> #N/A | M26: =AVERAGE(M16:M25) -> 12.666667 | N26: =AVERAGE(N16:N25) -> 1663.6239 | O26: =AVERAGE(O16:O25) -> 132.12003 | P26: =M26-J26 -> #N/A | Q26: =O26-L26 -> #N/A | R26: =O26/L26 -> #N/A | Z26: =SUM(Z16:Z25) -> 0 | AA26: =SUM(AA16:AA25) -> 0 | AD26: =SUM(AD16:AD25) -> 0 | AE26: =SUM(AE16:AE25) -> 0 | AF26: =N26-K26 -> #N/A | AG26: =N26/K26 -> #N/A
A27: 手工三線 (ET-55) | B27: =VLOOKUP(D27,廠價表!$C$1:$E$43,2,0) -> #N/A | F27: =VLOOKUP(D27,廠價表!$C$1:$E$43,3,0) -> #N/A | G27: 2263 | H27: =F27*G27 -> #N/A | J27: =VLOOKUP(D27,產線配置圖!$A$3:$C$40,2,0) -> #N/A | K27: =VLOOKUP(D27,產線配置圖!$A$3:$C$40,3,0) -> #N/A | L27: =K27/J27 -> #N/A | M27: 14 | N27: =G27/W27*60 -> 1212.3214 | O27: =N27/M27 -> 86.594388 | P27: =M27-J27 -> #N/A | Q27: =O27-L27 -> #N/A | R27: =O27/L27 -> #N/A | S27: =R37 -> #N/A | T27: 0.29166667 | U27: 0.36944444 | W27: =(U27-T27)*24*60 -> 112 | AF27: =N27-K27 -> #N/A | AG27: =N27/K27 -> #N/A | AH27: =AG37 -> #N/A
B28: =VLOOKUP(D28,廠價表!$C$1:$E$43,2,0) -> #N/A | F28: =VLOOKUP(D28,廠價表!$C$1:$E$43,3,0) -> #N/A | G28: 1180 | H28: =F28*G28 -> #N/A | J28: =VLOOKUP(D28,產線配置圖!$A$3:$C$40,2,0) -> #N/A | K28: =VLOOKUP(D28,產線配置圖!$A$3:$C$40,3,0) -> #N/A | L28: =K28/J28 -> #N/A | M28: 16 | N28: =G28/W28*60 -> 1089.2308 | O28: =N28/M28 -> 68.076923 | P28: =M28-J28 -> #N/A | Q28: =O28-L28 -> #N/A | R28: =O28/L28 -> #N/A | T28: 0.375 | U28: 0.42013889 | V28: =(T28-U27)*24*60 -> 8 | W28: =(U28-T28)*24*60 -> 65 | AF28: =N28-K28 -> #N/A | AG28: =N28/K28 -> #N/A
B29: =VLOOKUP(D29,廠價表!$C$1:$E$43,2,0) -> #N/A | F29: =VLOOKUP(D29,廠價表!$C$1:$E$43,3,0) -> #N/A | G29: 3398 | H29: =F29*G29 -> #N/A | J29: =VLOOKUP(D29,產線配置圖!$A$3:$C$40,2,0) -> #N/A | K29: =VLOOKUP(D29,產線配置圖!$A$3:$C$40,3,0) -> #N/A | L29: =K29/J29 -> #N/A | M29: 14 | N29: =G29/W29*60 -> 3136.6154 | O29: =N29/M29 -> 224.04396 | P29: =M29-J29 -> #N/A | Q29: =O29-L29 -> #N/A | R29: =O29/L29 -> #N/A | T29: 0.43055556 | U29: 0.47569444 | V29: =(T29-U28)*24*60 -> 15 | W29: =(U29-T29)*24*60 -> 65 | AF29: =N29-K29 -> #N/A | AG29: =N29/K29 -> #N/A
T30: 0.53958333 | U30: 0.56944444 | V30: =(T30-U29)*24*60 -> 92 | W30: =(U30-T30)*24*60 -> 43 | X30: 0.49652778 | Y30: 0.53819444 | AF30: =N30-K30 -> 0 | AG30: =N30/K30 -> #DIV/0!
W31: =(U31-T31)*24*60 -> 0 | AF31: =N31-K31 -> 0 | AG31: =N31/K31 -> #DIV/0!
W32: =(U32-T32)*24*60 -> 0
W33: =(U33-T33)*24*60 -> 0
W34: =(U34-T34)*24*60 -> 0
W35: =(U35-T35)*24*60 -> 0
H36: =F36*G36 -> 0 | W36: =(U36-T36)*24*60 -> 0
C37: 4度二組B | D37: 平均 | J37: =AVERAGE(J27:J36) -> #N/A | K37: =AVERAGE(K27:K36) -> #N/A | L37: =AVERAGE(L27:L36) -> #N/A | M37: =AVERAGE(M27:M36) -> 14.666667 | N37: =AVERAGE(N27:N36) -> 1812.7225 | O37: =AVERAGE(O27:O36) -> 126.23842 | P37: =M37-J37 -> #N/A | Q37: =N37-K37 -> #N/A | R37: =O37/L37 -> #N/A | Z37: =SUM(Z27:Z36) -> 0 | AA37: =SUM(AA27:AA36) -> 0 | AD37: =SUM(AD27:AD36) -> 0 | AE37: =SUM(AE27:AE36) -> 0 | AF37: =N37-K37 -> #N/A | AG37: =N37/K37 -> #N/A
A38: 手工四線 (ET-55) | B38: =VLOOKUP(D38,廠價表!$C$1:$E$43,2,0) -> #N/A | F38: =VLOOKUP(D38,廠價表!$C$1:$E$43,3,0) -> #N/A | G38: 2263 | H38: =F38*G38 -> #N/A | J38: =VLOOKUP(D38,產線配置圖!$A$3:$C$40,2,0) -> #N/A | K38: =VLOOKUP(D38,產線配置圖!$A$3:$C$40,3,0) -> #N/A | L38: =K38/J38 -> #N/A | M38: 14 | N38: =G38/W38*60 -> 1967.8261 | O38: =N38/M38 -> 140.55901 | P38: =M38-J38 -> #N/A | Q38: =O38-L38 -> #N/A | R38: =O38/L38 -> #N/A | S38: =R48 -> #N/A | T38: 0.33333333 | U38: 0.38125 | W38: =(U38-T38)*24*60 -> 69 | AF38: =N38-K38 -> #N/A | AG38: =N38/K38 -> #N/A | AH38: =AG48 -> #N/A
B39: =VLOOKUP(D39,廠價表!$C$1:$E$43,2,0) -> #N/A | F39: =VLOOKUP(D39,廠價表!$C$1:$E$43,3,0) -> #N/A | G39: 1180 | H39: =F39*G39 -> #N/A | J39: =VLOOKUP(D39,產線配置圖!$A$3:$C$40,2,0) -> #N/A | K39: =VLOOKUP(D39,產線配置圖!$A$3:$C$40,3,0) -> #N/A | L39: =K39/J39 -> #N/A | M39: 14 | N39: =G39/W39*60 -> 885 | O39: =N39/M39 -> 63.214286 | P39: =M39-J39 -> #N/A | Q39: =O39-L39 -> #N/A | R39: =O39/L39 -> #N/A | T39: 0.38888889 | U39: 0.44444444 | V39: =(T39-U38)*24*60 -> 11 | W39: =(U39-T39)*24*60 -> 80 | AF39: =N39-K39 -> #N/A | AG39: =N39/K39 -> #N/A
B40: =VLOOKUP(D40,廠價表!$C$1:$E$43,2,0) -> #N/A | F40: =VLOOKUP(D40,廠價表!$C$1:$E$43,3,0) -> #N/A | G40: 3398 | H40: =F40*G40 -> #N/A | J40: =VLOOKUP(D40,產線配置圖!$A$3:$C$40,2,0) -> #N/A | K40: =VLOOKUP(D40,產線配置圖!$A$3:$C$40,3,0) -> #N/A | L40: =K40/J40 -> #N/A | M40: 14 | N40: =G40/W40*60 -> 1853.4545 | O40: =N40/M40 -> 132.38961 | P40: =M40-J40 -> #N/A | Q40: =O40-L40 -> #N/A | R40: =O40/L40 -> #N/A | T40: 0.52777778 | U40: 0.60416667 | V40: =(T40-U39)*24*60 -> 120 | W40: =(U40-T40)*24*60 -> 110 | AF40: =N40-K40 -> #N/A | AG40: =N40/K40 -> #N/A
W41: =(U41-T41)*24*60 -> 0 | AF41: =N41-K41 -> 0 | AG41: =N41/K41 -> #DIV/0!
W42: =(U42-T42)*24*60 -> 0
W43: =(U43-T43)*24*60 -> 0
W44: =(U44-T44)*24*60 -> 0
W45: =(U45-T45)*24*60 -> 0
W46: =(U46-T46)*24*60 -> 0
H47: =F47*G47 -> 0 | W47: =(U47-T47)*24*60 -> 0
C48: 4度二組C1 | D48: 平均 | J48: =AVERAGE(J38:J47) -> #N/A | K48: =AVERAGE(K38:K47) -> #N/A | L48: =AVERAGE(L38:L47) -> #N/A | M48: =AVERAGE(M38:M47) -> 14 | N48: =AVERAGE(N38:N47) -> 1568.7602 | O48: =AVERAGE(O38:O47) -> 112.0543 | P48: =M48-J48 -> #N/A | Q48: =N48-K48 -> #N/A | R48: =O48/L48 -> #N/A | W48: =(U48-T48)*24*60 -> 0 | Z48: =SUM(Z38:Z47) -> 0 | AA48: =SUM(AA38:AA47) -> 0 | AD48: =SUM(AD38:AD47) -> 0 | AE48: =SUM(AE38:AE47) -> 0 | AF48: =N48-K48 -> #N/A | AG48: =N48/K48 -> #N/A
A49: 手工五線 (ET-55) | B49: =VLOOKUP(D49,廠價表!$C$1:$E$43,2,0) -> #N/A | F49: =VLOOKUP(D49,廠價表!$C$1:$E$43,3,0) -> #N/A | G49: 2263 | H49: =F49*G49 -> #N/A | J49: =VLOOKUP(D49,產線配置圖!$A$3:$C$40,2,0) -> #N/A | K49: =VLOOKUP(D49,產線配置圖!$A$3:$C$40,3,0) -> #N/A | L49: =K49/J49 -> #N/A | M49: 18 | N49: =G49/W49*60 -> 1996.7647 | O49: =N49/M49 -> 110.93137 | P49: =M49-J49 -> #N/A | Q49: =O49-L49 -> #N/A | R49: =O49/L49 -> #N/A | S49: =R58 -> #N/A | T49: 0.29166667 | U49: 0.33888889 | W49: =(U49-T49)*24*60 -> 68 | AF49: =N49-K49 -> #N/A | AG49: =N49/K49 -> #N/A | AH49: =AG58 -> #N/A
B50: =VLOOKUP(D50,廠價表!$C$1:$E$43,2,0) -> #N/A | F50: =VLOOKUP(D50,廠價表!$C$1:$E$43,3,0) -> #N/A | G50: 1180 | H50: =F50*G50 -> #N/A | J50: =VLOOKUP(D50,產線配置圖!$A$3:$C$40,2,0) -> #N/A | K50: =VLOOKUP(D50,產線配置圖!$A$3:$C$40,3,0) -> #N/A | L50: =K50/J50 -> #N/A | M50: 18 | N50: =G50/W50*60 -> 997.1831 | O50: =N50/M50 -> 55.399061 | P50: =M50-J50 -> #N/A | Q50: =O50-L50 -> #N/A | R50: =O50/L50 -> #N/A | T50: 0.34513889 | U50: 0.39444444 | V50: =(T50-U49)*24*60 -> 9 | W50: =(U50-T50)*24*60 -> 71 | AF50: =N50-K50 -> #N/A | AG50: =N50/K50 -> #N/A
B51: =VLOOKUP(D51,廠價表!$C$1:$E$43,2,0) -> #N/A | F51: =VLOOKUP(D51,廠價表!$C$1:$E$43,3,0) -> #N/A | G51: 3398 | H51: =F51*G51 -> #N/A | J51: =VLOOKUP(D51,產線配置圖!$A$3:$C$40,2,0) -> #N/A | K51: =VLOOKUP(D51,產線配置圖!$A$3:$C$40,3,0) -> #N/A | L51: =K51/J51 -> #N/A | M51: 17 | N51: =G51/W51*60 -> 2398.5882 | O51: =N51/M51 -> 141.09343 | P51: =M51-J51 -> #N/A | Q51: =O51-L51 -> #N/A | R51: =O51/L51 -> #N/A | T51: 0.40138889 | U51: 0.46041667 | V51: =(T51-U50)*24*60 -> 10 | W51: =(U51-T51)*24*60 -> 85 | AF51: =N51-K51 -> #N/A | AG51: =N51/K51 -> #N/A
T52: 0.52986111 | U52: 0.58333333 | V52: =(T52-U51)*24*60 -> 100 | W52: =(U52-T52)*24*60 -> 77 | X52: 0.47916667 | Y52: 0.52083333 | AF52: =N52-K52 -> 0 | AG52: =N52/K52 -> #DIV/0!
W53: =(U53-T53)*24*60 -> 0 | AF53: =N53-K53 -> 0 | AG53: =N53/K53 -> #DIV/0!
W54: =(U54-T54)*24*60 -> 0
W55: =(U55-T55)*24*60 -> 0
W56: =(U56-T56)*24*60 -> 0
W57: =(U57-T57)*24*60 -> 0
C58: 4度二組C2 | D58: 平均 | J58: =AVERAGE(J49:J57) -> #N/A | K58: =AVERAGE(K49:K57) -> #N/A | L58: =AVERAGE(L49:L57) -> #N/A | M58: =AVERAGE(M49:M57) -> 17.666667 | N58: =AVERAGE(N49:N57) -> 1797.512 | O58: =AVERAGE(O49:O57) -> 102.47462 | P58: =M58-J58 -> #N/A | Q58: =N58-K58 -> #N/A | R58: =O58/L58 -> #N/A | Z58: =SUM(Z49:Z57) -> 0 | AA58: =SUM(AA49:AA57) -> 0 | AD58: =SUM(AD49:AD57) -> 0 | AE58: =SUM(AE49:AE57) -> 0 | AF58: =N58-K58 -> #N/A | AG58: =N58/K58 -> #N/A
A59: 調理包一線 (八爪機) | B59: =VLOOKUP(D59,廠價表!$C$1:$E$43,2,0) -> #N/A | F59: =VLOOKUP(D59,廠價表!$C$1:$E$43,3,0) -> #N/A | G59: 2263 | H59: =F59*G59 -> #N/A | J59: =VLOOKUP(D59,產線配置圖!$A$3:$C$40,2,0) -> #N/A | K59: =VLOOKUP(D59,產線配置圖!$A$3:$C$40,3,0) -> #N/A | L59: =K59/J59 -> #N/A | M59: 13 | N59: =G59/W59*60 -> 1131.5 | O59: =N59/M59 -> 87.038462 | P59: =M59-J59 -> #N/A | Q59: =O59-L59 -> #N/A | R59: =O59/L59 -> #N/A | S59: =R69 -> #N/A | T59: 0.29166667 | U59: 0.375 | W59: =(U59-T59)*24*60 -> 120 | AF59: =N59-K59 -> #N/A | AG59: =N59/K59 -> #N/A | AH59: =AG69 -> #N/A
B60: =VLOOKUP(D60,廠價表!$C$1:$E$43,2,0) -> #N/A | F60: =VLOOKUP(D60,廠價表!$C$1:$E$43,3,0) -> #N/A | G60: 1180 | H60: =F60*G60 -> #N/A | J60: =VLOOKUP(D60,產線配置圖!$A$3:$C$40,2,0) -> #N/A | K60: =VLOOKUP(D60,產線配置圖!$A$3:$C$40,3,0) -> #N/A | L60: =K60/J60 -> #N/A | M60: 12 | N60: =G60/W60*60 -> 2360 | O60: =N60/M60 -> 196.66667 | P60: =M60-J60 -> #N/A | Q60: =O60-L60 -> #N/A | R60: =O60/L60 -> #N/A | T60: 0.38541667 | U60: 0.40625 | V60: =(T60-U59)*24*60 -> 15 | W60: =(U60-T60)*24*60 -> 30 | AF60: =N60-K60 -> #N/A | AG60: =N60/K60 -> #N/A
B61: =VLOOKUP(D61,廠價表!$C$1:$E$43,2,0) -> #N/A | F61: =VLOOKUP(D61,廠價表!$C$1:$E$43,3,0) -> #N/A | G61: 3398 | H61: =F61*G61 -> #N/A | J61: =VLOOKUP(D61,產線配置圖!$A$3:$C$40,2,0) -> #N/A | K61: =VLOOKUP(D61,產線配置圖!$A$3:$C$40,3,0) -> #N/A | L61: =K61/J61 -> #N/A | M61: 12 | N61: =G61/W61*60 -> 2192.2581 | O61: =N61/M61 -> 182.68817 | P61: =M61-J61 -> #N/A | Q61: =O61-L61 -> #N/A | R61: =O61/L61 -> #N/A | T61: 0.42361111 | U61: 0.48819444 | V61: =(T61-U60)*24*60 -> 25 | W61: =(U61-T61)*24*60 -> 93 | AF61: =N61-K61 -> #N/A | AG61: =N61/K61 -> #N/A
W62: =(U62-T62)*24*60 -> 0 | X62: 0.50347222 | Y62: 0.54513889 | AF62: =N62-K62 -> 0 | AG62: =N62/K62 -> #DIV/0!
W63: =(U63-T63)*24*60 -> 0
W64: =(U64-T64)*24*60 -> 0
W65: =(U65-T65)*24*60 -> 0
W66: =(U66-T66)*24*60 -> 0
W67: =(U67-T67)*24*60 -> 0
H68: =F68*G68 -> 0 | W68: =(U68-T68)*24*60 -> 0
C69: 4度三組 | D69: 平均 | J69: =AVERAGE(J59:J68) -> #N/A | K69: =AVERAGE(K59:K68) -> #N/A | L69: =AVERAGE(L59:L68) -> #N/A | M69: =AVERAGE(M59:M68) -> 12.333333 | N69: =AVERAGE(N59:N68) -> 1894.586 | O69: =AVERAGE(O59:O68) -> 155.46443 | P69: =M69-J69 -> #N/A | Q69: =N69-K69 -> #N/A | R69: =O69/L69 -> #N/A | Z69: =SUM(Z59:Z68) -> 0 | AA69: =SUM(AA59:AA68) -> 0 | AD69: =SUM(AD59:AD68) -> 0 | AE69: =SUM(AE59:AE68) -> 0 | AF69: =N69-K69 -> #N/A | AG69: =N69/K69 -> #N/A
A70: 調理包二線 (手工) | B70: =VLOOKUP(D70,廠價表!$C$1:$E$43,2,0) -> #N/A | F70: =VLOOKUP(D70,廠價表!$C$1:$E$43,3,0) -> #N/A | G70: 2263 | H70: =F70*G70 -> #N/A | J70: =VLOOKUP(D70,產線配置圖!$A$3:$C$40,2,0) -> #N/A | K70: =VLOOKUP(D70,產線配置圖!$A$3:$C$40,3,0) -> #N/A | L70: =K70/J70 -> #N/A | M70: 11 | N70: =G70/W70*60 -> 775.88571 | O70: =N70/M70 -> 70.535065 | P70: =M70-J70 -> #N/A | Q70: =O70-L70 -> #N/A | R70: =O70/L70 -> #N/A | S70: =R79 -> #N/A | T70: 0.34722222 | U70: 0.46875 | W70: =(U70-T70)*24*60 -> 175 | AF70: =N70-K70 -> #N/A | AG70: =N70/K70 -> #N/A | AH70: =AG79 -> #N/A
W71: =(U71-T71)*24*60 -> 0 | AF71: -300.3125 | AG71: 0.80810703
W72: =(U72-T72)*24*60 -> 0 | AF72: -130.33333 | AG72: 0.91671991
W73: =(U73-T73)*24*60 -> 0
W74: =(U74-T74)*24*60 -> 0
H75: =F75*G75 -> 0 | W75: =(U75-T75)*24*60 -> 0
H76: =F76*G76 -> 0 | W76: =(U76-T76)*24*60 -> 0
H77: =F77*G77 -> 0 | W77: =(U77-T77)*24*60 -> 0
H78: =F78*G78 -> 0 | W78: =(U78-T78)*24*60 -> 0
C79: 4度四組 | D79: 平均 | J79: =AVERAGE(J70:J78) -> #N/A | K79: =AVERAGE(K70:K78) -> #N/A | L79: =AVERAGE(L70:L78) -> #N/A | M79: =AVERAGE(M70:M78) -> 11 | N79: =AVERAGE(N70:N78) -> 775.88571 | O79: =AVERAGE(O70:O78) -> 70.535065 | P79: =M79-J79 -> #N/A | Q79: =N79-K79 -> #N/A | R79: =O79/L79 -> #N/A | Z79: =SUM(Z70:Z78) -> 0 | AA79: =SUM(AA70:AA78) -> 0 | AD79: =SUM(AD70:AD78) -> 0 | AE79: =SUM(AE70:AE78) -> 0 | AF79: =N79-K79 -> #N/A | AG79: =N79/K79 -> #N/A
AJ80: 1.當日出勤人數較多
AJ81: 2.當日出勤人數較少
AJ82: 3.當日出勤熟手較少
AJ83: 4.當日出勤新人較多
AJ84: 5.機台夾盒
AJ85: 6.封膜不順
AJ86: 7.更換膠膜
AJ87: 8.更換碳帶
AJ88: 9.當日熱轉印碳帶異常
AJ89: 10.訂單量過少
AJ90: 11.新品上市，尚未熟悉
AJ91: 12.商品結構，產能較低
AJ92: 13.區域出貨，分段生產

Sheet 0501總
B1: 長家廠組合室生產人時性分析
B3: 日期 | D3: 46144 | F3: 訂單量 | G3: ='0501'!E1 -> 44888 | I3: 營業額 | J3: ='0501'!G1 -> 2177171.2
B4: 項目 | D4: 3 | F4: ➀ | H4: ➁ | J4: ③ | L4: 異常停線 | N4: 短暫停線
B5: 人時性 | D5: 組合室 | F5: 全溫層 | H5: 義大利麵 | J5: 袋裝小吃、義麵 | L5: 合計次數 | M5: 時間 | N5: 合計次數 | O5: 設備次數
D6: 排關平均 | F6: =AVERAGE(D13:I13) -> 123.81075 | H6: =AVERAGE(D13:H13) -> 125.09791 | J6: =AVERAGE(I13) -> 117.375 | L6: =SUM(D18:J18) -> 2 | M6: =SUM(D19:J19) -> 48 | N6: =SUM(D20:J20) -> 0 | O6: =SUM(D20:J20) -> 0
D7: 實績平均 | F7: =AVERAGE(D14:I14) -> 115.43089 | H7: =AVERAGE(D14:H14) -> 116.95395 | J7: =AVERAGE(I14) -> 107.81558 | L7: =AVERAGE(K14:L14) -> #DIV/0! | M7: =AVERAGE(L14:M14) -> #DIV/0! | N7: =AVERAGE(M14:N14) -> #DIV/0! | O7: =AVERAGE(N14:O14) -> #DIV/0!
D8: 達成率平均 | F8: =F7/F6 -> 0.93231715 | H8: =H7/H6 -> 0.93489935 | J8: =J7/J6 -> 0.91855663 | L8: =AVERAGE(K15:L15) -> #DIV/0! | M8: =AVERAGE(L15:M15) -> #DIV/0! | N8: =AVERAGE(M15:N15) -> #DIV/0! | O8: =AVERAGE(N15:O15) -> #DIV/0!
J9: ※現行日本鮮食廠以達成率80%為基本(即為現行KPI)
B10: 溫層 | D10: 4度C-各編組展開
B11: 編組 | D11: 1 | E11: 2 | F11: 3 | G11: 4 | H11: 5 | I11: 6 | J11: 7
D12: 自動1線 | E12: 自動2線 | F12: 手工3線 | G12: 手工4線 | H12: 手工5線 | I12: 調理包1線 | J12: 調理包2線
B13: 人時性 | C13: 排關 | D13: =VALUE('0501'!L15) -> 150 | E13: =VALUE('0501'!L26) -> 170.19231 | F13: =VALUE('0501'!L37) -> 96.50212 | G13: =VALUE('0501'!L48) -> 105.25098 | H13: =VALUE('0501'!L58) -> 103.54412 | I13: =VALUE('0501'!L69) -> 117.375 | J13: ='0501'!L79 -> 0
C14: 實績 | D14: =VALUE('0501'!O15) -> 137.51321 | E14: =VALUE('0501'!O26) -> 156.72951 | F14: =VALUE('0501'!O37) -> 95.037332 | G14: =VALUE('0501'!O48) -> 101.34152 | H14: =VALUE('0501'!O58) -> 94.148171 | I14: =VALUE('0501'!O69) -> 107.81558 | J14: ='0501'!O79 -> 0
C15: 達成率 | D15: =D14/D13 -> 0.91675477 | E15: =E14/E13 -> 0.92089658 | F15: =F14/F13 -> 0.98482119 | G15: =G14/G13 -> 0.96285581 | H15: =H14/H13 -> 0.90925659 | I15: =I14/I13 -> 0.91855663 | J15: ='0501'!S70 -> 0
B16: 作業 時間 | C16: 開始 | D16: ='0501'!T5 -> 0.29166667 | E16: ='0501'!T16 -> 0.29027778 | F16: ='0501'!T27 -> 0.29166667 | G16: ='0501'!T38 -> 0.33333333 | H16: ='0501'!T49 -> 0.29166667 | I16: ='0501'!T59 -> 0.29166667 | J16: ='0501'!T70 -> 0
C17: 結束 | D17: 0.56944444 | E17: 0.47569444 | F17: 0.625 | G17: 0.49305556 | H17: 0.60069444 | I17: 0.46180556 | J17: 0
B18: 產線異常 (5分鐘以上) | C18: 次數 | D18: ='0501'!Z15 -> 0 | E18: ='0501'!Z26 -> 0 | F18: ='0501'!Z37 -> 2 | G18: ='0501'!Z48 -> 0 | H18: ='0501'!Z58 -> 0 | I18: ='0501'!Z69 -> 0 | J18: ='0501'!AA79 -> 0
C19: 時間/分 | D19: ='0501'!AA15 -> 0 | E19: ='0501'!AA26 -> 0 | F19: ='0501'!AA37 -> 48 | G19: ='0501'!AA48 -> 0 | H19: ='0501'!AA58 -> 0 | I19: ='0501'!AA69 -> 0 | J19: ='0501'!AB79 -> 0
B20: 短暫停線 (5分鐘以下) | C20: 次數 | D20: ='0501'!AD15 -> 0 | E20: ='0501'!AD26 -> 0 | F20: ='0501'!AD37 -> 0 | G20: ='0501'!AD48 -> 0 | H20: ='0501'!AD58 -> 0 | I20: ='0501'!AD69 -> 0 | J20: ='0501'!AD79 -> 0
C21: 設備次數 | D21: ='0501'!AE15 -> 0 | E21: ='0501'!AE26 -> 0 | F21: ='0501'!AE37 -> 0 | G21: ='0501'!AE48 -> 0 | H21: ='0501'!AE58 -> 0 | I21: ='0501'!AE69 -> 0 | J21: ='0501'!AE79 -> 0
B22: 配置人數 | D22: =VALUE('0501'!M15) -> 15 | E22: =VALUE('0501'!M26) -> 13.333333 | F22: =VALUE('0501'!M37) -> 13.4 | G22: =VALUE('0501'!M48) -> 15 | H22: =VALUE('0501'!M58) -> 15.5 | I22: =VALUE('0501'!M69) -> 12.5 | J22: ='0501'!M79 -> 0
B23: 主要應用設備 | D23: ET-600 | E23: ET-600 | F23: ET-55 | G23: ET-55 | H23: ET-55 | I23: 八爪機 | J23: 八爪機
B24: 次要應用設備 | H24: 封口機 | J24: 封口機
B25: 備註

Sheet 0501
A1: 長家廠4度C日報分析 | D1: 總生產量 | E1: =SUM(G5:G79) -> 44888 | F1: 營業額 | G1: =SUM(H5:H79) -> 2177171.2 | H1: 出勤人數 | I1: =M15+M26+M48+M58+M69+M79+M37 -> 84.733333 | J1: 產線配置圖 | M1: 生產實績 | P1: 人時性差異分析 | T1: 日報登錄 | Z1: 合計 次數 | AA1: 合計 時間/分 | AB1: 分析說明 | AD1: 合計 次數 | AE1: 合計 設備次數 | AF1: 產能差異分析
A2: 05月01日 星期五 | D2: 人時性 | E2: =AVERAGE(O15,O26,O37,O48,O58,O69,O79) -> 115.43089 | F2: 平均廠價 | G2: =G1/E1 -> 48.502298 | H2: 多次生產數 | I2: =COUNT(I5:I79) -> 0 | Z2: =Z15+Z26+Z37+Z48+Z58+Z69+Z79 -> 2 | AA2: =AA15+AA26+AA37+AA48+AA58+AA69+AA79 -> 48 | AD2: =AD15+AD26+AD37+AD48+AD58+AD69+AD79 -> 0 | AE2: =AE15+AE26+AE37+AE48+AE58+AE69+AE79 -> 0
A3: 線別 | B3: 品類 | D3: 品名 | F3: 廠價 | G3: 生產量 | H3: 營收 | I3: 多次 生產 | J3: 人數 | K3: 產能/時 | L3: 人時性 | M3: 人數 | N3: 產能/時 | O3: 人時性 | P3: 人數 | Q3: 人時性 | R3: 達成率 | S3: 達成率平均 | T3: 生產時間 | V3: 前置、換線時間/分 | W3: 稼動時間/分 | X3: 休息時間 | Z3: 產線異常統計 (5分鐘以上) | AD3: 短暫停線統計 (5分鐘以下) | AF3: 產能/時 | AG3: 達成率 | AH3: 達成率平均
T4: 開始 | U4: 結束 | X4: 開始 | Y4: 結束 | Z4: 次數 | AA4: 時間/分 | AD4: 總次數 | AE4: 設備因素(次數)
A5: 自動一線 (ET-600) | B5: 義大利麵 | D5: 白酒清炒鮮蛤義大利麵 | F5: =VLOOKUP(D5,廠價表!$C$1:$E$43,3,0) -> 56.87 | G5: 2425 | H5: =F5*G5 -> 137909.75 | J5: =VLOOKUP(D5,產線配置圖!$A$3:$C$40,2,0) -> 15 | K5: =VLOOKUP(D5,產線配置圖!$A$3:$C$40,3,0) -> 2250 | L5: =K5/J5 -> 150 | M5: 15 | N5: =G5/W5*60 -> 2139.7059 | O5: =N5/M5 -> 142.64706 | P5: =M5-J5 -> 0 | Q5: =O5-L5 -> -7.3529412 | R5: =O5/L5 -> 0.95098039 | S5: =R15 -> 0.91675477 | T5: 0.29166667 | U5: 0.33888889 | W5: =(U5-T5)*24*60 -> 68 | AF5: =N5-K5 -> -110.29412 | AG5: =N5/K5 -> 0.95098039 | AH5: =AG15 -> 0.91675477
B6: 義大利麵 | D6: 奶油培根義大利麵 | F6: =VLOOKUP(D6,廠價表!$C$1:$E$43,3,0) -> 49.14 | G6: 4724 | H6: =F6*G6 -> 232137.36 | J6: =VLOOKUP(D6,產線配置圖!$A$3:$C$40,2,0) -> 15 | K6: =VLOOKUP(D6,產線配置圖!$A$3:$C$40,3,0) -> 2250 | L6: =K6/J6 -> 150 | M6: 15 | N6: =G6/W6*60 -> 2131.1278 | O6: =N6/M6 -> 142.07519 | P6: =M6-J6 -> 0 | Q6: =O6-L6 -> -7.924812 | R6: =O6/L6 -> 0.94716792 | T6: 0.34722222 | U6: 0.43958333 | V6: =(T6-U5)*24*60 -> 12 | W6: =(U6-T6)*24*60 -> 133 | AF6: =N6-K6 -> -118.87218 | AG6: =N6/K6 -> 0.94716792
B7: 義大利麵 | D7: 香煎魚排佐檸檬奶油義大利麵 | F7: =VLOOKUP(D7,廠價表!$C$1:$E$43,3,0) -> 58.17 | G7: 1697 | H7: =F7*G7 -> 98714.49 | J7: =VLOOKUP(D7,產線配置圖!$A$3:$C$40,2,0) -> 15 | K7: =VLOOKUP(D7,產線配置圖!$A$3:$C$40,3,0) -> 2250 | L7: =K7/J7 -> 150 | M7: 15 | N7: =G7/W7*60 -> 2077.9592 | O7: =N7/M7 -> 138.53061 | P7: =M7-J7 -> 0 | Q7: =O7-L7 -> -11.469388 | R7: =O7/L7 -> 0.92353741 | T7: 0.44513889 | U7: 0.47916667 | V7: =(T7-U6)*24*60 -> 8 | W7: =(U7-T7)*24*60 -> 49 | X7: 0.49305556 | Y7: 0.53472222 | AF7: =N7-K7 -> -172.04082 | AG7: =N7/K7 -> 0.92353741
B8: 義大利麵 | D8: 香煎魚排佐檸檬奶油義大利麵 | F8: =VLOOKUP(D8,廠價表!$C$1:$E$43,3,0) -> 58.17 | G8: 1268 | H8: =F8*G8 -> 73759.56 | J8: =VLOOKUP(D8,產線配置圖!$A$3:$C$40,2,0) -> 15 | K8: =VLOOKUP(D8,產線配置圖!$A$3:$C$40,3,0) -> 2250 | L8: =K8/J8 -> 150 | M8: 15 | N8: =G8/W8*60 -> 1902 | O8: =N8/M8 -> 126.8 | P8: =M8-J8 -> 0 | Q8: =O8-L8 -> -23.2 | R8: =O8/L8 -> 0.84533333 | T8: 0.54166667 | U8: 0.56944444 | V8: =(T8-U7)*24*60 -> 90 | W8: =(U8-T8)*24*60 -> 40 | AF8: =N8-K8 -> -348 | AG8: =N8/K8 -> 0.84533333
W9: =(U9-T9)*24*60 -> 0 | AF9: =N9-K9 -> 0 | AG9: =N9/K9 -> #DIV/0!
W10: =(U10-T10)*24*60 -> 0 | AF10: =N10-K10 -> 0 | AG10: =N10/K10 -> #DIV/0!
W11: =(U11-T11)*24*60 -> 0 | AF11: =N11-K11 -> 0 | AG11: =N11/K11 -> #DIV/0!
W12: =(U12-T12)*24*60 -> 0
W13: =(U13-T13)*24*60 -> 0
W14: =(U14-T14)*24*60 -> 0
C15: 4度一組 | D15: 平均 | J15: =AVERAGE(J5:J14) -> 15 | K15: =AVERAGE(K5:K14) -> 2250 | L15: =AVERAGE(L5:L14) -> 150 | M15: =AVERAGE(M5:M14) -> 15 | N15: =AVERAGE(N5:N14) -> 2062.6982 | O15: =AVERAGE(O5:O14) -> 137.51321 | P15: =M15-J15 -> 0 | Q15: =O15-L15 -> -12.486785 | R15: =O15/L15 -> 0.91675477 | Z15: =SUM(Z5:Z14) -> 0 | AA15: =SUM(AA5:AA14) -> 0 | AD15: =SUM(AD5:AD14) -> 0 | AE15: =SUM(AE5:AE14) -> 0 | AF15: =N15-K15 -> -187.30178 | AG15: =N15/K15 -> 0.91675477
A16: 自動二線 (ET-600) | B16: 義大利麵 | D16: 青醬蛤蜊義大利麵 | F16: =VLOOKUP(D16,廠價表!$C$1:$E$43,3,0) -> 50.67 | G16: 3118 | H16: =F16*G16 -> 157989.06 | J16: =VLOOKUP(D16,產線配置圖!$A$3:$C$40,2,0) -> 13 | K16: =VLOOKUP(D16,產線配置圖!$A$3:$C$40,3,0) -> 2250 | L16: =K16/J16 -> 173.07692 | M16: 13 | N16: =G16/W16*60 -> 2102.0225 | O16: =N16/M16 -> 161.69404 | P16: =M16-J16 -> 0 | Q16: =O16-L16 -> -11.382887 | R16: =O16/L16 -> 0.93423221 | S16: =R26 -> 0.92089658 | T16: 0.29027778 | U16: 0.35208333 | W16: =(U16-T16)*24*60 -> 89 | AF16: =N16-K16 -> -147.97753 | AG16: =N16/K16 -> 0.93423221 | AH16: =AG26 -> 0.91936678
B17: 義大利麵 | D17: 義式辣味嫩烤雞腿排義大利麵 | F17: =VLOOKUP(D17,廠價表!$C$1:$E$43,3,0) -> 56.61 | G17: 1741 | H17: =F17*G17 -> 98558.01 | J17: =VLOOKUP(D17,產線配置圖!$A$3:$C$40,2,0) -> 15 | K17: =VLOOKUP(D17,產線配置圖!$A$3:$C$40,3,0) -> 2250 | L17: =K17/J17 -> 150 | M17: 15 | N17: =G17/W17*60 -> 2008.8462 | O17: =N17/M17 -> 133.92308 | P17: =M17-J17 -> 0 | Q17: =O17-L17 -> -16.076923 | R17: =O17/L17 -> 0.89282051 | T17: 0.35833333 | U17: 0.39444444 | V17: =(T17-U16)*24*60 -> 9 | W17: =(U17-T17)*24*60 -> 52 | AF17: =N17-K17 -> -241.15385 | AG17: =N17/K17 -> 0.89282051
B18: 義大利麵 | D18: 義式蕃茄起司義大利麵 | F18: =VLOOKUP(D18,廠價表!$C$1:$E$43,3,0) -> 50.39 | G18: 3666 | H18: =F18*G18 -> 184729.74 | J18: =VLOOKUP(D18,產線配置圖!$A$3:$C$40,2,0) -> 12 | K18: =VLOOKUP(D18,產線配置圖!$A$3:$C$40,3,0) -> 2250 | L18: =K18/J18 -> 187.5 | M18: 12 | N18: =G18/W18*60 -> 2094.8571 | O18: =N18/M18 -> 174.57143 | P18: =M18-J18 -> 0 | Q18: =O18-L18 -> -12.928571 | R18: =O18/L18 -> 0.93104762 | T18: 0.40277778 | U18: 0.47569444 | V18: =(T18-U17)*24*60 -> 12 | W18: =(U18-T18)*24*60 -> 105 | AF18: =N18-K18 -> -155.14286 | AG18: =N18/K18 -> 0.93104762
W19: =(U19-T19)*24*60 -> 0 | AF19: =N19-K19 -> 0 | AG19: =N19/K19 -> #DIV/0!
W20: =(U20-T20)*24*60 -> 0
W21: =(U21-T21)*24*60 -> 0
W22: 0
W23: =(U23-T23)*24*60 -> 0
H24: =F24*G24 -> 0 | W24: =(U24-T24)*24*60 -> 0
H25: =F25*G25 -> 0 | W25: =(U25-T25)*24*60 -> 0
C26: 4度二組A | D26: 平均 | J26: =AVERAGE(J16:J25) -> 13.333333 | K26: =AVERAGE(K16:K25) -> 2250 | L26: =AVERAGE(L16:L25) -> 170.19231 | M26: =AVERAGE(M16:M25) -> 13.333333 | N26: =AVERAGE(N16:N25) -> 2068.5753 | O26: =AVERAGE(O16:O25) -> 156.72951 | P26: =M26-J26 -> 0 | Q26: =O26-L26 -> -13.462794 | R26: =O26/L26 -> 0.92089658 | Z26: =SUM(Z16:Z25) -> 0 | AA26: =SUM(AA16:AA25) -> 0 | AD26: =SUM(AD16:AD25) -> 0 | AE26: =SUM(AE16:AE25) -> 0 | AF26: =N26-K26 -> -181.42474 | AG26: =N26/K26 -> 0.91936678
A27: 手工三線 (ET-55) | B27: 義大利麵 | D27: 焗烤起司肉醬筆尖麵 | F27: =VLOOKUP(D27,廠價表!$C$1:$E$43,3,0) -> 50.67 | G27: 997 | H27: =F27*G27 -> 50517.99 | J27: =VLOOKUP(D27,產線配置圖!$A$3:$C$40,2,0) -> 13 | K27: =VLOOKUP(D27,產線配置圖!$A$3:$C$40,3,0) -> 1440 | L27: =K27/J27 -> 110.76923 | M27: 13 | N27: =G27/W27*60 -> 747.75 | O27: =N27/M27 -> 57.519231 | P27: =M27-J27 -> 0 | Q27: =O27-L27 -> -53.25 | R27: =O27/L27 -> 0.51927083 | S27: =R37 -> 0.98482119 | T27: 0.29166667 | U27: 0.34722222 | W27: =(U27-T27)*24*60 -> 80 | Z27: 2 | AA27: 48 | AB27: (07:00-07:35/07:45-07:58)製作1659盒、665盒封膜異常 | AF27: =N27-K27 -> -692.25 | AG27: =N27/K27 -> 0.51927083 | AH27: =AG37 -> 0.64644987
B28: 義大利麵 | D28: 黑松露野菇義大利麵 | F28: =VLOOKUP(D28,廠價表!$C$1:$E$43,3,0) -> 50.289 | G28: 3890 | H28: =F28*G28 -> 195624.21 | J28: =VLOOKUP(D28,產線配置圖!$A$3:$C$40,2,0) -> 19 | K28: =VLOOKUP(D28,產線配置圖!$A$3:$C$40,3,0) -> 1565 | L28: =K28/J28 -> 82.368421 | M28: 18 | N28: =G28/W28*60 -> 1372.9412 | O28: =N28/M28 -> 76.27451 | P28: =M28-J28 -> -1 | Q28: =O28-L28 -> -6.0939112 | R28: =O28/L28 -> 0.92601641 | T28: 0.35763889 | U28: 0.47569444 | V28: =(T28-U27)*24*60 -> 15 | W28: =(U28-T28)*24*60 -> 170 | X28: 0.47916667 | Y28: 0.53125 | AF28: =N28-K28 -> -192.05882 | AG28: =N28/K28 -> 0.87727871
B29: 義大利麵 | D29: 焗烤起司肉醬筆尖麵 | F29: =VLOOKUP(D29,廠價表!$C$1:$E$43,3,0) -> 50.67 | G29: 665 | H29: =F29*G29 -> 33695.55 | J29: =VLOOKUP(D29,產線配置圖!$A$3:$C$40,2,0) -> 13 | K29: =VLOOKUP(D29,產線配置圖!$A$3:$C$40,3,0) -> 1440 | L29: =K29/J29 -> 110.76923 | M29: 2 | N29: =G29/W29*60 -> 399 | O29: =N29/M29 -> 199.5 | P29: =M29-J29 -> -11 | Q29: =O29-L29 -> 88.730769 | R29: =O29/L29 -> 1.8010417 | T29: 0.36111111 | U29: 0.43055556 | V29: =(T29-U28)*24*60 -> -165 | W29: =(U29-T29)*24*60 -> 100 | AB29: 補封膜665盒 | AF29: =N29-K29 -> -1041 | AG29: =N29/K29 -> 0.27708333
B30: 義大利麵 | D30: 黑松露野菇義大利麵 | F30: =VLOOKUP(D30,廠價表!$C$1:$E$43,3,0) -> 50.289 | G30: 1100 | H30: =F30*G30 -> 55317.9 | J30: =VLOOKUP(D30,產線配置圖!$A$3:$C$40,2,0) -> 19 | K30: =VLOOKUP(D30,產線配置圖!$A$3:$C$40,3,0) -> 1565 | L30: =K30/J30 -> 82.368421 | M30: 18 | N30: =G30/W30*60 -> 1375 | O30: =N30/M30 -> 76.388889 | P30: =M30-J30 -> -1 | Q30: =O30-L30 -> -5.9795322 | R30: =O30/L30 -> 0.92740504 | T30: 0.53680556 | U30: 0.57013889 | V30: =(T30-U29)*24*60 -> 153 | W30: =(U30-T30)*24*60 -> 48 | AF30: =N30-K30 -> -190 | AG30: =N30/K30 -> 0.87859425
B31: 熱乾麵 | D31: 府城鹽水意麵 | F31: =VLOOKUP(D31,廠價表!$C$1:$E$43,3,0) -> 44.3 | G31: 1083 | H31: =F31*G31 -> 47976.9 | J31: =VLOOKUP(D31,產線配置圖!$A$3:$C$40,2,0) -> 17 | K31: =VLOOKUP(D31,產線配置圖!$A$3:$C$40,3,0) -> 1636 | L31: =K31/J31 -> 96.235294 | M31: 16 | N31: =G31/W31*60 -> 1048.0645 | O31: =N31/M31 -> 65.504032 | P31: =M31-J31 -> -1 | Q31: =O31-L31 -> -30.731262 | R31: =O31/L31 -> 0.68066537 | T31: 0.58194444 | U31: 0.625 | V31: =(T31-U30)*24*60 -> 17 | W31: =(U31-T31)*24*60 -> 62 | AB31: 生產數量少 | AF31: =N31-K31 -> -587.93548 | AG31: =N31/K31 -> 0.64062623
W32: =(U32-T32)*24*60 -> 0
W33: =(U33-T33)*24*60 -> 0
W34: =(U34-T34)*24*60 -> 0
W35: =(U35-T35)*24*60 -> 0
H36: =F36*G36 -> 0 | W36: =(U36-T36)*24*60 -> 0
C37: 4度二組B | D37: 平均 | J37: =AVERAGE(J27:J36) -> 16.2 | K37: =AVERAGE(K27:K36) -> 1529.2 | L37: =AVERAGE(L27:L36) -> 96.50212 | M37: =AVERAGE(M27:M36) -> 13.4 | N37: =AVERAGE(N27:N36) -> 988.55114 | O37: =AVERAGE(O27:O36) -> 95.037332 | P37: =M37-J37 -> -2.8 | Q37: =N37-K37 -> -540.64886 | R37: =O37/L37 -> 0.98482119 | Z37: =SUM(Z27:Z36) -> 2 | AA37: =SUM(AA27:AA36) -> 48 | AD37: =SUM(AD27:AD36) -> 0 | AE37: =SUM(AE27:AE36) -> 0 | AF37: =N37-K37 -> -540.64886 | AG37: =N37/K37 -> 0.64644987
A38: 手工四線 (ET-55) | B38: 熱乾麵 | D38: 青花椒麻雞肉拌麵 | F38: =VLOOKUP(D38,廠價表!$C$1:$E$43,3,0) -> 49.91 | G38: 2432 | H38: =F38*G38 -> 121381.12 | J38: =VLOOKUP(D38,產線配置圖!$A$3:$C$40,2,0) -> 15 | K38: =VLOOKUP(D38,產線配置圖!$A$3:$C$40,3,0) -> 1714 | L38: =K38/J38 -> 114.26667 | M38: 14 | N38: =G38/W38*60 -> 1536 | O38: =N38/M38 -> 109.71429 | P38: =M38-J38 -> -1 | Q38: =O38-L38 -> -4.552381 | R38: =O38/L38 -> 0.96016003 | S38: =R48 -> 0.96285581 | T38: 0.33333333 | U38: 0.39930556 | W38: =(U38-T38)*24*60 -> 95 | AF38: =N38-K38 -> -178 | AG38: =N38/K38 -> 0.89614936 | AH38: =AG48 -> 0.90253731
B39: 熱乾麵 | D39: 府城鹽水意麵 | F39: =VLOOKUP(D39,廠價表!$C$1:$E$43,3,0) -> 44.3 | G39: 2975 | H39: =F39*G39 -> 131792.5 | J39: =VLOOKUP(D39,產線配置圖!$A$3:$C$40,2,0) -> 17 | K39: =VLOOKUP(D39,產線配置圖!$A$3:$C$40,3,0) -> 1636 | L39: =K39/J39 -> 96.235294 | M39: 16 | N39: =G39/W39*60 -> 1487.5 | O39: =N39/M39 -> 92.96875 | P39: =M39-J39 -> -1 | Q39: =O39-L39 -> -3.2665441 | R39: =O39/L39 -> 0.96605669 | T39: 0.40972222 | U39: 0.49305556 | V39: =(T39-U38)*24*60 -> 15 | W39: =(U39-T39)*24*60 -> 120 | AF39: =N39-K39 -> -148.5 | AG39: =N39/K39 -> 0.90922983
W40: =(U40-T40)*24*60 -> 0 | AF40: =N40-K40 -> 0 | AG40: =N40/K40 -> #DIV/0!
W41: =(U41-T41)*24*60 -> 0 | AF41: =N41-K41 -> 0 | AG41: =N41/K41 -> #DIV/0!
W42: =(U42-T42)*24*60 -> 0
W43: =(U43-T43)*24*60 -> 0
W44: =(U44-T44)*24*60 -> 0
W45: =(U45-T45)*24*60 -> 0
W46: =(U46-T46)*24*60 -> 0
H47: =F47*G47 -> 0 | W47: =(U47-T47)*24*60 -> 0
C48: 4度二組C1 | D48: 平均 | J48: =AVERAGE(J38:J47) -> 16 | K48: =AVERAGE(K38:K47) -> 1675 | L48: =AVERAGE(L38:L47) -> 105.25098 | M48: =AVERAGE(M38:M47) -> 15 | N48: =AVERAGE(N38:N47) -> 1511.75 | O48: =AVERAGE(O38:O47) -> 101.34152 | P48: =M48-J48 -> -1 | Q48: =N48-K48 -> -163.25 | R48: =O48/L48 -> 0.96285581 | W48: =(U48-T48)*24*60 -> 0 | Z48: =SUM(Z38:Z47) -> 0 | AA48: =SUM(AA38:AA47) -> 0 | AD48: =SUM(AD38:AD47) -> 0 | AE48: =SUM(AE38:AE47) -> 0 | AF48: =N48-K48 -> -163.25 | AG48: =N48/K48 -> 0.90253731
A49: 手工五線 (ET-55) | B49: 熱乾麵 | D49: 沙茶豬肉炒麵 | F49: =VLOOKUP(D49,廠價表!$C$1:$E$43,3,0) -> 49.52 | G49: 1879 | H49: =F49*G49 -> 93048.08 | J49: =VLOOKUP(D49,產線配置圖!$A$3:$C$40,2,0) -> 17 | K49: =VLOOKUP(D49,產線配置圖!$A$3:$C$40,3,0) -> 1500 | L49: =K49/J49 -> 88.235294 | M49: 17 | N49: =G49/W49*60 -> 1409.25 | O49: =N49/M49 -> 82.897059 | P49: =M49-J49 -> 0 | Q49: =O49-L49 -> -5.3382353 | R49: =O49/L49 -> 0.9395 | S49: =R58 -> 0.90925659 | T49: 0.29166667 | U49: 0.34722222 | W49: =(U49-T49)*24*60 -> 80 | AF49: =N49-K49 -> -90.75 | AG49: =N49/K49 -> 0.9395 | AH49: =AG58 -> 0.85309337
B50: 義大利麵 | D50: 蒜香奶油蝦蝦義大利麵 | F50: =VLOOKUP(D50,廠價表!$C$1:$E$43,3,0) -> 57.21 | G50: 1878 | H50: =F50*G50 -> 107440.38 | J50: =VLOOKUP(D50,產線配置圖!$A$3:$C$40,2,0) -> 17 | K50: =VLOOKUP(D50,產線配置圖!$A$3:$C$40,3,0) -> 1716 | L50: =K50/J50 -> 100.94118 | M50: 15 | N50: =G50/W50*60 -> 1426.3291 | O50: =N50/M50 -> 95.088608 | P50: =M50-J50 -> -2 | Q50: =O50-L50 -> -5.8525689 | R50: =O50/L50 -> 0.94202001 | T50: 0.35486111 | U50: 0.40972222 | V50: =(T50-U49)*24*60 -> 11 | W50: =(U50-T50)*24*60 -> 79 | AF50: =N50-K50 -> -289.67089 | AG50: =N50/K50 -> 0.83119412
B51: 義大利麵 | D51: 焗烤起司雙饗筆尖麵 | F51: =VLOOKUP(D51,廠價表!$C$1:$E$43,3,0) -> 49.97 | G51: 2107 | H51: =F51*G51 -> 105286.79 | J51: =VLOOKUP(D51,產線配置圖!$A$3:$C$40,2,0) -> 16 | K51: =VLOOKUP(D51,產線配置圖!$A$3:$C$40,3,0) -> 1800 | L51: =K51/J51 -> 112.5 | M51: 15 | N51: =G51/W51*60 -> 1505 | O51: =N51/M51 -> 100.33333 | P51: =M51-J51 -> -1 | Q51: =O51-L51 -> -12.166667 | R51: =O51/L51 -> 0.89185185 | T51: 0.41736111 | U51: 0.47569444 | V51: =(T51-U50)*24*60 -> 11 | W51: =(U51-T51)*24*60 -> 84 | AF51: =N51-K51 -> -295 | AG51: =N51/K51 -> 0.83611111
B52: 義大利麵 | D52: 焗烤起司雙饗筆尖麵 | F52: =VLOOKUP(D52,廠價表!$C$1:$E$43,3,0) -> 49.97 | G52: 2334 | H52: =F52*G52 -> 116629.98 | J52: =VLOOKUP(D52,產線配置圖!$A$3:$C$40,2,0) -> 16 | K52: =VLOOKUP(D52,產線配置圖!$A$3:$C$40,3,0) -> 1800 | L52: =K52/J52 -> 112.5 | M52: 15 | N52: =G52/W52*60 -> 1474.1053 | O52: =N52/M52 -> 98.273684 | P52: =M52-J52 -> -1 | Q52: =O52-L52 -> -14.226316 | R52: =O52/L52 -> 0.87354386 | T52: 0.53472222 | U52: 0.60069444 | V52: =(T52-U51)*24*60 -> 85 | W52: =(U52-T52)*24*60 -> 95 | X52: 0.47916667 | Y52: 0.52083333 | AF52: =N52-K52 -> -325.89474 | AG52: =N52/K52 -> 0.81894737
W53: =(U53-T53)*24*60 -> 0 | AF53: =N53-K53 -> 0 | AG53: =N53/K53 -> #DIV/0!
W54: =(U54-T54)*24*60 -> 0
W55: =(U55-T55)*24*60 -> 0
W56: =(U56-T56)*24*60 -> 0
W57: =(U57-T57)*24*60 -> 0
C58: 4度二組C2 | D58: 平均 | J58: =AVERAGE(J49:J57) -> 16.5 | K58: =AVERAGE(K49:K57) -> 1704 | L58: =AVERAGE(L49:L57) -> 103.54412 | M58: =AVERAGE(M49:M57) -> 15.5 | N58: =AVERAGE(N49:N57) -> 1453.6711 | O58: =AVERAGE(O49:O57) -> 94.148171 | P58: =M58-J58 -> -1 | Q58: =N58-K58 -> -250.32891 | R58: =O58/L58 -> 0.90925659 | Z58: =SUM(Z49:Z57) -> 0 | AA58: =SUM(AA49:AA57) -> 0 | AD58: =SUM(AD49:AD57) -> 0 | AE58: =SUM(AE49:AE57) -> 0 | AF58: =N58-K58 -> -250.32891 | AG58: =N58/K58 -> 0.85309337
A59: 調理包一線 (八爪機) | B59: 小吃、微波 | D59: 小滷青蔬 | F59: =VLOOKUP(D59,廠價表!$C$1:$E$43,3,0) -> 26.99 | G59: 3202 | H59: =F59*G59 -> 86421.98 | J59: =VLOOKUP(D59,產線配置圖!$A$3:$C$40,2,0) -> 15 | K59: =VLOOKUP(D59,產線配置圖!$A$3:$C$40,3,0) -> 1565 | L59: =K59/J59 -> 104.33333 | M59: 14 | N59: =G59/W59*60 -> 1280.8 | O59: =N59/M59 -> 91.485714 | P59: =M59-J59 -> -1 | Q59: =O59-L59 -> -12.847619 | R59: =O59/L59 -> 0.87685988 | S59: =R69 -> 0.91855663 | T59: 0.29166667 | U59: 0.39583333 | W59: =(U59-T59)*24*60 -> 150 | AF59: =N59-K59 -> -284.2 | AG59: =N59/K59 -> 0.81840256 | AH59: =AG69 -> 0.84549521
B60: 小吃、微波 | D60: 起司馬鈴薯 | F60: =VLOOKUP(D60,廠價表!$C$1:$E$43,3,0) -> 28.26 | G60: 1707 | H60: =F60*G60 -> 48239.82 | J60: =VLOOKUP(D60,產線配置圖!$A$3:$C$40,2,0) -> 12 | K60: =VLOOKUP(D60,產線配置圖!$A$3:$C$40,3,0) -> 1565 | L60: =K60/J60 -> 130.41667 | M60: 11 | N60: =G60/W60*60 -> 1365.6 | O60: =N60/M60 -> 124.14545 | P60: =M60-J60 -> -1 | Q60: =O60-L60 -> -6.2712121 | R60: =O60/L60 -> 0.95191403 | T60: 0.40972222 | U60: 0.46180556 | V60: =(T60-U59)*24*60 -> 20 | W60: =(U60-T60)*24*60 -> 75 | AF60: =N60-K60 -> -199.4 | AG60: =N60/K60 -> 0.87258786
W61: =(U61-T61)*24*60 -> 0 | AF61: =N61-K61 -> 0 | AG61: =N61/K61 -> #DIV/0!
W62: =(U62-T62)*24*60 -> 0 | X62: 0.50347222 | Y62: 0.54513889 | AF62: =N62-K62 -> 0 | AG62: =N62/K62 -> #DIV/0!
W63: =(U63-T63)*24*60 -> 0
W64: =(U64-T64)*24*60 -> 0
W65: =(U65-T65)*24*60 -> 0
W66: =(U66-T66)*24*60 -> 0
W67: =(U67-T67)*24*60 -> 0
H68: =F68*G68 -> 0 | W68: =(U68-T68)*24*60 -> 0
C69: 4度三組 | D69: 平均 | J69: =AVERAGE(J59:J68) -> 13.5 | K69: =AVERAGE(K59:K68) -> 1565 | L69: =AVERAGE(L59:L68) -> 117.375 | M69: =AVERAGE(M59:M68) -> 12.5 | N69: =AVERAGE(N59:N68) -> 1323.2 | O69: =AVERAGE(O59:O68) -> 107.81558 | P69: =M69-J69 -> -1 | Q69: =N69-K69 -> -241.8 | R69: =O69/L69 -> 0.91855663 | Z69: =SUM(Z59:Z68) -> 0 | AA69: =SUM(AA59:AA68) -> 0 | AD69: =SUM(AD59:AD68) -> 0 | AE69: =SUM(AE59:AE68) -> 0 | AF69: =N69-K69 -> -241.8 | AG69: =N69/K69 -> 0.84549521
A70: 調理包二線 (手工) | S70: =R79 -> 0 | W70: =(U70-T70)*24*60 -> 0 | AF70: =N70-K70 -> 0 | AG70: =N70/K70 -> #DIV/0! | AH70: =AG79 -> #DIV/0!
W71: =(U71-T71)*24*60 -> 0 | AF71: -300.3125 | AG71: 0.80810703
W72: =(U72-T72)*24*60 -> 0 | AF72: -130.33333 | AG72: 0.91671991
W73: =(U73-T73)*24*60 -> 0
W74: =(U74-T74)*24*60 -> 0
H75: =F75*G75 -> 0 | W75: =(U75-T75)*24*60 -> 0
H76: =F76*G76 -> 0 | W76: =(U76-T76)*24*60 -> 0
H77: =F77*G77 -> 0 | W77: =(U77-T77)*24*60 -> 0
H78: =F78*G78 -> 0 | W78: =(U78-T78)*24*60 -> 0
C79: 4度四組 | D79: 平均 | Z79: =SUM(Z70:Z78) -> 0 | AA79: =SUM(AA70:AA78) -> 0 | AD79: =SUM(AD70:AD78) -> 0 | AE79: =SUM(AE70:AE78) -> 0 | AF79: =N79-K79 -> 0 | AG79: =N79/K79 -> #DIV/0!
AJ80: 1.當日出勤人數較多
AJ81: 2.當日出勤人數較少
AJ82: 3.當日出勤熟手較少
AJ83: 4.當日出勤新人較多
AJ84: 5.機台夾盒
AJ85: 6.封膜不順
AJ86: 7.更換膠膜
AJ87: 8.更換碳帶
AJ88: 9.當日熱轉印碳帶異常
AJ89: 10.訂單量過少
AJ90: 11.新品上市，尚未熟悉
AJ91: 12.商品結構，產能較低
AJ92: 13.區域出貨，分段生產

Sheet 0502總
B1: 長家廠組合室生產人時性分析
B3: 日期 | D3: 46144 | F3: 訂單量 | G3: ='0502'!E1 -> 45987 | I3: 營業額 | J3: ='0502'!G1 -> 2245600.5
B4: 項目 | D4: 3 | F4: ➀ | H4: ➁ | J4: ③ | L4: 異常停線 | N4: 短暫停線
B5: 人時性 | D5: 組合室 | F5: 全溫層 | H5: 義大利麵 | J5: 袋裝小吃、義麵 | L5: 合計次數 | M5: 時間 | N5: 合計次數 | O5: 設備次數
D6: 排關平均 | F6: =AVERAGE(D13:I13) -> 123.62042 | H6: =AVERAGE(D13:H13) -> 124.86951 | J6: =AVERAGE(I13) -> 117.375 | L6: =SUM(D18:J18) -> 3 | M6: =SUM(D19:J19) -> 47 | N6: =SUM(D20:J20) -> 0 | O6: =SUM(D20:J20) -> 0
D7: 實績平均 | F7: =AVERAGE(D14:I14) -> 106.08858 | H7: =AVERAGE(D14:H14) -> 105.75235 | J7: =AVERAGE(I14) -> 107.76974 | L7: =AVERAGE(K14:L14) -> #DIV/0! | M7: =AVERAGE(L14:M14) -> #DIV/0! | N7: =AVERAGE(M14:N14) -> #DIV/0! | O7: =AVERAGE(N14:O14) -> #DIV/0!
D8: 達成率平均 | F8: =F7/F6 -> 0.85818005 | H8: =H7/H6 -> 0.8469029 | J8: =J7/J6 -> 0.91816608 | L8: =AVERAGE(K15:L15) -> #DIV/0! | M8: =AVERAGE(L15:M15) -> #DIV/0! | N8: =AVERAGE(M15:N15) -> #DIV/0! | O8: =AVERAGE(N15:O15) -> #DIV/0!
J9: ※現行日本鮮食廠以達成率80%為基本(即為現行KPI)
B10: 溫層 | D10: 4度C-各編組展開
B11: 編組 | D11: 1 | E11: 2 | F11: 3 | G11: 4 | H11: 5 | I11: 6 | J11: 7
D12: 自動1線 | E12: 自動2線 | F12: 手工3線 | G12: 手工4線 | H12: 手工5線 | I12: 調理包1線 | J12: 調理包2線
B13: 人時性 | C13: 排關 | D13: =VALUE('0502'!L15) -> 150 | E13: =VALUE('0502'!L26) -> 169.61538 | F13: =VALUE('0502'!L37) -> 96.457649 | G13: =VALUE('0502'!L48) -> 105.25098 | H13: =VALUE('0502'!L58) -> 103.02353 | I13: =VALUE('0502'!L69) -> 117.375 | J13: ='0502'!L79 -> 0
C14: 實績 | D14: =VALUE('0502'!O15) -> 137.09487 | E14: =VALUE('0502'!O26) -> 122.53058 | F14: =VALUE('0502'!O37) -> 86.502407 | G14: =VALUE('0502'!O48) -> 92.988917 | H14: =VALUE('0502'!O58) -> 89.644973 | I14: =VALUE('0502'!O69) -> 107.76974 | J14: ='0502'!O79 -> 0
C15: 達成率 | D15: =D14/D13 -> 0.91396578 | E15: =E14/E13 -> 0.72240253 | F15: =F14/F13 -> 0.89679157 | G15: =G14/G13 -> 0.88349692 | H15: =H14/H13 -> 0.87014077 | I15: =I14/I13 -> 0.91816608 | J15: ='0502'!S70 -> 0
B16: 作業 時間 | C16: 開始 | D16: ='0502'!T5 -> 0.29166667 | E16: ='0502'!T16 -> 0.29166667 | F16: ='0502'!T27 -> 0.29166667 | G16: ='0502'!T38 -> 0.33333333 | H16: ='0502'!T49 -> 0.29166667 | I16: ='0502'!T59 -> 0.29166667 | J16: ='0502'!T70 -> 0
C17: 結束 | D17: 0.60347222 | E17: 0.59444444 | F17: 0.58472222 | G17: 0.46875 | H17: 0.61805556 | I17: 0.43402778 | J17: 0
B18: 產線異常 (5分鐘以上) | C18: 次數 | D18: ='0502'!Z15 -> 1 | E18: ='0502'!Z26 -> 2 | F18: ='0502'!Z37 -> 0 | G18: ='0502'!Z48 -> 0 | H18: ='0502'!Z58 -> 0 | I18: ='0502'!Z69 -> 0 | J18: ='0502'!AA79 -> 0
C19: 時間/分 | D19: ='0502'!AA15 -> 10 | E19: ='0502'!AA26 -> 37 | F19: ='0502'!AA37 -> 0 | G19: ='0502'!AA48 -> 0 | H19: ='0502'!AA58 -> 0 | I19: ='0502'!AA69 -> 0 | J19: ='0502'!AB79 -> 0
B20: 短暫停線 (5分鐘以下) | C20: 次數 | D20: ='0502'!AD15 -> 0 | E20: ='0502'!AD26 -> 0 | F20: ='0502'!AD37 -> 0 | G20: ='0502'!AD48 -> 0 | H20: ='0502'!AD58 -> 0 | I20: ='0502'!AD69 -> 0 | J20: ='0502'!AD79 -> 0
C21: 設備次數 | D21: ='0502'!AE15 -> 0 | E21: ='0502'!AE26 -> 0 | F21: ='0502'!AE37 -> 0 | G21: ='0502'!AE48 -> 0 | H21: ='0502'!AE58 -> 0 | I21: ='0502'!AE69 -> 0 | J21: ='0502'!AE79 -> 0
B22: 配置人數 | D22: =VALUE('0502'!M15) -> 15 | E22: =VALUE('0502'!M26) -> 13.4 | F22: =VALUE('0502'!M37) -> 16.333333 | G22: =VALUE('0502'!M48) -> 16 | H22: =VALUE('0502'!M58) -> 16.2 | I22: =VALUE('0502'!M69) -> 13.5 | J22: ='0502'!M79 -> 0
B23: 主要應用設備 | D23: ET-600 | E23: ET-600 | F23: ET-55 | G23: ET-55 | H23: ET-55 | I23: 八爪機 | J23: 八爪機
B24: 次要應用設備 | H24: 封口機 | J24: 封口機
B25: 備註

Sheet 0502
A1: 長家廠4度C日報分析 | D1: 總生產量 | E1: =SUM(G5:G79) -> 45987 | F1: 營業額 | G1: =SUM(H5:H79) -> 2245600.5 | H1: 出勤人數 | I1: =M15+M26+M48+M58+M69+M79+M37 -> 90.433333 | J1: 產線配置圖 | M1: 生產實績 | P1: 人時性差異分析 | T1: 日報登錄 | Z1: 合計 次數 | AA1: 合計 時間/分 | AB1: 分析說明 | AD1: 合計 次數 | AE1: 合計 設備次數 | AF1: 產能差異分析
A2: 05月02日 星期六 | D2: 人時性 | E2: =AVERAGE(O15,O26,O37,O48,O58,O69,O79) -> 106.08858 | F2: 平均廠價 | G2: =G1/E1 -> 48.831201 | H2: 多次生產數 | I2: =COUNT(I5:I79) -> 0 | Z2: =Z15+Z26+Z37+Z48+Z58+Z69+Z79 -> 3 | AA2: =AA15+AA26+AA37+AA48+AA58+AA69+AA79 -> 47 | AD2: =AD15+AD26+AD37+AD48+AD58+AD69+AD79 -> 0 | AE2: =AE15+AE26+AE37+AE48+AE58+AE69+AE79 -> 0
A3: 線別 | B3: 品類 | D3: 品名 | F3: 廠價 | G3: 生產量 | H3: 營收 | I3: 多次 生產 | J3: 人數 | K3: 產能/時 | L3: 人時性 | M3: 人數 | N3: 產能/時 | O3: 人時性 | P3: 人數 | Q3: 人時性 | R3: 達成率 | S3: 達成率平均 | T3: 生產時間 | V3: 前置、換線時間/分 | W3: 稼動時間/分 | X3: 休息時間 | Z3: 產線異常統計 (5分鐘以上) | AD3: 短暫停線統計 (5分鐘以下) | AF3: 產能/時 | AG3: 達成率 | AH3: 達成率平均
T4: 開始 | U4: 結束 | X4: 開始 | Y4: 結束 | Z4: 次數 | AA4: 時間/分 | AD4: 總次數 | AE4: 設備因素(次數)
A5: 自動一線 (ET-600) | B5: 義大利麵 | D5: 白酒清炒鮮蛤義大利麵 | F5: =VLOOKUP(D5,廠價表!$C$1:$E$43,3,0) -> 56.87 | G5: 2788 | H5: =F5*G5 -> 158553.56 | J5: =VLOOKUP(D5,產線配置圖!$A$3:$C$40,2,0) -> 15 | K5: =VLOOKUP(D5,產線配置圖!$A$3:$C$40,3,0) -> 2250 | L5: =K5/J5 -> 150 | M5: 15 | N5: =G5/W5*60 -> 1900.9091 | O5: =N5/M5 -> 126.72727 | P5: =M5-J5 -> 0 | Q5: =O5-L5 -> -23.272727 | R5: =O5/L5 -> 0.84484848 | S5: =R15 -> 0.91396578 | T5: 0.29166667 | U5: 0.35277778 | W5: =(U5-T5)*24*60 -> 88 | Z5: 1 | AA5: 10 | AB5: 7:05-7:15包裝機異常 | AF5: =N5-K5 -> -349.09091 | AG5: =N5/K5 -> 0.84484848 | AH5: =AG15 -> 0.91396578
B6: 義大利麵 | D6: 奶油培根義大利麵 | F6: =VLOOKUP(D6,廠價表!$C$1:$E$43,3,0) -> 49.14 | G6: 3915 | H6: =F6*G6 -> 192383.1 | J6: =VLOOKUP(D6,產線配置圖!$A$3:$C$40,2,0) -> 15 | K6: =VLOOKUP(D6,產線配置圖!$A$3:$C$40,3,0) -> 2250 | L6: =K6/J6 -> 150 | M6: 15 | N6: =G6/W6*60 -> 2097.3214 | O6: =N6/M6 -> 139.82143 | P6: =M6-J6 -> 0 | Q6: =O6-L6 -> -10.178571 | R6: =O6/L6 -> 0.93214286 | T6: 0.35972222 | U6: 0.4375 | V6: =(T6-U5)*24*60 -> 10 | W6: =(U6-T6)*24*60 -> 112 | AF6: =N6-K6 -> -152.67857 | AG6: =N6/K6 -> 0.93214286
B7: 義大利麵 | D7: 香煎魚排佐檸檬奶油義大利麵 | F7: =VLOOKUP(D7,廠價表!$C$1:$E$43,3,0) -> 58.17 | G7: 1793 | H7: =F7*G7 -> 104298.81 | J7: =VLOOKUP(D7,產線配置圖!$A$3:$C$40,2,0) -> 15 | K7: =VLOOKUP(D7,產線配置圖!$A$3:$C$40,3,0) -> 2250 | L7: =K7/J7 -> 150 | M7: 15 | N7: =G7/W7*60 -> 2151.6 | O7: =N7/M7 -> 143.44 | P7: =M7-J7 -> 0 | Q7: =O7-L7 -> -6.56 | R7: =O7/L7 -> 0.95626667 | T7: 0.44444444 | U7: 0.47916667 | V7: =(T7-U6)*24*60 -> 10 | W7: =(U7-T7)*24*60 -> 50 | AF7: =N7-K7 -> -98.4 | AG7: =N7/K7 -> 0.95626667
B8: 義大利麵 | D8: 香煎魚排佐檸檬奶油義大利麵 | F8: =VLOOKUP(D8,廠價表!$C$1:$E$43,3,0) -> 58.17 | G8: 1459 | H8: =F8*G8 -> 84870.03 | J8: =VLOOKUP(D8,產線配置圖!$A$3:$C$40,2,0) -> 15 | K8: =VLOOKUP(D8,產線配置圖!$A$3:$C$40,3,0) -> 2250 | L8: =K8/J8 -> 150 | M8: 15 | N8: =G8/W8*60 -> 2035.814 | O8: =N8/M8 -> 135.72093 | P8: =M8-J8 -> 0 | Q8: =O8-L8 -> -14.27907 | R8: =O8/L8 -> 0.9048062 | T8: 0.54166667 | U8: 0.57152778 | W8: =(U8-T8)*24*60 -> 43 | X8: 0.48611111 | Y8: 0.52777778 | AF8: =N8-K8 -> -214.18605 | AG8: =N8/K8 -> 0.9048062
B9: 義大利麵 | D9: 奶油培根義大利麵 | F9: =VLOOKUP(D9,廠價表!$C$1:$E$43,3,0) -> 49.14 | G9: 1188 | H9: =F9*G9 -> 58378.32 | J9: =VLOOKUP(D9,產線配置圖!$A$3:$C$40,2,0) -> 15 | K9: =VLOOKUP(D9,產線配置圖!$A$3:$C$40,3,0) -> 2250 | L9: =K9/J9 -> 150 | M9: 15 | N9: =G9/W9*60 -> 2096.4706 | O9: =N9/M9 -> 139.76471 | P9: =M9-J9 -> 0 | Q9: =O9-L9 -> -10.235294 | R9: =O9/L9 -> 0.93176471 | T9: 0.57986111 | U9: 0.60347222 | W9: =(U9-T9)*24*60 -> 34 | AF9: =N9-K9 -> -153.52941 | AG9: =N9/K9 -> 0.93176471
W10: =(U10-T10)*24*60 -> 0 | AF10: =N10-K10 -> 0 | AG10: =N10/K10 -> #DIV/0!
W11: =(U11-T11)*24*60 -> 0 | AF11: =N11-K11 -> 0 | AG11: =N11/K11 -> #DIV/0!
W12: =(U12-T12)*24*60 -> 0
W13: =(U13-T13)*24*60 -> 0
W14: =(U14-T14)*24*60 -> 0
C15: 4度一組 | D15: 平均 | J15: =AVERAGE(J5:J14) -> 15 | K15: =AVERAGE(K5:K14) -> 2250 | L15: =AVERAGE(L5:L14) -> 150 | M15: =AVERAGE(M5:M14) -> 15 | N15: =AVERAGE(N5:N14) -> 2056.423 | O15: =AVERAGE(O5:O14) -> 137.09487 | P15: =M15-J15 -> 0 | Q15: =O15-L15 -> -12.905133 | R15: =O15/L15 -> 0.91396578 | Z15: =SUM(Z5:Z14) -> 1 | AA15: =SUM(AA5:AA14) -> 10 | AD15: =SUM(AD5:AD14) -> 0 | AE15: =SUM(AE5:AE14) -> 0 | AF15: =N15-K15 -> -193.57699 | AG15: =N15/K15 -> 0.91396578
A16: 自動二線 (ET-600) | B16: 義大利麵 | D16: 青醬蛤蜊義大利麵 | F16: =VLOOKUP(D16,廠價表!$C$1:$E$43,3,0) -> 50.67 | G16: 3178 | H16: =F16*G16 -> 161029.26 | J16: =VLOOKUP(D16,產線配置圖!$A$3:$C$40,2,0) -> 13 | K16: =VLOOKUP(D16,產線配置圖!$A$3:$C$40,3,0) -> 2250 | L16: =K16/J16 -> 173.07692 | M16: 13 | N16: =G16/W16*60 -> 2118.6667 | O16: =N16/M16 -> 162.97436 | P16: =M16-J16 -> 0 | Q16: =O16-L16 -> -10.102564 | R16: =O16/L16 -> 0.94162963 | S16: =R26 -> 0.72240253 | T16: 0.29166667 | U16: 0.35416667 | W16: =(U16-T16)*24*60 -> 90 | Z16: 1 | AA16: 5 | AB16: 8:40-8:45包裝機異常，收72盒 | AF16: =N16-K16 -> -131.33333 | AG16: =N16/K16 -> 0.94162963 | AH16: =AG26 -> 0.70743475
B17: 義大利麵 | D17: 義式辣味嫩烤雞腿排義大利麵 | F17: =VLOOKUP(D17,廠價表!$C$1:$E$43,3,0) -> 56.61 | G17: 1390 | H17: =F17*G17 -> 78687.9 | J17: =VLOOKUP(D17,產線配置圖!$A$3:$C$40,2,0) -> 15 | K17: =VLOOKUP(D17,產線配置圖!$A$3:$C$40,3,0) -> 2250 | L17: =K17/J17 -> 150 | M17: 15 | N17: =G17/W17*60 -> 1463.1579 | O17: =N17/M17 -> 97.54386 | P17: =M17-J17 -> 0 | Q17: =O17-L17 -> -52.45614 | R17: =O17/L17 -> 0.6502924 | T17: 0.36458333 | U17: 0.40416667 | V17: =(T17-U16)*24*60 -> 15 | W17: =(U17-T17)*24*60 -> 57 | Z17: 1 | AA17: 32 | AB17: 9:20-9:52包裝機異常，收381盒 | AF17: =N17-K17 -> -786.84211 | AG17: =N17/K17 -> 0.6502924
B18: 義大利麵 | D18: 義式蕃茄起司義大利麵 | F18: =VLOOKUP(D18,廠價表!$C$1:$E$43,3,0) -> 50.39 | G18: 3562 | H18: =F18*G18 -> 179489.18 | J18: =VLOOKUP(D18,產線配置圖!$A$3:$C$40,2,0) -> 12 | K18: =VLOOKUP(D18,產線配置圖!$A$3:$C$40,3,0) -> 2250 | L18: =K18/J18 -> 187.5 | M18: 12 | N18: =G18/W18*60 -> 2180.8163 | O18: =N18/M18 -> 181.73469 | P18: =M18-J18 -> 0 | Q18: =O18-L18 -> -5.7653061 | R18: =O18/L18 -> 0.9692517 | T18: 0.41111111 | U18: 0.47916667 | V18: =(T18-U17)*24*60 -> 10 | W18: =(U18-T18)*24*60 -> 98 | X18: 0.48611111 | Y18: 0.52777778 | AF18: =N18-K18 -> -69.183673 | AG18: =N18/K18 -> 0.9692517
B19: 義大利麵 | D19: 義式蕃茄起司義大利麵 | F19: =VLOOKUP(D19,廠價表!$C$1:$E$43,3,0) -> 50.39 | G19: 456 | H19: =F19*G19 -> 22977.84 | J19: =VLOOKUP(D19,產線配置圖!$A$3:$C$40,2,0) -> 12 | K19: =VLOOKUP(D19,產線配置圖!$A$3:$C$40,3,0) -> 2250 | L19: =K19/J19 -> 187.5 | M19: 12 | N19: =G19/W19*60 -> 1440 | O19: =N19/M19 -> 120 | P19: =M19-J19 -> 0 | Q19: =O19-L19 -> -67.5 | R19: =O19/L19 -> 0.64 | T19: 0.54166667 | U19: 0.55486111 | V19: =(T19-U18)*24*60 -> 90 | W19: =(U19-T19)*24*60 -> 19 | AB19: 生產數量少 | AF19: =N19-K19 -> -810 | AG19: =N19/K19 -> 0.64
B20: 義大利麵 | D20: 義式辣味嫩烤雞腿排義大利麵 | F20: =VLOOKUP(D20,廠價表!$C$1:$E$43,3,0) -> 56.61 | G20: 630 | H20: =F20*G20 -> 35664.3 | J20: =VLOOKUP(D20,產線配置圖!$A$3:$C$40,2,0) -> 15 | K20: =VLOOKUP(D20,產線配置圖!$A$3:$C$40,3,0) -> 2250 | L20: =K20/J20 -> 150 | M20: 15 | N20: =G20/W20*60 -> 756 | O20: =N20/M20 -> 50.4 | P20: =M20-J20 -> 0 | Q20: =O20-L20 -> -99.6 | R20: =O20/L20 -> 0.336 | T20: 0.55972222 | U20: 0.59444444 | V20: =(T20-U19)*24*60 -> 7 | W20: =(U20-T20)*24*60 -> 50 | AB20: 381盒補封膜
W21: =(U21-T21)*24*60 -> 0
W22: 0
W23: =(U23-T23)*24*60 -> 0
H24: =F24*G24 -> 0 | W24: =(U24-T24)*24*60 -> 0
H25: =F25*G25 -> 0 | W25: =(U25-T25)*24*60 -> 0
C26: 4度二組A | D26: 平均 | J26: =AVERAGE(J16:J25) -> 13.4 | K26: =AVERAGE(K16:K25) -> 2250 | L26: =AVERAGE(L16:L25) -> 169.61538 | M26: =AVERAGE(M16:M25) -> 13.4 | N26: =AVERAGE(N16:N25) -> 1591.7282 | O26: =AVERAGE(O16:O25) -> 122.53058 | P26: =M26-J26 -> 0 | Q26: =O26-L26 -> -47.084802 | R26: =O26/L26 -> 0.72240253 | Z26: =SUM(Z16:Z25) -> 2 | AA26: =SUM(AA16:AA25) -> 37 | AD26: =SUM(AD16:AD25) -> 0 | AE26: =SUM(AE16:AE25) -> 0 | AF26: =N26-K26 -> -658.27182 | AG26: =N26/K26 -> 0.70743475
A27: 手工三線 (ET-55) | B27: 義大利麵 | D27: 焗烤起司肉醬筆尖麵 | F27: =VLOOKUP(D27,廠價表!$C$1:$E$43,3,0) -> 50.67 | G27: 1809 | H27: =F27*G27 -> 91662.03 | J27: =VLOOKUP(D27,產線配置圖!$A$3:$C$40,2,0) -> 13 | K27: =VLOOKUP(D27,產線配置圖!$A$3:$C$40,3,0) -> 1440 | L27: =K27/J27 -> 110.76923 | M27: 13 | N27: =G27/W27*60 -> 1307.7108 | O27: =N27/M27 -> 100.59314 | P27: =M27-J27 -> 0 | Q27: =O27-L27 -> -10.176089 | R27: =O27/L27 -> 0.90813253 | S27: =R37 -> 0.89679157 | T27: 0.29166667 | U27: 0.34930556 | W27: =(U27-T27)*24*60 -> 83 | AF27: =N27-K27 -> -132.28916 | AG27: =N27/K27 -> 0.90813253 | AH27: =AG37 -> 0.89765729
B28: 義大利麵 | D28: 黑松露野菇義大利麵 | F28: =VLOOKUP(D28,廠價表!$C$1:$E$43,3,0) -> 50.289 | G28: 3227 | H28: =F28*G28 -> 162282.6 | J28: =VLOOKUP(D28,產線配置圖!$A$3:$C$40,2,0) -> 19 | K28: =VLOOKUP(D28,產線配置圖!$A$3:$C$40,3,0) -> 1565 | L28: =K28/J28 -> 82.368421 | M28: 19 | N28: =G28/W28*60 -> 1489.3846 | O28: =N28/M28 -> 78.388664 | P28: =M28-J28 -> 0 | Q28: =O28-L28 -> -3.9797571 | R28: =O28/L28 -> 0.95168346 | T28: 0.35972222 | U28: 0.45 | V28: =(T28-U27)*24*60 -> 15 | W28: =(U28-T28)*24*60 -> 130 | X28: 0.45486111 | Y28: 0.49652778 | AF28: =N28-K28 -> -75.615385 | AG28: =N28/K28 -> 0.95168346
B29: 熱乾麵 | D29: 府城鹽水意麵 | F29: =VLOOKUP(D29,廠價表!$C$1:$E$43,3,0) -> 44.3 | G29: 2350 | H29: =F29*G29 -> 104105 | J29: =VLOOKUP(D29,產線配置圖!$A$3:$C$40,2,0) -> 17 | K29: =VLOOKUP(D29,產線配置圖!$A$3:$C$40,3,0) -> 1636 | L29: =K29/J29 -> 96.235294 | M29: 17 | N29: =G29/W29*60 -> 1368.932 | O29: =N29/M29 -> 80.525414 | P29: =M29-J29 -> 0 | Q29: =O29-L29 -> -15.70988 | R29: =O29/L29 -> 0.83675552 | T29: 0.51319444 | U29: 0.58472222 | V29: =(T29-U28)*24*60 -> 91 | W29: =(U29-T29)*24*60 -> 103 | AF29: =N29-K29 -> -267.06796 | AG29: =N29/K29 -> 0.83675552
W30: =(U30-T30)*24*60 -> 0 | AF30: =N30-K30 -> 0 | AG30: =N30/K30 -> #DIV/0!
W31: =(U31-T31)*24*60 -> 0 | AF31: =N31-K31 -> 0 | AG31: =N31/K31 -> #DIV/0!
W32: =(U32-T32)*24*60 -> 0
W33: =(U33-T33)*24*60 -> 0
W34: =(U34-T34)*24*60 -> 0
W35: =(U35-T35)*24*60 -> 0
H36: =F36*G36 -> 0 | W36: =(U36-T36)*24*60 -> 0
C37: 4度二組B | D37: 平均 | J37: =AVERAGE(J27:J36) -> 16.333333 | K37: =AVERAGE(K27:K36) -> 1547 | L37: =AVERAGE(L27:L36) -> 96.457649 | M37: =AVERAGE(M27:M36) -> 16.333333 | N37: =AVERAGE(N27:N36) -> 1388.6758 | O37: =AVERAGE(O27:O36) -> 86.502407 | P37: =M37-J37 -> 0 | Q37: =N37-K37 -> -158.32417 | R37: =O37/L37 -> 0.89679157 | Z37: =SUM(Z27:Z36) -> 0 | AA37: =SUM(AA27:AA36) -> 0 | AD37: =SUM(AD27:AD36) -> 0 | AE37: =SUM(AE27:AE36) -> 0 | AF37: =N37-K37 -> -158.32417 | AG37: =N37/K37 -> 0.89765729
A38: 手工四線 (ET-55) | B38: 熱乾麵 | D38: 青花椒麻雞肉拌麵 | F38: =VLOOKUP(D38,廠價表!$C$1:$E$43,3,0) -> 49.91 | G38: 2488 | H38: =F38*G38 -> 124176.08 | J38: =VLOOKUP(D38,產線配置圖!$A$3:$C$40,2,0) -> 15 | K38: =VLOOKUP(D38,產線配置圖!$A$3:$C$40,3,0) -> 1714 | L38: =K38/J38 -> 114.26667 | M38: 15 | N38: =G38/W38*60 -> 1622.6087 | O38: =N38/M38 -> 108.17391 | P38: =M38-J38 -> 0 | Q38: =O38-L38 -> -6.0927536 | R38: =O38/L38 -> 0.94667952 | S38: =R48 -> 0.88349692 | T38: 0.33333333 | U38: 0.39722222 | W38: =(U38-T38)*24*60 -> 92 | AF38: =N38-K38 -> -91.391304 | AG38: =N38/K38 -> 0.94667952 | AH38: =AG48 -> 0.87918668
B39: 熱乾麵 | D39: 府城鹽水意麵 | F39: =VLOOKUP(D39,廠價表!$C$1:$E$43,3,0) -> 44.3 | G39: 1984 | H39: =F39*G39 -> 87891.2 | J39: =VLOOKUP(D39,產線配置圖!$A$3:$C$40,2,0) -> 17 | K39: =VLOOKUP(D39,產線配置圖!$A$3:$C$40,3,0) -> 1636 | L39: =K39/J39 -> 96.235294 | M39: 17 | N39: =G39/W39*60 -> 1322.6667 | O39: =N39/M39 -> 77.803922 | P39: =M39-J39 -> 0 | Q39: =O39-L39 -> -18.431373 | R39: =O39/L39 -> 0.80847596 | T39: 0.40625 | U39: 0.46875 | V39: =(T39-U38)*24*60 -> 13 | W39: =(U39-T39)*24*60 -> 90 | AF39: =N39-K39 -> -313.33333 | AG39: =N39/K39 -> 0.80847596
W40: =(U40-T40)*24*60 -> 0 | AF40: =N40-K40 -> 0 | AG40: =N40/K40 -> #DIV/0!
W41: =(U41-T41)*24*60 -> 0 | AF41: =N41-K41 -> 0 | AG41: =N41/K41 -> #DIV/0!
W42: =(U42-T42)*24*60 -> 0
W43: =(U43-T43)*24*60 -> 0
W44: =(U44-T44)*24*60 -> 0
W45: =(U45-T45)*24*60 -> 0
W46: =(U46-T46)*24*60 -> 0
H47: =F47*G47 -> 0 | W47: =(U47-T47)*24*60 -> 0
C48: 4度二組C1 | D48: 平均 | J48: =AVERAGE(J38:J47) -> 16 | K48: =AVERAGE(K38:K47) -> 1675 | L48: =AVERAGE(L38:L47) -> 105.25098 | M48: =AVERAGE(M38:M47) -> 16 | N48: =AVERAGE(N38:N47) -> 1472.6377 | O48: =AVERAGE(O38:O47) -> 92.988917 | P48: =M48-J48 -> 0 | Q48: =N48-K48 -> -202.36232 | R48: =O48/L48 -> 0.88349692 | W48: =(U48-T48)*24*60 -> 0 | Z48: =SUM(Z38:Z47) -> 0 | AA48: =SUM(AA38:AA47) -> 0 | AD48: =SUM(AD38:AD47) -> 0 | AE48: =SUM(AE38:AE47) -> 0 | AF48: =N48-K48 -> -202.36232 | AG48: =N48/K48 -> 0.87918668
A49: 手工五線 (ET-55) | B49: 熱乾麵 | D49: 沙茶豬肉炒麵 | F49: =VLOOKUP(D49,廠價表!$C$1:$E$43,3,0) -> 49.52 | G49: 2081 | H49: =F49*G49 -> 103051.12 | J49: =VLOOKUP(D49,產線配置圖!$A$3:$C$40,2,0) -> 17 | K49: =VLOOKUP(D49,產線配置圖!$A$3:$C$40,3,0) -> 1500 | L49: =K49/J49 -> 88.235294 | M49: 17 | N49: =G49/W49*60 -> 1387.3333 | O49: =N49/M49 -> 81.607843 | P49: =M49-J49 -> 0 | Q49: =O49-L49 -> -6.627451 | R49: =O49/L49 -> 0.92488889 | S49: =R58 -> 0.87014077 | T49: 0.29166667 | U49: 0.35416667 | W49: =(U49-T49)*24*60 -> 90 | AF49: =N49-K49 -> -112.66667 | AG49: =N49/K49 -> 0.92488889 | AH49: =AG58 -> 0.85011788
B50: 義大利麵 | D50: 蒜香奶油蝦蝦義大利麵 | F50: =VLOOKUP(D50,廠價表!$C$1:$E$43,3,0) -> 57.21 | G50: 1740 | H50: =F50*G50 -> 99545.4 | J50: =VLOOKUP(D50,產線配置圖!$A$3:$C$40,2,0) -> 17 | K50: =VLOOKUP(D50,產線配置圖!$A$3:$C$40,3,0) -> 1716 | L50: =K50/J50 -> 100.94118 | M50: 16 | N50: =G50/W50*60 -> 1491.4286 | O50: =N50/M50 -> 93.214286 | P50: =M50-J50 -> -1 | Q50: =O50-L50 -> -7.7268908 | R50: =O50/L50 -> 0.92345155 | T50: 0.35972222 | U50: 0.40833333 | V50: =(T50-U49)*24*60 -> 8 | W50: =(U50-T50)*24*60 -> 70 | AF50: =N50-K50 -> -224.57143 | AG50: =N50/K50 -> 0.86913087
B51: 義大利麵 | D51: 焗烤起司雙饗筆尖麵 | F51: =VLOOKUP(D51,廠價表!$C$1:$E$43,3,0) -> 49.97 | G51: 2352 | H51: =F51*G51 -> 117529.44 | J51: =VLOOKUP(D51,產線配置圖!$A$3:$C$40,2,0) -> 16 | K51: =VLOOKUP(D51,產線配置圖!$A$3:$C$40,3,0) -> 1800 | L51: =K51/J51 -> 112.5 | M51: 16 | N51: =G51/W51*60 -> 1603.6364 | O51: =N51/M51 -> 100.22727 | P51: =M51-J51 -> 0 | Q51: =O51-L51 -> -12.272727 | R51: =O51/L51 -> 0.89090909 | T51: 0.41458333 | U51: 0.47569444 | V51: =(T51-U50)*24*60 -> 9 | W51: =(U51-T51)*24*60 -> 88 | X51: 0.48263889 | Y51: 0.52083333 | AF51: =N51-K51 -> -196.36364 | AG51: =N51/K51 -> 0.89090909
B52: 義大利麵 | D52: 焗烤起司雙饗筆尖麵 | F52: =VLOOKUP(D52,廠價表!$C$1:$E$43,3,0) -> 49.97 | G52: 2506 | H52: =F52*G52 -> 125224.82 | J52: =VLOOKUP(D52,產線配置圖!$A$3:$C$40,2,0) -> 16 | K52: =VLOOKUP(D52,產線配置圖!$A$3:$C$40,3,0) -> 1800 | L52: =K52/J52 -> 112.5 | M52: 16 | N52: =G52/W52*60 -> 1534.2857 | O52: =N52/M52 -> 95.892857 | P52: =M52-J52 -> 0 | Q52: =O52-L52 -> -16.607143 | R52: =O52/L52 -> 0.85238095 | T52: 0.52777778 | U52: 0.59583333 | V52: =(T52-U51)*24*60 -> 75 | W52: =(U52-T52)*24*60 -> 98 | AF52: =N52-K52 -> -265.71429 | AG52: =N52/K52 -> 0.85238095
B53: 義大利麵 | D53: 蒜香奶油蝦蝦義大利麵 | F53: =VLOOKUP(D53,廠價表!$C$1:$E$43,3,0) -> 57.21 | G53: 474 | H53: =F53*G53 -> 27117.54 | J53: =VLOOKUP(D53,產線配置圖!$A$3:$C$40,2,0) -> 17 | K53: =VLOOKUP(D53,產線配置圖!$A$3:$C$40,3,0) -> 1716 | L53: =K53/J53 -> 100.94118 | M53: 16 | N53: =G53/W53*60 -> 1236.5217 | O53: =N53/M53 -> 77.282609 | P53: =M53-J53 -> -1 | Q53: =O53-L53 -> -23.658568 | R53: =O53/L53 -> 0.76562025 | T53: 0.60208333 | U53: 0.61805556 | V53: =(T53-U52)*24*60 -> 9 | W53: =(U53-T53)*24*60 -> 23 | AB53: 生產數量少 | AF53: =N53-K53 -> -479.47826 | AG53: =N53/K53 -> 0.72058376
W54: =(U54-T54)*24*60 -> 0
W55: =(U55-T55)*24*60 -> 0
W56: =(U56-T56)*24*60 -> 0
W57: =(U57-T57)*24*60 -> 0
C58: 4度二組C2 | D58: 平均 | J58: =AVERAGE(J49:J57) -> 16.6 | K58: =AVERAGE(K49:K57) -> 1706.4 | L58: =AVERAGE(L49:L57) -> 103.02353 | M58: =AVERAGE(M49:M57) -> 16.2 | N58: =AVERAGE(N49:N57) -> 1450.6411 | O58: =AVERAGE(O49:O57) -> 89.644973 | P58: =M58-J58 -> -0.4 | Q58: =N58-K58 -> -255.75886 | R58: =O58/L58 -> 0.87014077 | Z58: =SUM(Z49:Z57) -> 0 | AA58: =SUM(AA49:AA57) -> 0 | AD58: =SUM(AD49:AD57) -> 0 | AE58: =SUM(AE49:AE57) -> 0 | AF58: =N58-K58 -> -255.75886 | AG58: =N58/K58 -> 0.85011788
A59: 調理包一線 (八爪機) | B59: 小吃、微波 | D59: 小滷青蔬 | F59: =VLOOKUP(D59,廠價表!$C$1:$E$43,3,0) -> 26.99 | G59: 2987 | H59: =F59*G59 -> 80619.13 | J59: =VLOOKUP(D59,產線配置圖!$A$3:$C$40,2,0) -> 15 | K59: =VLOOKUP(D59,產線配置圖!$A$3:$C$40,3,0) -> 1565 | L59: =K59/J59 -> 104.33333 | M59: 15 | N59: =G59/W59*60 -> 1558.4348 | O59: =N59/M59 -> 103.89565 | P59: =M59-J59 -> 0 | Q59: =O59-L59 -> -0.43768116 | R59: =O59/L59 -> 0.99580497 | S59: =R69 -> 0.91816608 | T59: 0.29166667 | U59: 0.37152778 | W59: =(U59-T59)*24*60 -> 115 | AF59: =N59-K59 -> -6.5652174 | AG59: =N59/K59 -> 0.99580497 | AH59: =AG69 -> 0.92592997
B60: 小吃、微波 | D60: 起司馬鈴薯 | F60: =VLOOKUP(D60,廠價表!$C$1:$E$43,3,0) -> 28.26 | G60: 1630 | H60: =F60*G60 -> 46063.8 | J60: =VLOOKUP(D60,產線配置圖!$A$3:$C$40,2,0) -> 12 | K60: =VLOOKUP(D60,產線配置圖!$A$3:$C$40,3,0) -> 1565 | L60: =K60/J60 -> 130.41667 | M60: 12 | N60: =G60/W60*60 -> 1339.726 | O60: =N60/M60 -> 111.64384 | P60: =M60-J60 -> 0 | Q60: =O60-L60 -> -18.772831 | R60: =O60/L60 -> 0.85605497 | T60: 0.38333333 | U60: 0.43402778 | V60: =(T60-U59)*24*60 -> 17 | W60: =(U60-T60)*24*60 -> 73 | AF60: =N60-K60 -> -225.27397 | AG60: =N60/K60 -> 0.85605497
W61: =(U61-T61)*24*60 -> 0 | AF61: =N61-K61 -> 0 | AG61: =N61/K61 -> #DIV/0!
W62: =(U62-T62)*24*60 -> 0 | X62: 0.50347222 | Y62: 0.54513889 | AF62: =N62-K62 -> 0 | AG62: =N62/K62 -> #DIV/0!
W63: =(U63-T63)*24*60 -> 0
W64: =(U64-T64)*24*60 -> 0
W65: =(U65-T65)*24*60 -> 0
W66: =(U66-T66)*24*60 -> 0
W67: =(U67-T67)*24*60 -> 0
H68: =F68*G68 -> 0 | W68: =(U68-T68)*24*60 -> 0
C69: 4度三組 | D69: 平均 | J69: =AVERAGE(J59:J68) -> 13.5 | K69: =AVERAGE(K59:K68) -> 1565 | L69: =AVERAGE(L59:L68) -> 117.375 | M69: =AVERAGE(M59:M68) -> 13.5 | N69: =AVERAGE(N59:N68) -> 1449.0804 | O69: =AVERAGE(O59:O68) -> 107.76974 | P69: =M69-J69 -> 0 | Q69: =N69-K69 -> -115.91959 | R69: =O69/L69 -> 0.91816608 | Z69: =SUM(Z59:Z68) -> 0 | AA69: =SUM(AA59:AA68) -> 0 | AD69: =SUM(AD59:AD68) -> 0 | AE69: =SUM(AE59:AE68) -> 0 | AF69: =N69-K69 -> -115.91959 | AG69: =N69/K69 -> 0.92592997
A70: 調理包二線 (手工) | S70: =R79 -> 0 | W70: =(U70-T70)*24*60 -> 0 | AF70: =N70-K70 -> 0 | AG70: =N70/K70 -> #DIV/0! | AH70: =AG79 -> #DIV/0!
W71: =(U71-T71)*24*60 -> 0 | AF71: -300.3125 | AG71: 0.80810703
W72: =(U72-T72)*24*60 -> 0 | AF72: -130.33333 | AG72: 0.91671991
W73: =(U73-T73)*24*60 -> 0
W74: =(U74-T74)*24*60 -> 0
H75: =F75*G75 -> 0 | W75: =(U75-T75)*24*60 -> 0
H76: =F76*G76 -> 0 | W76: =(U76-T76)*24*60 -> 0
H77: =F77*G77 -> 0 | W77: =(U77-T77)*24*60 -> 0
H78: =F78*G78 -> 0 | W78: =(U78-T78)*24*60 -> 0
C79: 4度四組 | D79: 平均 | Z79: =SUM(Z70:Z78) -> 0 | AA79: =SUM(AA70:AA78) -> 0 | AD79: =SUM(AD70:AD78) -> 0 | AE79: =SUM(AE70:AE78) -> 0 | AF79: =N79-K79 -> 0 | AG79: =N79/K79 -> #DIV/0!
AJ80: 1.當日出勤人數較多
AJ81: 2.當日出勤人數較少
AJ82: 3.當日出勤熟手較少
AJ83: 4.當日出勤新人較多
AJ84: 5.機台夾盒
AJ85: 6.封膜不順
AJ86: 7.更換膠膜
AJ87: 8.更換碳帶
AJ88: 9.當日熱轉印碳帶異常
AJ89: 10.訂單量過少
AJ90: 11.新品上市，尚未熟悉
AJ91: 12.商品結構，產能較低
AJ92: 13.區域出貨，分段生產

Sheet 0503總
B1: 長家廠組合室生產人時性分析
B3: 日期 | D3: 46145 | F3: 訂單量 | G3: ='0503'!E1 -> 64004 | I3: 營業額 | J3: ='0503'!G1 -> 3124634.1
B4: 項目 | D4: 3 | F4: ➀ | H4: ➁ | J4: ③ | L4: 異常停線 | N4: 短暫停線
B5: 人時性 | D5: 組合室 | F5: 全溫層 | H5: 義大利麵 | J5: 袋裝小吃、義麵 | L5: 合計次數 | M5: 時間 | N5: 合計次數 | O5: 設備次數
D6: 排關平均 | F6: =AVERAGE(D13:I13) -> 124.51529 | H6: =AVERAGE(D13:H13) -> 125.94334 | J6: =AVERAGE(I13) -> 117.375 | L6: =SUM(D18:J18) -> 1 | M6: =SUM(D19:J19) -> 55 | N6: =SUM(D20:J20) -> 0 | O6: =SUM(D20:J20) -> 0
D7: 實績平均 | F7: =AVERAGE(D14:I14) -> 108.37876 | H7: =AVERAGE(D14:H14) -> 110.06857 | J7: =AVERAGE(I14) -> 99.929701 | L7: =AVERAGE(K14:L14) -> #DIV/0! | M7: =AVERAGE(L14:M14) -> #DIV/0! | N7: =AVERAGE(M14:N14) -> #DIV/0! | O7: =AVERAGE(N14:O14) -> #DIV/0!
D8: 達成率平均 | F8: =F7/F6 -> 0.87040525 | H8: =H7/H6 -> 0.87395307 | J8: =J7/J6 -> 0.85137125 | L8: =AVERAGE(K15:L15) -> #DIV/0! | M8: =AVERAGE(L15:M15) -> #DIV/0! | N8: =AVERAGE(M15:N15) -> #DIV/0! | O8: =AVERAGE(N15:O15) -> #DIV/0!
J9: ※現行日本鮮食廠以達成率80%為基本(即為現行KPI)
B10: 溫層 | D10: 4度C-各編組展開
B11: 編組 | D11: 1 | E11: 2 | F11: 3 | G11: 4 | H11: 5 | I11: 6 | J11: 7
D12: 自動1線 | E12: 自動2線 | F12: 手工3線 | G12: 手工4線 | H12: 手工5線 | I12: 調理包1線 | J12: 調理包2線
B13: 人時性 | C13: 排關 | D13: =VALUE('0503'!L15) -> 150 | E13: =VALUE('0503'!L26) -> 174.23077 | F13: =VALUE('0503'!L37) -> 100.21667 | G13: =VALUE('0503'!L48) -> 102.24575 | H13: =VALUE('0503'!L58) -> 103.02353 | I13: =VALUE('0503'!L69) -> 117.375 | J13: ='0503'!L79 -> 0
C14: 實績 | D14: =VALUE('0503'!O15) -> 133.49132 | E14: =VALUE('0503'!O26) -> 164.69594 | F14: =VALUE('0503'!O37) -> 78.987765 | G14: =VALUE('0503'!O48) -> 77.269613 | H14: =VALUE('0503'!O58) -> 95.898219 | I14: =VALUE('0503'!O69) -> 99.929701 | J14: ='0503'!O79 -> 0
C15: 達成率 | D15: =D14/D13 -> 0.88994215 | E15: =E14/E13 -> 0.9452747 | F15: =F14/F13 -> 0.78816992 | G15: =G14/G13 -> 0.75572444 | H15: =H14/H13 -> 0.93083803 | I15: =I14/I13 -> 0.85137125 | J15: ='0503'!S70 -> 0
B16: 作業 時間 | C16: 開始 | D16: ='0503'!T5 -> 0.29166667 | E16: ='0503'!T16 -> 0.29166667 | F16: ='0503'!T27 -> 0.29166667 | G16: ='0503'!T38 -> 0.33333333 | H16: ='0503'!T49 -> 0.29166667 | I16: ='0503'!T59 -> 0.29166667 | J16: ='0503'!T70 -> 0
C17: 結束 | D17: 0.68055556 | E17: 0.62986111 | F17: 0.66458333 | G17: 0.69791667 | H17: 0.67013889 | I17: 0.52083333 | J17: 0
B18: 產線異常 (5分鐘以上) | C18: 次數 | D18: ='0503'!Z15 -> 0 | E18: ='0503'!Z26 -> 0 | F18: ='0503'!Z37 -> 0 | G18: ='0503'!Z48 -> 1 | H18: ='0503'!Z58 -> 0 | I18: ='0503'!Z69 -> 0 | J18: ='0503'!AA79 -> 0
C19: 時間/分 | D19: ='0503'!AA15 -> 0 | E19: ='0503'!AA26 -> 0 | F19: ='0503'!AA37 -> 0 | G19: ='0503'!AA48 -> 55 | H19: ='0503'!AA58 -> 0 | I19: ='0503'!AA69 -> 0 | J19: ='0503'!AB79 -> 0
B20: 短暫停線 (5分鐘以下) | C20: 次數 | D20: ='0503'!AD15 -> 0 | E20: ='0503'!AD26 -> 0 | F20: ='0503'!AD37 -> 0 | G20: ='0503'!AD48 -> 0 | H20: ='0503'!AD58 -> 0 | I20: ='0503'!AD69 -> 0 | J20: ='0503'!AD79 -> 0
C21: 設備次數 | D21: ='0503'!AE15 -> 0 | E21: ='0503'!AE26 -> 0 | F21: ='0503'!AE37 -> 0 | G21: ='0503'!AE48 -> 0 | H21: ='0503'!AE58 -> 0 | I21: ='0503'!AE69 -> 0 | J21: ='0503'!AE79 -> 0
B22: 配置人數 | D22: =VALUE('0503'!M15) -> 15 | E22: =VALUE('0503'!M26) -> 12.8 | F22: =VALUE('0503'!M37) -> 15.8 | G22: =VALUE('0503'!M48) -> 16.333333 | H22: =VALUE('0503'!M58) -> 16.6 | I22: =VALUE('0503'!M69) -> 12.5 | J22: ='0503'!M79 -> 0
B23: 主要應用設備 | D23: ET-600 | E23: ET-600 | F23: ET-55 | G23: ET-55 | H23: ET-55 | I23: 八爪機 | J23: 八爪機
B24: 次要應用設備 | H24: 封口機 | J24: 封口機
B25: 備註

Sheet 0503
A1: 長家廠4度C日報分析 | D1: 總生產量 | E1: =SUM(G5:G79) -> 64004 | F1: 營業額 | G1: =SUM(H5:H79) -> 3124634.1 | H1: 出勤人數 | I1: =M15+M26+M48+M58+M69+M79+M37 -> 89.033333 | J1: 產線配置圖 | M1: 生產實績 | P1: 人時性差異分析 | T1: 日報登錄 | Z1: 合計 次數 | AA1: 合計 時間/分 | AB1: 分析說明 | AD1: 合計 次數 | AE1: 合計 設備次數 | AF1: 產能差異分析
A2: 05月03日 星期日 | D2: 人時性 | E2: =AVERAGE(O15,O26,O37,O48,O58,O69,O79) -> 108.37876 | F2: 平均廠價 | G2: =G1/E1 -> 48.819357 | H2: 多次生產數 | I2: =COUNT(I5:I79) -> 0 | Z2: =Z15+Z26+Z37+Z48+Z58+Z69+Z79 -> 1 | AA2: =AA15+AA26+AA37+AA48+AA58+AA69+AA79 -> 55 | AD2: =AD15+AD26+AD37+AD48+AD58+AD69+AD79 -> 0 | AE2: =AE15+AE26+AE37+AE48+AE58+AE69+AE79 -> 0
A3: 線別 | B3: 品類 | D3: 品名 | F3: 廠價 | G3: 生產量 | H3: 營收 | I3: 多次 生產 | J3: 人數 | K3: 產能/時 | L3: 人時性 | M3: 人數 | N3: 產能/時 | O3: 人時性 | P3: 人數 | Q3: 人時性 | R3: 達成率 | S3: 達成率平均 | T3: 生產時間 | V3: 前置、換線時間/分 | W3: 稼動時間/分 | X3: 休息時間 | Z3: 產線異常統計 (5分鐘以上) | AD3: 短暫停線統計 (5分鐘以下) | AF3: 產能/時 | AG3: 達成率 | AH3: 達成率平均
T4: 開始 | U4: 結束 | X4: 開始 | Y4: 結束 | Z4: 次數 | AA4: 時間/分 | AD4: 總次數 | AE4: 設備因素(次數)
A5: 自動一線 (ET-600) | B5: 義大利麵 | D5: 白酒清炒鮮蛤義大利麵 | F5: =VLOOKUP(D5,廠價表!$C$1:$E$43,3,0) -> 56.87 | G5: 2843 | H5: =F5*G5 -> 161681.41 | J5: =VLOOKUP(D5,產線配置圖!$A$3:$C$40,2,0) -> 15 | K5: =VLOOKUP(D5,產線配置圖!$A$3:$C$40,3,0) -> 2250 | L5: =K5/J5 -> 150 | M5: 15 | N5: =G5/W5*60 -> 2055.1807 | O5: =N5/M5 -> 137.01205 | P5: =M5-J5 -> 0 | Q5: =O5-L5 -> -12.987952 | R5: =O5/L5 -> 0.91341365 | S5: =R15 -> 0.88994215 | T5: 0.29166667 | U5: 0.34930556 | W5: =(U5-T5)*24*60 -> 83 | AF5: =N5-K5 -> -194.81928 | AG5: =N5/K5 -> 0.91341365 | AH5: =AG15 -> 0.88994215
B6: 義大利麵 | D6: 奶油培根義大利麵 | F6: =VLOOKUP(D6,廠價表!$C$1:$E$43,3,0) -> 49.14 | G6: 4473 | H6: =F6*G6 -> 219803.22 | J6: =VLOOKUP(D6,產線配置圖!$A$3:$C$40,2,0) -> 15 | K6: =VLOOKUP(D6,產線配置圖!$A$3:$C$40,3,0) -> 2250 | L6: =K6/J6 -> 150 | M6: 15 | N6: =G6/W6*60 -> 2096.7187 | O6: =N6/M6 -> 139.78125 | P6: =M6-J6 -> 0 | Q6: =O6-L6 -> -10.21875 | R6: =O6/L6 -> 0.931875 | T6: 0.35625 | U6: 0.44513889 | V6: =(T6-U5)*24*60 -> 10 | W6: =(U6-T6)*24*60 -> 128 | AF6: =N6-K6 -> -153.28125 | AG6: =N6/K6 -> 0.931875
B7: 義大利麵 | D7: 香煎魚排佐檸檬奶油義大利麵 | F7: =VLOOKUP(D7,廠價表!$C$1:$E$43,3,0) -> 58.17 | G7: 1350 | H7: =F7*G7 -> 78529.5 | J7: =VLOOKUP(D7,產線配置圖!$A$3:$C$40,2,0) -> 15 | K7: =VLOOKUP(D7,產線配置圖!$A$3:$C$40,3,0) -> 2250 | L7: =K7/J7 -> 150 | M7: 15 | N7: =G7/W7*60 -> 2076.9231 | O7: =N7/M7 -> 138.46154 | P7: =M7-J7 -> 0 | Q7: =O7-L7 -> -11.538462 | R7: =O7/L7 -> 0.92307692 | T7: 0.45138889 | U7: 0.47847222 | V7: =(T7-U6)*24*60 -> 9 | W7: =(U7-T7)*24*60 -> 39 | X7: 0.49305556 | Y7: 0.53472222 | AF7: =N7-K7 -> -173.07692 | AG7: =N7/K7 -> 0.92307692
B8: 義大利麵 | D8: 香煎魚排佐檸檬奶油義大利麵 | F8: =VLOOKUP(D8,廠價表!$C$1:$E$43,3,0) -> 58.17 | G8: 2554 | H8: =F8*G8 -> 148566.18 | J8: =VLOOKUP(D8,產線配置圖!$A$3:$C$40,2,0) -> 15 | K8: =VLOOKUP(D8,產線配置圖!$A$3:$C$40,3,0) -> 2250 | L8: =K8/J8 -> 150 | M8: 15 | N8: =G8/W8*60 -> 1990.1299 | O8: =N8/M8 -> 132.67532 | P8: =M8-J8 -> 0 | Q8: =O8-L8 -> -17.324675 | R8: =O8/L8 -> 0.88450216 | T8: 0.54166667 | U8: 0.59513889 | V8: =(T8-U7)*24*60 -> 91 | W8: =(U8-T8)*24*60 -> 77 | AF8: =N8-K8 -> -259.87013 | AG8: =N8/K8 -> 0.88450216
B9: 義大利麵 | D9: 奶油培根義大利麵 | F9: =VLOOKUP(D9,廠價表!$C$1:$E$43,3,0) -> 49.14 | G9: 2692 | H9: =F9*G9 -> 132284.88 | J9: =VLOOKUP(D9,產線配置圖!$A$3:$C$40,2,0) -> 15 | K9: =VLOOKUP(D9,產線配置圖!$A$3:$C$40,3,0) -> 2250 | L9: =K9/J9 -> 150 | M9: 15 | N9: =G9/W9*60 -> 2153.6 | O9: =N9/M9 -> 143.57333 | P9: =M9-J9 -> 0 | Q9: =O9-L9 -> -6.4266667 | R9: =O9/L9 -> 0.95715556 | T9: 0.60069444 | U9: 0.65277778 | V9: =(T9-U8)*24*60 -> 8 | W9: =(U9-T9)*24*60 -> 75 | AF9: =N9-K9 -> -96.4 | AG9: =N9/K9 -> 0.95715556
B10: 義大利麵 | D10: 香煎魚排佐檸檬奶油義大利麵 | F10: =VLOOKUP(D10,廠價表!$C$1:$E$43,3,0) -> 58.17 | G10: 985 | H10: =F10*G10 -> 57297.45 | J10: =VLOOKUP(D10,產線配置圖!$A$3:$C$40,2,0) -> 15 | K10: =VLOOKUP(D10,產線配置圖!$A$3:$C$40,3,0) -> 2250 | L10: =K10/J10 -> 150 | M10: 15 | N10: =G10/W10*60 -> 1641.6667 | O10: =N10/M10 -> 109.44444 | P10: =M10-J10 -> 0 | Q10: =O10-L10 -> -40.555556 | R10: =O10/L10 -> 0.72962963 | T10: 0.65555556 | U10: 0.68055556 | V10: =(T10-U9)*24*60 -> 4 | W10: =(U10-T10)*24*60 -> 36 | AB10: 生產數量少 | AF10: =N10-K10 -> -608.33333 | AG10: =N10/K10 -> 0.72962963
W11: =(U11-T11)*24*60 -> 0 | AF11: =N11-K11 -> 0 | AG11: =N11/K11 -> #DIV/0!
W12: =(U12-T12)*24*60 -> 0
W13: =(U13-T13)*24*60 -> 0
W14: =(U14-T14)*24*60 -> 0
C15: 4度一組 | D15: 平均 | J15: =AVERAGE(J5:J14) -> 15 | K15: =AVERAGE(K5:K14) -> 2250 | L15: =AVERAGE(L5:L14) -> 150 | M15: =AVERAGE(M5:M14) -> 15 | N15: =AVERAGE(N5:N14) -> 2002.3698 | O15: =AVERAGE(O5:O14) -> 133.49132 | P15: =M15-J15 -> 0 | Q15: =O15-L15 -> -16.508677 | R15: =O15/L15 -> 0.88994215 | Z15: =SUM(Z5:Z14) -> 0 | AA15: =SUM(AA5:AA14) -> 0 | AD15: =SUM(AD5:AD14) -> 0 | AE15: =SUM(AE5:AE14) -> 0 | AF15: =N15-K15 -> -247.63015 | AG15: =N15/K15 -> 0.88994215
A16: 自動二線 (ET-600) | B16: 義大利麵 | D16: 青醬蛤蜊義大利麵 | F16: =VLOOKUP(D16,廠價表!$C$1:$E$43,3,0) -> 50.67 | G16: 2835 | H16: =F16*G16 -> 143649.45 | J16: =VLOOKUP(D16,產線配置圖!$A$3:$C$40,2,0) -> 13 | K16: =VLOOKUP(D16,產線配置圖!$A$3:$C$40,3,0) -> 2250 | L16: =K16/J16 -> 173.07692 | M16: 13 | N16: =G16/W16*60 -> 2126.25 | O16: =N16/M16 -> 163.55769 | P16: =M16-J16 -> 0 | Q16: =O16-L16 -> -9.5192308 | R16: =O16/L16 -> 0.945 | S16: =R26 -> 0.9452747 | T16: 0.29166667 | U16: 0.34722222 | W16: =(U16-T16)*24*60 -> 80 | AF16: =N16-K16 -> -123.75 | AG16: =N16/K16 -> 0.945 | AH16: =AG26 -> 0.9307968
B17: 義大利麵 | D17: 義式辣味嫩烤雞腿排義大利麵 | F17: =VLOOKUP(D17,廠價表!$C$1:$E$43,3,0) -> 56.61 | G17: 2841 | H17: =F17*G17 -> 160829.01 | J17: =VLOOKUP(D17,產線配置圖!$A$3:$C$40,2,0) -> 15 | K17: =VLOOKUP(D17,產線配置圖!$A$3:$C$40,3,0) -> 2250 | L17: =K17/J17 -> 150 | M17: 15 | N17: =G17/W17*60 -> 2130.75 | O17: =N17/M17 -> 142.05 | P17: =M17-J17 -> 0 | Q17: =O17-L17 -> -7.95 | R17: =O17/L17 -> 0.947 | T17: 0.35416667 | U17: 0.40972222 | V17: =(T17-U16)*24*60 -> 10 | W17: =(U17-T17)*24*60 -> 80 | AF17: =N17-K17 -> -119.25 | AG17: =N17/K17 -> 0.947
B18: 義大利麵 | D18: 義式蕃茄起司義大利麵 | F18: =VLOOKUP(D18,廠價表!$C$1:$E$43,3,0) -> 50.39 | G18: 3211 | H18: =F18*G18 -> 161802.29 | J18: =VLOOKUP(D18,產線配置圖!$A$3:$C$40,2,0) -> 12 | K18: =VLOOKUP(D18,產線配置圖!$A$3:$C$40,3,0) -> 2250 | L18: =K18/J18 -> 187.5 | M18: 12 | N18: =G18/W18*60 -> 2140.6667 | O18: =N18/M18 -> 178.38889 | P18: =M18-J18 -> 0 | Q18: =O18-L18 -> -9.1111111 | R18: =O18/L18 -> 0.95140741 | T18: 0.41666667 | U18: 0.47916667 | V18: =(T18-U17)*24*60 -> 10 | W18: =(U18-T18)*24*60 -> 90 | X18: 0.49305556 | Y18: 0.53472222 | AF18: =N18-K18 -> -109.33333 | AG18: =N18/K18 -> 0.95140741
B19: 義大利麵 | D19: 義式蕃茄起司義大利麵 | F19: =VLOOKUP(D19,廠價表!$C$1:$E$43,3,0) -> 50.39 | G19: 2636 | H19: =F19*G19 -> 132828.04 | J19: =VLOOKUP(D19,產線配置圖!$A$3:$C$40,2,0) -> 12 | K19: =VLOOKUP(D19,產線配置圖!$A$3:$C$40,3,0) -> 2250 | L19: =K19/J19 -> 187.5 | M19: 12 | N19: =G19/W19*60 -> 2137.2973 | O19: =N19/M19 -> 178.10811 | P19: =M19-J19 -> 0 | Q19: =O19-L19 -> -9.3918919 | R19: =O19/L19 -> 0.94990991 | T19: 0.54375 | U19: 0.59513889 | V19: =(T19-U18)*24*60 -> 93 | W19: =(U19-T19)*24*60 -> 74 | AF19: =N19-K19 -> -112.7027 | AG19: =N19/K19 -> 0.94990991
B20: 義大利麵 | D20: 青醬蛤蜊義大利麵 | F20: =VLOOKUP(D20,廠價表!$C$1:$E$43,3,0) -> 50.67 | G20: 1291 | H20: =F20*G20 -> 65414.97 | J20: =VLOOKUP(D20,產線配置圖!$A$3:$C$40,2,0) -> 13 | K20: =VLOOKUP(D20,產線配置圖!$A$3:$C$40,3,0) -> 2250 | L20: =K20/J20 -> 173.07692 | M20: 12 | N20: =G20/W20*60 -> 1936.5 | O20: =N20/M20 -> 161.375 | P20: =M20-J20 -> -1 | Q20: =O20-L20 -> -11.701923 | R20: =O20/L20 -> 0.93238889 | T20: 0.60208333 | U20: 0.62986111 | V20: =(T20-U19)*24*60 -> 10 | W20: =(U20-T20)*24*60 -> 40
W21: =(U21-T21)*24*60 -> 0
W22: 0
W23: =(U23-T23)*24*60 -> 0
H24: =F24*G24 -> 0 | W24: =(U24-T24)*24*60 -> 0
H25: =F25*G25 -> 0 | W25: =(U25-T25)*24*60 -> 0
C26: 4度二組A | D26: 平均 | J26: =AVERAGE(J16:J25) -> 13 | K26: =AVERAGE(K16:K25) -> 2250 | L26: =AVERAGE(L16:L25) -> 174.23077 | M26: =AVERAGE(M16:M25) -> 12.8 | N26: =AVERAGE(N16:N25) -> 2094.2928 | O26: =AVERAGE(O16:O25) -> 164.69594 | P26: =M26-J26 -> -0.2 | Q26: =O26-L26 -> -9.5348314 | R26: =O26/L26 -> 0.9452747 | Z26: =SUM(Z16:Z25) -> 0 | AA26: =SUM(AA16:AA25) -> 0 | AD26: =SUM(AD16:AD25) -> 0 | AE26: =SUM(AE16:AE25) -> 0 | AF26: =N26-K26 -> -155.70721 | AG26: =N26/K26 -> 0.9307968
A27: 手工三線 (ET-55) | B27: 義大利麵 | D27: 焗烤起司肉醬筆尖麵 | F27: =VLOOKUP(D27,廠價表!$C$1:$E$43,3,0) -> 50.67 | G27: 1206 | H27: =F27*G27 -> 61108.02 | J27: =VLOOKUP(D27,產線配置圖!$A$3:$C$40,2,0) -> 13 | K27: =VLOOKUP(D27,產線配置圖!$A$3:$C$40,3,0) -> 1440 | L27: =K27/J27 -> 110.76923 | M27: 13 | N27: =G27/W27*60 -> 1247.5862 | O27: =N27/M27 -> 95.96817 | P27: =M27-J27 -> 0 | Q27: =O27-L27 -> -14.801061 | R27: =O27/L27 -> 0.86637931 | S27: =R37 -> 0.78816992 | T27: 0.29166667 | U27: 0.33194444 | W27: =(U27-T27)*24*60 -> 58 | AF27: =N27-K27 -> -192.41379 | AG27: =N27/K27 -> 0.86637931 | AH27: =AG37 -> 0.79051398
B28: 義大利麵 | D28: 黑松露野菇義大利麵 | F28: =VLOOKUP(D28,廠價表!$C$1:$E$43,3,0) -> 50.289 | G28: 4928 | H28: =F28*G28 -> 247824.19 | J28: =VLOOKUP(D28,產線配置圖!$A$3:$C$40,2,0) -> 19 | K28: =VLOOKUP(D28,產線配置圖!$A$3:$C$40,3,0) -> 1565 | L28: =K28/J28 -> 82.368421 | M28: 19 | N28: =G28/W28*60 -> 1388.169 | O28: =N28/M28 -> 73.061527 | P28: =M28-J28 -> 0 | Q28: =O28-L28 -> -9.306894 | R28: =O28/L28 -> 0.88700895 | T28: 0.33819444 | U28: 0.48611111 | V28: =(T28-U27)*24*60 -> 9 | W28: =(U28-T28)*24*60 -> 213 | X28: 0.48958333 | Y28: 0.54166667 | AF28: =N28-K28 -> -176.83099 | AG28: =N28/K28 -> 0.88700895
B29: 義大利麵 | D29: 蒜香奶油蝦蝦義大利麵 | F29: =VLOOKUP(D29,廠價表!$C$1:$E$43,3,0) -> 57.21 | G29: 1541 | H29: =F29*G29 -> 88160.61 | J29: =VLOOKUP(D29,產線配置圖!$A$3:$C$40,2,0) -> 17 | K29: =VLOOKUP(D29,產線配置圖!$A$3:$C$40,3,0) -> 1716 | L29: =K29/J29 -> 100.94118 | M29: 17 | N29: =G29/W29*60 -> 1400.9091 | O29: =N29/M29 -> 82.406417 | P29: =M29-J29 -> 0 | Q29: =O29-L29 -> -18.534759 | R29: =O29/L29 -> 0.81638059 | T29: 0.54791667 | U29: 0.59375 | V29: =(T29-U28)*24*60 -> 89 | W29: =(U29-T29)*24*60 -> 66 | AF29: =N29-K29 -> -315.09091 | AG29: =N29/K29 -> 0.81638059
B30: 熱乾麵 | D30: 府城鹽水意麵 | F30: =VLOOKUP(D30,廠價表!$C$1:$E$43,3,0) -> 44.3 | G30: 500 | H30: =F30*G30 -> 22150 | J30: =VLOOKUP(D30,產線配置圖!$A$3:$C$40,2,0) -> 17 | K30: =VLOOKUP(D30,產線配置圖!$A$3:$C$40,3,0) -> 1636 | L30: =K30/J30 -> 96.235294 | M30: 17 | N30: =G30/W30*60 -> 1111.1111 | O30: =N30/M30 -> 65.359477 | P30: =M30-J30 -> 0 | Q30: =O30-L30 -> -30.875817 | R30: =O30/L30 -> 0.67916327 | T30: 0.59930556 | U30: 0.61805556 | V30: =(T30-U29)*24*60 -> 8 | W30: =(U30-T30)*24*60 -> 27 | AB30: 生產數量少/協助四線補足DC出貨量(因早上煮麵機稼動量不足) | AF30: =N30-K30 -> -524.88889 | AG30: =N30/K30 -> 0.67916327
B31: 義大利麵 | D31: 焗烤起司肉醬筆尖麵 | F31: =VLOOKUP(D31,廠價表!$C$1:$E$43,3,0) -> 50.67 | G31: 982 | H31: =F31*G31 -> 49757.94 | J31: =VLOOKUP(D31,產線配置圖!$A$3:$C$40,2,0) -> 13 | K31: =VLOOKUP(D31,產線配置圖!$A$3:$C$40,3,0) -> 1440 | L31: =K31/J31 -> 110.76923 | M31: 13 | N31: =G31/W31*60 -> 1015.8621 | O31: =N31/M31 -> 78.143236 | P31: =M31-J31 -> 0 | Q31: =O31-L31 -> -32.625995 | R31: =O31/L31 -> 0.70545977 | T31: 0.62430556 | U31: 0.66458333 | V31: =(T31-U30)*24*60 -> 9 | W31: =(U31-T31)*24*60 -> 58 | AB31: 生產數量少 | AF31: =N31-K31 -> -424.13793 | AG31: =N31/K31 -> 0.70545977
W32: =(U32-T32)*24*60 -> 0
W33: =(U33-T33)*24*60 -> 0
W34: =(U34-T34)*24*60 -> 0
W35: =(U35-T35)*24*60 -> 0
H36: =F36*G36 -> 0 | W36: =(U36-T36)*24*60 -> 0
C37: 4度二組B | D37: 平均 | J37: =AVERAGE(J27:J36) -> 15.8 | K37: =AVERAGE(K27:K36) -> 1559.4 | L37: =AVERAGE(L27:L36) -> 100.21667 | M37: =AVERAGE(M27:M36) -> 15.8 | N37: =AVERAGE(N27:N36) -> 1232.7275 | O37: =AVERAGE(O27:O36) -> 78.987765 | P37: =M37-J37 -> 0 | Q37: =N37-K37 -> -326.6725 | R37: =O37/L37 -> 0.78816992 | Z37: =SUM(Z27:Z36) -> 0 | AA37: =SUM(AA27:AA36) -> 0 | AD37: =SUM(AD27:AD36) -> 0 | AE37: =SUM(AE27:AE36) -> 0 | AF37: =N37-K37 -> -326.6725 | AG37: =N37/K37 -> 0.79051398
A38: 手工四線 (ET-55) | B38: 熱乾麵 | D38: 青花椒麻雞肉拌麵 | F38: =VLOOKUP(D38,廠價表!$C$1:$E$43,3,0) -> 49.91 | G38: 3238 | H38: =F38*G38 -> 161608.58 | J38: =VLOOKUP(D38,產線配置圖!$A$3:$C$40,2,0) -> 15 | K38: =VLOOKUP(D38,產線配置圖!$A$3:$C$40,3,0) -> 1714 | L38: =K38/J38 -> 114.26667 | M38: 15 | N38: =G38/W38*60 -> 1050.1622 | O38: =N38/M38 -> 70.010811 | P38: =M38-J38 -> 0 | Q38: =O38-L38 -> -44.255856 | R38: =O38/L38 -> 0.61269671 | S38: =R48 -> 0.75572444 | T38: 0.33333333 | U38: 0.46180556 | W38: =(U38-T38)*24*60 -> 185 | Z38: 1 | AA38: 55 | AB38: 8:25-9:20封膜異常/10:45-11:05補封膜360盒 | AF38: =N38-K38 -> -663.83784 | AG38: =N38/K38 -> 0.61269671 | AH38: =AG48 -> 0.76228011
B39: 熱乾麵 | D39: 府城鹽水意麵 | F39: =VLOOKUP(D39,廠價表!$C$1:$E$43,3,0) -> 44.3 | G39: 1921 | H39: =F39*G39 -> 85100.3 | J39: =VLOOKUP(D39,產線配置圖!$A$3:$C$40,2,0) -> 17 | K39: =VLOOKUP(D39,產線配置圖!$A$3:$C$40,3,0) -> 1636 | L39: =K39/J39 -> 96.235294 | M39: 17 | N39: =G39/W39*60 -> 1356 | O39: =N39/M39 -> 79.764706 | P39: =M39-J39 -> 0 | Q39: =O39-L39 -> -16.470588 | R39: =O39/L39 -> 0.82885086 | T39: 0.46875 | U39: 0.52777778 | V39: =(T39-U38)*24*60 -> 10 | W39: =(U39-T39)*24*60 -> 85 | X39: 0.53125 | Y39: 0.53819444 | AF39: =N39-K39 -> -280 | AG39: =N39/K39 -> 0.82885086
B40: 熱乾麵 | D40: 府城鹽水意麵 | F40: =VLOOKUP(D40,廠價表!$C$1:$E$43,3,0) -> 44.3 | G40: 4021 | H40: =F40*G40 -> 178130.3 | J40: =VLOOKUP(D40,產線配置圖!$A$3:$C$40,2,0) -> 17 | K40: =VLOOKUP(D40,產線配置圖!$A$3:$C$40,3,0) -> 1636 | L40: =K40/J40 -> 96.235294 | M40: 17 | N40: =G40/W40*60 -> 1394.5665 | O40: =N40/M40 -> 82.033322 | P40: =M40-J40 -> 0 | Q40: =O40-L40 -> -14.201972 | R40: =O40/L40 -> 0.8524245 | T40: 0.57777778 | U40: 0.69791667 | V40: =(T40-U39)*24*60 -> 72 | W40: =(U40-T40)*24*60 -> 173 | AF40: =N40-K40 -> -241.43353 | AG40: =N40/K40 -> 0.8524245
W41: =(U41-T41)*24*60 -> 0 | AF41: =N41-K41 -> 0 | AG41: =N41/K41 -> #DIV/0!
W42: =(U42-T42)*24*60 -> 0
W43: =(U43-T43)*24*60 -> 0
W44: =(U44-T44)*24*60 -> 0
W45: =(U45-T45)*24*60 -> 0
W46: =(U46-T46)*24*60 -> 0
H47: =F47*G47 -> 0 | W47: =(U47-T47)*24*60 -> 0
C48: 4度二組C1 | D48: 平均 | J48: =AVERAGE(J38:J47) -> 16.333333 | K48: =AVERAGE(K38:K47) -> 1662 | L48: =AVERAGE(L38:L47) -> 102.24575 | M48: =AVERAGE(M38:M47) -> 16.333333 | N48: =AVERAGE(N38:N47) -> 1266.9095 | O48: =AVERAGE(O38:O47) -> 77.269613 | P48: =M48-J48 -> 0 | Q48: =N48-K48 -> -395.09045 | R48: =O48/L48 -> 0.75572444 | W48: =(U48-T48)*24*60 -> 0 | Z48: =SUM(Z38:Z47) -> 1 | AA48: =SUM(AA38:AA47) -> 55 | AD48: =SUM(AD38:AD47) -> 0 | AE48: =SUM(AE38:AE47) -> 0 | AF48: =N48-K48 -> -395.09045 | AG48: =N48/K48 -> 0.76228011
A49: 手工五線 (ET-55) | B49: 熱乾麵 | D49: 沙茶豬肉炒麵 | F49: =VLOOKUP(D49,廠價表!$C$1:$E$43,3,0) -> 49.52 | G49: 2238 | H49: =F49*G49 -> 110825.76 | J49: =VLOOKUP(D49,產線配置圖!$A$3:$C$40,2,0) -> 17 | K49: =VLOOKUP(D49,產線配置圖!$A$3:$C$40,3,0) -> 1500 | L49: =K49/J49 -> 88.235294 | M49: 17 | N49: =G49/W49*60 -> 1413.4737 | O49: =N49/M49 -> 83.145511 | P49: =M49-J49 -> 0 | Q49: =O49-L49 -> -5.0897833 | R49: =O49/L49 -> 0.94231579 | S49: =R58 -> 0.93083803 | T49: 0.29166667 | U49: 0.35763889 | W49: =(U49-T49)*24*60 -> 95 | AF49: =N49-K49 -> -86.526316 | AG49: =N49/K49 -> 0.94231579 | AH49: =AG58 -> 0.93076941
B50: 義大利麵 | D50: 焗烤起司雙饗筆尖麵 | F50: =VLOOKUP(D50,廠價表!$C$1:$E$43,3,0) -> 49.97 | G50: 2204 | H50: =F50*G50 -> 110133.88 | J50: =VLOOKUP(D50,產線配置圖!$A$3:$C$40,2,0) -> 16 | K50: =VLOOKUP(D50,產線配置圖!$A$3:$C$40,3,0) -> 1800 | L50: =K50/J50 -> 112.5 | M50: 16 | N50: =G50/W50*60 -> 1695.3846 | O50: =N50/M50 -> 105.96154 | P50: =M50-J50 -> 0 | Q50: =O50-L50 -> -6.5384615 | R50: =O50/L50 -> 0.94188034 | T50: 0.3625 | U50: 0.41666667 | V50: =(T50-U49)*24*60 -> 7 | W50: =(U50-T50)*24*60 -> 78 | AF50: =N50-K50 -> -104.61538 | AG50: =N50/K50 -> 0.94188034
B51: 義大利麵 | D51: 蒜香奶油蝦蝦義大利麵 | F51: =VLOOKUP(D51,廠價表!$C$1:$E$43,3,0) -> 57.21 | G51: 1401 | H51: =F51*G51 -> 80151.21 | J51: =VLOOKUP(D51,產線配置圖!$A$3:$C$40,2,0) -> 17 | K51: =VLOOKUP(D51,產線配置圖!$A$3:$C$40,3,0) -> 1716 | L51: =K51/J51 -> 100.94118 | M51: 17 | N51: =G51/W51*60 -> 1586.0377 | O51: =N51/M51 -> 93.296337 | P51: =M51-J51 -> 0 | Q51: =O51-L51 -> -7.6448391 | R51: =O51/L51 -> 0.92426441 | T51: 0.42152778 | U51: 0.45833333 | V51: =(T51-U50)*24*60 -> 7 | W51: =(U51-T51)*24*60 -> 53 | X51: 0.46527778 | Y51: 0.51736111 | AF51: =N51-K51 -> -129.96226 | AG51: =N51/K51 -> 0.92426441
B52: 義大利麵 | D52: 焗烤起司雙饗筆尖麵 | F52: =VLOOKUP(D52,廠價表!$C$1:$E$43,3,0) -> 49.97 | G52: 4551 | H52: =F52*G52 -> 227413.47 | J52: =VLOOKUP(D52,產線配置圖!$A$3:$C$40,2,0) -> 16 | K52: =VLOOKUP(D52,產線配置圖!$A$3:$C$40,3,0) -> 1800 | L52: =K52/J52 -> 112.5 | M52: 16 | N52: =G52/W52*60 -> 1665 | O52: =N52/M52 -> 104.0625 | P52: =M52-J52 -> 0 | Q52: =O52-L52 -> -8.4375 | R52: =O52/L52 -> 0.925 | T52: 0.51805556 | U52: 0.63194444 | V52: =(T52-U51)*24*60 -> 86 | W52: =(U52-T52)*24*60 -> 164 | AF52: =N52-K52 -> -135 | AG52: =N52/K52 -> 0.925
B53: 義大利麵 | D53: 白酒清炒鮮蛤義大利麵 | F53: =VLOOKUP(D53,廠價表!$C$1:$E$43,3,0) -> 56.87 | G53: 1107 | H53: =F53*G53 -> 62955.09 | J53: 17 | K53: 1716 | L53: =K53/J53 -> 100.94118 | M53: 17 | N53: =G53/W53*60 -> 1581.4286 | O53: =N53/M53 -> 93.02521 | P53: =M53-J53 -> 0 | Q53: =O53-L53 -> -7.9159664 | R53: =O53/L53 -> 0.92157842 | T53: 0.64097222 | U53: 0.67013889 | V53: =(T53-U52)*24*60 -> 13 | W53: =(U53-T53)*24*60 -> 42 | AF53: =N53-K53 -> -134.57143 | AG53: =N53/K53 -> 0.92157842
W54: =(U54-T54)*24*60 -> 0
W55: =(U55-T55)*24*60 -> 0
W56: =(U56-T56)*24*60 -> 0
W57: =(U57-T57)*24*60 -> 0
C58: 4度二組C2 | D58: 平均 | J58: =AVERAGE(J49:J57) -> 16.6 | K58: =AVERAGE(K49:K57) -> 1706.4 | L58: =AVERAGE(L49:L57) -> 103.02353 | M58: =AVERAGE(M49:M57) -> 16.6 | N58: =AVERAGE(N49:N57) -> 1588.2649 | O58: =AVERAGE(O49:O57) -> 95.898219 | P58: =M58-J58 -> 0 | Q58: =N58-K58 -> -118.13508 | R58: =O58/L58 -> 0.93083803 | Z58: =SUM(Z49:Z57) -> 0 | AA58: =SUM(AA49:AA57) -> 0 | AD58: =SUM(AD49:AD57) -> 0 | AE58: =SUM(AE49:AE57) -> 0 | AF58: =N58-K58 -> -118.13508 | AG58: =N58/K58 -> 0.93076941
A59: 調理包一線 (八爪機) | B59: 小吃、微波 | D59: 小滷青蔬 | F59: =VLOOKUP(D59,廠價表!$C$1:$E$43,3,0) -> 26.99 | G59: 4559 | H59: =F59*G59 -> 123047.41 | J59: =VLOOKUP(D59,產線配置圖!$A$3:$C$40,2,0) -> 15 | K59: =VLOOKUP(D59,產線配置圖!$A$3:$C$40,3,0) -> 1565 | L59: =K59/J59 -> 104.33333 | M59: 14 | N59: =G59/W59*60 -> 1189.3043 | O59: =N59/M59 -> 84.950311 | P59: =M59-J59 -> -1 | Q59: =O59-L59 -> -19.383023 | R59: =O59/L59 -> 0.81422023 | S59: =R69 -> 0.85137125 | T59: 0.29166667 | U59: 0.45138889 | W59: =(U59-T59)*24*60 -> 230 | AF59: =N59-K59 -> -375.69565 | AG59: =N59/K59 -> 0.75993888 | AH59: =AG69 -> 0.78380331
B60: 小吃、微波 | D60: 起司馬鈴薯 | F60: =VLOOKUP(D60,廠價表!$C$1:$E$43,3,0) -> 28.26 | G60: 1896 | H60: =F60*G60 -> 53580.96 | J60: =VLOOKUP(D60,產線配置圖!$A$3:$C$40,2,0) -> 12 | K60: =VLOOKUP(D60,產線配置圖!$A$3:$C$40,3,0) -> 1565 | L60: =K60/J60 -> 130.41667 | M60: 11 | N60: =G60/W60*60 -> 1264 | O60: =N60/M60 -> 114.90909 | P60: =M60-J60 -> -1 | Q60: =O60-L60 -> -15.507576 | R60: =O60/L60 -> 0.88109207 | T60: 0.45833333 | U60: 0.52083333 | V60: =(T60-U59)*24*60 -> 10 | W60: =(U60-T60)*24*60 -> 90 | AF60: =N60-K60 -> -301 | AG60: =N60/K60 -> 0.80766773
W61: =(U61-T61)*24*60 -> 0 | AF61: =N61-K61 -> 0 | AG61: =N61/K61 -> #DIV/0!
W62: =(U62-T62)*24*60 -> 0 | AF62: =N62-K62 -> 0 | AG62: =N62/K62 -> #DIV/0!
W63: =(U63-T63)*24*60 -> 0
W64: =(U64-T64)*24*60 -> 0
W65: =(U65-T65)*24*60 -> 0
W66: =(U66-T66)*24*60 -> 0
W67: =(U67-T67)*24*60 -> 0
H68: =F68*G68 -> 0 | W68: =(U68-T68)*24*60 -> 0
C69: 4度三組 | D69: 平均 | J69: =AVERAGE(J59:J68) -> 13.5 | K69: =AVERAGE(K59:K68) -> 1565 | L69: =AVERAGE(L59:L68) -> 117.375 | M69: =AVERAGE(M59:M68) -> 12.5 | N69: =AVERAGE(N59:N68) -> 1226.6522 | O69: =AVERAGE(O59:O68) -> 99.929701 | P69: =M69-J69 -> -1 | Q69: =N69-K69 -> -338.34783 | R69: =O69/L69 -> 0.85137125 | Z69: =SUM(Z59:Z68) -> 0 | AA69: =SUM(AA59:AA68) -> 0 | AD69: =SUM(AD59:AD68) -> 0 | AE69: =SUM(AE59:AE68) -> 0 | AF69: =N69-K69 -> -338.34783 | AG69: =N69/K69 -> 0.78380331
A70: 調理包二線 (手工) | S70: =R79 -> 0 | W70: =(U70-T70)*24*60 -> 0 | AF70: =N70-K70 -> 0 | AG70: =N70/K70 -> #DIV/0! | AH70: =AG79 -> #DIV/0!
W71: =(U71-T71)*24*60 -> 0 | AF71: -300.3125 | AG71: 0.80810703
W72: =(U72-T72)*24*60 -> 0 | AF72: -130.33333 | AG72: 0.91671991
W73: =(U73-T73)*24*60 -> 0
W74: =(U74-T74)*24*60 -> 0
W75: =(U75-T75)*24*60 -> 0
W76: =(U76-T76)*24*60 -> 0
W77: =(U77-T77)*24*60 -> 0
W78: =(U78-T78)*24*60 -> 0
Z79: =SUM(Z70:Z78) -> 0 | AA79: =SUM(AA70:AA78) -> 0 | AD79: =SUM(AD70:AD78) -> 0 | AE79: =SUM(AE70:AE78) -> 0 | AF79: =N79-K79 -> 0 | AG79: =N79/K79 -> #DIV/0!
AJ80: 1.當日出勤人數較多
AJ81: 2.當日出勤人數較少
AJ82: 3.當日出勤熟手較少
AJ83: 4.當日出勤新人較多
AJ84: 5.機台夾盒
AJ85: 6.封膜不順
AJ86: 7.更換膠膜
AJ87: 8.更換碳帶
AJ88: 9.當日熱轉印碳帶異常
AJ89: 10.訂單量過少
AJ90: 11.新品上市，尚未熟悉
AJ91: 12.商品結構，產能較低
AJ92: 13.區域出貨，分段生產

Sheet 0504總
B1: 長家廠組合室生產人時性分析
B3: 日期 | D3: 46146 | F3: 訂單量 | G3: ='0504'!E1 -> 60075 | I3: 營業額 | J3: ='0504'!G1 -> 2760895.9
B4: 項目 | D4: 3 | F4: ➀ | H4: ➁ | J4: ③ | L4: 異常停線 | N4: 短暫停線
B5: 人時性 | D5: 組合室 | F5: 全溫層 | H5: 義大利麵 | J5: 袋裝小吃、義麵 | L5: 合計次數 | M5: 時間 | N5: 合計次數 | O5: 設備次數
D6: 排關平均 | F6: =AVERAGE(D13:I13) -> 124.77126 | H6: =AVERAGE(D13:H13) -> 126.25052 | J6: =AVERAGE(I13) -> 117.375 | L6: =SUM(D18:J18) -> 1 | M6: =SUM(D19:J19) -> 10 | N6: =SUM(D20:J20) -> 0 | O6: =SUM(D20:J20) -> 0
D7: 實績平均 | F7: =AVERAGE(D14:I14) -> 109.39692 | H7: =AVERAGE(D14:H14) -> 110.85576 | J7: =AVERAGE(I14) -> 102.10273 | L7: =AVERAGE(K14:L14) -> #DIV/0! | M7: =AVERAGE(L14:M14) -> #DIV/0! | N7: =AVERAGE(M14:N14) -> #DIV/0! | O7: =AVERAGE(N14:O14) -> #DIV/0!
D8: 達成率平均 | F8: =F7/F6 -> 0.8767798 | H8: =H7/H6 -> 0.87806186 | J8: =J7/J6 -> 0.86988479 | L8: =AVERAGE(K15:L15) -> #DIV/0! | M8: =AVERAGE(L15:M15) -> #DIV/0! | N8: =AVERAGE(M15:N15) -> #DIV/0! | O8: =AVERAGE(N15:O15) -> #DIV/0!
J9: ※現行日本鮮食廠以達成率80%為基本(即為現行KPI)
B10: 溫層 | D10: 4度C-各編組展開
B11: 編組 | D11: 1 | E11: 2 | F11: 3 | G11: 4 | H11: 5 | I11: 6 | J11: 7
D12: 自動1線 | E12: 自動2線 | F12: 手工3線 | G12: 手工4線 | H12: 手工5線 | I12: 調理包1線 | J12: 調理包2線
B13: 人時性 | C13: 排關 | D13: =VALUE('0504'!L15) -> 150 | E13: =VALUE('0504'!L26) -> 174.23077 | F13: =VALUE('0504'!L37) -> 101.21201 | G13: =VALUE('0504'!L48) -> 105.25098 | H13: =VALUE('0504'!L58) -> 100.55882 | I13: =VALUE('0504'!L69) -> 117.375 | J13: ='0504'!L79 -> 0
C14: 實績 | D14: =VALUE('0504'!O15) -> 140.99756 | E14: =VALUE('0504'!O26) -> 157.39327 | F14: =VALUE('0504'!O37) -> 80.691633 | G14: =VALUE('0504'!O48) -> 86.879218 | H14: =VALUE('0504'!O58) -> 88.317144 | I14: =VALUE('0504'!O69) -> 102.10273 | J14: ='0504'!O79 -> 0
C15: 達成率 | D15: =D14/D13 -> 0.93998371 | E15: =E14/E13 -> 0.90336093 | F15: =F14/F13 -> 0.7972535 | G15: =G14/G13 -> 0.82544806 | H15: =H14/H13 -> 0.8782635 | I15: =I14/I13 -> 0.86988479 | J15: ='0504'!S70 -> 0
B16: 作業 時間 | C16: 開始 | D16: ='0504'!T5 -> 0.29027778 | E16: ='0504'!T16 -> 0.29305556 | F16: ='0504'!T27 -> 0.29166667 | G16: ='0504'!T38 -> 0.33333333 | H16: ='0504'!T49 -> 0.29166667 | I16: ='0504'!T59 -> 0.29166667 | J16: ='0504'!T70 -> 0
C17: 結束 | D17: 0.67222222 | E17: 0.63194444 | F17: 0.62152778 | G17: 0.68055556 | H17: 0.66319444 | I17: 0.50694444 | J17: 0
B18: 產線異常 (5分鐘以上) | C18: 次數 | D18: ='0504'!Z15 -> 0 | E18: ='0504'!Z26 -> 1 | F18: ='0504'!Z37 -> 0 | G18: ='0504'!Z48 -> 0 | H18: ='0504'!Z58 -> 0 | I18: ='0504'!Z69 -> 0 | J18: ='0504'!AA79 -> 0
C19: 時間/分 | D19: ='0504'!AA15 -> 0 | E19: ='0504'!AA26 -> 10 | F19: ='0504'!AA37 -> 0 | G19: ='0504'!AA48 -> 0 | H19: ='0504'!AA58 -> 0 | I19: ='0504'!AA69 -> 0 | J19: ='0504'!AB79 -> 0
B20: 短暫停線 (5分鐘以下) | C20: 次數 | D20: ='0504'!AD15 -> 0 | E20: ='0504'!AD26 -> 0 | F20: ='0504'!AD37 -> 0 | G20: ='0504'!AD48 -> 0 | H20: ='0504'!AD58 -> 0 | I20: ='0504'!AD69 -> 0 | J20: ='0504'!AD79 -> 0
C21: 設備次數 | D21: ='0504'!AE15 -> 0 | E21: ='0504'!AE26 -> 0 | F21: ='0504'!AE37 -> 0 | G21: ='0504'!AE48 -> 0 | H21: ='0504'!AE58 -> 0 | I21: ='0504'!AE69 -> 0 | J21: ='0504'!AE79 -> 0
B22: 配置人數 | D22: =VALUE('0504'!M15) -> 15 | E22: =VALUE('0504'!M26) -> 13 | F22: =VALUE('0504'!M37) -> 15.25 | G22: =VALUE('0504'!M48) -> 16 | H22: =VALUE('0504'!M58) -> 16.5 | I22: =VALUE('0504'!M69) -> 13 | J22: ='0504'!M79 -> 0
B23: 主要應用設備 | D23: ET-600 | E23: ET-600 | F23: ET-55 | G23: ET-55 | H23: ET-55 | I23: 八爪機 | J23: 八爪機
B24: 次要應用設備 | H24: 封口機 | J24: 封口機
B25: 備註

Sheet 0504
A1: 長家廠4度C日報分析 | D1: 總生產量 | E1: =SUM(G5:G79) -> 60075 | F1: 營業額 | G1: =SUM(H5:H79) -> 2760895.9 | H1: 出勤人數 | I1: =M15+M26+M48+M58+M69+M79+M37 -> 88.75 | J1: 產線配置圖 | M1: 生產實績 | P1: 人時性差異分析 | T1: 日報登錄 | Z1: 合計 次數 | AA1: 合計 時間/分 | AB1: 分析說明 | AD1: 合計 次數 | AE1: 合計 設備次數 | AF1: 產能差異分析
A2: 05月04日 星期一 | D2: 人時性 | E2: =AVERAGE(O15,O26,O37,O48,O58,O69,O79) -> 109.39692 | F2: 平均廠價 | G2: =G1/E1 -> 45.957485 | H2: 多次生產數 | I2: =COUNT(I5:I79) -> 0 | Z2: =Z15+Z26+Z37+Z48+Z58+Z69+Z79 -> 1 | AA2: =AA15+AA26+AA37+AA48+AA58+AA69+AA79 -> 10 | AD2: =AD15+AD26+AD37+AD48+AD58+AD69+AD79 -> 0 | AE2: =AE15+AE26+AE37+AE48+AE58+AE69+AE79 -> 0
A3: 線別 | B3: 品類 | D3: 品名 | F3: 廠價 | G3: 生產量 | H3: 營收 | I3: 多次 生產 | J3: 人數 | K3: 產能/時 | L3: 人時性 | M3: 人數 | N3: 產能/時 | O3: 人時性 | P3: 人數 | Q3: 人時性 | R3: 達成率 | S3: 達成率平均 | T3: 生產時間 | V3: 前置、換線時間/分 | W3: 稼動時間/分 | X3: 休息時間 | Z3: 產線異常統計 (5分鐘以上) | AD3: 短暫停線統計 (5分鐘以下) | AF3: 產能/時 | AG3: 達成率 | AH3: 達成率平均
T4: 開始 | U4: 結束 | X4: 開始 | Y4: 結束 | Z4: 次數 | AA4: 時間/分 | AD4: 總次數 | AE4: 設備因素(次數)
A5: 自動一線 (ET-600) | B5: 義大利麵 | D5: 白酒清炒鮮蛤義大利麵 | F5: =VLOOKUP(D5,廠價表!$C$1:$E$43,3,0) -> 56.87 | G5: 2853 | H5: =F5*G5 -> 162250.11 | J5: =VLOOKUP(D5,產線配置圖!$A$3:$C$40,2,0) -> 15 | K5: =VLOOKUP(D5,產線配置圖!$A$3:$C$40,3,0) -> 2250 | L5: =K5/J5 -> 150 | M5: 15 | N5: =G5/W5*60 -> 2139.75 | O5: =N5/M5 -> 142.65 | P5: =M5-J5 -> 0 | Q5: =O5-L5 -> -7.35 | R5: =O5/L5 -> 0.951 | S5: =R15 -> 0.93998371 | T5: 0.29027778 | U5: 0.34583333 | W5: =(U5-T5)*24*60 -> 80 | AF5: =N5-K5 -> -110.25 | AG5: =N5/K5 -> 0.951 | AH5: =AG15 -> 0.93998371
B6: 義大利麵 | D6: 奶油培根義大利麵 | F6: =VLOOKUP(D6,廠價表!$C$1:$E$43,3,0) -> 49.14 | G6: 4111 | H6: =F6*G6 -> 202014.54 | J6: =VLOOKUP(D6,產線配置圖!$A$3:$C$40,2,0) -> 15 | K6: =VLOOKUP(D6,產線配置圖!$A$3:$C$40,3,0) -> 2250 | L6: =K6/J6 -> 150 | M6: 15 | N6: =G6/W6*60 -> 2163.6842 | O6: =N6/M6 -> 144.24561 | P6: =M6-J6 -> 0 | Q6: =O6-L6 -> -5.754386 | R6: =O6/L6 -> 0.96163743 | T6: 0.35138889 | U6: 0.43055556 | V6: =(T6-U5)*24*60 -> 8 | W6: =(U6-T6)*24*60 -> 114 | AF6: =N6-K6 -> -86.315789 | AG6: =N6/K6 -> 0.96163743
B7: 義大利麵 | D7: 香煎魚排佐檸檬奶油義大利麵 | F7: =VLOOKUP(D7,廠價表!$C$1:$E$43,3,0) -> 58.17 | G7: 1996 | H7: =F7*G7 -> 116107.32 | J7: =VLOOKUP(D7,產線配置圖!$A$3:$C$40,2,0) -> 15 | K7: =VLOOKUP(D7,產線配置圖!$A$3:$C$40,3,0) -> 2250 | L7: =K7/J7 -> 150 | M7: 15 | N7: =G7/W7*60 -> 2064.8276 | O7: =N7/M7 -> 137.65517 | P7: =M7-J7 -> 0 | Q7: =O7-L7 -> -12.344828 | R7: =O7/L7 -> 0.91770115 | T7: 0.43611111 | U7: 0.47638889 | V7: =(T7-U6)*24*60 -> 8 | W7: =(U7-T7)*24*60 -> 58 | X7: 0.49305556 | Y7: 0.53472222 | AF7: =N7-K7 -> -185.17241 | AG7: =N7/K7 -> 0.91770115
B8: 義大利麵 | D8: 香煎魚排佐檸檬奶油義大利麵 | F8: =VLOOKUP(D8,廠價表!$C$1:$E$43,3,0) -> 58.17 | G8: 2520 | H8: =F8*G8 -> 146588.4 | J8: =VLOOKUP(D8,產線配置圖!$A$3:$C$40,2,0) -> 15 | K8: =VLOOKUP(D8,產線配置圖!$A$3:$C$40,3,0) -> 2250 | L8: =K8/J8 -> 150 | M8: 15 | N8: =G8/W8*60 -> 2191.3043 | O8: =N8/M8 -> 146.08696 | P8: =M8-J8 -> 0 | Q8: =O8-L8 -> -3.9130435 | R8: =O8/L8 -> 0.97391304 | T8: 0.54166667 | U8: 0.58958333 | V8: =(T8-U7)*24*60 -> 94 | W8: =(U8-T8)*24*60 -> 69 | AF8: =N8-K8 -> -58.695652 | AG8: =N8/K8 -> 0.97391304
B9: 義大利麵 | D9: 奶油培根義大利麵 | F9: =VLOOKUP(D9,廠價表!$C$1:$E$43,3,0) -> 49.14 | G9: 2406 | H9: =F9*G9 -> 118230.84 | J9: =VLOOKUP(D9,產線配置圖!$A$3:$C$40,2,0) -> 15 | K9: =VLOOKUP(D9,產線配置圖!$A$3:$C$40,3,0) -> 2250 | L9: =K9/J9 -> 150 | M9: 15 | N9: =G9/W9*60 -> 2187.2727 | O9: =N9/M9 -> 145.81818 | P9: =M9-J9 -> 0 | Q9: =O9-L9 -> -4.1818182 | R9: =O9/L9 -> 0.97212121 | T9: 0.59652778 | U9: 0.64236111 | V9: =(T9-U8)*24*60 -> 10 | W9: =(U9-T9)*24*60 -> 66 | AF9: =N9-K9 -> -62.727273 | AG9: =N9/K9 -> 0.97212121
B10: 義大利麵 | D10: 白酒清炒鮮蛤義大利麵 | F10: =VLOOKUP(D10,廠價表!$C$1:$E$43,3,0) -> 56.87 | G10: 1101 | H10: =F10*G10 -> 62613.87 | J10: =VLOOKUP(D10,產線配置圖!$A$3:$C$40,2,0) -> 15 | K10: =VLOOKUP(D10,產線配置圖!$A$3:$C$40,3,0) -> 2250 | L10: =K10/J10 -> 150 | M10: 15 | N10: =G10/W10*60 -> 1942.9412 | O10: =N10/M10 -> 129.52941 | P10: =M10-J10 -> 0 | Q10: =O10-L10 -> -20.470588 | R10: =O10/L10 -> 0.86352941 | T10: 0.64861111 | U10: 0.67222222 | V10: =(T10-U9)*24*60 -> 9 | W10: =(U10-T10)*24*60 -> 34 | AF10: =N10-K10 -> -307.05882 | AG10: =N10/K10 -> 0.86352941
W11: =(U11-T11)*24*60 -> 0 | AF11: =N11-K11 -> 0 | AG11: =N11/K11 -> #DIV/0!
W12: =(U12-T12)*24*60 -> 0
W13: =(U13-T13)*24*60 -> 0
W14: =(U14-T14)*24*60 -> 0
C15: 4度一組 | D15: 平均 | J15: =AVERAGE(J5:J14) -> 15 | K15: =AVERAGE(K5:K14) -> 2250 | L15: =AVERAGE(L5:L14) -> 150 | M15: =AVERAGE(M5:M14) -> 15 | N15: =AVERAGE(N5:N14) -> 2114.9633 | O15: =AVERAGE(O5:O14) -> 140.99756 | P15: =M15-J15 -> 0 | Q15: =O15-L15 -> -9.0024439 | R15: =O15/L15 -> 0.93998371 | Z15: =SUM(Z5:Z14) -> 0 | AA15: =SUM(AA5:AA14) -> 0 | AD15: =SUM(AD5:AD14) -> 0 | AE15: =SUM(AE5:AE14) -> 0 | AF15: =N15-K15 -> -135.03666 | AG15: =N15/K15 -> 0.93998371
A16: 自動二線 (ET-600) | B16: 義大利麵 | D16: 青醬蛤蜊義大利麵 | F16: =VLOOKUP(D16,廠價表!$C$1:$E$43,3,0) -> 50.67 | G16: 2037 | H16: =F16*G16 -> 103214.79 | J16: =VLOOKUP(D16,產線配置圖!$A$3:$C$40,2,0) -> 13 | K16: =VLOOKUP(D16,產線配置圖!$A$3:$C$40,3,0) -> 2250 | L16: =K16/J16 -> 173.07692 | M16: 13 | N16: =G16/W16*60 -> 1940 | O16: =N16/M16 -> 149.23077 | P16: =M16-J16 -> 0 | Q16: =O16-L16 -> -23.846154 | R16: =O16/L16 -> 0.86222222 | S16: =R26 -> 0.90336093 | T16: 0.29305556 | U16: 0.33680556 | W16: =(U16-T16)*24*60 -> 63 | AF16: =N16-K16 -> -310 | AG16: =N16/K16 -> 0.86222222 | AH16: =AG26 -> 0.90494632
B17: 義大利麵 | D17: 義式辣味嫩烤雞腿排義大利麵 | F17: =VLOOKUP(D17,廠價表!$C$1:$E$43,3,0) -> 56.61 | G17: 2670 | H17: =F17*G17 -> 151148.7 | J17: =VLOOKUP(D17,產線配置圖!$A$3:$C$40,2,0) -> 15 | K17: =VLOOKUP(D17,產線配置圖!$A$3:$C$40,3,0) -> 2250 | L17: =K17/J17 -> 150 | M17: 15 | N17: =G17/W17*60 -> 2164.8649 | O17: =N17/M17 -> 144.32432 | P17: =M17-J17 -> 0 | Q17: =O17-L17 -> -5.6756757 | R17: =O17/L17 -> 0.96216216 | T17: 0.34444444 | U17: 0.39583333 | V17: =(T17-U16)*24*60 -> 11 | W17: =(U17-T17)*24*60 -> 74 | AF17: =N17-K17 -> -85.135135 | AG17: =N17/K17 -> 0.96216216
B18: 義大利麵 | D18: 義式蕃茄起司義大利麵 | F18: =VLOOKUP(D18,廠價表!$C$1:$E$43,3,0) -> 50.39 | G18: 3516 | H18: =F18*G18 -> 177171.24 | J18: =VLOOKUP(D18,產線配置圖!$A$3:$C$40,2,0) -> 12 | K18: =VLOOKUP(D18,產線配置圖!$A$3:$C$40,3,0) -> 2250 | L18: =K18/J18 -> 187.5 | M18: 12 | N18: =G18/W18*60 -> 1935.4128 | O18: =N18/M18 -> 161.2844 | P18: =M18-J18 -> 0 | Q18: =O18-L18 -> -26.215596 | R18: =O18/L18 -> 0.86018349 | T18: 0.40416667 | U18: 0.47986111 | V18: =(T18-U17)*24*60 -> 12 | W18: =(U18-T18)*24*60 -> 109 | X18: 0.48680556 | Y18: 0.52847222 | Z18: 1 | AA18: 10 | AB18: 10:54-11:04單邊注醬(注醬機漏黑油) | AF18: =N18-K18 -> -314.58716 | AG18: =N18/K18 -> 0.86018349
B19: 義大利麵 | D19: 義式蕃茄起司義大利麵 | F19: =VLOOKUP(D19,廠價表!$C$1:$E$43,3,0) -> 50.39 | G19: 2021 | H19: =F19*G19 -> 101838.19 | J19: =VLOOKUP(D19,產線配置圖!$A$3:$C$40,2,0) -> 12 | K19: =VLOOKUP(D19,產線配置圖!$A$3:$C$40,3,0) -> 2250 | L19: =K19/J19 -> 187.5 | M19: 12 | N19: =G19/W19*60 -> 2127.3684 | O19: =N19/M19 -> 177.2807 | P19: =M19-J19 -> 0 | Q19: =O19-L19 -> -10.219298 | R19: =O19/L19 -> 0.94549708 | T19: 0.54166667 | U19: 0.58125 | V19: =(T19-U18)*24*60 -> 89 | W19: =(U19-T19)*24*60 -> 57 | AF19: =N19-K19 -> -122.63158 | AG19: =N19/K19 -> 0.94549708
B20: 義大利麵 | D20: 青醬蛤蜊義大利麵 | F20: =VLOOKUP(D20,廠價表!$C$1:$E$43,3,0) -> 50.67 | G20: 2013 | H20: =F20*G20 -> 101998.71 | J20: =VLOOKUP(D20,產線配置圖!$A$3:$C$40,2,0) -> 13 | K20: =VLOOKUP(D20,產線配置圖!$A$3:$C$40,3,0) -> 2250 | L20: =K20/J20 -> 173.07692 | M20: 13 | N20: =G20/W20*60 -> 2013 | O20: =N20/M20 -> 154.84615 | P20: =M20-J20 -> 0 | Q20: =O20-L20 -> -18.230769 | R20: =O20/L20 -> 0.89466667 | T20: 0.59027778 | U20: 0.63194444 | V20: =(T20-U19)*24*60 -> 13 | W20: =(U20-T20)*24*60 -> 60
W21: =(U21-T21)*24*60 -> 0
W22: 0
W23: =(U23-T23)*24*60 -> 0
H24: =F24*G24 -> 0 | W24: =(U24-T24)*24*60 -> 0
H25: =F25*G25 -> 0 | W25: =(U25-T25)*24*60 -> 0
C26: 4度二組A | D26: 平均 | J26: =AVERAGE(J16:J25) -> 13 | K26: =AVERAGE(K16:K25) -> 2250 | L26: =AVERAGE(L16:L25) -> 174.23077 | M26: =AVERAGE(M16:M25) -> 13 | N26: =AVERAGE(N16:N25) -> 2036.1292 | O26: =AVERAGE(O16:O25) -> 157.39327 | P26: =M26-J26 -> 0 | Q26: =O26-L26 -> -16.837499 | R26: =O26/L26 -> 0.90336093 | Z26: =SUM(Z16:Z25) -> 1 | AA26: =SUM(AA16:AA25) -> 10 | AD26: =SUM(AD16:AD25) -> 0 | AE26: =SUM(AE16:AE25) -> 0 | AF26: =N26-K26 -> -213.87077 | AG26: =N26/K26 -> 0.90494632
A27: 手工三線 (ET-55) | B27: 義大利麵 | D27: 焗烤起司肉醬筆尖麵 | F27: =VLOOKUP(D27,廠價表!$C$1:$E$43,3,0) -> 50.67 | G27: 1245 | H27: =F27*G27 -> 63084.15 | J27: =VLOOKUP(D27,產線配置圖!$A$3:$C$40,2,0) -> 13 | K27: =VLOOKUP(D27,產線配置圖!$A$3:$C$40,3,0) -> 1440 | L27: =K27/J27 -> 110.76923 | M27: 13 | N27: =G27/W27*60 -> 1185.7143 | O27: =N27/M27 -> 91.208791 | P27: =M27-J27 -> 0 | Q27: =O27-L27 -> -19.56044 | R27: =O27/L27 -> 0.8234127 | S27: =R37 -> 0.7972535 | T27: 0.29166667 | U27: 0.33541667 | W27: =(U27-T27)*24*60 -> 63 | AF27: =N27-K27 -> -254.28571 | AG27: =N27/K27 -> 0.8234127 | AH27: =AG37 -> 0.78724333
B28: 義大利麵 | D28: 黑松露野菇義大利麵 | F28: =VLOOKUP(D28,廠價表!$C$1:$E$43,3,0) -> 50.289 | G28: 3779 | H28: =F28*G28 -> 190042.13 | J28: =VLOOKUP(D28,產線配置圖!$A$3:$C$40,2,0) -> 19 | K28: =VLOOKUP(D28,產線配置圖!$A$3:$C$40,3,0) -> 1565 | L28: =K28/J28 -> 82.368421 | M28: 18 | N28: =G28/W28*60 -> 1365.9036 | O28: =N28/M28 -> 75.883534 | P28: =M28-J28 -> -1 | Q28: =O28-L28 -> -6.4848869 | R28: =O28/L28 -> 0.92126974 | T28: 0.34027778 | U28: 0.45555556 | V28: =(T28-U27)*24*60 -> 7 | W28: =(U28-T28)*24*60 -> 166 | X28: 0.45833333 | Y28: 0.51041667 | AF28: =N28-K28 -> -199.09639 | AG28: =N28/K28 -> 0.87278186
B29: 義大利麵 | D29: 蒜香奶油蝦蝦義大利麵 | F29: =VLOOKUP(D29,廠價表!$C$1:$E$43,3,0) -> 57.21 | G29: 1752 | H29: =F29*G29 -> 100231.92 | J29: =VLOOKUP(D29,產線配置圖!$A$3:$C$40,2,0) -> 17 | K29: =VLOOKUP(D29,產線配置圖!$A$3:$C$40,3,0) -> 1716 | L29: =K29/J29 -> 100.94118 | M29: 17 | N29: =G29/W29*60 -> 1168 | O29: =N29/M29 -> 68.705882 | P29: =M29-J29 -> 0 | Q29: =O29-L29 -> -32.235294 | R29: =O29/L29 -> 0.68065268 | T29: 0.51736111 | U29: 0.57986111 | V29: =(T29-U28)*24*60 -> 89 | W29: =(U29-T29)*24*60 -> 90 | AB29: 13:35-13:55拆膜重封78盒 | AF29: =N29-K29 -> -548 | AG29: =N29/K29 -> 0.68065268
B30: 義大利麵 | D30: 焗烤起司肉醬筆尖麵 | F30: =VLOOKUP(D30,廠價表!$C$1:$E$43,3,0) -> 50.67 | G30: 961 | H30: =F30*G30 -> 48693.87 | J30: =VLOOKUP(D30,產線配置圖!$A$3:$C$40,2,0) -> 13 | K30: =VLOOKUP(D30,產線配置圖!$A$3:$C$40,3,0) -> 1440 | L30: =K30/J30 -> 110.76923 | M30: 13 | N30: =G30/W30*60 -> 1130.5882 | O30: =N30/M30 -> 86.968326 | P30: =M30-J30 -> 0 | Q30: =O30-L30 -> -23.800905 | R30: =O30/L30 -> 0.78513072 | T30: 0.58611111 | U30: 0.62152778 | V30: =(T30-U29)*24*60 -> 9 | W30: =(U30-T30)*24*60 -> 51 | AB30: 生產數量少 | AF30: =N30-K30 -> -309.41176 | AG30: =N30/K30 -> 0.78513072
W31: =(U31-T31)*24*60 -> 0 | AF31: =N31-K31 -> 0 | AG31: =N31/K31 -> #DIV/0!
W32: =(U32-T32)*24*60 -> 0
W33: =(U33-T33)*24*60 -> 0
W34: =(U34-T34)*24*60 -> 0
W35: =(U35-T35)*24*60 -> 0
H36: =F36*G36 -> 0 | W36: =(U36-T36)*24*60 -> 0
C37: 4度二組B | D37: 平均 | J37: =AVERAGE(J27:J36) -> 15.5 | K37: =AVERAGE(K27:K36) -> 1540.25 | L37: =AVERAGE(L27:L36) -> 101.21201 | M37: =AVERAGE(M27:M36) -> 15.25 | N37: =AVERAGE(N27:N36) -> 1212.5515 | O37: =AVERAGE(O27:O36) -> 80.691633 | P37: =M37-J37 -> -0.25 | Q37: =N37-K37 -> -327.69847 | R37: =O37/L37 -> 0.7972535 | Z37: =SUM(Z27:Z36) -> 0 | AA37: =SUM(AA27:AA36) -> 0 | AD37: =SUM(AD27:AD36) -> 0 | AE37: =SUM(AE27:AE36) -> 0 | AF37: =N37-K37 -> -327.69847 | AG37: =N37/K37 -> 0.78724333
A38: 手工四線 (ET-55) | B38: 熱乾麵 | D38: 青花椒麻雞肉拌麵 | F38: =VLOOKUP(D38,廠價表!$C$1:$E$43,3,0) -> 49.91 | G38: 2100 | H38: =F38*G38 -> 104811 | J38: =VLOOKUP(D38,產線配置圖!$A$3:$C$40,2,0) -> 15 | K38: =VLOOKUP(D38,產線配置圖!$A$3:$C$40,3,0) -> 1714 | L38: =K38/J38 -> 114.26667 | M38: 15 | N38: =G38/W38*60 -> 1431.8182 | O38: =N38/M38 -> 95.454545 | P38: =M38-J38 -> 0 | Q38: =O38-L38 -> -18.812121 | R38: =O38/L38 -> 0.8353665 | S38: =R48 -> 0.82544806 | T38: 0.33333333 | U38: 0.39444444 | W38: =(U38-T38)*24*60 -> 88 | AF38: =N38-K38 -> -282.18182 | AG38: =N38/K38 -> 0.8353665 | AH38: =AG48 -> 0.82712105
B39: 熱乾麵 | D39: 府城鹽水意麵 | F39: =VLOOKUP(D39,廠價表!$C$1:$E$43,3,0) -> 44.3 | G39: 3293 | H39: =F39*G39 -> 145879.9 | J39: =VLOOKUP(D39,產線配置圖!$A$3:$C$40,2,0) -> 17 | K39: =VLOOKUP(D39,產線配置圖!$A$3:$C$40,3,0) -> 1636 | L39: =K39/J39 -> 96.235294 | M39: 17 | N39: =G39/W39*60 -> 1335 | O39: =N39/M39 -> 78.529412 | P39: =M39-J39 -> 0 | Q39: =O39-L39 -> -17.705882 | R39: =O39/L39 -> 0.81601467 | T39: 0.39930556 | U39: 0.50208333 | V39: =(T39-U38)*24*60 -> 7 | W39: =(U39-T39)*24*60 -> 148 | X39: 0.50694444 | Y39: 0.54861111 | AF39: =N39-K39 -> -301 | AG39: =N39/K39 -> 0.81601467
B40: 熱乾麵 | D40: 府城鹽水意麵 | F40: =VLOOKUP(D40,廠價表!$C$1:$E$43,3,0) -> 44.3 | G40: 2557 | H40: =F40*G40 -> 113275.1 | J40: =VLOOKUP(D40,產線配置圖!$A$3:$C$40,2,0) -> 17 | K40: =VLOOKUP(D40,產線配置圖!$A$3:$C$40,3,0) -> 1636 | L40: =K40/J40 -> 96.235294 | M40: 17 | N40: =G40/W40*60 -> 1461.1429 | O40: =N40/M40 -> 85.94958 | P40: =M40-J40 -> 0 | Q40: =O40-L40 -> -10.285714 | R40: =O40/L40 -> 0.89311911 | T40: 0.56458333 | U40: 0.6375 | V40: =(T40-U39)*24*60 -> 90 | W40: =(U40-T40)*24*60 -> 105 | AF40: =N40-K40 -> -174.85714 | AG40: =N40/K40 -> 0.89311911
B41: 熱乾麵 | D41: 青花椒麻雞肉拌麵 | F41: =VLOOKUP(D41,廠價表!$C$1:$E$43,3,0) -> 49.91 | G41: 1051 | H41: =F41*G41 -> 52455.41 | J41: =VLOOKUP(D41,產線配置圖!$A$3:$C$40,2,0) -> 15 | K41: =VLOOKUP(D41,產線配置圖!$A$3:$C$40,3,0) -> 1714 | L41: =K41/J41 -> 114.26667 | M41: 15 | N41: =G41/W41*60 -> 1313.75 | O41: =N41/M41 -> 87.583333 | P41: =M41-J41 -> 0 | Q41: =O41-L41 -> -26.683333 | R41: =O41/L41 -> 0.76648191 | T41: 0.64722222 | U41: 0.68055556 | V41: =(T41-U40)*24*60 -> 14 | W41: =(U41-T41)*24*60 -> 48 | AB41: 生產數量少 | AF41: =N41-K41 -> -400.25 | AG41: =N41/K41 -> 0.76648191
W42: =(U42-T42)*24*60 -> 0
W43: =(U43-T43)*24*60 -> 0
W44: =(U44-T44)*24*60 -> 0
W45: =(U45-T45)*24*60 -> 0
W46: =(U46-T46)*24*60 -> 0
H47: =F47*G47 -> 0 | W47: =(U47-T47)*24*60 -> 0
C48: 4度二組C1 | D48: 平均 | J48: =AVERAGE(J38:J47) -> 16 | K48: =AVERAGE(K38:K47) -> 1675 | L48: =AVERAGE(L38:L47) -> 105.25098 | M48: =AVERAGE(M38:M47) -> 16 | N48: =AVERAGE(N38:N47) -> 1385.4278 | O48: =AVERAGE(O38:O47) -> 86.879218 | P48: =M48-J48 -> 0 | Q48: =N48-K48 -> -289.57224 | R48: =O48/L48 -> 0.82544806 | W48: =(U48-T48)*24*60 -> 0 | Z48: =SUM(Z38:Z47) -> 0 | AA48: =SUM(AA38:AA47) -> 0 | AD48: =SUM(AD38:AD47) -> 0 | AE48: =SUM(AE38:AE47) -> 0 | AF48: =N48-K48 -> -289.57224 | AG48: =N48/K48 -> 0.82712105
A49: 手工五線 (ET-55) | B49: 熱乾麵 | D49: 沙茶豬肉炒麵 | F49: =VLOOKUP(D49,廠價表!$C$1:$E$43,3,0) -> 49.52 | G49: 2465 | H49: =F49*G49 -> 122066.8 | J49: =VLOOKUP(D49,產線配置圖!$A$3:$C$40,2,0) -> 17 | K49: =VLOOKUP(D49,產線配置圖!$A$3:$C$40,3,0) -> 1500 | L49: =K49/J49 -> 88.235294 | M49: 17 | N49: =G49/W49*60 -> 1395.283 | O49: =N49/M49 -> 82.075472 | P49: =M49-J49 -> 0 | Q49: =O49-L49 -> -6.1598224 | R49: =O49/L49 -> 0.93018868 | S49: =R58 -> 0.8782635 | T49: 0.29166667 | U49: 0.36527778 | W49: =(U49-T49)*24*60 -> 106 | AF49: =N49-K49 -> -104.71698 | AG49: =N49/K49 -> 0.93018868 | AH49: =AG58 -> 0.87847279
B50: 義大利麵 | D50: 蒜香奶油蝦蝦義大利麵 | F50: =VLOOKUP(D50,廠價表!$C$1:$E$43,3,0) -> 57.21 | G50: 1230 | H50: =F50*G50 -> 70368.3 | J50: =VLOOKUP(D50,產線配置圖!$A$3:$C$40,2,0) -> 17 | K50: =VLOOKUP(D50,產線配置圖!$A$3:$C$40,3,0) -> 1716 | L50: =K50/J50 -> 100.94118 | M50: 17 | N50: =G50/W50*60 -> 1447.0588 | O50: =N50/M50 -> 85.121107 | P50: =M50-J50 -> 0 | Q50: =O50-L50 -> -15.820069 | R50: =O50/L50 -> 0.84327437 | T50: 0.37361111 | U50: 0.40902778 | V50: =(T50-U49)*24*60 -> 12 | W50: =(U50-T50)*24*60 -> 51 | AF50: =N50-K50 -> -268.94118 | AG50: =N50/K50 -> 0.84327437
B51: 義大利麵 | D51: 焗烤起司雙饗筆尖麵 | F51: =VLOOKUP(D51,廠價表!$C$1:$E$43,3,0) -> 49.97 | G51: 2685 | H51: =F51*G51 -> 134169.45 | J51: =VLOOKUP(D51,產線配置圖!$A$3:$C$40,2,0) -> 16 | K51: =VLOOKUP(D51,產線配置圖!$A$3:$C$40,3,0) -> 1800 | L51: =K51/J51 -> 112.5 | M51: 16 | N51: =G51/W51*60 -> 1564.0777 | O51: =N51/M51 -> 97.754854 | P51: =M51-J51 -> 0 | Q51: =O51-L51 -> -14.745146 | R51: =O51/L51 -> 0.86893204 | T51: 0.41388889 | U51: 0.48541667 | V51: =(T51-U50)*24*60 -> 7 | W51: =(U51-T51)*24*60 -> 103 | AF51: =N51-K51 -> -235.92233 | AG51: =N51/K51 -> 0.86893204
B52: 義大利麵 | D52: 焗烤起司雙饗筆尖麵 | G52: 3407 | M52: 16 | T52: 0.57986111 | U52: 0.66319444 | V52: =(T52-U51)*24*60 -> 136 | W52: =(U52-T52)*24*60 -> 120 | X52: 0.47916667 | Y52: 0.52083333 | AF52: =N52-K52 -> 0 | AG52: =N52/K52 -> #DIV/0!
W53: =(U53-T53)*24*60 -> 0 | AF53: =N53-K53 -> 0 | AG53: =N53/K53 -> #DIV/0!
W54: =(U54-T54)*24*60 -> 0
W55: =(U55-T55)*24*60 -> 0
W56: =(U56-T56)*24*60 -> 0
W57: =(U57-T57)*24*60 -> 0
C58: 4度二組C2 | D58: 平均 | J58: =AVERAGE(J49:J57) -> 16.666667 | K58: =AVERAGE(K49:K57) -> 1672 | L58: =AVERAGE(L49:L57) -> 100.55882 | M58: =AVERAGE(M49:M57) -> 16.5 | N58: =AVERAGE(N49:N57) -> 1468.8065 | O58: =AVERAGE(O49:O57) -> 88.317144 | P58: =M58-J58 -> -0.16666667 | Q58: =N58-K58 -> -203.1935 | R58: =O58/L58 -> 0.8782635 | Z58: =SUM(Z49:Z57) -> 0 | AA58: =SUM(AA49:AA57) -> 0 | AD58: =SUM(AD49:AD57) -> 0 | AE58: =SUM(AE49:AE57) -> 0 | AF58: =N58-K58 -> -203.1935 | AG58: =N58/K58 -> 0.87847279
A59: 調理包一線 (八爪機) | B59: 小吃、微波 | D59: 小滷青蔬 | F59: =VLOOKUP(D59,廠價表!$C$1:$E$43,3,0) -> 26.99 | G59: 4383 | H59: =F59*G59 -> 118297.17 | J59: =VLOOKUP(D59,產線配置圖!$A$3:$C$40,2,0) -> 15 | K59: =VLOOKUP(D59,產線配置圖!$A$3:$C$40,3,0) -> 1565 | L59: =K59/J59 -> 104.33333 | M59: 15 | N59: =G59/W59*60 -> 1314.9 | O59: =N59/M59 -> 87.66 | P59: =M59-J59 -> 0 | Q59: =O59-L59 -> -16.673333 | R59: =O59/L59 -> 0.84019169 | S59: =R69 -> 0.86988479 | T59: 0.29166667 | U59: 0.43055556 | W59: =(U59-T59)*24*60 -> 200 | AF59: =N59-K59 -> -250.1 | AG59: =N59/K59 -> 0.84019169 | AH59: =AG69 -> 0.82968051
B60: 小吃、微波 | D60: 起司馬鈴薯 | F60: =VLOOKUP(D60,廠價表!$C$1:$E$43,3,0) -> 28.26 | G60: 1923 | H60: =F60*G60 -> 54343.98 | J60: =VLOOKUP(D60,產線配置圖!$A$3:$C$40,2,0) -> 12 | K60: =VLOOKUP(D60,產線配置圖!$A$3:$C$40,3,0) -> 1565 | L60: =K60/J60 -> 130.41667 | M60: 11 | N60: =G60/W60*60 -> 1282 | O60: =N60/M60 -> 116.54545 | P60: =M60-J60 -> -1 | Q60: =O60-L60 -> -13.871212 | R60: =O60/L60 -> 0.89363927 | T60: 0.44444444 | U60: 0.50694444 | V60: =(T60-U59)*24*60 -> 20 | W60: =(U60-T60)*24*60 -> 90 | AF60: =N60-K60 -> -283 | AG60: =N60/K60 -> 0.81916933
W61: =(U61-T61)*24*60 -> 0 | AF61: =N61-K61 -> 0 | AG61: =N61/K61 -> #DIV/0!
W62: =(U62-T62)*24*60 -> 0 | X62: 0.50347222 | Y62: 0.54513889 | AF62: =N62-K62 -> 0 | AG62: =N62/K62 -> #DIV/0!
W63: =(U63-T63)*24*60 -> 0
W64: =(U64-T64)*24*60 -> 0
W65: =(U65-T65)*24*60 -> 0
W66: =(U66-T66)*24*60 -> 0
W67: =(U67-T67)*24*60 -> 0
H68: =F68*G68 -> 0 | W68: =(U68-T68)*24*60 -> 0
C69: 4度三組 | D69: 平均 | J69: =AVERAGE(J59:J68) -> 13.5 | K69: =AVERAGE(K59:K68) -> 1565 | L69: =AVERAGE(L59:L68) -> 117.375 | M69: =AVERAGE(M59:M68) -> 13 | N69: =AVERAGE(N59:N68) -> 1298.45 | O69: =AVERAGE(O59:O68) -> 102.10273 | P69: =M69-J69 -> -0.5 | Q69: =N69-K69 -> -266.55 | R69: =O69/L69 -> 0.86988479 | Z69: =SUM(Z59:Z68) -> 0 | AA69: =SUM(AA59:AA68) -> 0 | AD69: =SUM(AD59:AD68) -> 0 | AE69: =SUM(AE59:AE68) -> 0 | AF69: =N69-K69 -> -266.55 | AG69: =N69/K69 -> 0.82968051
A70: 調理包二線 (手工) | S70: =R79 -> 0 | W70: =(U70-T70)*24*60 -> 0 | AF70: =N70-K70 -> 0 | AG70: =N70/K70 -> #DIV/0! | AH70: =AG79 -> #DIV/0!
W71: =(U71-T71)*24*60 -> 0 | AF71: -300.3125 | AG71: 0.80810703
W72: =(U72-T72)*24*60 -> 0 | AF72: -130.33333 | AG72: 0.91671991
W73: =(U73-T73)*24*60 -> 0
W74: =(U74-T74)*24*60 -> 0
H75: =F75*G75 -> 0 | W75: =(U75-T75)*24*60 -> 0
H76: =F76*G76 -> 0 | W76: =(U76-T76)*24*60 -> 0
H77: =F77*G77 -> 0 | W77: =(U77-T77)*24*60 -> 0
H78: =F78*G78 -> 0 | W78: =(U78-T78)*24*60 -> 0
C79: 4度四組 | D79: 平均 | Z79: =SUM(Z70:Z78) -> 0 | AA79: =SUM(AA70:AA78) -> 0 | AD79: =SUM(AD70:AD78) -> 0 | AE79: =SUM(AE70:AE78) -> 0 | AF79: =N79-K79 -> 0 | AG79: =N79/K79 -> #DIV/0!
AJ80: 1.當日出勤人數較多
AJ81: 2.當日出勤人數較少
AJ82: 3.當日出勤熟手較少
AJ83: 4.當日出勤新人較多
AJ84: 5.機台夾盒
AJ85: 6.封膜不順
AJ86: 7.更換膠膜
AJ87: 8.更換碳帶
AJ88: 9.當日熱轉印碳帶異常
AJ89: 10.訂單量過少
AJ90: 11.新品上市，尚未熟悉
AJ91: 12.商品結構，產能較低
AJ92: 13.區域出貨，分段生產

Sheet 0505總
B1: 長家廠組合室生產人時性分析
B3: 日期 | D3: 46147 | F3: 訂單量 | G3: ='0505'!E1 -> 69179 | I3: 營業額 | J3: ='0505'!G1 -> 3441087.1
B4: 項目 | D4: 3 | F4: ➀ | H4: ➁ | J4: ③ | L4: 異常停線 | N4: 短暫停線
B5: 人時性 | D5: 組合室 | F5: 全溫層 | H5: 義大利麵 | J5: 袋裝小吃、義麵 | L5: 合計次數 | M5: 時間 | N5: 合計次數 | O5: 設備次數
D6: 排關平均 | F6: =AVERAGE(D13:I13) -> 122.09894 | H6: =AVERAGE(D13:H13) -> 124.09386 | J6: =AVERAGE(I13) -> 112.12436 | L6: =SUM(D18:J18) -> 0 | M6: =SUM(D19:J19) -> 0 | N6: =SUM(D20:J20) -> 1 | O6: =SUM(D20:J20) -> 1
D7: 實績平均 | F7: =AVERAGE(D14:I14) -> 108.55821 | H7: =AVERAGE(D14:H14) -> 110.46792 | J7: =AVERAGE(I14) -> 99.009636 | L7: =AVERAGE(K14:L14) -> #DIV/0! | M7: =AVERAGE(L14:M14) -> #DIV/0! | N7: =AVERAGE(M14:N14) -> #DIV/0! | O7: =AVERAGE(N14:O14) -> #DIV/0!
D8: 達成率平均 | F8: =F7/F6 -> 0.88910031 | H8: =H7/H6 -> 0.89019652 | J8: =J7/J6 -> 0.88303413 | L8: =AVERAGE(K15:L15) -> #DIV/0! | M8: =AVERAGE(L15:M15) -> #DIV/0! | N8: =AVERAGE(M15:N15) -> #DIV/0! | O8: =AVERAGE(N15:O15) -> #DIV/0!
J9: ※現行日本鮮食廠以達成率80%為基本(即為現行KPI)
B10: 溫層 | D10: 4度C-各編組展開
B11: 編組 | D11: 1 | E11: 2 | F11: 3 | G11: 4 | H11: 5 | I11: 6 | J11: 7
D12: 自動1線 | E12: 自動2線 | F12: 手工3線 | G12: 手工4線 | H12: 手工5線 | I12: 調理包1線 | J12: 調理包2線
B13: 人時性 | C13: 排關 | D13: =VALUE('0505'!L15) -> 150 | E13: =VALUE('0505'!L26) -> 169.61538 | F13: =VALUE('0505'!L37) -> 92.058824 | G13: =VALUE('0505'!L48) -> 105.25098 | H13: =VALUE('0505'!L58) -> 103.54412 | I13: =VALUE('0505'!L69) -> 112.12436 | J13: ='0505'!L79 -> 88.55934
C14: 實績 | D14: =VALUE('0505'!O15) -> 136.55592 | E14: =VALUE('0505'!O26) -> 152.27219 | F14: =VALUE('0505'!O37) -> 76.266176 | G14: =VALUE('0505'!O48) -> 91.832679 | H14: =VALUE('0505'!O58) -> 95.412651 | I14: =VALUE('0505'!O69) -> 99.009636 | J14: ='0505'!O79 -> 83.505178
C15: 達成率 | D15: =D14/D13 -> 0.91037281 | E15: =E14/E13 -> 0.89774986 | F15: =F14/F13 -> 0.82845047 | G15: =G14/G13 -> 0.87251139 | H15: =H14/H13 -> 0.92146858 | I15: =I14/I13 -> 0.88303413 | J15: ='0505'!S70 -> 0.9429291
B16: 作業 時間 | C16: 開始 | D16: ='0505'!T5 -> 0.29166667 | E16: ='0505'!T16 -> 0.29236111 | F16: ='0505'!T27 -> 0.33680556 | G16: ='0505'!T38 -> 0.33333333 | H16: ='0505'!T49 -> 0.29097222 | I16: ='0505'!T59 -> 0.29166667 | J16: ='0505'!T70 -> 0.33680556
C17: 結束 | D17: 0.63194444 | E17: 0.64861111 | F17: 0.72222222 | G17: 0.67361111 | H17: 0.61805556 | I17: 0.65972222 | J17: 0.64027778
B18: 產線異常 (5分鐘以上) | C18: 次數 | D18: ='0505'!Z15 -> 0 | E18: ='0505'!Z26 -> 0 | F18: ='0505'!Z37 -> 0 | G18: ='0505'!Z48 -> 0 | H18: ='0505'!Z58 -> 0 | I18: ='0505'!Z69 -> 0 | J18: ='0505'!AA79 -> 0
C19: 時間/分 | D19: ='0505'!AA15 -> 0 | E19: ='0505'!AA26 -> 0 | F19: ='0505'!AA37 -> 0 | G19: ='0505'!AA48 -> 0 | H19: ='0505'!AA58 -> 0 | I19: ='0505'!AA69 -> 0 | J19: ='0505'!AB79 -> 0
B20: 短暫停線 (5分鐘以下) | C20: 次數 | D20: ='0505'!AD15 -> 0 | E20: ='0505'!AD26 -> 0 | F20: ='0505'!AD37 -> 0 | G20: ='0505'!AD48 -> 1 | H20: ='0505'!AD58 -> 0 | I20: ='0505'!AD69 -> 0 | J20: ='0505'!AD79 -> 0
C21: 設備次數 | D21: ='0505'!AE15 -> 0 | E21: ='0505'!AE26 -> 0 | F21: ='0505'!AE37 -> 0 | G21: ='0505'!AE48 -> 1 | H21: ='0505'!AE58 -> 0 | I21: ='0505'!AE69 -> 0 | J21: ='0505'!AE79 -> 0
B22: 配置人數 | D22: =VALUE('0505'!M15) -> 15 | E22: =VALUE('0505'!M26) -> 13.4 | F22: =VALUE('0505'!M37) -> 16 | G22: =VALUE('0505'!M48) -> 14.75 | H22: =VALUE('0505'!M58) -> 15.75 | I22: =VALUE('0505'!M69) -> 12.6 | J22: ='0505'!M79 -> 12.333333
B23: 主要應用設備 | D23: ET-600 | E23: ET-600 | F23: ET-55 | G23: ET-55 | H23: ET-55 | I23: 八爪機 | J23: 八爪機
B24: 次要應用設備 | H24: 封口機 | J24: 封口機
B25: 備註

Sheet 0505
A1: 長家廠4度C日報分析 | D1: 總生產量 | E1: =SUM(G5:G79) -> 69179 | F1: 營業額 | G1: =SUM(H5:H79) -> 3441087.1 | H1: 出勤人數 | I1: =M15+M26+M48+M58+M69+M79+M37 -> 99.833333 | J1: 產線配置圖 | M1: 生產實績 | P1: 人時性差異分析 | T1: 日報登錄 | Z1: 合計 次數 | AA1: 合計 時間/分 | AB1: 分析說明 | AD1: 合計 次數 | AE1: 合計 設備次數 | AF1: 產能差異分析
A2: 12月24日 星期三 | D2: 人時性 | E2: =AVERAGE(O15,O26,O37,O48,O58,O69,O79) -> 104.9792 | F2: 平均廠價 | G2: =G1/E1 -> 49.741788 | H2: 多次生產數 | I2: =COUNT(I5:I79) -> 0 | Z2: =Z15+Z26+Z37+Z48+Z58+Z69+Z79 -> 0 | AA2: =AA15+AA26+AA37+AA48+AA58+AA69+AA79 -> 0 | AD2: =AD15+AD26+AD37+AD48+AD58+AD69+AD79 -> 1 | AE2: =AE15+AE26+AE37+AE48+AE58+AE69+AE79 -> 1
A3: 線別 | B3: 品類 | D3: 品名 | F3: 廠價 | G3: 生產量 | H3: 營收 | I3: 多次 生產 | J3: 人數 | K3: 產能/時 | L3: 人時性 | M3: 人數 | N3: 產能/時 | O3: 人時性 | P3: 人數 | Q3: 人時性 | R3: 達成率 | S3: 達成率平均 | T3: 生產時間 | V3: 前置、換線時間/分 | W3: 稼動時間/分 | X3: 休息時間 | Z3: 產線異常統計 (5分鐘以上) | AD3: 短暫停線統計 (5分鐘以下) | AF3: 產能/時 | AG3: 達成率 | AH3: 達成率平均
T4: 開始 | U4: 結束 | X4: 開始 | Y4: 結束 | Z4: 次數 | AA4: 時間/分 | AD4: 總次數 | AE4: 設備因素(次數)
A5: 自動一線 (ET-600) | B5: 義大利麵 | D5: 白酒清炒鮮蛤義大利麵 | F5: =VLOOKUP(D5,廠價表!$C$1:$E$43,3,0) -> 56.87 | G5: 2188 | H5: =F5*G5 -> 124431.56 | J5: =VLOOKUP(D5,產線配置圖!$A$3:$C$40,2,0) -> 15 | K5: =VLOOKUP(D5,產線配置圖!$A$3:$C$40,3,0) -> 2250 | L5: =K5/J5 -> 150 | M5: 15 | N5: =G5/W5*60 -> 2083.8095 | O5: =N5/M5 -> 138.92063 | P5: =M5-J5 -> 0 | Q5: =O5-L5 -> -11.079365 | R5: =O5/L5 -> 0.92613757 | S5: =R15 -> 0.91037281 | T5: 0.29166667 | U5: 0.33541667 | W5: =(U5-T5)*24*60 -> 63 | AF5: =N5-K5 -> -166.19048 | AG5: =N5/K5 -> 0.92613757 | AH5: =AG15 -> 0.91037281
B6: 義大利麵 | D6: 香煎魚排佐檸檬奶油義大利麵 | F6: =VLOOKUP(D6,廠價表!$C$1:$E$43,3,0) -> 58.17 | G6: 4197 | H6: =F6*G6 -> 244139.49 | J6: =VLOOKUP(D6,產線配置圖!$A$3:$C$40,2,0) -> 15 | K6: =VLOOKUP(D6,產線配置圖!$A$3:$C$40,3,0) -> 2250 | L6: =K6/J6 -> 150 | M6: 15 | N6: =G6/W6*60 -> 2152.3077 | O6: =N6/M6 -> 143.48718 | P6: =M6-J6 -> 0 | Q6: =O6-L6 -> -6.5128205 | R6: =O6/L6 -> 0.9565812 | T6: 0.34305556 | U6: 0.42430556 | V6: =(T6-U5)*24*60 -> 11 | W6: =(U6-T6)*24*60 -> 117 | AF6: =N6-K6 -> -97.692308 | AG6: =N6/K6 -> 0.9565812
B7: 義大利麵 | D7: 奶油培根義大利麵 | F7: =VLOOKUP(D7,廠價表!$C$1:$E$43,3,0) -> 49.14 | G7: 2129 | H7: =F7*G7 -> 104619.06 | J7: =VLOOKUP(D7,產線配置圖!$A$3:$C$40,2,0) -> 15 | K7: =VLOOKUP(D7,產線配置圖!$A$3:$C$40,3,0) -> 2250 | L7: =K7/J7 -> 150 | M7: 15 | N7: =G7/W7*60 -> 1824.8571 | O7: =N7/M7 -> 121.65714 | P7: =M7-J7 -> 0 | Q7: =O7-L7 -> -28.342857 | R7: =O7/L7 -> 0.81104762 | T7: 0.43055556 | U7: 0.47916667 | V7: =(T7-U6)*24*60 -> 9 | W7: =(U7-T7)*24*60 -> 70 | X7: 0.49305556 | Y7: 0.53472222 | AF7: =N7-K7 -> -425.14286 | AG7: =N7/K7 -> 0.81104762
B8: 義大利麵 | D8: 奶油培根義大利麵 | F8: =VLOOKUP(D8,廠價表!$C$1:$E$43,3,0) -> 49.14 | G8: 4478 | H8: =F8*G8 -> 220048.92 | J8: =VLOOKUP(D8,產線配置圖!$A$3:$C$40,2,0) -> 15 | K8: =VLOOKUP(D8,產線配置圖!$A$3:$C$40,3,0) -> 2250 | L8: =K8/J8 -> 150 | M8: 15 | N8: =G8/W8*60 -> 2132.381 | O8: =N8/M8 -> 142.15873 | P8: =M8-J8 -> 0 | Q8: =O8-L8 -> -7.8412698 | R8: =O8/L8 -> 0.94772487 | T8: 0.54444444 | U8: 0.63194444 | V8: =(T8-U7)*24*60 -> 94 | W8: =(U8-T8)*24*60 -> 126 | AF8: =N8-K8 -> -117.61905 | AG8: =N8/K8 -> 0.94772487
W9: =(U9-T9)*24*60 -> 0 | AF9: =N9-K9 -> 0 | AG9: =N9/K9 -> #DIV/0!
W10: =(U10-T10)*24*60 -> 0 | AF10: =N10-K10 -> 0 | AG10: =N10/K10 -> #DIV/0!
W11: =(U11-T11)*24*60 -> 0 | AF11: =N11-K11 -> 0 | AG11: =N11/K11 -> #DIV/0!
W12: =(U12-T12)*24*60 -> 0
W13: =(U13-T13)*24*60 -> 0
W14: =(U14-T14)*24*60 -> 0
C15: 4度一組 | D15: 平均 | J15: =AVERAGE(J5:J14) -> 15 | K15: =AVERAGE(K5:K14) -> 2250 | L15: =AVERAGE(L5:L14) -> 150 | M15: =AVERAGE(M5:M14) -> 15 | N15: =AVERAGE(N5:N14) -> 2048.3388 | O15: =AVERAGE(O5:O14) -> 136.55592 | P15: =M15-J15 -> 0 | Q15: =O15-L15 -> -13.444078 | R15: =O15/L15 -> 0.91037281 | Z15: =SUM(Z5:Z14) -> 0 | AA15: =SUM(AA5:AA14) -> 0 | AD15: =SUM(AD5:AD14) -> 0 | AE15: =SUM(AE5:AE14) -> 0 | AF15: =N15-K15 -> -201.66117 | AG15: =N15/K15 -> 0.91037281
A16: 自動二線 (ET-600) | B16: 義大利麵 | D16: 青醬蛤蜊義大利麵 | F16: =VLOOKUP(D16,廠價表!$C$1:$E$43,3,0) -> 50.67 | G16: 3946 | H16: =F16*G16 -> 199943.82 | J16: =VLOOKUP(D16,產線配置圖!$A$3:$C$40,2,0) -> 13 | K16: =VLOOKUP(D16,產線配置圖!$A$3:$C$40,3,0) -> 2250 | L16: =K16/J16 -> 173.07692 | M16: 13 | N16: =G16/W16*60 -> 2113.9286 | O16: =N16/M16 -> 162.60989 | P16: =M16-J16 -> 0 | Q16: =O16-L16 -> -10.467033 | R16: =O16/L16 -> 0.93952381 | S16: =R26 -> 0.89774986 | T16: 0.29236111 | U16: 0.37013889 | W16: =(U16-T16)*24*60 -> 112 | AF16: =N16-K16 -> -136.07143 | AG16: =N16/K16 -> 0.93952381 | AH16: =AG26 -> 0.89681984
B17: 義大利麵 | D17: 義式辣味嫩烤雞腿排義大利麵 | F17: =VLOOKUP(D17,廠價表!$C$1:$E$43,3,0) -> 56.61 | G17: 2219 | H17: =F17*G17 -> 125617.59 | J17: =VLOOKUP(D17,產線配置圖!$A$3:$C$40,2,0) -> 15 | K17: =VLOOKUP(D17,產線配置圖!$A$3:$C$40,3,0) -> 2250 | L17: =K17/J17 -> 150 | M17: 15 | N17: =G17/W17*60 -> 2113.3333 | O17: =N17/M17 -> 140.88889 | P17: =M17-J17 -> 0 | Q17: =O17-L17 -> -9.1111111 | R17: =O17/L17 -> 0.93925926 | T17: 0.37708333 | U17: 0.42083333 | V17: =(T17-U16)*24*60 -> 10 | W17: =(U17-T17)*24*60 -> 63 | AF17: =N17-K17 -> -136.66667 | AG17: =N17/K17 -> 0.93925926
B18: 義大利麵 | D18: 義式蕃茄起司義大利麵 | F18: =VLOOKUP(D18,廠價表!$C$1:$E$43,3,0) -> 50.39 | G18: 2390 | H18: =F18*G18 -> 120432.1 | J18: =VLOOKUP(D18,產線配置圖!$A$3:$C$40,2,0) -> 12 | K18: =VLOOKUP(D18,產線配置圖!$A$3:$C$40,3,0) -> 2250 | L18: =K18/J18 -> 187.5 | M18: 12 | N18: =G18/W18*60 -> 1937.8378 | O18: =N18/M18 -> 161.48649 | P18: =M18-J18 -> 0 | Q18: =O18-L18 -> -26.013514 | R18: =O18/L18 -> 0.86126126 | T18: 0.42777778 | U18: 0.47916667 | V18: =(T18-U17)*24*60 -> 10 | W18: =(U18-T18)*24*60 -> 74 | X18: 0.49305556 | Y18: 0.53472222 | AF18: =N18-K18 -> -312.16216 | AG18: =N18/K18 -> 0.86126126
B19: 義大利麵 | D19: 義式蕃茄起司義大利麵 | F19: =VLOOKUP(D19,廠價表!$C$1:$E$43,3,0) -> 50.39 | G19: 2990 | H19: =F19*G19 -> 150666.1 | J19: =VLOOKUP(D19,產線配置圖!$A$3:$C$40,2,0) -> 12 | K19: =VLOOKUP(D19,產線配置圖!$A$3:$C$40,3,0) -> 2250 | L19: =K19/J19 -> 187.5 | M19: 12 | N19: =G19/W19*60 -> 2086.0465 | O19: =N19/M19 -> 173.83721 | P19: =M19-J19 -> 0 | Q19: =O19-L19 -> -13.662791 | R19: =O19/L19 -> 0.92713178 | T19: 0.54166667 | U19: 0.60138889 | V19: =(T19-U18)*24*60 -> 90 | W19: =(U19-T19)*24*60 -> 86 | AF19: =N19-K19 -> -163.95349 | AG19: =N19/K19 -> 0.92713178
B20: 義大利麵 | D20: 白酒清炒鮮蛤義大利麵 | F20: =VLOOKUP(D20,廠價表!$C$1:$E$43,3,0) -> 56.87 | G20: 1593 | H20: =F20*G20 -> 90593.91 | J20: =VLOOKUP(D20,產線配置圖!$A$3:$C$40,2,0) -> 15 | K20: =VLOOKUP(D20,產線配置圖!$A$3:$C$40,3,0) -> 2250 | L20: =K20/J20 -> 150 | M20: 15 | N20: =G20/W20*60 -> 1838.0769 | O20: =N20/M20 -> 122.53846 | P20: =M20-J20 -> 0 | Q20: =O20-L20 -> -27.461538 | R20: =O20/L20 -> 0.81692308 | T20: 0.6125 | U20: 0.64861111 | V20: =(T20-U19)*24*60 -> 16 | W20: =(U20-T20)*24*60 -> 52
W21: =(U21-T21)*24*60 -> 0
W22: 0
W23: =(U23-T23)*24*60 -> 0
H24: =F24*G24 -> 0 | W24: =(U24-T24)*24*60 -> 0
H25: =F25*G25 -> 0 | W25: =(U25-T25)*24*60 -> 0
C26: 4度二組A | D26: 平均 | J26: =AVERAGE(J16:J25) -> 13.4 | K26: =AVERAGE(K16:K25) -> 2250 | L26: =AVERAGE(L16:L25) -> 169.61538 | M26: =AVERAGE(M16:M25) -> 13.4 | N26: =AVERAGE(N16:N25) -> 2017.8446 | O26: =AVERAGE(O16:O25) -> 152.27219 | P26: =M26-J26 -> 0 | Q26: =O26-L26 -> -17.343197 | R26: =O26/L26 -> 0.89774986 | Z26: =SUM(Z16:Z25) -> 0 | AA26: =SUM(AA16:AA25) -> 0 | AD26: =SUM(AD16:AD25) -> 0 | AE26: =SUM(AE16:AE25) -> 0 | AF26: =N26-K26 -> -232.15536 | AG26: =N26/K26 -> 0.89681984
A27: 手工三線 (ET-55) | B27: 義大利麵 | D27: 整條德式香腸義大利麵 | F27: =VLOOKUP(D27,廠價表!$C$1:$E$43,3,0) -> 57.21 | G27: 3718 | H27: =F27*G27 -> 212706.78 | J27: =VLOOKUP(D27,產線配置圖!$A$3:$C$40,2,0) -> 17 | K27: =VLOOKUP(D27,產線配置圖!$A$3:$C$40,3,0) -> 1565 | L27: =K27/J27 -> 92.058824 | M27: 15 | N27: =G27/W27*60 -> 991.46667 | O27: =N27/M27 -> 66.097778 | P27: =M27-J27 -> -2 | Q27: =O27-L27 -> -25.961046 | R27: =O27/L27 -> 0.71799503 | S27: =R37 -> 0.82845047 | T27: 0.33680556 | U27: 0.49305556 | W27: =(U27-T27)*24*60 -> 225 | X27: 0.49652778 | Y27: 0.54513889 | AB27: 新品上市、10:16-10:27 休息 | AF27: =N27-K27 -> -573.53333 | AG27: =N27/K27 -> 0.63352503 | AH27: =AG37 -> 0.78621547
B28: 義大利麵 | D28: 整條德式香腸義大利麵 | F28: =VLOOKUP(D28,廠價表!$C$1:$E$43,3,0) -> 57.21 | G28: 6000 | H28: =F28*G28 -> 343260 | J28: =VLOOKUP(D28,產線配置圖!$A$3:$C$40,2,0) -> 17 | K28: =VLOOKUP(D28,產線配置圖!$A$3:$C$40,3,0) -> 1565 | L28: =K28/J28 -> 92.058824 | M28: 17 | N28: =G28/W28*60 -> 1469.3878 | O28: =N28/M28 -> 86.434574 | P28: =M28-J28 -> 0 | Q28: =O28-L28 -> -5.6242497 | R28: =O28/L28 -> 0.93890591 | T28: 0.55208333 | U28: 0.72222222 | V28: =(T28-U27)*24*60 -> 85 | W28: =(U28-T28)*24*60 -> 245 | AB28: 15:00-15:08 休息、半成品回秤 | AF28: =N28-K28 -> -95.612245 | AG28: =N28/K28 -> 0.93890591
W29: =(U29-T29)*24*60 -> 0 | AF29: =N29-K29 -> 0 | AG29: =N29/K29 -> #DIV/0!
W30: =(U30-T30)*24*60 -> 0 | AF30: =N30-K30 -> 0 | AG30: =N30/K30 -> #DIV/0!
W31: =(U31-T31)*24*60 -> 0 | AF31: =N31-K31 -> 0 | AG31: =N31/K31 -> #DIV/0!
W32: =(U32-T32)*24*60 -> 0
W33: =(U33-T33)*24*60 -> 0
W34: =(U34-T34)*24*60 -> 0
W35: =(U35-T35)*24*60 -> 0
H36: =F36*G36 -> 0 | W36: =(U36-T36)*24*60 -> 0
C37: 4度二組B | D37: 平均 | J37: =AVERAGE(J27:J36) -> 17 | K37: =AVERAGE(K27:K36) -> 1565 | L37: =AVERAGE(L27:L36) -> 92.058824 | M37: =AVERAGE(M27:M36) -> 16 | N37: =AVERAGE(N27:N36) -> 1230.4272 | O37: =AVERAGE(O27:O36) -> 76.266176 | P37: =M37-J37 -> -1 | Q37: =N37-K37 -> -334.57279 | R37: =O37/L37 -> 0.82845047 | Z37: =SUM(Z27:Z36) -> 0 | AA37: =SUM(AA27:AA36) -> 0 | AD37: =SUM(AD27:AD36) -> 0 | AE37: =SUM(AE27:AE36) -> 0 | AF37: =N37-K37 -> -334.57279 | AG37: =N37/K37 -> 0.78621547
A38: 手工四線 (ET-55) | B38: 熱乾麵 | D38: 青花椒麻雞肉拌麵 | F38: =VLOOKUP(D38,廠價表!$C$1:$E$43,3,0) -> 49.91 | G38: 2251 | H38: =F38*G38 -> 112347.41 | J38: =VLOOKUP(D38,產線配置圖!$A$3:$C$40,2,0) -> 15 | K38: =VLOOKUP(D38,產線配置圖!$A$3:$C$40,3,0) -> 1714 | L38: =K38/J38 -> 114.26667 | M38: 14 | N38: =G38/W38*60 -> 1500.6667 | O38: =N38/M38 -> 107.19048 | P38: =M38-J38 -> -1 | Q38: =O38-L38 -> -7.0761905 | R38: =O38/L38 -> 0.93807301 | S38: =R48 -> 0.87251139 | T38: 0.33333333 | U38: 0.39583333 | W38: =(U38-T38)*24*60 -> 90 | AF38: =N38-K38 -> -213.33333 | AG38: =N38/K38 -> 0.87553481 | AH38: =AG48 -> 0.80937585
B39: 熱乾麵 | D39: 府城鹽水意麵 | F39: =VLOOKUP(D39,廠價表!$C$1:$E$43,3,0) -> 44.3 | G39: 3302 | H39: =F39*G39 -> 146278.6 | J39: =VLOOKUP(D39,產線配置圖!$A$3:$C$40,2,0) -> 17 | K39: =VLOOKUP(D39,產線配置圖!$A$3:$C$40,3,0) -> 1636 | L39: =K39/J39 -> 96.235294 | M39: 16 | N39: =G39/W39*60 -> 1415.1429 | O39: =N39/M39 -> 88.446429 | P39: =M39-J39 -> -1 | Q39: =O39-L39 -> -7.7888655 | R39: =O39/L39 -> 0.91906436 | T39: 0.40277778 | U39: 0.5 | V39: =(T39-U38)*24*60 -> 10 | W39: =(U39-T39)*24*60 -> 140 | X39: 0.5 | Y39: 0.55208333 | AB39: 11:18-11:20封膜機異常,停線 | AD39: 1 | AE39: 1 | AF39: =N39-K39 -> -220.85714 | AG39: =N39/K39 -> 0.86500175
B40: 熱乾麵 | D40: 府城鹽水意麵 | F40: =VLOOKUP(D40,廠價表!$C$1:$E$43,3,0) -> 44.3 | G40: 2811 | H40: =F40*G40 -> 124527.3 | J40: =VLOOKUP(D40,產線配置圖!$A$3:$C$40,2,0) -> 17 | K40: =VLOOKUP(D40,產線配置圖!$A$3:$C$40,3,0) -> 1636 | L40: =K40/J40 -> 96.235294 | M40: 16 | N40: =G40/W40*60 -> 1466.6087 | O40: =N40/M40 -> 91.663043 | P40: =M40-J40 -> -1 | Q40: =O40-L40 -> -4.5722506 | R40: =O40/L40 -> 0.95248884 | T40: 0.55208333 | U40: 0.63194444 | V40: =(T40-U39)*24*60 -> 75 | W40: =(U40-T40)*24*60 -> 115 | AF40: =N40-K40 -> -169.3913 | AG40: =N40/K40 -> 0.89646008
B41: 熱乾麵 | D41: 青花椒麻雞肉拌麵 | F41: =VLOOKUP(D41,廠價表!$C$1:$E$43,3,0) -> 49.91 | G41: 867 | H41: =F41*G41 -> 43271.97 | J41: =VLOOKUP(D41,產線配置圖!$A$3:$C$40,2,0) -> 15 | K41: =VLOOKUP(D41,產線配置圖!$A$3:$C$40,3,0) -> 1714 | L41: =K41/J41 -> 114.26667 | M41: 13 | N41: =G41/W41*60 -> 1040.4 | O41: =N41/M41 -> 80.030769 | P41: =M41-J41 -> -2 | Q41: =O41-L41 -> -34.235897 | R41: =O41/L41 -> 0.70038596 | T41: 0.63888889 | U41: 0.67361111 | V41: =(T41-U40)*24*60 -> 10 | W41: =(U41-T41)*24*60 -> 50 | AB41: 生產數量少 | AF41: =N41-K41 -> -673.6 | AG41: =N41/K41 -> 0.60700117
W42: =(U42-T42)*24*60 -> 0
W43: =(U43-T43)*24*60 -> 0
W44: =(U44-T44)*24*60 -> 0
W45: =(U45-T45)*24*60 -> 0
W46: =(U46-T46)*24*60 -> 0
H47: =F47*G47 -> 0 | W47: =(U47-T47)*24*60 -> 0
C48: 4度二組C1 | D48: 平均 | J48: =AVERAGE(J38:J47) -> 16 | K48: =AVERAGE(K38:K47) -> 1675 | L48: =AVERAGE(L38:L47) -> 105.25098 | M48: =AVERAGE(M38:M47) -> 14.75 | N48: =AVERAGE(N38:N47) -> 1355.7046 | O48: =AVERAGE(O38:O47) -> 91.832679 | P48: =M48-J48 -> -1.25 | Q48: =N48-K48 -> -319.29545 | R48: =O48/L48 -> 0.87251139 | W48: =(U48-T48)*24*60 -> 0 | Z48: =SUM(Z38:Z47) -> 0 | AA48: =SUM(AA38:AA47) -> 0 | AD48: =SUM(AD38:AD47) -> 1 | AE48: =SUM(AE38:AE47) -> 1 | AF48: =N48-K48 -> -319.29545 | AG48: =N48/K48 -> 0.80937585
A49: 手工五線 (ET-55) | B49: 熱乾麵 | D49: 沙茶豬肉炒麵 | F49: =VLOOKUP(D49,廠價表!$C$1:$E$43,3,0) -> 49.52 | G49: 2336 | H49: =F49*G49 -> 115678.72 | J49: =VLOOKUP(D49,產線配置圖!$A$3:$C$40,2,0) -> 17 | K49: =VLOOKUP(D49,產線配置圖!$A$3:$C$40,3,0) -> 1500 | L49: =K49/J49 -> 88.235294 | M49: 17 | N49: =G49/W49*60 -> 1387.7228 | O49: =N49/M49 -> 81.630751 | P49: =M49-J49 -> 0 | Q49: =O49-L49 -> -6.6045428 | R49: =O49/L49 -> 0.92514851 | S49: =R58 -> 0.92146858 | T49: 0.29097222 | U49: 0.36111111 | W49: =(U49-T49)*24*60 -> 101 | AF49: =N49-K49 -> -112.27723 | AG49: =N49/K49 -> 0.92514851 | AH49: =AG58 -> 0.87934008
B50: 義大利麵 | D50: 焗烤起司雙饗筆尖麵 | F50: =VLOOKUP(D50,廠價表!$C$1:$E$43,3,0) -> 49.97 | G50: 4701 | H50: =F50*G50 -> 234908.97 | J50: =VLOOKUP(D50,產線配置圖!$A$3:$C$40,2,0) -> 16 | K50: =VLOOKUP(D50,產線配置圖!$A$3:$C$40,3,0) -> 1800 | L50: =K50/J50 -> 112.5 | M50: 16 | N50: =G50/W50*60 -> 1688.982 | O50: =N50/M50 -> 105.56138 | P50: =M50-J50 -> 0 | Q50: =O50-L50 -> -6.9386228 | R50: =O50/L50 -> 0.93832335 | T50: 0.36666667 | U50: 0.48263889 | V50: =(T50-U49)*24*60 -> 8 | W50: =(U50-T50)*24*60 -> 167 | X50: 0.48611111 | Y50: 0.53472222 | AF50: =N50-K50 -> -111.01796 | AG50: =N50/K50 -> 0.93832335
B51: 義大利麵 | D51: 焗烤起司雙饗筆尖麵 | F51: =VLOOKUP(D51,廠價表!$C$1:$E$43,3,0) -> 49.97 | G51: 1567 | H51: =F51*G51 -> 78302.99 | J51: =VLOOKUP(D51,產線配置圖!$A$3:$C$40,2,0) -> 16 | K51: =VLOOKUP(D51,產線配置圖!$A$3:$C$40,3,0) -> 1800 | L51: =K51/J51 -> 112.5 | M51: 15 | N51: =G51/W51*60 -> 1516.4516 | O51: =N51/M51 -> 101.09677 | P51: =M51-J51 -> -1 | Q51: =O51-L51 -> -11.403226 | R51: =O51/L51 -> 0.89863799 | T51: 0.53819444 | U51: 0.58125 | V51: =(T51-U50)*24*60 -> 80 | W51: =(U51-T51)*24*60 -> 62 | AF51: =N51-K51 -> -283.54839 | AG51: =N51/K51 -> 0.84247312
B52: 義大利麵 | D52: 蒜香奶油蝦蝦義大利麵 | F52: =VLOOKUP(D52,廠價表!$C$1:$E$43,3,0) -> 57.21 | G52: 1097 | H52: =F52*G52 -> 62759.37 | J52: =VLOOKUP(D52,產線配置圖!$A$3:$C$40,2,0) -> 17 | K52: =VLOOKUP(D52,產線配置圖!$A$3:$C$40,3,0) -> 1716 | L52: =K52/J52 -> 100.94118 | M52: 15 | N52: =G52/W52*60 -> 1400.4255 | O52: =N52/M52 -> 93.361702 | P52: =M52-J52 -> -2 | Q52: =O52-L52 -> -7.5794743 | R52: =O52/L52 -> 0.92491197 | T52: 0.58541667 | U52: 0.61805556 | V52: =(T52-U51)*24*60 -> 6 | W52: =(U52-T52)*24*60 -> 47 | AF52: =N52-K52 -> -315.57447 | AG52: =N52/K52 -> 0.81609879
W53: =(U53-T53)*24*60 -> 0 | AF53: =N53-K53 -> 0 | AG53: =N53/K53 -> #DIV/0!
W54: =(U54-T54)*24*60 -> 0
W55: =(U55-T55)*24*60 -> 0
W56: =(U56-T56)*24*60 -> 0
W57: =(U57-T57)*24*60 -> 0
C58: 4度二組C2 | D58: 平均 | J58: =AVERAGE(J49:J57) -> 16.5 | K58: =AVERAGE(K49:K57) -> 1704 | L58: =AVERAGE(L49:L57) -> 103.54412 | M58: =AVERAGE(M49:M57) -> 15.75 | N58: =AVERAGE(N49:N57) -> 1498.3955 | O58: =AVERAGE(O49:O57) -> 95.412651 | P58: =M58-J58 -> -0.75 | Q58: =N58-K58 -> -205.60451 | R58: =O58/L58 -> 0.92146858 | Z58: =SUM(Z49:Z57) -> 0 | AA58: =SUM(AA49:AA57) -> 0 | AD58: =SUM(AD49:AD57) -> 0 | AE58: =SUM(AE49:AE57) -> 0 | AF58: =N58-K58 -> -205.60451 | AG58: =N58/K58 -> 0.87934008
A59: 調理包一線 (八爪機) | B59: 小吃、微波 | D59: 小滷青蔬 | F59: =VLOOKUP(D59,廠價表!$C$1:$E$43,3,0) -> 26.99 | G59: 2657 | H59: =F59*G59 -> 71712.43 | J59: =VLOOKUP(D59,產線配置圖!$A$3:$C$40,2,0) -> 15 | K59: =VLOOKUP(D59,產線配置圖!$A$3:$C$40,3,0) -> 1565 | L59: =K59/J59 -> 104.33333 | M59: 15 | N59: =G59/W59*60 -> 1476.1111 | O59: =N59/M59 -> 98.407407 | P59: =M59-J59 -> 0 | Q59: =O59-L59 -> -5.9259259 | R59: =O59/L59 -> 0.94320199 | S59: =R69 -> 0.88303413 | T59: 0.29166667 | U59: 0.36666667 | W59: =(U59-T59)*24*60 -> 108 | AF59: =N59-K59 -> -88.888889 | AG59: =N59/K59 -> 0.94320199 | AH59: =AG69 -> 0.82140721
B60: 小吃、微波 | D60: 起司馬鈴薯 | F60: =VLOOKUP(D60,廠價表!$C$1:$E$43,3,0) -> 28.26 | G60: 1934 | H60: =F60*G60 -> 54654.84 | J60: =VLOOKUP(D60,產線配置圖!$A$3:$C$40,2,0) -> 12 | K60: =VLOOKUP(D60,產線配置圖!$A$3:$C$40,3,0) -> 1565 | L60: =K60/J60 -> 130.41667 | M60: 11 | N60: =G60/W60*60 -> 1333.7931 | O60: =N60/M60 -> 121.25392 | P60: =M60-J60 -> -1 | Q60: =O60-L60 -> -9.1627482 | R60: =O60/L60 -> 0.92974251 | T60: 0.37361111 | U60: 0.43402778 | V60: =(T60-U59)*24*60 -> 10 | W60: =(U60-T60)*24*60 -> 87 | AF60: =N60-K60 -> -231.2069 | AG60: =N60/K60 -> 0.85226396
B61: 義大利麵 | D61: 焗烤起司肉醬筆尖麵 | F61: =VLOOKUP(D61,廠價表!$C$1:$E$43,3,0) -> 50.67 | G61: 1151 | H61: =F61*G61 -> 58321.17 | J61: =VLOOKUP(D61,產線配置圖!$A$3:$C$40,2,0) -> 13 | K61: =VLOOKUP(D61,產線配置圖!$A$3:$C$40,3,0) -> 1440 | L61: =K61/J61 -> 110.76923 | M61: 11 | N61: =G61/W61*60 -> 986.57143 | O61: =N61/M61 -> 89.688312 | P61: =M61-J61 -> -2 | Q61: =O61-L61 -> -21.080919 | R61: =O61/L61 -> 0.80968615 | T61: 0.44097222 | U61: 0.48958333 | V61: =(T61-U60)*24*60 -> 10 | W61: =(U61-T61)*24*60 -> 70 | X61: 0.51041667 | Y61: 0.55208333 | AB61: 第一日製作此商品，設備不熟悉 | AF61: =N61-K61 -> -453.42857 | AG61: =N61/K61 -> 0.68511905
B62: 義大利麵 | D62: 焗烤起司肉醬筆尖麵 | F62: =VLOOKUP(D62,廠價表!$C$1:$E$43,3,0) -> 50.67 | G62: 874 | H62: =F62*G62 -> 44285.58 | J62: =VLOOKUP(D62,產線配置圖!$A$3:$C$40,2,0) -> 13 | K62: =VLOOKUP(D62,產線配置圖!$A$3:$C$40,3,0) -> 1440 | L62: =K62/J62 -> 110.76923 | M62: 11 | N62: =G62/W62*60 -> 989.43396 | O62: =N62/M62 -> 89.948542 | P62: =M62-J62 -> -2 | Q62: =O62-L62 -> -20.820689 | R62: =O62/L62 -> 0.81203545 | T62: 0.56041667 | U62: 0.59722222 | V62: =(T62-U61)*24*60 -> 102 | W62: =(U62-T62)*24*60 -> 53 | AB62: 第一日製作此商品，設備不熟悉 | AF62: =N62-K62 -> -450.56604 | AG62: =N62/K62 -> 0.68710692
B63: 小吃、微波 | D63: 小滷青蔬 | F63: =VLOOKUP(D63,廠價表!$C$1:$E$43,3,0) -> 26.99 | G63: 1915 | H63: =F63*G63 -> 51685.85 | J63: =VLOOKUP(D63,產線配置圖!$A$3:$C$40,2,0) -> 15 | K63: =VLOOKUP(D63,產線配置圖!$A$3:$C$40,3,0) -> 1565 | L63: =K63/J63 -> 104.33333 | M63: 15 | N63: =G63/W63*60 -> 1436.25 | O63: =N63/M63 -> 95.75 | P63: =M63-J63 -> 0 | Q63: =O63-L63 -> -8.5833333 | R63: =O63/L63 -> 0.91773163 | T63: 0.60416667 | U63: 0.65972222 | V63: =(T63-U62)*24*60 -> 10 | W63: =(U63-T63)*24*60 -> 80
W64: =(U64-T64)*24*60 -> 0
W65: =(U65-T65)*24*60 -> 0
W66: =(U66-T66)*24*60 -> 0
W67: =(U67-T67)*24*60 -> 0
H68: =F68*G68 -> 0 | W68: =(U68-T68)*24*60 -> 0
C69: 4度三組 | D69: 平均 | J69: =AVERAGE(J59:J68) -> 13.6 | K69: =AVERAGE(K59:K68) -> 1515 | L69: =AVERAGE(L59:L68) -> 112.12436 | M69: =AVERAGE(M59:M68) -> 12.6 | N69: =AVERAGE(N59:N68) -> 1244.4319 | O69: =AVERAGE(O59:O68) -> 99.009636 | P69: =M69-J69 -> -1 | Q69: =N69-K69 -> -270.56808 | R69: =O69/L69 -> 0.88303413 | Z69: =SUM(Z59:Z68) -> 0 | AA69: =SUM(AA59:AA68) -> 0 | AD69: =SUM(AD59:AD68) -> 0 | AE69: =SUM(AE59:AE68) -> 0 | AF69: =N69-K69 -> -270.56808 | AG69: =N69/K69 -> 0.82140721
A70: 調理包二線 (手工) | B70: 義大利麵 | D70: 蒜香奶油蝦蝦義大利麵 | F70: =VLOOKUP(D70,廠價表!$C$1:$E$43,3,0) -> 57.21 | G70: 1560 | H70: =F70*G70 -> 89247.6 | J70: =VLOOKUP(D70,產線配置圖!$A$3:$C$40,2,0) -> 17 | K70: =VLOOKUP(D70,產線配置圖!$A$3:$C$40,3,0) -> 1716 | L70: =K70/J70 -> 100.94118 | M70: 11 | N70: =G70/W70*60 -> 1040 | O70: =N70/M70 -> 94.545455 | P70: =M70-J70 -> -6 | Q70: =O70-L70 -> -6.3957219 | R70: =O70/L70 -> 0.93663912 | S70: =R79 -> 0.9429291 | T70: 0.33680556 | U70: 0.39930556 | W70: =(U70-T70)*24*60 -> 90 | AF70: =N70-K70 -> -676 | AG70: =N70/K70 -> 0.60606061 | AH70: =AG79 -> 0.6330192
B71: 義大利麵 | D71: 黑松露野菇義大利麵 | F71: =VLOOKUP(D71,廠價表!$C$1:$E$43,3,0) -> 50.289 | G71: 1998 | H71: =F71*G71 -> 100477.42 | J71: =VLOOKUP(D71,產線配置圖!$A$3:$C$40,2,0) -> 19 | K71: =VLOOKUP(D71,產線配置圖!$A$3:$C$40,3,0) -> 1565 | L71: =K71/J71 -> 82.368421 | M71: 13 | N71: =G71/W71*60 -> 1015.9322 | O71: =N71/M71 -> 78.148631 | P71: =M71-J71 -> -6 | Q71: =O71-L71 -> -4.21979 | R71: =O71/L71 -> 0.94876932 | T71: 0.40763889 | U71: 0.48958333 | V71: =(T71-U70)*24*60 -> 12 | W71: =(U71-T71)*24*60 -> 118 | X71: 0.49305556 | Y71: 0.53472222 | AF71: -300.3125 | AG71: 0.80810703
B72: 義大利麵 | D72: 黑松露野菇義大利麵 | F72: =VLOOKUP(D72,廠價表!$C$1:$E$43,3,0) -> 50.289 | G72: 2310 | H72: =F72*G72 -> 116167.59 | J72: =VLOOKUP(D72,產線配置圖!$A$3:$C$40,2,0) -> 19 | K72: =VLOOKUP(D72,產線配置圖!$A$3:$C$40,3,0) -> 1565 | L72: =K72/J72 -> 82.368421 | M72: 13 | N72: =G72/W72*60 -> 1011.6788 | O72: =N72/M72 -> 77.821449 | P72: =M72-J72 -> -6 | Q72: =O72-L72 -> -4.5469724 | R72: =O72/L72 -> 0.94479714 | T72: 0.54513889 | U72: 0.64027778 | V72: =(T72-U71)*24*60 -> 80 | W72: =(U72-T72)*24*60 -> 137 | AF72: -130.33333 | AG72: 0.91671991
W73: =(U73-T73)*24*60 -> 0
W74: =(U74-T74)*24*60 -> 0
H75: =F75*G75 -> 0 | W75: =(U75-T75)*24*60 -> 0
H76: =F76*G76 -> 0 | W76: =(U76-T76)*24*60 -> 0
H77: =F77*G77 -> 0 | W77: =(U77-T77)*24*60 -> 0
H78: =F78*G78 -> 0 | W78: =(U78-T78)*24*60 -> 0
C79: 4度四組 | D79: 平均 | J79: =AVERAGE(J70:J78) -> 18.333333 | K79: =AVERAGE(K70:K78) -> 1615.3333 | L79: =AVERAGE(L70:L78) -> 88.55934 | M79: =AVERAGE(M70:M78) -> 12.333333 | N79: =AVERAGE(N70:N78) -> 1022.537 | O79: =AVERAGE(O70:O78) -> 83.505178 | P79: =M79-J79 -> -6 | Q79: =N79-K79 -> -592.79632 | R79: =O79/L79 -> 0.9429291 | Z79: =SUM(Z70:Z78) -> 0 | AA79: =SUM(AA70:AA78) -> 0 | AD79: =SUM(AD70:AD78) -> 0 | AE79: =SUM(AE70:AE78) -> 0 | AF79: =N79-K79 -> -592.79632 | AG79: =N79/K79 -> 0.6330192
AJ80: 1.當日出勤人數較多
AJ81: 2.當日出勤人數較少
AJ82: 3.當日出勤熟手較少
AJ83: 4.當日出勤新人較多
AJ84: 5.機台夾盒
AJ85: 6.封膜不順
AJ86: 7.更換膠膜
AJ87: 8.更換碳帶
AJ88: 9.當日熱轉印碳帶異常
AJ89: 10.訂單量過少
AJ90: 11.新品上市，尚未熟悉
AJ91: 12.商品結構，產能較低
AJ92: 13.區域出貨，分段生產

Sheet 0506總
B1: 長家廠組合室生產人時性分析
B3: 日期 | D3: 46148 | F3: 訂單量 | G3: ='0506'!E1 -> 59191 | I3: 營業額 | J3: ='0506'!G1 -> 2918279.2
B4: 項目 | D4: 3 | F4: ➀ | H4: ➁ | J4: ③ | L4: 異常停線 | N4: 短暫停線
B5: 人時性 | D5: 組合室 | F5: 全溫層 | H5: 義大利麵 | J5: 袋裝小吃、義麵 | L5: 合計次數 | M5: 時間 | N5: 合計次數 | O5: 設備次數
D6: 排關平均 | F6: =AVERAGE(D13:I13) -> 120.89749 | H6: =AVERAGE(D13:H13) -> 122.65212 | J6: =AVERAGE(I13) -> 112.12436 | L6: =SUM(D18:J18) -> 4 | M6: =SUM(D19:J19) -> 71 | N6: =SUM(D20:J20) -> 0 | O6: =SUM(D20:J20) -> 0
D7: 實績平均 | F7: =AVERAGE(D14:I14) -> 91.374913 | H7: =AVERAGE(D14:H14) -> 91.624877 | J7: =AVERAGE(I14) -> 90.125094 | L7: =AVERAGE(K14:L14) -> #DIV/0! | M7: =AVERAGE(L14:M14) -> #DIV/0! | N7: =AVERAGE(M14:N14) -> #DIV/0! | O7: =AVERAGE(N14:O14) -> #DIV/0!
D8: 達成率平均 | F8: =F7/F6 -> 0.75580488 | H8: =H7/H6 -> 0.74703054 | J8: =J7/J6 -> 0.80379584 | L8: =AVERAGE(K15:L15) -> #DIV/0! | M8: =AVERAGE(L15:M15) -> #DIV/0! | N8: =AVERAGE(M15:N15) -> #DIV/0! | O8: =AVERAGE(N15:O15) -> #DIV/0!
J9: ※現行日本鮮食廠以達成率80%為基本(即為現行KPI)
B10: 溫層 | D10: 4度C-各編組展開
B11: 編組 | D11: 1 | E11: 2 | F11: 3 | G11: 4 | H11: 5 | I11: 6 | J11: 7
D12: 自動1線 | E12: 自動2線 | F12: 手工3線 | G12: 手工4線 | H12: 手工5線 | I12: 調理包1線 | J12: 調理包2線
B13: 人時性 | C13: 排關 | D13: =VALUE('0506'!L15) -> 150 | E13: =VALUE('0506'!L26) -> 166.34615 | F13: =VALUE('0506'!L37) -> 99.596078 | G13: =VALUE('0506'!L48) -> 101.72392 | H13: =VALUE('0506'!L58) -> 95.594427 | I13: =VALUE('0506'!L69) -> 112.12436 | J13: ='0506'!L79 -> 0
C14: 實績 | D14: =VALUE('0506'!O15) -> 71.122278 | E14: =VALUE('0506'!O26) -> 145.50176 | F14: =VALUE('0506'!O37) -> 65.696329 | G14: =VALUE('0506'!O48) -> 88.029465 | H14: =VALUE('0506'!O58) -> 87.774547 | I14: =VALUE('0506'!O69) -> 90.125094 | J14: ='0506'!O79 -> 0
C15: 達成率 | D15: =D14/D13 -> 0.47414852 | E15: =E14/E13 -> 0.87469268 | F15: =F14/F13 -> 0.65962767 | G15: =G14/G13 -> 0.86537624 | H15: =H14/H13 -> 0.91819732 | I15: =I14/I13 -> 0.80379584 | J15: ='0506'!S70 -> 0
B16: 作業 時間 | C16: 開始 | D16: ='0506'!T5 -> 0.29166667 | E16: ='0506'!T16 -> 0.29097222 | F16: ='0506'!T27 -> 0.33333333 | G16: ='0506'!T38 -> 0.33333333 | H16: ='0506'!T49 -> 0.29166667 | I16: ='0506'!T59 -> 0.29166667 | J16: ='0506'!T70 -> 0
C17: 結束 | D17: 0.64930556 | E17: 0.65208333 | F17: 0.72222222 | G17: 0.68055556 | H17: 0.69652778 | I17: 0.63194444 | J17: 0.64027778
B18: 產線異常 (5分鐘以上) | C18: 次數 | D18: ='0506'!Z15 -> 0 | E18: ='0506'!Z26 -> 0 | F18: ='0506'!Z37 -> 1 | G18: ='0506'!Z48 -> 2 | H18: ='0506'!Z58 -> 1 | I18: ='0506'!Z69 -> 0 | J18: ='0506'!AA79 -> 0
C19: 時間/分 | D19: ='0506'!AA15 -> 0 | E19: ='0506'!AA26 -> 0 | F19: ='0506'!AA37 -> 30 | G19: ='0506'!AA48 -> 33 | H19: ='0506'!AA58 -> 8 | I19: ='0506'!AA69 -> 0 | J19: ='0506'!AB79 -> 0
B20: 短暫停線 (5分鐘以下) | C20: 次數 | D20: ='0506'!AD15 -> 0 | E20: ='0506'!AD26 -> 0 | F20: ='0506'!AD37 -> 0 | G20: ='0506'!AD48 -> 0 | H20: ='0506'!AD58 -> 0 | I20: ='0506'!AD69 -> 0 | J20: ='0506'!AD79 -> 0
C21: 設備次數 | D21: ='0506'!AE15 -> 0 | E21: ='0506'!AE26 -> 0 | F21: ='0506'!AE37 -> 0 | G21: ='0506'!AE48 -> 0 | H21: ='0506'!AE58 -> 0 | I21: ='0506'!AE69 -> 0 | J21: ='0506'!AE79 -> 0
B22: 配置人數 | D22: =VALUE('0506'!M15) -> 16.333333 | E22: =VALUE('0506'!M26) -> 13.833333 | F22: =VALUE('0506'!M37) -> 16.5 | G22: =VALUE('0506'!M48) -> 16.4 | H22: =VALUE('0506'!M58) -> 16.8 | I22: =VALUE('0506'!M69) -> 13.2 | J22: ='0506'!M79 -> 0
B23: 主要應用設備 | D23: ET-600 | E23: ET-600 | F23: ET-55 | G23: ET-55 | H23: ET-55 | I23: 八爪機 | J23: 八爪機
B24: 次要應用設備 | H24: 封口機 | J24: 封口機
B25: 備註

Sheet 0506
A1: 長家廠4度C日報分析 | D1: 總生產量 | E1: =SUM(G5:G79) -> 59191 | F1: 營業額 | G1: =SUM(H5:H79) -> 2918279.2 | H1: 出勤人數 | I1: =M15+M26+M48+M58+M69+M79+M37 -> 93.066667 | J1: 產線配置圖 | M1: 生產實績 | P1: 人時性差異分析 | T1: 日報登錄 | Z1: 合計 次數 | AA1: 合計 時間/分 | AB1: 分析說明 | AD1: 合計 次數 | AE1: 合計 設備次數 | AF1: 產能差異分析
A2: 05月06日 星期三 | D2: 人時性 | E2: =AVERAGE(O15,O26,O37,O48,O58,O69,O79) -> 91.374913 | F2: 平均廠價 | G2: =G1/E1 -> 49.302753 | H2: 多次生產數 | I2: =COUNT(I5:I79) -> 0 | Z2: =Z15+Z26+Z37+Z48+Z58+Z69+Z79 -> 4 | AA2: =AA15+AA26+AA37+AA48+AA58+AA69+AA79 -> 71 | AD2: =AD15+AD26+AD37+AD48+AD58+AD69+AD79 -> 0 | AE2: =AE15+AE26+AE37+AE48+AE58+AE69+AE79 -> 0
A3: 線別 | B3: 品類 | D3: 品名 | F3: 廠價 | G3: 生產量 | H3: 營收 | I3: 多次 生產 | J3: 人數 | K3: 產能/時 | L3: 人時性 | M3: 人數 | N3: 產能/時 | O3: 人時性 | P3: 人數 | Q3: 人時性 | R3: 達成率 | S3: 達成率平均 | T3: 生產時間 | V3: 前置、換線時間/分 | W3: 稼動時間/分 | X3: 休息時間 | Z3: 產線異常統計 (5分鐘以上) | AD3: 短暫停線統計 (5分鐘以下) | AF3: 產能/時 | AG3: 達成率 | AH3: 達成率平均
T4: 開始 | U4: 結束 | X4: 開始 | Y4: 結束 | Z4: 次數 | AA4: 時間/分 | AD4: 總次數 | AE4: 設備因素(次數)
A5: 自動一線 (ET-600) | B5: 義大利麵 | D5: 白酒清炒鮮蛤義大利麵 | F5: =VLOOKUP(D5,廠價表!$C$1:$E$43,3,0) -> 56.87 | G5: 2043 | H5: =F5*G5 -> 116185.41 | J5: =VLOOKUP(D5,產線配置圖!$A$3:$C$40,2,0) -> 15 | K5: =VLOOKUP(D5,產線配置圖!$A$3:$C$40,3,0) -> 2250 | L5: =K5/J5 -> 150 | M5: 15 | N5: =G5/W5*60 -> 888.26087 | O5: =N5/M5 -> 59.217391 | P5: =M5-J5 -> 0 | Q5: =O5-L5 -> -90.782609 | R5: =O5/L5 -> 0.39478261 | S5: =R15 -> 0.47414852 | T5: 0.29166667 | U5: 0.3875 | W5: =(U5-T5)*24*60 -> 138 | AB5: 封膜機頻繁異常，無法記錄時間斷點 | AF5: =N5-K5 -> -1361.7391 | AG5: =N5/K5 -> 0.39478261 | AH5: =AG15 -> 0.51982243
B6: 義大利麵 | D6: 奶油培根義大利麵 | F6: =VLOOKUP(D6,廠價表!$C$1:$E$43,3,0) -> 49.14 | G6: 1962 | H6: =F6*G6 -> 96412.68 | J6: =VLOOKUP(D6,產線配置圖!$A$3:$C$40,2,0) -> 15 | K6: =VLOOKUP(D6,產線配置圖!$A$3:$C$40,3,0) -> 2250 | L6: =K6/J6 -> 150 | M6: 17 | N6: =G6/W6*60 -> 1060.5405 | O6: =N6/M6 -> 62.384738 | P6: =M6-J6 -> 2 | Q6: =O6-L6 -> -87.615262 | R6: =O6/L6 -> 0.41589825 | T6: 0.39861111 | U6: 0.47569444 | V6: =(T6-U5)*24*60 -> 16 | W6: =(U6-T6)*24*60 -> 111 | X6: 0.49305556 | Y6: 0.53472222 | AB6: 手抓麵+塗抹機作業 | AF6: =N6-K6 -> -1189.4595 | AG6: =N6/K6 -> 0.47135135
B7: 義大利麵 | D7: 奶油培根義大利麵 | F7: =VLOOKUP(D7,廠價表!$C$1:$E$43,3,0) -> 49.14 | G7: 3770 | H7: =F7*G7 -> 185257.8 | J7: =VLOOKUP(D7,產線配置圖!$A$3:$C$40,2,0) -> 15 | K7: =VLOOKUP(D7,產線配置圖!$A$3:$C$40,3,0) -> 2250 | L7: =K7/J7 -> 150 | M7: 17 | N7: =G7/W7*60 -> 1560 | O7: =N7/M7 -> 91.764706 | P7: =M7-J7 -> 2 | Q7: =O7-L7 -> -58.235294 | R7: =O7/L7 -> 0.61176471 | T7: 0.54861111 | U7: 0.64930556 | V7: =(T7-U6)*24*60 -> 105 | W7: =(U7-T7)*24*60 -> 145 | AB7: 手抓麵+塗抹機作業 | AF7: =N7-K7 -> -690 | AG7: =N7/K7 -> 0.69333333
W8: =(U8-T8)*24*60 -> 0 | AF8: =N8-K8 -> 0 | AG8: =N8/K8 -> #DIV/0!
W9: =(U9-T9)*24*60 -> 0 | AB9: 包裝機故障，手動放入封口機 | AF9: =N9-K9 -> 0 | AG9: =N9/K9 -> #DIV/0!
W10: =(U10-T10)*24*60 -> 0 | AF10: =N10-K10 -> 0 | AG10: =N10/K10 -> #DIV/0!
W11: =(U11-T11)*24*60 -> 0 | AF11: =N11-K11 -> 0 | AG11: =N11/K11 -> #DIV/0!
W12: =(U12-T12)*24*60 -> 0
W13: =(U13-T13)*24*60 -> 0
W14: =(U14-T14)*24*60 -> 0
C15: 4度一組 | D15: 平均 | J15: =AVERAGE(J5:J14) -> 15 | K15: =AVERAGE(K5:K14) -> 2250 | L15: =AVERAGE(L5:L14) -> 150 | M15: =AVERAGE(M5:M14) -> 16.333333 | N15: =AVERAGE(N5:N14) -> 1169.6005 | O15: =AVERAGE(O5:O14) -> 71.122278 | P15: =M15-J15 -> 1.3333333 | Q15: =O15-L15 -> -78.877722 | R15: =O15/L15 -> 0.47414852 | Z15: =SUM(Z5:Z14) -> 0 | AA15: =SUM(AA5:AA14) -> 0 | AD15: =SUM(AD5:AD14) -> 0 | AE15: =SUM(AE5:AE14) -> 0 | AF15: =N15-K15 -> -1080.3995 | AG15: =N15/K15 -> 0.51982243
A16: 自動二線 (ET-600) | B16: 義大利麵 | D16: 青醬蛤蜊義大利麵 | F16: =VLOOKUP(D16,廠價表!$C$1:$E$43,3,0) -> 50.67 | G16: 3301 | H16: =F16*G16 -> 167261.67 | J16: =VLOOKUP(D16,產線配置圖!$A$3:$C$40,2,0) -> 13 | K16: =VLOOKUP(D16,產線配置圖!$A$3:$C$40,3,0) -> 2250 | L16: =K16/J16 -> 173.07692 | M16: 13 | N16: =G16/W16*60 -> 1904.4231 | O16: =N16/M16 -> 146.49408 | P16: =M16-J16 -> 0 | Q16: =O16-L16 -> -26.58284 | R16: =O16/L16 -> 0.84641026 | S16: =R26 -> 0.87469268 | T16: 0.29097222 | U16: 0.36319444 | W16: =(U16-T16)*24*60 -> 104 | AF16: =N16-K16 -> -345.57692 | AG16: =N16/K16 -> 0.84641026 | AH16: =AG26 -> 0.88159172
B17: 義大利麵 | D17: 義式辣味嫩烤雞腿排義大利麵 | F17: =VLOOKUP(D17,廠價表!$C$1:$E$43,3,0) -> 56.61 | G17: 2203 | H17: =F17*G17 -> 124711.83 | J17: =VLOOKUP(D17,產線配置圖!$A$3:$C$40,2,0) -> 15 | K17: =VLOOKUP(D17,產線配置圖!$A$3:$C$40,3,0) -> 2250 | L17: =K17/J17 -> 150 | M17: 15 | N17: =G17/W17*60 -> 2002.7273 | O17: =N17/M17 -> 133.51515 | P17: =M17-J17 -> 0 | Q17: =O17-L17 -> -16.484848 | R17: =O17/L17 -> 0.89010101 | T17: 0.36805556 | U17: 0.41388889 | V17: =(T17-U16)*24*60 -> 7 | W17: =(U17-T17)*24*60 -> 66 | AF17: =N17-K17 -> -247.27273 | AG17: =N17/K17 -> 0.89010101
B18: 義大利麵 | D18: 義式蕃茄起司義大利麵 | F18: =VLOOKUP(D18,廠價表!$C$1:$E$43,3,0) -> 50.39 | G18: 2973 | H18: =F18*G18 -> 149809.47 | J18: =VLOOKUP(D18,產線配置圖!$A$3:$C$40,2,0) -> 12 | K18: =VLOOKUP(D18,產線配置圖!$A$3:$C$40,3,0) -> 2250 | L18: =K18/J18 -> 187.5 | M18: 12 | N18: =G18/W18*60 -> 2149.1566 | O18: =N18/M18 -> 179.09639 | P18: =M18-J18 -> 0 | Q18: =O18-L18 -> -8.4036145 | R18: =O18/L18 -> 0.95518072 | T18: 0.42152778 | U18: 0.47916667 | V18: =(T18-U17)*24*60 -> 11 | W18: =(U18-T18)*24*60 -> 83 | X18: 0.49305556 | Y18: 0.53472222 | AF18: =N18-K18 -> -100.84337 | AG18: =N18/K18 -> 0.95518072
B19: 義大利麵 | D19: 義式蕃茄起司義大利麵 | F19: =VLOOKUP(D19,廠價表!$C$1:$E$43,3,0) -> 50.39 | G19: 1674 | H19: =F19*G19 -> 84352.86 | J19: =VLOOKUP(D19,產線配置圖!$A$3:$C$40,2,0) -> 12 | K19: =VLOOKUP(D19,產線配置圖!$A$3:$C$40,3,0) -> 2250 | L19: =K19/J19 -> 187.5 | M19: 12 | N19: =G19/W19*60 -> 1895.0943 | O19: =N19/M19 -> 157.92453 | P19: =M19-J19 -> 0 | Q19: =O19-L19 -> -29.575472 | R19: =O19/L19 -> 0.84226415 | T19: 0.54166667 | U19: 0.57847222 | V19: =(T19-U18)*24*60 -> 90 | W19: =(U19-T19)*24*60 -> 53 | AF19: =N19-K19 -> -354.90566 | AG19: =N19/K19 -> 0.84226415
B20: 義大利麵 | D20: 白酒清炒鮮蛤義大利麵 | F20: =VLOOKUP(D20,廠價表!$C$1:$E$43,3,0) -> 56.87 | G20: 1274 | H20: =F20*G20 -> 72452.38 | J20: =VLOOKUP(D20,產線配置圖!$A$3:$C$40,2,0) -> 15 | K20: =VLOOKUP(D20,產線配置圖!$A$3:$C$40,3,0) -> 2250 | L20: =K20/J20 -> 150 | M20: 15 | N20: =G20/W20*60 -> 2184 | O20: =N20/M20 -> 145.6 | P20: =M20-J20 -> 0 | Q20: =O20-L20 -> -4.4 | R20: =O20/L20 -> 0.97066667 | T20: 0.5875 | U20: 0.61180556 | V20: =(T20-U19)*24*60 -> 13 | W20: =(U20-T20)*24*60 -> 35
B21: 義大利麵 | D21: 香煎魚排佐檸檬奶油義大利麵 | F21: =VLOOKUP(D21,廠價表!$C$1:$E$43,3,0) -> 58.17 | G21: 1354 | H21: =F21*G21 -> 78762.18 | J21: =VLOOKUP(D21,產線配置圖!$A$3:$C$40,2,0) -> 15 | K21: =VLOOKUP(D21,產線配置圖!$A$3:$C$40,3,0) -> 2250 | L21: =K21/J21 -> 150 | M21: 16 | N21: =G21/W21*60 -> 1766.087 | O21: =N21/M21 -> 110.38043 | P21: =M21-J21 -> 1 | Q21: =O21-L21 -> -39.619565 | R21: =O21/L21 -> 0.73586957 | T21: 0.62013889 | U21: 0.65208333 | V21: =(T21-U20)*24*60 -> 12 | W21: =(U21-T21)*24*60 -> 46 | AB21: 支援製作，香煎魚排手工挖醬
W22: 0
W23: =(U23-T23)*24*60 -> 0
H24: =F24*G24 -> 0 | W24: =(U24-T24)*24*60 -> 0
H25: =F25*G25 -> 0 | W25: =(U25-T25)*24*60 -> 0
C26: 4度二組A | D26: 平均 | J26: =AVERAGE(J16:J25) -> 13.666667 | K26: =AVERAGE(K16:K25) -> 2250 | L26: =AVERAGE(L16:L25) -> 166.34615 | M26: =AVERAGE(M16:M25) -> 13.833333 | N26: =AVERAGE(N16:N25) -> 1983.5814 | O26: =AVERAGE(O16:O25) -> 145.50176 | P26: =M26-J26 -> 0.16666667 | Q26: =O26-L26 -> -20.84439 | R26: =O26/L26 -> 0.87469268 | Z26: =SUM(Z16:Z25) -> 0 | AA26: =SUM(AA16:AA25) -> 0 | AD26: =SUM(AD16:AD25) -> 0 | AE26: =SUM(AE16:AE25) -> 0 | AF26: =N26-K26 -> -266.41862 | AG26: =N26/K26 -> 0.88159172
A27: 手工三線 (ET-55) | B27: 義大利麵 | D27: 整條德式香腸義大利麵 | F27: =VLOOKUP(D27,廠價表!$C$1:$E$43,3,0) -> 57.21 | G27: 2631 | H27: =F27*G27 -> 150519.51 | J27: =VLOOKUP(D27,產線配置圖!$A$3:$C$40,2,0) -> 17 | K27: =VLOOKUP(D27,產線配置圖!$A$3:$C$40,3,0) -> 1565 | L27: =K27/J27 -> 92.058824 | M27: 17 | N27: =G27/W27*60 -> 1360.8621 | O27: =N27/M27 -> 80.05071 | P27: =M27-J27 -> 0 | Q27: =O27-L27 -> -12.008114 | R27: =O27/L27 -> 0.86956043 | S27: =R37 -> 0.65962767 | T27: 0.33333333 | U27: 0.41388889 | W27: =(U27-T27)*24*60 -> 116 | AF27: =N27-K27 -> -204.13793 | AG27: =N27/K27 -> 0.86956043 | AH27: =AG37 -> 0.65710302
B28: 義大利麵 | D28: 香煎魚排佐檸檬奶油義大利麵 | F28: =VLOOKUP(D28,廠價表!$C$1:$E$43,3,0) -> 58.17 | G28: 2291 | H28: =F28*G28 -> 133267.47 | J28: 18 | K28: 1800 | L28: =K28/J28 -> 100 | M28: 17 | N28: =G28/W28*60 -> 904.34211 | O28: =N28/M28 -> 53.196594 | P28: =M28-J28 -> -1 | Q28: =O28-L28 -> -46.803406 | R28: =O28/L28 -> 0.53196594 | T28: 0.38402778 | U28: 0.48958333 | V28: =(T28-U27)*24*60 -> -43 | W28: =(U28-T28)*24*60 -> 152 | X28: 0.49444444 | Y28: 0.53611111 | AB28: 產線合併(緊急狀況應變)，二線使用手工線封口 | AF28: =N28-K28 -> -895.65789 | AG28: =N28/K28 -> 0.50241228
B29: 義大利麵 | D29: 整條德式香腸義大利麵 | F29: =VLOOKUP(D29,廠價表!$C$1:$E$43,3,0) -> 57.21 | G29: 3258 | H29: =F29*G29 -> 186390.18 | J29: =VLOOKUP(D29,產線配置圖!$A$3:$C$40,2,0) -> 17 | K29: =VLOOKUP(D29,產線配置圖!$A$3:$C$40,3,0) -> 1565 | L29: =K29/J29 -> 92.058824 | M29: 17 | N29: =G29/W29*60 -> 1338.9041 | O29: =N29/M29 -> 78.759065 | P29: =M29-J29 -> 0 | Q29: =O29-L29 -> -13.299758 | R29: =O29/L29 -> 0.85552978 | T29: 0.54652778 | U29: 0.64791667 | V29: =(T29-U28)*24*60 -> 82 | W29: =(U29-T29)*24*60 -> 146 | AF29: =N29-K29 -> -226.09589 | AG29: =N29/K29 -> 0.85552978
B30: 熱乾麵 | D30: 青花椒麻雞肉拌麵 | F30: =VLOOKUP(D30,廠價表!$C$1:$E$43,3,0) -> 49.91 | G30: 1206 | H30: =F30*G30 -> 60191.46 | J30: =VLOOKUP(D30,產線配置圖!$A$3:$C$40,2,0) -> 15 | K30: =VLOOKUP(D30,產線配置圖!$A$3:$C$40,3,0) -> 1714 | L30: =K30/J30 -> 114.26667 | M30: 15 | N30: =G30/W30*60 -> 761.68421 | O30: =N30/M30 -> 50.778947 | P30: =M30-J30 -> 0 | Q30: =O30-L30 -> -63.487719 | R30: =O30/L30 -> 0.44438985 | T30: 0.65625 | U30: 0.72222222 | V30: =(T30-U29)*24*60 -> 12 | W30: =(U30-T30)*24*60 -> 95 | Z30: 1 | AA30: 30 | AB30: 15:45-16:15封膜異常，收500盒 | AF30: =N30-K30 -> -952.31579 | AG30: =N30/K30 -> 0.44438985
W31: =(U31-T31)*24*60 -> 0 | AB31: 16:51-17:20補封膜 | AF31: =N31-K31 -> 0 | AG31: =N31/K31 -> #DIV/0!
W32: =(U32-T32)*24*60 -> 0
W33: =(U33-T33)*24*60 -> 0
W34: =(U34-T34)*24*60 -> 0
W35: =(U35-T35)*24*60 -> 0 | AB35: 整條德腸與香煎魚排的封口模具使用不同機台，固時間有所重疊
H36: =F36*G36 -> 0 | W36: =(U36-T36)*24*60 -> 0
C37: 4度二組B | D37: 平均 | J37: =AVERAGE(J27:J36) -> 16.75 | K37: =AVERAGE(K27:K36) -> 1661 | L37: =AVERAGE(L27:L36) -> 99.596078 | M37: =AVERAGE(M27:M36) -> 16.5 | N37: =AVERAGE(N27:N36) -> 1091.4481 | O37: =AVERAGE(O27:O36) -> 65.696329 | P37: =M37-J37 -> -0.25 | Q37: =N37-K37 -> -569.55188 | R37: =O37/L37 -> 0.65962767 | Z37: =SUM(Z27:Z36) -> 1 | AA37: =SUM(AA27:AA36) -> 30 | AD37: =SUM(AD27:AD36) -> 0 | AE37: =SUM(AE27:AE36) -> 0 | AF37: =N37-K37 -> -569.55188 | AG37: =N37/K37 -> 0.65710302
A38: 手工四線 (ET-55) | B38: 熱乾麵 | D38: 青花椒麻雞肉拌麵 | F38: =VLOOKUP(D38,廠價表!$C$1:$E$43,3,0) -> 49.91 | G38: 1643 | H38: =F38*G38 -> 82002.13 | J38: =VLOOKUP(D38,產線配置圖!$A$3:$C$40,2,0) -> 15 | K38: =VLOOKUP(D38,產線配置圖!$A$3:$C$40,3,0) -> 1714 | L38: =K38/J38 -> 114.26667 | M38: 14 | N38: =G38/W38*60 -> 1540.3125 | O38: =N38/M38 -> 110.02232 | P38: =M38-J38 -> -1 | Q38: =O38-L38 -> -4.2443452 | R38: =O38/L38 -> 0.96285579 | S38: =R48 -> 0.86537624 | T38: 0.33333333 | U38: 0.37777778 | W38: =(U38-T38)*24*60 -> 64 | AF38: =N38-K38 -> -173.6875 | AG38: =N38/K38 -> 0.8986654 | AH38: =AG48 -> 0.84965996
B39: 義大利麵 | D39: 蒜香奶油蝦蝦義大利麵 | F39: =VLOOKUP(D39,廠價表!$C$1:$E$43,3,0) -> 57.21 | G39: 1368 | H39: =F39*G39 -> 78263.28 | J39: =VLOOKUP(D39,產線配置圖!$A$3:$C$40,2,0) -> 17 | K39: =VLOOKUP(D39,產線配置圖!$A$3:$C$40,3,0) -> 1716 | L39: =K39/J39 -> 100.94118 | M39: 17 | N39: =G39/W39*60 -> 1243.6364 | O39: =N39/M39 -> 73.15508 | P39: =M39-J39 -> 0 | Q39: =O39-L39 -> -27.786096 | R39: =O39/L39 -> 0.72472982 | T39: 0.38680556 | U39: 0.43263889 | V39: =(T39-U38)*24*60 -> 13 | W39: =(U39-T39)*24*60 -> 66 | Z39: 1 | AA39: 13 | AB39: 09:17-09:30熱轉印異常，收146盒 | AF39: =N39-K39 -> -472.36364 | AG39: =N39/K39 -> 0.72472982
B40: 熱乾麵 | D40: 府城鹽水意麵 | F40: =VLOOKUP(D40,廠價表!$C$1:$E$43,3,0) -> 44.3 | G40: 2144 | H40: =F40*G40 -> 94979.2 | J40: =VLOOKUP(D40,產線配置圖!$A$3:$C$40,2,0) -> 17 | K40: =VLOOKUP(D40,產線配置圖!$A$3:$C$40,3,0) -> 1636 | L40: =K40/J40 -> 96.235294 | M40: 17 | N40: =G40/W40*60 -> 1513.4118 | O40: =N40/M40 -> 89.024221 | P40: =M40-J40 -> 0 | Q40: =O40-L40 -> -7.2110727 | R40: =O40/L40 -> 0.92506832 | T40: 0.44444444 | U40: 0.50347222 | V40: =(T40-U39)*24*60 -> 17 | W40: =(U40-T40)*24*60 -> 85 | X40: 0.51041667 | Y40: 0.55208333 | Z40: 1 | AA40: 20 | AB40: 12:15-12:35封膜異常，收370盒 | AF40: =N40-K40 -> -122.58824 | AG40: =N40/K40 -> 0.92506832
B41: 義大利麵 | D41: 蒜香奶油蝦蝦義大利麵 | F41: =VLOOKUP(D41,廠價表!$C$1:$E$43,3,0) -> 57.21 | G41: 1206 | H41: =F41*G41 -> 68995.26 | J41: =VLOOKUP(D41,產線配置圖!$A$3:$C$40,2,0) -> 17 | K41: =VLOOKUP(D41,產線配置圖!$A$3:$C$40,3,0) -> 1716 | L41: =K41/J41 -> 100.94118 | M41: 17 | N41: =G41/W41*60 -> 1391.5385 | O41: =N41/M41 -> 81.855204 | P41: =M41-J41 -> 0 | Q41: =O41-L41 -> -19.085973 | R41: =O41/L41 -> 0.81091985 | T41: 0.54861111 | U41: 0.58472222 | V41: =(T41-U40)*24*60 -> 65 | W41: =(U41-T41)*24*60 -> 52 | AF41: =N41-K41 -> -324.46154 | AG41: =N41/K41 -> 0.81091985
B42: 熱乾麵 | D42: 府城鹽水意麵 | F42: =VLOOKUP(D42,廠價表!$C$1:$E$43,3,0) -> 44.3 | G42: 3171 | H42: =F42*G42 -> 140475.3 | J42: =VLOOKUP(D42,產線配置圖!$A$3:$C$40,2,0) -> 17 | K42: =VLOOKUP(D42,產線配置圖!$A$3:$C$40,3,0) -> 1636 | L42: =K42/J42 -> 96.235294 | M42: 17 | N42: =G42/W42*60 -> 1463.5385 | O42: =N42/M42 -> 86.090498 | P42: =M42-J42 -> 0 | Q42: =O42-L42 -> -10.144796 | R42: =O42/L42 -> 0.89458341 | T42: 0.59027778 | U42: 0.68055556 | V42: =(T42-U41)*24*60 -> 8 | W42: =(U42-T42)*24*60 -> 130
W43: =(U43-T43)*24*60 -> 0
W44: =(U44-T44)*24*60 -> 0
W45: =(U45-T45)*24*60 -> 0
W46: =(U46-T46)*24*60 -> 0
H47: =F47*G47 -> 0 | W47: =(U47-T47)*24*60 -> 0
C48: 4度二組C1 | D48: 平均 | J48: =AVERAGE(J38:J47) -> 16.6 | K48: =AVERAGE(K38:K47) -> 1683.6 | L48: =AVERAGE(L38:L47) -> 101.72392 | M48: =AVERAGE(M38:M47) -> 16.4 | N48: =AVERAGE(N38:N47) -> 1430.4875 | O48: =AVERAGE(O38:O47) -> 88.029465 | P48: =M48-J48 -> -0.2 | Q48: =N48-K48 -> -253.11249 | R48: =O48/L48 -> 0.86537624 | W48: =(U48-T48)*24*60 -> 0 | Z48: =SUM(Z38:Z47) -> 2 | AA48: =SUM(AA38:AA47) -> 33 | AD48: =SUM(AD38:AD47) -> 0 | AE48: =SUM(AE38:AE47) -> 0 | AF48: =N48-K48 -> -253.11249 | AG48: =N48/K48 -> 0.84965996
A49: 手工五線 (ET-55) | B49: 熱乾麵 | D49: 沙茶豬肉炒麵 | F49: =VLOOKUP(D49,廠價表!$C$1:$E$43,3,0) -> 49.52 | G49: 2167 | H49: =F49*G49 -> 107309.84 | J49: =VLOOKUP(D49,產線配置圖!$A$3:$C$40,2,0) -> 17 | K49: =VLOOKUP(D49,產線配置圖!$A$3:$C$40,3,0) -> 1500 | L49: =K49/J49 -> 88.235294 | M49: 17 | N49: =G49/W49*60 -> 1413.2609 | O49: =N49/M49 -> 83.132992 | P49: =M49-J49 -> 0 | Q49: =O49-L49 -> -5.1023018 | R49: =O49/L49 -> 0.94217391 | S49: =R58 -> 0.91819732 | T49: 0.29166667 | U49: 0.35555556 | W49: =(U49-T49)*24*60 -> 92 | AF49: =N49-K49 -> -86.73913 | AG49: =N49/K49 -> 0.94217391 | AH49: =AG58 -> 0.88610375
B50: 義大利麵 | D50: 焗烤起司雙饗筆尖麵 | F50: =VLOOKUP(D50,廠價表!$C$1:$E$43,3,0) -> 49.97 | G50: 2398 | H50: =F50*G50 -> 119828.06 | J50: =VLOOKUP(D50,產線配置圖!$A$3:$C$40,2,0) -> 16 | K50: =VLOOKUP(D50,產線配置圖!$A$3:$C$40,3,0) -> 1800 | L50: =K50/J50 -> 112.5 | M50: 16 | N50: =G50/W50*60 -> 1598.6667 | O50: =N50/M50 -> 99.916667 | P50: =M50-J50 -> 0 | Q50: =O50-L50 -> -12.583333 | R50: =O50/L50 -> 0.88814815 | T50: 0.36111111 | U50: 0.42361111 | V50: =(T50-U49)*24*60 -> 8 | W50: =(U50-T50)*24*60 -> 90 | Z50: 1 | AA50: 8 | AB50: 08:50-08:58封膜異常，收73盒 | AF50: =N50-K50 -> -201.33333 | AG50: =N50/K50 -> 0.88814815
B51: 義大利麵 | D51: 黑松露野菇義大利麵 | F51: =VLOOKUP(D51,廠價表!$C$1:$E$43,3,0) -> 50.289 | G51: 1900 | H51: =F51*G51 -> 95549.1 | J51: =VLOOKUP(D51,產線配置圖!$A$3:$C$40,2,0) -> 19 | K51: =VLOOKUP(D51,產線配置圖!$A$3:$C$40,3,0) -> 1565 | L51: =K51/J51 -> 82.368421 | M51: 18 | N51: =G51/W51*60 -> 1325.5814 | O51: =N51/M51 -> 73.643411 | P51: =M51-J51 -> -1 | Q51: =O51-L51 -> -8.7250102 | R51: =O51/L51 -> 0.89407336 | T51: 0.42986111 | U51: 0.48958333 | V51: =(T51-U50)*24*60 -> 9 | W51: =(U51-T51)*24*60 -> 86 | X51: 0.49305556 | Y51: 0.54513889 | AF51: =N51-K51 -> -239.4186 | AG51: =N51/K51 -> 0.84701687
B52: 義大利麵 | D52: 黑松露野菇義大利麵 | F52: =VLOOKUP(D52,廠價表!$C$1:$E$43,3,0) -> 50.289 | G52: 2380 | H52: =F52*G52 -> 119687.82 | J52: =VLOOKUP(D52,產線配置圖!$A$3:$C$40,2,0) -> 19 | K52: =VLOOKUP(D52,產線配置圖!$A$3:$C$40,3,0) -> 1565 | L52: =K52/J52 -> 82.368421 | M52: 18 | N52: =G52/W52*60 -> 1334.5794 | O52: =N52/M52 -> 74.143302 | P52: =M52-J52 -> -1 | Q52: =O52-L52 -> -8.2251189 | R52: =O52/L52 -> 0.90014233 | T52: 0.54166667 | U52: 0.61597222 | V52: =(T52-U51)*24*60 -> 75 | W52: =(U52-T52)*24*60 -> 107 | AF52: =N52-K52 -> -230.42056 | AG52: =N52/K52 -> 0.85276641
B53: 義大利麵 | D53: 焗烤起司雙饗筆尖麵 | F53: =VLOOKUP(D53,廠價表!$C$1:$E$43,3,0) -> 49.97 | G53: 2971 | H53: =F53*G53 -> 148460.87 | J53: =VLOOKUP(D53,產線配置圖!$A$3:$C$40,2,0) -> 16 | K53: =VLOOKUP(D53,產線配置圖!$A$3:$C$40,3,0) -> 1800 | L53: =K53/J53 -> 112.5 | M53: 15 | N53: =G53/W53*60 -> 1620.5455 | O53: =N53/M53 -> 108.03636 | P53: =M53-J53 -> -1 | Q53: =O53-L53 -> -4.4636364 | R53: =O53/L53 -> 0.96032323 | T53: 0.62013889 | U53: 0.69652778 | V53: =(T53-U52)*24*60 -> 6 | W53: =(U53-T53)*24*60 -> 110 | AF53: =N53-K53 -> -179.45455 | AG53: =N53/K53 -> 0.90030303
W54: =(U54-T54)*24*60 -> 0
W55: =(U55-T55)*24*60 -> 0
W56: =(U56-T56)*24*60 -> 0
W57: =(U57-T57)*24*60 -> 0
C58: 4度二組C2 | D58: 平均 | J58: =AVERAGE(J49:J57) -> 17.4 | K58: =AVERAGE(K49:K57) -> 1646 | L58: =AVERAGE(L49:L57) -> 95.594427 | M58: =AVERAGE(M49:M57) -> 16.8 | N58: =AVERAGE(N49:N57) -> 1458.5268 | O58: =AVERAGE(O49:O57) -> 87.774547 | P58: =M58-J58 -> -0.6 | Q58: =N58-K58 -> -187.47323 | R58: =O58/L58 -> 0.91819732 | Z58: =SUM(Z49:Z57) -> 1 | AA58: =SUM(AA49:AA57) -> 8 | AD58: =SUM(AD49:AD57) -> 0 | AE58: =SUM(AE49:AE57) -> 0 | AF58: =N58-K58 -> -187.47323 | AG58: =N58/K58 -> 0.88610375
A59: 調理包一線 (八爪機) | B59: 小吃、微波 | D59: 小滷青蔬 | F59: =VLOOKUP(D59,廠價表!$C$1:$E$43,3,0) -> 26.99 | G59: 2463 | H59: =F59*G59 -> 66476.37 | J59: =VLOOKUP(D59,產線配置圖!$A$3:$C$40,2,0) -> 15 | K59: =VLOOKUP(D59,產線配置圖!$A$3:$C$40,3,0) -> 1565 | L59: =K59/J59 -> 104.33333 | M59: 15 | N59: =G59/W59*60 -> 1477.8 | O59: =N59/M59 -> 98.52 | P59: =M59-J59 -> 0 | Q59: =O59-L59 -> -5.8133333 | R59: =O59/L59 -> 0.94428115 | S59: =R69 -> 0.80379584 | T59: 0.29166667 | U59: 0.36111111 | W59: =(U59-T59)*24*60 -> 100 | AF59: =N59-K59 -> -87.2 | AG59: =N59/K59 -> 0.94428115 | AH59: =AG69 -> 0.79189281
B60: 小吃、微波 | D60: 起司馬鈴薯 | F60: =VLOOKUP(D60,廠價表!$C$1:$E$43,3,0) -> 28.26 | G60: 2048 | H60: =F60*G60 -> 57876.48 | J60: =VLOOKUP(D60,產線配置圖!$A$3:$C$40,2,0) -> 12 | K60: =VLOOKUP(D60,產線配置圖!$A$3:$C$40,3,0) -> 1565 | L60: =K60/J60 -> 130.41667 | M60: 12 | N60: =G60/W60*60 -> 1445.6471 | O60: =N60/M60 -> 120.47059 | P60: =M60-J60 -> 0 | Q60: =O60-L60 -> -9.9460784 | R60: =O60/L60 -> 0.92373614 | T60: 0.36805556 | U60: 0.42708333 | V60: =(T60-U59)*24*60 -> 10 | W60: =(U60-T60)*24*60 -> 85 | AF60: =N60-K60 -> -119.35294 | AG60: =N60/K60 -> 0.92373614
B61: 義大利麵 | D61: 焗烤起司肉醬筆尖麵 | F61: =VLOOKUP(D61,廠價表!$C$1:$E$43,3,0) -> 50.67 | G61: 1053 | H61: =F61*G61 -> 53355.51 | J61: =VLOOKUP(D61,產線配置圖!$A$3:$C$40,2,0) -> 13 | K61: =VLOOKUP(D61,產線配置圖!$A$3:$C$40,3,0) -> 1440 | L61: =K61/J61 -> 110.76923 | M61: 12 | N61: =G61/W61*60 -> 717.95455 | O61: =N61/M61 -> 59.829545 | P61: =M61-J61 -> -1 | Q61: =O61-L61 -> -50.939685 | R61: =O61/L61 -> 0.54012784 | T61: 0.43194444 | U61: 0.49305556 | V61: =(T61-U60)*24*60 -> 7 | W61: =(U61-T61)*24*60 -> 88 | X61: 0.50347222 | Y61: 0.54513889 | AB61: 第二日製作此商品，設備不熟悉 | AF61: =N61-K61 -> -722.04545 | AG61: =N61/K61 -> 0.49857955
B62: 義大利麵 | D62: 焗烤起司肉醬筆尖麵 | F62: =VLOOKUP(D62,廠價表!$C$1:$E$43,3,0) -> 50.67 | G62: 689 | H62: =F62*G62 -> 34911.63 | J62: =VLOOKUP(D62,產線配置圖!$A$3:$C$40,2,0) -> 13 | K62: =VLOOKUP(D62,產線配置圖!$A$3:$C$40,3,0) -> 1440 | L62: =K62/J62 -> 110.76923 | M62: 12 | N62: =G62/W62*60 -> 879.57447 | O62: =N62/M62 -> 73.297872 | P62: =M62-J62 -> -1 | Q62: =O62-L62 -> -37.471358 | R62: =O62/L62 -> 0.6617169 | T62: 0.54513889 | U62: 0.57777778 | V62: =(T62-U61)*24*60 -> 75 | W62: =(U62-T62)*24*60 -> 47 | AB62: 第二日製作此商品，設備不熟悉 | AF62: =N62-K62 -> -560.42553 | AG62: =N62/K62 -> 0.6108156
B63: 小吃、微波 | D63: 小滷青蔬 | F63: =VLOOKUP(D63,廠價表!$C$1:$E$43,3,0) -> 26.99 | G63: 1650 | H63: =F63*G63 -> 44533.5 | J63: =VLOOKUP(D63,產線配置圖!$A$3:$C$40,2,0) -> 15 | K63: =VLOOKUP(D63,產線配置圖!$A$3:$C$40,3,0) -> 1565 | L63: =K63/J63 -> 104.33333 | M63: 15 | N63: =G63/W63*60 -> 1477.6119 | O63: =N63/M63 -> 98.507463 | P63: =M63-J63 -> 0 | Q63: =O63-L63 -> -5.8258706 | R63: =O63/L63 -> 0.94416098 | T63: 0.58541667 | U63: 0.63194444 | V63: =(T63-U62)*24*60 -> 11 | W63: =(U63-T63)*24*60 -> 67
W64: =(U64-T64)*24*60 -> 0
W65: =(U65-T65)*24*60 -> 0
W66: =(U66-T66)*24*60 -> 0
W67: =(U67-T67)*24*60 -> 0
H68: =F68*G68 -> 0 | W68: =(U68-T68)*24*60 -> 0
C69: 4度三組 | D69: 平均 | J69: =AVERAGE(J59:J68) -> 13.6 | K69: =AVERAGE(K59:K68) -> 1515 | L69: =AVERAGE(L59:L68) -> 112.12436 | M69: =AVERAGE(M59:M68) -> 13.2 | N69: =AVERAGE(N59:N68) -> 1199.7176 | O69: =AVERAGE(O59:O68) -> 90.125094 | P69: =M69-J69 -> -0.4 | Q69: =N69-K69 -> -315.2824 | R69: =O69/L69 -> 0.80379584 | Z69: =SUM(Z59:Z68) -> 0 | AA69: =SUM(AA59:AA68) -> 0 | AD69: =SUM(AD59:AD68) -> 0 | AE69: =SUM(AE59:AE68) -> 0 | AF69: =N69-K69 -> -315.2824 | AG69: =N69/K69 -> 0.79189281
A70: 調理包二線 (手工) | S70: =R79 -> 0 | W70: =(U70-T70)*24*60 -> 0 | AF70: =N70-K70 -> 0 | AG70: =N70/K70 -> #DIV/0! | AH70: =AG79 -> #DIV/0!
W71: =(U71-T71)*24*60 -> 0 | AF71: -300.3125 | AG71: 0.80810703
W72: =(U72-T72)*24*60 -> 0 | AF72: -130.33333 | AG72: 0.91671991
W73: =(U73-T73)*24*60 -> 0
W74: =(U74-T74)*24*60 -> 0
W75: =(U75-T75)*24*60 -> 0
H76: =F76*G76 -> 0 | W76: =(U76-T76)*24*60 -> 0
H77: =F77*G77 -> 0 | W77: =(U77-T77)*24*60 -> 0
H78: =F78*G78 -> 0 | W78: =(U78-T78)*24*60 -> 0
C79: 4度四組 | D79: 平均 | Z79: =SUM(Z70:Z78) -> 0 | AA79: =SUM(AA70:AA78) -> 0 | AD79: =SUM(AD70:AD78) -> 0 | AE79: =SUM(AE70:AE78) -> 0 | AF79: =N79-K79 -> 0 | AG79: =N79/K79 -> #DIV/0!
AJ80: 1.當日出勤人數較多
AJ81: 2.當日出勤人數較少
AJ82: 3.當日出勤熟手較少
AJ83: 4.當日出勤新人較多
AJ84: 5.機台夾盒
AJ85: 6.封膜不順
AJ86: 7.更換膠膜
AJ87: 8.更換碳帶
AJ88: 9.當日熱轉印碳帶異常
AJ89: 10.訂單量過少
AJ90: 11.新品上市，尚未熟悉
AJ91: 12.商品結構，產能較低
AJ92: 13.區域出貨，分段生產

Sheet 0507總
B1: 長家廠組合室生產人時性分析
B3: 日期 | D3: 46149 | F3: 訂單量 | G3: ='0507'!E1 -> 53355 | I3: 營業額 | J3: ='0507'!G1 -> 2643521
B4: 項目 | D4: 3 | F4: ➀ | H4: ➁ | J4: ③ | L4: 異常停線 | N4: 短暫停線
B5: 人時性 | D5: 組合室 | F5: 全溫層 | H5: 義大利麵 | J5: 袋裝小吃、義麵 | L5: 合計次數 | M5: 時間 | N5: 合計次數 | O5: 設備次數
D6: 排關平均 | F6: =AVERAGE(D13:I13) -> 120.99936 | H6: =AVERAGE(D13:H13) -> 122.3848 | J6: =AVERAGE(I13) -> 114.07212 | L6: =SUM(D18:J18) -> 2 | M6: =SUM(D19:J19) -> 76 | N6: =SUM(D20:J20) -> 2 | O6: =SUM(D20:J20) -> 2
D7: 實績平均 | F7: =AVERAGE(D14:I14) -> 102.44406 | H7: =AVERAGE(D14:H14) -> 103.573 | J7: =AVERAGE(I14) -> 96.799322 | L7: =AVERAGE(K14:L14) -> #DIV/0! | M7: =AVERAGE(L14:M14) -> #DIV/0! | N7: =AVERAGE(M14:N14) -> #DIV/0! | O7: =AVERAGE(N14:O14) -> #DIV/0!
D8: 達成率平均 | F8: =F7/F6 -> 0.84664959 | H8: =H7/H6 -> 0.84628972 | J8: =J7/J6 -> 0.84858006 | L8: =AVERAGE(K15:L15) -> #DIV/0! | M8: =AVERAGE(L15:M15) -> #DIV/0! | N8: =AVERAGE(M15:N15) -> #DIV/0! | O8: =AVERAGE(N15:O15) -> #DIV/0!
J9: ※現行日本鮮食廠以達成率80%為基本(即為現行KPI)
B10: 溫層 | D10: 4度C-各編組展開
B11: 編組 | D11: 1 | E11: 2 | F11: 3 | G11: 4 | H11: 5 | I11: 6 | J11: 7
D12: 自動1線 | E12: 自動2線 | F12: 手工3線 | G12: 手工4線 | H12: 手工5線 | I12: 調理包1線 | J12: 調理包2線
B13: 人時性 | C13: 排關 | D13: =VALUE('0507'!L15) -> 150 | E13: =VALUE('0507'!L26) -> 165.14423 | F13: =VALUE('0507'!L37) -> 99.461438 | G13: =VALUE('0507'!L48) -> 101.72392 | H13: =VALUE('0507'!L58) -> 95.594427 | I13: =VALUE('0507'!L69) -> 114.07212 | J13: ='0507'!L79 -> 0
C14: 實績 | D14: =VALUE('0507'!O15) -> 109.81145 | E14: =VALUE('0507'!O26) -> 153.26061 | F14: =VALUE('0507'!O37) -> 78.412258 | G14: =VALUE('0507'!O48) -> 87.609782 | H14: =VALUE('0507'!O58) -> 88.770906 | I14: =VALUE('0507'!O69) -> 96.799322 | J14: ='0507'!O79 -> 0
C15: 達成率 | D15: =D14/D13 -> 0.73207633 | E15: =E14/E13 -> 0.92804098 | F15: =F14/F13 -> 0.78836843 | G15: =G14/G13 -> 0.86125053 | H15: =H14/H13 -> 0.92862009 | I15: =I14/I13 -> 0.84858006 | J15: ='0507'!S70 -> 0
B16: 作業 時間 | C16: 開始 | D16: ='0507'!T5 -> 0.3125 | E16: ='0507'!T16 -> 0.29097222 | F16: ='0507'!T27 -> 0.33333333 | G16: ='0507'!T38 -> 0.33333333 | H16: ='0507'!T49 -> 0.29166667 | I16: ='0507'!T59 -> 0.28819444 | J16: ='0507'!T70 -> 0
C17: 結束 | D17: 0.62638889 | E17: 0.60902778 | F17: 0.61111111 | G17: 0.65625 | H17: 0.64513889 | I17: 0.58680556 | J17: ='0507'!T71 -> 0
B18: 產線異常 (5分鐘以上) | C18: 次數 | D18: ='0507'!Z15 -> 0 | E18: ='0507'!Z26 -> 0 | F18: ='0507'!Z37 -> 0 | G18: ='0507'!Z48 -> 2 | H18: ='0507'!Z58 -> 0 | I18: ='0507'!Z69 -> 0 | J18: ='0507'!AA79 -> 0
C19: 時間/分 | D19: ='0507'!AA15 -> 0 | E19: ='0507'!AA26 -> 0 | F19: ='0507'!AA37 -> 0 | G19: ='0507'!AA48 -> 76 | H19: ='0507'!AA58 -> 0 | I19: ='0507'!AA69 -> 0 | J19: ='0507'!AB79 -> 0
B20: 短暫停線 (5分鐘以下) | C20: 次數 | D20: ='0507'!AD15 -> 0 | E20: ='0507'!AD26 -> 0 | F20: ='0507'!AD37 -> 1 | G20: ='0507'!AD48 -> 1 | H20: ='0507'!AD58 -> 0 | I20: ='0507'!AD69 -> 0 | J20: ='0507'!AD79 -> 0
C21: 設備次數 | D21: ='0507'!AE15 -> 0 | E21: ='0507'!AE26 -> 0 | F21: ='0507'!AE37 -> 0 | G21: ='0507'!AE48 -> 1 | H21: ='0507'!AE58 -> 0 | I21: ='0507'!AE69 -> 0 | J21: ='0507'!AE79 -> 0
B22: 配置人數 | D22: =VALUE('0507'!M15) -> 15 | E22: =VALUE('0507'!M26) -> 13.75 | F22: =VALUE('0507'!M37) -> 16.333333 | G22: =VALUE('0507'!M48) -> 15.6 | H22: =VALUE('0507'!M58) -> 17 | I22: =VALUE('0507'!M69) -> 12.75 | J22: ='0507'!M79 -> 0
B23: 主要應用設備 | D23: ET-600 | E23: ET-600 | F23: ET-55 | G23: ET-55 | H23: ET-55 | I23: 八爪機 | J23: 八爪機
B24: 次要應用設備 | H24: 封口機 | J24: 封口機
B25: 備註

Sheet 0507
A1: 長家廠4度C日報分析 | D1: 總生產量 | E1: =SUM(G5:G79) -> 53355 | F1: 營業額 | G1: =SUM(H5:H79) -> 2643521 | H1: 出勤人數 | I1: =M15+M26+M48+M58+M69+M79+M37 -> 90.433333 | J1: 產線配置圖 | M1: 生產實績 | P1: 人時性差異分析 | T1: 日報登錄 | Z1: 合計 次數 | AA1: 合計 時間/分 | AB1: 分析說明 | AD1: 合計 次數 | AE1: 合計 設備次數 | AF1: 產能差異分析
A2: 05月07日 星期四 | D2: 人時性 | E2: =AVERAGE(O15,O26,O37,O48,O58,O69,O79) -> 102.44406 | F2: 平均廠價 | G2: =G1/E1 -> 49.545892 | H2: 多次生產數 | I2: =COUNT(I5:I79) -> 0 | Z2: =Z15+Z26+Z37+Z48+Z58+Z69+Z79 -> 2 | AA2: =AA15+AA26+AA37+AA48+AA58+AA69+AA79 -> 76 | AD2: =AD15+AD26+AD37+AD48+AD58+AD69+AD79 -> 2 | AE2: =AE15+AE26+AE37+AE48+AE58+AE69+AE79 -> 1
A3: 線別 | B3: 品類 | D3: 品名 | F3: 廠價 | G3: 生產量 | H3: 營收 | I3: 多次 生產 | J3: 人數 | K3: 產能/時 | L3: 人時性 | M3: 人數 | N3: 產能/時 | O3: 人時性 | P3: 人數 | Q3: 人時性 | R3: 達成率 | S3: 達成率平均 | T3: 生產時間 | V3: 前置、換線時間/分 | W3: 稼動時間/分 | X3: 休息時間 | Z3: 產線異常統計 (5分鐘以上) | AD3: 短暫停線統計 (5分鐘以下) | AF3: 產能/時 | AG3: 達成率 | AH3: 達成率平均
T4: 開始 | U4: 結束 | X4: 開始 | Y4: 結束 | Z4: 次數 | AA4: 時間/分 | AD4: 總次數 | AE4: 設備因素(次數)
A5: 自動一線 (ET-600) | B5: 義大利麵 | D5: 白酒清炒鮮蛤義大利麵 | F5: =VLOOKUP(D5,廠價表!$C$1:$E$43,3,0) -> 56.87 | G5: 1885 | H5: =F5*G5 -> 107199.95 | J5: =VLOOKUP(D5,產線配置圖!$A$3:$C$40,2,0) -> 15 | K5: =VLOOKUP(D5,產線配置圖!$A$3:$C$40,3,0) -> 2250 | L5: =K5/J5 -> 150 | M5: 15 | N5: =G5/W5*60 -> 1450 | O5: =N5/M5 -> 96.666667 | P5: =M5-J5 -> 0 | Q5: =O5-L5 -> -53.333333 | R5: =O5/L5 -> 0.64444444 | S5: =R15 -> 0.73207633 | T5: 0.3125 | U5: 0.36666667 | W5: =(U5-T5)*24*60 -> 78 | AB5: 7:00-7:30異常無法排除、手工線 | AF5: =N5-K5 -> -800 | AG5: =N5/K5 -> 0.64444444 | AH5: =AG15 -> 0.73207633
B6: 義大利麵 | D6: 香煎魚排佐檸檬奶油義大利麵 | F6: =VLOOKUP(D6,廠價表!$C$1:$E$43,3,0) -> 58.17 | G6: 980 | H6: =F6*G6 -> 57006.6 | J6: =VLOOKUP(D6,產線配置圖!$A$3:$C$40,2,0) -> 15 | K6: =VLOOKUP(D6,產線配置圖!$A$3:$C$40,3,0) -> 2250 | L6: =K6/J6 -> 150 | M6: 15 | N6: =G6/W6*60 -> 1367.4419 | O6: =N6/M6 -> 91.162791 | P6: =M6-J6 -> 0 | Q6: =O6-L6 -> -58.837209 | R6: =O6/L6 -> 0.60775194 | T6: 0.37361111 | U6: 0.40347222 | V6: =(T6-U5)*24*60 -> 10 | W6: =(U6-T6)*24*60 -> 43 | AB6: 手工線 | AF6: =N6-K6 -> -882.55814 | AG6: =N6/K6 -> 0.60775194
B7: 義大利麵 | D7: 奶油培根義大利麵 | F7: =VLOOKUP(D7,廠價表!$C$1:$E$43,3,0) -> 49.14 | G7: 1931 | H7: =F7*G7 -> 94889.34 | J7: =VLOOKUP(D7,產線配置圖!$A$3:$C$40,2,0) -> 15 | K7: =VLOOKUP(D7,產線配置圖!$A$3:$C$40,3,0) -> 2250 | L7: =K7/J7 -> 150 | M7: 15 | N7: =G7/W7*60 -> 1114.0385 | O7: =N7/M7 -> 74.269231 | P7: =M7-J7 -> 0 | Q7: =O7-L7 -> -75.730769 | R7: =O7/L7 -> 0.49512821 | T7: 0.40902778 | U7: 0.48125 | V7: =(T7-U6)*24*60 -> 8 | W7: =(U7-T7)*24*60 -> 104 | X7: 0.5 | Y7: 0.54166667 | AB7: 手工線 | AF7: =N7-K7 -> -1135.9615 | AG7: =N7/K7 -> 0.49512821
B8: 義大利麵 | D8: 奶油培根義大利麵 | F8: =VLOOKUP(D8,廠價表!$C$1:$E$43,3,0) -> 49.14 | G8: 2086 | H8: =F8*G8 -> 102506.04 | J8: =VLOOKUP(D8,產線配置圖!$A$3:$C$40,2,0) -> 15 | K8: =VLOOKUP(D8,產線配置圖!$A$3:$C$40,3,0) -> 2250 | L8: =K8/J8 -> 150 | M8: 15 | N8: =G8/W8*60 -> 2086 | O8: =N8/M8 -> 139.06667 | P8: =M8-J8 -> 0 | Q8: =O8-L8 -> -10.933333 | R8: =O8/L8 -> 0.92711111 | T8: 0.55208333 | U8: 0.59375 | V8: =(T8-U7)*24*60 -> 102 | W8: =(U8-T8)*24*60 -> 60 | AF8: =N8-K8 -> -164 | AG8: =N8/K8 -> 0.92711111
B9: 義大利麵 | D9: 白酒清炒鮮蛤義大利麵 | F9: =VLOOKUP(D9,廠價表!$C$1:$E$43,3,0) -> 56.87 | G9: 1368 | H9: =F9*G9 -> 77798.16 | J9: =VLOOKUP(D9,產線配置圖!$A$3:$C$40,2,0) -> 15 | K9: =VLOOKUP(D9,產線配置圖!$A$3:$C$40,3,0) -> 2250 | L9: =K9/J9 -> 150 | M9: 15 | N9: =G9/W9*60 -> 2218.3784 | O9: =N9/M9 -> 147.89189 | P9: =M9-J9 -> 0 | Q9: =O9-L9 -> -2.1081081 | R9: =O9/L9 -> 0.98594595 | T9: 0.60069444 | U9: 0.62638889 | V9: =(T9-U8)*24*60 -> 10 | W9: =(U9-T9)*24*60 -> 37 | AF9: =N9-K9 -> -31.621622 | AG9: =N9/K9 -> 0.98594595
W10: =(U10-T10)*24*60 -> 0 | AF10: =N10-K10 -> 0 | AG10: =N10/K10 -> #DIV/0!
W11: =(U11-T11)*24*60 -> 0 | AF11: =N11-K11 -> 0 | AG11: =N11/K11 -> #DIV/0!
W12: =(U12-T12)*24*60 -> 0
W13: =(U13-T13)*24*60 -> 0
W14: =(U14-T14)*24*60 -> 0
C15: 4度一組 | D15: 平均 | J15: =AVERAGE(J5:J14) -> 15 | K15: =AVERAGE(K5:K14) -> 2250 | L15: =AVERAGE(L5:L14) -> 150 | M15: =AVERAGE(M5:M14) -> 15 | N15: =AVERAGE(N5:N14) -> 1647.1717 | O15: =AVERAGE(O5:O14) -> 109.81145 | P15: =M15-J15 -> 0 | Q15: =O15-L15 -> -40.188551 | R15: =O15/L15 -> 0.73207633 | Z15: =SUM(Z5:Z14) -> 0 | AA15: =SUM(AA5:AA14) -> 0 | AD15: =SUM(AD5:AD14) -> 0 | AE15: =SUM(AE5:AE14) -> 0 | AF15: =N15-K15 -> -602.82826 | AG15: =N15/K15 -> 0.73207633
A16: 自動二線 (ET-600) | B16: 義大利麵 | D16: 青醬蛤蜊義大利麵 | F16: =VLOOKUP(D16,廠價表!$C$1:$E$43,3,0) -> 50.67 | G16: 3276 | H16: =F16*G16 -> 165994.92 | J16: =VLOOKUP(D16,產線配置圖!$A$3:$C$40,2,0) -> 13 | K16: =VLOOKUP(D16,產線配置圖!$A$3:$C$40,3,0) -> 2250 | L16: =K16/J16 -> 173.07692 | M16: 13 | N16: =G16/W16*60 -> 2113.5484 | O16: =N16/M16 -> 162.58065 | P16: =M16-J16 -> 0 | Q16: =O16-L16 -> -10.496278 | R16: =O16/L16 -> 0.93935484 | S16: =R26 -> 0.92804098 | T16: 0.29097222 | U16: 0.35555556 | W16: =(U16-T16)*24*60 -> 93 | AF16: =N16-K16 -> -136.45161 | AG16: =N16/K16 -> 0.93935484 | AH16: =AG26 -> 0.92653287
B17: 義大利麵 | D17: 義式辣味嫩烤雞腿排義大利麵 | F17: =VLOOKUP(D17,廠價表!$C$1:$E$43,3,0) -> 56.61 | G17: 2202 | H17: =F17*G17 -> 124655.22 | J17: =VLOOKUP(D17,產線配置圖!$A$3:$C$40,2,0) -> 15 | K17: =VLOOKUP(D17,產線配置圖!$A$3:$C$40,3,0) -> 2250 | L17: =K17/J17 -> 150 | M17: 15 | N17: =G17/W17*60 -> 2130.9677 | O17: =N17/M17 -> 142.06452 | P17: =M17-J17 -> 0 | Q17: =O17-L17 -> -7.9354839 | R17: =O17/L17 -> 0.94709677 | T17: 0.36111111 | U17: 0.40416667 | V17: =(T17-U16)*24*60 -> 8 | W17: =(U17-T17)*24*60 -> 62 | AF17: =N17-K17 -> -119.03226 | AG17: =N17/K17 -> 0.94709677
B18: 義大利麵 | D18: 義式蕃茄起司義大利麵 | F18: =VLOOKUP(D18,廠價表!$C$1:$E$43,3,0) -> 50.39 | G18: 4537 | H18: =F18*G18 -> 228619.43 | J18: =VLOOKUP(D18,產線配置圖!$A$3:$C$40,2,0) -> 12 | K18: =VLOOKUP(D18,產線配置圖!$A$3:$C$40,3,0) -> 2250 | L18: =K18/J18 -> 187.5 | M18: 12 | N18: =G18/W18*60 -> 2126.7187 | O18: =N18/M18 -> 177.22656 | P18: =M18-J18 -> 0 | Q18: =O18-L18 -> -10.273438 | R18: =O18/L18 -> 0.94520833 | T18: 0.40972222 | U18: 0.49861111 | V18: =(T18-U17)*24*60 -> 8 | W18: =(U18-T18)*24*60 -> 128 | X18: 0.50347222 | Y18: 0.54513889 | AF18: =N18-K18 -> -123.28125 | AG18: =N18/K18 -> 0.94520833
B19: 義大利麵 | D19: 香煎魚排佐檸檬奶油義大利麵 | F19: =VLOOKUP(D19,廠價表!$C$1:$E$43,3,0) -> 58.17 | G19: 2689 | H19: =F19*G19 -> 156419.13 | J19: =VLOOKUP(D19,產線配置圖!$A$3:$C$40,2,0) -> 15 | K19: =VLOOKUP(D19,產線配置圖!$A$3:$C$40,3,0) -> 2250 | L19: =K19/J19 -> 150 | M19: 15 | N19: =G19/W19*60 -> 1967.561 | O19: =N19/M19 -> 131.17073 | P19: =M19-J19 -> 0 | Q19: =O19-L19 -> -18.829268 | R19: =O19/L19 -> 0.87447154 | T19: 0.55208333 | U19: 0.60902778 | V19: =(T19-U18)*24*60 -> 77 | W19: =(U19-T19)*24*60 -> 82 | AF19: =N19-K19 -> -282.43902 | AG19: =N19/K19 -> 0.87447154
W20: =(U20-T20)*24*60 -> 0
W21: =(U21-T21)*24*60 -> 0
W22: 0
W23: =(U23-T23)*24*60 -> 0
H24: =F24*G24 -> 0 | W24: =(U24-T24)*24*60 -> 0
H25: =F25*G25 -> 0 | W25: =(U25-T25)*24*60 -> 0
C26: 4度二組A | D26: 平均 | J26: =AVERAGE(J16:J25) -> 13.75 | K26: =AVERAGE(K16:K25) -> 2250 | L26: =AVERAGE(L16:L25) -> 165.14423 | M26: =AVERAGE(M16:M25) -> 13.75 | N26: =AVERAGE(N16:N25) -> 2084.699 | O26: =AVERAGE(O16:O25) -> 153.26061 | P26: =M26-J26 -> 0 | Q26: =O26-L26 -> -11.883617 | R26: =O26/L26 -> 0.92804098 | Z26: =SUM(Z16:Z25) -> 0 | AA26: =SUM(AA16:AA25) -> 0 | AD26: =SUM(AD16:AD25) -> 0 | AE26: =SUM(AE16:AE25) -> 0 | AF26: =N26-K26 -> -165.30104 | AG26: =N26/K26 -> 0.92653287
A27: 手工三線 (ET-55) | B27: 義大利麵 | D27: 整條德式香腸義大利麵 | F27: =VLOOKUP(D27,廠價表!$C$1:$E$43,3,0) -> 57.21 | G27: 4444 | H27: =F27*G27 -> 254241.24 | J27: =VLOOKUP(D27,產線配置圖!$A$3:$C$40,2,0) -> 17 | K27: =VLOOKUP(D27,產線配置圖!$A$3:$C$40,3,0) -> 1565 | L27: =K27/J27 -> 92.058824 | M27: 17 | N27: =G27/W27*60 -> 1418.2979 | O27: =N27/M27 -> 83.429287 | P27: =M27-J27 -> 0 | Q27: =O27-L27 -> -8.6295369 | R27: =O27/L27 -> 0.90626062 | S27: =R37 -> 0.78836843 | T27: 0.33333333 | U27: 0.46388889 | W27: =(U27-T27)*24*60 -> 188 | X27: 0.46875 | Y27: 0.52083333 | AB27: 10:18-10:25停線上廁所 | AD27: 1 | AF27: =N27-K27 -> -146.70213 | AG27: =N27/K27 -> 0.90626062 | AH27: =AG37 -> 0.78937911
B28: 義大利麵 | D28: 整條德式香腸義大利麵 | F28: =VLOOKUP(D28,廠價表!$C$1:$E$43,3,0) -> 57.21 | G28: 1000 | H28: =F28*G28 -> 57210 | J28: =VLOOKUP(D28,產線配置圖!$A$3:$C$40,2,0) -> 17 | K28: =VLOOKUP(D28,產線配置圖!$A$3:$C$40,3,0) -> 1565 | L28: =K28/J28 -> 92.058824 | M28: 17 | N28: =G28/W28*60 -> 1090.9091 | O28: =N28/M28 -> 64.171123 | P28: =M28-J28 -> 0 | Q28: =O28-L28 -> -27.887701 | R28: =O28/L28 -> 0.69706651 | T28: 0.52777778 | U28: 0.56597222 | V28: =(T28-U27)*24*60 -> 92 | W28: =(U28-T28)*24*60 -> 55 | AB28: 生產數量少 | AF28: =N28-K28 -> -474.09091 | AG28: =N28/K28 -> 0.69706651
B29: 熱乾麵 | D29: 青花椒麻雞肉拌麵 | F29: =VLOOKUP(D29,廠價表!$C$1:$E$43,3,0) -> 49.91 | G29: 1205 | H29: =F29*G29 -> 60141.55 | J29: =VLOOKUP(D29,產線配置圖!$A$3:$C$40,2,0) -> 15 | K29: =VLOOKUP(D29,產線配置圖!$A$3:$C$40,3,0) -> 1714 | L29: =K29/J29 -> 114.26667 | M29: 15 | N29: =G29/W29*60 -> 1314.5455 | O29: =N29/M29 -> 87.636364 | P29: =M29-J29 -> 0 | Q29: =O29-L29 -> -26.630303 | R29: =O29/L29 -> 0.76694601 | T29: 0.57291667 | U29: 0.61111111 | V29: =(T29-U28)*24*60 -> 10 | W29: =(U29-T29)*24*60 -> 55 | AB29: 生產數量少 | AF29: =N29-K29 -> -399.45455 | AG29: =N29/K29 -> 0.76694601
W30: =(U30-T30)*24*60 -> 0 | AF30: =N30-K30 -> 0 | AG30: =N30/K30 -> #DIV/0!
W31: =(U31-T31)*24*60 -> 0 | AF31: =N31-K31 -> 0 | AG31: =N31/K31 -> #DIV/0!
W32: =(U32-T32)*24*60 -> 0
W33: =(U33-T33)*24*60 -> 0
W34: =(U34-T34)*24*60 -> 0
W35: =(U35-T35)*24*60 -> 0
H36: =F36*G36 -> 0 | W36: =(U36-T36)*24*60 -> 0
C37: 4度二組B | D37: 平均 | J37: =AVERAGE(J27:J36) -> 16.333333 | K37: =AVERAGE(K27:K36) -> 1614.6667 | L37: =AVERAGE(L27:L36) -> 99.461438 | M37: =AVERAGE(M27:M36) -> 16.333333 | N37: =AVERAGE(N27:N36) -> 1274.5841 | O37: =AVERAGE(O27:O36) -> 78.412258 | P37: =M37-J37 -> 0 | Q37: =N37-K37 -> -340.08253 | R37: =O37/L37 -> 0.78836843 | Z37: =SUM(Z27:Z36) -> 0 | AA37: =SUM(AA27:AA36) -> 0 | AD37: =SUM(AD27:AD36) -> 1 | AE37: =SUM(AE27:AE36) -> 0 | AF37: =N37-K37 -> -340.08253 | AG37: =N37/K37 -> 0.78937911
A38: 手工四線 (ET-55) | B38: 熱乾麵 | D38: 青花椒麻雞肉拌麵 | F38: =VLOOKUP(D38,廠價表!$C$1:$E$43,3,0) -> 49.91 | G38: 1516 | H38: =F38*G38 -> 75663.56 | J38: =VLOOKUP(D38,產線配置圖!$A$3:$C$40,2,0) -> 15 | K38: =VLOOKUP(D38,產線配置圖!$A$3:$C$40,3,0) -> 1714 | L38: =K38/J38 -> 114.26667 | M38: 15 | N38: =G38/W38*60 -> 1263.3333 | O38: =N38/M38 -> 84.222222 | P38: =M38-J38 -> 0 | Q38: =O38-L38 -> -30.044444 | R38: =O38/L38 -> 0.73706729 | S38: =R48 -> 0.86125053 | T38: 0.33333333 | U38: 0.38333333 | W38: =(U38-T38)*24*60 -> 72 | Z38: 1 | AA38: 31 | AB38: 實際製作1516(收576盒)/08:15-08:46(工務替換斷裂零件，需待耗材)封膜異常 | AF38: =N38-K38 -> -450.66667 | AG38: =N38/K38 -> 0.73706729 | AH38: =AG48 -> 0.81130438
B39: 熱乾麵 | D39: 府城鹽水意麵 | F39: =VLOOKUP(D39,廠價表!$C$1:$E$43,3,0) -> 44.3 | G39: 2193 | H39: =F39*G39 -> 97149.9 | J39: =VLOOKUP(D39,產線配置圖!$A$3:$C$40,2,0) -> 17 | K39: =VLOOKUP(D39,產線配置圖!$A$3:$C$40,3,0) -> 1636 | L39: =K39/J39 -> 96.235294 | M39: 16 | N39: =G39/W39*60 -> 1478.427 | O39: =N39/M39 -> 92.401685 | P39: =M39-J39 -> -1 | Q39: =O39-L39 -> -3.8336087 | R39: =O39/L39 -> 0.96016421 | T39: 0.38611111 | U39: 0.44791667 | V39: =(T39-U38)*24*60 -> 4 | W39: =(U39-T39)*24*60 -> 89 | AB39: 09:47-9:48封膜異常 | AD39: 1 | AE39: 1 | AF39: =N39-K39 -> -157.57303 | AG39: =N39/K39 -> 0.90368396
B40: 義大利麵 | D40: 蒜香奶油蝦蝦義大利麵 | F40: =VLOOKUP(D40,廠價表!$C$1:$E$43,3,0) -> 57.21 | G40: 1301 | H40: =F40*G40 -> 74430.21 | J40: =VLOOKUP(D40,產線配置圖!$A$3:$C$40,2,0) -> 17 | K40: =VLOOKUP(D40,產線配置圖!$A$3:$C$40,3,0) -> 1716 | L40: =K40/J40 -> 100.94118 | M40: 16 | N40: =G40/W40*60 -> 1561.2 | O40: =N40/M40 -> 97.575 | P40: =M40-J40 -> -1 | Q40: =O40-L40 -> -3.3661765 | R40: =O40/L40 -> 0.9666521 | T40: 0.45138889 | U40: 0.48611111 | V40: =(T40-U39)*24*60 -> 5 | W40: =(U40-T40)*24*60 -> 50 | X40: 0.5 | Y40: 0.54166667 | AF40: =N40-K40 -> -154.8 | AG40: =N40/K40 -> 0.90979021
B41: 義大利麵 | D41: 蒜香奶油蝦蝦義大利麵 | F41: =VLOOKUP(D41,廠價表!$C$1:$E$43,3,0) -> 57.21 | G41: 1235 | H41: =F41*G41 -> 70654.35 | J41: =VLOOKUP(D41,產線配置圖!$A$3:$C$40,2,0) -> 17 | K41: =VLOOKUP(D41,產線配置圖!$A$3:$C$40,3,0) -> 1716 | L41: =K41/J41 -> 100.94118 | M41: 15 | N41: =G41/W41*60 -> 1425 | O41: =N41/M41 -> 95 | P41: =M41-J41 -> -2 | Q41: =O41-L41 -> -5.9411765 | R41: =O41/L41 -> 0.94114219 | T41: 0.54375 | U41: 0.57986111 | V41: =(T41-U40)*24*60 -> 83 | W41: =(U41-T41)*24*60 -> 52 | AF41: =N41-K41 -> -291 | AG41: =N41/K41 -> 0.83041958
B42: 熱乾麵 | D42: 府城鹽水意麵 | F42: =VLOOKUP(D42,廠價表!$C$1:$E$43,3,0) -> 44.3 | G42: 1836 | H42: =F42*G42 -> 81334.8 | J42: =VLOOKUP(D42,產線配置圖!$A$3:$C$40,2,0) -> 17 | K42: =VLOOKUP(D42,產線配置圖!$A$3:$C$40,3,0) -> 1636 | L42: =K42/J42 -> 96.235294 | M42: 16 | N42: =G42/W42*60 -> 1101.6 | O42: =N42/M42 -> 68.85 | P42: =M42-J42 -> -1 | Q42: =O42-L42 -> -27.385294 | R42: =O42/L42 -> 0.71543399 | T42: 0.58680556 | U42: 0.65625 | V42: =(T42-U41)*24*60 -> 10 | W42: =(U42-T42)*24*60 -> 100 | Z42: 1 | AA42: 45 | AB42: 15:00-15:45封口異常(封口時間拉長，改0.7秒)
W43: =(U43-T43)*24*60 -> 0
W44: =(U44-T44)*24*60 -> 0
W45: =(U45-T45)*24*60 -> 0
W46: =(U46-T46)*24*60 -> 0
H47: =F47*G47 -> 0 | W47: =(U47-T47)*24*60 -> 0
C48: 4度二組C1 | D48: 平均 | J48: =AVERAGE(J38:J47) -> 16.6 | K48: =AVERAGE(K38:K47) -> 1683.6 | L48: =AVERAGE(L38:L47) -> 101.72392 | M48: =AVERAGE(M38:M47) -> 15.6 | N48: =AVERAGE(N38:N47) -> 1365.9121 | O48: =AVERAGE(O38:O47) -> 87.609782 | P48: =M48-J48 -> -1 | Q48: =N48-K48 -> -317.68794 | R48: =O48/L48 -> 0.86125053 | W48: =(U48-T48)*24*60 -> 0 | Z48: =SUM(Z38:Z47) -> 2 | AA48: =SUM(AA38:AA47) -> 76 | AD48: =SUM(AD38:AD47) -> 1 | AE48: =SUM(AE38:AE47) -> 1 | AF48: =N48-K48 -> -317.68794 | AG48: =N48/K48 -> 0.81130438
A49: 手工五線 (ET-55) | B49: 熱乾麵 | D49: 沙茶豬肉炒麵 | F49: =VLOOKUP(D49,廠價表!$C$1:$E$43,3,0) -> 49.52 | G49: 2120 | H49: =F49*G49 -> 104982.4 | J49: =VLOOKUP(D49,產線配置圖!$A$3:$C$40,2,0) -> 17 | K49: =VLOOKUP(D49,產線配置圖!$A$3:$C$40,3,0) -> 1500 | L49: =K49/J49 -> 88.235294 | M49: 17 | N49: =G49/W49*60 -> 1429.2135 | O49: =N49/M49 -> 84.071381 | P49: =M49-J49 -> 0 | Q49: =O49-L49 -> -4.1639128 | R49: =O49/L49 -> 0.95280899 | S49: =R58 -> 0.92862009 | T49: 0.29166667 | U49: 0.35347222 | W49: =(U49-T49)*24*60 -> 89 | AF49: =N49-K49 -> -70.786517 | AG49: =N49/K49 -> 0.95280899 | AH49: =AG58 -> 0.91070883
B50: 義大利麵 | D50: 焗烤起司雙饗筆尖麵 | F50: =VLOOKUP(D50,廠價表!$C$1:$E$43,3,0) -> 49.97 | G50: 2382 | H50: =F50*G50 -> 119028.54 | J50: =VLOOKUP(D50,產線配置圖!$A$3:$C$40,2,0) -> 16 | K50: =VLOOKUP(D50,產線配置圖!$A$3:$C$40,3,0) -> 1800 | L50: =K50/J50 -> 112.5 | M50: 16 | N50: =G50/W50*60 -> 1681.4118 | O50: =N50/M50 -> 105.08824 | P50: =M50-J50 -> 0 | Q50: =O50-L50 -> -7.4117647 | R50: =O50/L50 -> 0.93411765 | T50: 0.35763889 | U50: 0.41666667 | V50: =(T50-U49)*24*60 -> 6 | W50: =(U50-T50)*24*60 -> 85 | AF50: =N50-K50 -> -118.58824 | AG50: =N50/K50 -> 0.93411765
B51: 義大利麵 | D51: 黑松露野菇義大利麵 | F51: =VLOOKUP(D51,廠價表!$C$1:$E$43,3,0) -> 50.289 | G51: 1968 | H51: =F51*G51 -> 98968.752 | J51: =VLOOKUP(D51,產線配置圖!$A$3:$C$40,2,0) -> 19 | K51: =VLOOKUP(D51,產線配置圖!$A$3:$C$40,3,0) -> 1565 | L51: =K51/J51 -> 82.368421 | M51: 18 | N51: =G51/W51*60 -> 1373.0233 | O51: =N51/M51 -> 76.27907 | P51: =M51-J51 -> -1 | Q51: =O51-L51 -> -6.0893513 | R51: =O51/L51 -> 0.92607177 | T51: 0.42291667 | U51: 0.48263889 | V51: =(T51-U50)*24*60 -> 9 | W51: =(U51-T51)*24*60 -> 86 | X51: 0.48611111 | Y51: 0.52777778 | AF51: =N51-K51 -> -191.97674 | AG51: =N51/K51 -> 0.87733115
B52: 義大利麵 | D52: 黑松露野菇義大利麵 | F52: =VLOOKUP(D52,廠價表!$C$1:$E$43,3,0) -> 50.289 | G52: 2376 | H52: =F52*G52 -> 119486.66 | J52: =VLOOKUP(D52,產線配置圖!$A$3:$C$40,2,0) -> 19 | K52: =VLOOKUP(D52,產線配置圖!$A$3:$C$40,3,0) -> 1565 | L52: =K52/J52 -> 82.368421 | M52: 18 | N52: =G52/W52*60 -> 1411.4851 | O52: =N52/M52 -> 78.415842 | P52: =M52-J52 -> -1 | Q52: =O52-L52 -> -3.9525795 | R52: =O52/L52 -> 0.95201341 | T52: 0.53263889 | U52: 0.60277778 | V52: =(T52-U51)*24*60 -> 72 | W52: =(U52-T52)*24*60 -> 101 | AF52: =N52-K52 -> -153.51485 | AG52: =N52/K52 -> 0.90190744
B53: 義大利麵 | D53: 焗烤起司雙饗筆尖麵 | F53: =VLOOKUP(D53,廠價表!$C$1:$E$43,3,0) -> 49.97 | G53: 1440 | H53: =F53*G53 -> 71956.8 | J53: =VLOOKUP(D53,產線配置圖!$A$3:$C$40,2,0) -> 16 | K53: =VLOOKUP(D53,產線配置圖!$A$3:$C$40,3,0) -> 1800 | L53: =K53/J53 -> 112.5 | M53: 16 | N53: =G53/W53*60 -> 1600 | O53: =N53/M53 -> 100 | P53: =M53-J53 -> 0 | Q53: =O53-L53 -> -12.5 | R53: =O53/L53 -> 0.88888889 | T53: 0.60763889 | U53: 0.64513889 | V53: =(T53-U52)*24*60 -> 7 | W53: =(U53-T53)*24*60 -> 54 | AF53: =N53-K53 -> -200 | AG53: =N53/K53 -> 0.88888889
W54: =(U54-T54)*24*60 -> 0
W55: =(U55-T55)*24*60 -> 0
W56: =(U56-T56)*24*60 -> 0
W57: =(U57-T57)*24*60 -> 0
C58: 4度二組C2 | D58: 平均 | J58: =AVERAGE(J49:J57) -> 17.4 | K58: =AVERAGE(K49:K57) -> 1646 | L58: =AVERAGE(L49:L57) -> 95.594427 | M58: =AVERAGE(M49:M57) -> 17 | N58: =AVERAGE(N49:N57) -> 1499.0267 | O58: =AVERAGE(O49:O57) -> 88.770906 | P58: =M58-J58 -> -0.4 | Q58: =N58-K58 -> -146.97327 | R58: =O58/L58 -> 0.92862009 | Z58: =SUM(Z49:Z57) -> 0 | AA58: =SUM(AA49:AA57) -> 0 | AD58: =SUM(AD49:AD57) -> 0 | AE58: =SUM(AE49:AE57) -> 0 | AF58: =N58-K58 -> -146.97327 | AG58: =N58/K58 -> 0.91070883
A59: 調理包一線 (八爪機) | B59: 小吃、微波 | D59: 小滷青蔬 | F59: =VLOOKUP(D59,廠價表!$C$1:$E$43,3,0) -> 26.99 | G59: 3710 | H59: =F59*G59 -> 100132.9 | J59: 15 | K59: =VLOOKUP(D59,產線配置圖!$A$3:$C$40,3,0) -> 1565 | L59: =K59/J59 -> 104.33333 | M59: 15 | N59: =G59/W59*60 -> 1454.902 | O59: =N59/M59 -> 96.993464 | P59: =M59-J59 -> 0 | Q59: =O59-L59 -> -7.3398693 | R59: =O59/L59 -> 0.92964982 | S59: =R69 -> 0.84858006 | T59: 0.28819444 | U59: 0.39444444 | W59: =(U59-T59)*24*60 -> 153 | AF59: =N59-K59 -> -110.09804 | AG59: =N59/K59 -> 0.92964982 | AH59: =AG69 -> 0.8215221
B60: 小吃、微波 | D60: 起司馬鈴薯 | F60: =VLOOKUP(D60,廠價表!$C$1:$E$43,3,0) -> 28.26 | G60: 1926 | H60: =F60*G60 -> 54428.76 | J60: =VLOOKUP(D60,產線配置圖!$A$3:$C$40,2,0) -> 12 | K60: =VLOOKUP(D60,產線配置圖!$A$3:$C$40,3,0) -> 1565 | L60: =K60/J60 -> 130.41667 | M60: 12 | N60: =G60/W60*60 -> 1500.7792 | O60: =N60/M60 -> 125.06494 | P60: =M60-J60 -> 0 | Q60: =O60-L60 -> -5.3517316 | R60: =O60/L60 -> 0.95896436 | T60: 0.40138889 | U60: 0.45486111 | V60: =(T60-U59)*24*60 -> 10 | W60: =(U60-T60)*24*60 -> 77 | AF60: =N60-K60 -> -64.220779 | AG60: =N60/K60 -> 0.95896436
B61: 義大利麵 | D61: 焗烤起司肉醬筆尖麵 | F61: =VLOOKUP(D61,廠價表!$C$1:$E$43,3,0) -> 50.67 | G61: 1051 | H61: =F61*G61 -> 53254.17 | J61: =VLOOKUP(D61,產線配置圖!$A$3:$C$40,2,0) -> 13 | K61: =VLOOKUP(D61,產線配置圖!$A$3:$C$40,3,0) -> 1440 | L61: =K61/J61 -> 110.76923 | M61: 12 | N61: =G61/W61*60 -> 1051 | O61: =N61/M61 -> 87.583333 | P61: =M61-J61 -> -1 | Q61: =O61-L61 -> -23.185897 | R61: =O61/L61 -> 0.79068287 | T61: 0.45833333 | U61: 0.5 | V61: =(T61-U60)*24*60 -> 5 | W61: =(U61-T61)*24*60 -> 60 | X61: 0.50694444 | Y61: 0.54861111 | AB61: 設備不熟悉 | AF61: =N61-K61 -> -389 | AG61: =N61/K61 -> 0.72986111
B62: 義大利麵 | D62: 焗烤起司肉醬筆尖麵 | F62: =VLOOKUP(D62,廠價表!$C$1:$E$43,3,0) -> 50.67 | G62: 698 | H62: =F62*G62 -> 35367.66 | J62: =VLOOKUP(D62,產線配置圖!$A$3:$C$40,2,0) -> 13 | K62: =VLOOKUP(D62,產線配置圖!$A$3:$C$40,3,0) -> 1440 | L62: =K62/J62 -> 110.76923 | M62: 12 | N62: =G62/W62*60 -> 930.66667 | O62: =N62/M62 -> 77.555556 | P62: =M62-J62 -> -1 | Q62: =O62-L62 -> -33.213675 | R62: =O62/L62 -> 0.70015432 | T62: 0.55555556 | U62: 0.58680556 | V62: =(T62-U61)*24*60 -> 80 | W62: =(U62-T62)*24*60 -> 45 | AB62: 設備不熟悉 | AF62: =N62-K62 -> -509.33333 | AG62: =N62/K62 -> 0.6462963
W63: =(U63-T63)*24*60 -> 0
W64: =(U64-T64)*24*60 -> 0
W65: =(U65-T65)*24*60 -> 0
W66: =(U66-T66)*24*60 -> 0
W67: =(U67-T67)*24*60 -> 0
H68: =F68*G68 -> 0 | W68: =(U68-T68)*24*60 -> 0
C69: 4度三組 | D69: 平均 | J69: =AVERAGE(J59:J68) -> 13.25 | K69: =AVERAGE(K59:K68) -> 1502.5 | L69: =AVERAGE(L59:L68) -> 114.07212 | M69: =AVERAGE(M59:M68) -> 12.75 | N69: =AVERAGE(N59:N68) -> 1234.337 | O69: =AVERAGE(O59:O68) -> 96.799322 | P69: =M69-J69 -> -0.5 | Q69: =N69-K69 -> -268.16304 | R69: =O69/L69 -> 0.84858006 | Z69: =SUM(Z59:Z68) -> 0 | AA69: =SUM(AA59:AA68) -> 0 | AD69: =SUM(AD59:AD68) -> 0 | AE69: =SUM(AE59:AE68) -> 0 | AF69: =N69-K69 -> -268.16304 | AG69: =N69/K69 -> 0.8215221
A70: 調理包二線 (手工) | S70: =R79 -> 0 | W70: =(U70-T70)*24*60 -> 0 | AF70: =N70-K70 -> 0 | AG70: =N70/K70 -> #DIV/0! | AH70: =AG79 -> #DIV/0!
W71: =(U71-T71)*24*60 -> 0 | AF71: -300.3125 | AG71: 0.80810703
W72: =(U72-T72)*24*60 -> 0 | AF72: -130.33333 | AG72: 0.91671991
W73: =(U73-T73)*24*60 -> 0
W74: =(U74-T74)*24*60 -> 0
H75: =F75*G75 -> 0 | W75: =(U75-T75)*24*60 -> 0
H76: =F76*G76 -> 0 | W76: =(U76-T76)*24*60 -> 0
H77: =F77*G77 -> 0 | W77: =(U77-T77)*24*60 -> 0
H78: =F78*G78 -> 0 | W78: =(U78-T78)*24*60 -> 0
C79: 4度四組 | D79: 平均 | Z79: =SUM(Z70:Z78) -> 0 | AA79: =SUM(AA70:AA78) -> 0 | AD79: =SUM(AD70:AD78) -> 0 | AE79: =SUM(AE70:AE78) -> 0 | AF79: =N79-K79 -> 0 | AG79: =N79/K79 -> #DIV/0!
AJ80: 1.當日出勤人數較多
AJ81: 2.當日出勤人數較少
AJ82: 3.當日出勤熟手較少
AJ83: 4.當日出勤新人較多
AJ84: 5.機台夾盒
AJ85: 6.封膜不順
AJ86: 7.更換膠膜
AJ87: 8.更換碳帶
AJ88: 9.當日熱轉印碳帶異常
AJ89: 10.訂單量過少
AJ90: 11.新品上市，尚未熟悉
AJ91: 12.商品結構，產能較低
AJ92: 13.區域出貨，分段生產

Sheet 0508總
B1: 長家廠組合室生產人時性分析
B3: 日期 | D3: 46150 | F3: 訂單量 | G3: ='0508'!E1 -> 46639 | I3: 營業額 | J3: ='0508'!G1 -> 2286219.3
B4: 項目 | D4: 3 | F4: ➀ | H4: ➁ | J4: ③ | L4: 異常停線 | N4: 短暫停線
B5: 人時性 | D5: 組合室 | F5: 全溫層 | H5: 義大利麵 | J5: 袋裝小吃、義麵 | L5: 合計次數 | M5: 時間 | N5: 合計次數 | O5: 設備次數
D6: 排關平均 | F6: =AVERAGE(D13:I13) -> 124.32656 | H6: =AVERAGE(D13:H13) -> 125.71687 | J6: =AVERAGE(I13) -> 117.375 | L6: =SUM(D18:J18) -> 1 | M6: =SUM(D19:J19) -> 7 | N6: =SUM(D20:J20) -> 2 | O6: =SUM(D20:J20) -> 2
D7: 實績平均 | F7: =AVERAGE(D14:I14) -> 110.86407 | H7: =AVERAGE(D14:H14) -> 111.1117 | J7: =AVERAGE(I14) -> 109.62593 | L7: =AVERAGE(K14:L14) -> #DIV/0! | M7: =AVERAGE(L14:M14) -> #DIV/0! | N7: =AVERAGE(M14:N14) -> #DIV/0! | O7: =AVERAGE(N14:O14) -> #DIV/0!
D8: 達成率平均 | F8: =F7/F6 -> 0.89171675 | H8: =H7/H6 -> 0.88382493 | J8: =J7/J6 -> 0.9339802 | L8: =AVERAGE(K15:L15) -> #DIV/0! | M8: =AVERAGE(L15:M15) -> #DIV/0! | N8: =AVERAGE(M15:N15) -> #DIV/0! | O8: =AVERAGE(N15:O15) -> #DIV/0!
J9: ※現行日本鮮食廠以達成率80%為基本(即為現行KPI)
B10: 溫層 | D10: 4度C-各編組展開
B11: 編組 | D11: 1 | E11: 2 | F11: 3 | G11: 4 | H11: 5 | I11: 6 | J11: 7
D12: 自動1線 | E12: 自動2線 | F12: 手工3線 | G12: 手工4線 | H12: 手工5線 | I12: 調理包1線 | J12: 調理包2線
B13: 人時性 | C13: 排關 | D13: =VALUE('0508'!L15) -> 150 | E13: =VALUE('0508'!L26) -> 170.19231 | F13: =VALUE('0508'!L37) -> 104.53243 | G13: =VALUE('0508'!L48) -> 104.38902 | H13: =VALUE('0508'!L58) -> 99.470588 | I13: =VALUE('0508'!L69) -> 117.375 | J13: ='0508'!L79 -> 0
C14: 實績 | D14: =VALUE('0508'!O15) -> 136.79001 | E14: =VALUE('0508'!O26) -> 150.42754 | F14: =VALUE('0508'!O37) -> 86.170739 | G14: =VALUE('0508'!O48) -> 90.207394 | H14: =VALUE('0508'!O58) -> 91.96284 | I14: =VALUE('0508'!O69) -> 109.62593 | J14: ='0508'!O79 -> 0
C15: 達成率 | D15: =D14/D13 -> 0.91193337 | E15: =E14/E13 -> 0.88386801 | F15: =F14/F13 -> 0.82434456 | G15: =G14/G13 -> 0.86414639 | H15: =H14/H13 -> 0.92452294 | I15: =I14/I13 -> 0.9339802 | J15: ='0508'!S70 -> 0
B16: 作業 時間 | C16: 開始 | D16: ='0508'!T5 -> 0.29166667 | E16: ='0508'!T16 -> 0.29097222 | F16: ='0508'!T27 -> 0.33333333 | G16: ='0508'!T38 -> 0.33333333 | H16: ='0508'!T49 -> 0.28819444 | I16: ='0508'!T59 -> 0.29166667 | J16: ='0508'!T70 -> 0
C17: 結束 | D17: 0.58472222 | E17: 0.48958333 | F17: 0.5625 | G17: 0.64236111 | H17: 0.625 | I17: 0.44444444 | J17: ='0508'!T71 -> 0
B18: 產線異常 (5分鐘以上) | C18: 次數 | D18: ='0508'!Z15 -> 0 | E18: ='0508'!Z26 -> 0 | F18: ='0508'!Z37 -> 0 | G18: ='0508'!Z48 -> 0 | H18: ='0508'!Z58 -> 1 | I18: ='0508'!Z69 -> 0 | J18: ='0508'!AA79 -> 0
C19: 時間/分 | D19: ='0508'!AA15 -> 0 | E19: ='0508'!AA26 -> 0 | F19: ='0508'!AA37 -> 0 | G19: ='0508'!AA48 -> 0 | H19: ='0508'!AA58 -> 7 | I19: ='0508'!AA69 -> 0 | J19: ='0508'!AB79 -> 0
B20: 短暫停線 (5分鐘以下) | C20: 次數 | D20: ='0508'!AD15 -> 0 | E20: ='0508'!AD26 -> 0 | F20: ='0508'!AD37 -> 0 | G20: ='0508'!AD48 -> 2 | H20: ='0508'!AD58 -> 0 | I20: ='0508'!AD69 -> 0 | J20: ='0508'!AD79 -> 0
C21: 設備次數 | D21: ='0508'!AE15 -> 0 | E21: ='0508'!AE26 -> 0 | F21: ='0508'!AE37 -> 0 | G21: ='0508'!AE48 -> 1 | H21: ='0508'!AE58 -> 0 | I21: ='0508'!AE69 -> 0 | J21: ='0508'!AE79 -> 0
B22: 配置人數 | D22: =VALUE('0508'!M15) -> 15 | E22: =VALUE('0508'!M26) -> 13.333333 | F22: =VALUE('0508'!M37) -> 14.333333 | G22: =VALUE('0508'!M48) -> 16.2 | H22: =VALUE('0508'!M58) -> 16.6 | I22: =VALUE('0508'!M69) -> 13.5 | J22: ='0508'!M79 -> 0
B23: 主要應用設備 | D23: ET-600 | E23: ET-600 | F23: ET-55 | G23: ET-55 | H23: ET-55 | I23: 八爪機 | J23: 八爪機
B24: 次要應用設備 | H24: 封口機 | J24: 封口機
B25: 備註

Sheet 0508
A1: 長家廠4度C日報分析 | D1: 總生產量 | E1: =SUM(G5:G79) -> 46639 | F1: 營業額 | G1: =SUM(H5:H79) -> 2286219.3 | H1: 出勤人數 | I1: =M15+M26+M48+M58+M69+M79+M37 -> 88.966667 | J1: 產線配置圖 | M1: 生產實績 | P1: 人時性差異分析 | T1: 日報登錄 | Z1: 合計 次數 | AA1: 合計 時間/分 | AB1: 分析說明 | AD1: 合計 次數 | AE1: 合計 設備次數 | AF1: 產能差異分析
A2: 05月08日 星期五 | D2: 人時性 | E2: =AVERAGE(O15,O26,O37,O48,O58,O69,O79) -> 110.86407 | F2: 平均廠價 | G2: =G1/E1 -> 49.019475 | H2: 多次生產數 | I2: =COUNT(I5:I79) -> 0 | Z2: =Z15+Z26+Z37+Z48+Z58+Z69+Z79 -> 1 | AA2: =AA15+AA26+AA37+AA48+AA58+AA69+AA79 -> 7 | AD2: =AD15+AD26+AD37+AD48+AD58+AD69+AD79 -> 2 | AE2: =AE15+AE26+AE37+AE48+AE58+AE69+AE79 -> 1
A3: 線別 | B3: 品類 | D3: 品名 | F3: 廠價 | G3: 生產量 | H3: 營收 | I3: 多次 生產 | J3: 人數 | K3: 產能/時 | L3: 人時性 | M3: 人數 | N3: 產能/時 | O3: 人時性 | P3: 人數 | Q3: 人時性 | R3: 達成率 | S3: 達成率平均 | T3: 生產時間 | V3: 前置、換線時間/分 | W3: 稼動時間/分 | X3: 休息時間 | Z3: 產線異常統計 (5分鐘以上) | AD3: 短暫停線統計 (5分鐘以下) | AF3: 產能/時 | AG3: 達成率 | AH3: 達成率平均
T4: 開始 | U4: 結束 | X4: 開始 | Y4: 結束 | Z4: 次數 | AA4: 時間/分 | AD4: 總次數 | AE4: 設備因素(次數)
A5: 自動一線 (ET-600) | B5: 義大利麵 | D5: 白酒清炒鮮蛤義大利麵 | F5: =VLOOKUP(D5,廠價表!$C$1:$E$43,3,0) -> 56.87 | G5: 2750 | H5: =F5*G5 -> 156392.5 | J5: =VLOOKUP(D5,產線配置圖!$A$3:$C$40,2,0) -> 15 | K5: =VLOOKUP(D5,產線配置圖!$A$3:$C$40,3,0) -> 2250 | L5: =K5/J5 -> 150 | M5: 15 | N5: =G5/W5*60 -> 2062.5 | O5: =N5/M5 -> 137.5 | P5: =M5-J5 -> 0 | Q5: =O5-L5 -> -12.5 | R5: =O5/L5 -> 0.91666667 | S5: =R15 -> 0.91193337 | T5: 0.29166667 | U5: 0.34722222 | W5: =(U5-T5)*24*60 -> 80 | AF5: =N5-K5 -> -187.5 | AG5: =N5/K5 -> 0.91666667 | AH5: =AG15 -> 0.91193337
B6: 義大利麵 | D6: 香煎魚排佐檸檬奶油義大利麵 | F6: =VLOOKUP(D6,廠價表!$C$1:$E$43,3,0) -> 58.17 | G6: 3263 | H6: =F6*G6 -> 189808.71 | J6: =VLOOKUP(D6,產線配置圖!$A$3:$C$40,2,0) -> 15 | K6: =VLOOKUP(D6,產線配置圖!$A$3:$C$40,3,0) -> 2250 | L6: =K6/J6 -> 150 | M6: 15 | N6: =G6/W6*60 -> 1977.5758 | O6: =N6/M6 -> 131.83838 | P6: =M6-J6 -> 0 | Q6: =O6-L6 -> -18.161616 | R6: =O6/L6 -> 0.87892256 | T6: 0.35416667 | U6: 0.42291667 | V6: =(T6-U5)*24*60 -> 10 | W6: =(U6-T6)*24*60 -> 99 | AF6: =N6-K6 -> -272.42424 | AG6: =N6/K6 -> 0.87892256
B7: 義大利麵 | D7: 奶油培根義大利麵 | F7: =VLOOKUP(D7,廠價表!$C$1:$E$43,3,0) -> 49.14 | G7: 2645 | H7: =F7*G7 -> 129975.3 | J7: =VLOOKUP(D7,產線配置圖!$A$3:$C$40,2,0) -> 15 | K7: =VLOOKUP(D7,產線配置圖!$A$3:$C$40,3,0) -> 2250 | L7: =K7/J7 -> 150 | M7: 15 | N7: =G7/W7*60 -> 2204.1667 | O7: =N7/M7 -> 146.94444 | P7: =M7-J7 -> 0 | Q7: =O7-L7 -> -3.0555556 | R7: =O7/L7 -> 0.97962963 | T7: 0.42986111 | U7: 0.47986111 | V7: =(T7-U6)*24*60 -> 10 | W7: =(U7-T7)*24*60 -> 72 | X7: 0.49652778 | Y7: 0.53819444 | AF7: =N7-K7 -> -45.833333 | AG7: =N7/K7 -> 0.97962963
B8: 義大利麵 | D8: 奶油培根義大利麵 | F8: =VLOOKUP(D8,廠價表!$C$1:$E$43,3,0) -> 49.14 | G8: 1865 | H8: =F8*G8 -> 91646.1 | J8: =VLOOKUP(D8,產線配置圖!$A$3:$C$40,2,0) -> 15 | K8: =VLOOKUP(D8,產線配置圖!$A$3:$C$40,3,0) -> 2250 | L8: =K8/J8 -> 150 | M8: 15 | N8: =G8/W8*60 -> 1963.1579 | O8: =N8/M8 -> 130.87719 | P8: =M8-J8 -> 0 | Q8: =O8-L8 -> -19.122807 | R8: =O8/L8 -> 0.87251462 | T8: 0.54513889 | U8: 0.58472222 | V8: =(T8-U7)*24*60 -> 94 | W8: =(U8-T8)*24*60 -> 57 | AF8: =N8-K8 -> -286.84211 | AG8: =N8/K8 -> 0.87251462
W9: =(U9-T9)*24*60 -> 0 | AF9: =N9-K9 -> 0 | AG9: =N9/K9 -> #DIV/0!
W10: =(U10-T10)*24*60 -> 0 | AF10: =N10-K10 -> 0 | AG10: =N10/K10 -> #DIV/0!
W11: =(U11-T11)*24*60 -> 0 | AF11: =N11-K11 -> 0 | AG11: =N11/K11 -> #DIV/0!
W12: =(U12-T12)*24*60 -> 0
W13: =(U13-T13)*24*60 -> 0
W14: =(U14-T14)*24*60 -> 0
C15: 4度一組 | D15: 平均 | J15: =AVERAGE(J5:J14) -> 15 | K15: =AVERAGE(K5:K14) -> 2250 | L15: =AVERAGE(L5:L14) -> 150 | M15: =AVERAGE(M5:M14) -> 15 | N15: =AVERAGE(N5:N14) -> 2051.8501 | O15: =AVERAGE(O5:O14) -> 136.79001 | P15: =M15-J15 -> 0 | Q15: =O15-L15 -> -13.209995 | R15: =O15/L15 -> 0.91193337 | Z15: =SUM(Z5:Z14) -> 0 | AA15: =SUM(AA5:AA14) -> 0 | AD15: =SUM(AD5:AD14) -> 0 | AE15: =SUM(AE5:AE14) -> 0 | AF15: =N15-K15 -> -198.14992 | AG15: =N15/K15 -> 0.91193337
A16: 自動二線 (ET-600) | B16: 義大利麵 | D16: 青醬蛤蜊義大利麵 | F16: =VLOOKUP(D16,廠價表!$C$1:$E$43,3,0) -> 50.67 | G16: 2991 | H16: =F16*G16 -> 151553.97 | J16: =VLOOKUP(D16,產線配置圖!$A$3:$C$40,2,0) -> 13 | K16: =VLOOKUP(D16,產線配置圖!$A$3:$C$40,3,0) -> 2250 | L16: =K16/J16 -> 173.07692 | M16: 13 | N16: =G16/W16*60 -> 1909.1489 | O16: =N16/M16 -> 146.85761 | P16: =M16-J16 -> 0 | Q16: =O16-L16 -> -26.219313 | R16: =O16/L16 -> 0.84851064 | S16: =R26 -> 0.88386801 | T16: 0.29097222 | U16: 0.35625 | W16: =(U16-T16)*24*60 -> 94 | AF16: =N16-K16 -> -340.85106 | AG16: =N16/K16 -> 0.84851064 | AH16: =AG26 -> 0.88661466
B17: 義大利麵 | D17: 義式辣味嫩烤雞腿排義大利麵 | F17: =VLOOKUP(D17,廠價表!$C$1:$E$43,3,0) -> 56.61 | G17: 1584 | H17: =F17*G17 -> 89670.24 | J17: =VLOOKUP(D17,產線配置圖!$A$3:$C$40,2,0) -> 15 | K17: =VLOOKUP(D17,產線配置圖!$A$3:$C$40,3,0) -> 2250 | L17: =K17/J17 -> 150 | M17: 15 | N17: =G17/W17*60 -> 2112 | O17: =N17/M17 -> 140.8 | P17: =M17-J17 -> 0 | Q17: =O17-L17 -> -9.2 | R17: =O17/L17 -> 0.93866667 | T17: 0.3625 | U17: 0.39375 | V17: =(T17-U16)*24*60 -> 9 | W17: =(U17-T17)*24*60 -> 45 | AF17: =N17-K17 -> -138 | AG17: =N17/K17 -> 0.93866667
B18: 義大利麵 | D18: 義式蕃茄起司義大利麵 | F18: =VLOOKUP(D18,廠價表!$C$1:$E$43,3,0) -> 50.39 | G18: 3927 | H18: =F18*G18 -> 197881.53 | J18: =VLOOKUP(D18,產線配置圖!$A$3:$C$40,2,0) -> 12 | K18: =VLOOKUP(D18,產線配置圖!$A$3:$C$40,3,0) -> 2250 | L18: =K18/J18 -> 187.5 | M18: 12 | N18: =G18/W18*60 -> 1963.5 | O18: =N18/M18 -> 163.625 | P18: =M18-J18 -> 0 | Q18: =O18-L18 -> -23.875 | R18: =O18/L18 -> 0.87266667 | T18: 0.40625 | U18: 0.48958333 | V18: =(T18-U17)*24*60 -> 18 | W18: =(U18-T18)*24*60 -> 120 | X18: 0.50347222 | Y18: 0.54513889 | AF18: =N18-K18 -> -286.5 | AG18: =N18/K18 -> 0.87266667
W19: =(U19-T19)*24*60 -> 0 | AF19: =N19-K19 -> 0 | AG19: =N19/K19 -> #DIV/0!
W20: =(U20-T20)*24*60 -> 0
W21: =(U21-T21)*24*60 -> 0
W22: 0
W23: =(U23-T23)*24*60 -> 0
H24: =F24*G24 -> 0 | W24: =(U24-T24)*24*60 -> 0
H25: =F25*G25 -> 0 | W25: =(U25-T25)*24*60 -> 0
C26: 4度二組A | D26: 平均 | J26: =AVERAGE(J16:J25) -> 13.333333 | K26: =AVERAGE(K16:K25) -> 2250 | L26: =AVERAGE(L16:L25) -> 170.19231 | M26: =AVERAGE(M16:M25) -> 13.333333 | N26: =AVERAGE(N16:N25) -> 1994.883 | O26: =AVERAGE(O16:O25) -> 150.42754 | P26: =M26-J26 -> 0 | Q26: =O26-L26 -> -19.764771 | R26: =O26/L26 -> 0.88386801 | Z26: =SUM(Z16:Z25) -> 0 | AA26: =SUM(AA16:AA25) -> 0 | AD26: =SUM(AD16:AD25) -> 0 | AE26: =SUM(AE16:AE25) -> 0 | AF26: =N26-K26 -> -255.11702 | AG26: =N26/K26 -> 0.88661466
A27: 手工三線 (ET-55) | B27: 義大利麵 | D27: 整條德式香腸義大利麵 | F27: =VLOOKUP(D27,廠價表!$C$1:$E$43,3,0) -> 57.21 | G27: 3172 | H27: =F27*G27 -> 181470.12 | J27: =VLOOKUP(D27,產線配置圖!$A$3:$C$40,2,0) -> 17 | K27: =VLOOKUP(D27,產線配置圖!$A$3:$C$40,3,0) -> 1565 | L27: =K27/J27 -> 92.058824 | M27: 17 | N27: =G27/W27*60 -> 1268.8 | O27: =N27/M27 -> 74.635294 | P27: =M27-J27 -> 0 | Q27: =O27-L27 -> -17.423529 | R27: =O27/L27 -> 0.81073482 | S27: =R37 -> 0.82434456 | T27: 0.33333333 | U27: 0.4375 | W27: =(U27-T27)*24*60 -> 150 | AF27: =N27-K27 -> -296.2 | AG27: =N27/K27 -> 0.81073482 | AH27: =AG37 -> 0.8232171
B28: 義大利麵 | D28: 焗烤起司肉醬筆尖麵 | F28: =VLOOKUP(D28,廠價表!$C$1:$E$43,3,0) -> 50.67 | G28: 992 | H28: =F28*G28 -> 50264.64 | J28: =VLOOKUP(D28,產線配置圖!$A$3:$C$40,2,0) -> 13 | K28: =VLOOKUP(D28,產線配置圖!$A$3:$C$40,3,0) -> 1440 | L28: =K28/J28 -> 110.76923 | M28: 13 | N28: =G28/W28*60 -> 1190.4 | O28: =N28/M28 -> 91.569231 | P28: =M28-J28 -> 0 | Q28: =O28-L28 -> -19.2 | R28: =O28/L28 -> 0.82666667 | T28: 0.44444444 | U28: 0.47916667 | V28: =(T28-U27)*24*60 -> 10 | W28: =(U28-T28)*24*60 -> 50 | X28: 0.48263889 | Y28: 0.53472222 | AF28: =N28-K28 -> -249.6 | AG28: =N28/K28 -> 0.82666667
B29: 義大利麵 | D29: 焗烤起司肉醬筆尖麵 | F29: =VLOOKUP(D29,廠價表!$C$1:$E$43,3,0) -> 50.67 | G29: 600 | H29: =F29*G29 -> 30402 | J29: =VLOOKUP(D29,產線配置圖!$A$3:$C$40,2,0) -> 13 | K29: =VLOOKUP(D29,產線配置圖!$A$3:$C$40,3,0) -> 1440 | L29: =K29/J29 -> 110.76923 | M29: 13 | N29: =G29/W29*60 -> 1200 | O29: =N29/M29 -> 92.307692 | P29: =M29-J29 -> 0 | Q29: =O29-L29 -> -18.461538 | R29: =O29/L29 -> 0.83333333 | T29: 0.54166667 | U29: 0.5625 | V29: =(T29-U28)*24*60 -> 90 | W29: =(U29-T29)*24*60 -> 30 | AF29: =N29-K29 -> -240 | AG29: =N29/K29 -> 0.83333333
W30: =(U30-T30)*24*60 -> 0 | AF30: =N30-K30 -> 0 | AG30: =N30/K30 -> #DIV/0!
W31: =(U31-T31)*24*60 -> 0 | AF31: =N31-K31 -> 0 | AG31: =N31/K31 -> #DIV/0!
W32: =(U32-T32)*24*60 -> 0
W33: =(U33-T33)*24*60 -> 0
W34: =(U34-T34)*24*60 -> 0
W35: =(U35-T35)*24*60 -> 0
H36: =F36*G36 -> 0 | W36: =(U36-T36)*24*60 -> 0
C37: 4度二組B | D37: 平均 | J37: =AVERAGE(J27:J36) -> 14.333333 | K37: =AVERAGE(K27:K36) -> 1481.6667 | L37: =AVERAGE(L27:L36) -> 104.53243 | M37: =AVERAGE(M27:M36) -> 14.333333 | N37: =AVERAGE(N27:N36) -> 1219.7333 | O37: =AVERAGE(O27:O36) -> 86.170739 | P37: =M37-J37 -> 0 | Q37: =N37-K37 -> -261.93333 | R37: =O37/L37 -> 0.82434456 | Z37: =SUM(Z27:Z36) -> 0 | AA37: =SUM(AA27:AA36) -> 0 | AD37: =SUM(AD27:AD36) -> 0 | AE37: =SUM(AE27:AE36) -> 0 | AF37: =N37-K37 -> -261.93333 | AG37: =N37/K37 -> 0.8232171
