Workbook

Sheet 廠價表
A1: check | B1: 溫層 | C1: 品名 | D1: 類別 | E1: 廠價
B2: 4度C | C2: 奶油鮮蝦明太子細扁麵 | D2: 義大利麵 | E2: 57.21
B3: 4度C | C3: 白酒清炒鮮蛤義大利麵 | D3: 義大利麵 | E3: 56.87
B4: 4度C | C4: 義式蕃茄起司義大利麵 | D4: 義大利麵 | E4: 50.39
B5: 4度C | C5: 焗烤起司雙饗筆尖麵 | D5: 義大利麵 | E5: 49.97
B6: 4度C | C6: 奶油培根義大利麵 | D6: 義大利麵 | E6: 49.14
B7: 4度C | C7: 焦糖拿鐵烤雞細扁麵 | D7: 義大利麵 | E7: 57.21
B8: 4度C | D8: 義大利麵 | E8: 56.61
B9: 4度C | C9: 焗烤起司肉醬筆尖麵 | D9: 義大利麵 | E9: 50.67
B10: 4度C | D10: 義大利麵
B11: 4度C | C11: 蒜香奶油蝦蝦義大利麵 | D11: 義大利麵 | E11: 57.21
B12: 4度C | C12: 義式辣味嫩烤雞腿排義大利麵 | D12: 義大利麵 | E12: 56.61
B13: 4度C | C13: 香煎魚排佐檸檬奶油義大利麵 | D13: 義大利麵 | E13: 58.17
B14: 4度C | C14: 青醬蛤蜊義大利麵 | D14: 義大利麵 | E14: 50.67
B15: 4度C | C15: 焗烤明太子筆尖麵 | D15: 義大利麵 | E15: 57.3
B16: 4度C | C16: 整條德式香腸義大利麵 | D16: 義大利麵 | E16: 57.21
B17: 4度C | C17: 義式蛋蛋青醬鮪魚冷義大利麵 | D17: 義大利麵 | E17: 45.66
B18: 4度C | C18: 黑松露野菇義大利麵 | D18: 義大利麵 | E18: 50.289
B19: 4度C | C19: 青花椒麻雞肉拌麵 | D19: 熱乾麵 | E19: 49.91
B20: 4度C | C20: 府城鹽水意麵 | D20: 熱乾麵 | E20: 44.3
B21: 4度C | C21: 沙茶豬肉炒麵 | D21: 熱乾麵 | E21: 49.52
B22: 4度C | C22: 蕃茄莎莎海鮮冷義大利麵 | D22: 義大利麵 | E22: 46.34
... B26: 4度C | C26: 麻辣雞心 | D26: 小吃、微波 | E26: 28.26
B28: 4度C | C28: 鮮奶油白醬醬杯 | D28: 冷麵醬杯
B46: 冷凍 | C46: 青醬蛤蜊義大利麵 | D46: 冷凍調理麵 | E46: 29.38
B47: 冷凍 | C47: 經典肉醬義大利麵 | D47: 冷凍調理麵 | E47: 29.38
B48: 冷凍 | C48: 奶油蘑菇培根義大利麵 | D48: 冷凍調理麵 | E48: 29.38
B49: 冷凍 | C49: 清炒蛤蜊義大利麵 | D49: 冷凍調理麵 | E49: 29.38
B50: 冷凍 | C50: 青醬乳酪筆尖麵 | D50: 冷凍調理麵 | E50: 29.38
B51: 冷凍 | C51: 辣蕃茄義大利麵 | D51: 冷凍調理麵 | E51: 29.38
B52: 冷凍 | D52: 冷凍調理麵
B53: 冷凍 | C53: 韓式起司義大利麵 | D53: 冷凍調理麵 | E53: 29.38
B54: 冷凍 | D54: 冷凍調理麵
B55: 冷凍 | C55: 和風明太子細扁麵 | D55: 冷凍調理麵 | E55: 29.38

Sheet 產線配置圖
A1: 品項 | B1: 人數 | C1: 產能 | E1: 人時 | G1: 備註
A2: 義大利麵
A3: 白酒清炒鮮蛤義大利麵 | B3: 15 | C3: 2250 | D3: ET-600 | E3: =C3/B3 -> 150
A4: 白酒清炒鮮蛤義大利麵-手 | B4: 17 | C4: 1716 | D4: ET-55 | E4: =C4/B4 -> 100.94118
A5: 青醬蛤蜊義大利麵 | B5: 14 | C5: 2250 | E5: =C5/B5 -> 160.71429
A6: 青醬蛤蜊義大利麵-手 | B6: 16 | C6: 1714 | E6: =C6/B6 -> 107.125
A7: 義式蕃茄起司義大利麵 | B7: 13 | C7: 2250 | E7: =C7/B7 -> 173.07692
A8: 奶油培根義大利麵 | B8: 15 | C8: 2250 | E8: =C8/B8 -> 150
A9: 蒜香奶油蝦蝦義大利麵 | B9: 17 | C9: 2250 | E9: =C9/B9 -> 132.35294
A10: 蒜香奶油蝦蝦義大利麵-手 | B10: 17 | C10: 1716 | E10: =C10/B10 -> 100.94118
A11: 義式辣味嫩烤雞腿排義大利麵 | B11: 15 | C11: 2250 | E11: =C11/B11 -> 150
A12: 香煎魚排佐檸檬奶油義大利麵 | B12: 15 | C12: 2250 | E12: =C12/B12 -> 150
A13: 黑松露野菇義大利麵 | B13: 18 | C13: 1565 | E13: =C13/B13 -> 86.944444 | J13: 黑松露野菇義大利麵 | K13: 17 | L13: 1565 | N13: =L13/K13 -> 92.058824
A14: 青花椒麻雞肉拌麵 | B14: 15 | C14: 1714 | E14: =C14/B14 -> 114.26667 | J14: 青花椒麻雞肉拌麵 | K14: 14 | L14: 1714 | N14: =L14/K14 -> 122.42857
A15: 焗烤起司雙饗筆尖麵 | B15: 16 | C15: 1800 | E15: =C15/B15 -> 112.5 | G15: 目前使用手工 | J15: 焗烤起司雙饗筆尖麵 | K15: 15 | L15: 1800 | N15: =L15/K15 -> 120
A16: 沙茶豬肉炒麵 | B16: 17 | C16: 1800 | E16: =C16/B16 -> 105.88235 | J16: 沙茶豬肉炒麵 | K16: 16 | L16: 1500 | N16: =L16/K16 -> 93.75
A17: 府城鹽水意麵 | B17: 17 | C17: 1636 | E17: =C17/B17 -> 96.235294 | J17: 府城鹽水意麵 | K17: 16 | L17: 1636 | N17: =L17/K17 -> 102.25
A18: 焗烤起司肉醬筆尖麵-降 | B18: 10 | C18: 1125 | E18: =C18/B18 -> 112.5 | J18: 焗烤起司肉醬筆尖麵 | K18: 12 | L18: 1440 | N18: =L18/K18 -> 120
A19: 焗烤起司肉醬筆尖麵 | B19: 13 | C19: 1440 | E19: =C19/B19 -> 110.76923 | G19: 目前使用雙排 | J19: 整條德式香腸義大利麵 | K19: 16 | L19: 1565 | N19: =L19/K19 -> 97.8125
A20: 整條德式香腸義大利麵 | B20: 18 | C20: 1565 | E20: =C20/B20 -> 86.944444
A21: 奶油鮮蝦明太子細扁麵 | B21: 18 | C21: 1636 | E21: =C21/B21 -> 90.888889
A22: 焦糖拿鐵烤雞細扁麵 | B22: 18 | C22: 1565 | E22: =C22/B22 -> 86.944444
A23: 義式蛋蛋青醬鮪魚冷義大利麵 | B23: 17 | C23: 1500 | E23: =C23/B23 -> 88.235294
A24: 鮮奶油白醬醬杯 | B24: 4 | C24: 1500 | E24: =C24/B24 -> 375
A25: 蕃茄莎莎海鮮冷義大利麵 | B25: 16 | C25: 1800 | E25: =C25/B25 -> 112.5
A26: 調理包
A27: 小滷青蔬 | B27: 15 | C27: 1565 | E27: =C27/B27 -> 104.33333 | G27: 夏季+1人補料
A28: 起司馬鈴薯 | B28: 12 | C28: 1565 | E28: =C28/B28 -> 130.41667
A29: 麻辣雞心 | B29: 11 | C29: 1636 | E29: =C29/B29 -> 148.72727
A30: 韓式炒冬粉 | B30: 11 | C30: 1565 | E30: =C30/B30 -> 142.27273
E34: 更新日期05/28

Sheet 範本總
B1: 長家廠組合室生產人時性分析
B3: 日期 | D3: 46015 | F3: 訂單量 | G3: =範本!E1 -> 43309 | I3: 營業額 | J3: =範本!G1 -> #N/A
B4: 項目 | D4: 3 | F4: ➀ | H4: ➁ | J4: ③ | L4: 異常停線 | N4: 短暫停線
B5: 人時性 | D5: 組合室 | F5: 全溫層 | H5: 義大利麵 | J5: 袋裝小吃、義麵 | L5: 合計次數 | M5: 時間 | N5: 合計次數 | O5: 設備次數
D6: 排關平均 | F6: =AVERAGE(D13:J13) -> #N/A | H6: =AVERAGE(D13:H13) -> #N/A | J6: =AVERAGE(I13:J13) -> #N/A | L6: =範本!Z2 -> 0 | M6: =範本!AA2 -> 0 | N6: =範本!AD2 -> 0 | O6: =範本!AE2 -> 0
D7: 實績平均 | F7: =AVERAGE(D14:J14) -> 116.11475 | H7: =AVERAGE(D14:H14) -> 117.36075 | J7: =AVERAGE(I14:J14) -> 112.99975
D8: 達成率平均 | F8: =AVERAGE(D15:J15) -> #N/A | H8: =AVERAGE(D15:H15) -> #N/A | J8: =AVERAGE(I15:J15) -> #N/A
J9: ※現行日本鮮食廠以達成率80%為基本(即為現行KPI)
B10: 溫層 | D10: 4度C-各編組展開
B11: 編組 | D11: 1 | E11: 2 | F11: 3 | G11: 4 | H11: 5 | I11: 6 | J11: 7
D12: 自動1線 | E12: 自動2線 | F12: 手工3線 | G12: 手工4線 | H12: 手工5線 | I12: 調理包1線 | J12: 調理包2線
B13: 人時性 | C13: 排關 | D13: =VALUE(範本!L15) -> #N/A | E13: =VALUE(範本!L26) -> #N/A | F13: =VALUE(範本!L37) -> #N/A | G13: =VALUE(範本!L48) -> #N/A | H13: =VALUE(範本!L58) -> #N/A | I13: =VALUE(範本!L69) -> #N/A | J13: =範本!L79 -> #N/A
C14: 實績 | D14: =VALUE(範本!O15) -> 113.91637 | E14: =VALUE(範本!O26) -> 132.12003 | F14: =VALUE(範本!O37) -> 126.23842 | G14: =VALUE(範本!O48) -> 112.0543 | H14: =VALUE(範本!O58) -> 102.47462 | I14: =VALUE(範本!O69) -> 155.46443 | J14: =範本!O79 -> 70.535065
C15: 達成率 | D15: =D14/D13 -> #N/A | E15: =E14/E13 -> #N/A | F15: =F14/F13 -> #N/A | G15: =G14/G13 -> #N/A | H15: =H14/H13 -> #N/A | I15: =I14/I13 -> #N/A | J15: =範本!S70 -> #N/A
B16: 作業 時間 | C16: 開始 | D16: =範本!T5 -> 0.29097222 | E16: =範本!T16 -> 0.29097222 | F16: =範本!T27 -> 0.29166667 | G16: =範本!T38 -> 0.33333333 | H16: =範本!T49 -> 0.29166667 | I16: =範本!T59 -> 0.29166667 | J16: =範本!T70 -> 0.34722222
C17: 結束 | D17: 0.47361111 | E17: 0.48263889 | F17: 0.56944444 | G17: 0.60416667 | H17: 0.58333333 | I17: 0.48819444 | J17: 0.46875
B18: 產線異常 (5分鐘以上) | C18: 次數
C19: 時間/分
B20: 短暫停線 (5分鐘以下) | C20: 次數
C21: 設備次數
B22: 配置人數 | D22: =VALUE(範本!M15) -> 15 | E22: =VALUE(範本!M26) -> 12.666667 | F22: =VALUE(範本!M37) -> 14.666667 | G22: =VALUE(範本!M48) -> 14 | H22: =VALUE(範本!M58) -> 17.666667 | I22: =VALUE(範本!M69) -> 12.333333 | J22: =範本!M79 -> 11
B23: 主要應用設備 | D23: ET-600 | E23: ET-600 | F23: ET-55 | G23: ET-55 | H23: ET-55 | I23: 八爪機
B24: 次要應用設備 | H24: 封口機
B25: 備註

Sheet 範本
A1: 長家廠4度C日報分析 | D1: 總生產量 | E1: =SUM(G5:G79) -> 43309 | F1: 營業額 | G1: =SUM(H5:H79) -> #N/A | H1: 出勤人數 | I1: =M15+M26+M48+M58+M69+M79+M37 -> 97.333333 | J1: 產線配置圖 | M1: 生產實績 | P1: 人時性差異分析 | T1: 日報登錄 | Z1: 合計 次數 | AA1: 合計 時間/分 | AB1: 分析說明 | AD1: 合計 次數 | AE1: 合計 設備次數 | AF1: 產能差異分析
A2: 12月24日 星期三 | D2: 人時性 | E2: =AVERAGE(O15,O26,O37,O48,O58,O69,O79) -> 116.11475 | F2: 平均廠價 | G2: =G1/E1 -> #N/A | H2: 多次生產數 | I2: =COUNT(I5:I79) -> 0 | Z2: =Z15+Z26+Z37+Z48+Z58+Z69+Z79 -> 0 | AA2: =AA15+AA26+AA37+AA48+AA58+AA69+AA79 -> 0 | AD2: =AD15+AD26+AD37+AD48+AD58+AD69+AD79 -> 0 | AE2: =AE15+AE26+AE37+AE48+AE58+AE69+AE79 -> 0
A3: 線別 | B3: 品類 | D3: 品名 | F3: 廠價 | G3: 生產量 | H3: 營收 | I3: 多次 生產 | J3: 人數 | K3: 產能/時 | L3: 人時性 | M3: 人數 | N3: 產能/時 | O3: 人時性 | P3: 人數 | Q3: 人時性 | R3: 達成率 | S3: 達成率平均 | T3: 生產時間 | V3: 前置、換線時間/分 | W3: 稼動時間/分 | X3: 休息時間 | Z3: 產線異常統計 (5分鐘以上) | AD3: 短暫停線統計 (5分鐘以下) | AF3: 產能/時 | AG3: 達成率 | AH3: 達成率平均
T4: 開始 | U4: 結束 | X4: 開始 | Y4: 結束 | Z4: 次數 | AA4: 時間/分 | AD4: 總次數 | AE4: 設備因素(次數)
A5: 自動一線 (ET-600) | B5: =VLOOKUP(D5,廠價表!$C$1:$E$43,2,0) -> #N/A | F5: =VLOOKUP(D5,廠價表!$C$1:$E$43,3,0) -> #N/A | G5: 2263 | H5: =F5*G5 -> #N/A | J5: =VLOOKUP(D5,產線配置圖!$A$3:$C$40,2,0) -> #N/A | K5: =VLOOKUP(D5,產線配置圖!$A$3:$C$40,3,0) -> #N/A | L5: =K5/J5 -> #N/A | M5: 15 | N5: =G5/W5*60 -> 1444.4681 | O5: =N5/M5 -> 96.297872 | P5: =M5-J5 -> #N/A | Q5: =O5-L5 -> #N/A | R5: =O5/L5 -> #N/A | S5: =R15 -> #N/A | T5: 0.29097222 | U5: 0.35625 | W5: =(U5-T5)*24*60 -> 94 | AF5: =N5-K5 -> #N/A | AG5: =N5/K5 -> #N/A | AH5: =AG15 -> #N/A
B6: =VLOOKUP(D6,廠價表!$C$1:$E$43,2,0) -> #N/A | F6: =VLOOKUP(D6,廠價表!$C$1:$E$43,3,0) -> #N/A | G6: 1180 | H6: =F6*G6 -> #N/A | J6: =VLOOKUP(D6,產線配置圖!$A$3:$C$40,2,0) -> #N/A | K6: =VLOOKUP(D6,產線配置圖!$A$3:$C$40,3,0) -> #N/A | L6: =K6/J6 -> #N/A | M6: 17 | N6: =G6/W6*60 -> 1609.0909 | O6: =N6/M6 -> 94.652406 | P6: =M6-J6 -> #N/A | Q6: =O6-L6 -> #N/A | R6: =O6/L6 -> #N/A | T6: 0.36458333 | U6: 0.39513889 | V6: =(T6-U5)*24*60 -> 12 | W6: =(U6-T6)*24*60 -> 44 | AF6: =N6-K6 -> #N/A | AG6: =N6/K6 -> #N/A
B7: =VLOOKUP(D7,廠價表!$C$1:$E$43,2,0) -> #N/A | F7: =VLOOKUP(D7,廠價表!$C$1:$E$43,3,0) -> #N/A | G7: 3398 | H7: =F7*G7 -> #N/A | J7: =VLOOKUP(D7,產線配置圖!$A$3:$C$40,2,0) -> #N/A | K7: =VLOOKUP(D7,產線配置圖!$A$3:$C$40,3,0) -> #N/A | L7: =K7/J7 -> #N/A | M7: 13 | N7: =G7/W7*60 -> 1960.3846 | O7: =N7/M7 -> 150.79882 | P7: =M7-J7 -> #N/A | Q7: =O7-L7 -> #N/A | R7: =O7/L7 -> #N/A | T7: 0.40138889 | U7: 0.47361111 | V7: =(T7-U6)*24*60 -> 9 | W7: =(U7-T7)*24*60 -> 104 | AF7: =N7-K7 -> #N/A | AG7: =N7/K7 -> #N/A
W8: =(U8-T8)*24*60 -> 0 | X8: 0.48611111 | Y8: 0.52777778 | AF8: =N8-K8 -> 0 | AG8: =N8/K8 -> #DIV/0!
W9: =(U9-T9)*24*60 -> 0 | AF9: =N9-K9 -> 0 | AG9: =N9/K9 -> #DIV/0!
W10: =(U10-T10)*24*60 -> 0 | AF10: =N10-K10 -> 0 | AG10: =N10/K10 -> #DIV/0!
W11: =(U11-T11)*24*60 -> 0 | AF11: =N11-K11 -> 0 | AG11: =N11/K11 -> #DIV/0!
W12: =(U12-T12)*24*60 -> 0
W13: =(U13-T13)*24*60 -> 0
W14: =(U14-T14)*24*60 -> 0
C15: 4度一組 | D15: 平均 | J15: =AVERAGE(J5:J14) -> #N/A | K15: =AVERAGE(K5:K14) -> #N/A | L15: =AVERAGE(L5:L14) -> #N/A | M15: =AVERAGE(M5:M14) -> 15 | N15: =AVERAGE(N5:N14) -> 1671.3145 | O15: =AVERAGE(O5:O14) -> 113.91637 | P15: =M15-J15 -> #N/A | Q15: =O15-L15 -> #N/A | R15: =O15/L15 -> #N/A | Z15: =SUM(Z5:Z14) -> 0 | AA15: =SUM(AA5:AA14) -> 0 | AD15: =SUM(AD5:AD14) -> 0 | AE15: =SUM(AE5:AE14) -> 0 | AF15: =N15-K15 -> #N/A | AG15: =N15/K15 -> #N/A
A16: 自動二線 (ET-600) | B16: =VLOOKUP(D16,廠價表!$C$1:$E$43,2,0) -> #N/A | F16: =VLOOKUP(D16,廠價表!$C$1:$E$43,3,0) -> #N/A | G16: 2263 | H16: =F16*G16 -> #N/A | J16: =VLOOKUP(D16,產線配置圖!$A$3:$C$40,2,0) -> #N/A | K16: =VLOOKUP(D16,產線配置圖!$A$3:$C$40,3,0) -> #N/A | L16: =K16/J16 -> #N/A | M16: 13 | N16: =G16/W16*60 -> 2225.9016 | O16: =N16/M16 -> 171.2232 | P16: =M16-J16 -> #N/A | Q16: =O16-L16 -> #N/A | R16: =O16/L16 -> #N/A | S16: =R26 -> #N/A | T16: 0.29097222 | U16: 0.33333333 | W16: =(U16-T16)*24*60 -> 61 | AF16: =N16-K16 -> #N/A | AG16: =N16/K16 -> #N/A | AH16: =AG26 -> #N/A
B17: =VLOOKUP(D17,廠價表!$C$1:$E$43,2,0) -> #N/A | F17: =VLOOKUP(D17,廠價表!$C$1:$E$43,3,0) -> #N/A | G17: 1180 | H17: =F17*G17 -> #N/A | J17: =VLOOKUP(D17,產線配置圖!$A$3:$C$40,2,0) -> #N/A | K17: =VLOOKUP(D17,產線配置圖!$A$3:$C$40,3,0) -> #N/A | L17: =K17/J17 -> #N/A | M17: 13 | N17: =G17/W17*60 -> 823.25581 | O17: =N17/M17 -> 63.32737 | P17: =M17-J17 -> #N/A | Q17: =O17-L17 -> #N/A | R17: =O17/L17 -> #N/A | T17: 0.34166667 | U17: 0.40138889 | V17: =(T17-U16)*24*60 -> 12 | W17: =(U17-T17)*24*60 -> 86 | AF17: =N17-K17 -> #N/A | AG17: =N17/K17 -> #N/A
B18: =VLOOKUP(D18,廠價表!$C$1:$E$43,2,0) -> #N/A | F18: =VLOOKUP(D18,廠價表!$C$1:$E$43,3,0) -> #N/A | G18: 3398 | H18: =F18*G18 -> #N/A | J18: =VLOOKUP(D18,產線配置圖!$A$3:$C$40,2,0) -> #N/A | K18: =VLOOKUP(D18,產線配置圖!$A$3:$C$40,3,0) -> #N/A | L18: =K18/J18 -> #N/A | M18: 12 | N18: =G18/W18*60 -> 1941.7143 | O18: =N18/M18 -> 161.80952 | P18: =M18-J18 -> #N/A | Q18: =O18-L18 -> #N/A | R18: =O18/L18 -> #N/A | T18: 0.40972222 | U18: 0.48263889 | V18: =(T18-U17)*24*60 -> 12 | W18: =(U18-T18)*24*60 -> 105 | X18: 0.48611111 | Y18: 0.52777778 | AF18: =N18-K18 -> #N/A | AG18: =N18/K18 -> #N/A
V19: =(T19-U18)*24*60 -> -695 | W19: =(U19-T19)*24*60 -> 0 | AF19: =N19-K19 -> 0 | AG19: =N19/K19 -> #DIV/0!
V20: =(T20-U19)*24*60 -> 0 | W20: =(U20-T20)*24*60 -> 0
W21: =(U21-T21)*24*60 -> 0
W22: 0
W23: =(U23-T23)*24*60 -> 0
H24: =F24*G24 -> 0 | W24: =(U24-T24)*24*60 -> 0
H25: =F25*G25 -> 0 | W25: =(U25-T25)*24*60 -> 0
C26: 4度二組A | D26: 平均 | J26: =AVERAGE(J16:J25) -> #N/A | K26: =AVERAGE(K16:K25) -> #N/A | L26: =AVERAGE(L16:L25) -> #N/A | M26: =AVERAGE(M16:M25) -> 12.666667 | N26: =AVERAGE(N16:N25) -> 1663.6239 | O26: =AVERAGE(O16:O25) -> 132.12003 | P26: =M26-J26 -> #N/A | Q26: =O26-L26 -> #N/A | R26: =O26/L26 -> #N/A | Z26: =SUM(Z16:Z25) -> 0 | AA26: =SUM(AA16:AA25) -> 0 | AD26: =SUM(AD16:AD25) -> 0 | AE26: =SUM(AE16:AE25) -> 0 | AF26: =N26-K26 -> #N/A | AG26: =N26/K26 -> #N/A
A27: 手工三線 (ET-55) | B27: =VLOOKUP(D27,廠價表!$C$1:$E$43,2,0) -> #N/A | F27: =VLOOKUP(D27,廠價表!$C$1:$E$43,3,0) -> #N/A | G27: 2263 | H27: =F27*G27 -> #N/A | J27: =VLOOKUP(D27,產線配置圖!$A$3:$C$40,2,0) -> #N/A | K27: =VLOOKUP(D27,產線配置圖!$A$3:$C$40,3,0) -> #N/A | L27: =K27/J27 -> #N/A | M27: 14 | N27: =G27/W27*60 -> 1212.3214 | O27: =N27/M27 -> 86.594388 | P27: =M27-J27 -> #N/A | Q27: =O27-L27 -> #N/A | R27: =O27/L27 -> #N/A | S27: =R37 -> #N/A | T27: 0.29166667 | U27: 0.36944444 | W27: =(U27-T27)*24*60 -> 112 | AF27: =N27-K27 -> #N/A | AG27: =N27/K27 -> #N/A | AH27: =AG37 -> #N/A
B28: =VLOOKUP(D28,廠價表!$C$1:$E$43,2,0) -> #N/A | F28: =VLOOKUP(D28,廠價表!$C$1:$E$43,3,0) -> #N/A | G28: 1180 | H28: =F28*G28 -> #N/A | J28: =VLOOKUP(D28,產線配置圖!$A$3:$C$40,2,0) -> #N/A | K28: =VLOOKUP(D28,產線配置圖!$A$3:$C$40,3,0) -> #N/A | L28: =K28/J28 -> #N/A | M28: 16 | N28: =G28/W28*60 -> 1089.2308 | O28: =N28/M28 -> 68.076923 | P28: =M28-J28 -> #N/A | Q28: =O28-L28 -> #N/A | R28: =O28/L28 -> #N/A | T28: 0.375 | U28: 0.42013889 | V28: =(T28-U27)*24*60 -> 8 | W28: =(U28-T28)*24*60 -> 65 | AF28: =N28-K28 -> #N/A | AG28: =N28/K28 -> #N/A
B29: =VLOOKUP(D29,廠價表!$C$1:$E$43,2,0) -> #N/A | F29: =VLOOKUP(D29,廠價表!$C$1:$E$43,3,0) -> #N/A | G29: 3398 | H29: =F29*G29 -> #N/A | J29: =VLOOKUP(D29,產線配置圖!$A$3:$C$40,2,0) -> #N/A | K29: =VLOOKUP(D29,產線配置圖!$A$3:$C$40,3,0) -> #N/A | L29: =K29/J29 -> #N/A | M29: 14 | N29: =G29/W29*60 -> 3136.6154 | O29: =N29/M29 -> 224.04396 | P29: =M29-J29 -> #N/A | Q29: =O29-L29 -> #N/A | R29: =O29/L29 -> #N/A | T29: 0.43055556 | U29: 0.47569444 | V29: =(T29-U28)*24*60 -> 15 | W29: =(U29-T29)*24*60 -> 65 | AF29: =N29-K29 -> #N/A | AG29: =N29/K29 -> #N/A
T30: 0.53958333 | U30: 0.56944444 | V30: =(T30-U29)*24*60 -> 92 | W30: =(U30-T30)*24*60 -> 43 | X30: 0.49652778 | Y30: 0.53819444 | AF30: =N30-K30 -> 0 | AG30: =N30/K30 -> #DIV/0!
W31: =(U31-T31)*24*60 -> 0 | AF31: =N31-K31 -> 0 | AG31: =N31/K31 -> #DIV/0!
W32: =(U32-T32)*24*60 -> 0
W33: =(U33-T33)*24*60 -> 0
W34: =(U34-T34)*24*60 -> 0
W35: =(U35-T35)*24*60 -> 0
H36: =F36*G36 -> 0 | W36: =(U36-T36)*24*60 -> 0
C37: 4度二組B | D37: 平均 | J37: =AVERAGE(J27:J36) -> #N/A | K37: =AVERAGE(K27:K36) -> #N/A | L37: =AVERAGE(L27:L36) -> #N/A | M37: =AVERAGE(M27:M36) -> 14.666667 | N37: =AVERAGE(N27:N36) -> 1812.7225 | O37: =AVERAGE(O27:O36) -> 126.23842 | P37: =M37-J37 -> #N/A | Q37: =N37-K37 -> #N/A | R37: =O37/L37 -> #N/A | Z37: =SUM(Z27:Z36) -> 0 | AA37: =SUM(AA27:AA36) -> 0 | AD37: =SUM(AD27:AD36) -> 0 | AE37: =SUM(AE27:AE36) -> 0 | AF37: =N37-K37 -> #N/A | AG37: =N37/K37 -> #N/A
A38: 手工四線 (ET-55) | B38: =VLOOKUP(D38,廠價表!$C$1:$E$43,2,0) -> #N/A | F38: =VLOOKUP(D38,廠價表!$C$1:$E$43,3,0) -> #N/A | G38: 2263 | H38: =F38*G38 -> #N/A | J38: =VLOOKUP(D38,產線配置圖!$A$3:$C$40,2,0) -> #N/A | K38: =VLOOKUP(D38,產線配置圖!$A$3:$C$40,3,0) -> #N/A | L38: =K38/J38 -> #N/A | M38: 14 | N38: =G38/W38*60 -> 1967.8261 | O38: =N38/M38 -> 140.55901 | P38: =M38-J38 -> #N/A | Q38: =O38-L38 -> #N/A | R38: =O38/L38 -> #N/A | S38: =R48 -> #N/A | T38: 0.33333333 | U38: 0.38125 | W38: =(U38-T38)*24*60 -> 69 | AF38: =N38-K38 -> #N/A | AG38: =N38/K38 -> #N/A | AH38: =AG48 -> #N/A
B39: =VLOOKUP(D39,廠價表!$C$1:$E$43,2,0) -> #N/A | F39: =VLOOKUP(D39,廠價表!$C$1:$E$43,3,0) -> #N/A | G39: 1180 | H39: =F39*G39 -> #N/A | J39: =VLOOKUP(D39,產線配置圖!$A$3:$C$40,2,0) -> #N/A | K39: =VLOOKUP(D39,產線配置圖!$A$3:$C$40,3,0) -> #N/A | L39: =K39/J39 -> #N/A | M39: 14 | N39: =G39/W39*60 -> 885 | O39: =N39/M39 -> 63.214286 | P39: =M39-J39 -> #N/A | Q39: =O39-L39 -> #N/A | R39: =O39/L39 -> #N/A | T39: 0.38888889 | U39: 0.44444444 | V39: =(T39-U38)*24*60 -> 11 | W39: =(U39-T39)*24*60 -> 80 | AF39: =N39-K39 -> #N/A | AG39: =N39/K39 -> #N/A
B40: =VLOOKUP(D40,廠價表!$C$1:$E$43,2,0) -> #N/A | F40: =VLOOKUP(D40,廠價表!$C$1:$E$43,3,0) -> #N/A | G40: 3398 | H40: =F40*G40 -> #N/A | J40: =VLOOKUP(D40,產線配置圖!$A$3:$C$40,2,0) -> #N/A | K40: =VLOOKUP(D40,產線配置圖!$A$3:$C$40,3,0) -> #N/A | L40: =K40/J40 -> #N/A | M40: 14 | N40: =G40/W40*60 -> 1853.4545 | O40: =N40/M40 -> 132.38961 | P40: =M40-J40 -> #N/A | Q40: =O40-L40 -> #N/A | R40: =O40/L40 -> #N/A | T40: 0.52777778 | U40: 0.60416667 | V40: =(T40-U39)*24*60 -> 120 | W40: =(U40-T40)*24*60 -> 110 | AF40: =N40-K40 -> #N/A | AG40: =N40/K40 -> #N/A
W41: =(U41-T41)*24*60 -> 0 | AF41: =N41-K41 -> 0 | AG41: =N41/K41 -> #DIV/0!
W42: =(U42-T42)*24*60 -> 0
W43: =(U43-T43)*24*60 -> 0
W44: =(U44-T44)*24*60 -> 0
W45: =(U45-T45)*24*60 -> 0
W46: =(U46-T46)*24*60 -> 0
H47: =F47*G47 -> 0 | W47: =(U47-T47)*24*60 -> 0
C48: 4度二組C1 | D48: 平均 | J48: =AVERAGE(J38:J47) -> #N/A | K48: =AVERAGE(K38:K47) -> #N/A | L48: =AVERAGE(L38:L47) -> #N/A | M48: =AVERAGE(M38:M47) -> 14 | N48: =AVERAGE(N38:N47) -> 1568.7602 | O48: =AVERAGE(O38:O47) -> 112.0543 | P48: =M48-J48 -> #N/A | Q48: =N48-K48 -> #N/A | R48: =O48/L48 -> #N/A | W48: =(U48-T48)*24*60 -> 0 | Z48: =SUM(Z38:Z47) -> 0 | AA48: =SUM(AA38:AA47) -> 0 | AD48: =SUM(AD38:AD47) -> 0 | AE48: =SUM(AE38:AE47) -> 0 | AF48: =N48-K48 -> #N/A | AG48: =N48/K48 -> #N/A
A49: 手工五線 (ET-55) | B49: =VLOOKUP(D49,廠價表!$C$1:$E$43,2,0) -> #N/A | F49: =VLOOKUP(D49,廠價表!$C$1:$E$43,3,0) -> #N/A | G49: 2263 | H49: =F49*G49 -> #N/A | J49: =VLOOKUP(D49,產線配置圖!$A$3:$C$40,2,0) -> #N/A | K49: =VLOOKUP(D49,產線配置圖!$A$3:$C$40,3,0) -> #N/A | L49: =K49/J49 -> #N/A | M49: 18 | N49: =G49/W49*60 -> 1996.7647 | O49: =N49/M49 -> 110.93137 | P49: =M49-J49 -> #N/A | Q49: =O49-L49 -> #N/A | R49: =O49/L49 -> #N/A | S49: =R58 -> #N/A | T49: 0.29166667 | U49: 0.33888889 | W49: =(U49-T49)*24*60 -> 68 | AF49: =N49-K49 -> #N/A | AG49: =N49/K49 -> #N/A | AH49: =AG58 -> #N/A
B50: =VLOOKUP(D50,廠價表!$C$1:$E$43,2,0) -> #N/A | F50: =VLOOKUP(D50,廠價表!$C$1:$E$43,3,0) -> #N/A | G50: 1180 | H50: =F50*G50 -> #N/A | J50: =VLOOKUP(D50,產線配置圖!$A$3:$C$40,2,0) -> #N/A | K50: =VLOOKUP(D50,產線配置圖!$A$3:$C$40,3,0) -> #N/A | L50: =K50/J50 -> #N/A | M50: 18 | N50: =G50/W50*60 -> 997.1831 | O50: =N50/M50 -> 55.399061 | P50: =M50-J50 -> #N/A | Q50: =O50-L50 -> #N/A | R50: =O50/L50 -> #N/A | T50: 0.34513889 | U50: 0.39444444 | V50: =(T50-U49)*24*60 -> 9 | W50: =(U50-T50)*24*60 -> 71 | AF50: =N50-K50 -> #N/A | AG50: =N50/K50 -> #N/A
B51: =VLOOKUP(D51,廠價表!$C$1:$E$43,2,0) -> #N/A | F51: =VLOOKUP(D51,廠價表!$C$1:$E$43,3,0) -> #N/A | G51: 3398 | H51: =F51*G51 -> #N/A | J51: =VLOOKUP(D51,產線配置圖!$A$3:$C$40,2,0) -> #N/A | K51: =VLOOKUP(D51,產線配置圖!$A$3:$C$40,3,0) -> #N/A | L51: =K51/J51 -> #N/A | M51: 17 | N51: =G51/W51*60 -> 2398.5882 | O51: =N51/M51 -> 141.09343 | P51: =M51-J51 -> #N/A | Q51: =O51-L51 -> #N/A | R51: =O51/L51 -> #N/A | T51: 0.40138889 | U51: 0.46041667 | V51: =(T51-U50)*24*60 -> 10 | W51: =(U51-T51)*24*60 -> 85 | AF51: =N51-K51 -> #N/A | AG51: =N51/K51 -> #N/A
T52: 0.52986111 | U52: 0.58333333 | V52: =(T52-U51)*24*60 -> 100 | W52: =(U52-T52)*24*60 -> 77 | X52: 0.47916667 | Y52: 0.52083333 | AF52: =N52-K52 -> 0 | AG52: =N52/K52 -> #DIV/0!
W53: =(U53-T53)*24*60 -> 0 | AF53: =N53-K53 -> 0 | AG53: =N53/K53 -> #DIV/0!
W54: =(U54-T54)*24*60 -> 0
W55: =(U55-T55)*24*60 -> 0
W56: =(U56-T56)*24*60 -> 0
W57: =(U57-T57)*24*60 -> 0
C58: 4度二組C2 | D58: 平均 | J58: =AVERAGE(J49:J57) -> #N/A | K58: =AVERAGE(K49:K57) -> #N/A | L58: =AVERAGE(L49:L57) -> #N/A | M58: =AVERAGE(M49:M57) -> 17.666667 | N58: =AVERAGE(N49:N57) -> 1797.512 | O58: =AVERAGE(O49:O57) -> 102.47462 | P58: =M58-J58 -> #N/A | Q58: =N58-K58 -> #N/A | R58: =O58/L58 -> #N/A | Z58: =SUM(Z49:Z57) -> 0 | AA58: =SUM(AA49:AA57) -> 0 | AD58: =SUM(AD49:AD57) -> 0 | AE58: =SUM(AE49:AE57) -> 0 | AF58: =N58-K58 -> #N/A | AG58: =N58/K58 -> #N/A
A59: 調理包一線 (八爪機) | B59: =VLOOKUP(D59,廠價表!$C$1:$E$43,2,0) -> #N/A | F59: =VLOOKUP(D59,廠價表!$C$1:$E$43,3,0) -> #N/A | G59: 2263 | H59: =F59*G59 -> #N/A | J59: =VLOOKUP(D59,產線配置圖!$A$3:$C$40,2,0) -> #N/A | K59: =VLOOKUP(D59,產線配置圖!$A$3:$C$40,3,0) -> #N/A | L59: =K59/J59 -> #N/A | M59: 13 | N59: =G59/W59*60 -> 1131.5 | O59: =N59/M59 -> 87.038462 | P59: =M59-J59 -> #N/A | Q59: =O59-L59 -> #N/A | R59: =O59/L59 -> #N/A | S59: =R69 -> #N/A | T59: 0.29166667 | U59: 0.375 | W59: =(U59-T59)*24*60 -> 120 | AF59: =N59-K59 -> #N/A | AG59: =N59/K59 -> #N/A | AH59: =AG69 -> #N/A
B60: =VLOOKUP(D60,廠價表!$C$1:$E$43,2,0) -> #N/A | F60: =VLOOKUP(D60,廠價表!$C$1:$E$43,3,0) -> #N/A | G60: 1180 | H60: =F60*G60 -> #N/A | J60: =VLOOKUP(D60,產線配置圖!$A$3:$C$40,2,0) -> #N/A | K60: =VLOOKUP(D60,產線配置圖!$A$3:$C$40,3,0) -> #N/A | L60: =K60/J60 -> #N/A | M60: 12 | N60: =G60/W60*60 -> 2360 | O60: =N60/M60 -> 196.66667 | P60: =M60-J60 -> #N/A | Q60: =O60-L60 -> #N/A | R60: =O60/L60 -> #N/A | T60: 0.38541667 | U60: 0.40625 | V60: =(T60-U59)*24*60 -> 15 | W60: =(U60-T60)*24*60 -> 30 | AF60: =N60-K60 -> #N/A | AG60: =N60/K60 -> #N/A
B61: =VLOOKUP(D61,廠價表!$C$1:$E$43,2,0) -> #N/A | F61: =VLOOKUP(D61,廠價表!$C$1:$E$43,3,0) -> #N/A | G61: 3398 | H61: =F61*G61 -> #N/A | J61: =VLOOKUP(D61,產線配置圖!$A$3:$C$40,2,0) -> #N/A | K61: =VLOOKUP(D61,產線配置圖!$A$3:$C$40,3,0) -> #N/A | L61: =K61/J61 -> #N/A | M61: 12 | N61: =G61/W61*60 -> 2192.2581 | O61: =N61/M61 -> 182.68817 | P61: =M61-J61 -> #N/A | Q61: =O61-L61 -> #N/A | R61: =O61/L61 -> #N/A | T61: 0.42361111 | U61: 0.48819444 | V61: =(T61-U60)*24*60 -> 25 | W61: =(U61-T61)*24*60 -> 93 | AF61: =N61-K61 -> #N/A | AG61: =N61/K61 -> #N/A
W62: =(U62-T62)*24*60 -> 0 | X62: 0.50347222 | Y62: 0.54513889 | AF62: =N62-K62 -> 0 | AG62: =N62/K62 -> #DIV/0!
W63: =(U63-T63)*24*60 -> 0
W64: =(U64-T64)*24*60 -> 0
W65: =(U65-T65)*24*60 -> 0
W66: =(U66-T66)*24*60 -> 0
W67: =(U67-T67)*24*60 -> 0
H68: =F68*G68 -> 0 | W68: =(U68-T68)*24*60 -> 0
C69: 4度三組 | D69: 平均 | J69: =AVERAGE(J59:J68) -> #N/A | K69: =AVERAGE(K59:K68) -> #N/A | L69: =AVERAGE(L59:L68) -> #N/A | M69: =AVERAGE(M59:M68) -> 12.333333 | N69: =AVERAGE(N59:N68) -> 1894.586 | O69: =AVERAGE(O59:O68) -> 155.46443 | P69: =M69-J69 -> #N/A | Q69: =N69-K69 -> #N/A | R69: =O69/L69 -> #N/A | Z69: =SUM(Z59:Z68) -> 0 | AA69: =SUM(AA59:AA68) -> 0 | AD69: =SUM(AD59:AD68) -> 0 | AE69: =SUM(AE59:AE68) -> 0 | AF69: =N69-K69 -> #N/A | AG69: =N69/K69 -> #N/A
A70: 調理包二線 (手工) | B70: =VLOOKUP(D70,廠價表!$C$1:$E$43,2,0) -> #N/A | F70: =VLOOKUP(D70,廠價表!$C$1:$E$43,3,0) -> #N/A | G70: 2263 | H70: =F70*G70 -> #N/A | J70: =VLOOKUP(D70,產線配置圖!$A$3:$C$40,2,0) -> #N/A | K70: =VLOOKUP(D70,產線配置圖!$A$3:$C$40,3,0) -> #N/A | L70: =K70/J70 -> #N/A | M70: 11 | N70: =G70/W70*60 -> 775.88571 | O70: =N70/M70 -> 70.535065 | P70: =M70-J70 -> #N/A | Q70: =O70-L70 -> #N/A | R70: =O70/L70 -> #N/A | S70: =R79 -> #N/A | T70: 0.34722222 | U70: 0.46875 | W70: =(U70-T70)*24*60 -> 175 | AF70: =N70-K70 -> #N/A | AG70: =N70/K70 -> #N/A | AH70: =AG79 -> #N/A
W71: =(U71-T71)*24*60 -> 0 | AF71: -300.3125 | AG71: 0.80810703
W72: =(U72-T72)*24*60 -> 0 | AF72: -130.33333 | AG72: 0.91671991
W73: =(U73-T73)*24*60 -> 0
W74: =(U74-T74)*24*60 -> 0
H75: =F75*G75 -> 0 | W75: =(U75-T75)*24*60 -> 0
H76: =F76*G76 -> 0 | W76: =(U76-T76)*24*60 -> 0
H77: =F77*G77 -> 0 | W77: =(U77-T77)*24*60 -> 0
H78: =F78*G78 -> 0 | W78: =(U78-T78)*24*60 -> 0
C79: 4度四組 | D79: 平均 | J79: =AVERAGE(J70:J78) -> #N/A | K79: =AVERAGE(K70:K78) -> #N/A | L79: =AVERAGE(L70:L78) -> #N/A | M79: =AVERAGE(M70:M78) -> 11 | N79: =AVERAGE(N70:N78) -> 775.88571 | O79: =AVERAGE(O70:O78) -> 70.535065 | P79: =M79-J79 -> #N/A | Q79: =N79-K79 -> #N/A | R79: =O79/L79 -> #N/A | Z79: =SUM(Z70:Z78) -> 0 | AA79: =SUM(AA70:AA78) -> 0 | AD79: =SUM(AD70:AD78) -> 0 | AE79: =SUM(AE70:AE78) -> 0 | AF79: =N79-K79 -> #N/A | AG79: =N79/K79 -> #N/A
AJ80: 1.當日出勤人數較多
AJ81: 2.當日出勤人數較少
AJ82: 3.當日出勤熟手較少
AJ83: 4.當日出勤新人較多
AJ84: 5.機台夾盒
AJ85: 6.封膜不順
AJ86: 7.更換膠膜
AJ87: 8.更換碳帶
AJ88: 9.當日熱轉印碳帶異常
AJ89: 10.訂單量過少
AJ90: 11.新品上市，尚未熟悉
AJ91: 12.商品結構，產能較低
AJ92: 13.區域出貨，分段生產

Sheet 0601總
B1: 長家廠組合室生產人時性分析
B3: 日期 | D3: 46174 | F3: 訂單量 | G3: ='0601'!E1 -> 64603 | I3: 營業額 | J3: ='0601'!G1 -> 3077066
B4: 項目 | D4: 3 | F4: ➀ | H4: ➁ | J4: ③ | L4: 異常停線 | N4: 短暫停線
B5: 人時性 | D5: 組合室 | F5: 全溫層 | H5: 義大利麵 | J5: 袋裝小吃、義麵 | L5: 合計次數 | M5: 時間 | N5: 合計次數 | O5: 設備次數
D6: 排關平均 | F6: =AVERAGE(D13:I13) -> 123.9344 | H6: =AVERAGE(D13:H13) -> 123.77612 | J6: =AVERAGE(I13) -> 124.72576 | L6: =SUM(D18:J18) -> 1 | M6: =SUM(D19:J19) -> 42 | N6: =SUM(D20:J20) -> 0 | O6: =SUM(D20:J20) -> 0
D7: 實績平均 | F7: =AVERAGE(D14:I14) -> 113.07645 | H7: =AVERAGE(D14:H14) -> 112.20491 | J7: =AVERAGE(I14) -> 117.43416 | L7: =AVERAGE(K14:L14) -> #DIV/0! | M7: =AVERAGE(L14:M14) -> #DIV/0! | N7: =AVERAGE(M14:N14) -> #DIV/0! | O7: =AVERAGE(N14:O14) -> #DIV/0!
D8: 達成率平均 | F8: =F7/F6 -> 0.91238956 | H8: =H7/H6 -> 0.90651495 | J8: =J7/J6 -> 0.94153896 | L8: =AVERAGE(K15:L15) -> #DIV/0! | M8: =AVERAGE(L15:M15) -> #DIV/0! | N8: =AVERAGE(M15:N15) -> #DIV/0! | O8: =AVERAGE(N15:O15) -> #DIV/0!
J9: ※現行日本鮮食廠以達成率80%為基本(即為現行KPI)
B10: 溫層 | D10: 4度C-各編組展開
B11: 編組 | D11: 1 | E11: 2 | F11: 3 | G11: 4 | H11: 5 | I11: 6 | J11: 7
D12: 自動1線 | E12: 自動2線 | F12: 手工3線 | G12: 手工4線 | H12: 手工5線 | I12: 調理包1線 | J12: 調理包2線
B13: 人時性 | C13: 排關 | D13: =VALUE('0601'!L15) -> 150 | E13: =VALUE('0601'!L26) -> 158.32256 | F13: =VALUE('0601'!L37) -> 104.35284 | G13: =VALUE('0601'!L48) -> 105.25098 | H13: =VALUE('0601'!L58) -> 100.95425 | I13: =VALUE('0601'!L69) -> 124.72576 | J13: ='0601'!L79 -> 0
C14: 實績 | D14: =VALUE('0601'!O15) -> 141.12399 | E14: =VALUE('0601'!O26) -> 137.68361 | F14: =VALUE('0601'!O37) -> 94.47741 | G14: =VALUE('0601'!O48) -> 96.809991 | H14: =VALUE('0601'!O58) -> 90.929545 | I14: =VALUE('0601'!O69) -> 117.43416 | J14: ='0601'!O79 -> 0
C15: 達成率 | D15: =D14/D13 -> 0.94082658 | E15: =E14/E13 -> 0.86963986 | F15: =F14/F13 -> 0.90536504 | G15: =G14/G13 -> 0.91980132 | H15: =H14/H13 -> 0.90070053 | I15: =I14/I13 -> 0.94153896 | J15: ='0601'!S70 -> 0
B16: 作業 時間 | C16: 開始 | D16: ='0601'!T5 -> 0.30208333 | E16: ='0601'!T16 -> 0.30138889 | F16: ='0601'!T27 -> 0.29166667 | G16: ='0601'!T38 -> 0.33333333 | H16: ='0601'!T49 -> 0.29166667 | I16: ='0601'!T59 -> 0.30555556 | J16: ='0601'!T70 -> 0
C17: 結束 | D17: 0.65416667 | E17: 0.67222222 | F17: 0.66527778 | G17: 0.65972222 | H17: 0.69097222 | I17: 0.66319444 | J17: 0
B18: 產線異常 (5分鐘以上) | C18: 次數 | D18: ='0601'!Z15 -> 0 | E18: ='0601'!Z26 -> 1 | F18: ='0601'!Z37 -> 0 | G18: ='0601'!Z48 -> 0 | H18: ='0601'!Z58 -> 0 | I18: ='0601'!Z69 -> 0 | J18: ='0601'!AA79 -> 0
C19: 時間/分 | D19: ='0601'!AA15 -> 0 | E19: ='0601'!AA26 -> 42 | F19: ='0601'!AA37 -> 0 | G19: ='0601'!AA48 -> 0 | H19: ='0601'!AA58 -> 0 | I19: ='0601'!AA69 -> 0 | J19: ='0601'!AB79 -> 0
B20: 短暫停線 (5分鐘以下) | C20: 次數 | D20: ='0601'!AD15 -> 0 | E20: ='0601'!AD26 -> 0 | F20: ='0601'!AD37 -> 0 | G20: ='0601'!AD48 -> 0 | H20: ='0601'!AD58 -> 0 | I20: ='0601'!AD69 -> 0 | J20: ='0601'!AD79 -> 0
C21: 設備次數 | D21: ='0601'!AE15 -> 0 | E21: ='0601'!AE26 -> 0 | F21: ='0601'!AE37 -> 0 | G21: ='0601'!AE48 -> 0 | H21: ='0601'!AE58 -> 0 | I21: ='0601'!AE69 -> 0 | J21: ='0601'!AE79 -> 0
B22: 配置人數 | D22: =VALUE('0601'!M15) -> 15 | E22: =VALUE('0601'!M26) -> 14.333333 | F22: =VALUE('0601'!M37) -> 13.6 | G22: =VALUE('0601'!M48) -> 16 | H22: =VALUE('0601'!M58) -> 15.8 | I22: =VALUE('0601'!M69) -> 12.6 | J22: ='0601'!M79 -> 0
B23: 主要應用設備 | D23: ET-600 | E23: ET-600 | F23: ET-55 | G23: ET-55 | H23: ET-55 | I23: 八爪機 | J23: 八爪機
B24: 次要應用設備 | H24: 封口機 | J24: 封口機
B25: 備註

Sheet 0601
A1: 長家廠4度C日報分析 | D1: 總生產量 | E1: =SUM(G5:G79) -> 64603 | F1: 營業額 | G1: =SUM(H5:H79) -> 3077066 | H1: 出勤人數 | I1: =M15+M26+M48+M58+M69+M79+M37 -> 87.333333 | J1: 產線配置圖 | M1: 生產實績 | P1: 人時性差異分析 | T1: 日報登錄 | Z1: 合計 次數 | AA1: 合計 時間/分 | AB1: 分析說明 | AD1: 合計 次數 | AE1: 合計 設備次數 | AF1: 產能差異分析
A2: 06月01日 星期一 | D2: 人時性 | E2: =AVERAGE(O15,O26,O37,O48,O58,O69,O79) -> 113.07645 | F2: 平均廠價 | G2: =G1/E1 -> 47.630388 | H2: 多次生產數 | I2: =COUNT(I5:I79) -> 0 | Z2: =Z15+Z26+Z37+Z48+Z58+Z69+Z79 -> 1 | AA2: =AA15+AA26+AA37+AA48+AA58+AA69+AA79 -> 42 | AD2: =AD15+AD26+AD37+AD48+AD58+AD69+AD79 -> 0 | AE2: =AE15+AE26+AE37+AE48+AE58+AE69+AE79 -> 0
A3: 線別 | B3: 品類 | D3: 品名 | F3: 廠價 | G3: 生產量 | H3: 營收 | I3: 多次 生產 | J3: 人數 | K3: 產能/時 | L3: 人時性 | M3: 人數 | N3: 產能/時 | O3: 人時性 | P3: 人數 | Q3: 人時性 | R3: 達成率 | S3: 達成率平均 | T3: 生產時間 | V3: 前置、換線時間/分 | W3: 稼動時間/分 | X3: 休息時間 | Z3: 產線異常統計 (5分鐘以上) | AD3: 短暫停線統計 (5分鐘以下) | AF3: 產能/時 | AG3: 達成率 | AH3: 達成率平均
T4: 開始 | U4: 結束 | X4: 開始 | Y4: 結束 | Z4: 次數 | AA4: 時間/分 | AD4: 總次數 | AE4: 設備因素(次數)
A5: 自動一線 (ET-600) | B5: 義大利麵 | D5: 白酒清炒鮮蛤義大利麵 | F5: =VLOOKUP(D5,廠價表!$C$1:$E$43,3,0) -> 56.87 | G5: 2238 | H5: =F5*G5 -> 127275.06 | J5: =VLOOKUP(D5,產線配置圖!$A$3:$C$40,2,0) -> 15 | K5: =VLOOKUP(D5,產線配置圖!$A$3:$C$40,3,0) -> 2250 | L5: =K5/J5 -> 150 | M5: 15 | N5: =G5/W5*60 -> 2131.4286 | O5: =N5/M5 -> 142.09524 | P5: =M5-J5 -> 0 | Q5: =O5-L5 -> -7.9047619 | R5: =O5/L5 -> 0.94730159 | S5: =R15 -> 0.94082658 | T5: 0.30208333 | U5: 0.34583333 | W5: =(U5-T5)*24*60 -> 63 | AF5: =N5-K5 -> -118.57143 | AG5: =N5/K5 -> 0.94730159 | AH5: =AG15 -> 0.94082658
B6: 義大利麵 | D6: 香煎魚排佐檸檬奶油義大利麵 | F6: =VLOOKUP(D6,廠價表!$C$1:$E$43,3,0) -> 58.17 | G6: 3648 | H6: =F6*G6 -> 212204.16 | J6: =VLOOKUP(D6,產線配置圖!$A$3:$C$40,2,0) -> 15 | K6: =VLOOKUP(D6,產線配置圖!$A$3:$C$40,3,0) -> 2250 | L6: =K6/J6 -> 150 | M6: 15 | N6: =G6/W6*60 -> 2145.8824 | O6: =N6/M6 -> 143.05882 | P6: =M6-J6 -> 0 | Q6: =O6-L6 -> -6.9411765 | R6: =O6/L6 -> 0.95372549 | T6: 0.35972222 | U6: 0.43055556 | V6: =(T6-U5)*24*60 -> 20 | W6: =(U6-T6)*24*60 -> 102 | AF6: =N6-K6 -> -104.11765 | AG6: =N6/K6 -> 0.95372549
B7: 義大利麵 | D7: 奶油培根義大利麵 | F7: =VLOOKUP(D7,廠價表!$C$1:$E$43,3,0) -> 49.14 | G7: 4231 | H7: =F7*G7 -> 207911.34 | J7: =VLOOKUP(D7,產線配置圖!$A$3:$C$40,2,0) -> 15 | K7: =VLOOKUP(D7,產線配置圖!$A$3:$C$40,3,0) -> 2250 | L7: =K7/J7 -> 150 | M7: 15 | N7: =G7/W7*60 -> 2151.3559 | O7: =N7/M7 -> 143.42373 | P7: =M7-J7 -> 0 | Q7: =O7-L7 -> -6.5762712 | R7: =O7/L7 -> 0.95615819 | T7: 0.43888889 | U7: 0.52083333 | V7: =(T7-U6)*24*60 -> 12 | W7: =(U7-T7)*24*60 -> 118 | AF7: =N7-K7 -> -98.644068 | AG7: =N7/K7 -> 0.95615819
B8: 義大利麵 | D8: 奶油培根義大利麵 | F8: =VLOOKUP(D8,廠價表!$C$1:$E$43,3,0) -> 49.14 | G8: 2000 | H8: =F8*G8 -> 98280 | J8: =VLOOKUP(D8,產線配置圖!$A$3:$C$40,2,0) -> 15 | K8: =VLOOKUP(D8,產線配置圖!$A$3:$C$40,3,0) -> 2250 | L8: =K8/J8 -> 150 | M8: 15 | N8: =G8/W8*60 -> 2068.9655 | O8: =N8/M8 -> 137.93103 | P8: =M8-J8 -> 0 | Q8: =O8-L8 -> -12.068966 | R8: =O8/L8 -> 0.91954023 | T8: 0.57291667 | U8: 0.61319444 | V8: =(T8-U7)*24*60 -> 75 | W8: =(U8-T8)*24*60 -> 58 | X8: 0.52777778 | Y8: 0.56944444 | AF8: =N8-K8 -> -181.03448 | AG8: =N8/K8 -> 0.91954023
B9: 義大利麵 | D9: 白酒清炒鮮蛤義大利麵 | F9: =VLOOKUP(D9,廠價表!$C$1:$E$43,3,0) -> 56.87 | G9: 939 | H9: =F9*G9 -> 53400.93 | J9: =VLOOKUP(D9,產線配置圖!$A$3:$C$40,2,0) -> 15 | K9: =VLOOKUP(D9,產線配置圖!$A$3:$C$40,3,0) -> 2250 | L9: =K9/J9 -> 150 | M9: 15 | N9: =G9/W9*60 -> 2086.6667 | O9: =N9/M9 -> 139.11111 | P9: =M9-J9 -> 0 | Q9: =O9-L9 -> -10.888889 | R9: =O9/L9 -> 0.92740741 | T9: 0.63541667 | U9: 0.65416667 | V9: =(T9-U8)*24*60 -> 32 | W9: =(U9-T9)*24*60 -> 27 | AF9: =N9-K9 -> -163.33333 | AG9: =N9/K9 -> 0.92740741
W10: =(U10-T10)*24*60 -> 0 | AF10: =N10-K10 -> 0 | AG10: =N10/K10 -> #DIV/0!
W11: =(U11-T11)*24*60 -> 0 | AF11: =N11-K11 -> 0 | AG11: =N11/K11 -> #DIV/0!
W12: =(U12-T12)*24*60 -> 0
W13: =(U13-T13)*24*60 -> 0
W14: =(U14-T14)*24*60 -> 0
C15: 4度一組 | D15: 平均 | J15: =AVERAGE(J5:J14) -> 15 | K15: =AVERAGE(K5:K14) -> 2250 | L15: =AVERAGE(L5:L14) -> 150 | M15: =AVERAGE(M5:M14) -> 15 | N15: =AVERAGE(N5:N14) -> 2116.8598 | O15: =AVERAGE(O5:O14) -> 141.12399 | P15: =M15-J15 -> 0 | Q15: =O15-L15 -> -8.8760128 | R15: =O15/L15 -> 0.94082658 | Z15: =SUM(Z5:Z14) -> 0 | AA15: =SUM(AA5:AA14) -> 0 | AD15: =SUM(AD5:AD14) -> 0 | AE15: =SUM(AE5:AE14) -> 0 | AF15: =N15-K15 -> -133.14019 | AG15: =N15/K15 -> 0.94082658
A16: 自動二線 (ET-600) | B16: 義大利麵 | D16: 青醬蛤蜊義大利麵 | F16: =VLOOKUP(D16,廠價表!$C$1:$E$43,3,0) -> 50.67 | G16: 2265 | H16: =F16*G16 -> 114767.55 | J16: =VLOOKUP(D16,產線配置圖!$A$3:$C$40,2,0) -> 14 | K16: =VLOOKUP(D16,產線配置圖!$A$3:$C$40,3,0) -> 2250 | L16: =K16/J16 -> 160.71429 | M16: 14 | N16: =G16/W16*60 -> 1213.3929 | O16: =N16/M16 -> 86.670918 | P16: =M16-J16 -> 0 | Q16: =O16-L16 -> -74.043367 | R16: =O16/L16 -> 0.53928571 | S16: =R26 -> 0.86963986 | T16: 0.30138889 | U16: 0.37916667 | W16: =(U16-T16)*24*60 -> 112 | Z16: 1 | AA16: 42 | AB16: 8:05-8:47封口機異常鳴叫(斷線) | AF16: =N16-K16 -> -1036.6071 | AG16: =N16/K16 -> 0.53928571 | AH16: =AG26 -> 0.86565397
B17: 義大利麵 | D17: 蒜香奶油蝦蝦義大利麵 | F17: =VLOOKUP(D17,廠價表!$C$1:$E$43,3,0) -> 57.21 | G17: 2217 | H17: =F17*G17 -> 126834.57 | J17: =VLOOKUP(D17,產線配置圖!$A$3:$C$40,2,0) -> 17 | K17: =VLOOKUP(D17,產線配置圖!$A$3:$C$40,3,0) -> 2250 | L17: =K17/J17 -> 132.35294 | M17: 17 | N17: =G17/W17*60 -> 1662.75 | O17: =N17/M17 -> 97.808824 | P17: =M17-J17 -> 0 | Q17: =O17-L17 -> -34.544118 | R17: =O17/L17 -> 0.739 | T17: 0.38611111 | U17: 0.44166667 | V17: =(T17-U16)*24*60 -> 10 | W17: =(U17-T17)*24*60 -> 80 | AF17: =N17-K17 -> -587.25 | AG17: =N17/K17 -> 0.739
B18: 義大利麵 | D18: 義式辣味嫩烤雞腿排義大利麵 | F18: =VLOOKUP(D18,廠價表!$C$1:$E$43,3,0) -> 56.61 | G18: 1575 | H18: =F18*G18 -> 89160.75 | J18: =VLOOKUP(D18,產線配置圖!$A$3:$C$40,2,0) -> 15 | K18: =VLOOKUP(D18,產線配置圖!$A$3:$C$40,3,0) -> 2250 | L18: =K18/J18 -> 150 | M18: 15 | N18: =G18/W18*60 -> 1968.75 | O18: =N18/M18 -> 131.25 | P18: =M18-J18 -> 0 | Q18: =O18-L18 -> -18.75 | R18: =O18/L18 -> 0.875 | T18: 0.44930556 | U18: 0.48263889 | V18: =(T18-U17)*24*60 -> 11 | W18: =(U18-T18)*24*60 -> 48 | AF18: =N18-K18 -> -281.25 | AG18: =N18/K18 -> 0.875
B19: 義大利麵 | D19: 義式蕃茄起司義大利麵 | F19: =VLOOKUP(D19,廠價表!$C$1:$E$43,3,0) -> 50.39 | G19: 1653 | H19: =F19*G19 -> 83294.67 | J19: =VLOOKUP(D19,產線配置圖!$A$3:$C$40,2,0) -> 13 | K19: =VLOOKUP(D19,產線配置圖!$A$3:$C$40,3,0) -> 2250 | L19: =K19/J19 -> 173.07692 | M19: 13 | N19: =G19/W19*60 -> 1907.3077 | O19: =N19/M19 -> 146.71598 | P19: =M19-J19 -> 0 | Q19: =O19-L19 -> -26.360947 | R19: =O19/L19 -> 0.84769231 | T19: 0.48680556 | U19: 0.52291667 | V19: =(T19-U18)*24*60 -> 6 | W19: =(U19-T19)*24*60 -> 52 | X19: 0.52638889 | Y19: 0.56805556 | AF19: =N19-K19 -> -342.69231 | AG19: =N19/K19 -> 0.84769231
B20: 義大利麵 | D20: 義式蕃茄起司義大利麵 | F20: =VLOOKUP(D20,廠價表!$C$1:$E$43,3,0) -> 50.39 | G20: 3573 | H20: =F20*G20 -> 180043.47 | J20: =VLOOKUP(D20,產線配置圖!$A$3:$C$40,2,0) -> 13 | K20: =VLOOKUP(D20,產線配置圖!$A$3:$C$40,3,0) -> 2250 | L20: =K20/J20 -> 173.07692 | M20: 13 | N20: =G20/W20*60 -> 2041.7143 | O20: =N20/M20 -> 157.05495 | P20: =M20-J20 -> 0 | Q20: =O20-L20 -> -16.021978 | R20: =O20/L20 -> 0.90742857 | T20: 0.57152778 | U20: 0.64444444 | V20: =(T20-U19)*24*60 -> 70 | W20: =(U20-T20)*24*60 -> 105
B21: 義大利麵 | D21: 青醬蛤蜊義大利麵 | F21: =VLOOKUP(D21,廠價表!$C$1:$E$43,3,0) -> 50.67 | G21: 1398 | H21: =F21*G21 -> 70836.66 | J21: =VLOOKUP(D21,產線配置圖!$A$3:$C$40,2,0) -> 14 | K21: =VLOOKUP(D21,產線配置圖!$A$3:$C$40,3,0) -> 2250 | L21: =K21/J21 -> 160.71429 | M21: 14 | N21: =G21/W21*60 -> 2892.4138 | O21: =N21/M21 -> 206.60099 | P21: =M21-J21 -> 0 | Q21: =O21-L21 -> 45.8867 | R21: =O21/L21 -> 1.2855172 | T21: 0.65208333 | U21: 0.67222222 | V21: =(T21-U20)*24*60 -> 11 | W21: =(U21-T21)*24*60 -> 29 | AB21: 補封膜
W22: 0
W23: =(U23-T23)*24*60 -> 0
H24: =F24*G24 -> 0 | W24: =(U24-T24)*24*60 -> 0
H25: =F25*G25 -> 0 | W25: =(U25-T25)*24*60 -> 0
C26: 4度二組A | D26: 平均 | J26: =AVERAGE(J16:J25) -> 14.333333 | K26: =AVERAGE(K16:K25) -> 2250 | L26: =AVERAGE(L16:L25) -> 158.32256 | M26: =AVERAGE(M16:M25) -> 14.333333 | N26: =AVERAGE(N16:N25) -> 1947.7214 | O26: =AVERAGE(O16:O25) -> 137.68361 | P26: =M26-J26 -> 0 | Q26: =O26-L26 -> -20.638952 | R26: =O26/L26 -> 0.86963986 | Z26: =SUM(Z16:Z25) -> 1 | AA26: =SUM(AA16:AA25) -> 42 | AD26: =SUM(AD16:AD25) -> 0 | AE26: =SUM(AE16:AE25) -> 0 | AF26: =N26-K26 -> -302.27856 | AG26: =N26/K26 -> 0.86565397
A27: 手工三線 (ET-55) | B27: 義大利麵 | D27: 整條德式香腸義大利麵 | F27: =VLOOKUP(D27,廠價表!$C$1:$E$43,3,0) -> 57.21 | G27: 1429 | H27: =F27*G27 -> 81753.09 | J27: =VLOOKUP(D27,產線配置圖!$A$3:$C$40,2,0) -> 18 | K27: =VLOOKUP(D27,產線配置圖!$A$3:$C$40,3,0) -> 1565 | L27: =K27/J27 -> 86.944444 | M27: 14 | N27: =G27/W27*60 -> 1143.2 | O27: =N27/M27 -> 81.657143 | P27: =M27-J27 -> -4 | Q27: =O27-L27 -> -5.2873016 | R27: =O27/L27 -> 0.93918759 | S27: =R37 -> 0.90536504 | T27: 0.29166667 | U27: 0.34375 | W27: =(U27-T27)*24*60 -> 75 | AF27: =N27-K27 -> -421.8 | AG27: =N27/K27 -> 0.73047923 | AH27: =AG37 -> 0.80453468
B28: 義大利麵 | D28: 焗烤起司肉醬筆尖麵 | F28: =VLOOKUP(D28,廠價表!$C$1:$E$43,3,0) -> 50.67 | G28: 1674 | H28: =F28*G28 -> 84821.58 | J28: =VLOOKUP(D28,產線配置圖!$A$3:$C$40,2,0) -> 13 | K28: =VLOOKUP(D28,產線配置圖!$A$3:$C$40,3,0) -> 1440 | L28: =K28/J28 -> 110.76923 | M28: 13 | N28: =G28/W28*60 -> 1287.6923 | O28: =N28/M28 -> 99.053254 | P28: =M28-J28 -> 0 | Q28: =O28-L28 -> -11.715976 | R28: =O28/L28 -> 0.89423077 | T28: 0.35069444 | U28: 0.40486111 | V28: =(T28-U27)*24*60 -> 10 | W28: =(U28-T28)*24*60 -> 78 | AF28: =N28-K28 -> -152.30769 | AG28: =N28/K28 -> 0.89423077
B29: 義大利麵 | D29: 奶油鮮蝦明太子細扁麵 | F29: =VLOOKUP(D29,廠價表!$C$1:$E$43,3,0) -> 57.21 | G29: 1677 | H29: =F29*G29 -> 95941.17 | J29: =VLOOKUP(D29,產線配置圖!$A$3:$C$40,2,0) -> 18 | K29: =VLOOKUP(D29,產線配置圖!$A$3:$C$40,3,0) -> 1636 | L29: =K29/J29 -> 90.888889 | M29: 15 | N29: =G29/W29*60 -> 1359.7297 | O29: =N29/M29 -> 90.648649 | P29: =M29-J29 -> -3 | Q29: =O29-L29 -> -0.24024024 | R29: =O29/L29 -> 0.99735677 | T29: 0.41180556 | U29: 0.46319444 | V29: =(T29-U28)*24*60 -> 10 | W29: =(U29-T29)*24*60 -> 74 | AF29: =N29-K29 -> -276.27027 | AG29: =N29/K29 -> 0.83113064
B30: 義大利麵 | D30: 奶油鮮蝦明太子細扁麵 | F30: =VLOOKUP(D30,廠價表!$C$1:$E$43,3,0) -> 57.21 | G30: 2530 | H30: =F30*G30 -> 144741.3 | J30: =VLOOKUP(D30,產線配置圖!$A$3:$C$40,2,0) -> 18 | K30: =VLOOKUP(D30,產線配置圖!$A$3:$C$40,3,0) -> 1636 | L30: =K30/J30 -> 90.888889 | M30: 16 | N30: =G30/W30*60 -> 1355.3571 | O30: =N30/M30 -> 84.709821 | P30: =M30-J30 -> -2 | Q30: =O30-L30 -> -6.1790675 | R30: =O30/L30 -> 0.93201515 | T30: 0.52638889 | U30: 0.60416667 | V30: =(T30-U29)*24*60 -> 91 | W30: =(U30-T30)*24*60 -> 112 | X30: 0.52083333 | Y30: 0.52083333 | AF30: =N30-K30 -> -280.64286 | AG30: =N30/K30 -> 0.82845791
B31: 小吃、微波 | D31: 韓式炒冬粉 | F31: =VLOOKUP(D31,廠價表!$C$1:$E$43,3,0) -> 28.26 | G31: 853 | H31: =F31*G31 -> 24105.78 | J31: =VLOOKUP(D31,產線配置圖!$A$3:$C$40,2,0) -> 11 | K31: =VLOOKUP(D31,產線配置圖!$A$3:$C$40,3,0) -> 1565 | L31: =K31/J31 -> 142.27273 | M31: 10 | N31: =G31/W31*60 -> 1163.1818 | O31: =N31/M31 -> 116.31818 | P31: =M31-J31 -> -1 | Q31: =O31-L31 -> -25.954545 | R31: =O31/L31 -> 0.81757188 | T31: 0.63472222 | U31: 0.66527778 | V31: =(T31-U30)*24*60 -> 44 | W31: =(U31-T31)*24*60 -> 44 | AB31: 支援製作 | AF31: =N31-K31 -> -401.81818 | AG31: =N31/K31 -> 0.74324717
W32: =(U32-T32)*24*60 -> 0
W33: =(U33-T33)*24*60 -> 0
W34: =(U34-T34)*24*60 -> 0
W35: =(U35-T35)*24*60 -> 0
H36: =F36*G36 -> 0 | W36: =(U36-T36)*24*60 -> 0
C37: 4度二組B | D37: 平均 | J37: =AVERAGE(J27:J36) -> 15.6 | K37: =AVERAGE(K27:K36) -> 1568.4 | L37: =AVERAGE(L27:L36) -> 104.35284 | M37: =AVERAGE(M27:M36) -> 13.6 | N37: =AVERAGE(N27:N36) -> 1261.8322 | O37: =AVERAGE(O27:O36) -> 94.47741 | P37: =M37-J37 -> -2 | Q37: =N37-K37 -> -306.5678 | R37: =O37/L37 -> 0.90536504 | Z37: =SUM(Z27:Z36) -> 0 | AA37: =SUM(AA27:AA36) -> 0 | AD37: =SUM(AD27:AD36) -> 0 | AE37: =SUM(AE27:AE36) -> 0 | AF37: =N37-K37 -> -306.5678 | AG37: =N37/K37 -> 0.80453468
A38: 手工四線 (ET-55) | B38: 熱乾麵 | D38: 青花椒麻雞肉拌麵 | F38: =VLOOKUP(D38,廠價表!$C$1:$E$43,3,0) -> 49.91 | G38: 2751 | H38: =F38*G38 -> 137302.41 | J38: =VLOOKUP(D38,產線配置圖!$A$3:$C$40,2,0) -> 15 | K38: =VLOOKUP(D38,產線配置圖!$A$3:$C$40,3,0) -> 1714 | L38: =K38/J38 -> 114.26667 | M38: 15 | N38: =G38/W38*60 -> 1618.2353 | O38: =N38/M38 -> 107.88235 | P38: =M38-J38 -> 0 | Q38: =O38-L38 -> -6.3843137 | R38: =O38/L38 -> 0.94412794 | S38: =R48 -> 0.91980132 | T38: 0.33333333 | U38: 0.40416667 | W38: =(U38-T38)*24*60 -> 102 | AF38: =N38-K38 -> -95.764706 | AG38: =N38/K38 -> 0.94412794 | AH38: =AG48 -> 0.92168876
B39: 熱乾麵 | D39: 府城鹽水意麵 | F39: =VLOOKUP(D39,廠價表!$C$1:$E$43,3,0) -> 44.3 | G39: 1814 | H39: =F39*G39 -> 80360.2 | J39: =VLOOKUP(D39,產線配置圖!$A$3:$C$40,2,0) -> 17 | K39: =VLOOKUP(D39,產線配置圖!$A$3:$C$40,3,0) -> 1636 | L39: =K39/J39 -> 96.235294 | M39: 17 | N39: =G39/W39*60 -> 1554.8571 | O39: =N39/M39 -> 91.462185 | P39: =M39-J39 -> 0 | Q39: =O39-L39 -> -4.7731092 | R39: =O39/L39 -> 0.95040168 | T39: 0.41319444 | U39: 0.46180556 | V39: =(T39-U38)*24*60 -> 13 | W39: =(U39-T39)*24*60 -> 70 | X39: 0.46875 | Y39: 0.52083333 | AF39: =N39-K39 -> -81.142857 | AG39: =N39/K39 -> 0.95040168
B40: 熱乾麵 | D40: 府城鹽水意麵 | F40: =VLOOKUP(D40,廠價表!$C$1:$E$43,3,0) -> 44.3 | G40: 4218 | H40: =F40*G40 -> 186857.4 | J40: =VLOOKUP(D40,產線配置圖!$A$3:$C$40,2,0) -> 17 | K40: =VLOOKUP(D40,產線配置圖!$A$3:$C$40,3,0) -> 1636 | L40: =K40/J40 -> 96.235294 | M40: 17 | N40: =G40/W40*60 -> 1562.2222 | O40: =N40/M40 -> 91.895425 | P40: =M40-J40 -> 0 | Q40: =O40-L40 -> -4.3398693 | R40: =O40/L40 -> 0.95490356 | T40: 0.52291667 | U40: 0.63541667 | V40: =(T40-U39)*24*60 -> 88 | W40: =(U40-T40)*24*60 -> 162 | AF40: =N40-K40 -> -73.777778 | AG40: =N40/K40 -> 0.95490356
B41: 熱乾麵 | D41: 青花椒麻雞肉拌麵 | F41: =VLOOKUP(D41,廠價表!$C$1:$E$43,3,0) -> 49.91 | G41: 600 | H41: =F41*G41 -> 29946 | J41: =VLOOKUP(D41,產線配置圖!$A$3:$C$40,2,0) -> 15 | K41: =VLOOKUP(D41,產線配置圖!$A$3:$C$40,3,0) -> 1714 | L41: =K41/J41 -> 114.26667 | M41: 15 | N41: =G41/W41*60 -> 1440 | O41: =N41/M41 -> 96 | P41: =M41-J41 -> 0 | Q41: =O41-L41 -> -18.266667 | R41: =O41/L41 -> 0.84014002 | T41: 0.64236111 | U41: 0.65972222 | V41: =(T41-U40)*24*60 -> 10 | W41: =(U41-T41)*24*60 -> 25 | AF41: =N41-K41 -> -274 | AG41: =N41/K41 -> 0.84014002
W42: =(U42-T42)*24*60 -> 0
W43: =(U43-T43)*24*60 -> 0
W44: =(U44-T44)*24*60 -> 0
W45: =(U45-T45)*24*60 -> 0
W46: =(U46-T46)*24*60 -> 0
H47: =F47*G47 -> 0 | W47: =(U47-T47)*24*60 -> 0
C48: 4度二組C1 | D48: 平均 | J48: =AVERAGE(J38:J47) -> 16 | K48: =AVERAGE(K38:K47) -> 1675 | L48: =AVERAGE(L38:L47) -> 105.25098 | M48: =AVERAGE(M38:M47) -> 16 | N48: =AVERAGE(N38:N47) -> 1543.8287 | O48: =AVERAGE(O38:O47) -> 96.809991 | P48: =M48-J48 -> 0 | Q48: =N48-K48 -> -131.17134 | R48: =O48/L48 -> 0.91980132 | W48: =(U48-T48)*24*60 -> 0 | Z48: =SUM(Z38:Z47) -> 0 | AA48: =SUM(AA38:AA47) -> 0 | AD48: =SUM(AD38:AD47) -> 0 | AE48: =SUM(AE38:AE47) -> 0 | AF48: =N48-K48 -> -131.17134 | AG48: =N48/K48 -> 0.92168876
A49: 手工五線 (ET-55) | B49: 熱乾麵 | D49: 沙茶豬肉炒麵 | F49: =VLOOKUP(D49,廠價表!$C$1:$E$43,3,0) -> 49.52 | G49: 2336 | H49: =F49*G49 -> 115678.72 | J49: =VLOOKUP(D49,產線配置圖!$A$3:$C$40,2,0) -> 17 | K49: =VLOOKUP(D49,產線配置圖!$A$3:$C$40,3,0) -> 1800 | L49: =K49/J49 -> 105.88235 | M49: 16 | N49: =G49/W49*60 -> 1475.3684 | O49: =N49/M49 -> 92.210526 | P49: =M49-J49 -> -1 | Q49: =O49-L49 -> -13.671827 | R49: =O49/L49 -> 0.87087719 | S49: =R58 -> 0.90070053 | T49: 0.29166667 | U49: 0.35763889 | W49: =(U49-T49)*24*60 -> 95 | AF49: =N49-K49 -> -324.63158 | AG49: =N49/K49 -> 0.81964912 | AH49: =AG58 -> 0.84104241
B50: 義大利麵 | D50: 焗烤起司雙饗筆尖麵 | F50: =VLOOKUP(D50,廠價表!$C$1:$E$43,3,0) -> 49.97 | G50: 2582 | H50: =F50*G50 -> 129022.54 | J50: =VLOOKUP(D50,產線配置圖!$A$3:$C$40,2,0) -> 16 | K50: =VLOOKUP(D50,產線配置圖!$A$3:$C$40,3,0) -> 1800 | L50: =K50/J50 -> 112.5 | M50: 15 | N50: =G50/W50*60 -> 1504.0777 | O50: =N50/M50 -> 100.27184 | P50: =M50-J50 -> -1 | Q50: =O50-L50 -> -12.228155 | R50: =O50/L50 -> 0.89130529 | T50: 0.36458333 | U50: 0.43611111 | V50: =(T50-U49)*24*60 -> 10 | W50: =(U50-T50)*24*60 -> 103 | AF50: =N50-K50 -> -295.92233 | AG50: =N50/K50 -> 0.83559871
B51: 義大利麵 | D51: 黑松露野菇義大利麵 | F51: =VLOOKUP(D51,廠價表!$C$1:$E$43,3,0) -> 50.289 | G51: 926 | H51: =F51*G51 -> 46567.614 | J51: =VLOOKUP(D51,產線配置圖!$A$3:$C$40,2,0) -> 18 | K51: =VLOOKUP(D51,產線配置圖!$A$3:$C$40,3,0) -> 1565 | L51: =K51/J51 -> 86.944444 | M51: 16 | N51: =G51/W51*60 -> 1292.093 | O51: =N51/M51 -> 80.755814 | P51: =M51-J51 -> -2 | Q51: =O51-L51 -> -6.1886305 | R51: =O51/L51 -> 0.92882086 | T51: 0.44097222 | U51: 0.47083333 | V51: =(T51-U50)*24*60 -> 7 | W51: =(U51-T51)*24*60 -> 43 | X51: 0.46875 | Y51: 0.52083333 | AF51: =N51-K51 -> -272.90698 | AG51: =N51/K51 -> 0.82561855
B52: 義大利麵 | D52: 黑松露野菇義大利麵 | F52: =VLOOKUP(D52,廠價表!$C$1:$E$43,3,0) -> 50.289 | G52: 2567 | H52: =F52*G52 -> 129091.86 | J52: =VLOOKUP(D52,產線配置圖!$A$3:$C$40,2,0) -> 18 | K52: =VLOOKUP(D52,產線配置圖!$A$3:$C$40,3,0) -> 1565 | L52: =K52/J52 -> 86.944444 | M52: 16 | N52: =G52/W52*60 -> 1351.0526 | O52: =N52/M52 -> 84.440789 | P52: =M52-J52 -> -2 | Q52: =O52-L52 -> -2.503655 | R52: =O52/L52 -> 0.97120397 | T52: 0.52152778 | U52: 0.60069444 | V52: =(T52-U51)*24*60 -> 73 | W52: =(U52-T52)*24*60 -> 114 | AF52: =N52-K52 -> -213.94737 | AG52: =N52/K52 -> 0.86329242
B53: 義大利麵 | D53: 焗烤起司雙饗筆尖麵 | F53: =VLOOKUP(D53,廠價表!$C$1:$E$43,3,0) -> 49.97 | G53: 3103 | H53: =F53*G53 -> 155056.91 | J53: =VLOOKUP(D53,產線配置圖!$A$3:$C$40,2,0) -> 16 | K53: =VLOOKUP(D53,產線配置圖!$A$3:$C$40,3,0) -> 1800 | L53: =K53/J53 -> 112.5 | M53: 16 | N53: =G53/W53*60 -> 1551.5 | O53: =N53/M53 -> 96.96875 | P53: =M53-J53 -> 0 | Q53: =O53-L53 -> -15.53125 | R53: =O53/L53 -> 0.86194444 | T53: 0.60763889 | U53: 0.69097222 | V53: =(T53-U52)*24*60 -> 10 | W53: =(U53-T53)*24*60 -> 120 | AF53: =N53-K53 -> -248.5 | AG53: =N53/K53 -> 0.86194444
W54: =(U54-T54)*24*60 -> 0
W55: =(U55-T55)*24*60 -> 0
W56: =(U56-T56)*24*60 -> 0
W57: =(U57-T57)*24*60 -> 0
C58: 4度二組C2 | D58: 平均 | J58: =AVERAGE(J49:J57) -> 17 | K58: =AVERAGE(K49:K57) -> 1706 | L58: =AVERAGE(L49:L57) -> 100.95425 | M58: =AVERAGE(M49:M57) -> 15.8 | N58: =AVERAGE(N49:N57) -> 1434.8183 | O58: =AVERAGE(O49:O57) -> 90.929545 | P58: =M58-J58 -> -1.2 | Q58: =N58-K58 -> -271.18165 | R58: =O58/L58 -> 0.90070053 | Z58: =SUM(Z49:Z57) -> 0 | AA58: =SUM(AA49:AA57) -> 0 | AD58: =SUM(AD49:AD57) -> 0 | AE58: =SUM(AE49:AE57) -> 0 | AF58: =N58-K58 -> -271.18165 | AG58: =N58/K58 -> 0.84104241
A59: 調理包一線 (八爪機) | B59: 小吃、微波 | D59: 小滷青蔬 | F59: =VLOOKUP(D59,廠價表!$C$1:$E$43,3,0) -> 26.99 | G59: 2394 | H59: =F59*G59 -> 64614.06 | J59: =VLOOKUP(D59,產線配置圖!$A$3:$C$40,2,0) -> 15 | K59: =VLOOKUP(D59,產線配置圖!$A$3:$C$40,3,0) -> 1565 | L59: =K59/J59 -> 104.33333 | M59: 14 | N59: =G59/W59*60 -> 1368 | O59: =N59/M59 -> 97.714286 | P59: =M59-J59 -> -1 | Q59: =O59-L59 -> -6.6190476 | R59: =O59/L59 -> 0.93655865 | S59: =R69 -> 0.94153896 | T59: 0.30555556 | U59: 0.37847222 | W59: =(U59-T59)*24*60 -> 105 | AF59: =N59-K59 -> -197 | AG59: =N59/K59 -> 0.87412141 | AH59: =AG69 -> 0.92720894
B60: 小吃、微波 | D60: 起司馬鈴薯 | F60: =VLOOKUP(D60,廠價表!$C$1:$E$43,3,0) -> 28.26 | G60: 2084 | H60: =F60*G60 -> 58893.84 | J60: =VLOOKUP(D60,產線配置圖!$A$3:$C$40,2,0) -> 12 | K60: =VLOOKUP(D60,產線配置圖!$A$3:$C$40,3,0) -> 1565 | L60: =K60/J60 -> 130.41667 | M60: 12 | N60: =G60/W60*60 -> 1471.0588 | O60: =N60/M60 -> 122.58824 | P60: =M60-J60 -> 0 | Q60: =O60-L60 -> -7.8284314 | R60: =O60/L60 -> 0.93997369 | T60: 0.38541667 | U60: 0.44444444 | V60: =(T60-U59)*24*60 -> 10 | W60: =(U60-T60)*24*60 -> 85 | AF60: =N60-K60 -> -93.941176 | AG60: =N60/K60 -> 0.93997369
B61: 小吃、微波 | D61: 韓式炒冬粉 | F61: =VLOOKUP(D61,廠價表!$C$1:$E$43,3,0) -> 28.26 | G61: 1358 | H61: =F61*G61 -> 38377.08 | J61: =VLOOKUP(D61,產線配置圖!$A$3:$C$40,2,0) -> 11 | K61: =VLOOKUP(D61,產線配置圖!$A$3:$C$40,3,0) -> 1565 | L61: =K61/J61 -> 142.27273 | M61: 11 | N61: =G61/W61*60 -> 1481.4545 | O61: =N61/M61 -> 134.67769 | P61: =M61-J61 -> 0 | Q61: =O61-L61 -> -7.5950413 | R61: =O61/L61 -> 0.94661632 | T61: 0.45486111 | U61: 0.49305556 | V61: =(T61-U60)*24*60 -> 15 | W61: =(U61-T61)*24*60 -> 55 | X61: 0.50347222 | Y61: 0.54513889 | AF61: =N61-K61 -> -83.545455 | AG61: =N61/K61 -> 0.94661632
B62: 小吃、微波 | D62: 韓式炒冬粉 | F62: =VLOOKUP(D62,廠價表!$C$1:$E$43,3,0) -> 28.26 | G62: 2185 | H62: =F62*G62 -> 61748.1 | J62: =VLOOKUP(D62,產線配置圖!$A$3:$C$40,2,0) -> 11 | K62: =VLOOKUP(D62,產線配置圖!$A$3:$C$40,3,0) -> 1565 | L62: =K62/J62 -> 142.27273 | M62: 11 | N62: =G62/W62*60 -> 1506.8966 | O62: =N62/M62 -> 136.9906 | P62: =M62-J62 -> 0 | Q62: =O62-L62 -> -5.2821317 | R62: =O62/L62 -> 0.9628732 | T62: 0.54513889 | U62: 0.60555556 | V62: =(T62-U61)*24*60 -> 75 | W62: =(U62-T62)*24*60 -> 87 | AF62: =N62-K62 -> -58.103448 | AG62: =N62/K62 -> 0.9628732
B63: 小吃、微波 | D63: 小滷青蔬 | F63: =VLOOKUP(D63,廠價表!$C$1:$E$43,3,0) -> 26.99 | G63: 1785 | H63: =F63*G63 -> 48177.15 | J63: =VLOOKUP(D63,產線配置圖!$A$3:$C$40,2,0) -> 15 | K63: =VLOOKUP(D63,產線配置圖!$A$3:$C$40,3,0) -> 1565 | L63: =K63/J63 -> 104.33333 | M63: 15 | N63: =G63/W63*60 -> 1428 | O63: =N63/M63 -> 95.2 | P63: =M63-J63 -> 0 | Q63: =O63-L63 -> -9.1333333 | R63: =O63/L63 -> 0.91246006 | T63: 0.61111111 | U63: 0.66319444 | V63: =(T63-U62)*24*60 -> 8 | W63: =(U63-T63)*24*60 -> 75
W64: =(U64-T64)*24*60 -> 0
W65: =(U65-T65)*24*60 -> 0
W66: =(U66-T66)*24*60 -> 0
W67: =(U67-T67)*24*60 -> 0
H68: =F68*G68 -> 0 | W68: =(U68-T68)*24*60 -> 0
C69: 4度三組 | D69: 平均 | J69: =AVERAGE(J59:J68) -> 12.8 | K69: =AVERAGE(K59:K68) -> 1565 | L69: =AVERAGE(L59:L68) -> 124.72576 | M69: =AVERAGE(M59:M68) -> 12.6 | N69: =AVERAGE(N59:N68) -> 1451.082 | O69: =AVERAGE(O59:O68) -> 117.43416 | P69: =M69-J69 -> -0.2 | Q69: =N69-K69 -> -113.91802 | R69: =O69/L69 -> 0.94153896 | Z69: =SUM(Z59:Z68) -> 0 | AA69: =SUM(AA59:AA68) -> 0 | AD69: =SUM(AD59:AD68) -> 0 | AE69: =SUM(AE59:AE68) -> 0 | AF69: =N69-K69 -> -113.91802 | AG69: =N69/K69 -> 0.92720894
A70: 調理包二線 (手工) | S70: =R79 -> 0 | W70: =(U70-T70)*24*60 -> 0 | AF70: =N70-K70 -> 0 | AG70: =N70/K70 -> #DIV/0! | AH70: =AG79 -> #DIV/0!
W71: =(U71-T71)*24*60 -> 0 | AF71: -300.3125 | AG71: 0.80810703
W72: =(U72-T72)*24*60 -> 0 | AF72: -130.33333 | AG72: 0.91671991
W73: =(U73-T73)*24*60 -> 0
W74: =(U74-T74)*24*60 -> 0
W75: =(U75-T75)*24*60 -> 0
W76: =(U76-T76)*24*60 -> 0
W77: =(U77-T77)*24*60 -> 0
W78: =(U78-T78)*24*60 -> 0
Z79: =SUM(Z70:Z78) -> 0 | AA79: =SUM(AA70:AA78) -> 0 | AD79: =SUM(AD70:AD78) -> 0 | AE79: =SUM(AE70:AE78) -> 0 | AF79: =N79-K79 -> 0 | AG79: =N79/K79 -> #DIV/0!
AJ80: 1.當日出勤人數較多
AJ81: 2.當日出勤人數較少
AJ82: 3.當日出勤熟手較少
AJ83: 4.當日出勤新人較多
AJ84: 5.機台夾盒
AJ85: 6.封膜不順
AJ86: 7.更換膠膜
AJ87: 8.更換碳帶
AJ88: 9.當日熱轉印碳帶異常
AJ89: 10.訂單量過少
AJ90: 11.新品上市，尚未熟悉
AJ91: 12.商品結構，產能較低
AJ92: 13.區域出貨，分段生產

Sheet 0602總
B1: 長家廠組合室生產人時性分析
B3: 日期 | D3: 46175 | F3: 訂單量 | G3: ='0602'!E1 -> 62091 | I3: 營業額 | J3: ='0602'!G1 -> 2949744.6
B4: 項目 | D4: 3 | F4: ➀ | H4: ➁ | J4: ③ | L4: 異常停線 | N4: 短暫停線
B5: 人時性 | D5: 組合室 | F5: 全溫層 | H5: 義大利麵 | J5: 袋裝小吃、義麵 | L5: 合計次數 | M5: 時間 | N5: 合計次數 | O5: 設備次數
D6: 排關平均 | F6: =AVERAGE(D13:I13) -> 122.64385 | H6: =AVERAGE(D13:H13) -> 122.22747 | J6: =AVERAGE(I13) -> 124.72576 | L6: =SUM(D18:J18) -> 2 | M6: =SUM(D19:J19) -> 23 | N6: =SUM(D20:J20) -> 0 | O6: =SUM(D20:J20) -> 0
D7: 實績平均 | F7: =AVERAGE(D14:I14) -> 104.08944 | H7: =AVERAGE(D14:H14) -> 102.77121 | J7: =AVERAGE(I14) -> 110.68059 | L7: =AVERAGE(K14:L14) -> #DIV/0! | M7: =AVERAGE(L14:M14) -> #DIV/0! | N7: =AVERAGE(M14:N14) -> #DIV/0! | O7: =AVERAGE(N14:O14) -> #DIV/0!
D8: 達成率平均 | F8: =F7/F6 -> 0.84871304 | H8: =H7/H6 -> 0.84081921 | J8: =J7/J6 -> 0.88739164 | L8: =AVERAGE(K15:L15) -> #DIV/0! | M8: =AVERAGE(L15:M15) -> #DIV/0! | N8: =AVERAGE(M15:N15) -> #DIV/0! | O8: =AVERAGE(N15:O15) -> #DIV/0!
J9: ※現行日本鮮食廠以達成率80%為基本(即為現行KPI)
B10: 溫層 | D10: 4度C-各編組展開
B11: 編組 | D11: 1 | E11: 2 | F11: 3 | G11: 4 | H11: 5 | I11: 6 | J11: 7
D12: 自動1線 | E12: 自動2線 | F12: 手工3線 | G12: 手工4線 | H12: 手工5線 | I12: 調理包1線 | J12: 調理包2線
B13: 人時性 | C13: 排關 | D13: =VALUE('0602'!L15) -> 150 | E13: =VALUE('0602'!L26) -> 158.32256 | F13: =VALUE('0602'!L37) -> 93.287179 | G13: =VALUE('0602'!L48) -> 106.35463 | H13: =VALUE('0602'!L58) -> 103.17298 | I13: =VALUE('0602'!L69) -> 124.72576 | J13: ='0602'!L79 -> 0
C14: 實績 | D14: =VALUE('0602'!O15) -> 122.60897 | E14: =VALUE('0602'!O26) -> 131.88798 | F14: =VALUE('0602'!O37) -> 84.92311 | G14: =VALUE('0602'!O48) -> 86.435846 | H14: =VALUE('0602'!O58) -> 88.000123 | I14: =VALUE('0602'!O69) -> 110.68059 | J14: ='0602'!O79 -> 0
C15: 達成率 | D15: =D14/D13 -> 0.81739313 | E15: =E14/E13 -> 0.83303339 | F15: =F14/F13 -> 0.91034064 | G15: =G14/G13 -> 0.81271352 | H15: =H14/H13 -> 0.85293764 | I15: =I14/I13 -> 0.88739164 | J15: ='0602'!S70 -> 0
B16: 作業 時間 | C16: 開始 | D16: ='0602'!T5 -> 0.29166667 | E16: ='0602'!T16 -> 0.29236111 | F16: ='0602'!T27 -> 0.29166667 | G16: ='0602'!T38 -> 0.33333333 | H16: ='0602'!T49 -> 0.29166667 | I16: ='0602'!T59 -> 0.29166667 | J16: ='0602'!T70 -> 0
C17: 結束 | D17: 0.66666667 | E17: 0.66666667 | F17: 0.63402778 | G17: 0.70486111 | H17: 0.675 | I17: 0.68055556 | J17: 0
B18: 產線異常 (5分鐘以上) | C18: 次數 | D18: ='0602'!Z15 -> 2 | E18: ='0602'!Z26 -> 0 | F18: ='0602'!Z37 -> 0 | G18: ='0602'!Z48 -> 0 | H18: ='0602'!Z58 -> 0 | I18: ='0602'!Z69 -> 0 | J18: ='0602'!AA79 -> 0
C19: 時間/分 | D19: ='0602'!AA15 -> 23 | E19: ='0602'!AA26 -> 0 | F19: ='0602'!AA37 -> 0 | G19: ='0602'!AA48 -> 0 | H19: ='0602'!AA58 -> 0 | I19: ='0602'!AA69 -> 0 | J19: ='0602'!AB79 -> 0
B20: 短暫停線 (5分鐘以下) | C20: 次數 | D20: ='0602'!AD15 -> 0 | E20: ='0602'!AD26 -> 0 | F20: ='0602'!AD37 -> 0 | G20: ='0602'!AD48 -> 0 | H20: ='0602'!AD58 -> 0 | I20: ='0602'!AD69 -> 0 | J20: ='0602'!AD79 -> 0
C21: 設備次數 | D21: ='0602'!AE15 -> 0 | E21: ='0602'!AE26 -> 0 | F21: ='0602'!AE37 -> 0 | G21: ='0602'!AE48 -> 0 | H21: ='0602'!AE58 -> 0 | I21: ='0602'!AE69 -> 0 | J21: ='0602'!AE79 -> 0
B22: 配置人數 | D22: =VALUE('0602'!M15) -> 15 | E22: =VALUE('0602'!M26) -> 14.333333 | F22: =VALUE('0602'!M37) -> 16.2 | G22: =VALUE('0602'!M48) -> 15.4 | H22: =VALUE('0602'!M58) -> 16.333333 | I22: =VALUE('0602'!M69) -> 12.6 | J22: ='0602'!M79 -> 0
B23: 主要應用設備 | D23: ET-600 | E23: ET-600 | F23: ET-55 | G23: ET-55 | H23: ET-55 | I23: 八爪機 | J23: 八爪機
B24: 次要應用設備 | H24: 封口機 | J24: 封口機
B25: 備註

Sheet 0602
A1: 長家廠4度C日報分析 | D1: 總生產量 | E1: =SUM(G5:G79) -> 62091 | F1: 營業額 | G1: =SUM(H5:H79) -> 2949744.6 | H1: 出勤人數 | I1: =M15+M26+M48+M58+M69+M79+M37 -> 89.866667 | J1: 產線配置圖 | M1: 生產實績 | P1: 人時性差異分析 | T1: 日報登錄 | Z1: 合計 次數 | AA1: 合計 時間/分 | AB1: 分析說明 | AD1: 合計 次數 | AE1: 合計 設備次數 | AF1: 產能差異分析
A2: 06月02日 星期二 | D2: 人時性 | E2: =AVERAGE(O15,O26,O37,O48,O58,O69,O79) -> 104.08944 | F2: 平均廠價 | G2: =G1/E1 -> 47.506798 | H2: 多次生產數 | I2: =COUNT(I5:I79) -> 0 | Z2: =Z15+Z26+Z37+Z48+Z58+Z69+Z79 -> 2 | AA2: =AA15+AA26+AA37+AA48+AA58+AA69+AA79 -> 23 | AD2: =AD15+AD26+AD37+AD48+AD58+AD69+AD79 -> 0 | AE2: =AE15+AE26+AE37+AE48+AE58+AE69+AE79 -> 0
A3: 線別 | B3: 品類 | D3: 品名 | F3: 廠價 | G3: 生產量 | H3: 營收 | I3: 多次 生產 | J3: 人數 | K3: 產能/時 | L3: 人時性 | M3: 人數 | N3: 產能/時 | O3: 人時性 | P3: 人數 | Q3: 人時性 | R3: 達成率 | S3: 達成率平均 | T3: 生產時間 | V3: 前置、換線時間/分 | W3: 稼動時間/分 | X3: 休息時間 | Z3: 產線異常統計 (5分鐘以上) | AB3: 今日為學生第一天上線，產速降低 | AD3: 短暫停線統計 (5分鐘以下) | AF3: 產能/時 | AG3: 達成率 | AH3: 達成率平均
T4: 開始 | U4: 結束 | X4: 開始 | Y4: 結束 | Z4: 次數 | AA4: 時間/分 | AD4: 總次數 | AE4: 設備因素(次數)
A5: 自動一線 (ET-600) | B5: 義大利麵 | D5: 白酒清炒鮮蛤義大利麵 | F5: =VLOOKUP(D5,廠價表!$C$1:$E$43,3,0) -> 56.87 | G5: 2287 | H5: =F5*G5 -> 130061.69 | J5: =VLOOKUP(D5,產線配置圖!$A$3:$C$40,2,0) -> 15 | K5: =VLOOKUP(D5,產線配置圖!$A$3:$C$40,3,0) -> 2250 | L5: =K5/J5 -> 150 | M5: 15 | N5: =G5/W5*60 -> 1879.726 | O5: =N5/M5 -> 125.31507 | P5: =M5-J5 -> 0 | Q5: =O5-L5 -> -24.684932 | R5: =O5/L5 -> 0.83543379 | S5: =R15 -> 0.81739313 | T5: 0.29166667 | U5: 0.34236111 | W5: =(U5-T5)*24*60 -> 73 | AF5: =N5-K5 -> -370.27397 | AG5: =N5/K5 -> 0.83543379 | AH5: =AG15 -> 0.81739313
B6: 義大利麵 | D6: 香煎魚排佐檸檬奶油義大利麵 | F6: =VLOOKUP(D6,廠價表!$C$1:$E$43,3,0) -> 58.17 | G6: 3425 | H6: =F6*G6 -> 199232.25 | J6: =VLOOKUP(D6,產線配置圖!$A$3:$C$40,2,0) -> 15 | K6: =VLOOKUP(D6,產線配置圖!$A$3:$C$40,3,0) -> 2250 | L6: =K6/J6 -> 150 | M6: 15 | N6: =G6/W6*60 -> 1726.8908 | O6: =N6/M6 -> 115.12605 | P6: =M6-J6 -> 0 | Q6: =O6-L6 -> -34.87395 | R6: =O6/L6 -> 0.767507 | T6: 0.34930556 | U6: 0.43194444 | V6: =(T6-U5)*24*60 -> 10 | W6: =(U6-T6)*24*60 -> 119 | Z6: 1 | AA6: 17 | AB6: 08:23-08:40封膜異常 | AF6: =N6-K6 -> -523.10924 | AG6: =N6/K6 -> 0.767507
B7: 義大利麵 | D7: 奶油培根義大利麵 | F7: =VLOOKUP(D7,廠價表!$C$1:$E$43,3,0) -> 49.14 | G7: 1992 | H7: =F7*G7 -> 97886.88 | J7: =VLOOKUP(D7,產線配置圖!$A$3:$C$40,2,0) -> 15 | K7: =VLOOKUP(D7,產線配置圖!$A$3:$C$40,3,0) -> 2250 | L7: =K7/J7 -> 150 | M7: 15 | N7: =G7/W7*60 -> 1927.7419 | O7: =N7/M7 -> 128.51613 | P7: =M7-J7 -> 0 | Q7: =O7-L7 -> -21.483871 | R7: =O7/L7 -> 0.85677419 | T7: 0.43958333 | U7: 0.48263889 | V7: =(T7-U6)*24*60 -> 11 | W7: =(U7-T7)*24*60 -> 62 | AF7: =N7-K7 -> -322.25806 | AG7: =N7/K7 -> 0.85677419
B8: 義大利麵 | D8: 奶油培根義大利麵 | F8: =VLOOKUP(D8,廠價表!$C$1:$E$43,3,0) -> 49.14 | G8: 4141 | H8: =F8*G8 -> 203488.74 | J8: =VLOOKUP(D8,產線配置圖!$A$3:$C$40,2,0) -> 15 | K8: =VLOOKUP(D8,產線配置圖!$A$3:$C$40,3,0) -> 2250 | L8: =K8/J8 -> 150 | M8: 15 | N8: =G8/W8*60 -> 1840.4444 | O8: =N8/M8 -> 122.6963 | P8: =M8-J8 -> 0 | Q8: =O8-L8 -> -27.303704 | R8: =O8/L8 -> 0.81797531 | T8: 0.54861111 | U8: 0.64236111 | V8: =(T8-U7)*24*60 -> 95 | W8: =(U8-T8)*24*60 -> 135 | Z8: 1 | AA8: 6 | AB8: 14:12-14:18封膜異常 | AF8: =N8-K8 -> -409.55556 | AG8: =N8/K8 -> 0.81797531
B9: 義大利麵 | D9: 白酒清炒鮮蛤義大利麵 | F9: =VLOOKUP(D9,廠價表!$C$1:$E$43,3,0) -> 56.87 | G9: 698 | H9: =F9*G9 -> 39695.26 | J9: =VLOOKUP(D9,產線配置圖!$A$3:$C$40,2,0) -> 15 | K9: =VLOOKUP(D9,產線配置圖!$A$3:$C$40,3,0) -> 2250 | L9: =K9/J9 -> 150 | M9: 15 | N9: =G9/W9*60 -> 1820.8696 | O9: =N9/M9 -> 121.3913 | P9: =M9-J9 -> 0 | Q9: =O9-L9 -> -28.608696 | R9: =O9/L9 -> 0.80927536 | T9: 0.65069444 | U9: 0.66666667 | V9: =(T9-U8)*24*60 -> 12 | W9: =(U9-T9)*24*60 -> 23 | AB9: 生產數量少 | AF9: =N9-K9 -> -429.13043 | AG9: =N9/K9 -> 0.80927536
W10: =(U10-T10)*24*60 -> 0
W11: =(U11-T11)*24*60 -> 0
W12: =(U12-T12)*24*60 -> 0
W13: =(U13-T13)*24*60 -> 0
W14: =(U14-T14)*24*60 -> 0
C15: 4度一組 | D15: 平均 | J15: =AVERAGE(J5:J14) -> 15 | K15: =AVERAGE(K5:K14) -> 2250 | L15: =AVERAGE(L5:L14) -> 150 | M15: =AVERAGE(M5:M14) -> 15 | N15: =AVERAGE(N5:N14) -> 1839.1345 | O15: =AVERAGE(O5:O14) -> 122.60897 | P15: =M15-J15 -> 0 | Q15: =O15-L15 -> -27.39103 | R15: =O15/L15 -> 0.81739313 | Z15: =SUM(Z5:Z14) -> 2 | AA15: =SUM(AA5:AA14) -> 23 | AD15: =SUM(AD5:AD14) -> 0 | AE15: =SUM(AE5:AE14) -> 0 | AF15: =N15-K15 -> -410.86545 | AG15: =N15/K15 -> 0.81739313
A16: 自動二線 (ET-600) | B16: 義大利麵 | D16: 青醬蛤蜊義大利麵 | F16: =VLOOKUP(D16,廠價表!$C$1:$E$43,3,0) -> 50.67 | G16: 2136 | H16: =F16*G16 -> 108231.12 | J16: =VLOOKUP(D16,產線配置圖!$A$3:$C$40,2,0) -> 14 | K16: =VLOOKUP(D16,產線配置圖!$A$3:$C$40,3,0) -> 2250 | L16: =K16/J16 -> 160.71429 | M16: 14 | N16: =G16/W16*60 -> 2100.9836 | O16: =N16/M16 -> 150.07026 | P16: =M16-J16 -> 0 | Q16: =O16-L16 -> -10.644028 | R16: =O16/L16 -> 0.93377049 | S16: =R26 -> 0.83303339 | T16: 0.29236111 | U16: 0.33472222 | W16: =(U16-T16)*24*60 -> 61 | AF16: =N16-K16 -> -149.01639 | AG16: =N16/K16 -> 0.93377049 | AH16: =AG26 -> 0.83266424
B17: 義大利麵 | D17: 蒜香奶油蝦蝦義大利麵 | F17: =VLOOKUP(D17,廠價表!$C$1:$E$43,3,0) -> 57.21 | G17: 2021 | H17: =F17*G17 -> 115621.41 | J17: =VLOOKUP(D17,產線配置圖!$A$3:$C$40,2,0) -> 17 | K17: =VLOOKUP(D17,產線配置圖!$A$3:$C$40,3,0) -> 2250 | L17: =K17/J17 -> 132.35294 | M17: 17 | N17: =G17/W17*60 -> 1809.8507 | O17: =N17/M17 -> 106.46181 | P17: =M17-J17 -> 0 | Q17: =O17-L17 -> -25.891133 | R17: =O17/L17 -> 0.80437811 | T17: 0.34305556 | U17: 0.38958333 | V17: =(T17-U16)*24*60 -> 12 | W17: =(U17-T17)*24*60 -> 67 | AF17: =N17-K17 -> -440.14925 | AG17: =N17/K17 -> 0.80437811
B18: 義大利麵 | D18: 義式辣味嫩烤雞腿排義大利麵 | F18: =VLOOKUP(D18,廠價表!$C$1:$E$43,3,0) -> 56.61 | G18: 1338 | H18: =F18*G18 -> 75744.18 | J18: =VLOOKUP(D18,產線配置圖!$A$3:$C$40,2,0) -> 15 | K18: =VLOOKUP(D18,產線配置圖!$A$3:$C$40,3,0) -> 2250 | L18: =K18/J18 -> 150 | M18: 15 | N18: =G18/W18*60 -> 1866.9767 | O18: =N18/M18 -> 124.46512 | P18: =M18-J18 -> 0 | Q18: =O18-L18 -> -25.534884 | R18: =O18/L18 -> 0.82976744 | T18: 0.40277778 | U18: 0.43263889 | V18: =(T18-U17)*24*60 -> 19 | W18: =(U18-T18)*24*60 -> 43 | AF18: =N18-K18 -> -383.02326 | AG18: =N18/K18 -> 0.82976744
B19: 義大利麵 | D19: 義式蕃茄起司義大利麵 | F19: =VLOOKUP(D19,廠價表!$C$1:$E$43,3,0) -> 50.39 | G19: 1698 | H19: =F19*G19 -> 85562.22 | J19: =VLOOKUP(D19,產線配置圖!$A$3:$C$40,2,0) -> 13 | K19: =VLOOKUP(D19,產線配置圖!$A$3:$C$40,3,0) -> 2250 | L19: =K19/J19 -> 173.07692 | M19: 13 | N19: =G19/W19*60 -> 1852.3636 | O19: =N19/M19 -> 142.48951 | P19: =M19-J19 -> 0 | Q19: =O19-L19 -> -30.587413 | R19: =O19/L19 -> 0.82327273 | T19: 0.44097222 | U19: 0.47916667 | V19: =(T19-U18)*24*60 -> 12 | W19: =(U19-T19)*24*60 -> 55 | AF19: =N19-K19 -> -397.63636 | AG19: =N19/K19 -> 0.82327273
B20: 義大利麵 | D20: 義式蕃茄起司義大利麵 | F20: =VLOOKUP(D20,廠價表!$C$1:$E$43,3,0) -> 50.39 | G20: 3192 | H20: =F20*G20 -> 160844.88 | J20: =VLOOKUP(D20,產線配置圖!$A$3:$C$40,2,0) -> 13 | K20: =VLOOKUP(D20,產線配置圖!$A$3:$C$40,3,0) -> 2250 | L20: =K20/J20 -> 173.07692 | M20: 13 | N20: =G20/W20*60 -> 1806.7925 | O20: =N20/M20 -> 138.98403 | P20: =M20-J20 -> 0 | Q20: =O20-L20 -> -34.092888 | R20: =O20/L20 -> 0.80301887 | T20: 0.55625 | U20: 0.62986111 | V20: =(T20-U19)*24*60 -> 111 | W20: =(U20-T20)*24*60 -> 106
B21: 義大利麵 | D21: 青醬蛤蜊義大利麵 | F21: =VLOOKUP(D21,廠價表!$C$1:$E$43,3,0) -> 50.67 | G21: 1353 | H21: =F21*G21 -> 68556.51 | J21: =VLOOKUP(D21,產線配置圖!$A$3:$C$40,2,0) -> 14 | K21: =VLOOKUP(D21,產線配置圖!$A$3:$C$40,3,0) -> 2250 | L21: =K21/J21 -> 160.71429 | M21: 14 | N21: =G21/W21*60 -> 1804 | O21: =N21/M21 -> 128.85714 | P21: =M21-J21 -> 0 | Q21: =O21-L21 -> -31.857143 | R21: =O21/L21 -> 0.80177778 | T21: 0.63541667 | U21: 0.66666667 | V21: =(T21-U20)*24*60 -> 8 | W21: =(U21-T21)*24*60 -> 45 | AB21: 生產數量少
W22: 0
W23: =(U23-T23)*24*60 -> 0
H24: =F24*G24 -> 0 | W24: =(U24-T24)*24*60 -> 0
H25: =F25*G25 -> 0 | W25: =(U25-T25)*24*60 -> 0
C26: 4度二組A | D26: 平均 | J26: =AVERAGE(J16:J25) -> 14.333333 | K26: =AVERAGE(K16:K25) -> 2250 | L26: =AVERAGE(L16:L25) -> 158.32256 | M26: =AVERAGE(M16:M25) -> 14.333333 | N26: =AVERAGE(N16:N25) -> 1873.4945 | O26: =AVERAGE(O16:O25) -> 131.88798 | P26: =M26-J26 -> 0 | Q26: =O26-L26 -> -26.434581 | R26: =O26/L26 -> 0.83303339 | Z26: =SUM(Z16:Z25) -> 0 | AA26: =SUM(AA16:AA25) -> 0 | AD26: =SUM(AD16:AD25) -> 0 | AE26: =SUM(AE16:AE25) -> 0 | AF26: =N26-K26 -> -376.50547 | AG26: =N26/K26 -> 0.83266424
A27: 手工三線 (ET-55) | B27: 義大利麵 | D27: 焗烤起司肉醬筆尖麵 | F27: =VLOOKUP(D27,廠價表!$C$1:$E$43,3,0) -> 50.67 | G27: 1169 | H27: =F27*G27 -> 59233.23 | J27: =VLOOKUP(D27,產線配置圖!$A$3:$C$40,2,0) -> 13 | K27: =VLOOKUP(D27,產線配置圖!$A$3:$C$40,3,0) -> 1440 | L27: =K27/J27 -> 110.76923 | M27: 13 | N27: =G27/W27*60 -> 1275.2727 | O27: =N27/M27 -> 98.097902 | P27: =M27-J27 -> 0 | Q27: =O27-L27 -> -12.671329 | R27: =O27/L27 -> 0.88560606 | S27: =R37 -> 0.91034064 | T27: 0.29166667 | U27: 0.32986111 | W27: =(U27-T27)*24*60 -> 55 | AF27: =N27-K27 -> -164.72727 | AG27: =N27/K27 -> 0.88560606 | AH27: =AG37 -> 0.87045049
B28: 義大利麵 | D28: 整條德式香腸義大利麵 | F28: =VLOOKUP(D28,廠價表!$C$1:$E$43,3,0) -> 57.21 | G28: 1123 | H28: =F28*G28 -> 64246.83 | J28: =VLOOKUP(D28,產線配置圖!$A$3:$C$40,2,0) -> 18 | K28: =VLOOKUP(D28,產線配置圖!$A$3:$C$40,3,0) -> 1565 | L28: =K28/J28 -> 86.944444 | M28: 17 | N28: =G28/W28*60 -> 1375.102 | O28: =N28/M28 -> 80.888355 | P28: =M28-J28 -> -1 | Q28: =O28-L28 -> -6.0560891 | R28: =O28/L28 -> 0.9303453 | T28: 0.33541667 | U28: 0.36944444 | V28: =(T28-U27)*24*60 -> 8 | W28: =(U28-T28)*24*60 -> 49 | AF28: =N28-K28 -> -189.89796 | AG28: =N28/K28 -> 0.87865945
B29: 義大利麵 | D29: 奶油鮮蝦明太子細扁麵 | F29: =VLOOKUP(D29,廠價表!$C$1:$E$43,3,0) -> 57.21 | G29: 2745 | H29: =F29*G29 -> 157041.45 | J29: =VLOOKUP(D29,產線配置圖!$A$3:$C$40,2,0) -> 18 | K29: =VLOOKUP(D29,產線配置圖!$A$3:$C$40,3,0) -> 1636 | L29: =K29/J29 -> 90.888889 | M29: 17 | N29: =G29/W29*60 -> 1407.6923 | O29: =N29/M29 -> 82.80543 | P29: =M29-J29 -> -1 | Q29: =O29-L29 -> -8.083459 | R29: =O29/L29 -> 0.91106219 | T29: 0.375 | U29: 0.45625 | V29: =(T29-U28)*24*60 -> 8 | W29: =(U29-T29)*24*60 -> 117 | AF29: =N29-K29 -> -228.30769 | AG29: =N29/K29 -> 0.86044762
B30: 義大利麵 | D30: 奶油鮮蝦明太子細扁麵 | F30: =VLOOKUP(D30,廠價表!$C$1:$E$43,3,0) -> 57.21 | G30: 1210 | H30: =F30*G30 -> 69224.1 | J30: =VLOOKUP(D30,產線配置圖!$A$3:$C$40,2,0) -> 18 | K30: =VLOOKUP(D30,產線配置圖!$A$3:$C$40,3,0) -> 1636 | L30: =K30/J30 -> 90.888889 | M30: 17 | N30: =G30/W30*60 -> 1396.1538 | O30: =N30/M30 -> 82.126697 | P30: =M30-J30 -> -1 | Q30: =O30-L30 -> -8.7621921 | R30: =O30/L30 -> 0.90359446 | T30: 0.51944444 | U30: 0.55555556 | V30: =(T30-U29)*24*60 -> 91 | W30: =(U30-T30)*24*60 -> 52 | AF30: =N30-K30 -> -239.84615 | AG30: =N30/K30 -> 0.85339477
B31: 義大利麵 | D31: 黑松露野菇義大利麵 | F31: =VLOOKUP(D31,廠價表!$C$1:$E$43,3,0) -> 50.289 | G31: 1852 | H31: =F31*G31 -> 93135.228 | J31: =VLOOKUP(D31,產線配置圖!$A$3:$C$40,2,0) -> 18 | K31: =VLOOKUP(D31,產線配置圖!$A$3:$C$40,3,0) -> 1565 | L31: =K31/J31 -> 86.944444 | M31: 17 | N31: =G31/W31*60 -> 1371.8519 | O31: =N31/M31 -> 80.697168 | P31: =M31-J31 -> -1 | Q31: =O31-L31 -> -6.2472767 | R31: =O31/L31 -> 0.92814634 | T31: 0.57777778 | U31: 0.63402778 | V31: =(T31-U30)*24*60 -> 32 | W31: =(U31-T31)*24*60 -> 81 | AB31: 13:28-13:44試產焦糖拿鐵烤雞細扁麵94份 | AF31: =N31-K31 -> -193.14815 | AG31: =N31/K31 -> 0.87658265
W32: =(U32-T32)*24*60 -> 0
W33: =(U33-T33)*24*60 -> 0
W34: =(U34-T34)*24*60 -> 0
W35: =(U35-T35)*24*60 -> 0
H36: =F36*G36 -> 0 | W36: =(U36-T36)*24*60 -> 0
C37: 4度二組B | D37: 平均 | J37: =AVERAGE(J27:J36) -> 17 | K37: =AVERAGE(K27:K36) -> 1568.4 | L37: =AVERAGE(L27:L36) -> 93.287179 | M37: =AVERAGE(M27:M36) -> 16.2 | N37: =AVERAGE(N27:N36) -> 1365.2146 | O37: =AVERAGE(O27:O36) -> 84.92311 | P37: =M37-J37 -> -0.8 | Q37: =N37-K37 -> -203.18545 | R37: =O37/L37 -> 0.91034064 | Z37: =SUM(Z27:Z36) -> 0 | AA37: =SUM(AA27:AA36) -> 0 | AD37: =SUM(AD27:AD36) -> 0 | AE37: =SUM(AE27:AE36) -> 0 | AF37: =N37-K37 -> -203.18545 | AG37: =N37/K37 -> 0.87045049
A38: 手工四線 (ET-55) | B38: 熱乾麵 | D38: 青花椒麻雞肉拌麵 | F38: =VLOOKUP(D38,廠價表!$C$1:$E$43,3,0) -> 49.91 | G38: 947 | H38: =F38*G38 -> 47264.77 | J38: =VLOOKUP(D38,產線配置圖!$A$3:$C$40,2,0) -> 15 | K38: =VLOOKUP(D38,產線配置圖!$A$3:$C$40,3,0) -> 1714 | L38: =K38/J38 -> 114.26667 | M38: 15 | N38: =G38/W38*60 -> 1262.6667 | O38: =N38/M38 -> 84.177778 | P38: =M38-J38 -> 0 | Q38: =O38-L38 -> -30.088889 | R38: =O38/L38 -> 0.73667834 | S38: =R48 -> 0.81271352 | T38: 0.33333333 | U38: 0.36458333 | W38: =(U38-T38)*24*60 -> 45 | AB38: 生產數量少、湯凍異常故延後開線 | AF38: =N38-K38 -> -451.33333 | AG38: =N38/K38 -> 0.73667834 | AH38: =AG48 -> 0.81498158
B39: 義大利麵 | D39: 焗烤起司肉醬筆尖麵 | F39: =VLOOKUP(D39,廠價表!$C$1:$E$43,3,0) -> 50.67 | G39: 395 | H39: =F39*G39 -> 20014.65 | J39: =VLOOKUP(D39,產線配置圖!$A$3:$C$40,2,0) -> 13 | K39: =VLOOKUP(D39,產線配置圖!$A$3:$C$40,3,0) -> 1440 | L39: =K39/J39 -> 110.76923 | M39: 13 | N39: =G39/W39*60 -> 1077.2727 | O39: =N39/M39 -> 82.867133 | P39: =M39-J39 -> 0 | Q39: =O39-L39 -> -27.902098 | R39: =O39/L39 -> 0.74810606 | T39: 0.39236111 | U39: 0.40763889 | V39: =(T39-U38)*24*60 -> 40 | W39: =(U39-T39)*24*60 -> 22 | AB39: 生產數量少 | AF39: =N39-K39 -> -362.72727 | AG39: =N39/K39 -> 0.74810606
B40: 熱乾麵 | D40: 青花椒麻雞肉拌麵 | F40: =VLOOKUP(D40,廠價表!$C$1:$E$43,3,0) -> 49.91 | G40: 1173 | H40: =F40*G40 -> 58544.43 | J40: =VLOOKUP(D40,產線配置圖!$A$3:$C$40,2,0) -> 15 | K40: =VLOOKUP(D40,產線配置圖!$A$3:$C$40,3,0) -> 1714 | L40: =K40/J40 -> 114.26667 | M40: 15 | N40: =G40/W40*60 -> 1599.5455 | O40: =N40/M40 -> 106.63636 | P40: =M40-J40 -> 0 | Q40: =O40-L40 -> -7.630303 | R40: =O40/L40 -> 0.93322372 | T40: 0.41388889 | U40: 0.44444444 | V40: =(T40-U39)*24*60 -> 9 | W40: =(U40-T40)*24*60 -> 44 | AF40: =N40-K40 -> -114.45455 | AG40: =N40/K40 -> 0.93322372
B41: 熱乾麵 | D41: 府城鹽水意麵 | F41: =VLOOKUP(D41,廠價表!$C$1:$E$43,3,0) -> 44.3 | G41: 1966 | H41: =F41*G41 -> 87093.8 | J41: =VLOOKUP(D41,產線配置圖!$A$3:$C$40,2,0) -> 17 | K41: =VLOOKUP(D41,產線配置圖!$A$3:$C$40,3,0) -> 1636 | L41: =K41/J41 -> 96.235294 | M41: 17 | N41: =G41/W41*60 -> 1340.4545 | O41: =N41/M41 -> 78.850267 | P41: =M41-J41 -> 0 | Q41: =O41-L41 -> -17.385027 | R41: =O41/L41 -> 0.81934874 | T41: 0.45138889 | U41: 0.5125 | V41: =(T41-U40)*24*60 -> 10 | W41: =(U41-T41)*24*60 -> 88 | AF41: =N41-K41 -> -295.54545 | AG41: =N41/K41 -> 0.81934874
B42: 熱乾麵 | D42: 府城鹽水意麵 | F42: =VLOOKUP(D42,廠價表!$C$1:$E$43,3,0) -> 44.3 | G42: 4220 | H42: =F42*G42 -> 186946 | J42: =VLOOKUP(D42,產線配置圖!$A$3:$C$40,2,0) -> 17 | K42: =VLOOKUP(D42,產線配置圖!$A$3:$C$40,3,0) -> 1636 | L42: =K42/J42 -> 96.235294 | M42: 17 | N42: =G42/W42*60 -> 1354.0107 | O42: =N42/M42 -> 79.647688 | P42: =M42-J42 -> 0 | Q42: =O42-L42 -> -16.587606 | R42: =O42/L42 -> 0.8276349 | T42: 0.575 | U42: 0.70486111 | V42: =(T42-U41)*24*60 -> 90 | W42: =(U42-T42)*24*60 -> 187
W43: =(U43-T43)*24*60 -> 0
W44: =(U44-T44)*24*60 -> 0
W45: =(U45-T45)*24*60 -> 0
W46: =(U46-T46)*24*60 -> 0
H47: =F47*G47 -> 0 | W47: =(U47-T47)*24*60 -> 0
C48: 4度二組C1 | D48: 平均 | J48: =AVERAGE(J38:J47) -> 15.4 | K48: =AVERAGE(K38:K47) -> 1628 | L48: =AVERAGE(L38:L47) -> 106.35463 | M48: =AVERAGE(M38:M47) -> 15.4 | N48: =AVERAGE(N38:N47) -> 1326.79 | O48: =AVERAGE(O38:O47) -> 86.435846 | P48: =M48-J48 -> 0 | Q48: =N48-K48 -> -301.20998 | R48: =O48/L48 -> 0.81271352 | W48: =(U48-T48)*24*60 -> 0 | Z48: =SUM(Z38:Z47) -> 0 | AA48: =SUM(AA38:AA47) -> 0 | AD48: =SUM(AD38:AD47) -> 0 | AE48: =SUM(AE38:AE47) -> 0 | AF48: =N48-K48 -> -301.20998 | AG48: =N48/K48 -> 0.81498158
A49: 手工五線 (ET-55) | B49: 熱乾麵 | D49: 沙茶豬肉炒麵 | F49: =VLOOKUP(D49,廠價表!$C$1:$E$43,3,0) -> 49.52 | G49: 2297 | H49: =F49*G49 -> 113747.44 | J49: =VLOOKUP(D49,產線配置圖!$A$3:$C$40,2,0) -> 17 | K49: =VLOOKUP(D49,產線配置圖!$A$3:$C$40,3,0) -> 1800 | L49: =K49/J49 -> 105.88235 | M49: 17 | N49: =G49/W49*60 -> 1548.5393 | O49: =N49/M49 -> 91.090549 | P49: =M49-J49 -> 0 | Q49: =O49-L49 -> -14.791804 | R49: =O49/L49 -> 0.86029963 | S49: =R58 -> 0.85293764 | T49: 0.29166667 | U49: 0.35347222 | W49: =(U49-T49)*24*60 -> 89 | AF49: =N49-K49 -> -251.46067 | AG49: =N49/K49 -> 0.86029963 | AH49: =AG58 -> 0.8316205
B50: 義大利麵 | D50: 焗烤起司雙饗筆尖麵 | F50: =VLOOKUP(D50,廠價表!$C$1:$E$43,3,0) -> 49.97 | G50: 2627 | H50: =F50*G50 -> 131271.19 | J50: =VLOOKUP(D50,產線配置圖!$A$3:$C$40,2,0) -> 16 | K50: =VLOOKUP(D50,產線配置圖!$A$3:$C$40,3,0) -> 1800 | L50: =K50/J50 -> 112.5 | M50: 15 | N50: =G50/W50*60 -> 1515.5769 | O50: =N50/M50 -> 101.03846 | P50: =M50-J50 -> -1 | Q50: =O50-L50 -> -11.461538 | R50: =O50/L50 -> 0.89811966 | T50: 0.35972222 | U50: 0.43194444 | V50: =(T50-U49)*24*60 -> 9 | W50: =(U50-T50)*24*60 -> 104 | AF50: =N50-K50 -> -284.42308 | AG50: =N50/K50 -> 0.84198718
B51: 義大利麵 | D51: 黑松露野菇義大利麵 | F51: =VLOOKUP(D51,廠價表!$C$1:$E$43,3,0) -> 50.289 | G51: 727 | H51: =F51*G51 -> 36560.103 | J51: =VLOOKUP(D51,產線配置圖!$A$3:$C$40,2,0) -> 18 | K51: =VLOOKUP(D51,產線配置圖!$A$3:$C$40,3,0) -> 1565 | L51: =K51/J51 -> 86.944444 | M51: 18 | N51: =G51/W51*60 -> 1178.9189 | O51: =N51/M51 -> 65.495495 | P51: =M51-J51 -> 0 | Q51: =O51-L51 -> -21.448949 | R51: =O51/L51 -> 0.75330282 | T51: 0.43958333 | U51: 0.46527778 | V51: =(T51-U50)*24*60 -> 11 | W51: =(U51-T51)*24*60 -> 37 | AB51: 生產數量少 | AF51: =N51-K51 -> -386.08108 | AG51: =N51/K51 -> 0.75330282
B52: 義大利麵 | D52: 黑松露野菇義大利麵 | F52: =VLOOKUP(D52,廠價表!$C$1:$E$43,3,0) -> 50.289 | G52: 807 | H52: =F52*G52 -> 40583.223 | J52: =VLOOKUP(D52,產線配置圖!$A$3:$C$40,2,0) -> 18 | K52: =VLOOKUP(D52,產線配置圖!$A$3:$C$40,3,0) -> 1565 | L52: =K52/J52 -> 86.944444 | M52: 18 | N52: =G52/W52*60 -> 1345 | O52: =N52/M52 -> 74.722222 | P52: =M52-J52 -> 0 | Q52: =O52-L52 -> -12.222222 | R52: =O52/L52 -> 0.85942492 | T52: 0.51736111 | U52: 0.54236111 | V52: =(T52-U51)*24*60 -> 75 | W52: =(U52-T52)*24*60 -> 36 | AF52: =N52-K52 -> -220 | AG52: =N52/K52 -> 0.85942492
B53: 義大利麵 | D53: 焗烤起司雙饗筆尖麵 | F53: =VLOOKUP(D53,廠價表!$C$1:$E$43,3,0) -> 49.97 | G53: 3250 | H53: =F53*G53 -> 162402.5 | J53: =VLOOKUP(D53,產線配置圖!$A$3:$C$40,2,0) -> 16 | K53: =VLOOKUP(D53,產線配置圖!$A$3:$C$40,3,0) -> 1800 | L53: =K53/J53 -> 112.5 | M53: 16 | N53: =G53/W53*60 -> 1535.4331 | O53: =N53/M53 -> 95.964567 | P53: =M53-J53 -> 0 | Q53: =O53-L53 -> -16.535433 | R53: =O53/L53 -> 0.85301837 | T53: 0.54722222 | U53: 0.63541667 | V53: =(T53-U52)*24*60 -> 7 | W53: =(U53-T53)*24*60 -> 127 | AF53: =N53-K53 -> -264.56693 | AG53: =N53/K53 -> 0.85301837
B54: 熱乾麵 | D54: 青花椒麻雞肉拌麵 | F54: =VLOOKUP(D54,廠價表!$C$1:$E$43,3,0) -> 49.91 | G54: 1070 | H54: =F54*G54 -> 53403.7 | J54: =VLOOKUP(D54,產線配置圖!$A$3:$C$40,2,0) -> 15 | K54: =VLOOKUP(D54,產線配置圖!$A$3:$C$40,3,0) -> 1714 | L54: =K54/J54 -> 114.26667 | M54: 14 | N54: =G54/W54*60 -> 1395.6522 | O54: =N54/M54 -> 99.689441 | P54: =M54-J54 -> -1 | Q54: =O54-L54 -> -14.577226 | R54: =O54/L54 -> 0.87242801 | T54: 0.64305556 | U54: 0.675 | V54: =(T54-U53)*24*60 -> 11 | W54: =(U54-T54)*24*60 -> 46
W55: =(U55-T55)*24*60 -> 0
W56: =(U56-T56)*24*60 -> 0
W57: =(U57-T57)*24*60 -> 0
C58: 4度二組C2 | D58: 平均 | J58: =AVERAGE(J49:J57) -> 16.666667 | K58: =AVERAGE(K49:K57) -> 1707.3333 | L58: =AVERAGE(L49:L57) -> 103.17298 | M58: =AVERAGE(M49:M57) -> 16.333333 | N58: =AVERAGE(N49:N57) -> 1419.8534 | O58: =AVERAGE(O49:O57) -> 88.000123 | P58: =M58-J58 -> -0.33333333 | Q58: =N58-K58 -> -287.47993 | R58: =O58/L58 -> 0.85293764 | Z58: =SUM(Z49:Z57) -> 0 | AA58: =SUM(AA49:AA57) -> 0 | AD58: =SUM(AD49:AD57) -> 0 | AE58: =SUM(AE49:AE57) -> 0 | AF58: =N58-K58 -> -287.47993 | AG58: =N58/K58 -> 0.8316205
A59: 調理包一線 (八爪機) | B59: 小吃、微波 | D59: 小滷青蔬 | F59: =VLOOKUP(D59,廠價表!$C$1:$E$43,3,0) -> 26.99 | G59: 2359 | H59: =F59*G59 -> 63669.41 | J59: =VLOOKUP(D59,產線配置圖!$A$3:$C$40,2,0) -> 15 | K59: =VLOOKUP(D59,產線配置圖!$A$3:$C$40,3,0) -> 1565 | L59: =K59/J59 -> 104.33333 | M59: 15 | N59: =G59/W59*60 -> 1415.4 | O59: =N59/M59 -> 94.36 | P59: =M59-J59 -> 0 | Q59: =O59-L59 -> -9.9733333 | R59: =O59/L59 -> 0.90440895 | S59: =R69 -> 0.88739164 | T59: 0.29166667 | U59: 0.36111111 | W59: =(U59-T59)*24*60 -> 100 | AF59: =N59-K59 -> -149.6 | AG59: =N59/K59 -> 0.90440895 | AH59: =AG69 -> 0.87516881
B60: 小吃、微波 | D60: 起司馬鈴薯 | F60: =VLOOKUP(D60,廠價表!$C$1:$E$43,3,0) -> 28.26 | G60: 2148 | H60: =F60*G60 -> 60702.48 | J60: =VLOOKUP(D60,產線配置圖!$A$3:$C$40,2,0) -> 12 | K60: =VLOOKUP(D60,產線配置圖!$A$3:$C$40,3,0) -> 1565 | L60: =K60/J60 -> 130.41667 | M60: 12 | N60: =G60/W60*60 -> 1481.3793 | O60: =N60/M60 -> 123.44828 | P60: =M60-J60 -> 0 | Q60: =O60-L60 -> -6.9683908 | R60: =O60/L60 -> 0.94656825 | T60: 0.36805556 | U60: 0.42847222 | V60: =(T60-U59)*24*60 -> 10 | W60: =(U60-T60)*24*60 -> 87 | AF60: =N60-K60 -> -83.62069 | AG60: =N60/K60 -> 0.94656825
B61: 小吃、微波 | D61: 韓式炒冬粉 | F61: =VLOOKUP(D61,廠價表!$C$1:$E$43,3,0) -> 28.26 | G61: 1998 | H61: =F61*G61 -> 56463.48 | J61: =VLOOKUP(D61,產線配置圖!$A$3:$C$40,2,0) -> 11 | K61: =VLOOKUP(D61,產線配置圖!$A$3:$C$40,3,0) -> 1565 | L61: =K61/J61 -> 142.27273 | M61: 11 | N61: =G61/W61*60 -> 1332 | O61: =N61/M61 -> 121.09091 | P61: =M61-J61 -> 0 | Q61: =O61-L61 -> -21.181818 | R61: =O61/L61 -> 0.85111821 | T61: 0.43541667 | U61: 0.49791667 | V61: =(T61-U60)*24*60 -> 10 | W61: =(U61-T61)*24*60 -> 90 | AF61: =N61-K61 -> -233 | AG61: =N61/K61 -> 0.85111821
B62: 小吃、微波 | D62: 韓式炒冬粉 | F62: =VLOOKUP(D62,廠價表!$C$1:$E$43,3,0) -> 28.26 | G62: 2110 | H62: =F62*G62 -> 59628.6 | J62: =VLOOKUP(D62,產線配置圖!$A$3:$C$40,2,0) -> 11 | K62: =VLOOKUP(D62,產線配置圖!$A$3:$C$40,3,0) -> 1565 | L62: =K62/J62 -> 142.27273 | M62: 11 | N62: =G62/W62*60 -> 1406.6667 | O62: =N62/M62 -> 127.87879 | P62: =M62-J62 -> 0 | Q62: =O62-L62 -> -14.393939 | R62: =O62/L62 -> 0.89882854 | T62: 0.55555556 | U62: 0.61805556 | V62: =(T62-U61)*24*60 -> 83 | W62: =(U62-T62)*24*60 -> 90 | AF62: =N62-K62 -> -158.33333 | AG62: =N62/K62 -> 0.89882854
B63: 小吃、微波 | D63: 小滷青蔬 | F63: =VLOOKUP(D63,廠價表!$C$1:$E$43,3,0) -> 26.99 | G63: 1617 | H63: =F63*G63 -> 43642.83 | J63: =VLOOKUP(D63,產線配置圖!$A$3:$C$40,2,0) -> 15 | K63: =VLOOKUP(D63,產線配置圖!$A$3:$C$40,3,0) -> 1565 | L63: =K63/J63 -> 104.33333 | M63: 14 | N63: =G63/W63*60 -> 1212.75 | O63: =N63/M63 -> 86.625 | P63: =M63-J63 -> -1 | Q63: =O63-L63 -> -17.708333 | R63: =O63/L63 -> 0.83027157 | T63: 0.625 | U63: 0.68055556 | V63: =(T63-U62)*24*60 -> 10 | W63: =(U63-T63)*24*60 -> 80
W64: =(U64-T64)*24*60 -> 0
W65: =(U65-T65)*24*60 -> 0
W66: =(U66-T66)*24*60 -> 0
W67: =(U67-T67)*24*60 -> 0
H68: =F68*G68 -> 0 | W68: =(U68-T68)*24*60 -> 0
C69: 4度三組 | D69: 平均 | J69: =AVERAGE(J59:J68) -> 12.8 | K69: =AVERAGE(K59:K68) -> 1565 | L69: =AVERAGE(L59:L68) -> 124.72576 | M69: =AVERAGE(M59:M68) -> 12.6 | N69: =AVERAGE(N59:N68) -> 1369.6392 | O69: =AVERAGE(O59:O68) -> 110.68059 | P69: =M69-J69 -> -0.2 | Q69: =N69-K69 -> -195.3608 | R69: =O69/L69 -> 0.88739164 | Z69: =SUM(Z59:Z68) -> 0 | AA69: =SUM(AA59:AA68) -> 0 | AD69: =SUM(AD59:AD68) -> 0 | AE69: =SUM(AE59:AE68) -> 0 | AF69: =N69-K69 -> -195.3608 | AG69: =N69/K69 -> 0.87516881
A70: 調理包二線 (手工) | S70: =R79 -> 0 | W70: =(U70-T70)*24*60 -> 0 | AF70: =N70-K70 -> 0 | AG70: =N70/K70 -> #DIV/0! | AH70: =AG79 -> #DIV/0!
W71: =(U71-T71)*24*60 -> 0 | AF71: -300.3125 | AG71: 0.80810703
W72: =(U72-T72)*24*60 -> 0 | AF72: -130.33333 | AG72: 0.91671991
W73: =(U73-T73)*24*60 -> 0
W74: =(U74-T74)*24*60 -> 0
W75: =(U75-T75)*24*60 -> 0
W76: =(U76-T76)*24*60 -> 0
W77: =(U77-T77)*24*60 -> 0
W78: =(U78-T78)*24*60 -> 0
Z79: =SUM(Z70:Z78) -> 0 | AA79: =SUM(AA70:AA78) -> 0 | AD79: =SUM(AD70:AD78) -> 0 | AE79: =SUM(AE70:AE78) -> 0 | AF79: =N79-K79 -> 0 | AG79: =N79/K79 -> #DIV/0!
AJ80: 1.當日出勤人數較多
AJ81: 2.當日出勤人數較少
AJ82: 3.當日出勤熟手較少
AJ83: 4.當日出勤新人較多
AJ84: 5.機台夾盒
AJ85: 6.封膜不順
AJ86: 7.更換膠膜
AJ87: 8.更換碳帶
AJ88: 9.當日熱轉印碳帶異常
AJ89: 10.訂單量過少
AJ90: 11.新品上市，尚未熟悉
AJ91: 12.商品結構，產能較低
AJ92: 13.區域出貨，分段生產

Sheet 0603總
B1: 長家廠組合室生產人時性分析
B3: 日期 | D3: 46176 | F3: 訂單量 | G3: ='0603'!E1 -> 55658 | I3: 營業額 | J3: ='0603'!G1 -> 2651893.7
B4: 項目 | D4: 3 | F4: ➀ | H4: ➁ | J4: ③ | L4: 異常停線 | N4: 短暫停線
B5: 人時性 | D5: 組合室 | F5: 全溫層 | H5: 義大利麵 | J5: 袋裝小吃、義麵 | L5: 合計次數 | M5: 時間 | N5: 合計次數 | O5: 設備次數
D6: 排關平均 | F6: =AVERAGE(D13:I13) -> 120.02477 | H6: =AVERAGE(D13:H13) -> 119.08457 | J6: =AVERAGE(I13) -> 124.72576 | L6: =SUM(D18:J18) -> 0 | M6: =SUM(D19:J19) -> 0 | N6: =SUM(D20:J20) -> 0 | O6: =SUM(D20:J20) -> 0
D7: 實績平均 | F7: =AVERAGE(D14:I14) -> 104.55711 | H7: =AVERAGE(D14:H14) -> 105.73305 | J7: =AVERAGE(I14) -> 98.677447 | L7: =AVERAGE(K14:L14) -> #DIV/0! | M7: =AVERAGE(L14:M14) -> #DIV/0! | N7: =AVERAGE(M14:N14) -> #DIV/0! | O7: =AVERAGE(N14:O14) -> #DIV/0!
D8: 達成率平均 | F8: =F7/F6 -> 0.87112947 | H8: =H7/H6 -> 0.887882 | J8: =J7/J6 -> 0.79115532 | L8: =AVERAGE(K15:L15) -> #DIV/0! | M8: =AVERAGE(L15:M15) -> #DIV/0! | N8: =AVERAGE(M15:N15) -> #DIV/0! | O8: =AVERAGE(N15:O15) -> #DIV/0!
J9: ※現行日本鮮食廠以達成率80%為基本(即為現行KPI)
B10: 溫層 | D10: 4度C-各編組展開
B11: 編組 | D11: 1 | E11: 2 | F11: 3 | G11: 4 | H11: 5 | I11: 6 | J11: 7
D12: 自動1線 | E12: 自動2線 | F12: 手工3線 | G12: 手工4線 | H12: 手工5線 | I12: 調理包1線 | J12: 調理包2線
B13: 人時性 | C13: 排關 | D13: =VALUE('0603'!L15) -> 138.17778 | E13: =VALUE('0603'!L26) -> 157.84421 | F13: =VALUE('0603'!L37) -> 96.200855 | G13: =VALUE('0603'!L48) -> 102.24575 | H13: =VALUE('0603'!L58) -> 100.95425 | I13: =VALUE('0603'!L69) -> 124.72576 | J13: ='0603'!L79 -> 0
C14: 實績 | D14: =VALUE('0603'!O15) -> 121.74859 | E14: =VALUE('0603'!O26) -> 136.93895 | F14: =VALUE('0603'!O37) -> 86.978469 | G14: =VALUE('0603'!O48) -> 93.728224 | H14: =VALUE('0603'!O58) -> 89.270995 | I14: =VALUE('0603'!O69) -> 98.677447 | J14: ='0603'!O79 -> 0
C15: 達成率 | D15: =D14/D13 -> 0.8811011 | E15: =E14/E13 -> 0.8675576 | F15: =F14/F13 -> 0.90413406 | G15: =G14/G13 -> 0.91669553 | H15: =H14/H13 -> 0.8842718 | I15: =I14/I13 -> 0.79115532 | J15: ='0603'!S70 -> 0
B16: 作業 時間 | C16: 開始 | D16: ='0603'!T5 -> 0.29166667 | E16: ='0603'!T16 -> 0.29166667 | F16: ='0603'!T27 -> 0.29166667 | G16: ='0603'!T38 -> 0.33333333 | H16: ='0603'!T49 -> 0.29166667 | I16: ='0603'!T59 -> 0.29166667 | J16: ='0603'!T70 -> 0.34722222
C17: 結束 | D17: 0.64236111 | E17: 0.60277778 | F17: 0.46180556 | G17: 0.62847222 | H17: 0.65486111 | I17: 0.64930556 | J17: 0
B18: 產線異常 (5分鐘以上) | C18: 次數 | D18: ='0603'!Z15 -> 0 | E18: ='0603'!Z26 -> 0 | F18: ='0603'!Z37 -> 0 | G18: ='0603'!Z48 -> 0 | H18: ='0603'!Z58 -> 0 | I18: ='0603'!Z69 -> 0 | J18: ='0603'!AA79 -> 0
C19: 時間/分 | D19: ='0603'!AA15 -> 0 | E19: ='0603'!AA26 -> 0 | F19: ='0603'!AA37 -> 0 | G19: ='0603'!AA48 -> 0 | H19: ='0603'!AA58 -> 0 | I19: ='0603'!AA69 -> 0 | J19: ='0603'!AB79 -> 0
B20: 短暫停線 (5分鐘以下) | C20: 次數 | D20: ='0603'!AD15 -> 0 | E20: ='0603'!AD26 -> 0 | F20: ='0603'!AD37 -> 0 | G20: ='0603'!AD48 -> 0 | H20: ='0603'!AD58 -> 0 | I20: ='0603'!AD69 -> 0 | J20: ='0603'!AD79 -> 0
C21: 設備次數 | D21: ='0603'!AE15 -> 0 | E21: ='0603'!AE26 -> 0 | F21: ='0603'!AE37 -> 0 | G21: ='0603'!AE48 -> 0 | H21: ='0603'!AE58 -> 0 | I21: ='0603'!AE69 -> 0 | J21: ='0603'!AE79 -> 0
B22: 配置人數 | D22: =VALUE('0603'!M15) -> 15.4 | E22: =VALUE('0603'!M26) -> 14.4 | F22: =VALUE('0603'!M37) -> 16.333333 | G22: =VALUE('0603'!M48) -> 16 | H22: =VALUE('0603'!M58) -> 16.8 | I22: =VALUE('0603'!M69) -> 14.8 | J22: ='0603'!M79 -> 0
B23: 主要應用設備 | D23: ET-600 | E23: ET-600 | F23: ET-55 | G23: ET-55 | H23: ET-55 | I23: 八爪機 | J23: 八爪機
B24: 次要應用設備 | H24: 封口機 | J24: 封口機
B25: 備註

Sheet 0603
A1: 長家廠4度C日報分析 | D1: 總生產量 | E1: =SUM(G5:G79) -> 55658 | F1: 營業額 | G1: =SUM(H5:H79) -> 2651893.7 | H1: 出勤人數 | I1: =M15+M26+M48+M58+M69+M79+M37 -> 93.733333 | J1: 產線配置圖 | M1: 生產實績 | P1: 人時性差異分析 | T1: 日報登錄 | Z1: 合計 次數 | AA1: 合計 時間/分 | AB1: 分析說明 | AD1: 合計 次數 | AE1: 合計 設備次數 | AF1: 產能差異分析
A2: 06月02日 星期三 | D2: 人時性 | E2: =AVERAGE(O15,O26,O37,O48,O58,O69,O79) -> 104.55711 | F2: 平均廠價 | G2: =G1/E1 -> 47.646227 | H2: 多次生產數 | I2: =COUNT(I5:I79) -> 0 | Z2: =Z15+Z26+Z37+Z48+Z58+Z69+Z79 -> 0 | AA2: =AA15+AA26+AA37+AA48+AA58+AA69+AA79 -> 0 | AD2: =AD15+AD26+AD37+AD48+AD58+AD69+AD79 -> 0 | AE2: =AE15+AE26+AE37+AE48+AE58+AE69+AE79 -> 0
A3: 線別 | B3: 品類 | D3: 品名 | F3: 廠價 | G3: 生產量 | H3: 營收 | I3: 多次 生產 | J3: 人數 | K3: 產能/時 | L3: 人時性 | M3: 人數 | N3: 產能/時 | O3: 人時性 | P3: 人數 | Q3: 人時性 | R3: 達成率 | S3: 達成率平均 | T3: 生產時間 | V3: 前置、換線時間/分 | W3: 稼動時間/分 | X3: 休息時間 | Z3: 產線異常統計 (5分鐘以上) | AD3: 短暫停線統計 (5分鐘以下) | AF3: 產能/時 | AG3: 達成率 | AH3: 達成率平均
T4: 開始 | U4: 結束 | X4: 開始 | Y4: 結束 | Z4: 次數 | AA4: 時間/分 | AD4: 總次數 | AE4: 設備因素(次數)
A5: 自動一線 (ET-600) | B5: 義大利麵 | D5: 白酒清炒鮮蛤義大利麵 | F5: =VLOOKUP(D5,廠價表!$C$1:$E$43,3,0) -> 56.87 | G5: 2718 | H5: =F5*G5 -> 154572.66 | J5: =VLOOKUP(D5,產線配置圖!$A$3:$C$40,2,0) -> 15 | K5: =VLOOKUP(D5,產線配置圖!$A$3:$C$40,3,0) -> 2250 | L5: =K5/J5 -> 150 | M5: 15 | N5: =G5/W5*60 -> 2145.7895 | O5: =N5/M5 -> 143.05263 | P5: =M5-J5 -> 0 | Q5: =O5-L5 -> -6.9473684 | R5: =O5/L5 -> 0.95368421 | S5: =R15 -> 0.8811011 | T5: 0.29166667 | U5: 0.34444444 | W5: =(U5-T5)*24*60 -> 76 | AF5: =N5-K5 -> -104.21053 | AG5: =N5/K5 -> 0.95368421 | AH5: =AG15 -> 0.87015281
B6: 義大利麵 | D6: 香煎魚排佐檸檬奶油義大利麵 | F6: =VLOOKUP(D6,廠價表!$C$1:$E$43,3,0) -> 58.17 | G6: 3088 | H6: =F6*G6 -> 179628.96 | J6: =VLOOKUP(D6,產線配置圖!$A$3:$C$40,2,0) -> 15 | K6: =VLOOKUP(D6,產線配置圖!$A$3:$C$40,3,0) -> 2250 | L6: =K6/J6 -> 150 | M6: 15 | N6: =G6/W6*60 -> 2154.4186 | O6: =N6/M6 -> 143.62791 | P6: =M6-J6 -> 0 | Q6: =O6-L6 -> -6.372093 | R6: =O6/L6 -> 0.95751938 | T6: 0.35208333 | U6: 0.41180556 | V6: =(T6-U5)*24*60 -> 11 | W6: =(U6-T6)*24*60 -> 86 | AF6: =N6-K6 -> -95.581395 | AG6: =N6/K6 -> 0.95751938
B7: 義大利麵 | D7: 奶油培根義大利麵 | F7: =VLOOKUP(D7,廠價表!$C$1:$E$43,3,0) -> 49.14 | G7: 2886 | H7: =F7*G7 -> 141818.04 | J7: =VLOOKUP(D7,產線配置圖!$A$3:$C$40,2,0) -> 15 | K7: =VLOOKUP(D7,產線配置圖!$A$3:$C$40,3,0) -> 2250 | L7: =K7/J7 -> 150 | M7: 15 | N7: =G7/W7*60 -> 2013.4884 | O7: =N7/M7 -> 134.23256 | P7: =M7-J7 -> 0 | Q7: =O7-L7 -> -15.767442 | R7: =O7/L7 -> 0.89488372 | T7: 0.41944444 | U7: 0.47916667 | V7: =(T7-U6)*24*60 -> 11 | W7: =(U7-T7)*24*60 -> 86 | AF7: =N7-K7 -> -236.51163 | AG7: =N7/K7 -> 0.89488372
B8: 義大利麵 | D8: 奶油培根義大利麵 | F8: =VLOOKUP(D8,廠價表!$C$1:$E$43,3,0) -> 49.14 | G8: 2676 | H8: =F8*G8 -> 131498.64 | J8: =VLOOKUP(D8,產線配置圖!$A$3:$C$40,2,0) -> 15 | K8: =VLOOKUP(D8,產線配置圖!$A$3:$C$40,3,0) -> 2250 | L8: =K8/J8 -> 150 | M8: 15 | N8: =G8/W8*60 -> 1888.9412 | O8: =N8/M8 -> 125.92941 | P8: =M8-J8 -> 0 | Q8: =O8-L8 -> -24.070588 | R8: =O8/L8 -> 0.83952941 | T8: 0.54166667 | U8: 0.60069444 | V8: =(T8-U7)*24*60 -> 90 | W8: =(U8-T8)*24*60 -> 85 | AF8: =N8-K8 -> -361.05882 | AG8: =N8/K8 -> 0.83952941
B9: 義大利麵 | D9: 奶油鮮蝦明太子細扁麵 | F9: =VLOOKUP(D9,廠價表!$C$1:$E$43,3,0) -> 57.21 | G9: 684 | H9: =F9*G9 -> 39131.64 | J9: =VLOOKUP(D9,產線配置圖!$A$3:$C$40,2,0) -> 18 | K9: =VLOOKUP(D9,產線配置圖!$A$3:$C$40,3,0) -> 1636 | L9: =K9/J9 -> 90.888889 | M9: 17 | N9: =G9/W9*60 -> 1052.3077 | O9: =N9/M9 -> 61.900452 | P9: =M9-J9 -> -1 | Q9: =O9-L9 -> -28.988436 | R9: =O9/L9 -> 0.68105632 | T9: 0.61527778 | U9: 0.64236111 | V9: =(T9-U8)*24*60 -> 21 | W9: =(U9-T9)*24*60 -> 39 | AB9: 生產數量少、支援製作 | AF9: =N9-K9 -> -583.69231 | AG9: =N9/K9 -> 0.64321986
W10: =(U10-T10)*24*60 -> 0 | AF10: =N10-K10 -> 0 | AG10: =N10/K10 -> #DIV/0!
W11: =(U11-T11)*24*60 -> 0 | AF11: =N11-K11 -> 0 | AG11: =N11/K11 -> #DIV/0!
W12: =(U12-T12)*24*60 -> 0
W13: =(U13-T13)*24*60 -> 0
W14: =(U14-T14)*24*60 -> 0
C15: 4度一組 | D15: 平均 | J15: =AVERAGE(J5:J14) -> 15.6 | K15: =AVERAGE(K5:K14) -> 2127.2 | L15: =AVERAGE(L5:L14) -> 138.17778 | M15: =AVERAGE(M5:M14) -> 15.4 | N15: =AVERAGE(N5:N14) -> 1850.9891 | O15: =AVERAGE(O5:O14) -> 121.74859 | P15: =M15-J15 -> -0.2 | Q15: =O15-L15 -> -16.429186 | R15: =O15/L15 -> 0.8811011 | Z15: =SUM(Z5:Z14) -> 0 | AA15: =SUM(AA5:AA14) -> 0 | AD15: =SUM(AD5:AD14) -> 0 | AE15: =SUM(AE5:AE14) -> 0 | AF15: =N15-K15 -> -276.21094 | AG15: =N15/K15 -> 0.87015281
A16: 自動二線 (ET-600) | B16: 義大利麵 | D16: 青醬蛤蜊義大利麵 | F16: =VLOOKUP(D16,廠價表!$C$1:$E$43,3,0) -> 50.67 | G16: 3184 | H16: =F16*G16 -> 161333.28 | J16: =VLOOKUP(D16,產線配置圖!$A$3:$C$40,2,0) -> 14 | K16: =VLOOKUP(D16,產線配置圖!$A$3:$C$40,3,0) -> 2250 | L16: =K16/J16 -> 160.71429 | M16: 14 | N16: =G16/W16*60 -> 2170.9091 | O16: =N16/M16 -> 155.06494 | P16: =M16-J16 -> 0 | Q16: =O16-L16 -> -5.6493506 | R16: =O16/L16 -> 0.96484848 | S16: =R26 -> 0.8675576 | T16: 0.29166667 | U16: 0.35277778 | W16: =(U16-T16)*24*60 -> 88 | AF16: =N16-K16 -> -79.090909 | AG16: =N16/K16 -> 0.96484848 | AH16: =AG26 -> 0.86632479
B17: 義大利麵 | D17: 蒜香奶油蝦蝦義大利麵 | F17: =VLOOKUP(D17,廠價表!$C$1:$E$43,3,0) -> 57.21 | G17: 1962 | H17: =F17*G17 -> 112246.02 | J17: =VLOOKUP(D17,產線配置圖!$A$3:$C$40,2,0) -> 17 | K17: =VLOOKUP(D17,產線配置圖!$A$3:$C$40,3,0) -> 2250 | L17: =K17/J17 -> 132.35294 | M17: 17 | N17: =G17/W17*60 -> 1839.375 | O17: =N17/M17 -> 108.19853 | P17: =M17-J17 -> 0 | Q17: =O17-L17 -> -24.154412 | R17: =O17/L17 -> 0.8175 | T17: 0.36041667 | U17: 0.40486111 | V17: =(T17-U16)*24*60 -> 11 | W17: =(U17-T17)*24*60 -> 64 | AF17: =N17-K17 -> -410.625 | AG17: =N17/K17 -> 0.8175
B18: 義大利麵 | D18: 義式辣味嫩烤雞腿排義大利麵 | F18: =VLOOKUP(D18,廠價表!$C$1:$E$43,3,0) -> 56.61 | G18: 1222 | H18: =F18*G18 -> 69177.42 | J18: =VLOOKUP(D18,產線配置圖!$A$3:$C$40,2,0) -> 15 | K18: =VLOOKUP(D18,產線配置圖!$A$3:$C$40,3,0) -> 2250 | L18: =K18/J18 -> 150 | M18: 15 | N18: =G18/W18*60 -> 1929.4737 | O18: =N18/M18 -> 128.63158 | P18: =M18-J18 -> 0 | Q18: =O18-L18 -> -21.368421 | R18: =O18/L18 -> 0.85754386 | T18: 0.41111111 | U18: 0.4375 | V18: =(T18-U17)*24*60 -> 9 | W18: =(U18-T18)*24*60 -> 38 | AF18: =N18-K18 -> -320.52632 | AG18: =N18/K18 -> 0.85754386
B19: 義大利麵 | D19: 義式蕃茄起司義大利麵 | F19: =VLOOKUP(D19,廠價表!$C$1:$E$43,3,0) -> 50.39 | G19: 1589 | H19: =F19*G19 -> 80069.71 | J19: =VLOOKUP(D19,產線配置圖!$A$3:$C$40,2,0) -> 13 | K19: =VLOOKUP(D19,產線配置圖!$A$3:$C$40,3,0) -> 2250 | L19: =K19/J19 -> 173.07692 | M19: 13 | N19: =G19/W19*60 -> 1945.7143 | O19: =N19/M19 -> 149.67033 | P19: =M19-J19 -> 0 | Q19: =O19-L19 -> -23.406593 | R19: =O19/L19 -> 0.8647619 | T19: 0.44444444 | U19: 0.47847222 | V19: =(T19-U18)*24*60 -> 10 | W19: =(U19-T19)*24*60 -> 49 | AF19: =N19-K19 -> -304.28571 | AG19: =N19/K19 -> 0.8647619
B20: 義大利麵 | D20: 義式蕃茄起司義大利麵 | F20: =VLOOKUP(D20,廠價表!$C$1:$E$43,3,0) -> 50.39 | G20: 2729 | H20: =F20*G20 -> 137514.31 | J20: =VLOOKUP(D20,產線配置圖!$A$3:$C$40,2,0) -> 13 | K20: =VLOOKUP(D20,產線配置圖!$A$3:$C$40,3,0) -> 2250 | L20: =K20/J20 -> 173.07692 | M20: 13 | N20: =G20/W20*60 -> 1860.6818 | O20: =N20/M20 -> 143.12937 | P20: =M20-J20 -> 0 | Q20: =O20-L20 -> -29.947552 | R20: =O20/L20 -> 0.8269697 | T20: 0.54166667 | U20: 0.60277778 | V20: =(T20-U19)*24*60 -> 91 | W20: =(U20-T20)*24*60 -> 88
W21: =(U21-T21)*24*60 -> 0
W22: 0
W23: =(U23-T23)*24*60 -> 0
H24: =F24*G24 -> 0 | W24: =(U24-T24)*24*60 -> 0
H25: =F25*G25 -> 0 | W25: =(U25-T25)*24*60 -> 0
C26: 4度二組A | D26: 平均 | J26: =AVERAGE(J16:J25) -> 14.4 | K26: =AVERAGE(K16:K25) -> 2250 | L26: =AVERAGE(L16:L25) -> 157.84421 | M26: =AVERAGE(M16:M25) -> 14.4 | N26: =AVERAGE(N16:N25) -> 1949.2308 | O26: =AVERAGE(O16:O25) -> 136.93895 | P26: =M26-J26 -> 0 | Q26: =O26-L26 -> -20.905266 | R26: =O26/L26 -> 0.8675576 | Z26: =SUM(Z16:Z25) -> 0 | AA26: =SUM(AA16:AA25) -> 0 | AD26: =SUM(AD16:AD25) -> 0 | AE26: =SUM(AE16:AE25) -> 0 | AF26: =N26-K26 -> -300.76922 | AG26: =N26/K26 -> 0.86632479
A27: 手工三線 (ET-55) | B27: 義大利麵 | D27: 焗烤起司肉醬筆尖麵 | F27: =VLOOKUP(D27,廠價表!$C$1:$E$43,3,0) -> 50.67 | G27: 1469 | H27: =F27*G27 -> 74434.23 | J27: =VLOOKUP(D27,產線配置圖!$A$3:$C$40,2,0) -> 13 | K27: =VLOOKUP(D27,產線配置圖!$A$3:$C$40,3,0) -> 1440 | L27: =K27/J27 -> 110.76923 | M27: 13 | N27: =G27/W27*60 -> 1224.1667 | O27: =N27/M27 -> 94.166667 | P27: =M27-J27 -> 0 | Q27: =O27-L27 -> -16.602564 | R27: =O27/L27 -> 0.85011574 | S27: =R37 -> 0.90413406 | T27: 0.29166667 | U27: 0.34166667 | W27: =(U27-T27)*24*60 -> 72 | AF27: =N27-K27 -> -215.83333 | AG27: =N27/K27 -> 0.85011574 | AH27: =AG37 -> 0.91058048
B28: 義大利麵 | D28: 整條德式香腸義大利麵 | F28: =VLOOKUP(D28,廠價表!$C$1:$E$43,3,0) -> 57.21 | G28: 1129 | H28: =F28*G28 -> 64590.09 | J28: =VLOOKUP(D28,產線配置圖!$A$3:$C$40,2,0) -> 18 | K28: =VLOOKUP(D28,產線配置圖!$A$3:$C$40,3,0) -> 1565 | L28: =K28/J28 -> 86.944444 | M28: 18 | N28: =G28/W28*60 -> 1441.2766 | O28: =N28/M28 -> 80.070922 | P28: =M28-J28 -> 0 | Q28: =O28-L28 -> -6.8735225 | R28: =O28/L28 -> 0.92094351 | T28: 0.34652778 | U28: 0.37916667 | V28: =(T28-U27)*24*60 -> 7 | W28: =(U28-T28)*24*60 -> 47 | AF28: =N28-K28 -> -123.7234 | AG28: =N28/K28 -> 0.92094351
B29: 義大利麵 | D29: 奶油鮮蝦明太子細扁麵 | F29: =VLOOKUP(D29,廠價表!$C$1:$E$43,3,0) -> 57.21 | G29: 2783 | H29: =F29*G29 -> 159215.43 | J29: =VLOOKUP(D29,產線配置圖!$A$3:$C$40,2,0) -> 18 | K29: =VLOOKUP(D29,產線配置圖!$A$3:$C$40,3,0) -> 1636 | L29: =K29/J29 -> 90.888889 | M29: 18 | N29: =G29/W29*60 -> 1560.5607 | O29: =N29/M29 -> 86.697819 | P29: =M29-J29 -> 0 | Q29: =O29-L29 -> -4.1910696 | R29: =O29/L29 -> 0.95388799 | T29: 0.3875 | U29: 0.46180556 | V29: =(T29-U28)*24*60 -> 12 | W29: =(U29-T29)*24*60 -> 107 | AF29: =N29-K29 -> -75.439252 | AG29: =N29/K29 -> 0.95388799
W30: =(U30-T30)*24*60 -> 0 | AF30: =N30-K30 -> 0 | AG30: =N30/K30 -> #DIV/0!
W31: =(U31-T31)*24*60 -> 0 | AF31: =N31-K31 -> 0 | AG31: =N31/K31 -> #DIV/0!
W32: =(U32-T32)*24*60 -> 0
W33: =(U33-T33)*24*60 -> 0
W34: =(U34-T34)*24*60 -> 0
W35: =(U35-T35)*24*60 -> 0
H36: =F36*G36 -> 0 | W36: =(U36-T36)*24*60 -> 0
C37: 4度二組B | D37: 平均 | J37: =AVERAGE(J27:J36) -> 16.333333 | K37: =AVERAGE(K27:K36) -> 1547 | L37: =AVERAGE(L27:L36) -> 96.200855 | M37: =AVERAGE(M27:M36) -> 16.333333 | N37: =AVERAGE(N27:N36) -> 1408.668 | O37: =AVERAGE(O27:O36) -> 86.978469 | P37: =M37-J37 -> 0 | Q37: =N37-K37 -> -138.332 | R37: =O37/L37 -> 0.90413406 | Z37: =SUM(Z27:Z36) -> 0 | AA37: =SUM(AA27:AA36) -> 0 | AD37: =SUM(AD27:AD36) -> 0 | AE37: =SUM(AE27:AE36) -> 0 | AF37: =N37-K37 -> -138.332 | AG37: =N37/K37 -> 0.91058048
A38: 手工四線 (ET-55) | B38: 熱乾麵 | D38: 青花椒麻雞肉拌麵 | F38: =VLOOKUP(D38,廠價表!$C$1:$E$43,3,0) -> 49.91 | G38: 2855 | H38: =F38*G38 -> 142493.05 | J38: =VLOOKUP(D38,產線配置圖!$A$3:$C$40,2,0) -> 15 | K38: =VLOOKUP(D38,產線配置圖!$A$3:$C$40,3,0) -> 1714 | L38: =K38/J38 -> 114.26667 | M38: 15 | N38: =G38/W38*60 -> 1515.9292 | O38: =N38/M38 -> 101.06195 | P38: =M38-J38 -> 0 | Q38: =O38-L38 -> -13.20472 | R38: =O38/L38 -> 0.88443944 | S38: =R48 -> 0.91669553 | T38: 0.33333333 | U38: 0.41180556 | W38: =(U38-T38)*24*60 -> 113 | AF38: =N38-K38 -> -198.0708 | AG38: =N38/K38 -> 0.88443944 | AH38: =AG48 -> 0.90014434
B39: 熱乾麵 | D39: 府城鹽水意麵 | F39: =VLOOKUP(D39,廠價表!$C$1:$E$43,3,0) -> 44.3 | G39: 1726 | H39: =F39*G39 -> 76461.8 | J39: =VLOOKUP(D39,產線配置圖!$A$3:$C$40,2,0) -> 17 | K39: =VLOOKUP(D39,產線配置圖!$A$3:$C$40,3,0) -> 1636 | L39: =K39/J39 -> 96.235294 | M39: 16 | N39: =G39/W39*60 -> 1438.3333 | O39: =N39/M39 -> 89.895833 | P39: =M39-J39 -> -1 | Q39: =O39-L39 -> -6.3394608 | R39: =O39/L39 -> 0.93412541 | T39: 0.42222222 | U39: 0.47222222 | V39: =(T39-U38)*24*60 -> 15 | W39: =(U39-T39)*24*60 -> 72 | AF39: =N39-K39 -> -197.66667 | AG39: =N39/K39 -> 0.87917685
B40: 熱乾麵 | D40: 府城鹽水意麵 | F40: =VLOOKUP(D40,廠價表!$C$1:$E$43,3,0) -> 44.3 | G40: 3579 | H40: =F40*G40 -> 158549.7 | J40: =VLOOKUP(D40,產線配置圖!$A$3:$C$40,2,0) -> 17 | K40: =VLOOKUP(D40,產線配置圖!$A$3:$C$40,3,0) -> 1636 | L40: =K40/J40 -> 96.235294 | M40: 17 | N40: =G40/W40*60 -> 1533.8571 | O40: =N40/M40 -> 90.226891 | P40: =M40-J40 -> 0 | Q40: =O40-L40 -> -6.0084034 | R40: =O40/L40 -> 0.93756549 | T40: 0.53125 | U40: 0.62847222 | V40: =(T40-U39)*24*60 -> 85 | W40: =(U40-T40)*24*60 -> 140 | AF40: =N40-K40 -> -102.14286 | AG40: =N40/K40 -> 0.93756549
W41: =(U41-T41)*24*60 -> 0 | AF41: =N41-K41 -> 0 | AG41: =N41/K41 -> #DIV/0!
W42: =(U42-T42)*24*60 -> 0
W43: =(U43-T43)*24*60 -> 0
W44: =(U44-T44)*24*60 -> 0
W45: =(U45-T45)*24*60 -> 0
W46: =(U46-T46)*24*60 -> 0
H47: =F47*G47 -> 0 | W47: =(U47-T47)*24*60 -> 0
C48: 4度二組C1 | D48: 平均 | J48: =AVERAGE(J38:J47) -> 16.333333 | K48: =AVERAGE(K38:K47) -> 1662 | L48: =AVERAGE(L38:L47) -> 102.24575 | M48: =AVERAGE(M38:M47) -> 16 | N48: =AVERAGE(N38:N47) -> 1496.0399 | O48: =AVERAGE(O38:O47) -> 93.728224 | P48: =M48-J48 -> -0.33333333 | Q48: =N48-K48 -> -165.96011 | R48: =O48/L48 -> 0.91669553 | W48: =(U48-T48)*24*60 -> 0 | Z48: =SUM(Z38:Z47) -> 0 | AA48: =SUM(AA38:AA47) -> 0 | AD48: =SUM(AD38:AD47) -> 0 | AE48: =SUM(AE38:AE47) -> 0 | AF48: =N48-K48 -> -165.96011 | AG48: =N48/K48 -> 0.90014434
A49: 手工五線 (ET-55) | B49: 熱乾麵 | D49: 沙茶豬肉炒麵 | F49: =VLOOKUP(D49,廠價表!$C$1:$E$43,3,0) -> 49.52 | G49: 2039 | H49: =F49*G49 -> 100971.28 | J49: =VLOOKUP(D49,產線配置圖!$A$3:$C$40,2,0) -> 17 | K49: =VLOOKUP(D49,產線配置圖!$A$3:$C$40,3,0) -> 1800 | L49: =K49/J49 -> 105.88235 | M49: 16 | N49: =G49/W49*60 -> 1473.9759 | O49: =N49/M49 -> 92.123494 | P49: =M49-J49 -> -1 | Q49: =O49-L49 -> -13.758859 | R49: =O49/L49 -> 0.87005522 | S49: =R58 -> 0.8842718 | T49: 0.29166667 | U49: 0.34930556 | W49: =(U49-T49)*24*60 -> 83 | AF49: =N49-K49 -> -326.0241 | AG49: =N49/K49 -> 0.8188755 | AH49: =AG58 -> 0.87599858
B50: 義大利麵 | D50: 焗烤起司雙饗筆尖麵 | F50: =VLOOKUP(D50,廠價表!$C$1:$E$43,3,0) -> 49.97 | G50: 2444 | H50: =F50*G50 -> 122126.68 | J50: =VLOOKUP(D50,產線配置圖!$A$3:$C$40,2,0) -> 16 | K50: =VLOOKUP(D50,產線配置圖!$A$3:$C$40,3,0) -> 1800 | L50: =K50/J50 -> 112.5 | M50: 16 | N50: =G50/W50*60 -> 1481.2121 | O50: =N50/M50 -> 92.575758 | P50: =M50-J50 -> 0 | Q50: =O50-L50 -> -19.924242 | R50: =O50/L50 -> 0.82289562 | T50: 0.35625 | U50: 0.425 | V50: =(T50-U49)*24*60 -> 10 | W50: =(U50-T50)*24*60 -> 99 | AF50: =N50-K50 -> -318.78788 | AG50: =N50/K50 -> 0.82289562
B51: 義大利麵 | D51: 黑松露野菇義大利麵 | F51: =VLOOKUP(D51,廠價表!$C$1:$E$43,3,0) -> 50.289 | G51: 950 | H51: =F51*G51 -> 47774.55 | J51: =VLOOKUP(D51,產線配置圖!$A$3:$C$40,2,0) -> 18 | K51: =VLOOKUP(D51,產線配置圖!$A$3:$C$40,3,0) -> 1565 | L51: =K51/J51 -> 86.944444 | M51: 18 | N51: =G51/W51*60 -> 1500 | O51: =N51/M51 -> 83.333333 | P51: =M51-J51 -> 0 | Q51: =O51-L51 -> -3.6111111 | R51: =O51/L51 -> 0.95846645 | T51: 0.43194444 | U51: 0.45833333 | V51: =(T51-U50)*24*60 -> 10 | W51: =(U51-T51)*24*60 -> 38 | AF51: =N51-K51 -> -65 | AG51: =N51/K51 -> 0.95846645
B52: 義大利麵 | D52: 黑松露野菇義大利麵 | F52: =VLOOKUP(D52,廠價表!$C$1:$E$43,3,0) -> 50.289 | G52: 2090 | H52: =F52*G52 -> 105104.01 | J52: =VLOOKUP(D52,產線配置圖!$A$3:$C$40,2,0) -> 18 | K52: =VLOOKUP(D52,產線配置圖!$A$3:$C$40,3,0) -> 1565 | L52: =K52/J52 -> 86.944444 | M52: 18 | N52: =G52/W52*60 -> 1475.2941 | O52: =N52/M52 -> 81.960784 | P52: =M52-J52 -> 0 | Q52: =O52-L52 -> -4.9836601 | R52: =O52/L52 -> 0.94267995 | T52: 0.5125 | U52: 0.57152778 | V52: =(T52-U51)*24*60 -> 78 | W52: =(U52-T52)*24*60 -> 85 | AF52: =N52-K52 -> -89.705882 | AG52: =N52/K52 -> 0.94267995
B53: 義大利麵 | D53: 焗烤起司雙饗筆尖麵 | F53: =VLOOKUP(D53,廠價表!$C$1:$E$43,3,0) -> 49.97 | G53: 2878 | H53: =F53*G53 -> 143813.66 | J53: =VLOOKUP(D53,產線配置圖!$A$3:$C$40,2,0) -> 16 | K53: =VLOOKUP(D53,產線配置圖!$A$3:$C$40,3,0) -> 1800 | L53: =K53/J53 -> 112.5 | M53: 16 | N53: =G53/W53*60 -> 1541.7857 | O53: =N53/M53 -> 96.361607 | P53: =M53-J53 -> 0 | Q53: =O53-L53 -> -16.138393 | R53: =O53/L53 -> 0.85654762 | T53: 0.57708333 | U53: 0.65486111 | V53: =(T53-U52)*24*60 -> 8 | W53: =(U53-T53)*24*60 -> 112 | AF53: =N53-K53 -> -258.21429 | AG53: =N53/K53 -> 0.85654762
W54: =(U54-T54)*24*60 -> 0
W55: =(U55-T55)*24*60 -> 0
W56: =(U56-T56)*24*60 -> 0
W57: =(U57-T57)*24*60 -> 0
C58: 4度二組C2 | D58: 平均 | J58: =AVERAGE(J49:J57) -> 17 | K58: =AVERAGE(K49:K57) -> 1706 | L58: =AVERAGE(L49:L57) -> 100.95425 | M58: =AVERAGE(M49:M57) -> 16.8 | N58: =AVERAGE(N49:N57) -> 1494.4536 | O58: =AVERAGE(O49:O57) -> 89.270995 | P58: =M58-J58 -> -0.2 | Q58: =N58-K58 -> -211.54643 | R58: =O58/L58 -> 0.8842718 | Z58: =SUM(Z49:Z57) -> 0 | AA58: =SUM(AA49:AA57) -> 0 | AD58: =SUM(AD49:AD57) -> 0 | AE58: =SUM(AE49:AE57) -> 0 | AF58: =N58-K58 -> -211.54643 | AG58: =N58/K58 -> 0.87599858
A59: 調理包一線 (八爪機) | B59: 小吃、微波 | D59: 小滷青蔬 | F59: =VLOOKUP(D59,廠價表!$C$1:$E$43,3,0) -> 26.99 | G59: 2598 | H59: =F59*G59 -> 70120.02 | J59: =VLOOKUP(D59,產線配置圖!$A$3:$C$40,2,0) -> 15 | K59: =VLOOKUP(D59,產線配置圖!$A$3:$C$40,3,0) -> 1565 | L59: =K59/J59 -> 104.33333 | M59: 17 | N59: =G59/W59*60 -> 1199.0769 | O59: =N59/M59 -> 70.533937 | P59: =M59-J59 -> 2 | Q59: =O59-L59 -> -33.799397 | R59: =O59/L59 -> 0.67604412 | S59: =R69 -> 0.79115532 | T59: 0.29166667 | U59: 0.38194444 | W59: =(U59-T59)*24*60 -> 130 | AB59: 07:00-09:10手挖醬作業、靜電導致夾袋，多一人放袋、加2人 | AF59: =N59-K59 -> -365.92308 | AG59: =N59/K59 -> 0.76618334 | AH59: =AG69 -> 0.92003722
B60: 小吃、微波 | D60: 起司馬鈴薯 | F60: =VLOOKUP(D60,廠價表!$C$1:$E$43,3,0) -> 28.26 | G60: 1926 | H60: =F60*G60 -> 54428.76 | J60: =VLOOKUP(D60,產線配置圖!$A$3:$C$40,2,0) -> 12 | K60: =VLOOKUP(D60,產線配置圖!$A$3:$C$40,3,0) -> 1565 | L60: =K60/J60 -> 130.41667 | M60: 13 | N60: =G60/W60*60 -> 1650.8571 | O60: =N60/M60 -> 126.98901 | P60: =M60-J60 -> 1 | Q60: =O60-L60 -> -3.4276557 | R60: =O60/L60 -> 0.97371766 | T60: 0.39930556 | U60: 0.44791667 | V60: =(T60-U59)*24*60 -> 25 | W60: =(U60-T60)*24*60 -> 70 | AB60: 09:25-09:35測試開袋、07:00-10:45靜電導致夾袋，多一人放袋 | AF60: =N60-K60 -> 85.857143 | AG60: =N60/K60 -> 1.0548608
B61: 小吃、微波 | D61: 韓式炒冬粉 | F61: =VLOOKUP(D61,廠價表!$C$1:$E$43,3,0) -> 28.26 | G61: 1616 | H61: =F61*G61 -> 45668.16 | J61: =VLOOKUP(D61,產線配置圖!$A$3:$C$40,2,0) -> 11 | K61: =VLOOKUP(D61,產線配置圖!$A$3:$C$40,3,0) -> 1565 | L61: =K61/J61 -> 142.27273 | M61: 15 | N61: =G61/W61*60 -> 1385.1429 | O61: =N61/M61 -> 92.342857 | P61: =M61-J61 -> 4 | Q61: =O61-L61 -> -49.92987 | R61: =O61/L61 -> 0.64905523 | T61: 0.45833333 | U61: 0.50694444 | V61: =(T61-U60)*24*60 -> 15 | W61: =(U61-T61)*24*60 -> 70 | AB61: 11:00-14:35教育新人 | AF61: =N61-K61 -> -179.85714 | AG61: =N61/K61 -> 0.88507531
B62: 小吃、微波 | D62: 韓式炒冬粉 | F62: =VLOOKUP(D62,廠價表!$C$1:$E$43,3,0) -> 28.26 | G62: 2011 | H62: =F62*G62 -> 56830.86 | J62: =VLOOKUP(D62,產線配置圖!$A$3:$C$40,2,0) -> 11 | K62: =VLOOKUP(D62,產線配置圖!$A$3:$C$40,3,0) -> 1565 | L62: =K62/J62 -> 142.27273 | M62: 15 | N62: =G62/W62*60 -> 1723.7143 | O62: =N62/M62 -> 114.91429 | P62: =M62-J62 -> 4 | Q62: =O62-L62 -> -27.358442 | R62: =O62/L62 -> 0.80770424 | T62: 0.55902778 | U62: 0.60763889 | V62: =(T62-U61)*24*60 -> 75 | W62: =(U62-T62)*24*60 -> 70 | AB62: 11:00-14:35教育新人 | AF62: =N62-K62 -> 158.71429 | AG62: =N62/K62 -> 1.1014149
B63: 小吃、微波 | D63: 小滷青蔬 | F63: =VLOOKUP(D63,廠價表!$C$1:$E$43,3,0) -> 26.99 | G63: 827 | H63: =F63*G63 -> 22320.73 | J63: =VLOOKUP(D63,產線配置圖!$A$3:$C$40,2,0) -> 15 | K63: =VLOOKUP(D63,產線配置圖!$A$3:$C$40,3,0) -> 1565 | L63: =K63/J63 -> 104.33333 | M63: 14 | N63: =G63/W63*60 -> 1240.5 | O63: =N63/M63 -> 88.607143 | P63: =M63-J63 -> -1 | Q63: =O63-L63 -> -15.72619 | R63: =O63/L63 -> 0.84926974 | T63: 0.62152778 | U63: 0.64930556 | V63: =(T63-U62)*24*60 -> 20 | W63: =(U63-T63)*24*60 -> 40
W64: =(U64-T64)*24*60 -> 0
W65: =(U65-T65)*24*60 -> 0
W66: =(U66-T66)*24*60 -> 0
W67: =(U67-T67)*24*60 -> 0
H68: =F68*G68 -> 0 | W68: =(U68-T68)*24*60 -> 0
C69: 4度三組 | D69: 平均 | J69: =AVERAGE(J59:J68) -> 12.8 | K69: =AVERAGE(K59:K68) -> 1565 | L69: =AVERAGE(L59:L68) -> 124.72576 | M69: =AVERAGE(M59:M68) -> 14.8 | N69: =AVERAGE(N59:N68) -> 1439.8582 | O69: =AVERAGE(O59:O68) -> 98.677447 | P69: =M69-J69 -> 2 | Q69: =N69-K69 -> -125.14176 | R69: =O69/L69 -> 0.79115532 | Z69: =SUM(Z59:Z68) -> 0 | AA69: =SUM(AA59:AA68) -> 0 | AD69: =SUM(AD59:AD68) -> 0 | AE69: =SUM(AE59:AE68) -> 0 | AF69: =N69-K69 -> -125.14176 | AG69: =N69/K69 -> 0.92003722
A70: 調理包二線 (手工) | S70: =R79 -> 0 | T70: 0.34722222 | U70: 0.46875 | W70: =(U70-T70)*24*60 -> 175 | AF70: =N70-K70 -> 0 | AG70: =N70/K70 -> #DIV/0! | AH70: =AG79 -> #DIV/0!
W71: =(U71-T71)*24*60 -> 0 | AF71: -300.3125 | AG71: 0.80810703
W72: =(U72-T72)*24*60 -> 0 | AF72: -130.33333 | AG72: 0.91671991
W73: =(U73-T73)*24*60 -> 0
W74: =(U74-T74)*24*60 -> 0
W75: =(U75-T75)*24*60 -> 0
W76: =(U76-T76)*24*60 -> 0
W77: =(U77-T77)*24*60 -> 0
W78: =(U78-T78)*24*60 -> 0
Z79: =SUM(Z70:Z78) -> 0 | AA79: =SUM(AA70:AA78) -> 0 | AD79: =SUM(AD70:AD78) -> 0 | AE79: =SUM(AE70:AE78) -> 0 | AF79: =N79-K79 -> 0 | AG79: =N79/K79 -> #DIV/0!
AJ80: 1.當日出勤人數較多
AJ81: 2.當日出勤人數較少
AJ82: 3.當日出勤熟手較少
AJ83: 4.當日出勤新人較多
AJ84: 5.機台夾盒
AJ85: 6.封膜不順
AJ86: 7.更換膠膜
AJ87: 8.更換碳帶
AJ88: 9.當日熱轉印碳帶異常
AJ89: 10.訂單量過少
AJ90: 11.新品上市，尚未熟悉
AJ91: 12.商品結構，產能較低
AJ92: 13.區域出貨，分段生產

Sheet 0604總
B1: 長家廠組合室生產人時性分析
B3: 日期 | D3: 46177 | F3: 訂單量 | G3: ='0604'!E1 -> 54358 | I3: 營業額 | J3: ='0604'!G1 -> 2590135.5
B4: 項目 | D4: 3 | F4: ➀ | H4: ➁ | J4: ③ | L4: 異常停線 | N4: 短暫停線
B5: 人時性 | D5: 組合室 | F5: 全溫層 | H5: 義大利麵 | J5: 袋裝小吃、義麵 | L5: 合計次數 | M5: 時間 | N5: 合計次數 | O5: 設備次數
D6: 排關平均 | F6: =AVERAGE(D13:I13) -> 122.70321 | H6: =AVERAGE(D13:H13) -> 121.27908 | J6: =AVERAGE(I13) -> 129.82386 | L6: =SUM(D18:J18) -> 0 | M6: =SUM(D19:J19) -> 0 | N6: =SUM(D20:J20) -> 0 | O6: =SUM(D20:J20) -> 0
D7: 實績平均 | F7: =AVERAGE(D14:I14) -> 111.8392 | H7: =AVERAGE(D14:H14) -> 110.37441 | J7: =AVERAGE(I14) -> 119.16313 | L7: =AVERAGE(K14:L14) -> #DIV/0! | M7: =AVERAGE(L14:M14) -> #DIV/0! | N7: =AVERAGE(M14:N14) -> #DIV/0! | O7: =AVERAGE(N14:O14) -> #DIV/0!
D8: 達成率平均 | F8: =F7/F6 -> 0.91146103 | H8: =H7/H6 -> 0.91008612 | J8: =J7/J6 -> 0.91788311 | L8: =AVERAGE(K15:L15) -> #DIV/0! | M8: =AVERAGE(L15:M15) -> #DIV/0! | N8: =AVERAGE(M15:N15) -> #DIV/0! | O8: =AVERAGE(N15:O15) -> #DIV/0!
J9: ※現行日本鮮食廠以達成率80%為基本(即為現行KPI)
B10: 溫層 | D10: 4度C-各編組展開
B11: 編組 | D11: 1 | E11: 2 | F11: 3 | G11: 4 | H11: 5 | I11: 6 | J11: 7
D12: 自動1線 | E12: 自動2線 | F12: 手工3線 | G12: 手工4線 | H12: 手工5線 | I12: 調理包1線 | J12: 調理包2線
B13: 人時性 | C13: 排關 | D13: =VALUE('0604'!L15) -> 150 | E13: =VALUE('0604'!L26) -> 158.32256 | F13: =VALUE('0604'!L37) -> 94.872863 | G13: =VALUE('0604'!L48) -> 102.24575 | H13: =VALUE('0604'!L58) -> 100.95425 | I13: =VALUE('0604'!L69) -> 129.82386 | J13: ='0604'!L79 -> 0
C14: 實績 | D14: =VALUE('0604'!O15) -> 137.55386 | E14: =VALUE('0604'!O26) -> 142.61233 | F14: =VALUE('0604'!O37) -> 89.800143 | G14: =VALUE('0604'!O48) -> 92.569323 | H14: =VALUE('0604'!O58) -> 89.336402 | I14: =VALUE('0604'!O69) -> 119.16313 | J14: ='0604'!O79 -> 0
C15: 達成率 | D15: =D14/D13 -> 0.91702571 | E15: =E14/E13 -> 0.90077078 | F15: =F14/F13 -> 0.94653139 | G15: =G14/G13 -> 0.90536107 | H15: =H14/H13 -> 0.88491969 | I15: =I14/I13 -> 0.91788311 | J15: ='0604'!S70 -> 0
B16: 作業 時間 | C16: 開始 | D16: ='0604'!T5 -> 0.30486111 | E16: ='0604'!T16 -> 0.29861111 | F16: ='0604'!T27 -> 0.29375 | G16: ='0604'!T38 -> 0.33333333 | H16: ='0604'!T49 -> 0.29166667 | I16: ='0604'!T59 -> 0.29166667 | J16: ='0604'!T70 -> 0
C17: 結束 | D17: 0.60625 | E17: 0.60416667 | F17: 0.54166667 | G17: 0.62152778 | H17: 0.64583333 | I17: 0.60763889 | J17: 0
B18: 產線異常 (5分鐘以上) | C18: 次數 | D18: ='0604'!Z15 -> 0 | E18: ='0604'!Z26 -> 0 | F18: ='0604'!Z37 -> 0 | G18: ='0604'!Z48 -> 0 | H18: ='0604'!Z58 -> 0 | I18: ='0604'!Z69 -> 0 | J18: ='0604'!AA79 -> 0
C19: 時間/分 | D19: ='0604'!AA15 -> 0 | E19: ='0604'!AA26 -> 0 | F19: ='0604'!AA37 -> 0 | G19: ='0604'!AA48 -> 0 | H19: ='0604'!AA58 -> 0 | I19: ='0604'!AA69 -> 0 | J19: ='0604'!AB79 -> 0
B20: 短暫停線 (5分鐘以下) | C20: 次數 | D20: ='0604'!AD15 -> 0 | E20: ='0604'!AD26 -> 0 | F20: ='0604'!AD37 -> 0 | G20: ='0604'!AD48 -> 0 | H20: ='0604'!AD58 -> 0 | I20: ='0604'!AD69 -> 0 | J20: ='0604'!AD79 -> 0
C21: 設備次數 | D21: ='0604'!AE15 -> 0 | E21: ='0604'!AE26 -> 0 | F21: ='0604'!AE37 -> 0 | G21: ='0604'!AE48 -> 0 | H21: ='0604'!AE58 -> 0 | I21: ='0604'!AE69 -> 0 | J21: ='0604'!AE79 -> 0
B22: 配置人數 | D22: =VALUE('0604'!M15) -> 15 | E22: =VALUE('0604'!M26) -> 14.333333 | F22: =VALUE('0604'!M37) -> 16 | G22: =VALUE('0604'!M48) -> 16 | H22: =VALUE('0604'!M58) -> 17 | I22: =VALUE('0604'!M69) -> 12.25 | J22: ='0604'!M79 -> 0
B23: 主要應用設備 | D23: ET-600 | E23: ET-600 | F23: ET-55 | G23: ET-55 | H23: ET-55 | I23: 八爪機 | J23: 八爪機
B24: 次要應用設備 | H24: 封口機 | J24: 封口機
B25: 備註

Sheet 0604
A1: 長家廠4度C日報分析 | D1: 總生產量 | E1: =SUM(G5:G79) -> 54358 | F1: 營業額 | G1: =SUM(H5:H79) -> 2590135.5 | H1: 出勤人數 | I1: =M15+M26+M48+M58+M69+M79+M37 -> 90.583333 | J1: 產線配置圖 | M1: 生產實績 | P1: 人時性差異分析 | T1: 日報登錄 | Z1: 合計 次數 | AA1: 合計 時間/分 | AB1: 分析說明 | AD1: 合計 次數 | AE1: 合計 設備次數 | AF1: 產能差異分析
A2: 06月04日 星期四 | D2: 人時性 | E2: =AVERAGE(O15,O26,O37,O48,O58,O69,O79) -> 111.8392 | F2: 平均廠價 | G2: =G1/E1 -> 47.649573 | H2: 多次生產數 | I2: =COUNT(I5:I79) -> 0 | Z2: =Z15+Z26+Z37+Z48+Z58+Z69+Z79 -> 0 | AA2: =AA15+AA26+AA37+AA48+AA58+AA69+AA79 -> 0 | AD2: =AD15+AD26+AD37+AD48+AD58+AD69+AD79 -> 0 | AE2: =AE15+AE26+AE37+AE48+AE58+AE69+AE79 -> 0
A3: 線別 | B3: 品類 | D3: 品名 | F3: 廠價 | G3: 生產量 | H3: 營收 | I3: 多次 生產 | J3: 人數 | K3: 產能/時 | L3: 人時性 | M3: 人數 | N3: 產能/時 | O3: 人時性 | P3: 人數 | Q3: 人時性 | R3: 達成率 | S3: 達成率平均 | T3: 生產時間 | V3: 前置、換線時間/分 | W3: 稼動時間/分 | X3: 休息時間 | Z3: 產線異常統計 (5分鐘以上) | AD3: 短暫停線統計 (5分鐘以下) | AF3: 產能/時 | AG3: 達成率 | AH3: 達成率平均
T4: 開始 | U4: 結束 | X4: 開始 | Y4: 結束 | Z4: 次數 | AA4: 時間/分 | AD4: 總次數 | AE4: 設備因素(次數)
A5: 自動一線 (ET-600) | B5: 義大利麵 | D5: 白酒清炒鮮蛤義大利麵 | F5: =VLOOKUP(D5,廠價表!$C$1:$E$43,3,0) -> 56.87 | G5: 2603 | H5: =F5*G5 -> 148032.61 | J5: =VLOOKUP(D5,產線配置圖!$A$3:$C$40,2,0) -> 15 | K5: =VLOOKUP(D5,產線配置圖!$A$3:$C$40,3,0) -> 2250 | L5: =K5/J5 -> 150 | M5: 15 | N5: =G5/W5*60 -> 2139.4521 | O5: =N5/M5 -> 142.63014 | P5: =M5-J5 -> 0 | Q5: =O5-L5 -> -7.369863 | R5: =O5/L5 -> 0.95086758 | S5: =R15 -> 0.91702571 | T5: 0.30486111 | U5: 0.35555556 | W5: =(U5-T5)*24*60 -> 73 | AF5: =N5-K5 -> -110.54795 | AG5: =N5/K5 -> 0.95086758 | AH5: =AG15 -> 0.91702571
B6: 義大利麵 | D6: 香煎魚排佐檸檬奶油義大利麵 | F6: =VLOOKUP(D6,廠價表!$C$1:$E$43,3,0) -> 58.17 | G6: 2967 | H6: =F6*G6 -> 172590.39 | J6: =VLOOKUP(D6,產線配置圖!$A$3:$C$40,2,0) -> 15 | K6: =VLOOKUP(D6,產線配置圖!$A$3:$C$40,3,0) -> 2250 | L6: =K6/J6 -> 150 | M6: 15 | N6: =G6/W6*60 -> 2170.9756 | O6: =N6/M6 -> 144.73171 | P6: =M6-J6 -> 0 | Q6: =O6-L6 -> -5.2682927 | R6: =O6/L6 -> 0.96487805 | T6: 0.36319444 | U6: 0.42013889 | V6: =(T6-U5)*24*60 -> 11 | W6: =(U6-T6)*24*60 -> 82 | AF6: =N6-K6 -> -79.02439 | AG6: =N6/K6 -> 0.96487805
B7: 義大利麵 | D7: 奶油培根義大利麵 | F7: =VLOOKUP(D7,廠價表!$C$1:$E$43,3,0) -> 49.14 | G7: 2446 | H7: =F7*G7 -> 120196.44 | J7: =VLOOKUP(D7,產線配置圖!$A$3:$C$40,2,0) -> 15 | K7: =VLOOKUP(D7,產線配置圖!$A$3:$C$40,3,0) -> 2250 | L7: =K7/J7 -> 150 | M7: 15 | N7: =G7/W7*60 -> 1983.2432 | O7: =N7/M7 -> 132.21622 | P7: =M7-J7 -> 0 | Q7: =O7-L7 -> -17.783784 | R7: =O7/L7 -> 0.88144144 | T7: 0.42777778 | U7: 0.47916667 | V7: =(T7-U6)*24*60 -> 11 | W7: =(U7-T7)*24*60 -> 74 | X7: 0.48263889 | Y7: 0.53472222 | AF7: =N7-K7 -> -266.75676 | AG7: =N7/K7 -> 0.88144144
B8: 義大利麵 | D8: 奶油培根義大利麵 | F8: =VLOOKUP(D8,廠價表!$C$1:$E$43,3,0) -> 49.14 | G8: 2972 | H8: =F8*G8 -> 146044.08 | J8: =VLOOKUP(D8,產線配置圖!$A$3:$C$40,2,0) -> 15 | K8: =VLOOKUP(D8,產線配置圖!$A$3:$C$40,3,0) -> 2250 | L8: =K8/J8 -> 150 | M8: 15 | N8: =G8/W8*60 -> 1959.5604 | O8: =N8/M8 -> 130.63736 | P8: =M8-J8 -> 0 | Q8: =O8-L8 -> -19.362637 | R8: =O8/L8 -> 0.87091575 | T8: 0.54305556 | U8: 0.60625 | V8: =(T8-U7)*24*60 -> 92 | W8: =(U8-T8)*24*60 -> 91 | AF8: =N8-K8 -> -290.43956 | AG8: =N8/K8 -> 0.87091575
W9: =(U9-T9)*24*60 -> 0 | AF9: =N9-K9 -> 0 | AG9: =N9/K9 -> #DIV/0!
W10: =(U10-T10)*24*60 -> 0 | AF10: =N10-K10 -> 0 | AG10: =N10/K10 -> #DIV/0!
W11: =(U11-T11)*24*60 -> 0 | AF11: =N11-K11 -> 0 | AG11: =N11/K11 -> #DIV/0!
W12: =(U12-T12)*24*60 -> 0
W13: =(U13-T13)*24*60 -> 0
W14: =(U14-T14)*24*60 -> 0
C15: 4度一組 | D15: 平均 | J15: =AVERAGE(J5:J14) -> 15 | K15: =AVERAGE(K5:K14) -> 2250 | L15: =AVERAGE(L5:L14) -> 150 | M15: =AVERAGE(M5:M14) -> 15 | N15: =AVERAGE(N5:N14) -> 2063.3078 | O15: =AVERAGE(O5:O14) -> 137.55386 | P15: =M15-J15 -> 0 | Q15: =O15-L15 -> -12.446144 | R15: =O15/L15 -> 0.91702571 | Z15: =SUM(Z5:Z14) -> 0 | AA15: =SUM(AA5:AA14) -> 0 | AD15: =SUM(AD5:AD14) -> 0 | AE15: =SUM(AE5:AE14) -> 0 | AF15: =N15-K15 -> -186.69216 | AG15: =N15/K15 -> 0.91702571
A16: 自動二線 (ET-600) | B16: 義大利麵 | D16: 青醬蛤蜊義大利麵 | F16: =VLOOKUP(D16,廠價表!$C$1:$E$43,3,0) -> 50.67 | G16: 2076 | H16: =F16*G16 -> 105190.92 | J16: =VLOOKUP(D16,產線配置圖!$A$3:$C$40,2,0) -> 14 | K16: =VLOOKUP(D16,產線配置圖!$A$3:$C$40,3,0) -> 2250 | L16: =K16/J16 -> 160.71429 | M16: 14 | N16: =G16/W16*60 -> 2076 | O16: =N16/M16 -> 148.28571 | P16: =M16-J16 -> 0 | Q16: =O16-L16 -> -12.428571 | R16: =O16/L16 -> 0.92266667 | S16: =R26 -> 0.90077078 | T16: 0.29861111 | U16: 0.34027778 | W16: =(U16-T16)*24*60 -> 60 | AF16: =N16-K16 -> -174 | AG16: =N16/K16 -> 0.92266667 | AH16: =AG26 -> 0.89824154
B17: 義大利麵 | D17: 蒜香奶油蝦蝦義大利麵 | F17: =VLOOKUP(D17,廠價表!$C$1:$E$43,3,0) -> 57.21 | G17: 1909 | H17: =F17*G17 -> 109213.89 | J17: =VLOOKUP(D17,產線配置圖!$A$3:$C$40,2,0) -> 17 | K17: =VLOOKUP(D17,產線配置圖!$A$3:$C$40,3,0) -> 2250 | L17: =K17/J17 -> 132.35294 | M17: 17 | N17: =G17/W17*60 -> 1877.7049 | O17: =N17/M17 -> 110.45323 | P17: =M17-J17 -> 0 | Q17: =O17-L17 -> -21.899711 | R17: =O17/L17 -> 0.83453552 | T17: 0.34513889 | U17: 0.3875 | V17: =(T17-U16)*24*60 -> 7 | W17: =(U17-T17)*24*60 -> 61 | AF17: =N17-K17 -> -372.29508 | AG17: =N17/K17 -> 0.83453552
B18: 義大利麵 | D18: 義式辣味嫩烤雞腿排義大利麵 | F18: =VLOOKUP(D18,廠價表!$C$1:$E$43,3,0) -> 56.61 | G18: 1188 | H18: =F18*G18 -> 67252.68 | J18: =VLOOKUP(D18,產線配置圖!$A$3:$C$40,2,0) -> 15 | K18: =VLOOKUP(D18,產線配置圖!$A$3:$C$40,3,0) -> 2250 | L18: =K18/J18 -> 150 | M18: 15 | N18: =G18/W18*60 -> 2036.5714 | O18: =N18/M18 -> 135.77143 | P18: =M18-J18 -> 0 | Q18: =O18-L18 -> -14.228571 | R18: =O18/L18 -> 0.90514286 | T18: 0.39444444 | U18: 0.41875 | V18: =(T18-U17)*24*60 -> 10 | W18: =(U18-T18)*24*60 -> 35 | AF18: =N18-K18 -> -213.42857 | AG18: =N18/K18 -> 0.90514286
B19: 義大利麵 | D19: 義式蕃茄起司義大利麵 | F19: =VLOOKUP(D19,廠價表!$C$1:$E$43,3,0) -> 50.39 | G19: 2561 | H19: =F19*G19 -> 129048.79 | J19: =VLOOKUP(D19,產線配置圖!$A$3:$C$40,2,0) -> 13 | K19: =VLOOKUP(D19,產線配置圖!$A$3:$C$40,3,0) -> 2250 | L19: =K19/J19 -> 173.07692 | M19: 13 | N19: =G19/W19*60 -> 1995.5844 | O19: =N19/M19 -> 153.50649 | P19: =M19-J19 -> 0 | Q19: =O19-L19 -> -19.57043 | R19: =O19/L19 -> 0.88692641 | T19: 0.42569444 | U19: 0.47916667 | V19: =(T19-U18)*24*60 -> 10 | W19: =(U19-T19)*24*60 -> 77 | X19: 0.48611111 | Y19: 0.53472222 | AF19: =N19-K19 -> -254.41558 | AG19: =N19/K19 -> 0.88692641
B20: 義大利麵 | D20: 義式蕃茄起司義大利麵 | F20: =VLOOKUP(D20,廠價表!$C$1:$E$43,3,0) -> 50.39 | G20: 1807 | H20: =F20*G20 -> 91054.73 | J20: =VLOOKUP(D20,產線配置圖!$A$3:$C$40,2,0) -> 13 | K20: =VLOOKUP(D20,產線配置圖!$A$3:$C$40,3,0) -> 2250 | L20: =K20/J20 -> 173.07692 | M20: 13 | N20: =G20/W20*60 -> 2168.4 | O20: =N20/M20 -> 166.8 | P20: =M20-J20 -> 0 | Q20: =O20-L20 -> -6.2769231 | R20: =O20/L20 -> 0.96373333 | T20: 0.54166667 | U20: 0.57638889 | V20: =(T20-U19)*24*60 -> 90 | W20: =(U20-T20)*24*60 -> 50
B21: 義大利麵 | D21: 青醬蛤蜊義大利麵 | F21: =VLOOKUP(D21,廠價表!$C$1:$E$43,3,0) -> 50.67 | G21: 986 | H21: =F21*G21 -> 49960.62 | J21: =VLOOKUP(D21,產線配置圖!$A$3:$C$40,2,0) -> 14 | K21: =VLOOKUP(D21,產線配置圖!$A$3:$C$40,3,0) -> 2250 | L21: =K21/J21 -> 160.71429 | M21: 14 | N21: =G21/W21*60 -> 1972 | O21: =N21/M21 -> 140.85714 | P21: =M21-J21 -> 0 | Q21: =O21-L21 -> -19.857143 | R21: =O21/L21 -> 0.87644444 | T21: 0.58333333 | U21: 0.60416667 | V21: =(T21-U20)*24*60 -> 10 | W21: =(U21-T21)*24*60 -> 30 | AB21: 生產數量少
W22: 0
W23: =(U23-T23)*24*60 -> 0
H24: =F24*G24 -> 0 | W24: =(U24-T24)*24*60 -> 0
H25: =F25*G25 -> 0 | W25: =(U25-T25)*24*60 -> 0
C26: 4度二組A | D26: 平均 | J26: =AVERAGE(J16:J25) -> 14.333333 | K26: =AVERAGE(K16:K25) -> 2250 | L26: =AVERAGE(L16:L25) -> 158.32256 | M26: =AVERAGE(M16:M25) -> 14.333333 | N26: =AVERAGE(N16:N25) -> 2021.0435 | O26: =AVERAGE(O16:O25) -> 142.61233 | P26: =M26-J26 -> 0 | Q26: =O26-L26 -> -15.710225 | R26: =O26/L26 -> 0.90077078 | Z26: =SUM(Z16:Z25) -> 0 | AA26: =SUM(AA16:AA25) -> 0 | AD26: =SUM(AD16:AD25) -> 0 | AE26: =SUM(AE16:AE25) -> 0 | AF26: =N26-K26 -> -228.95654 | AG26: =N26/K26 -> 0.89824154
A27: 手工三線 (ET-55) | B27: 義大利麵 | D27: 焗烤起司肉醬筆尖麵 | F27: =VLOOKUP(D27,廠價表!$C$1:$E$43,3,0) -> 50.67 | G27: 1432 | H27: =F27*G27 -> 72559.44 | J27: =VLOOKUP(D27,產線配置圖!$A$3:$C$40,2,0) -> 13 | K27: =VLOOKUP(D27,產線配置圖!$A$3:$C$40,3,0) -> 1440 | L27: =K27/J27 -> 110.76923 | M27: 13 | N27: =G27/W27*60 -> 1363.8095 | O27: =N27/M27 -> 104.90842 | P27: =M27-J27 -> 0 | Q27: =O27-L27 -> -5.8608059 | R27: =O27/L27 -> 0.94708995 | S27: =R37 -> 0.94653139 | T27: 0.29375 | U27: 0.3375 | W27: =(U27-T27)*24*60 -> 63 | AF27: =N27-K27 -> -76.190476 | AG27: =N27/K27 -> 0.94708995 | AH27: =AG37 -> 0.90597037
B28: 義大利麵 | D28: 整條德式香腸義大利麵 | F28: =VLOOKUP(D28,廠價表!$C$1:$E$43,3,0) -> 57.21 | G28: 973 | H28: =F28*G28 -> 55665.33 | J28: =VLOOKUP(D28,產線配置圖!$A$3:$C$40,2,0) -> 18 | K28: =VLOOKUP(D28,產線配置圖!$A$3:$C$40,3,0) -> 1565 | L28: =K28/J28 -> 86.944444 | M28: 17 | N28: =G28/W28*60 -> 1390 | O28: =N28/M28 -> 81.764706 | P28: =M28-J28 -> -1 | Q28: =O28-L28 -> -5.1797386 | R28: =O28/L28 -> 0.94042473 | T28: 0.34375 | U28: 0.37291667 | V28: =(T28-U27)*24*60 -> 9 | W28: =(U28-T28)*24*60 -> 42 | AF28: =N28-K28 -> -175 | AG28: =N28/K28 -> 0.88817891
B29: 義大利麵 | D29: 奶油鮮蝦明太子細扁麵 | F29: =VLOOKUP(D29,廠價表!$C$1:$E$43,3,0) -> 57.21 | G29: 2809 | H29: =F29*G29 -> 160702.89 | J29: =VLOOKUP(D29,產線配置圖!$A$3:$C$40,2,0) -> 18 | K29: =VLOOKUP(D29,產線配置圖!$A$3:$C$40,3,0) -> 1636 | L29: =K29/J29 -> 90.888889 | M29: 17 | N29: =G29/W29*60 -> 1478.4211 | O29: =N29/M29 -> 86.965944 | P29: =M29-J29 -> -1 | Q29: =O29-L29 -> -3.9229446 | R29: =O29/L29 -> 0.95683802 | T29: 0.37708333 | U29: 0.45625 | V29: =(T29-U28)*24*60 -> 6 | W29: =(U29-T29)*24*60 -> 114 | X29: 0.46180556 | Y29: 0.51388889 | AF29: =N29-K29 -> -157.57895 | AG29: =N29/K29 -> 0.90368035
B30: 義大利麵 | D30: 奶油鮮蝦明太子細扁麵 | F30: =VLOOKUP(D30,廠價表!$C$1:$E$43,3,0) -> 57.21 | G30: 800 | H30: =F30*G30 -> 45768 | J30: =VLOOKUP(D30,產線配置圖!$A$3:$C$40,2,0) -> 18 | K30: =VLOOKUP(D30,產線配置圖!$A$3:$C$40,3,0) -> 1636 | L30: =K30/J30 -> 90.888889 | M30: 17 | N30: =G30/W30*60 -> 1454.5455 | O30: =N30/M30 -> 85.561497 | P30: =M30-J30 -> -1 | Q30: =O30-L30 -> -5.3273916 | R30: =O30/L30 -> 0.94138567 | T30: 0.51875 | U30: 0.54166667 | V30: =(T30-U29)*24*60 -> 90 | W30: =(U30-T30)*24*60 -> 33 | AF30: =N30-K30 -> -181.45455 | AG30: =N30/K30 -> 0.88908646
W31: =(U31-T31)*24*60 -> 0 | AF31: =N31-K31 -> 0 | AG31: =N31/K31 -> #DIV/0!
W32: =(U32-T32)*24*60 -> 0
W33: =(U33-T33)*24*60 -> 0
W34: =(U34-T34)*24*60 -> 0
W35: =(U35-T35)*24*60 -> 0
H36: =F36*G36 -> 0 | W36: =(U36-T36)*24*60 -> 0
C37: 4度二組B | D37: 平均 | J37: =AVERAGE(J27:J36) -> 16.75 | K37: =AVERAGE(K27:K36) -> 1569.25 | L37: =AVERAGE(L27:L36) -> 94.872863 | M37: =AVERAGE(M27:M36) -> 16 | N37: =AVERAGE(N27:N36) -> 1421.694 | O37: =AVERAGE(O27:O36) -> 89.800143 | P37: =M37-J37 -> -0.75 | Q37: =N37-K37 -> -147.55599 | R37: =O37/L37 -> 0.94653139 | Z37: =SUM(Z27:Z36) -> 0 | AA37: =SUM(AA27:AA36) -> 0 | AD37: =SUM(AD27:AD36) -> 0 | AE37: =SUM(AE27:AE36) -> 0 | AF37: =N37-K37 -> -147.55599 | AG37: =N37/K37 -> 0.90597037
A38: 手工四線 (ET-55) | B38: 熱乾麵 | D38: 青花椒麻雞肉拌麵 | F38: =VLOOKUP(D38,廠價表!$C$1:$E$43,3,0) -> 49.91 | G38: 2777 | H38: =F38*G38 -> 138600.07 | J38: =VLOOKUP(D38,產線配置圖!$A$3:$C$40,2,0) -> 15 | K38: =VLOOKUP(D38,產線配置圖!$A$3:$C$40,3,0) -> 1714 | L38: =K38/J38 -> 114.26667 | M38: 14 | N38: =G38/W38*60 -> 1514.7273 | O38: =N38/M38 -> 108.19481 | P38: =M38-J38 -> -1 | Q38: =O38-L38 -> -6.0718615 | R38: =O38/L38 -> 0.94686236 | S38: =R48 -> 0.90536107 | T38: 0.33333333 | U38: 0.40972222 | W38: =(U38-T38)*24*60 -> 110 | AF38: =N38-K38 -> -199.27273 | AG38: =N38/K38 -> 0.8837382 | AH38: =AG48 -> 0.88175914
B39: 熱乾麵 | D39: 府城鹽水意麵 | F39: =VLOOKUP(D39,廠價表!$C$1:$E$43,3,0) -> 44.3 | G39: 2521 | H39: =F39*G39 -> 111680.3 | J39: =VLOOKUP(D39,產線配置圖!$A$3:$C$40,2,0) -> 17 | K39: =VLOOKUP(D39,產線配置圖!$A$3:$C$40,3,0) -> 1636 | L39: =K39/J39 -> 96.235294 | M39: 17 | N39: =G39/W39*60 -> 1482.9412 | O39: =N39/M39 -> 87.231834 | P39: =M39-J39 -> 0 | Q39: =O39-L39 -> -9.0034602 | R39: =O39/L39 -> 0.90644326 | T39: 0.41666667 | U39: 0.4875 | V39: =(T39-U38)*24*60 -> 10 | W39: =(U39-T39)*24*60 -> 102 | X39: 0.49305556 | Y39: 0.53472222 | AF39: =N39-K39 -> -153.05882 | AG39: =N39/K39 -> 0.90644326
B40: 熱乾麵 | D40: 府城鹽水意麵 | F40: =VLOOKUP(D40,廠價表!$C$1:$E$43,3,0) -> 44.3 | G40: 2681 | H40: =F40*G40 -> 118768.3 | J40: =VLOOKUP(D40,產線配置圖!$A$3:$C$40,2,0) -> 17 | K40: =VLOOKUP(D40,產線配置圖!$A$3:$C$40,3,0) -> 1636 | L40: =K40/J40 -> 96.235294 | M40: 17 | N40: =G40/W40*60 -> 1398.7826 | O40: =N40/M40 -> 82.28133 | P40: =M40-J40 -> 0 | Q40: =O40-L40 -> -13.953964 | R40: =O40/L40 -> 0.85500159 | T40: 0.54166667 | U40: 0.62152778 | V40: =(T40-U39)*24*60 -> 78 | W40: =(U40-T40)*24*60 -> 115 | AF40: =N40-K40 -> -237.21739 | AG40: =N40/K40 -> 0.85500159
W41: =(U41-T41)*24*60 -> 0 | AF41: =N41-K41 -> 0 | AG41: =N41/K41 -> #DIV/0!
W42: =(U42-T42)*24*60 -> 0
W43: =(U43-T43)*24*60 -> 0
W44: =(U44-T44)*24*60 -> 0
W45: =(U45-T45)*24*60 -> 0
W46: =(U46-T46)*24*60 -> 0
H47: =F47*G47 -> 0 | W47: =(U47-T47)*24*60 -> 0
C48: 4度二組C1 | D48: 平均 | J48: =AVERAGE(J38:J47) -> 16.333333 | K48: =AVERAGE(K38:K47) -> 1662 | L48: =AVERAGE(L38:L47) -> 102.24575 | M48: =AVERAGE(M38:M47) -> 16 | N48: =AVERAGE(N38:N47) -> 1465.4837 | O48: =AVERAGE(O38:O47) -> 92.569323 | P48: =M48-J48 -> -0.33333333 | Q48: =N48-K48 -> -196.51631 | R48: =O48/L48 -> 0.90536107 | W48: =(U48-T48)*24*60 -> 0 | Z48: =SUM(Z38:Z47) -> 0 | AA48: =SUM(AA38:AA47) -> 0 | AD48: =SUM(AD38:AD47) -> 0 | AE48: =SUM(AE38:AE47) -> 0 | AF48: =N48-K48 -> -196.51631 | AG48: =N48/K48 -> 0.88175914
A49: 手工五線 (ET-55) | B49: 熱乾麵 | D49: 沙茶豬肉炒麵 | F49: =VLOOKUP(D49,廠價表!$C$1:$E$43,3,0) -> 49.52 | G49: 1995 | H49: =F49*G49 -> 98792.4 | J49: =VLOOKUP(D49,產線配置圖!$A$3:$C$40,2,0) -> 17 | K49: =VLOOKUP(D49,產線配置圖!$A$3:$C$40,3,0) -> 1800 | L49: =K49/J49 -> 105.88235 | M49: 17 | N49: =G49/W49*60 -> 1575 | O49: =N49/M49 -> 92.647059 | P49: =M49-J49 -> 0 | Q49: =O49-L49 -> -13.235294 | R49: =O49/L49 -> 0.875 | S49: =R58 -> 0.88491969 | T49: 0.29166667 | U49: 0.34444444 | W49: =(U49-T49)*24*60 -> 76 | AF49: =N49-K49 -> -225 | AG49: =N49/K49 -> 0.875 | AH49: =AG58 -> 0.8875084
B50: 義大利麵 | D50: 焗烤起司雙饗筆尖麵 | F50: =VLOOKUP(D50,廠價表!$C$1:$E$43,3,0) -> 49.97 | G50: 2391 | H50: =F50*G50 -> 119478.27 | J50: =VLOOKUP(D50,產線配置圖!$A$3:$C$40,2,0) -> 16 | K50: =VLOOKUP(D50,產線配置圖!$A$3:$C$40,3,0) -> 1800 | L50: =K50/J50 -> 112.5 | M50: 16 | N50: =G50/W50*60 -> 1478.9691 | O50: =N50/M50 -> 92.435567 | P50: =M50-J50 -> 0 | Q50: =O50-L50 -> -20.064433 | R50: =O50/L50 -> 0.82164948 | T50: 0.35138889 | U50: 0.41875 | V50: =(T50-U49)*24*60 -> 10 | W50: =(U50-T50)*24*60 -> 97 | AF50: =N50-K50 -> -321.03093 | AG50: =N50/K50 -> 0.82164948
B51: 義大利麵 | D51: 黑松露野菇義大利麵 | F51: =VLOOKUP(D51,廠價表!$C$1:$E$43,3,0) -> 50.289 | G51: 1097 | H51: =F51*G51 -> 55167.033 | J51: =VLOOKUP(D51,產線配置圖!$A$3:$C$40,2,0) -> 18 | K51: =VLOOKUP(D51,產線配置圖!$A$3:$C$40,3,0) -> 1565 | L51: =K51/J51 -> 86.944444 | M51: 18 | N51: =G51/W51*60 -> 1495.9091 | O51: =N51/M51 -> 83.106061 | P51: =M51-J51 -> 0 | Q51: =O51-L51 -> -3.8383838 | R51: =O51/L51 -> 0.95585245 | T51: 0.42569444 | U51: 0.45625 | V51: =(T51-U50)*24*60 -> 10 | W51: =(U51-T51)*24*60 -> 44 | AF51: =N51-K51 -> -69.090909 | AG51: =N51/K51 -> 0.95585245
B52: 義大利麵 | D52: 黑松露野菇義大利麵 | F52: =VLOOKUP(D52,廠價表!$C$1:$E$43,3,0) -> 50.289 | G52: 1902 | H52: =F52*G52 -> 95649.678 | J52: =VLOOKUP(D52,產線配置圖!$A$3:$C$40,2,0) -> 18 | K52: =VLOOKUP(D52,產線配置圖!$A$3:$C$40,3,0) -> 1565 | L52: =K52/J52 -> 86.944444 | M52: 18 | N52: =G52/W52*60 -> 1482.0779 | O52: =N52/M52 -> 82.337662 | P52: =M52-J52 -> 0 | Q52: =O52-L52 -> -4.6067821 | R52: =O52/L52 -> 0.94701465 | T52: 0.5125 | U52: 0.56597222 | V52: =(T52-U51)*24*60 -> 81 | W52: =(U52-T52)*24*60 -> 77 | X52: 0.46527778 | Y52: 0.50694444 | AF52: =N52-K52 -> -82.922078 | AG52: =N52/K52 -> 0.94701465
B53: 義大利麵 | D53: 焗烤起司雙饗筆尖麵 | F53: =VLOOKUP(D53,廠價表!$C$1:$E$43,3,0) -> 49.97 | G53: 2718 | H53: =F53*G53 -> 135818.46 | J53: =VLOOKUP(D53,產線配置圖!$A$3:$C$40,2,0) -> 16 | K53: =VLOOKUP(D53,產線配置圖!$A$3:$C$40,3,0) -> 1800 | L53: =K53/J53 -> 112.5 | M53: 16 | N53: =G53/W53*60 -> 1538.4906 | O53: =N53/M53 -> 96.15566 | P53: =M53-J53 -> 0 | Q53: =O53-L53 -> -16.34434 | R53: =O53/L53 -> 0.85471698 | T53: 0.57222222 | U53: 0.64583333 | V53: =(T53-U52)*24*60 -> 9 | W53: =(U53-T53)*24*60 -> 106 | AF53: =N53-K53 -> -261.50943 | AG53: =N53/K53 -> 0.85471698
W54: =(U54-T54)*24*60 -> 0
W55: =(U55-T55)*24*60 -> 0
W56: =(U56-T56)*24*60 -> 0
W57: =(U57-T57)*24*60 -> 0
C58: 4度二組C2 | D58: 平均 | J58: =AVERAGE(J49:J57) -> 17 | K58: =AVERAGE(K49:K57) -> 1706 | L58: =AVERAGE(L49:L57) -> 100.95425 | M58: =AVERAGE(M49:M57) -> 17 | N58: =AVERAGE(N49:N57) -> 1514.0893 | O58: =AVERAGE(O49:O57) -> 89.336402 | P58: =M58-J58 -> 0 | Q58: =N58-K58 -> -191.91067 | R58: =O58/L58 -> 0.88491969 | Z58: =SUM(Z49:Z57) -> 0 | AA58: =SUM(AA49:AA57) -> 0 | AD58: =SUM(AD49:AD57) -> 0 | AE58: =SUM(AE49:AE57) -> 0 | AF58: =N58-K58 -> -191.91067 | AG58: =N58/K58 -> 0.8875084
A59: 調理包一線 (八爪機) | B59: 小吃、微波 | D59: 小滷青蔬 | F59: =VLOOKUP(D59,廠價表!$C$1:$E$43,3,0) -> 26.99 | G59: 3378 | H59: =F59*G59 -> 91172.22 | J59: =VLOOKUP(D59,產線配置圖!$A$3:$C$40,2,0) -> 15 | K59: =VLOOKUP(D59,產線配置圖!$A$3:$C$40,3,0) -> 1565 | L59: =K59/J59 -> 104.33333 | M59: 15 | N59: =G59/W59*60 -> 1501.3333 | O59: =N59/M59 -> 100.08889 | P59: =M59-J59 -> 0 | Q59: =O59-L59 -> -4.2444444 | R59: =O59/L59 -> 0.95931842 | S59: =R69 -> 0.91788311 | T59: 0.29166667 | U59: 0.38541667 | W59: =(U59-T59)*24*60 -> 135 | AF59: =N59-K59 -> -63.666667 | AG59: =N59/K59 -> 0.95931842 | AH59: =AG69 -> 0.92045793
B60: 小吃、微波 | D60: 起司馬鈴薯 | F60: =VLOOKUP(D60,廠價表!$C$1:$E$43,3,0) -> 28.26 | G60: 1778 | H60: =F60*G60 -> 50246.28 | J60: =VLOOKUP(D60,產線配置圖!$A$3:$C$40,2,0) -> 12 | K60: =VLOOKUP(D60,產線配置圖!$A$3:$C$40,3,0) -> 1565 | L60: =K60/J60 -> 130.41667 | M60: 12 | N60: =G60/W60*60 -> 1422.4 | O60: =N60/M60 -> 118.53333 | P60: =M60-J60 -> 0 | Q60: =O60-L60 -> -11.883333 | R60: =O60/L60 -> 0.90888179 | T60: 0.39236111 | U60: 0.44444444 | V60: =(T60-U59)*24*60 -> 10 | W60: =(U60-T60)*24*60 -> 75 | AF60: =N60-K60 -> -142.6 | AG60: =N60/K60 -> 0.90888179
B61: 小吃、微波 | D61: 韓式炒冬粉 | F61: =VLOOKUP(D61,廠價表!$C$1:$E$43,3,0) -> 28.26 | G61: 1333 | H61: =F61*G61 -> 37670.58 | J61: =VLOOKUP(D61,產線配置圖!$A$3:$C$40,2,0) -> 11 | K61: =VLOOKUP(D61,產線配置圖!$A$3:$C$40,3,0) -> 1565 | L61: =K61/J61 -> 142.27273 | M61: 11 | N61: =G61/W61*60 -> 1333 | O61: =N61/M61 -> 121.18182 | P61: =M61-J61 -> 0 | Q61: =O61-L61 -> -21.090909 | R61: =O61/L61 -> 0.85175719 | T61: 0.45138889 | U61: 0.49305556 | V61: =(T61-U60)*24*60 -> 10 | W61: =(U61-T61)*24*60 -> 60 | AF61: =N61-K61 -> -232 | AG61: =N61/K61 -> 0.85175719
B62: 小吃、微波 | D62: 韓式炒冬粉 | F62: =VLOOKUP(D62,廠價表!$C$1:$E$43,3,0) -> 28.26 | G62: 2258 | H62: =F62*G62 -> 63811.08 | J62: =VLOOKUP(D62,產線配置圖!$A$3:$C$40,2,0) -> 11 | K62: =VLOOKUP(D62,產線配置圖!$A$3:$C$40,3,0) -> 1565 | L62: =K62/J62 -> 142.27273 | M62: 11 | N62: =G62/W62*60 -> 1505.3333 | O62: =N62/M62 -> 136.84848 | P62: =M62-J62 -> 0 | Q62: =O62-L62 -> -5.4242424 | R62: =O62/L62 -> 0.96187433 | T62: 0.54513889 | U62: 0.60763889 | V62: =(T62-U61)*24*60 -> 75 | W62: =(U62-T62)*24*60 -> 90 | X62: 0.50347222 | Y62: 0.54513889 | AF62: =N62-K62 -> -59.666667 | AG62: =N62/K62 -> 0.96187433
W63: =(U63-T63)*24*60 -> 0
W64: =(U64-T64)*24*60 -> 0
W65: =(U65-T65)*24*60 -> 0
W66: =(U66-T66)*24*60 -> 0
W67: =(U67-T67)*24*60 -> 0
H68: =F68*G68 -> 0 | W68: =(U68-T68)*24*60 -> 0
C69: 4度三組 | D69: 平均 | J69: =AVERAGE(J59:J68) -> 12.25 | K69: =AVERAGE(K59:K68) -> 1565 | L69: =AVERAGE(L59:L68) -> 129.82386 | M69: =AVERAGE(M59:M68) -> 12.25 | N69: =AVERAGE(N59:N68) -> 1440.5167 | O69: =AVERAGE(O59:O68) -> 119.16313 | P69: =M69-J69 -> 0 | Q69: =N69-K69 -> -124.48333 | R69: =O69/L69 -> 0.91788311 | Z69: =SUM(Z59:Z68) -> 0 | AA69: =SUM(AA59:AA68) -> 0 | AD69: =SUM(AD59:AD68) -> 0 | AE69: =SUM(AE59:AE68) -> 0 | AF69: =N69-K69 -> -124.48333 | AG69: =N69/K69 -> 0.92045793
A70: 調理包二線 (手工) | S70: =R79 -> 0 | W70: =(U70-T70)*24*60 -> 0 | AF70: =N70-K70 -> 0 | AG70: =N70/K70 -> #DIV/0! | AH70: =AG79 -> #DIV/0!
W71: =(U71-T71)*24*60 -> 0 | AF71: -300.3125 | AG71: 0.80810703
W72: =(U72-T72)*24*60 -> 0 | AF72: -130.33333 | AG72: 0.91671991
W73: =(U73-T73)*24*60 -> 0
W74: =(U74-T74)*24*60 -> 0
W75: =(U75-T75)*24*60 -> 0
W76: =(U76-T76)*24*60 -> 0
W77: =(U77-T77)*24*60 -> 0
W78: =(U78-T78)*24*60 -> 0
Z79: =SUM(Z70:Z78) -> 0 | AA79: =SUM(AA70:AA78) -> 0 | AD79: =SUM(AD70:AD78) -> 0 | AE79: =SUM(AE70:AE78) -> 0 | AF79: =N79-K79 -> 0 | AG79: =N79/K79 -> #DIV/0!
AJ80: 1.當日出勤人數較多
AJ81: 2.當日出勤人數較少
AJ82: 3.當日出勤熟手較少
AJ83: 4.當日出勤新人較多
AJ84: 5.機台夾盒
AJ85: 6.封膜不順
AJ86: 7.更換膠膜
AJ87: 8.更換碳帶
AJ88: 9.當日熱轉印碳帶異常
AJ89: 10.訂單量過少
AJ90: 11.新品上市，尚未熟悉
AJ91: 12.商品結構，產能較低
AJ92: 13.區域出貨，分段生產

Sheet 0605總
B1: 長家廠組合室生產人時性分析
B3: 日期 | D3: 46178 | F3: 訂單量 | G3: ='0605'!E1 -> 46341 | I3: 營業額 | J3: ='0605'!G1 -> 2214773.9
B4: 項目 | D4: 3 | F4: ➀ | H4: ➁ | J4: ③ | L4: 異常停線 | N4: 短暫停線
B5: 人時性 | D5: 組合室 | F5: 全溫層 | H5: 義大利麵 | J5: 袋裝小吃、義麵 | L5: 合計次數 | M5: 時間 | N5: 合計次數 | O5: 設備次數
D6: 排關平均 | F6: =AVERAGE(D13:I13) -> 122.62349 | H6: =AVERAGE(D13:H13) -> 121.18342 | J6: =AVERAGE(I13) -> 129.82386 | L6: =SUM(D18:J18) -> 0 | M6: =SUM(D19:J19) -> 0 | N6: =SUM(D20:J20) -> 0 | O6: =SUM(D20:J20) -> 0
D7: 實績平均 | F7: =AVERAGE(D14:I14) -> 110.30056 | H7: =AVERAGE(D14:H14) -> 109.71093 | J7: =AVERAGE(I14) -> 113.24875 | L7: =AVERAGE(K14:L14) -> #DIV/0! | M7: =AVERAGE(L14:M14) -> #DIV/0! | N7: =AVERAGE(M14:N14) -> #DIV/0! | O7: =AVERAGE(N14:O14) -> #DIV/0!
D8: 達成率平均 | F8: =F7/F6 -> 0.89950598 | H8: =H7/H6 -> 0.90532953 | J8: =J7/J6 -> 0.87232615 | L8: =AVERAGE(K15:L15) -> #DIV/0! | M8: =AVERAGE(L15:M15) -> #DIV/0! | N8: =AVERAGE(M15:N15) -> #DIV/0! | O8: =AVERAGE(N15:O15) -> #DIV/0!
J9: ※現行日本鮮食廠以達成率80%為基本(即為現行KPI)
B10: 溫層 | D10: 4度C-各編組展開
B11: 編組 | D11: 1 | E11: 2 | F11: 3 | G11: 4 | H11: 5 | I11: 6 | J11: 7
D12: 自動1線 | E12: 自動2線 | F12: 手工3線 | G12: 手工4線 | H12: 手工5線 | I12: 調理包1線 | J12: 調理包2線
B13: 人時性 | C13: 排關 | D13: =VALUE('0605'!L15) -> 150 | E13: =VALUE('0605'!L26) -> 157.84421 | F13: =VALUE('0605'!L37) -> 94.872863 | G13: =VALUE('0605'!L48) -> 102.24575 | H13: =VALUE('0605'!L58) -> 100.95425 | I13: =VALUE('0605'!L69) -> 129.82386 | J13: ='0605'!L79 -> 0
C14: 實績 | D14: =VALUE('0605'!O15) -> 138.04241 | E14: =VALUE('0605'!O26) -> 141.68685 | F14: =VALUE('0605'!O37) -> 86.334336 | G14: =VALUE('0605'!O48) -> 90.684229 | H14: =VALUE('0605'!O58) -> 91.806801 | I14: =VALUE('0605'!O69) -> 113.24875 | J14: ='0605'!O79 -> 0
C15: 達成率 | D15: =D14/D13 -> 0.92028275 | E15: =E14/E13 -> 0.89763725 | F15: =F14/F13 -> 0.91000033 | G15: =G14/G13 -> 0.88692418 | H15: =H14/H13 -> 0.90939017 | I15: =I14/I13 -> 0.87232615 | J15: ='0605'!S70 -> 0
B16: 作業 時間 | C16: 開始 | D16: ='0605'!T5 -> 0.29375 | E16: ='0605'!T16 -> 0.29305556 | F16: ='0605'!T27 -> 0.29166667 | G16: ='0605'!T38 -> 0.33333333 | H16: ='0605'!T49 -> 0.29513889 | I16: ='0605'!T59 -> 0.29166667 | J16: ='0605'!T70 -> 0
C17: 結束 | D17: 0.48402778 | E17: 0.56319444 | F17: 0.55902778 | G17: 0.56805556 | H17: 0.59097222 | I17: 0.57777778 | J17: 0
B18: 產線異常 (5分鐘以上) | C18: 次數 | D18: ='0605'!Z15 -> 0 | E18: ='0605'!Z26 -> 0 | F18: ='0605'!Z37 -> 0 | G18: ='0605'!Z48 -> 0 | H18: ='0605'!Z58 -> 0 | I18: ='0605'!Z69 -> 0 | J18: ='0605'!AA79 -> 0
C19: 時間/分 | D19: ='0605'!AA15 -> 0 | E19: ='0605'!AA26 -> 0 | F19: ='0605'!AA37 -> 0 | G19: ='0605'!AA48 -> 0 | H19: ='0605'!AA58 -> 0 | I19: ='0605'!AA69 -> 0 | J19: ='0605'!AB79 -> 0
B20: 短暫停線 (5分鐘以下) | C20: 次數 | D20: ='0605'!AD15 -> 0 | E20: ='0605'!AD26 -> 0 | F20: ='0605'!AD37 -> 0 | G20: ='0605'!AD48 -> 0 | H20: ='0605'!AD58 -> 0 | I20: ='0605'!AD69 -> 0 | J20: ='0605'!AD79 -> 0
C21: 設備次數 | D21: ='0605'!AE15 -> 0 | E21: ='0605'!AE26 -> 0 | F21: ='0605'!AE37 -> 0 | G21: ='0605'!AE48 -> 0 | H21: ='0605'!AE58 -> 0 | I21: ='0605'!AE69 -> 0 | J21: ='0605'!AE79 -> 0
B22: 配置人數 | D22: =VALUE('0605'!M15) -> 15 | E22: =VALUE('0605'!M26) -> 14.4 | F22: =VALUE('0605'!M37) -> 16.25 | G22: =VALUE('0605'!M48) -> 16.333333 | H22: =VALUE('0605'!M58) -> 16.6 | I22: =VALUE('0605'!M69) -> 13.25 | J22: ='0605'!M79 -> 0
B23: 主要應用設備 | D23: ET-600 | E23: ET-600 | F23: ET-55 | G23: ET-55 | H23: ET-55 | I23: 八爪機 | J23: 八爪機
B24: 次要應用設備 | H24: 封口機 | J24: 封口機
B25: 備註

Sheet 0605
A1: 長家廠4度C日報分析 | D1: 總生產量 | E1: =SUM(G5:G79) -> 46341 | F1: 營業額 | G1: =SUM(H5:H79) -> 2214773.9 | H1: 出勤人數 | I1: =M15+M26+M48+M58+M69+M79+M37 -> 91.833333 | J1: 產線配置圖 | M1: 生產實績 | P1: 人時性差異分析 | T1: 日報登錄 | Z1: 合計 次數 | AA1: 合計 時間/分 | AB1: 分析說明 | AD1: 合計 次數 | AE1: 合計 設備次數 | AF1: 產能差異分析
A2: 06月05日 星期五 | D2: 人時性 | E2: =AVERAGE(O15,O26,O37,O48,O58,O69,O79) -> 110.30056 | F2: 平均廠價 | G2: =G1/E1 -> 47.792967 | H2: 多次生產數 | I2: =COUNT(I5:I79) -> 0 | Z2: =Z15+Z26+Z37+Z48+Z58+Z69+Z79 -> 0 | AA2: =AA15+AA26+AA37+AA48+AA58+AA69+AA79 -> 0 | AD2: =AD15+AD26+AD37+AD48+AD58+AD69+AD79 -> 0 | AE2: =AE15+AE26+AE37+AE48+AE58+AE69+AE79 -> 0
A3: 線別 | B3: 品類 | D3: 品名 | F3: 廠價 | G3: 生產量 | H3: 營收 | I3: 多次 生產 | J3: 人數 | K3: 產能/時 | L3: 人時性 | M3: 人數 | N3: 產能/時 | O3: 人時性 | P3: 人數 | Q3: 人時性 | R3: 達成率 | S3: 達成率平均 | T3: 生產時間 | V3: 前置、換線時間/分 | W3: 稼動時間/分 | X3: 休息時間 | Z3: 產線異常統計 (5分鐘以上) | AD3: 短暫停線統計 (5分鐘以下) | AF3: 產能/時 | AG3: 達成率 | AH3: 達成率平均
T4: 開始 | U4: 結束 | X4: 開始 | Y4: 結束 | Z4: 次數 | AA4: 時間/分 | AD4: 總次數 | AE4: 設備因素(次數)
A5: 自動一線 (ET-600) | B5: 義大利麵 | D5: 白酒清炒鮮蛤義大利麵 | F5: =VLOOKUP(D5,廠價表!$C$1:$E$43,3,0) -> 56.87 | G5: 2287 | H5: =F5*G5 -> 130061.69 | J5: =VLOOKUP(D5,產線配置圖!$A$3:$C$40,2,0) -> 15 | K5: =VLOOKUP(D5,產線配置圖!$A$3:$C$40,3,0) -> 2250 | L5: =K5/J5 -> 150 | M5: 15 | N5: =G5/W5*60 -> 2111.0769 | O5: =N5/M5 -> 140.73846 | P5: =M5-J5 -> 0 | Q5: =O5-L5 -> -9.2615385 | R5: =O5/L5 -> 0.93825641 | S5: =R15 -> 0.92028275 | T5: 0.29375 | U5: 0.33888889 | W5: =(U5-T5)*24*60 -> 65 | AF5: =N5-K5 -> -138.92308 | AG5: =N5/K5 -> 0.93825641 | AH5: =AG15 -> 0.92028275
B6: 義大利麵 | D6: 香煎魚排佐檸檬奶油義大利麵 | F6: =VLOOKUP(D6,廠價表!$C$1:$E$43,3,0) -> 58.17 | G6: 2608 | H6: =F6*G6 -> 151707.36 | J6: =VLOOKUP(D6,產線配置圖!$A$3:$C$40,2,0) -> 15 | K6: =VLOOKUP(D6,產線配置圖!$A$3:$C$40,3,0) -> 2250 | L6: =K6/J6 -> 150 | M6: 15 | N6: =G6/W6*60 -> 2032.2078 | O6: =N6/M6 -> 135.48052 | P6: =M6-J6 -> 0 | Q6: =O6-L6 -> -14.519481 | R6: =O6/L6 -> 0.90320346 | T6: 0.34652778 | U6: 0.4 | V6: =(T6-U5)*24*60 -> 11 | W6: =(U6-T6)*24*60 -> 77 | AF6: =N6-K6 -> -217.79221 | AG6: =N6/K6 -> 0.90320346
B7: 義大利麵 | D7: 奶油培根義大利麵 | F7: =VLOOKUP(D7,廠價表!$C$1:$E$43,3,0) -> 49.14 | G7: 3758 | H7: =F7*G7 -> 184668.12 | J7: =VLOOKUP(D7,產線配置圖!$A$3:$C$40,2,0) -> 15 | K7: =VLOOKUP(D7,產線配置圖!$A$3:$C$40,3,0) -> 2250 | L7: =K7/J7 -> 150 | M7: 15 | N7: =G7/W7*60 -> 2068.6239 | O7: =N7/M7 -> 137.90826 | P7: =M7-J7 -> 0 | Q7: =O7-L7 -> -12.091743 | R7: =O7/L7 -> 0.91938838 | T7: 0.40833333 | U7: 0.48402778 | V7: =(T7-U6)*24*60 -> 12 | W7: =(U7-T7)*24*60 -> 109 | AF7: =N7-K7 -> -181.37615 | AG7: =N7/K7 -> 0.91938838
W8: =(U8-T8)*24*60 -> 0 | X8: 0.48611111 | Y8: 0.52777778 | AF8: =N8-K8 -> 0 | AG8: =N8/K8 -> #DIV/0!
W9: =(U9-T9)*24*60 -> 0 | AF9: =N9-K9 -> 0 | AG9: =N9/K9 -> #DIV/0!
W10: =(U10-T10)*24*60 -> 0 | AF10: =N10-K10 -> 0 | AG10: =N10/K10 -> #DIV/0!
W11: =(U11-T11)*24*60 -> 0 | AF11: =N11-K11 -> 0 | AG11: =N11/K11 -> #DIV/0!
W12: =(U12-T12)*24*60 -> 0
W13: =(U13-T13)*24*60 -> 0
W14: =(U14-T14)*24*60 -> 0
C15: 4度一組 | D15: 平均 | J15: =AVERAGE(J5:J14) -> 15 | K15: =AVERAGE(K5:K14) -> 2250 | L15: =AVERAGE(L5:L14) -> 150 | M15: =AVERAGE(M5:M14) -> 15 | N15: =AVERAGE(N5:N14) -> 2070.6362 | O15: =AVERAGE(O5:O14) -> 138.04241 | P15: =M15-J15 -> 0 | Q15: =O15-L15 -> -11.957587 | R15: =O15/L15 -> 0.92028275 | Z15: =SUM(Z5:Z14) -> 0 | AA15: =SUM(AA5:AA14) -> 0 | AD15: =SUM(AD5:AD14) -> 0 | AE15: =SUM(AE5:AE14) -> 0 | AF15: =N15-K15 -> -179.36381 | AG15: =N15/K15 -> 0.92028275
A16: 自動二線 (ET-600) | B16: 義大利麵 | D16: 青醬蛤蜊義大利麵 | F16: =VLOOKUP(D16,廠價表!$C$1:$E$43,3,0) -> 50.67 | G16: 2864 | H16: =F16*G16 -> 145118.88 | J16: =VLOOKUP(D16,產線配置圖!$A$3:$C$40,2,0) -> 14 | K16: =VLOOKUP(D16,產線配置圖!$A$3:$C$40,3,0) -> 2250 | L16: =K16/J16 -> 160.71429 | M16: 14 | N16: =G16/W16*60 -> 2203.0769 | O16: =N16/M16 -> 157.36264 | P16: =M16-J16 -> 0 | Q16: =O16-L16 -> -3.3516484 | R16: =O16/L16 -> 0.9791453 | S16: =R26 -> 0.89763725 | T16: 0.29305556 | U16: 0.34722222 | W16: =(U16-T16)*24*60 -> 78 | AF16: =N16-K16 -> -46.923077 | AG16: =N16/K16 -> 0.9791453 | AH16: =AG26 -> 0.89351854
B17: 義大利麵 | D17: 蒜香奶油蝦蝦義大利麵 | F17: =VLOOKUP(D17,廠價表!$C$1:$E$43,3,0) -> 57.21 | G17: 1547 | H17: =F17*G17 -> 88503.87 | J17: =VLOOKUP(D17,產線配置圖!$A$3:$C$40,2,0) -> 17 | K17: =VLOOKUP(D17,產線配置圖!$A$3:$C$40,3,0) -> 2250 | L17: =K17/J17 -> 132.35294 | M17: 17 | N17: =G17/W17*60 -> 1856.4 | O17: =N17/M17 -> 109.2 | P17: =M17-J17 -> 0 | Q17: =O17-L17 -> -23.152941 | R17: =O17/L17 -> 0.82506667 | T17: 0.35416667 | U17: 0.38888889 | V17: =(T17-U16)*24*60 -> 10 | W17: =(U17-T17)*24*60 -> 50 | AB17: 外線支援 | AF17: =N17-K17 -> -393.6 | AG17: =N17/K17 -> 0.82506667
B18: 義大利麵 | D18: 義式辣味嫩烤雞腿排義大利麵 | F18: =VLOOKUP(D18,廠價表!$C$1:$E$43,3,0) -> 56.61 | G18: 900 | H18: =F18*G18 -> 50949 | J18: =VLOOKUP(D18,產線配置圖!$A$3:$C$40,2,0) -> 15 | K18: =VLOOKUP(D18,產線配置圖!$A$3:$C$40,3,0) -> 2250 | L18: =K18/J18 -> 150 | M18: 15 | N18: =G18/W18*60 -> 1862.069 | O18: =N18/M18 -> 124.13793 | P18: =M18-J18 -> 0 | Q18: =O18-L18 -> -25.862069 | R18: =O18/L18 -> 0.82758621 | T18: 0.39722222 | U18: 0.41736111 | V18: =(T18-U17)*24*60 -> 12 | W18: =(U18-T18)*24*60 -> 29 | X18: 0.48611111 | Y18: 0.52777778 | AF18: =N18-K18 -> -387.93103 | AG18: =N18/K18 -> 0.82758621
B19: 義大利麵 | D19: 義式蕃茄起司義大利麵 | F19: =VLOOKUP(D19,廠價表!$C$1:$E$43,3,0) -> 50.39 | G19: 2817 | H19: =F19*G19 -> 141948.63 | J19: =VLOOKUP(D19,產線配置圖!$A$3:$C$40,2,0) -> 13 | K19: =VLOOKUP(D19,產線配置圖!$A$3:$C$40,3,0) -> 2250 | L19: =K19/J19 -> 173.07692 | M19: 13 | N19: =G19/W19*60 -> 2086.6667 | O19: =N19/M19 -> 160.51282 | P19: =M19-J19 -> 0 | Q19: =O19-L19 -> -12.564103 | R19: =O19/L19 -> 0.92740741 | T19: 0.42291667 | U19: 0.47916667 | V19: =(T19-U18)*24*60 -> 8 | W19: =(U19-T19)*24*60 -> 81 | AF19: =N19-K19 -> -163.33333 | AG19: =N19/K19 -> 0.92740741
B20: 義大利麵 | D20: 義式蕃茄起司義大利麵 | F20: =VLOOKUP(D20,廠價表!$C$1:$E$43,3,0) -> 50.39 | G20: 1056 | H20: =F20*G20 -> 53211.84 | J20: =VLOOKUP(D20,產線配置圖!$A$3:$C$40,2,0) -> 13 | K20: =VLOOKUP(D20,產線配置圖!$A$3:$C$40,3,0) -> 2250 | L20: =K20/J20 -> 173.07692 | M20: 13 | N20: =G20/W20*60 -> 2043.871 | O20: =N20/M20 -> 157.22084 | P20: =M20-J20 -> 0 | Q20: =O20-L20 -> -15.856079 | R20: =O20/L20 -> 0.9083871 | T20: 0.54166667 | U20: 0.56319444 | V20: =(T20-U19)*24*60 -> 90 | W20: =(U20-T20)*24*60 -> 31
W21: =(U21-T21)*24*60 -> 0
W22: 0
W23: =(U23-T23)*24*60 -> 0
H24: =F24*G24 -> 0 | W24: =(U24-T24)*24*60 -> 0
H25: =F25*G25 -> 0 | W25: =(U25-T25)*24*60 -> 0
C26: 4度二組A | D26: 平均 | J26: =AVERAGE(J16:J25) -> 14.4 | K26: =AVERAGE(K16:K25) -> 2250 | L26: =AVERAGE(L16:L25) -> 157.84421 | M26: =AVERAGE(M16:M25) -> 14.4 | N26: =AVERAGE(N16:N25) -> 2010.4167 | O26: =AVERAGE(O16:O25) -> 141.68685 | P26: =M26-J26 -> 0 | Q26: =O26-L26 -> -16.157368 | R26: =O26/L26 -> 0.89763725 | Z26: =SUM(Z16:Z25) -> 0 | AA26: =SUM(AA16:AA25) -> 0 | AD26: =SUM(AD16:AD25) -> 0 | AE26: =SUM(AE16:AE25) -> 0 | AF26: =N26-K26 -> -239.5833 | AG26: =N26/K26 -> 0.89351854
A27: 手工三線 (ET-55) | B27: 義大利麵 | D27: 焗烤起司肉醬筆尖麵 | F27: =VLOOKUP(D27,廠價表!$C$1:$E$43,3,0) -> 50.67 | G27: 1249 | H27: =F27*G27 -> 63286.83 | J27: =VLOOKUP(D27,產線配置圖!$A$3:$C$40,2,0) -> 13 | K27: =VLOOKUP(D27,產線配置圖!$A$3:$C$40,3,0) -> 1440 | L27: =K27/J27 -> 110.76923 | M27: 13 | N27: =G27/W27*60 -> 1362.5455 | O27: =N27/M27 -> 104.81119 | P27: =M27-J27 -> 0 | Q27: =O27-L27 -> -5.958042 | R27: =O27/L27 -> 0.94621212 | S27: =R37 -> 0.91000033 | T27: 0.29166667 | U27: 0.32986111 | W27: =(U27-T27)*24*60 -> 55 | AF27: =N27-K27 -> -77.454545 | AG27: =N27/K27 -> 0.94621212 | AH27: =AG37 -> 0.87975455
B28: 義大利麵 | D28: 整條德式香腸義大利麵 | F28: =VLOOKUP(D28,廠價表!$C$1:$E$43,3,0) -> 57.21 | G28: 679 | H28: =F28*G28 -> 38845.59 | J28: =VLOOKUP(D28,產線配置圖!$A$3:$C$40,2,0) -> 18 | K28: =VLOOKUP(D28,產線配置圖!$A$3:$C$40,3,0) -> 1565 | L28: =K28/J28 -> 86.944444 | M28: 18 | N28: =G28/W28*60 -> 1273.125 | O28: =N28/M28 -> 70.729167 | P28: =M28-J28 -> 0 | Q28: =O28-L28 -> -16.215278 | R28: =O28/L28 -> 0.8134984 | T28: 0.33541667 | U28: 0.35763889 | V28: =(T28-U27)*24*60 -> 8 | W28: =(U28-T28)*24*60 -> 32 | AF28: =N28-K28 -> -291.875 | AG28: =N28/K28 -> 0.8134984
B29: 義大利麵 | D29: 奶油鮮蝦明太子細扁麵 | F29: =VLOOKUP(D29,廠價表!$C$1:$E$43,3,0) -> 57.21 | G29: 3728 | H29: =F29*G29 -> 213278.88 | J29: =VLOOKUP(D29,產線配置圖!$A$3:$C$40,2,0) -> 18 | K29: =VLOOKUP(D29,產線配置圖!$A$3:$C$40,3,0) -> 1636 | L29: =K29/J29 -> 90.888889 | M29: 17 | N29: =G29/W29*60 -> 1491.2 | O29: =N29/M29 -> 87.717647 | P29: =M29-J29 -> -1 | Q29: =O29-L29 -> -3.1712418 | R29: =O29/L29 -> 0.96510859 | T29: 0.36111111 | U29: 0.46527778 | V29: =(T29-U28)*24*60 -> 5 | W29: =(U29-T29)*24*60 -> 150 | AF29: =N29-K29 -> -144.8 | AG29: =N29/K29 -> 0.91149144
B30: 義大利麵 | D30: 奶油鮮蝦明太子細扁麵 | F30: =VLOOKUP(D30,廠價表!$C$1:$E$43,3,0) -> 57.21 | G30: 1000 | H30: =F30*G30 -> 57210 | J30: =VLOOKUP(D30,產線配置圖!$A$3:$C$40,2,0) -> 18 | K30: =VLOOKUP(D30,產線配置圖!$A$3:$C$40,3,0) -> 1636 | L30: =K30/J30 -> 90.888889 | M30: 17 | N30: =G30/W30*60 -> 1395.3488 | O30: =N30/M30 -> 82.079343 | P30: =M30-J30 -> -1 | Q30: =O30-L30 -> -8.8095455 | R30: =O30/L30 -> 0.90307346 | T30: 0.52916667 | U30: 0.55902778 | V30: =(T30-U29)*24*60 -> 92 | W30: =(U30-T30)*24*60 -> 43 | X30: 0.49652778 | Y30: 0.53819444 | AF30: =N30-K30 -> -240.65116 | AG30: =N30/K30 -> 0.85290271
W31: =(U31-T31)*24*60 -> 0 | AF31: =N31-K31 -> 0 | AG31: =N31/K31 -> #DIV/0!
W32: =(U32-T32)*24*60 -> 0
W33: =(U33-T33)*24*60 -> 0
W34: =(U34-T34)*24*60 -> 0
W35: =(U35-T35)*24*60 -> 0
H36: =F36*G36 -> 0 | W36: =(U36-T36)*24*60 -> 0
C37: 4度二組B | D37: 平均 | J37: =AVERAGE(J27:J36) -> 16.75 | K37: =AVERAGE(K27:K36) -> 1569.25 | L37: =AVERAGE(L27:L36) -> 94.872863 | M37: =AVERAGE(M27:M36) -> 16.25 | N37: =AVERAGE(N27:N36) -> 1380.5548 | O37: =AVERAGE(O27:O36) -> 86.334336 | P37: =M37-J37 -> -0.5 | Q37: =N37-K37 -> -188.69518 | R37: =O37/L37 -> 0.91000033 | Z37: =SUM(Z27:Z36) -> 0 | AA37: =SUM(AA27:AA36) -> 0 | AD37: =SUM(AD27:AD36) -> 0 | AE37: =SUM(AE27:AE36) -> 0 | AF37: =N37-K37 -> -188.69518 | AG37: =N37/K37 -> 0.87975455
A38: 手工四線 (ET-55) | B38: 熱乾麵 | D38: 青花椒麻雞肉拌麵 | F38: =VLOOKUP(D38,廠價表!$C$1:$E$43,3,0) -> 49.91 | G38: 2582 | H38: =F38*G38 -> 128867.62 | J38: =VLOOKUP(D38,產線配置圖!$A$3:$C$40,2,0) -> 15 | K38: =VLOOKUP(D38,產線配置圖!$A$3:$C$40,3,0) -> 1714 | L38: =K38/J38 -> 114.26667 | M38: 15 | N38: =G38/W38*60 -> 1630.7368 | O38: =N38/M38 -> 108.71579 | P38: =M38-J38 -> 0 | Q38: =O38-L38 -> -5.5508772 | R38: =O38/L38 -> 0.95142173 | S38: =R48 -> 0.88692418 | T38: 0.33333333 | U38: 0.39930556 | W38: =(U38-T38)*24*60 -> 95 | AF38: =N38-K38 -> -83.263158 | AG38: =N38/K38 -> 0.95142173 | AH38: =AG48 -> 0.88396793
B39: 熱乾麵 | D39: 府城鹽水意麵 | F39: =VLOOKUP(D39,廠價表!$C$1:$E$43,3,0) -> 44.3 | G39: 2654 | H39: =F39*G39 -> 117572.2 | J39: =VLOOKUP(D39,產線配置圖!$A$3:$C$40,2,0) -> 17 | K39: =VLOOKUP(D39,產線配置圖!$A$3:$C$40,3,0) -> 1636 | L39: =K39/J39 -> 96.235294 | M39: 17 | N39: =G39/W39*60 -> 1447.6364 | O39: =N39/M39 -> 85.15508 | P39: =M39-J39 -> 0 | Q39: =O39-L39 -> -11.080214 | R39: =O39/L39 -> 0.8848633 | T39: 0.40625 | U39: 0.48263889 | V39: =(T39-U38)*24*60 -> 10 | W39: =(U39-T39)*24*60 -> 110 | AF39: =N39-K39 -> -188.36364 | AG39: =N39/K39 -> 0.8848633
B40: 熱乾麵 | D40: 府城鹽水意麵 | F40: =VLOOKUP(D40,廠價表!$C$1:$E$43,3,0) -> 44.3 | G40: 731 | H40: =F40*G40 -> 32383.3 | J40: =VLOOKUP(D40,產線配置圖!$A$3:$C$40,2,0) -> 17 | K40: =VLOOKUP(D40,產線配置圖!$A$3:$C$40,3,0) -> 1636 | L40: =K40/J40 -> 96.235294 | M40: 17 | N40: =G40/W40*60 -> 1329.0909 | O40: =N40/M40 -> 78.181818 | P40: =M40-J40 -> 0 | Q40: =O40-L40 -> -18.053476 | R40: =O40/L40 -> 0.81240276 | T40: 0.54513889 | U40: 0.56805556 | V40: =(T40-U39)*24*60 -> 90 | W40: =(U40-T40)*24*60 -> 33 | AB40: 生產數量少 | AF40: =N40-K40 -> -306.90909 | AG40: =N40/K40 -> 0.81240276
W41: =(U41-T41)*24*60 -> 0 | AF41: =N41-K41 -> 0 | AG41: =N41/K41 -> #DIV/0!
W42: =(U42-T42)*24*60 -> 0
W43: =(U43-T43)*24*60 -> 0
W44: =(U44-T44)*24*60 -> 0
W45: =(U45-T45)*24*60 -> 0
W46: =(U46-T46)*24*60 -> 0
H47: =F47*G47 -> 0 | W47: =(U47-T47)*24*60 -> 0
C48: 4度二組C1 | D48: 平均 | J48: =AVERAGE(J38:J47) -> 16.333333 | K48: =AVERAGE(K38:K47) -> 1662 | L48: =AVERAGE(L38:L47) -> 102.24575 | M48: =AVERAGE(M38:M47) -> 16.333333 | N48: =AVERAGE(N38:N47) -> 1469.1547 | O48: =AVERAGE(O38:O47) -> 90.684229 | P48: =M48-J48 -> 0 | Q48: =N48-K48 -> -192.8453 | R48: =O48/L48 -> 0.88692418 | W48: =(U48-T48)*24*60 -> 0 | Z48: =SUM(Z38:Z47) -> 0 | AA48: =SUM(AA38:AA47) -> 0 | AD48: =SUM(AD38:AD47) -> 0 | AE48: =SUM(AE38:AE47) -> 0 | AF48: =N48-K48 -> -192.8453 | AG48: =N48/K48 -> 0.88396793
A49: 手工五線 (ET-55) | B49: 熱乾麵 | D49: 沙茶豬肉炒麵 | F49: =VLOOKUP(D49,廠價表!$C$1:$E$43,3,0) -> 49.52 | G49: 1757 | H49: =F49*G49 -> 87006.64 | J49: =VLOOKUP(D49,產線配置圖!$A$3:$C$40,2,0) -> 17 | K49: =VLOOKUP(D49,產線配置圖!$A$3:$C$40,3,0) -> 1800 | L49: =K49/J49 -> 105.88235 | M49: 17 | N49: =G49/W49*60 -> 1527.8261 | O49: =N49/M49 -> 89.872123 | P49: =M49-J49 -> 0 | Q49: =O49-L49 -> -16.01023 | R49: =O49/L49 -> 0.84879227 | S49: =R58 -> 0.90939017 | T49: 0.29513889 | U49: 0.34305556 | W49: =(U49-T49)*24*60 -> 69 | AF49: =N49-K49 -> -272.17391 | AG49: =N49/K49 -> 0.84879227 | AH49: =AG58 -> 0.88700056
B50: 義大利麵 | D50: 焗烤起司雙饗筆尖麵 | F50: =VLOOKUP(D50,廠價表!$C$1:$E$43,3,0) -> 49.97 | G50: 2352 | H50: =F50*G50 -> 117529.44 | J50: =VLOOKUP(D50,產線配置圖!$A$3:$C$40,2,0) -> 16 | K50: =VLOOKUP(D50,產線配置圖!$A$3:$C$40,3,0) -> 1800 | L50: =K50/J50 -> 112.5 | M50: 16 | N50: =G50/W50*60 -> 1603.6364 | O50: =N50/M50 -> 100.22727 | P50: =M50-J50 -> 0 | Q50: =O50-L50 -> -12.272727 | R50: =O50/L50 -> 0.89090909 | T50: 0.35069444 | U50: 0.41180556 | V50: =(T50-U49)*24*60 -> 11 | W50: =(U50-T50)*24*60 -> 88 | AF50: =N50-K50 -> -196.36364 | AG50: =N50/K50 -> 0.89090909
B51: 義大利麵 | D51: 黑松露野菇義大利麵 | F51: =VLOOKUP(D51,廠價表!$C$1:$E$43,3,0) -> 50.289 | G51: 1321 | H51: =F51*G51 -> 66431.769 | J51: =VLOOKUP(D51,產線配置圖!$A$3:$C$40,2,0) -> 18 | K51: =VLOOKUP(D51,產線配置圖!$A$3:$C$40,3,0) -> 1565 | L51: =K51/J51 -> 86.944444 | M51: 18 | N51: =G51/W51*60 -> 1366.5517 | O51: =N51/M51 -> 75.91954 | P51: =M51-J51 -> 0 | Q51: =O51-L51 -> -11.024904 | R51: =O51/L51 -> 0.87319599 | T51: 0.41805556 | U51: 0.45833333 | V51: =(T51-U50)*24*60 -> 9 | W51: =(U51-T51)*24*60 -> 58 | AF51: =N51-K51 -> -198.44828 | AG51: =N51/K51 -> 0.87319599
B52: 義大利麵 | D52: 黑松露野菇義大利麵 | F52: =VLOOKUP(D52,廠價表!$C$1:$E$43,3,0) -> 50.289 | G52: 1298 | H52: =F52*G52 -> 65275.122 | J52: =VLOOKUP(D52,產線配置圖!$A$3:$C$40,2,0) -> 18 | K52: =VLOOKUP(D52,產線配置圖!$A$3:$C$40,3,0) -> 1565 | L52: =K52/J52 -> 86.944444 | M52: 17 | N52: =G52/W52*60 -> 1469.434 | O52: =N52/M52 -> 86.437292 | P52: =M52-J52 -> -1 | Q52: =O52-L52 -> -0.50715255 | R52: =O52/L52 -> 0.99416694 | T52: 0.51736111 | U52: 0.55416667 | V52: =(T52-U51)*24*60 -> 85 | W52: =(U52-T52)*24*60 -> 53 | X52: 0.47916667 | Y52: 0.52083333 | AF52: =N52-K52 -> -95.566038 | AG52: =N52/K52 -> 0.93893544
B53: 義大利麵 | D53: 焗烤起司雙饗筆尖麵 | F53: =VLOOKUP(D53,廠價表!$C$1:$E$43,3,0) -> 49.97 | G53: 1199 | H53: =F53*G53 -> 59914.03 | J53: =VLOOKUP(D53,產線配置圖!$A$3:$C$40,2,0) -> 16 | K53: =VLOOKUP(D53,產線配置圖!$A$3:$C$40,3,0) -> 1800 | L53: =K53/J53 -> 112.5 | M53: 15 | N53: =G53/W53*60 -> 1598.6667 | O53: =N53/M53 -> 106.57778 | P53: =M53-J53 -> -1 | Q53: =O53-L53 -> -5.9222222 | R53: =O53/L53 -> 0.94735802 | T53: 0.55972222 | U53: 0.59097222 | V53: =(T53-U52)*24*60 -> 8 | W53: =(U53-T53)*24*60 -> 45 | AF53: =N53-K53 -> -201.33333 | AG53: =N53/K53 -> 0.88814815
W54: =(U54-T54)*24*60 -> 0
W55: =(U55-T55)*24*60 -> 0 | AB55: 實習幹部帶線
W56: =(U56-T56)*24*60 -> 0
W57: =(U57-T57)*24*60 -> 0
C58: 4度二組C2 | D58: 平均 | J58: =AVERAGE(J49:J57) -> 17 | K58: =AVERAGE(K49:K57) -> 1706 | L58: =AVERAGE(L49:L57) -> 100.95425 | M58: =AVERAGE(M49:M57) -> 16.6 | N58: =AVERAGE(N49:N57) -> 1513.223 | O58: =AVERAGE(O49:O57) -> 91.806801 | P58: =M58-J58 -> -0.4 | Q58: =N58-K58 -> -192.77704 | R58: =O58/L58 -> 0.90939017 | Z58: =SUM(Z49:Z57) -> 0 | AA58: =SUM(AA49:AA57) -> 0 | AD58: =SUM(AD49:AD57) -> 0 | AE58: =SUM(AE49:AE57) -> 0 | AF58: =N58-K58 -> -192.77704 | AG58: =N58/K58 -> 0.88700056
A59: 調理包一線 (八爪機) | B59: 小吃、微波 | D59: 小滷青蔬 | F59: =VLOOKUP(D59,廠價表!$C$1:$E$43,3,0) -> 26.99 | G59: 2974 | H59: =F59*G59 -> 80268.26 | J59: =VLOOKUP(D59,產線配置圖!$A$3:$C$40,2,0) -> 15 | K59: =VLOOKUP(D59,產線配置圖!$A$3:$C$40,3,0) -> 1565 | L59: =K59/J59 -> 104.33333 | M59: 16 | N59: =G59/W59*60 -> 1551.6522 | O59: =N59/M59 -> 96.978261 | P59: =M59-J59 -> 1 | Q59: =O59-L59 -> -7.3550725 | R59: =O59/L59 -> 0.9295041 | S59: =R69 -> 0.87232615 | T59: 0.29166667 | U59: 0.37152778 | W59: =(U59-T59)*24*60 -> 115 | AF59: =N59-K59 -> -13.347826 | AG59: =N59/K59 -> 0.99147104 | AH59: =AG69 -> 0.95008463
B60: 小吃、微波 | D60: 起司馬鈴薯 | F60: =VLOOKUP(D60,廠價表!$C$1:$E$43,3,0) -> 28.26 | G60: 1581 | H60: =F60*G60 -> 44679.06 | J60: =VLOOKUP(D60,產線配置圖!$A$3:$C$40,2,0) -> 12 | K60: =VLOOKUP(D60,產線配置圖!$A$3:$C$40,3,0) -> 1565 | L60: =K60/J60 -> 130.41667 | M60: 13 | N60: =G60/W60*60 -> 1607.7966 | O60: =N60/M60 -> 123.67666 | P60: =M60-J60 -> 1 | Q60: =O60-L60 -> -6.7400043 | R60: =O60/L60 -> 0.94831946 | T60: 0.37708333 | U60: 0.41805556 | V60: =(T60-U59)*24*60 -> 8 | W60: =(U60-T60)*24*60 -> 59 | AF60: =N60-K60 -> 42.79661 | AG60: =N60/K60 -> 1.0273461
B61: 小吃、微波 | D61: 韓式炒冬粉 | F61: =VLOOKUP(D61,廠價表!$C$1:$E$43,3,0) -> 28.26 | G61: 2171 | H61: =F61*G61 -> 61352.46 | J61: =VLOOKUP(D61,產線配置圖!$A$3:$C$40,2,0) -> 11 | K61: =VLOOKUP(D61,產線配置圖!$A$3:$C$40,3,0) -> 1565 | L61: =K61/J61 -> 142.27273 | M61: 12 | N61: =G61/W61*60 -> 1371.1579 | O61: =N61/M61 -> 114.26316 | P61: =M61-J61 -> 1 | Q61: =O61-L61 -> -28.009569 | R61: =O61/L61 -> 0.80312763 | T61: 0.42361111 | U61: 0.48958333 | V61: =(T61-U60)*24*60 -> 8 | W61: =(U61-T61)*24*60 -> 95 | AF61: =N61-K61 -> -193.84211 | AG61: =N61/K61 -> 0.87613923
B62: 小吃、微波 | D62: 韓式炒冬粉 | F62: =VLOOKUP(D62,廠價表!$C$1:$E$43,3,0) -> 28.26 | G62: 1228 | H62: =F62*G62 -> 34703.28 | J62: =VLOOKUP(D62,產線配置圖!$A$3:$C$40,2,0) -> 11 | K62: =VLOOKUP(D62,產線配置圖!$A$3:$C$40,3,0) -> 1565 | L62: =K62/J62 -> 142.27273 | M62: 12 | N62: =G62/W62*60 -> 1416.9231 | O62: =N62/M62 -> 118.07692 | P62: =M62-J62 -> 1 | Q62: =O62-L62 -> -24.195804 | R62: =O62/L62 -> 0.82993364 | T62: 0.54166667 | U62: 0.57777778 | V62: =(T62-U61)*24*60 -> 75 | W62: =(U62-T62)*24*60 -> 52 | X62: 0.50347222 | Y62: 0.54513889 | AF62: =N62-K62 -> -148.07692 | AG62: =N62/K62 -> 0.90538216
W63: =(U63-T63)*24*60 -> 0 | AB63: 靜電-多一人放袋
W64: =(U64-T64)*24*60 -> 0
W65: =(U65-T65)*24*60 -> 0
W66: =(U66-T66)*24*60 -> 0
W67: =(U67-T67)*24*60 -> 0
H68: =F68*G68 -> 0 | W68: =(U68-T68)*24*60 -> 0
C69: 4度三組 | D69: 平均 | J69: =AVERAGE(J59:J68) -> 12.25 | K69: =AVERAGE(K59:K68) -> 1565 | L69: =AVERAGE(L59:L68) -> 129.82386 | M69: =AVERAGE(M59:M68) -> 13.25 | N69: =AVERAGE(N59:N68) -> 1486.8824 | O69: =AVERAGE(O59:O68) -> 113.24875 | P69: =M69-J69 -> 1 | Q69: =N69-K69 -> -78.117561 | R69: =O69/L69 -> 0.87232615 | Z69: =SUM(Z59:Z68) -> 0 | AA69: =SUM(AA59:AA68) -> 0 | AD69: =SUM(AD59:AD68) -> 0 | AE69: =SUM(AE59:AE68) -> 0 | AF69: =N69-K69 -> -78.117561 | AG69: =N69/K69 -> 0.95008463
A70: 調理包二線 (手工) | S70: =R79 -> 0 | W70: =(U70-T70)*24*60 -> 0 | AF70: =N70-K70 -> 0 | AG70: =N70/K70 -> #DIV/0! | AH70: =AG79 -> #DIV/0!
W71: =(U71-T71)*24*60 -> 0 | AF71: -300.3125 | AG71: 0.80810703
W72: =(U72-T72)*24*60 -> 0 | AF72: -130.33333 | AG72: 0.91671991
W73: =(U73-T73)*24*60 -> 0
W74: =(U74-T74)*24*60 -> 0
W75: =(U75-T75)*24*60 -> 0
W76: =(U76-T76)*24*60 -> 0
W77: =(U77-T77)*24*60 -> 0
W78: =(U78-T78)*24*60 -> 0
Z79: =SUM(Z70:Z78) -> 0 | AA79: =SUM(AA70:AA78) -> 0 | AD79: =SUM(AD70:AD78) -> 0 | AE79: =SUM(AE70:AE78) -> 0 | AF79: =N79-K79 -> 0 | AG79: =N79/K79 -> #DIV/0!
AJ80: 1.當日出勤人數較多
AJ81: 2.當日出勤人數較少
AJ82: 3.當日出勤熟手較少
AJ83: 4.當日出勤新人較多
AJ84: 5.機台夾盒
AJ85: 6.封膜不順
AJ86: 7.更換膠膜
AJ87: 8.更換碳帶
AJ88: 9.當日熱轉印碳帶異常
AJ89: 10.訂單量過少
AJ90: 11.新品上市，尚未熟悉
AJ91: 12.商品結構，產能較低
AJ92: 13.區域出貨，分段生產

Sheet 0606總
B1: 長家廠組合室生產人時性分析
B3: 日期 | D3: 46179 | F3: 訂單量 | G3: ='0606'!E1 -> 53256 | I3: 營業額 | J3: ='0606'!G1 -> 2550422.3
B4: 項目 | D4: 3 | F4: ➀ | H4: ➁ | J4: ③ | L4: 異常停線 | N4: 短暫停線
B5: 人時性 | D5: 組合室 | F5: 全溫層 | H5: 義大利麵 | J5: 袋裝小吃、義麵 | L5: 合計次數 | M5: 時間 | N5: 合計次數 | O5: 設備次數
D6: 排關平均 | F6: =AVERAGE(D13:I13) -> 121.28085 | H6: =AVERAGE(D13:H13) -> 119.57224 | J6: =AVERAGE(I13) -> 129.82386 | L6: =SUM(D18:J18) -> 5 | M6: =SUM(D19:J19) -> 21 | N6: =SUM(D20:J20) -> 0 | O6: =SUM(D20:J20) -> 0
D7: 實績平均 | F7: =AVERAGE(D14:I14) -> 107.75479 | H7: =AVERAGE(D14:H14) -> 106.46132 | J7: =AVERAGE(I14) -> 114.22213 | L7: =AVERAGE(K14:L14) -> #DIV/0! | M7: =AVERAGE(L14:M14) -> #DIV/0! | N7: =AVERAGE(M14:N14) -> #DIV/0! | O7: =AVERAGE(N14:O14) -> #DIV/0!
D8: 達成率平均 | F8: =F7/F6 -> 0.88847326 | H8: =H7/H6 -> 0.89035146 | J8: =J7/J6 -> 0.87982385 | L8: =AVERAGE(K15:L15) -> #DIV/0! | M8: =AVERAGE(L15:M15) -> #DIV/0! | N8: =AVERAGE(M15:N15) -> #DIV/0! | O8: =AVERAGE(N15:O15) -> #DIV/0!
J9: ※現行日本鮮食廠以達成率80%為基本(即為現行KPI)
B10: 溫層 | D10: 4度C-各編組展開
B11: 編組 | D11: 1 | E11: 2 | F11: 3 | G11: 4 | H11: 5 | I11: 6 | J11: 7
D12: 自動1線 | E12: 自動2線 | F12: 手工3線 | G12: 手工4線 | H12: 手工5線 | I12: 調理包1線 | J12: 調理包2線
B13: 人時性 | C13: 排關 | D13: =VALUE('0606'!L15) -> 139.24706 | E13: =VALUE('0606'!L26) -> 158.32256 | F13: =VALUE('0606'!L37) -> 94.872863 | G13: =VALUE('0606'!L48) -> 102.24575 | H13: =VALUE('0606'!L58) -> 103.17298 | I13: =VALUE('0606'!L69) -> 129.82386 | J13: ='0606'!L79 -> 0
C14: 實績 | D14: =VALUE('0606'!O15) -> 130.33926 | E14: =VALUE('0606'!O26) -> 148.3136 | F14: =VALUE('0606'!O37) -> 75.299856 | G14: =VALUE('0606'!O48) -> 87.8241 | H14: =VALUE('0606'!O58) -> 90.529783 | I14: =VALUE('0606'!O69) -> 114.22213 | J14: ='0606'!O79 -> 0
C15: 達成率 | D15: =D14/D13 -> 0.93602885 | E15: =E14/E13 -> 0.93678124 | F15: =F14/F13 -> 0.79369225 | G15: =G14/G13 -> 0.8589511 | H15: =H14/H13 -> 0.87745627 | I15: =I14/I13 -> 0.87982385 | J15: ='0606'!S70 -> 0
B16: 作業 時間 | C16: 開始 | D16: ='0606'!T5 -> 0.29166667 | E16: ='0606'!T16 -> 0.29166667 | F16: ='0606'!T27 -> 0.28819444 | G16: ='0606'!T38 -> 0.33333333 | H16: ='0606'!T49 -> 0.29027778 | I16: ='0606'!T59 -> 0.29166667 | J16: ='0606'!T70 -> 0
C17: 結束 | D17: 0.61805556 | E17: 0.59791667 | F17: 0.62013889 | G17: 0.58680556 | H17: 0.65138889 | I17: 0.60763889 | J17: 0
B18: 產線異常 (5分鐘以上) | C18: 次數 | D18: ='0606'!Z15 -> 0 | E18: ='0606'!Z26 -> 0 | F18: ='0606'!Z37 -> 5 | G18: ='0606'!Z48 -> 0 | H18: ='0606'!Z58 -> 0 | I18: ='0606'!Z69 -> 0 | J18: ='0606'!AA79 -> 0
C19: 時間/分 | D19: ='0606'!AA15 -> 0 | E19: ='0606'!AA26 -> 0 | F19: ='0606'!AA37 -> 21 | G19: ='0606'!AA48 -> 0 | H19: ='0606'!AA58 -> 0 | I19: ='0606'!AA69 -> 0 | J19: ='0606'!AB79 -> 0
B20: 短暫停線 (5分鐘以下) | C20: 次數 | D20: ='0606'!AD15 -> 0 | E20: ='0606'!AD26 -> 0 | F20: ='0606'!AD37 -> 0 | G20: ='0606'!AD48 -> 0 | H20: ='0606'!AD58 -> 0 | I20: ='0606'!AD69 -> 0 | J20: ='0606'!AD79 -> 0
C21: 設備次數 | D21: ='0606'!AE15 -> 0 | E21: ='0606'!AE26 -> 0 | F21: ='0606'!AE37 -> 0 | G21: ='0606'!AE48 -> 0 | H21: ='0606'!AE58 -> 0 | I21: ='0606'!AE69 -> 0 | J21: ='0606'!AE79 -> 0
B22: 配置人數 | D22: =VALUE('0606'!M15) -> 15.2 | E22: =VALUE('0606'!M26) -> 14.333333 | F22: =VALUE('0606'!M37) -> 16.5 | G22: =VALUE('0606'!M48) -> 15.666667 | H22: =VALUE('0606'!M58) -> 16.666667 | I22: =VALUE('0606'!M69) -> 12.25 | J22: ='0606'!M79 -> 0
B23: 主要應用設備 | D23: ET-600 | E23: ET-600 | F23: ET-55 | G23: ET-55 | H23: ET-55 | I23: 八爪機 | J23: 八爪機
B24: 次要應用設備 | H24: 封口機 | J24: 封口機
B25: 備註

Sheet 0606
A1: 長家廠4度C日報分析 | D1: 總生產量 | E1: =SUM(G5:G79) -> 53256 | F1: 營業額 | G1: =SUM(H5:H79) -> 2550422.3 | H1: 出勤人數 | I1: =M15+M26+M48+M58+M69+M79+M37 -> 90.616667 | J1: 產線配置圖 | M1: 生產實績 | P1: 人時性差異分析 | T1: 日報登錄 | Z1: 合計 次數 | AA1: 合計 時間/分 | AB1: 分析說明 | AD1: 合計 次數 | AE1: 合計 設備次數 | AF1: 產能差異分析
A2: 06月06日 星期六 | D2: 人時性 | E2: =AVERAGE(O15,O26,O37,O48,O58,O69,O79) -> 107.75479 | F2: 平均廠價 | G2: =G1/E1 -> 47.889859 | H2: 多次生產數 | I2: =COUNT(I5:I79) -> 0 | Z2: =Z15+Z26+Z37+Z48+Z58+Z69+Z79 -> 5 | AA2: =AA15+AA26+AA37+AA48+AA58+AA69+AA79 -> 21 | AD2: =AD15+AD26+AD37+AD48+AD58+AD69+AD79 -> 0 | AE2: =AE15+AE26+AE37+AE48+AE58+AE69+AE79 -> 0
A3: 線別 | B3: 品類 | D3: 品名 | F3: 廠價 | G3: 生產量 | H3: 營收 | I3: 多次 生產 | J3: 人數 | K3: 產能/時 | L3: 人時性 | M3: 人數 | N3: 產能/時 | O3: 人時性 | P3: 人數 | Q3: 人時性 | R3: 達成率 | S3: 達成率平均 | T3: 生產時間 | V3: 前置、換線時間/分 | W3: 稼動時間/分 | X3: 休息時間 | Z3: 產線異常統計 (5分鐘以上) | AD3: 短暫停線統計 (5分鐘以下) | AF3: 產能/時 | AG3: 達成率 | AH3: 達成率平均
T4: 開始 | U4: 結束 | X4: 開始 | Y4: 結束 | Z4: 次數 | AA4: 時間/分 | AD4: 總次數 | AE4: 設備因素(次數)
A5: 自動一線 (ET-600) | B5: 義大利麵 | D5: 白酒清炒鮮蛤義大利麵 | F5: =VLOOKUP(D5,廠價表!$C$1:$E$43,3,0) -> 56.87 | G5: 2697 | H5: =F5*G5 -> 153378.39 | J5: =VLOOKUP(D5,產線配置圖!$A$3:$C$40,2,0) -> 15 | K5: =VLOOKUP(D5,產線配置圖!$A$3:$C$40,3,0) -> 2250 | L5: =K5/J5 -> 150 | M5: 15 | N5: =G5/W5*60 -> 2101.5584 | O5: =N5/M5 -> 140.1039 | P5: =M5-J5 -> 0 | Q5: =O5-L5 -> -9.8961039 | R5: =O5/L5 -> 0.93402597 | S5: =R15 -> 0.93602885 | T5: 0.29166667 | U5: 0.34513889 | W5: =(U5-T5)*24*60 -> 77 | AF5: =N5-K5 -> -148.44156 | AG5: =N5/K5 -> 0.93402597 | AH5: =AG15 -> 0.92718951
B6: 義大利麵 | D6: 香煎魚排佐檸檬奶油義大利麵 | F6: =VLOOKUP(D6,廠價表!$C$1:$E$43,3,0) -> 58.17 | G6: 2959 | H6: =F6*G6 -> 172125.03 | J6: =VLOOKUP(D6,產線配置圖!$A$3:$C$40,2,0) -> 15 | K6: =VLOOKUP(D6,產線配置圖!$A$3:$C$40,3,0) -> 2250 | L6: =K6/J6 -> 150 | M6: 15 | N6: =G6/W6*60 -> 2088.7059 | O6: =N6/M6 -> 139.24706 | P6: =M6-J6 -> 0 | Q6: =O6-L6 -> -10.752941 | R6: =O6/L6 -> 0.92831373 | T6: 0.35277778 | U6: 0.41180556 | V6: =(T6-U5)*24*60 -> 11 | W6: =(U6-T6)*24*60 -> 85 | AF6: =N6-K6 -> -161.29412 | AG6: =N6/K6 -> 0.92831373
B7: 義大利麵 | D7: 奶油培根義大利麵 | F7: =VLOOKUP(D7,廠價表!$C$1:$E$43,3,0) -> 49.14 | G7: 2555 | H7: =F7*G7 -> 125552.7 | J7: =VLOOKUP(D7,產線配置圖!$A$3:$C$40,2,0) -> 15 | K7: =VLOOKUP(D7,產線配置圖!$A$3:$C$40,3,0) -> 2250 | L7: =K7/J7 -> 150 | M7: 15 | N7: =G7/W7*60 -> 2129.1667 | O7: =N7/M7 -> 141.94444 | P7: =M7-J7 -> 0 | Q7: =O7-L7 -> -8.0555556 | R7: =O7/L7 -> 0.9462963 | T7: 0.42708333 | U7: 0.47708333 | V7: =(T7-U6)*24*60 -> 22 | W7: =(U7-T7)*24*60 -> 72 | AF7: =N7-K7 -> -120.83333 | AG7: =N7/K7 -> 0.9462963
B8: 義大利麵 | D8: 奶油培根義大利麵 | F8: =VLOOKUP(D8,廠價表!$C$1:$E$43,3,0) -> 49.14 | G8: 2236 | H8: =F8*G8 -> 109877.04 | J8: =VLOOKUP(D8,產線配置圖!$A$3:$C$40,2,0) -> 15 | K8: =VLOOKUP(D8,產線配置圖!$A$3:$C$40,3,0) -> 2250 | L8: =K8/J8 -> 150 | M8: 15 | N8: =G8/W8*60 -> 2163.871 | O8: =N8/M8 -> 144.25806 | P8: =M8-J8 -> 0 | Q8: =O8-L8 -> -5.7419355 | R8: =O8/L8 -> 0.96172043 | T8: 0.54166667 | U8: 0.58472222 | V8: =(T8-U7)*24*60 -> 93 | W8: =(U8-T8)*24*60 -> 62 | AF8: =N8-K8 -> -86.129032 | AG8: =N8/K8 -> 0.96172043
B9: 熱乾麵 | D9: 府城鹽水意麵 | F9: =VLOOKUP(D9,廠價表!$C$1:$E$43,3,0) -> 44.3 | G9: 804 | H9: =F9*G9 -> 35617.2 | J9: =VLOOKUP(D9,產線配置圖!$A$3:$C$40,2,0) -> 17 | K9: =VLOOKUP(D9,產線配置圖!$A$3:$C$40,3,0) -> 1636 | L9: =K9/J9 -> 96.235294 | M9: 16 | N9: =G9/W9*60 -> 1378.2857 | O9: =N9/M9 -> 86.142857 | P9: =M9-J9 -> -1 | Q9: =O9-L9 -> -10.092437 | R9: =O9/L9 -> 0.89512749 | T9: 0.59375 | U9: 0.61805556 | V9: =(T9-U8)*24*60 -> 13 | W9: =(U9-T9)*24*60 -> 35 | AB9: 支援製作 | AF9: =N9-K9 -> -257.71429 | AG9: =N9/K9 -> 0.84247293
W10: =(U10-T10)*24*60 -> 0 | AF10: =N10-K10 -> 0 | AG10: =N10/K10 -> #DIV/0!
W11: =(U11-T11)*24*60 -> 0 | AF11: =N11-K11 -> 0 | AG11: =N11/K11 -> #DIV/0!
W12: =(U12-T12)*24*60 -> 0
W13: =(U13-T13)*24*60 -> 0
W14: =(U14-T14)*24*60 -> 0
C15: 4度一組 | D15: 平均 | J15: =AVERAGE(J5:J14) -> 15.4 | K15: =AVERAGE(K5:K14) -> 2127.2 | L15: =AVERAGE(L5:L14) -> 139.24706 | M15: =AVERAGE(M5:M14) -> 15.2 | N15: =AVERAGE(N5:N14) -> 1972.3175 | O15: =AVERAGE(O5:O14) -> 130.33926 | P15: =M15-J15 -> -0.2 | Q15: =O15-L15 -> -8.9077946 | R15: =O15/L15 -> 0.93602885 | Z15: =SUM(Z5:Z14) -> 0 | AA15: =SUM(AA5:AA14) -> 0 | AD15: =SUM(AD5:AD14) -> 0 | AE15: =SUM(AE5:AE14) -> 0 | AF15: =N15-K15 -> -154.88247 | AG15: =N15/K15 -> 0.92718951
A16: 自動二線 (ET-600) | B16: 義大利麵 | D16: 青醬蛤蜊義大利麵 | F16: =VLOOKUP(D16,廠價表!$C$1:$E$43,3,0) -> 50.67 | G16: 2043 | H16: =F16*G16 -> 103518.81 | J16: =VLOOKUP(D16,產線配置圖!$A$3:$C$40,2,0) -> 14 | K16: =VLOOKUP(D16,產線配置圖!$A$3:$C$40,3,0) -> 2250 | L16: =K16/J16 -> 160.71429 | M16: 14 | N16: =G16/W16*60 -> 2043 | O16: =N16/M16 -> 145.92857 | P16: =M16-J16 -> 0 | Q16: =O16-L16 -> -14.785714 | R16: =O16/L16 -> 0.908 | S16: =R26 -> 0.93678124 | T16: 0.29166667 | U16: 0.33333333 | W16: =(U16-T16)*24*60 -> 60 | AF16: =N16-K16 -> -207 | AG16: =N16/K16 -> 0.908 | AH16: =AG26 -> 0.93535787
B17: 義大利麵 | D17: 蒜香奶油蝦蝦義大利麵 | F17: =VLOOKUP(D17,廠價表!$C$1:$E$43,3,0) -> 57.21 | G17: 1949 | H17: =F17*G17 -> 111502.29 | J17: =VLOOKUP(D17,產線配置圖!$A$3:$C$40,2,0) -> 17 | K17: =VLOOKUP(D17,產線配置圖!$A$3:$C$40,3,0) -> 2250 | L17: =K17/J17 -> 132.35294 | M17: 17 | N17: =G17/W17*60 -> 2051.5789 | O17: =N17/M17 -> 120.68111 | P17: =M17-J17 -> 0 | Q17: =O17-L17 -> -11.671827 | R17: =O17/L17 -> 0.91181287 | T17: 0.34861111 | U17: 0.38819444 | V17: =(T17-U16)*24*60 -> 22 | W17: =(U17-T17)*24*60 -> 57 | AF17: =N17-K17 -> -198.42105 | AG17: =N17/K17 -> 0.91181287
B18: 義大利麵 | D18: 義式辣味嫩烤雞腿排義大利麵 | F18: =VLOOKUP(D18,廠價表!$C$1:$E$43,3,0) -> 56.61 | G18: 1256 | H18: =F18*G18 -> 71102.16 | J18: =VLOOKUP(D18,產線配置圖!$A$3:$C$40,2,0) -> 15 | K18: =VLOOKUP(D18,產線配置圖!$A$3:$C$40,3,0) -> 2250 | L18: =K18/J18 -> 150 | M18: 15 | N18: =G18/W18*60 -> 2093.3333 | O18: =N18/M18 -> 139.55556 | P18: =M18-J18 -> 0 | Q18: =O18-L18 -> -10.444444 | R18: =O18/L18 -> 0.93037037 | T18: 0.39513889 | U18: 0.42013889 | V18: =(T18-U17)*24*60 -> 10 | W18: =(U18-T18)*24*60 -> 36 | AF18: =N18-K18 -> -156.66667 | AG18: =N18/K18 -> 0.93037037
B19: 義大利麵 | D19: 義式蕃茄起司義大利麵 | F19: =VLOOKUP(D19,廠價表!$C$1:$E$43,3,0) -> 50.39 | G19: 2727 | H19: =F19*G19 -> 137413.53 | J19: =VLOOKUP(D19,產線配置圖!$A$3:$C$40,2,0) -> 13 | K19: =VLOOKUP(D19,產線配置圖!$A$3:$C$40,3,0) -> 2250 | L19: =K19/J19 -> 173.07692 | M19: 13 | N19: =G19/W19*60 -> 2124.9351 | O19: =N19/M19 -> 163.45654 | P19: =M19-J19 -> 0 | Q19: =O19-L19 -> -9.6203796 | R19: =O19/L19 -> 0.94441558 | T19: 0.42569444 | U19: 0.47916667 | V19: =(T19-U18)*24*60 -> 8 | W19: =(U19-T19)*24*60 -> 77 | AF19: =N19-K19 -> -125.06494 | AG19: =N19/K19 -> 0.94441558
B20: 義大利麵 | D20: 義式蕃茄起司義大利麵 | F20: =VLOOKUP(D20,廠價表!$C$1:$E$43,3,0) -> 50.39 | G20: 1466 | H20: =F20*G20 -> 73871.74 | J20: =VLOOKUP(D20,產線配置圖!$A$3:$C$40,2,0) -> 13 | K20: =VLOOKUP(D20,產線配置圖!$A$3:$C$40,3,0) -> 2250 | L20: =K20/J20 -> 173.07692 | M20: 13 | N20: =G20/W20*60 -> 2199 | O20: =N20/M20 -> 169.15385 | P20: =M20-J20 -> 0 | Q20: =O20-L20 -> -3.9230769 | R20: =O20/L20 -> 0.97733333 | T20: 0.54166667 | U20: 0.56944444 | V20: =(T20-U19)*24*60 -> 90 | W20: =(U20-T20)*24*60 -> 40
B21: 義大利麵 | D21: 青醬蛤蜊義大利麵 | F21: =VLOOKUP(D21,廠價表!$C$1:$E$43,3,0) -> 50.67 | G21: 1093 | H21: =F21*G21 -> 55382.31 | J21: =VLOOKUP(D21,產線配置圖!$A$3:$C$40,2,0) -> 14 | K21: =VLOOKUP(D21,產線配置圖!$A$3:$C$40,3,0) -> 2250 | L21: =K21/J21 -> 160.71429 | M21: 14 | N21: =G21/W21*60 -> 2115.4839 | O21: =N21/M21 -> 151.10599 | P21: =M21-J21 -> 0 | Q21: =O21-L21 -> -9.6082949 | R21: =O21/L21 -> 0.94021505 | T21: 0.57638889 | U21: 0.59791667 | V21: =(T21-U20)*24*60 -> 10 | W21: =(U21-T21)*24*60 -> 31
W22: 0
W23: =(U23-T23)*24*60 -> 0
H24: =F24*G24 -> 0 | W24: =(U24-T24)*24*60 -> 0
H25: =F25*G25 -> 0 | W25: =(U25-T25)*24*60 -> 0
C26: 4度二組A | D26: 平均 | J26: =AVERAGE(J16:J25) -> 14.333333 | K26: =AVERAGE(K16:K25) -> 2250 | L26: =AVERAGE(L16:L25) -> 158.32256 | M26: =AVERAGE(M16:M25) -> 14.333333 | N26: =AVERAGE(N16:N25) -> 2104.5552 | O26: =AVERAGE(O16:O25) -> 148.3136 | P26: =M26-J26 -> 0 | Q26: =O26-L26 -> -10.008956 | R26: =O26/L26 -> 0.93678124 | Z26: =SUM(Z16:Z25) -> 0 | AA26: =SUM(AA16:AA25) -> 0 | AD26: =SUM(AD16:AD25) -> 0 | AE26: =SUM(AE16:AE25) -> 0 | AF26: =N26-K26 -> -145.4448 | AG26: =N26/K26 -> 0.93535787
A27: 手工三線 (ET-55) | B27: 義大利麵 | D27: 焗烤起司肉醬筆尖麵 | F27: =VLOOKUP(D27,廠價表!$C$1:$E$43,3,0) -> 50.67 | G27: 1561 | H27: =F27*G27 -> 79095.87 | J27: =VLOOKUP(D27,產線配置圖!$A$3:$C$40,2,0) -> 13 | K27: =VLOOKUP(D27,產線配置圖!$A$3:$C$40,3,0) -> 1440 | L27: =K27/J27 -> 110.76923 | M27: 13 | N27: =G27/W27*60 -> 1357.3913 | O27: =N27/M27 -> 104.41472 | P27: =M27-J27 -> 0 | Q27: =O27-L27 -> -6.3545151 | R27: =O27/L27 -> 0.94263285 | S27: =R37 -> 0.79369225 | T27: 0.28819444 | U27: 0.33611111 | W27: =(U27-T27)*24*60 -> 69 | AF27: =N27-K27 -> -82.608696 | AG27: =N27/K27 -> 0.94263285 | AH27: =AG37 -> 0.76761822
B28: 義大利麵 | D28: 整條德式香腸義大利麵 | F28: =VLOOKUP(D28,廠價表!$C$1:$E$43,3,0) -> 57.21 | G28: 1028 | H28: =F28*G28 -> 58811.88 | J28: =VLOOKUP(D28,產線配置圖!$A$3:$C$40,2,0) -> 18 | K28: =VLOOKUP(D28,產線配置圖!$A$3:$C$40,3,0) -> 1565 | L28: =K28/J28 -> 86.944444 | M28: 18 | N28: =G28/W28*60 -> 1063.4483 | O28: =N28/M28 -> 59.08046 | P28: =M28-J28 -> 0 | Q28: =O28-L28 -> -27.863985 | R28: =O28/L28 -> 0.67951967 | T28: 0.34166667 | U28: 0.38194444 | V28: =(T28-U27)*24*60 -> 8 | W28: =(U28-T28)*24*60 -> 58 | Z28: 1 | AA28: 10 | AB28: 08:15-08:25封膜異常，收150盒 | AF28: =N28-K28 -> -501.55172 | AG28: =N28/K28 -> 0.67951967
B29: 義大利麵 | D29: 奶油鮮蝦明太子細扁麵 | F29: =VLOOKUP(D29,廠價表!$C$1:$E$43,3,0) -> 57.21 | G29: 1221 | H29: =F29*G29 -> 69853.41 | J29: =VLOOKUP(D29,產線配置圖!$A$3:$C$40,2,0) -> 18 | K29: =VLOOKUP(D29,產線配置圖!$A$3:$C$40,3,0) -> 1636 | L29: =K29/J29 -> 90.888889 | M29: 18 | N29: =G29/W29*60 -> 1017.5 | O29: =N29/M29 -> 56.527778 | P29: =M29-J29 -> 0 | Q29: =O29-L29 -> -34.361111 | R29: =O29/L29 -> 0.62194377 | T29: 0.42916667 | U29: 0.47916667 | V29: =(T29-U28)*24*60 -> 68 | W29: =(U29-T29)*24*60 -> 72 | Z29: 4 | AA29: 11 | AB29: 10:23-10:24、10:50-10:53、10:54-10:58、11:06-11:09封膜異常共收222盒 | AF29: =N29-K29 -> -618.5 | AG29: =N29/K29 -> 0.62194377
B30: 義大利麵 | D30: 奶油鮮蝦明太子細扁麵 | F30: =VLOOKUP(D30,廠價表!$C$1:$E$43,3,0) -> 57.21 | G30: 2829 | H30: =F30*G30 -> 161847.09 | J30: =VLOOKUP(D30,產線配置圖!$A$3:$C$40,2,0) -> 18 | K30: =VLOOKUP(D30,產線配置圖!$A$3:$C$40,3,0) -> 1636 | L30: =K30/J30 -> 90.888889 | M30: 17 | N30: =G30/W30*60 -> 1380 | O30: =N30/M30 -> 81.176471 | P30: =M30-J30 -> -1 | Q30: =O30-L30 -> -9.7124183 | R30: =O30/L30 -> 0.89313965 | T30: 0.53472222 | U30: 0.62013889 | V30: =(T30-U29)*24*60 -> 80 | W30: =(U30-T30)*24*60 -> 123 | AF30: =N30-K30 -> -256 | AG30: =N30/K30 -> 0.84352078
W31: =(U31-T31)*24*60 -> 0 | AF31: =N31-K31 -> 0 | AG31: =N31/K31 -> #DIV/0!
W32: =(U32-T32)*24*60 -> 0
W33: =(U33-T33)*24*60 -> 0
W34: =(U34-T34)*24*60 -> 0
W35: =(U35-T35)*24*60 -> 0
H36: =F36*G36 -> 0 | W36: =(U36-T36)*24*60 -> 0
C37: 4度二組B | D37: 平均 | J37: =AVERAGE(J27:J36) -> 16.75 | K37: =AVERAGE(K27:K36) -> 1569.25 | L37: =AVERAGE(L27:L36) -> 94.872863 | M37: =AVERAGE(M27:M36) -> 16.5 | N37: =AVERAGE(N27:N36) -> 1204.5849 | O37: =AVERAGE(O27:O36) -> 75.299856 | P37: =M37-J37 -> -0.25 | Q37: =N37-K37 -> -364.6651 | R37: =O37/L37 -> 0.79369225 | Z37: =SUM(Z27:Z36) -> 5 | AA37: =SUM(AA27:AA36) -> 21 | AD37: =SUM(AD27:AD36) -> 0 | AE37: =SUM(AE27:AE36) -> 0 | AF37: =N37-K37 -> -364.6651 | AG37: =N37/K37 -> 0.76761822
A38: 手工四線 (ET-55) | B38: 熱乾麵 | D38: 青花椒麻雞肉拌麵 | F38: =VLOOKUP(D38,廠價表!$C$1:$E$43,3,0) -> 49.91 | G38: 2353 | H38: =F38*G38 -> 117438.23 | J38: =VLOOKUP(D38,產線配置圖!$A$3:$C$40,2,0) -> 15 | K38: =VLOOKUP(D38,產線配置圖!$A$3:$C$40,3,0) -> 1714 | L38: =K38/J38 -> 114.26667 | M38: 14 | N38: =G38/W38*60 -> 1411.8 | O38: =N38/M38 -> 100.84286 | P38: =M38-J38 -> -1 | Q38: =O38-L38 -> -13.42381 | R38: =O38/L38 -> 0.88252209 | S38: =R48 -> 0.8589511 | T38: 0.33333333 | U38: 0.40277778 | W38: =(U38-T38)*24*60 -> 100 | AF38: =N38-K38 -> -302.2 | AG38: =N38/K38 -> 0.82368728 | AH38: =AG48 -> 0.82140719
B39: 熱乾麵 | D39: 府城鹽水意麵 | F39: =VLOOKUP(D39,廠價表!$C$1:$E$43,3,0) -> 44.3 | G39: 2267 | H39: =F39*G39 -> 100428.1 | J39: =VLOOKUP(D39,產線配置圖!$A$3:$C$40,2,0) -> 17 | K39: =VLOOKUP(D39,產線配置圖!$A$3:$C$40,3,0) -> 1636 | L39: =K39/J39 -> 96.235294 | M39: 16 | N39: =G39/W39*60 -> 1295.4286 | O39: =N39/M39 -> 80.964286 | P39: =M39-J39 -> -1 | Q39: =O39-L39 -> -15.271008 | R39: =O39/L39 -> 0.84131593 | T39: 0.40972222 | U39: 0.48263889 | V39: =(T39-U38)*24*60 -> 10 | W39: =(U39-T39)*24*60 -> 105 | AF39: =N39-K39 -> -340.57143 | AG39: =N39/K39 -> 0.79182676
B40: 熱乾麵 | D40: 府城鹽水意麵 | F40: =VLOOKUP(D40,廠價表!$C$1:$E$43,3,0) -> 44.3 | G40: 1504 | H40: =F40*G40 -> 66627.2 | J40: =VLOOKUP(D40,產線配置圖!$A$3:$C$40,2,0) -> 17 | K40: =VLOOKUP(D40,產線配置圖!$A$3:$C$40,3,0) -> 1636 | L40: =K40/J40 -> 96.235294 | M40: 17 | N40: =G40/W40*60 -> 1388.3077 | O40: =N40/M40 -> 81.665158 | P40: =M40-J40 -> 0 | Q40: =O40-L40 -> -14.570136 | R40: =O40/L40 -> 0.84859883 | T40: 0.54166667 | U40: 0.58680556 | V40: =(T40-U39)*24*60 -> 85 | W40: =(U40-T40)*24*60 -> 65 | AF40: =N40-K40 -> -247.69231 | AG40: =N40/K40 -> 0.84859883
W41: =(U41-T41)*24*60 -> 0 | AF41: =N41-K41 -> 0 | AG41: =N41/K41 -> #DIV/0!
W42: =(U42-T42)*24*60 -> 0
W43: =(U43-T43)*24*60 -> 0
W44: =(U44-T44)*24*60 -> 0
W45: =(U45-T45)*24*60 -> 0
W46: =(U46-T46)*24*60 -> 0
H47: =F47*G47 -> 0 | W47: =(U47-T47)*24*60 -> 0
C48: 4度二組C1 | D48: 平均 | J48: =AVERAGE(J38:J47) -> 16.333333 | K48: =AVERAGE(K38:K47) -> 1662 | L48: =AVERAGE(L38:L47) -> 102.24575 | M48: =AVERAGE(M38:M47) -> 15.666667 | N48: =AVERAGE(N38:N47) -> 1365.1788 | O48: =AVERAGE(O38:O47) -> 87.8241 | P48: =M48-J48 -> -0.66666667 | Q48: =N48-K48 -> -296.82125 | R48: =O48/L48 -> 0.8589511 | W48: =(U48-T48)*24*60 -> 0 | Z48: =SUM(Z38:Z47) -> 0 | AA48: =SUM(AA38:AA47) -> 0 | AD48: =SUM(AD38:AD47) -> 0 | AE48: =SUM(AE38:AE47) -> 0 | AF48: =N48-K48 -> -296.82125 | AG48: =N48/K48 -> 0.82140719
A49: 手工五線 (ET-55) | B49: 熱乾麵 | D49: 沙茶豬肉炒麵 | F49: =VLOOKUP(D49,廠價表!$C$1:$E$43,3,0) -> 49.52 | G49: 2156 | H49: =F49*G49 -> 106765.12 | J49: =VLOOKUP(D49,產線配置圖!$A$3:$C$40,2,0) -> 17 | K49: =VLOOKUP(D49,產線配置圖!$A$3:$C$40,3,0) -> 1800 | L49: =K49/J49 -> 105.88235 | M49: 17 | N49: =G49/W49*60 -> 1486.8966 | O49: =N49/M49 -> 87.464503 | P49: =M49-J49 -> 0 | Q49: =O49-L49 -> -18.41785 | R49: =O49/L49 -> 0.82605364 | S49: =R58 -> 0.87745627 | T49: 0.29027778 | U49: 0.35069444 | W49: =(U49-T49)*24*60 -> 87 | AF49: =N49-K49 -> -313.10345 | AG49: =N49/K49 -> 0.82605364 | AH49: =AG58 -> 0.87956851
B50: 義大利麵 | D50: 焗烤起司雙饗筆尖麵 | F50: =VLOOKUP(D50,廠價表!$C$1:$E$43,3,0) -> 49.97 | G50: 2173 | H50: =F50*G50 -> 108584.81 | J50: =VLOOKUP(D50,產線配置圖!$A$3:$C$40,2,0) -> 16 | K50: =VLOOKUP(D50,產線配置圖!$A$3:$C$40,3,0) -> 1800 | L50: =K50/J50 -> 112.5 | M50: 16 | N50: =G50/W50*60 -> 1570.8434 | O50: =N50/M50 -> 98.177711 | P50: =M50-J50 -> 0 | Q50: =O50-L50 -> -14.322289 | R50: =O50/L50 -> 0.87269076 | T50: 0.35625 | U50: 0.41388889 | V50: =(T50-U49)*24*60 -> 8 | W50: =(U50-T50)*24*60 -> 83 | AF50: =N50-K50 -> -229.15663 | AG50: =N50/K50 -> 0.87269076
B51: 義大利麵 | D51: 黑松露野菇義大利麵 | F51: =VLOOKUP(D51,廠價表!$C$1:$E$43,3,0) -> 50.289 | G51: 1369 | H51: =F51*G51 -> 68845.641 | J51: =VLOOKUP(D51,產線配置圖!$A$3:$C$40,2,0) -> 18 | K51: =VLOOKUP(D51,產線配置圖!$A$3:$C$40,3,0) -> 1565 | L51: =K51/J51 -> 86.944444 | M51: 18 | N51: =G51/W51*60 -> 1466.7857 | O51: =N51/M51 -> 81.488095 | P51: =M51-J51 -> 0 | Q51: =O51-L51 -> -5.4563492 | R51: =O51/L51 -> 0.93724327 | T51: 0.42083333 | U51: 0.45972222 | V51: =(T51-U50)*24*60 -> 10 | W51: =(U51-T51)*24*60 -> 56 | AF51: =N51-K51 -> -98.214286 | AG51: =N51/K51 -> 0.93724327
B52: 義大利麵 | D52: 黑松露野菇義大利麵 | F52: =VLOOKUP(D52,廠價表!$C$1:$E$43,3,0) -> 50.289 | G52: 1494 | H52: =F52*G52 -> 75131.766 | J52: =VLOOKUP(D52,產線配置圖!$A$3:$C$40,2,0) -> 18 | K52: =VLOOKUP(D52,產線配置圖!$A$3:$C$40,3,0) -> 1565 | L52: =K52/J52 -> 86.944444 | M52: 18 | N52: =G52/W52*60 -> 1494 | O52: =N52/M52 -> 83 | P52: =M52-J52 -> 0 | Q52: =O52-L52 -> -3.9444444 | R52: =O52/L52 -> 0.95463259 | T52: 0.51388889 | U52: 0.55555556 | V52: =(T52-U51)*24*60 -> 78 | W52: =(U52-T52)*24*60 -> 60 | AF52: =N52-K52 -> -71 | AG52: =N52/K52 -> 0.95463259
B53: 義大利麵 | D53: 焗烤起司雙饗筆尖麵 | F53: =VLOOKUP(D53,廠價表!$C$1:$E$43,3,0) -> 49.97 | G53: 2382 | H53: =F53*G53 -> 119028.54 | J53: =VLOOKUP(D53,產線配置圖!$A$3:$C$40,2,0) -> 16 | K53: =VLOOKUP(D53,產線配置圖!$A$3:$C$40,3,0) -> 1800 | L53: =K53/J53 -> 112.5 | M53: 16 | N53: =G53/W53*60 -> 1536.7742 | O53: =N53/M53 -> 96.048387 | P53: =M53-J53 -> 0 | Q53: =O53-L53 -> -16.451613 | R53: =O53/L53 -> 0.85376344 | T53: 0.56041667 | U53: 0.625 | V53: =(T53-U52)*24*60 -> 7 | W53: =(U53-T53)*24*60 -> 93 | AF53: =N53-K53 -> -263.22581 | AG53: =N53/K53 -> 0.85376344
B54: 熱乾麵 | D54: 青花椒麻雞肉拌麵 | F54: =VLOOKUP(D54,廠價表!$C$1:$E$43,3,0) -> 49.91 | G54: 679 | H54: =F54*G54 -> 33888.89 | J54: =VLOOKUP(D54,產線配置圖!$A$3:$C$40,2,0) -> 15 | K54: =VLOOKUP(D54,產線配置圖!$A$3:$C$40,3,0) -> 1714 | L54: =K54/J54 -> 114.26667 | M54: 15 | N54: =G54/W54*60 -> 1455 | O54: =N54/M54 -> 97 | P54: =M54-J54 -> 0 | Q54: =O54-L54 -> -17.266667 | R54: =O54/L54 -> 0.84889148 | T54: 0.63194444 | U54: 0.65138889 | V54: =(T54-U53)*24*60 -> 10 | W54: =(U54-T54)*24*60 -> 28
W55: =(U55-T55)*24*60 -> 0
W56: =(U56-T56)*24*60 -> 0
W57: =(U57-T57)*24*60 -> 0
C58: 4度二組C2 | D58: 平均 | J58: =AVERAGE(J49:J57) -> 16.666667 | K58: =AVERAGE(K49:K57) -> 1707.3333 | L58: =AVERAGE(L49:L57) -> 103.17298 | M58: =AVERAGE(M49:M57) -> 16.666667 | N58: =AVERAGE(N49:N57) -> 1501.7166 | O58: =AVERAGE(O49:O57) -> 90.529783 | P58: =M58-J58 -> 0 | Q58: =N58-K58 -> -205.61669 | R58: =O58/L58 -> 0.87745627 | Z58: =SUM(Z49:Z57) -> 0 | AA58: =SUM(AA49:AA57) -> 0 | AD58: =SUM(AD49:AD57) -> 0 | AE58: =SUM(AE49:AE57) -> 0 | AF58: =N58-K58 -> -205.61669 | AG58: =N58/K58 -> 0.87956851
A59: 調理包一線 (八爪機) | B59: 小吃、微波 | D59: 小滷青蔬 | F59: =VLOOKUP(D59,廠價表!$C$1:$E$43,3,0) -> 26.99 | G59: 3310 | H59: =F59*G59 -> 89336.9 | J59: =VLOOKUP(D59,產線配置圖!$A$3:$C$40,2,0) -> 15 | K59: =VLOOKUP(D59,產線配置圖!$A$3:$C$40,3,0) -> 1565 | L59: =K59/J59 -> 104.33333 | M59: 15 | N59: =G59/W59*60 -> 1527.6923 | O59: =N59/M59 -> 101.84615 | P59: =M59-J59 -> 0 | Q59: =O59-L59 -> -2.4871795 | R59: =O59/L59 -> 0.97616122 | S59: =R69 -> 0.87982385 | T59: 0.29166667 | U59: 0.38194444 | W59: =(U59-T59)*24*60 -> 130 | AF59: =N59-K59 -> -37.307692 | AG59: =N59/K59 -> 0.97616122 | AH59: =AG69 -> 0.88754394
B60: 小吃、微波 | D60: 起司馬鈴薯 | F60: =VLOOKUP(D60,廠價表!$C$1:$E$43,3,0) -> 28.26 | G60: 1843 | H60: =F60*G60 -> 52083.18 | J60: =VLOOKUP(D60,產線配置圖!$A$3:$C$40,2,0) -> 12 | K60: =VLOOKUP(D60,產線配置圖!$A$3:$C$40,3,0) -> 1565 | L60: =K60/J60 -> 130.41667 | M60: 12 | N60: =G60/W60*60 -> 1474.4 | O60: =N60/M60 -> 122.86667 | P60: =M60-J60 -> 0 | Q60: =O60-L60 -> -7.55 | R60: =O60/L60 -> 0.94210863 | T60: 0.38888889 | U60: 0.44097222 | V60: =(T60-U59)*24*60 -> 10 | W60: =(U60-T60)*24*60 -> 75 | AF60: =N60-K60 -> -90.6 | AG60: =N60/K60 -> 0.94210863
B61: 小吃、微波 | D61: 韓式炒冬粉 | F61: =VLOOKUP(D61,廠價表!$C$1:$E$43,3,0) -> 28.26 | G61: 1475 | H61: =F61*G61 -> 41683.5 | J61: =VLOOKUP(D61,產線配置圖!$A$3:$C$40,2,0) -> 11 | K61: =VLOOKUP(D61,產線配置圖!$A$3:$C$40,3,0) -> 1565 | L61: =K61/J61 -> 142.27273 | M61: 11 | N61: =G61/W61*60 -> 1264.2857 | O61: =N61/M61 -> 114.93506 | P61: =M61-J61 -> 0 | Q61: =O61-L61 -> -27.337662 | R61: =O61/L61 -> 0.8078503 | T61: 0.44791667 | U61: 0.49652778 | V61: =(T61-U60)*24*60 -> 10 | W61: =(U61-T61)*24*60 -> 70 | AF61: =N61-K61 -> -300.71429 | AG61: =N61/K61 -> 0.8078503
B62: 小吃、微波 | D62: 韓式炒冬粉 | F62: =VLOOKUP(D62,廠價表!$C$1:$E$43,3,0) -> 28.26 | G62: 1827 | H62: =F62*G62 -> 51631.02 | J62: =VLOOKUP(D62,產線配置圖!$A$3:$C$40,2,0) -> 11 | K62: =VLOOKUP(D62,產線配置圖!$A$3:$C$40,3,0) -> 1565 | L62: =K62/J62 -> 142.27273 | M62: 11 | N62: =G62/W62*60 -> 1289.6471 | O62: =N62/M62 -> 117.24064 | P62: =M62-J62 -> 0 | Q62: =O62-L62 -> -25.032086 | R62: =O62/L62 -> 0.82405563 | T62: 0.54861111 | U62: 0.60763889 | V62: =(T62-U61)*24*60 -> 75 | W62: =(U62-T62)*24*60 -> 85 | AF62: =N62-K62 -> -275.35294 | AG62: =N62/K62 -> 0.82405563
W63: =(U63-T63)*24*60 -> 0
W64: =(U64-T64)*24*60 -> 0
W65: =(U65-T65)*24*60 -> 0
W66: =(U66-T66)*24*60 -> 0
W67: =(U67-T67)*24*60 -> 0
H68: =F68*G68 -> 0 | W68: =(U68-T68)*24*60 -> 0
C69: 4度三組 | D69: 平均 | J69: =AVERAGE(J59:J68) -> 12.25 | K69: =AVERAGE(K59:K68) -> 1565 | L69: =AVERAGE(L59:L68) -> 129.82386 | M69: =AVERAGE(M59:M68) -> 12.25 | N69: =AVERAGE(N59:N68) -> 1389.0063 | O69: =AVERAGE(O59:O68) -> 114.22213 | P69: =M69-J69 -> 0 | Q69: =N69-K69 -> -175.99373 | R69: =O69/L69 -> 0.87982385 | Z69: =SUM(Z59:Z68) -> 0 | AA69: =SUM(AA59:AA68) -> 0 | AD69: =SUM(AD59:AD68) -> 0 | AE69: =SUM(AE59:AE68) -> 0 | AF69: =N69-K69 -> -175.99373 | AG69: =N69/K69 -> 0.88754394
A70: 調理包二線 (手工) | S70: =R79 -> 0 | W70: =(U70-T70)*24*60 -> 0 | AF70: =N70-K70 -> 0 | AG70: =N70/K70 -> #DIV/0! | AH70: =AG79 -> #DIV/0!
W71: =(U71-T71)*24*60 -> 0 | AF71: -300.3125 | AG71: 0.80810703
W72: =(U72-T72)*24*60 -> 0 | AF72: -130.33333 | AG72: 0.91671991
W73: =(U73-T73)*24*60 -> 0
W74: =(U74-T74)*24*60 -> 0
W75: =(U75-T75)*24*60 -> 0
W76: =(U76-T76)*24*60 -> 0
W77: =(U77-T77)*24*60 -> 0
W78: =(U78-T78)*24*60 -> 0
Z79: =SUM(Z70:Z78) -> 0 | AA79: =SUM(AA70:AA78) -> 0 | AD79: =SUM(AD70:AD78) -> 0 | AE79: =SUM(AE70:AE78) -> 0 | AF79: =N79-K79 -> 0 | AG79: =N79/K79 -> #DIV/0!
AJ80: 1.當日出勤人數較多
AJ81: 2.當日出勤人數較少
AJ82: 3.當日出勤熟手較少
AJ83: 4.當日出勤新人較多
AJ84: 5.機台夾盒
AJ85: 6.封膜不順
AJ86: 7.更換膠膜
AJ87: 8.更換碳帶
AJ88: 9.當日熱轉印碳帶異常
AJ89: 10.訂單量過少
AJ90: 11.新品上市，尚未熟悉
AJ91: 12.商品結構，產能較低
AJ92: 13.區域出貨，分段生產

Sheet 0607總
B1: 長家廠組合室生產人時性分析
B3: 日期 | D3: 46180 | F3: 訂單量 | G3: ='0607'!E1 -> 68143 | I3: 營業額 | J3: ='0607'!G1 -> 3263929.2
B4: 項目 | D4: 3 | F4: ➀ | H4: ➁ | J4: ③ | L4: 異常停線 | N4: 短暫停線
B5: 人時性 | D5: 組合室 | F5: 全溫層 | H5: 義大利麵 | J5: 袋裝小吃、義麵 | L5: 合計次數 | M5: 時間 | N5: 合計次數 | O5: 設備次數
D6: 排關平均 | F6: =AVERAGE(D13:I13) -> 122.55668 | H6: =AVERAGE(D13:H13) -> 122.12286 | J6: =AVERAGE(I13) -> 124.72576 | L6: =SUM(D18:J18) -> 3 | M6: =SUM(D19:J19) -> 23 | N6: =SUM(D20:J20) -> 0 | O6: =SUM(D20:J20) -> 0
D7: 實績平均 | F7: =AVERAGE(D14:I14) -> 110.78729 | H7: =AVERAGE(D14:H14) -> 110.96255 | J7: =AVERAGE(I14) -> 109.91101 | L7: =AVERAGE(K14:L14) -> #DIV/0! | M7: =AVERAGE(L14:M14) -> #DIV/0! | N7: =AVERAGE(M14:N14) -> #DIV/0! | O7: =AVERAGE(N14:O14) -> #DIV/0!
D8: 達成率平均 | F8: =F7/F6 -> 0.90396779 | H8: =H7/H6 -> 0.90861402 | J8: =J7/J6 -> 0.88122146 | L8: =AVERAGE(K15:L15) -> #DIV/0! | M8: =AVERAGE(L15:M15) -> #DIV/0! | N8: =AVERAGE(M15:N15) -> #DIV/0! | O8: =AVERAGE(N15:O15) -> #DIV/0!
J9: ※現行日本鮮食廠以達成率80%為基本(即為現行KPI)
B10: 溫層 | D10: 4度C-各編組展開
B11: 編組 | D11: 1 | E11: 2 | F11: 3 | G11: 4 | H11: 5 | I11: 6 | J11: 7
D12: 自動1線 | E12: 自動2線 | F12: 手工3線 | G12: 手工4線 | H12: 手工5線 | I12: 調理包1線 | J12: 調理包2線
B13: 人時性 | C13: 排關 | D13: =VALUE('0607'!L15) -> 150 | E13: =VALUE('0607'!L26) -> 158.32256 | F13: =VALUE('0607'!L37) -> 96.086526 | G13: =VALUE('0607'!L48) -> 105.25098 | H13: =VALUE('0607'!L58) -> 100.95425 | I13: =VALUE('0607'!L69) -> 124.72576 | J13: ='0607'!L79 -> 0
C14: 實績 | D14: =VALUE('0607'!O15) -> 140.27985 | E14: =VALUE('0607'!O26) -> 148.35735 | F14: =VALUE('0607'!O37) -> 78.511312 | G14: =VALUE('0607'!O48) -> 94.491702 | H14: =VALUE('0607'!O58) -> 93.172515 | I14: =VALUE('0607'!O69) -> 109.91101 | J14: ='0607'!O79 -> 0
C15: 達成率 | D15: =D14/D13 -> 0.935199 | E15: =E14/E13 -> 0.93705755 | F15: =F14/F13 -> 0.81708971 | G15: =G14/G13 -> 0.89777503 | H15: =H14/H13 -> 0.92291822 | I15: =I14/I13 -> 0.88122146 | J15: ='0607'!S70 -> 0
B16: 作業 時間 | C16: 開始 | D16: ='0607'!T5 -> 0.37083333 | E16: ='0607'!T16 -> 0.29305556 | F16: ='0607'!T27 -> 0.29166667 | G16: ='0607'!T38 -> 0.33333333 | H16: ='0607'!T49 -> 0.28888889 | I16: ='0607'!T59 -> 0.29166667 | J16: ='0607'!T70 -> 0
C17: 結束 | D17: 0.72083333 | E17: 0.66944444 | F17: 0.64652778 | G17: 0.69444444 | H17: 0.6875 | I17: 0.67638889 | J17: 0
B18: 產線異常 (5分鐘以上) | C18: 次數 | D18: ='0607'!Z15 -> 0 | E18: ='0607'!Z26 -> 0 | F18: ='0607'!Z37 -> 3 | G18: ='0607'!Z48 -> 0 | H18: ='0607'!Z58 -> 0 | I18: ='0607'!Z69 -> 0 | J18: ='0607'!AA79 -> 0
C19: 時間/分 | D19: ='0607'!AA15 -> 0 | E19: ='0607'!AA26 -> 0 | F19: ='0607'!AA37 -> 23 | G19: ='0607'!AA48 -> 0 | H19: ='0607'!AA58 -> 0 | I19: ='0607'!AA69 -> 0 | J19: ='0607'!AB79 -> 0
B20: 短暫停線 (5分鐘以下) | C20: 次數 | D20: ='0607'!AD15 -> 0 | E20: ='0607'!AD26 -> 0 | F20: ='0607'!AD37 -> 0 | G20: ='0607'!AD48 -> 0 | H20: ='0607'!AD58 -> 0 | I20: ='0607'!AD69 -> 0 | J20: ='0607'!AD79 -> 0
C21: 設備次數 | D21: ='0607'!AE15 -> 0 | E21: ='0607'!AE26 -> 0 | F21: ='0607'!AE37 -> 0 | G21: ='0607'!AE48 -> 0 | H21: ='0607'!AE58 -> 0 | I21: ='0607'!AE69 -> 0 | J21: ='0607'!AE79 -> 0
B22: 配置人數 | D22: =VALUE('0607'!M15) -> 15 | E22: =VALUE('0607'!M26) -> 14.166667 | F22: =VALUE('0607'!M37) -> 16.8 | G22: =VALUE('0607'!M48) -> 16 | H22: =VALUE('0607'!M58) -> 16.8 | I22: =VALUE('0607'!M69) -> 12.8 | J22: ='0607'!M79 -> 0
B23: 主要應用設備 | D23: ET-600 | E23: ET-600 | F23: ET-55 | G23: ET-55 | H23: ET-55 | I23: 八爪機 | J23: 八爪機
B24: 次要應用設備 | H24: 封口機 | J24: 封口機
B25: 備註

Sheet 0607
A1: 長家廠4度C日報分析 | D1: 總生產量 | E1: =SUM(G5:G79) -> 68143 | F1: 營業額 | G1: =SUM(H5:H79) -> 3263929.2 | H1: 出勤人數 | I1: =M15+M26+M48+M58+M69+M79+M37 -> 91.566667 | J1: 產線配置圖 | M1: 生產實績 | P1: 人時性差異分析 | T1: 日報登錄 | Z1: 合計 次數 | AA1: 合計 時間/分 | AB1: 分析說明 | AD1: 合計 次數 | AE1: 合計 設備次數 | AF1: 產能差異分析
A2: 06月07日 星期日 | D2: 人時性 | E2: =AVERAGE(O15,O26,O37,O48,O58,O69,O79) -> 110.78729 | F2: 平均廠價 | G2: =G1/E1 -> 47.898232 | H2: 多次生產數 | I2: =COUNT(I5:I79) -> 0 | Z2: =Z15+Z26+Z37+Z48+Z58+Z69+Z79 -> 3 | AA2: =AA15+AA26+AA37+AA48+AA58+AA69+AA79 -> 23 | AD2: =AD15+AD26+AD37+AD48+AD58+AD69+AD79 -> 0 | AE2: =AE15+AE26+AE37+AE48+AE58+AE69+AE79 -> 0
A3: 線別 | B3: 品類 | D3: 品名 | F3: 廠價 | G3: 生產量 | H3: 營收 | I3: 多次 生產 | J3: 人數 | K3: 產能/時 | L3: 人時性 | M3: 人數 | N3: 產能/時 | O3: 人時性 | P3: 人數 | Q3: 人時性 | R3: 達成率 | S3: 達成率平均 | T3: 生產時間 | V3: 前置、換線時間/分 | W3: 稼動時間/分 | X3: 休息時間 | Z3: 產線異常統計 (5分鐘以上) | AD3: 短暫停線統計 (5分鐘以下) | AF3: 產能/時 | AG3: 達成率 | AH3: 達成率平均
T4: 開始 | U4: 結束 | X4: 開始 | Y4: 結束 | Z4: 次數 | AA4: 時間/分 | AD4: 總次數 | AE4: 設備因素(次數)
A5: 自動一線 (ET-600) | B5: 義大利麵 | D5: 白酒清炒鮮蛤義大利麵 | F5: =VLOOKUP(D5,廠價表!$C$1:$E$43,3,0) -> 56.87 | G5: 1018 | H5: =F5*G5 -> 57893.66 | J5: =VLOOKUP(D5,產線配置圖!$A$3:$C$40,2,0) -> 15 | K5: =VLOOKUP(D5,產線配置圖!$A$3:$C$40,3,0) -> 2250 | L5: =K5/J5 -> 150 | M5: 15 | N5: =G5/W5*60 -> 2106.2069 | O5: =N5/M5 -> 140.41379 | P5: =M5-J5 -> 0 | Q5: =O5-L5 -> -9.5862069 | R5: =O5/L5 -> 0.93609195 | S5: =R15 -> 0.935199 | T5: 0.37083333 | U5: 0.39097222 | W5: =(U5-T5)*24*60 -> 29 | AB5: 07:00-08:20自動封膜機異常，貼標、08:20-08:54封膜異常請工務排除 | AF5: =N5-K5 -> -143.7931 | AG5: =N5/K5 -> 0.93609195 | AH5: =AG15 -> 0.935199
B6: 義大利麵 | D6: 香煎魚排佐檸檬奶油義大利麵 | F6: =VLOOKUP(D6,廠價表!$C$1:$E$43,3,0) -> 58.17 | G6: 2187 | H6: =F6*G6 -> 127217.79 | J6: =VLOOKUP(D6,產線配置圖!$A$3:$C$40,2,0) -> 15 | K6: =VLOOKUP(D6,產線配置圖!$A$3:$C$40,3,0) -> 2250 | L6: =K6/J6 -> 150 | M6: 15 | N6: =G6/W6*60 -> 2116.4516 | O6: =N6/M6 -> 141.09677 | P6: =M6-J6 -> 0 | Q6: =O6-L6 -> -8.9032258 | R6: =O6/L6 -> 0.94064516 | T6: 0.39722222 | U6: 0.44027778 | V6: =(T6-U5)*24*60 -> 9 | W6: =(U6-T6)*24*60 -> 62 | AF6: =N6-K6 -> -133.54839 | AG6: =N6/K6 -> 0.94064516
B7: 義大利麵 | D7: 奶油培根義大利麵 | F7: =VLOOKUP(D7,廠價表!$C$1:$E$43,3,0) -> 49.14 | G7: 2608 | H7: =F7*G7 -> 128157.12 | J7: =VLOOKUP(D7,產線配置圖!$A$3:$C$40,2,0) -> 15 | K7: =VLOOKUP(D7,產線配置圖!$A$3:$C$40,3,0) -> 2250 | L7: =K7/J7 -> 150 | M7: 15 | N7: =G7/W7*60 -> 2143.5616 | O7: =N7/M7 -> 142.90411 | P7: =M7-J7 -> 0 | Q7: =O7-L7 -> -7.0958904 | R7: =O7/L7 -> 0.95269406 | T7: 0.44583333 | U7: 0.49652778 | V7: =(T7-U6)*24*60 -> 8 | W7: =(U7-T7)*24*60 -> 73 | AF7: =N7-K7 -> -106.43836 | AG7: =N7/K7 -> 0.95269406
B8: 義大利麵 | D8: 奶油培根義大利麵 | F8: =VLOOKUP(D8,廠價表!$C$1:$E$43,3,0) -> 49.14 | G8: 2523 | H8: =F8*G8 -> 123980.22 | J8: =VLOOKUP(D8,產線配置圖!$A$3:$C$40,2,0) -> 15 | K8: =VLOOKUP(D8,產線配置圖!$A$3:$C$40,3,0) -> 2250 | L8: =K8/J8 -> 150 | M8: 15 | N8: =G8/W8*60 -> 2073.6986 | O8: =N8/M8 -> 138.24658 | P8: =M8-J8 -> 0 | Q8: =O8-L8 -> -11.753425 | R8: =O8/L8 -> 0.92164384 | T8: 0.55625 | U8: 0.60694444 | V8: =(T8-U7)*24*60 -> 86 | W8: =(U8-T8)*24*60 -> 73 | AF8: =N8-K8 -> -176.30137 | AG8: =N8/K8 -> 0.92164384
B9: 義大利麵 | D9: 香煎魚排佐檸檬奶油義大利麵 | F9: =VLOOKUP(D9,廠價表!$C$1:$E$43,3,0) -> 58.17 | G9: 1732 | H9: =F9*G9 -> 100750.44 | J9: =VLOOKUP(D9,產線配置圖!$A$3:$C$40,2,0) -> 15 | K9: =VLOOKUP(D9,產線配置圖!$A$3:$C$40,3,0) -> 2250 | L9: =K9/J9 -> 150 | M9: 15 | N9: =G9/W9*60 -> 2120.8163 | O9: =N9/M9 -> 141.38776 | P9: =M9-J9 -> 0 | Q9: =O9-L9 -> -8.6122449 | R9: =O9/L9 -> 0.94258503 | T9: 0.61319444 | U9: 0.64722222 | V9: =(T9-U8)*24*60 -> 9 | W9: =(U9-T9)*24*60 -> 49 | AF9: =N9-K9 -> -129.18367 | AG9: =N9/K9 -> 0.94258503
B10: 義大利麵 | D10: 白酒清炒鮮蛤義大利麵 | F10: =VLOOKUP(D10,廠價表!$C$1:$E$43,3,0) -> 56.87 | G10: 1585 | H10: =F10*G10 -> 90138.95 | J10: =VLOOKUP(D10,產線配置圖!$A$3:$C$40,2,0) -> 15 | K10: =VLOOKUP(D10,產線配置圖!$A$3:$C$40,3,0) -> 2250 | L10: =K10/J10 -> 150 | M10: 15 | N10: =G10/W10*60 -> 2211.6279 | O10: =N10/M10 -> 147.44186 | P10: =M10-J10 -> 0 | Q10: =O10-L10 -> -2.5581395 | R10: =O10/L10 -> 0.98294574 | T10: 0.65277778 | U10: 0.68263889 | V10: =(T10-U9)*24*60 -> 8 | W10: =(U10-T10)*24*60 -> 43 | AF10: =N10-K10 -> -38.372093 | AG10: =N10/K10 -> 0.98294574
B11: 義大利麵 | D11: 奶油培根義大利麵 | F11: =VLOOKUP(D11,廠價表!$C$1:$E$43,3,0) -> 49.14 | G11: 1533 | H11: =F11*G11 -> 75331.62 | J11: =VLOOKUP(D11,產線配置圖!$A$3:$C$40,2,0) -> 15 | K11: =VLOOKUP(D11,產線配置圖!$A$3:$C$40,3,0) -> 2250 | L11: =K11/J11 -> 150 | M11: 15 | N11: =G11/W11*60 -> 1957.0213 | O11: =N11/M11 -> 130.46809 | P11: =M11-J11 -> 0 | Q11: =O11-L11 -> -19.531915 | R11: =O11/L11 -> 0.86978723 | T11: 0.68819444 | U11: 0.72083333 | V11: =(T11-U10)*24*60 -> 8 | W11: =(U11-T11)*24*60 -> 47 | AF11: =N11-K11 -> -292.97872 | AG11: =N11/K11 -> 0.86978723
W12: =(U12-T12)*24*60 -> 0
W13: =(U13-T13)*24*60 -> 0
W14: =(U14-T14)*24*60 -> 0
C15: 4度一組 | D15: 平均 | J15: =AVERAGE(J5:J14) -> 15 | K15: =AVERAGE(K5:K14) -> 2250 | L15: =AVERAGE(L5:L14) -> 150 | M15: =AVERAGE(M5:M14) -> 15 | N15: =AVERAGE(N5:N14) -> 2104.1978 | O15: =AVERAGE(O5:O14) -> 140.27985 | P15: =M15-J15 -> 0 | Q15: =O15-L15 -> -9.7201496 | R15: =O15/L15 -> 0.935199 | Z15: =SUM(Z5:Z14) -> 0 | AA15: =SUM(AA5:AA14) -> 0 | AD15: =SUM(AD5:AD14) -> 0 | AE15: =SUM(AE5:AE14) -> 0 | AF15: =N15-K15 -> -145.80224 | AG15: =N15/K15 -> 0.935199
A16: 自動二線 (ET-600) | B16: 義大利麵 | D16: 青醬蛤蜊義大利麵 | F16: =VLOOKUP(D16,廠價表!$C$1:$E$43,3,0) -> 50.67 | G16: 2520 | H16: =F16*G16 -> 127688.4 | J16: =VLOOKUP(D16,產線配置圖!$A$3:$C$40,2,0) -> 14 | K16: =VLOOKUP(D16,產線配置圖!$A$3:$C$40,3,0) -> 2250 | L16: =K16/J16 -> 160.71429 | M16: 14 | N16: =G16/W16*60 -> 2129.5775 | O16: =N16/M16 -> 152.11268 | P16: =M16-J16 -> 0 | Q16: =O16-L16 -> -8.6016097 | R16: =O16/L16 -> 0.94647887 | S16: =R26 -> 0.93705755 | T16: 0.29305556 | U16: 0.34236111 | W16: =(U16-T16)*24*60 -> 71 | AF16: =N16-K16 -> -120.42254 | AG16: =N16/K16 -> 0.94647887 | AH16: =AG26 -> 0.92493123
B17: 義大利麵 | D17: 蒜香奶油蝦蝦義大利麵 | F17: =VLOOKUP(D17,廠價表!$C$1:$E$43,3,0) -> 57.21 | G17: 2314 | H17: =F17*G17 -> 132383.94 | J17: =VLOOKUP(D17,產線配置圖!$A$3:$C$40,2,0) -> 17 | K17: =VLOOKUP(D17,產線配置圖!$A$3:$C$40,3,0) -> 2250 | L17: =K17/J17 -> 132.35294 | M17: 17 | N17: =G17/W17*60 -> 2072.2388 | O17: =N17/M17 -> 121.8964 | P17: =M17-J17 -> 0 | Q17: =O17-L17 -> -10.456541 | R17: =O17/L17 -> 0.92099502 | T17: 0.34930556 | U17: 0.39583333 | V17: =(T17-U16)*24*60 -> 10 | W17: =(U17-T17)*24*60 -> 67 | AF17: =N17-K17 -> -177.76119 | AG17: =N17/K17 -> 0.92099502
B18: 義大利麵 | D18: 義式辣味嫩烤雞腿排義大利麵 | F18: =VLOOKUP(D18,廠價表!$C$1:$E$43,3,0) -> 56.61 | G18: 1375 | H18: =F18*G18 -> 77838.75 | J18: =VLOOKUP(D18,產線配置圖!$A$3:$C$40,2,0) -> 15 | K18: =VLOOKUP(D18,產線配置圖!$A$3:$C$40,3,0) -> 2250 | L18: =K18/J18 -> 150 | M18: 15 | N18: =G18/W18*60 -> 2062.5 | O18: =N18/M18 -> 137.5 | P18: =M18-J18 -> 0 | Q18: =O18-L18 -> -12.5 | R18: =O18/L18 -> 0.91666667 | T18: 0.40277778 | U18: 0.43055556 | V18: =(T18-U17)*24*60 -> 10 | W18: =(U18-T18)*24*60 -> 40 | AF18: =N18-K18 -> -187.5 | AG18: =N18/K18 -> 0.91666667
B19: 義大利麵 | D19: 義式蕃茄起司義大利麵 | F19: =VLOOKUP(D19,廠價表!$C$1:$E$43,3,0) -> 50.39 | G19: 1840 | H19: =F19*G19 -> 92717.6 | J19: =VLOOKUP(D19,產線配置圖!$A$3:$C$40,2,0) -> 13 | K19: =VLOOKUP(D19,產線配置圖!$A$3:$C$40,3,0) -> 2250 | L19: =K19/J19 -> 173.07692 | M19: 13 | N19: =G19/W19*60 -> 2007.2727 | O19: =N19/M19 -> 154.40559 | P19: =M19-J19 -> 0 | Q19: =O19-L19 -> -18.671329 | R19: =O19/L19 -> 0.89212121 | T19: 0.4375 | U19: 0.47569444 | V19: =(T19-U18)*24*60 -> 10 | W19: =(U19-T19)*24*60 -> 55 | AF19: =N19-K19 -> -242.72727 | AG19: =N19/K19 -> 0.89212121
B20: 義大利麵 | D20: 義式蕃茄起司義大利麵 | F20: =VLOOKUP(D20,廠價表!$C$1:$E$43,3,0) -> 50.39 | G20: 3943 | H20: =F20*G20 -> 198687.77 | J20: =VLOOKUP(D20,產線配置圖!$A$3:$C$40,2,0) -> 13 | K20: =VLOOKUP(D20,產線配置圖!$A$3:$C$40,3,0) -> 2250 | L20: =K20/J20 -> 173.07692 | M20: 13 | N20: =G20/W20*60 -> 2150.7273 | O20: =N20/M20 -> 165.44056 | P20: =M20-J20 -> 0 | Q20: =O20-L20 -> -7.6363636 | R20: =O20/L20 -> 0.95587879 | T20: 0.55208333 | U20: 0.62847222 | V20: =(T20-U19)*24*60 -> 110 | W20: =(U20-T20)*24*60 -> 110
B21: 義大利麵 | D21: 青醬蛤蜊義大利麵 | F21: =VLOOKUP(D21,廠價表!$C$1:$E$43,3,0) -> 50.67 | G21: 1617 | H21: =F21*G21 -> 81933.39 | J21: =VLOOKUP(D21,產線配置圖!$A$3:$C$40,2,0) -> 14 | K21: =VLOOKUP(D21,產線配置圖!$A$3:$C$40,3,0) -> 2250 | L21: =K21/J21 -> 160.71429 | M21: 13 | N21: =G21/W21*60 -> 2064.2553 | O21: =N21/M21 -> 158.78887 | P21: =M21-J21 -> -1 | Q21: =O21-L21 -> -1.925415 | R21: =O21/L21 -> 0.98801964 | T21: 0.63680556 | U21: 0.66944444 | V21: =(T21-U20)*24*60 -> 12 | W21: =(U21-T21)*24*60 -> 47
W22: 0
W23: =(U23-T23)*24*60 -> 0
H24: =F24*G24 -> 0 | W24: =(U24-T24)*24*60 -> 0
H25: =F25*G25 -> 0 | W25: =(U25-T25)*24*60 -> 0
C26: 4度二組A | D26: 平均 | J26: =AVERAGE(J16:J25) -> 14.333333 | K26: =AVERAGE(K16:K25) -> 2250 | L26: =AVERAGE(L16:L25) -> 158.32256 | M26: =AVERAGE(M16:M25) -> 14.166667 | N26: =AVERAGE(N16:N25) -> 2081.0953 | O26: =AVERAGE(O16:O25) -> 148.35735 | P26: =M26-J26 -> -0.16666667 | Q26: =O26-L26 -> -9.9652096 | R26: =O26/L26 -> 0.93705755 | Z26: =SUM(Z16:Z25) -> 0 | AA26: =SUM(AA16:AA25) -> 0 | AD26: =SUM(AD16:AD25) -> 0 | AE26: =SUM(AE16:AE25) -> 0 | AF26: =N26-K26 -> -168.90474 | AG26: =N26/K26 -> 0.92493123
A27: 手工三線 (ET-55) | B27: 義大利麵 | D27: 整條德式香腸義大利麵 | F27: =VLOOKUP(D27,廠價表!$C$1:$E$43,3,0) -> 57.21 | G27: 982 | H27: =F27*G27 -> 56180.22 | J27: =VLOOKUP(D27,產線配置圖!$A$3:$C$40,2,0) -> 18 | K27: =VLOOKUP(D27,產線配置圖!$A$3:$C$40,3,0) -> 1565 | L27: =K27/J27 -> 86.944444 | M27: 18 | N27: =G27/W27*60 -> 1178.4 | O27: =N27/M27 -> 65.466667 | P27: =M27-J27 -> 0 | Q27: =O27-L27 -> -21.477778 | R27: =O27/L27 -> 0.75297125 | S27: =R37 -> 0.81708971 | T27: 0.29166667 | U27: 0.32638889 | W27: =(U27-T27)*24*60 -> 50 | Z27: 1 | AA27: 10 | AB27: 7:20-7:30熱轉印異常,收籃170盒 | AF27: =N27-K27 -> -386.6 | AG27: =N27/K27 -> 0.75297125 | AH27: =AG37 -> 0.80818024
B28: 義大利麵 | D28: 焗烤起司肉醬筆尖麵 | F28: =VLOOKUP(D28,廠價表!$C$1:$E$43,3,0) -> 50.67 | G28: 1771 | H28: =F28*G28 -> 89736.57 | J28: =VLOOKUP(D28,產線配置圖!$A$3:$C$40,2,0) -> 13 | K28: =VLOOKUP(D28,產線配置圖!$A$3:$C$40,3,0) -> 1440 | L28: =K28/J28 -> 110.76923 | M28: 13 | N28: =G28/W28*60 -> 1362.3077 | O28: =N28/M28 -> 104.7929 | P28: =M28-J28 -> 0 | Q28: =O28-L28 -> -5.9763314 | R28: =O28/L28 -> 0.94604701 | T28: 0.33125 | U28: 0.38541667 | V28: =(T28-U27)*24*60 -> 7 | W28: =(U28-T28)*24*60 -> 78 | AF28: =N28-K28 -> -77.692308 | AG28: =N28/K28 -> 0.94604701
B29: 義大利麵 | D29: 奶油鮮蝦明太子細扁麵 | F29: =VLOOKUP(D29,廠價表!$C$1:$E$43,3,0) -> 57.21 | G29: 2141 | H29: =F29*G29 -> 122486.61 | J29: =VLOOKUP(D29,產線配置圖!$A$3:$C$40,2,0) -> 18 | K29: =VLOOKUP(D29,產線配置圖!$A$3:$C$40,3,0) -> 1636 | L29: =K29/J29 -> 90.888889 | M29: 18 | N29: =G29/W29*60 -> 1284.6 | O29: =N29/M29 -> 71.366667 | P29: =M29-J29 -> 0 | Q29: =O29-L29 -> -19.522222 | R29: =O29/L29 -> 0.78520782 | T29: 0.39027778 | U29: 0.45972222 | V29: =(T29-U28)*24*60 -> 7 | W29: =(U29-T29)*24*60 -> 100 | Z29: 1 | AA29: 5 | AB29: 9:25-9:30熱轉印異常,收籃120盒 | AF29: =N29-K29 -> -351.4 | AG29: =N29/K29 -> 0.78520782
B30: 義大利麵 | D30: 白酒清炒鮮蛤義大利麵 | F30: =VLOOKUP(D30,廠價表!$C$1:$E$43,3,0) -> 56.87 | G30: 979 | H30: =F30*G30 -> 55675.73 | J30: 17 | K30: 1716 | L30: =K30/J30 -> 100.94118 | M30: 17 | N30: =G30/W30*60 -> 1398.5714 | O30: =N30/M30 -> 82.268908 | P30: =M30-J30 -> 0 | Q30: =O30-L30 -> -18.672269 | R30: =O30/L30 -> 0.81501832 | T30: 0.52222222 | U30: 0.55138889 | V30: =(T30-U29)*24*60 -> 90 | W30: =(U30-T30)*24*60 -> 42 | AB30: 生產數量少 | AF30: =N30-K30 -> -317.42857 | AG30: =N30/K30 -> 0.81501832
B31: 義大利麵 | D31: 奶油鮮蝦明太子細扁麵 | F31: =VLOOKUP(D31,廠價表!$C$1:$E$43,3,0) -> 57.21 | G31: 2616 | H31: =F31*G31 -> 149661.36 | J31: =VLOOKUP(D31,產線配置圖!$A$3:$C$40,2,0) -> 18 | K31: =VLOOKUP(D31,產線配置圖!$A$3:$C$40,3,0) -> 1636 | L31: =K31/J31 -> 90.888889 | M31: 18 | N31: =G31/W31*60 -> 1235.9055 | O31: =N31/M31 -> 68.661417 | P31: =M31-J31 -> 0 | Q31: =O31-L31 -> -22.227472 | R31: =O31/L31 -> 0.75544347 | T31: 0.55833333 | U31: 0.64652778 | V31: =(T31-U30)*24*60 -> 10 | W31: =(U31-T31)*24*60 -> 127 | Z31: 1 | AA31: 8 | AB31: 13:58-14:06包裝機異常,收籃240盒 | AF31: =N31-K31 -> -400.09449 | AG31: =N31/K31 -> 0.75544347
W32: =(U32-T32)*24*60 -> 0
W33: =(U33-T33)*24*60 -> 0
W34: =(U34-T34)*24*60 -> 0
W35: =(U35-T35)*24*60 -> 0
H36: =F36*G36 -> 0 | W36: =(U36-T36)*24*60 -> 0
C37: 4度二組B | D37: 平均 | J37: =AVERAGE(J27:J36) -> 16.8 | K37: =AVERAGE(K27:K36) -> 1598.6 | L37: =AVERAGE(L27:L36) -> 96.086526 | M37: =AVERAGE(M27:M36) -> 16.8 | N37: =AVERAGE(N27:N36) -> 1291.9569 | O37: =AVERAGE(O27:O36) -> 78.511312 | P37: =M37-J37 -> 0 | Q37: =N37-K37 -> -306.64307 | R37: =O37/L37 -> 0.81708971 | Z37: =SUM(Z27:Z36) -> 3 | AA37: =SUM(AA27:AA36) -> 23 | AD37: =SUM(AD27:AD36) -> 0 | AE37: =SUM(AE27:AE36) -> 0 | AF37: =N37-K37 -> -306.64307 | AG37: =N37/K37 -> 0.80818024
A38: 手工四線 (ET-55) | B38: 熱乾麵 | D38: 青花椒麻雞肉拌麵 | F38: =VLOOKUP(D38,廠價表!$C$1:$E$43,3,0) -> 49.91 | G38: 2729 | H38: =F38*G38 -> 136204.39 | J38: =VLOOKUP(D38,產線配置圖!$A$3:$C$40,2,0) -> 15 | K38: =VLOOKUP(D38,產線配置圖!$A$3:$C$40,3,0) -> 1714 | L38: =K38/J38 -> 114.26667 | M38: 15 | N38: =G38/W38*60 -> 1559.4286 | O38: =N38/M38 -> 103.9619 | P38: =M38-J38 -> 0 | Q38: =O38-L38 -> -10.304762 | R38: =O38/L38 -> 0.9098183 | S38: =R48 -> 0.89777503 | T38: 0.33333333 | U38: 0.40625 | W38: =(U38-T38)*24*60 -> 105 | AF38: =N38-K38 -> -154.57143 | AG38: =N38/K38 -> 0.9098183 | AH38: =AG48 -> 0.89530028
B39: 熱乾麵 | D39: 府城鹽水意麵 | F39: =VLOOKUP(D39,廠價表!$C$1:$E$43,3,0) -> 44.3 | G39: 1831 | H39: =F39*G39 -> 81113.3 | J39: =VLOOKUP(D39,產線配置圖!$A$3:$C$40,2,0) -> 17 | K39: =VLOOKUP(D39,產線配置圖!$A$3:$C$40,3,0) -> 1636 | L39: =K39/J39 -> 96.235294 | M39: 17 | N39: =G39/W39*60 -> 1373.25 | O39: =N39/M39 -> 80.779412 | P39: =M39-J39 -> 0 | Q39: =O39-L39 -> -15.455882 | R39: =O39/L39 -> 0.83939487 | T39: 0.41666667 | U39: 0.47222222 | V39: =(T39-U38)*24*60 -> 15 | W39: =(U39-T39)*24*60 -> 80 | AF39: =N39-K39 -> -262.75 | AG39: =N39/K39 -> 0.83939487
B40: 熱乾麵 | D40: 府城鹽水意麵 | F40: =VLOOKUP(D40,廠價表!$C$1:$E$43,3,0) -> 44.3 | G40: 4270 | H40: =F40*G40 -> 189161 | J40: =VLOOKUP(D40,產線配置圖!$A$3:$C$40,2,0) -> 17 | K40: =VLOOKUP(D40,產線配置圖!$A$3:$C$40,3,0) -> 1636 | L40: =K40/J40 -> 96.235294 | M40: 17 | N40: =G40/W40*60 -> 1423.3333 | O40: =N40/M40 -> 83.72549 | P40: =M40-J40 -> 0 | Q40: =O40-L40 -> -12.509804 | R40: =O40/L40 -> 0.87000815 | T40: 0.53472222 | U40: 0.65972222 | V40: =(T40-U39)*24*60 -> 90 | W40: =(U40-T40)*24*60 -> 180 | AF40: =N40-K40 -> -212.66667 | AG40: =N40/K40 -> 0.87000815
B41: 熱乾麵 | D41: 青花椒麻雞肉拌麵 | F41: =VLOOKUP(D41,廠價表!$C$1:$E$43,3,0) -> 49.91 | G41: 1095 | H41: =F41*G41 -> 54651.45 | J41: =VLOOKUP(D41,產線配置圖!$A$3:$C$40,2,0) -> 15 | K41: =VLOOKUP(D41,產線配置圖!$A$3:$C$40,3,0) -> 1714 | L41: =K41/J41 -> 114.26667 | M41: 15 | N41: =G41/W41*60 -> 1642.5 | O41: =N41/M41 -> 109.5 | P41: =M41-J41 -> 0 | Q41: =O41-L41 -> -4.7666667 | R41: =O41/L41 -> 0.95828471 | T41: 0.66666667 | U41: 0.69444444 | V41: =(T41-U40)*24*60 -> 10 | W41: =(U41-T41)*24*60 -> 40 | AF41: =N41-K41 -> -71.5 | AG41: =N41/K41 -> 0.95828471
W42: =(U42-T42)*24*60 -> 0
W43: =(U43-T43)*24*60 -> 0
W44: =(U44-T44)*24*60 -> 0
W45: =(U45-T45)*24*60 -> 0
W46: =(U46-T46)*24*60 -> 0
H47: =F47*G47 -> 0 | W47: =(U47-T47)*24*60 -> 0
C48: 4度二組C1 | D48: 平均 | J48: =AVERAGE(J38:J47) -> 16 | K48: =AVERAGE(K38:K47) -> 1675 | L48: =AVERAGE(L38:L47) -> 105.25098 | M48: =AVERAGE(M38:M47) -> 16 | N48: =AVERAGE(N38:N47) -> 1499.628 | O48: =AVERAGE(O38:O47) -> 94.491702 | P48: =M48-J48 -> 0 | Q48: =N48-K48 -> -175.37202 | R48: =O48/L48 -> 0.89777503 | W48: =(U48-T48)*24*60 -> 0 | Z48: =SUM(Z38:Z47) -> 0 | AA48: =SUM(AA38:AA47) -> 0 | AD48: =SUM(AD38:AD47) -> 0 | AE48: =SUM(AE38:AE47) -> 0 | AF48: =N48-K48 -> -175.37202 | AG48: =N48/K48 -> 0.89530028
A49: 手工五線 (ET-55) | B49: 熱乾麵 | D49: 沙茶豬肉炒麵 | F49: =VLOOKUP(D49,廠價表!$C$1:$E$43,3,0) -> 49.52 | G49: 2559 | H49: =F49*G49 -> 126721.68 | J49: =VLOOKUP(D49,產線配置圖!$A$3:$C$40,2,0) -> 17 | K49: =VLOOKUP(D49,產線配置圖!$A$3:$C$40,3,0) -> 1800 | L49: =K49/J49 -> 105.88235 | M49: 16 | N49: =G49/W49*60 -> 1490.6796 | O49: =N49/M49 -> 93.167476 | P49: =M49-J49 -> -1 | Q49: =O49-L49 -> -12.714877 | R49: =O49/L49 -> 0.87991505 | S49: =R58 -> 0.92291822 | T49: 0.28888889 | U49: 0.36041667 | W49: =(U49-T49)*24*60 -> 103 | AF49: =N49-K49 -> -309.32039 | AG49: =N49/K49 -> 0.82815534 | AH49: =AG58 -> 0.91255145
B50: 義大利麵 | D50: 焗烤起司雙饗筆尖麵 | F50: =VLOOKUP(D50,廠價表!$C$1:$E$43,3,0) -> 49.97 | G50: 2685 | H50: =F50*G50 -> 134169.45 | J50: =VLOOKUP(D50,產線配置圖!$A$3:$C$40,2,0) -> 16 | K50: =VLOOKUP(D50,產線配置圖!$A$3:$C$40,3,0) -> 1800 | L50: =K50/J50 -> 112.5 | M50: 16 | N50: =G50/W50*60 -> 1643.8776 | O50: =N50/M50 -> 102.74235 | P50: =M50-J50 -> 0 | Q50: =O50-L50 -> -9.7576531 | R50: =O50/L50 -> 0.91326531 | T50: 0.36527778 | U50: 0.43333333 | V50: =(T50-U49)*24*60 -> 7 | W50: =(U50-T50)*24*60 -> 98 | AF50: =N50-K50 -> -156.12245 | AG50: =N50/K50 -> 0.91326531
B51: 義大利麵 | D51: 黑松露野菇義大利麵 | F51: =VLOOKUP(D51,廠價表!$C$1:$E$43,3,0) -> 50.289 | G51: 778 | H51: =F51*G51 -> 39124.842 | J51: =VLOOKUP(D51,產線配置圖!$A$3:$C$40,2,0) -> 18 | K51: =VLOOKUP(D51,產線配置圖!$A$3:$C$40,3,0) -> 1565 | L51: =K51/J51 -> 86.944444 | M51: 18 | N51: =G51/W51*60 -> 1505.8065 | O51: =N51/M51 -> 83.655914 | P51: =M51-J51 -> 0 | Q51: =O51-L51 -> -3.2885305 | R51: =O51/L51 -> 0.96217665 | T51: 0.43819444 | U51: 0.45972222 | V51: =(T51-U50)*24*60 -> 7 | W51: =(U51-T51)*24*60 -> 31 | AF51: =N51-K51 -> -59.193548 | AG51: =N51/K51 -> 0.96217665
B52: 義大利麵 | D52: 黑松露野菇義大利麵 | F52: =VLOOKUP(D52,廠價表!$C$1:$E$43,3,0) -> 50.289 | G52: 2982 | H52: =F52*G52 -> 149961.8 | J52: =VLOOKUP(D52,產線配置圖!$A$3:$C$40,2,0) -> 18 | K52: =VLOOKUP(D52,產線配置圖!$A$3:$C$40,3,0) -> 1565 | L52: =K52/J52 -> 86.944444 | M52: 18 | N52: =G52/W52*60 -> 1466.5574 | O52: =N52/M52 -> 81.47541 | P52: =M52-J52 -> 0 | Q52: =O52-L52 -> -5.4690346 | R52: =O52/L52 -> 0.93709737 | T52: 0.51041667 | U52: 0.59513889 | V52: =(T52-U51)*24*60 -> 73 | W52: =(U52-T52)*24*60 -> 122 | AF52: =N52-K52 -> -98.442623 | AG52: =N52/K52 -> 0.93709737
B53: 義大利麵 | D53: 焗烤起司雙饗筆尖麵 | F53: =VLOOKUP(D53,廠價表!$C$1:$E$43,3,0) -> 49.97 | G53: 3522 | H53: =F53*G53 -> 175994.34 | J53: =VLOOKUP(D53,產線配置圖!$A$3:$C$40,2,0) -> 16 | K53: =VLOOKUP(D53,產線配置圖!$A$3:$C$40,3,0) -> 1800 | L53: =K53/J53 -> 112.5 | M53: 16 | N53: =G53/W53*60 -> 1677.1429 | O53: =N53/M53 -> 104.82143 | P53: =M53-J53 -> 0 | Q53: =O53-L53 -> -7.6785714 | R53: =O53/L53 -> 0.93174603 | T53: 0.6 | U53: 0.6875 | V53: =(T53-U52)*24*60 -> 7 | W53: =(U53-T53)*24*60 -> 126 | AF53: =N53-K53 -> -122.85714 | AG53: =N53/K53 -> 0.93174603
W54: =(U54-T54)*24*60 -> 0
W55: =(U55-T55)*24*60 -> 0
W56: =(U56-T56)*24*60 -> 0
W57: =(U57-T57)*24*60 -> 0
C58: 4度二組C2 | D58: 平均 | J58: =AVERAGE(J49:J57) -> 17 | K58: =AVERAGE(K49:K57) -> 1706 | L58: =AVERAGE(L49:L57) -> 100.95425 | M58: =AVERAGE(M49:M57) -> 16.8 | N58: =AVERAGE(N49:N57) -> 1556.8128 | O58: =AVERAGE(O49:O57) -> 93.172515 | P58: =M58-J58 -> -0.2 | Q58: =N58-K58 -> -149.18723 | R58: =O58/L58 -> 0.92291822 | Z58: =SUM(Z49:Z57) -> 0 | AA58: =SUM(AA49:AA57) -> 0 | AD58: =SUM(AD49:AD57) -> 0 | AE58: =SUM(AE49:AE57) -> 0 | AF58: =N58-K58 -> -149.18723 | AG58: =N58/K58 -> 0.91255145
A59: 調理包一線 (八爪機) | B59: 小吃、微波 | D59: 小滷青蔬 | F59: =VLOOKUP(D59,廠價表!$C$1:$E$43,3,0) -> 26.99 | G59: 3078 | H59: =F59*G59 -> 83075.22 | J59: =VLOOKUP(D59,產線配置圖!$A$3:$C$40,2,0) -> 15 | K59: =VLOOKUP(D59,產線配置圖!$A$3:$C$40,3,0) -> 1565 | L59: =K59/J59 -> 104.33333 | M59: 15 | N59: =G59/W59*60 -> 1477.44 | O59: =N59/M59 -> 98.496 | P59: =M59-J59 -> 0 | Q59: =O59-L59 -> -5.8373333 | R59: =O59/L59 -> 0.94405112 | S59: =R69 -> 0.88122146 | T59: 0.29166667 | U59: 0.37847222 | W59: =(U59-T59)*24*60 -> 125 | AF59: =N59-K59 -> -87.56 | AG59: =N59/K59 -> 0.94405112 | AH59: =AG69 -> 0.88241976
B60: 小吃、微波 | D60: 起司馬鈴薯 | F60: =VLOOKUP(D60,廠價表!$C$1:$E$43,3,0) -> 28.26 | G60: 2164 | H60: =F60*G60 -> 61154.64 | J60: =VLOOKUP(D60,產線配置圖!$A$3:$C$40,2,0) -> 12 | K60: =VLOOKUP(D60,產線配置圖!$A$3:$C$40,3,0) -> 1565 | L60: =K60/J60 -> 130.41667 | M60: 12 | N60: =G60/W60*60 -> 1527.5294 | O60: =N60/M60 -> 127.29412 | P60: =M60-J60 -> 0 | Q60: =O60-L60 -> -3.122549 | R60: =O60/L60 -> 0.97605713 | T60: 0.38541667 | U60: 0.44444444 | V60: =(T60-U59)*24*60 -> 10 | W60: =(U60-T60)*24*60 -> 85 | AF60: =N60-K60 -> -37.470588 | AG60: =N60/K60 -> 0.97605713
B61: 小吃、微波 | D61: 韓式炒冬粉 | F61: =VLOOKUP(D61,廠價表!$C$1:$E$43,3,0) -> 28.26 | G61: 1582 | H61: =F61*G61 -> 44707.32 | J61: =VLOOKUP(D61,產線配置圖!$A$3:$C$40,2,0) -> 11 | K61: =VLOOKUP(D61,產線配置圖!$A$3:$C$40,3,0) -> 1565 | L61: =K61/J61 -> 142.27273 | M61: 11 | N61: =G61/W61*60 -> 1356 | O61: =N61/M61 -> 123.27273 | P61: =M61-J61 -> 0 | Q61: =O61-L61 -> -19 | R61: =O61/L61 -> 0.86645367 | T61: 0.45138889 | U61: 0.5 | V61: =(T61-U60)*24*60 -> 10 | W61: =(U61-T61)*24*60 -> 70 | AF61: =N61-K61 -> -209 | AG61: =N61/K61 -> 0.86645367
B62: 小吃、微波 | D62: 韓式炒冬粉 | F62: =VLOOKUP(D62,廠價表!$C$1:$E$43,3,0) -> 28.26 | G62: 2124 | H62: =F62*G62 -> 60024.24 | J62: =VLOOKUP(D62,產線配置圖!$A$3:$C$40,2,0) -> 11 | K62: =VLOOKUP(D62,產線配置圖!$A$3:$C$40,3,0) -> 1565 | L62: =K62/J62 -> 142.27273 | M62: 11 | N62: =G62/W62*60 -> 1274.4 | O62: =N62/M62 -> 115.85455 | P62: =M62-J62 -> 0 | Q62: =O62-L62 -> -26.418182 | R62: =O62/L62 -> 0.8143131 | T62: 0.55208333 | U62: 0.62152778 | V62: =(T62-U61)*24*60 -> 75 | W62: =(U62-T62)*24*60 -> 100 | AF62: =N62-K62 -> -290.6 | AG62: =N62/K62 -> 0.8143131
B63: 小吃、微波 | D63: 小滷青蔬 | F63: =VLOOKUP(D63,廠價表!$C$1:$E$43,3,0) -> 26.99 | G63: 1460 | H63: =F63*G63 -> 39405.4 | J63: =VLOOKUP(D63,產線配置圖!$A$3:$C$40,2,0) -> 15 | K63: =VLOOKUP(D63,產線配置圖!$A$3:$C$40,3,0) -> 1565 | L63: =K63/J63 -> 104.33333 | M63: 15 | N63: =G63/W63*60 -> 1269.5652 | O63: =N63/M63 -> 84.637681 | P63: =M63-J63 -> 0 | Q63: =O63-L63 -> -19.695652 | R63: =O63/L63 -> 0.81122378 | T63: 0.62847222 | U63: 0.67638889 | V63: =(T63-U62)*24*60 -> 10 | W63: =(U63-T63)*24*60 -> 69
W64: =(U64-T64)*24*60 -> 0
W65: =(U65-T65)*24*60 -> 0
W66: =(U66-T66)*24*60 -> 0
W67: =(U67-T67)*24*60 -> 0
H68: =F68*G68 -> 0 | W68: =(U68-T68)*24*60 -> 0
C69: 4度三組 | D69: 平均 | J69: =AVERAGE(J59:J68) -> 12.8 | K69: =AVERAGE(K59:K68) -> 1565 | L69: =AVERAGE(L59:L68) -> 124.72576 | M69: =AVERAGE(M59:M68) -> 12.8 | N69: =AVERAGE(N59:N68) -> 1380.9869 | O69: =AVERAGE(O59:O68) -> 109.91101 | P69: =M69-J69 -> 0 | Q69: =N69-K69 -> -184.01307 | R69: =O69/L69 -> 0.88122146 | Z69: =SUM(Z59:Z68) -> 0 | AA69: =SUM(AA59:AA68) -> 0 | AD69: =SUM(AD59:AD68) -> 0 | AE69: =SUM(AE59:AE68) -> 0 | AF69: =N69-K69 -> -184.01307 | AG69: =N69/K69 -> 0.88241976
A70: 調理包二線 (手工) | S70: =R79 -> 0 | W70: =(U70-T70)*24*60 -> 0 | AF70: =N70-K70 -> 0 | AG70: =N70/K70 -> #DIV/0! | AH70: =AG79 -> #DIV/0!
W71: =(U71-T71)*24*60 -> 0 | AF71: -300.3125 | AG71: 0.80810703
W72: =(U72-T72)*24*60 -> 0 | AF72: -130.33333 | AG72: 0.91671991
W73: =(U73-T73)*24*60 -> 0
W74: =(U74-T74)*24*60 -> 0
W75: =(U75-T75)*24*60 -> 0
W76: =(U76-T76)*24*60 -> 0
W77: =(U77-T77)*24*60 -> 0
W78: =(U78-T78)*24*60 -> 0
Z79: =SUM(Z70:Z78) -> 0 | AA79: =SUM(AA70:AA78) -> 0 | AD79: =SUM(AD70:AD78) -> 0 | AE79: =SUM(AE70:AE78) -> 0 | AF79: =N79-K79 -> 0 | AG79: =N79/K79 -> #DIV/0!
AJ80: 1.當日出勤人數較多
AJ81: 2.當日出勤人數較少
AJ82: 3.當日出勤熟手較少
AJ83: 4.當日出勤新人較多
AJ84: 5.機台夾盒
AJ85: 6.封膜不順
AJ86: 7.更換膠膜
AJ87: 8.更換碳帶
AJ88: 9.當日熱轉印碳帶異常
AJ89: 10.訂單量過少
AJ90: 11.新品上市，尚未熟悉
AJ91: 12.商品結構，產能較低
AJ92: 13.區域出貨，分段生產

Sheet 0608總
B1: 長家廠組合室生產人時性分析
B3: 日期 | D3: 46181 | F3: 訂單量 | G3: ='0608'!E1 -> 67691 | I3: 營業額 | J3: ='0608'!G1 -> 3243485.4
B4: 項目 | D4: 3 | F4: ➀ | H4: ➁ | J4: ③ | L4: 異常停線 | N4: 短暫停線
B5: 人時性 | D5: 組合室 | F5: 全溫層 | H5: 義大利麵 | J5: 袋裝小吃、義麵 | L5: 合計次數 | M5: 時間 | N5: 合計次數 | O5: 設備次數
D6: 排關平均 | F6: =AVERAGE(D13:I13) -> 122.3544 | H6: =AVERAGE(D13:H13) -> 121.88013 | J6: =AVERAGE(I13) -> 124.72576 | L6: =SUM(D18:J18) -> 3 | M6: =SUM(D19:J19) -> 15 | N6: =SUM(D20:J20) -> 0 | O6: =SUM(D20:J20) -> 0
D7: 實績平均 | F7: =AVERAGE(D14:I14) -> 109.83529 | H7: =AVERAGE(D14:H14) -> 110.47577 | J7: =AVERAGE(I14) -> 106.63286 | L7: =AVERAGE(K14:L14) -> #DIV/0! | M7: =AVERAGE(L14:M14) -> #DIV/0! | N7: =AVERAGE(M14:N14) -> #DIV/0! | O7: =AVERAGE(N14:O14) -> #DIV/0!
D8: 達成率平均 | F8: =F7/F6 -> 0.89768154 | H8: =H7/H6 -> 0.90642972 | J8: =J7/J6 -> 0.85493859 | L8: =AVERAGE(K15:L15) -> #DIV/0! | M8: =AVERAGE(L15:M15) -> #DIV/0! | N8: =AVERAGE(M15:N15) -> #DIV/0! | O8: =AVERAGE(N15:O15) -> #DIV/0!
J9: ※現行日本鮮食廠以達成率80%為基本(即為現行KPI)
B10: 溫層 | D10: 4度C-各編組展開
B11: 編組 | D11: 1 | E11: 2 | F11: 3 | G11: 4 | H11: 5 | I11: 6 | J11: 7
D12: 自動1線 | E12: 自動2線 | F12: 手工3線 | G12: 手工4線 | H12: 手工5線 | I12: 調理包1線 | J12: 調理包2線
B13: 人時性 | C13: 排關 | D13: =VALUE('0608'!L15) -> 150 | E13: =VALUE('0608'!L26) -> 158.32256 | F13: =VALUE('0608'!L37) -> 94.872863 | G13: =VALUE('0608'!L48) -> 105.25098 | H13: =VALUE('0608'!L58) -> 100.95425 | I13: =VALUE('0608'!L69) -> 124.72576 | J13: ='0608'!L79 -> 0
C14: 實績 | D14: =VALUE('0608'!O15) -> 135.80915 | E14: =VALUE('0608'!O26) -> 145.48598 | F14: =VALUE('0608'!O37) -> 83.596065 | G14: =VALUE('0608'!O48) -> 94.900512 | H14: =VALUE('0608'!O58) -> 92.587154 | I14: =VALUE('0608'!O69) -> 106.63286 | J14: ='0608'!O79 -> 0
C15: 達成率 | D15: =D14/D13 -> 0.90539436 | E15: =E14/E13 -> 0.91892132 | F15: =F14/F13 -> 0.88113779 | G15: =G14/G13 -> 0.90165918 | H15: =H14/H13 -> 0.91711994 | I15: =I14/I13 -> 0.85493859 | J15: ='0608'!S70 -> 0
